event_id,timestamp,native_label,device_id,session_id,consent_scope,episode_id
BC-00000,2026-01-01 00:00:04+00:00,0,IOMT-003,S-IOMT-003-0,EHR_READ,EP-IND-00000
BC-00001,2026-01-01 00:00:18+00:00,0,IOMT-046,S-IOMT-046-1,IMAGING,EP-IND-00001
BC-00002,2026-01-01 00:00:30+00:00,0,IOMT-040,S-IOMT-040-2,IMAGING,EP-IND-00002
BC-00003,2026-01-01 00:00:36+00:00,0,IOMT-030,S-IOMT-030-3,EHR_WRITE,EP-IND-00003
BC-00004,2026-01-01 00:00:38+00:00,0,IOMT-016,S-IOMT-016-4,RESEARCH,EP-IND-00004
BC-00005,2026-01-01 00:00:39+00:00,0,IOMT-002,S-IOMT-002-5,RESEARCH,EP-IND-00005
BC-00006,2026-01-01 00:00:52+00:00,0,IOMT-039,S-IOMT-039-6,EHR_WRITE,EP-IND-00006
BC-00007,2026-01-01 00:00:52+00:00,0,IOMT-039,S-IOMT-039-7,EHR_READ,EP-IND-00007
BC-00008,2026-01-01 00:01:02+00:00,0,IOMT-003,S-IOMT-003-8,EHR_READ,EP-IND-00008
BC-00009,2026-01-01 00:01:06+00:00,0,IOMT-013,S-IOMT-013-9,IMAGING,EP-IND-00009
BC-00010,2026-01-01 00:01:13+00:00,0,IOMT-005,S-IOMT-005-10,EHR_READ,EP-IND-00010
BC-00011,2026-01-01 00:01:13+00:00,0,IOMT-027,S-IOMT-027-11,LAB_RESULTS,EP-IND-00011
BC-00012,2026-01-01 00:01:55+00:00,0,IOMT-006,S-IOMT-006-12,EHR_WRITE,EP-IND-00012
BC-00013,2026-01-01 00:01:57+00:00,0,IOMT-012,S-IOMT-012-13,EHR_READ,EP-IND-00013
BC-00014,2026-01-01 00:02:01+00:00,0,IOMT-007,S-IOMT-007-14,RESEARCH,EP-IND-00014
BC-00015,2026-01-01 00:02:03+00:00,0,IOMT-013,S-IOMT-013-15,IMAGING,EP-IND-00015
BC-00016,2026-01-01 00:02:38+00:00,0,IOMT-041,S-IOMT-041-16,RESEARCH,EP-IND-00016
BC-00017,2026-01-01 00:02:41+00:00,0,IOMT-000,S-IOMT-000-17,EHR_WRITE,EP-IND-00017
BC-00018,2026-01-01 00:03:14+00:00,0,IOMT-043,S-IOMT-043-18,LAB_RESULTS,EP-IND-00018
BC-00019,2026-01-01 00:03:20+00:00,0,IOMT-020,S-IOMT-020-19,EHR_READ,EP-IND-00019
BC-00020,2026-01-01 00:03:34+00:00,0,IOMT-048,S-IOMT-048-20,EHR_WRITE,EP-IND-00020
BC-00021,2026-01-01 00:03:34+00:00,0,IOMT-039,S-IOMT-039-21,RESEARCH,EP-IND-00021
BC-00022,2026-01-01 00:03:36+00:00,0,IOMT-026,S-IOMT-026-22,EHR_WRITE,EP-IND-00022
BC-00023,2026-01-01 00:03:36+00:00,0,IOMT-048,S-IOMT-048-23,IMAGING,EP-IND-00023
BC-00024,2026-01-01 00:03:46+00:00,0,IOMT-048,S-IOMT-048-24,IMAGING,EP-IND-00024
BC-00025,2026-01-01 00:03:47+00:00,0,IOMT-030,S-IOMT-030-25,EHR_READ,EP-IND-00025
BC-00026,2026-01-01 00:03:55+00:00,0,IOMT-013,S-IOMT-013-26,EHR_WRITE,EP-IND-00026
BC-00027,2026-01-01 00:03:59+00:00,0,IOMT-015,S-IOMT-015-27,EHR_READ,EP-IND-00027
BC-00028,2026-01-01 00:04:03+00:00,0,IOMT-012,S-IOMT-012-28,RESEARCH,EP-IND-00028
BC-00029,2026-01-01 00:04:06+00:00,0,IOMT-018,S-IOMT-018-29,LAB_RESULTS,EP-IND-00029
BC-00030,2026-01-01 00:03:40+00:00,1,IOMT-COORD-000,S-COORD-000,EHR_READ,EP-COORD-000
BC-00031,2026-01-01 00:04:32+00:00,0,IOMT-041,S-IOMT-041-31,LAB_RESULTS,EP-IND-00031
BC-00032,2026-01-01 00:04:43+00:00,0,IOMT-009,S-IOMT-009-32,LAB_RESULTS,EP-IND-00032
BC-00033,2026-01-01 00:04:43+00:00,0,IOMT-021,S-IOMT-021-33,RESEARCH,EP-IND-00033
BC-00034,2026-01-01 00:04:49+00:00,0,IOMT-005,S-IOMT-005-34,LAB_RESULTS,EP-IND-00034
BC-00035,2026-01-01 00:05:01+00:00,0,IOMT-014,S-IOMT-014-35,EHR_READ,EP-IND-00035
BC-00036,2026-01-01 00:05:02+00:00,0,IOMT-035,S-IOMT-035-36,IMAGING,EP-IND-00036
BC-00037,2026-01-01 00:05:05+00:00,0,IOMT-011,S-IOMT-011-37,EHR_WRITE,EP-IND-00037
BC-00038,2026-01-01 00:05:10+00:00,0,IOMT-034,S-IOMT-034-38,RESEARCH,EP-IND-00038
BC-00039,2026-01-01 00:05:46+00:00,0,IOMT-013,S-IOMT-013-39,IMAGING,EP-IND-00039
BC-00040,2026-01-01 00:05:59+00:00,0,IOMT-026,S-IOMT-026-40,EHR_WRITE,EP-IND-00040
BC-00041,2026-01-01 00:06:13+00:00,0,IOMT-019,S-IOMT-019-41,IMAGING,EP-IND-00041
BC-00042,2026-01-01 00:06:36+00:00,0,IOMT-027,S-IOMT-027-42,RESEARCH,EP-IND-00042
BC-00043,2026-01-01 00:06:55+00:00,0,IOMT-031,S-IOMT-031-43,IMAGING,EP-IND-00043
BC-00044,2026-01-01 00:07:19+00:00,0,IOMT-004,S-IOMT-004-44,EHR_WRITE,EP-IND-00044
BC-00045,2026-01-01 00:07:32+00:00,0,IOMT-031,S-IOMT-031-45,RESEARCH,EP-IND-00045
BC-00046,2026-01-01 00:07:37+00:00,0,IOMT-045,S-IOMT-045-46,LAB_RESULTS,EP-IND-00046
BC-00047,2026-01-01 00:07:51+00:00,0,IOMT-018,S-IOMT-018-47,RESEARCH,EP-IND-00047
BC-00048,2026-01-01 00:07:59+00:00,0,IOMT-036,S-IOMT-036-48,RESEARCH,EP-IND-00048
BC-00049,2026-01-01 00:08:00+00:00,0,IOMT-009,S-IOMT-009-49,IMAGING,EP-IND-00049
BC-00050,2026-01-01 00:08:18+00:00,0,IOMT-013,S-IOMT-013-50,EHR_WRITE,EP-IND-00050
BC-00051,2026-01-01 00:08:21+00:00,0,IOMT-029,S-IOMT-029-51,EHR_READ,EP-IND-00051
BC-00052,2026-01-01 00:08:22+00:00,0,IOMT-010,S-IOMT-010-52,EHR_READ,EP-IND-00052
BC-00053,2026-01-01 00:08:26+00:00,0,IOMT-011,S-IOMT-011-53,IMAGING,EP-IND-00053
BC-00054,2026-01-01 00:08:32+00:00,0,IOMT-003,S-IOMT-003-54,EHR_WRITE,EP-IND-00054
BC-00055,2026-01-01 00:08:32+00:00,0,IOMT-025,S-IOMT-025-55,LAB_RESULTS,EP-IND-00055
BC-00056,2026-01-01 00:08:33+00:00,0,IOMT-010,S-IOMT-010-56,IMAGING,EP-IND-00056
BC-00057,2026-01-01 00:08:41+00:00,0,IOMT-042,S-IOMT-042-57,EHR_READ,EP-IND-00057
BC-00058,2026-01-01 00:08:52+00:00,0,IOMT-018,S-IOMT-018-58,IMAGING,EP-IND-00058
BC-00059,2026-01-01 00:08:54+00:00,0,IOMT-000,S-IOMT-000-59,IMAGING,EP-IND-00059
BC-00060,2026-01-01 00:08:55+00:00,0,IOMT-048,S-IOMT-048-60,RESEARCH,EP-IND-00060
BC-00061,2026-01-01 00:09:22+00:00,0,IOMT-027,S-IOMT-027-61,RESEARCH,EP-IND-00061
BC-00062,2026-01-01 00:09:29+00:00,0,IOMT-007,S-IOMT-007-62,EHR_WRITE,EP-IND-00062
BC-00063,2026-01-01 00:09:29+00:00,0,IOMT-041,S-IOMT-041-63,IMAGING,EP-IND-00063
BC-00064,2026-01-01 00:09:31+00:00,0,IOMT-022,S-IOMT-022-64,RESEARCH,EP-IND-00064
BC-00065,2026-01-01 00:09:37+00:00,0,IOMT-015,S-IOMT-015-65,IMAGING,EP-IND-00065
BC-00066,2026-01-01 00:09:51+00:00,0,IOMT-044,S-IOMT-044-66,RESEARCH,EP-IND-00066
BC-00067,2026-01-01 00:09:54+00:00,0,IOMT-048,S-IOMT-048-67,IMAGING,EP-IND-00067
BC-00068,2026-01-01 00:10:10+00:00,0,IOMT-010,S-IOMT-010-68,LAB_RESULTS,EP-IND-00068
BC-00069,2026-01-01 00:10:10+00:00,0,IOMT-007,S-IOMT-007-69,IMAGING,EP-IND-00069
BC-00070,2026-01-01 00:10:14+00:00,0,IOMT-005,S-IOMT-005-70,EHR_READ,EP-IND-00070
BC-00071,2026-01-01 00:10:15+00:00,0,IOMT-047,S-IOMT-047-71,LAB_RESULTS,EP-IND-00071
BC-00072,2026-01-01 00:10:45+00:00,0,IOMT-031,S-IOMT-031-72,IMAGING,EP-IND-00072
BC-00073,2026-01-01 00:10:48+00:00,0,IOMT-040,S-IOMT-040-73,RESEARCH,EP-IND-00073
BC-00074,2026-01-01 00:11:01+00:00,0,IOMT-009,S-IOMT-009-74,RESEARCH,EP-IND-00074
BC-00075,2026-01-01 00:11:10+00:00,0,IOMT-029,S-IOMT-029-75,LAB_RESULTS,EP-IND-00075
BC-00076,2026-01-01 00:11:32+00:00,0,IOMT-036,S-IOMT-036-76,LAB_RESULTS,EP-IND-00076
BC-00077,2026-01-01 00:11:35+00:00,0,IOMT-039,S-IOMT-039-77,LAB_RESULTS,EP-IND-00077
BC-00078,2026-01-01 00:11:36+00:00,0,IOMT-039,S-IOMT-039-78,EHR_WRITE,EP-IND-00078
BC-00079,2026-01-01 00:11:37+00:00,0,IOMT-018,S-IOMT-018-79,IMAGING,EP-IND-00079
BC-00080,2026-01-01 00:11:37+00:00,0,IOMT-013,S-IOMT-013-80,RESEARCH,EP-IND-00080
BC-00081,2026-01-01 00:11:40+00:00,0,IOMT-017,S-IOMT-017-81,IMAGING,EP-IND-00081
BC-00082,2026-01-01 00:11:43+00:00,0,IOMT-012,S-IOMT-012-82,RESEARCH,EP-IND-00082
BC-00083,2026-01-01 00:11:46+00:00,0,IOMT-016,S-IOMT-016-83,EHR_READ,EP-IND-00083
BC-00084,2026-01-01 00:11:59+00:00,0,IOMT-007,S-IOMT-007-84,LAB_RESULTS,EP-IND-00084
BC-00085,2026-01-01 00:12:00+00:00,0,IOMT-046,S-IOMT-046-85,EHR_WRITE,EP-IND-00085
BC-00086,2026-01-01 00:12:20+00:00,0,IOMT-035,S-IOMT-035-86,EHR_WRITE,EP-IND-00086
BC-00087,2026-01-01 00:12:20+00:00,0,IOMT-019,S-IOMT-019-87,LAB_RESULTS,EP-IND-00087
BC-00088,2026-01-01 00:12:23+00:00,0,IOMT-029,S-IOMT-029-88,EHR_READ,EP-IND-00088
BC-00089,2026-01-01 00:12:24+00:00,0,IOMT-014,S-IOMT-014-89,EHR_READ,EP-IND-00089
BC-00090,2026-01-01 00:12:41+00:00,0,IOMT-045,S-IOMT-045-90,RESEARCH,EP-IND-00090
BC-00091,2026-01-01 00:12:45+00:00,0,IOMT-037,S-IOMT-037-91,LAB_RESULTS,EP-IND-00091
BC-00092,2026-01-01 00:12:53+00:00,0,IOMT-034,S-IOMT-034-92,EHR_READ,EP-IND-00092
BC-00093,2026-01-01 00:13:07+00:00,0,IOMT-019,S-IOMT-019-93,LAB_RESULTS,EP-IND-00093
BC-00094,2026-01-01 00:13:27+00:00,0,IOMT-046,S-IOMT-046-94,LAB_RESULTS,EP-IND-00094
BC-00095,2026-01-01 00:13:29+00:00,0,IOMT-037,S-IOMT-037-95,RESEARCH,EP-IND-00095
BC-00096,2026-01-01 00:13:35+00:00,0,IOMT-031,S-IOMT-031-96,LAB_RESULTS,EP-IND-00096
BC-00097,2026-01-01 00:13:42+00:00,0,IOMT-042,S-IOMT-042-97,LAB_RESULTS,EP-IND-00097
BC-00098,2026-01-01 00:13:47+00:00,0,IOMT-011,S-IOMT-011-98,RESEARCH,EP-IND-00098
BC-00099,2026-01-01 00:13:52+00:00,0,IOMT-048,S-IOMT-048-99,LAB_RESULTS,EP-IND-00099
BC-00100,2026-01-01 00:14:04+00:00,0,IOMT-011,S-IOMT-011-100,IMAGING,EP-IND-00100
BC-00101,2026-01-01 00:14:06+00:00,0,IOMT-023,S-IOMT-023-101,IMAGING,EP-IND-00101
BC-00102,2026-01-01 00:14:07+00:00,0,IOMT-011,S-IOMT-011-102,EHR_WRITE,EP-IND-00102
BC-00103,2026-01-01 00:14:13+00:00,0,IOMT-000,S-IOMT-000-103,EHR_WRITE,EP-IND-00103
BC-00104,2026-01-01 00:14:20+00:00,0,IOMT-030,S-IOMT-030-104,EHR_READ,EP-IND-00104
BC-00105,2026-01-01 00:14:25+00:00,0,IOMT-036,S-IOMT-036-105,EHR_READ,EP-IND-00105
BC-00106,2026-01-01 00:14:49+00:00,0,IOMT-030,S-IOMT-030-106,LAB_RESULTS,EP-IND-00106
BC-00107,2026-01-01 00:14:53+00:00,0,IOMT-041,S-IOMT-041-107,LAB_RESULTS,EP-IND-00107
BC-00108,2026-01-01 00:14:57+00:00,0,IOMT-019,S-IOMT-019-108,IMAGING,EP-IND-00108
BC-00109,2026-01-01 00:14:59+00:00,0,IOMT-037,S-IOMT-037-109,LAB_RESULTS,EP-IND-00109
BC-00110,2026-01-01 00:15:22+00:00,0,IOMT-045,S-IOMT-045-110,RESEARCH,EP-IND-00110
BC-00111,2026-01-01 00:15:32+00:00,0,IOMT-042,S-IOMT-042-111,IMAGING,EP-IND-00111
BC-00112,2026-01-01 00:15:42+00:00,0,IOMT-039,S-IOMT-039-112,EHR_WRITE,EP-IND-00112
BC-00113,2026-01-01 00:15:52+00:00,0,IOMT-014,S-IOMT-014-113,LAB_RESULTS,EP-IND-00113
BC-00114,2026-01-01 00:15:54+00:00,0,IOMT-034,S-IOMT-034-114,RESEARCH,EP-IND-00114
BC-00115,2026-01-01 00:16:01+00:00,0,IOMT-010,S-IOMT-010-115,RESEARCH,EP-IND-00115
BC-00116,2026-01-01 00:16:07+00:00,0,IOMT-014,S-IOMT-014-116,LAB_RESULTS,EP-IND-00116
BC-00117,2026-01-01 00:16:09+00:00,0,IOMT-014,S-IOMT-014-117,EHR_READ,EP-IND-00117
BC-00118,2026-01-01 00:16:30+00:00,0,IOMT-049,S-IOMT-049-118,EHR_WRITE,EP-IND-00118
BC-00119,2026-01-01 00:16:34+00:00,0,IOMT-043,S-IOMT-043-119,IMAGING,EP-IND-00119
BC-00120,2026-01-01 00:16:40+00:00,0,IOMT-030,S-IOMT-030-120,RESEARCH,EP-IND-00120
BC-00121,2026-01-01 00:16:43+00:00,0,IOMT-009,S-IOMT-009-121,LAB_RESULTS,EP-IND-00121
BC-00122,2026-01-01 00:16:49+00:00,0,IOMT-033,S-IOMT-033-122,RESEARCH,EP-IND-00122
BC-00123,2026-01-01 00:17:18+00:00,0,IOMT-020,S-IOMT-020-123,EHR_READ,EP-IND-00123
BC-00124,2026-01-01 00:17:21+00:00,0,IOMT-024,S-IOMT-024-124,RESEARCH,EP-IND-00124
BC-00125,2026-01-01 00:17:25+00:00,0,IOMT-046,S-IOMT-046-125,LAB_RESULTS,EP-IND-00125
BC-00126,2026-01-01 00:17:36+00:00,0,IOMT-033,S-IOMT-033-126,EHR_WRITE,EP-IND-00126
BC-00127,2026-01-01 00:17:39+00:00,0,IOMT-000,S-IOMT-000-127,EHR_WRITE,EP-IND-00127
BC-00128,2026-01-01 00:17:48+00:00,0,IOMT-002,S-IOMT-002-128,EHR_WRITE,EP-IND-00128
BC-00129,2026-01-01 00:17:53+00:00,0,IOMT-018,S-IOMT-018-129,EHR_WRITE,EP-IND-00129
BC-00130,2026-01-01 00:17:58+00:00,0,IOMT-010,S-IOMT-010-130,RESEARCH,EP-IND-00130
BC-00131,2026-01-01 00:18:00+00:00,0,IOMT-034,S-IOMT-034-131,IMAGING,EP-IND-00131
BC-00132,2026-01-01 00:18:02+00:00,0,IOMT-042,S-IOMT-042-132,EHR_READ,EP-IND-00132
BC-00133,2026-01-01 00:18:06+00:00,0,IOMT-038,S-IOMT-038-133,IMAGING,EP-IND-00133
BC-00134,2026-01-01 00:18:09+00:00,0,IOMT-010,S-IOMT-010-134,RESEARCH,EP-IND-00134
BC-00135,2026-01-01 00:18:10+00:00,0,IOMT-040,S-IOMT-040-135,LAB_RESULTS,EP-IND-00135
BC-00136,2026-01-01 00:18:18+00:00,0,IOMT-027,S-IOMT-027-136,LAB_RESULTS,EP-IND-00136
BC-00137,2026-01-01 00:18:31+00:00,0,IOMT-025,S-IOMT-025-137,LAB_RESULTS,EP-IND-00137
BC-00138,2026-01-01 00:18:41+00:00,0,IOMT-018,S-IOMT-018-138,IMAGING,EP-IND-00138
BC-00139,2026-01-01 00:18:57+00:00,0,IOMT-014,S-IOMT-014-139,LAB_RESULTS,EP-IND-00139
BC-00140,2026-01-01 00:19:16+00:00,0,IOMT-042,S-IOMT-042-140,EHR_WRITE,EP-IND-00140
BC-00141,2026-01-01 00:19:19+00:00,0,IOMT-032,S-IOMT-032-141,RESEARCH,EP-IND-00141
BC-00142,2026-01-01 00:19:40+00:00,0,IOMT-035,S-IOMT-035-142,LAB_RESULTS,EP-IND-00142
BC-00143,2026-01-01 00:19:47+00:00,0,IOMT-016,S-IOMT-016-143,EHR_WRITE,EP-IND-00143
BC-00144,2026-01-01 00:19:48+00:00,0,IOMT-017,S-IOMT-017-144,EHR_WRITE,EP-IND-00144
BC-00145,2026-01-01 00:19:59+00:00,0,IOMT-011,S-IOMT-011-145,LAB_RESULTS,EP-IND-00145
BC-00146,2026-01-01 00:20:11+00:00,0,IOMT-015,S-IOMT-015-146,EHR_READ,EP-IND-00146
BC-00147,2026-01-01 00:20:14+00:00,0,IOMT-031,S-IOMT-031-147,RESEARCH,EP-IND-00147
BC-00148,2026-01-01 00:20:38+00:00,0,IOMT-001,S-IOMT-001-148,LAB_RESULTS,EP-IND-00148
BC-00149,2026-01-01 00:20:47+00:00,0,IOMT-038,S-IOMT-038-149,EHR_READ,EP-IND-00149
BC-00150,2026-01-01 00:21:09+00:00,0,IOMT-044,S-IOMT-044-150,RESEARCH,EP-IND-00150
BC-00151,2026-01-01 00:21:13+00:00,0,IOMT-018,S-IOMT-018-151,IMAGING,EP-IND-00151
BC-00152,2026-01-01 00:21:23+00:00,0,IOMT-025,S-IOMT-025-152,EHR_WRITE,EP-IND-00152
BC-00153,2026-01-01 00:22:04+00:00,0,IOMT-033,S-IOMT-033-153,EHR_WRITE,EP-IND-00153
BC-00154,2026-01-01 00:22:28+00:00,0,IOMT-006,S-IOMT-006-154,LAB_RESULTS,EP-IND-00154
BC-00155,2026-01-01 00:22:29+00:00,0,IOMT-044,S-IOMT-044-155,EHR_READ,EP-IND-00155
BC-00156,2026-01-01 00:22:33+00:00,0,IOMT-030,S-IOMT-030-156,LAB_RESULTS,EP-IND-00156
BC-00157,2026-01-01 00:22:36+00:00,0,IOMT-032,S-IOMT-032-157,EHR_WRITE,EP-IND-00157
BC-00158,2026-01-01 00:22:38+00:00,0,IOMT-019,S-IOMT-019-158,IMAGING,EP-IND-00158
BC-00159,2026-01-01 00:22:38+00:00,0,IOMT-008,S-IOMT-008-159,RESEARCH,EP-IND-00159
BC-00160,2026-01-01 00:22:40+00:00,0,IOMT-010,S-IOMT-010-160,IMAGING,EP-IND-00160
BC-00161,2026-01-01 00:22:46+00:00,0,IOMT-004,S-IOMT-004-161,IMAGING,EP-IND-00161
BC-00162,2026-01-01 00:22:53+00:00,0,IOMT-005,S-IOMT-005-162,RESEARCH,EP-IND-00162
BC-00163,2026-01-01 00:23:03+00:00,0,IOMT-010,S-IOMT-010-163,EHR_WRITE,EP-IND-00163
BC-00164,2026-01-01 00:23:21+00:00,0,IOMT-019,S-IOMT-019-164,EHR_READ,EP-IND-00164
BC-00165,2026-01-01 00:23:22+00:00,0,IOMT-041,S-IOMT-041-165,RESEARCH,EP-IND-00165
BC-00166,2026-01-01 00:23:26+00:00,0,IOMT-024,S-IOMT-024-166,EHR_READ,EP-IND-00166
BC-00167,2026-01-01 00:23:28+00:00,0,IOMT-012,S-IOMT-012-167,RESEARCH,EP-IND-00167
BC-00168,2026-01-01 00:23:39+00:00,0,IOMT-004,S-IOMT-004-168,LAB_RESULTS,EP-IND-00168
BC-00169,2026-01-01 00:23:51+00:00,0,IOMT-016,S-IOMT-016-169,LAB_RESULTS,EP-IND-00169
BC-00170,2026-01-01 00:23:55+00:00,0,IOMT-011,S-IOMT-011-170,IMAGING,EP-IND-00170
BC-00171,2026-01-01 00:05:24+00:00,1,IOMT-COORD-001,S-COORD-001,EHR_WRITE,EP-COORD-001
BC-00172,2026-01-01 00:23:56+00:00,0,IOMT-018,S-IOMT-018-172,EHR_READ,EP-IND-00172
BC-00173,2026-01-01 00:23:59+00:00,0,IOMT-024,S-IOMT-024-173,LAB_RESULTS,EP-IND-00173
BC-00174,2026-01-01 00:24:01+00:00,0,IOMT-027,S-IOMT-027-174,EHR_WRITE,EP-IND-00174
BC-00175,2026-01-01 00:24:04+00:00,0,IOMT-037,S-IOMT-037-175,IMAGING,EP-IND-00175
BC-00176,2026-01-01 00:24:12+00:00,0,IOMT-047,S-IOMT-047-176,EHR_READ,EP-IND-00176
BC-00177,2026-01-01 00:24:13+00:00,0,IOMT-001,S-IOMT-001-177,RESEARCH,EP-IND-00177
BC-00178,2026-01-01 00:24:26+00:00,0,IOMT-048,S-IOMT-048-178,RESEARCH,EP-IND-00178
BC-00179,2026-01-01 00:24:28+00:00,0,IOMT-043,S-IOMT-043-179,EHR_READ,EP-IND-00179
BC-00180,2026-01-01 00:24:30+00:00,0,IOMT-021,S-IOMT-021-180,RESEARCH,EP-IND-00180
BC-00181,2026-01-01 00:24:38+00:00,0,IOMT-001,S-IOMT-001-181,IMAGING,EP-IND-00181
BC-00182,2026-01-01 00:24:50+00:00,0,IOMT-011,S-IOMT-011-182,RESEARCH,EP-IND-00182
BC-00183,2026-01-01 00:24:55+00:00,0,IOMT-042,S-IOMT-042-183,EHR_WRITE,EP-IND-00183
BC-00184,2026-01-01 00:24:56+00:00,0,IOMT-037,S-IOMT-037-184,RESEARCH,EP-IND-00184
BC-00185,2026-01-01 00:25:12+00:00,0,IOMT-038,S-IOMT-038-185,IMAGING,EP-IND-00185
BC-00186,2026-01-01 00:25:16+00:00,0,IOMT-001,S-IOMT-001-186,IMAGING,EP-IND-00186
BC-00187,2026-01-01 00:25:53+00:00,0,IOMT-008,S-IOMT-008-187,EHR_WRITE,EP-IND-00187
BC-00188,2026-01-01 00:25:53+00:00,0,IOMT-000,S-IOMT-000-188,EHR_WRITE,EP-IND-00188
BC-00189,2026-01-01 00:26:09+00:00,0,IOMT-028,S-IOMT-028-189,LAB_RESULTS,EP-IND-00189
BC-00190,2026-01-01 00:26:11+00:00,0,IOMT-042,S-IOMT-042-190,IMAGING,EP-IND-00190
BC-00191,2026-01-01 00:26:23+00:00,0,IOMT-017,S-IOMT-017-191,LAB_RESULTS,EP-IND-00191
BC-00192,2026-01-01 00:26:26+00:00,0,IOMT-030,S-IOMT-030-192,EHR_READ,EP-IND-00192
BC-00193,2026-01-01 00:26:31+00:00,0,IOMT-000,S-IOMT-000-193,EHR_WRITE,EP-IND-00193
BC-00194,2026-01-01 00:26:33+00:00,0,IOMT-018,S-IOMT-018-194,RESEARCH,EP-IND-00194
BC-00195,2026-01-01 00:27:04+00:00,0,IOMT-033,S-IOMT-033-195,EHR_READ,EP-IND-00195
BC-00196,2026-01-01 00:27:04+00:00,0,IOMT-046,S-IOMT-046-196,LAB_RESULTS,EP-IND-00196
BC-00197,2026-01-01 00:27:10+00:00,0,IOMT-007,S-IOMT-007-197,EHR_WRITE,EP-IND-00197
BC-00198,2026-01-01 00:27:28+00:00,0,IOMT-046,S-IOMT-046-198,IMAGING,EP-IND-00198
BC-00199,2026-01-01 00:27:29+00:00,0,IOMT-027,S-IOMT-027-199,RESEARCH,EP-IND-00199
BC-00200,2026-01-01 00:27:34+00:00,0,IOMT-035,S-IOMT-035-200,IMAGING,EP-IND-00200
BC-00201,2026-01-01 00:27:37+00:00,0,IOMT-027,S-IOMT-027-201,EHR_READ,EP-IND-00201
BC-00202,2026-01-01 00:28:10+00:00,0,IOMT-045,S-IOMT-045-202,EHR_READ,EP-IND-00202
BC-00203,2026-01-01 00:28:29+00:00,0,IOMT-036,S-IOMT-036-203,RESEARCH,EP-IND-00203
BC-00204,2026-01-01 00:28:44+00:00,0,IOMT-020,S-IOMT-020-204,RESEARCH,EP-IND-00204
BC-00205,2026-01-01 00:28:50+00:00,0,IOMT-014,S-IOMT-014-205,EHR_WRITE,EP-IND-00205
BC-00206,2026-01-01 00:28:55+00:00,0,IOMT-024,S-IOMT-024-206,IMAGING,EP-IND-00206
BC-00207,2026-01-01 00:29:18+00:00,0,IOMT-015,S-IOMT-015-207,EHR_WRITE,EP-IND-00207
BC-00208,2026-01-01 00:29:35+00:00,0,IOMT-034,S-IOMT-034-208,EHR_WRITE,EP-IND-00208
BC-00209,2026-01-01 00:29:44+00:00,0,IOMT-004,S-IOMT-004-209,IMAGING,EP-IND-00209
BC-00210,2026-01-01 00:29:48+00:00,0,IOMT-026,S-IOMT-026-210,RESEARCH,EP-IND-00210
BC-00211,2026-01-01 00:30:01+00:00,0,IOMT-049,S-IOMT-049-211,EHR_READ,EP-IND-00211
BC-00212,2026-01-01 00:30:16+00:00,0,IOMT-045,S-IOMT-045-212,LAB_RESULTS,EP-IND-00212
BC-00213,2026-01-01 00:30:38+00:00,0,IOMT-000,S-IOMT-000-213,RESEARCH,EP-IND-00213
BC-00214,2026-01-01 00:30:40+00:00,0,IOMT-029,S-IOMT-029-214,IMAGING,EP-IND-00214
BC-00215,2026-01-01 00:30:45+00:00,0,IOMT-023,S-IOMT-023-215,LAB_RESULTS,EP-IND-00215
BC-00216,2026-01-01 00:31:10+00:00,0,IOMT-007,S-IOMT-007-216,RESEARCH,EP-IND-00216
BC-00217,2026-01-01 00:31:31+00:00,0,IOMT-042,S-IOMT-042-217,EHR_READ,EP-IND-00217
BC-00218,2026-01-01 00:31:33+00:00,0,IOMT-011,S-IOMT-011-218,LAB_RESULTS,EP-IND-00218
BC-00219,2026-01-01 00:32:02+00:00,0,IOMT-002,S-IOMT-002-219,EHR_WRITE,EP-IND-00219
BC-00220,2026-01-01 00:32:03+00:00,0,IOMT-028,S-IOMT-028-220,RESEARCH,EP-IND-00220
BC-00221,2026-01-01 00:32:04+00:00,0,IOMT-027,S-IOMT-027-221,EHR_WRITE,EP-IND-00221
BC-00222,2026-01-01 00:11:46+00:00,1,IOMT-COORD-002,S-COORD-002,IMAGING,EP-COORD-002
BC-00223,2026-01-01 00:32:48+00:00,0,IOMT-029,S-IOMT-029-223,LAB_RESULTS,EP-IND-00223
BC-00224,2026-01-01 00:32:53+00:00,0,IOMT-048,S-IOMT-048-224,EHR_WRITE,EP-IND-00224
BC-00225,2026-01-01 00:32:56+00:00,0,IOMT-037,S-IOMT-037-225,EHR_READ,EP-IND-00225
BC-00226,2026-01-01 00:16:03+00:00,1,IOMT-COORD-003,S-COORD-003,LAB_RESULTS,EP-COORD-003
BC-00227,2026-01-01 00:32:59+00:00,0,IOMT-044,S-IOMT-044-227,EHR_WRITE,EP-IND-00227
BC-00228,2026-01-01 00:33:06+00:00,0,IOMT-014,S-IOMT-014-228,RESEARCH,EP-IND-00228
BC-00229,2026-01-01 00:33:14+00:00,0,IOMT-020,S-IOMT-020-229,EHR_READ,EP-IND-00229
BC-00230,2026-01-01 00:33:37+00:00,0,IOMT-013,S-IOMT-013-230,EHR_READ,EP-IND-00230
BC-00231,2026-01-01 00:33:44+00:00,0,IOMT-018,S-IOMT-018-231,RESEARCH,EP-IND-00231
BC-00232,2026-01-01 00:33:53+00:00,0,IOMT-046,S-IOMT-046-232,IMAGING,EP-IND-00232
BC-00233,2026-01-01 00:33:56+00:00,0,IOMT-025,S-IOMT-025-233,RESEARCH,EP-IND-00233
BC-00234,2026-01-01 00:33:56+00:00,0,IOMT-013,S-IOMT-013-234,IMAGING,EP-IND-00234
BC-00235,2026-01-01 00:34:11+00:00,0,IOMT-027,S-IOMT-027-235,IMAGING,EP-IND-00235
BC-00236,2026-01-01 00:34:28+00:00,0,IOMT-017,S-IOMT-017-236,LAB_RESULTS,EP-IND-00236
BC-00237,2026-01-01 00:34:47+00:00,0,IOMT-011,S-IOMT-011-237,EHR_READ,EP-IND-00237
BC-00238,2026-01-01 00:34:57+00:00,0,IOMT-040,S-IOMT-040-238,LAB_RESULTS,EP-IND-00238
BC-00239,2026-01-01 00:35:02+00:00,0,IOMT-015,S-IOMT-015-239,RESEARCH,EP-IND-00239
BC-00240,2026-01-01 00:35:10+00:00,0,IOMT-009,S-IOMT-009-240,IMAGING,EP-IND-00240
BC-00241,2026-01-01 00:35:20+00:00,0,IOMT-040,S-IOMT-040-241,IMAGING,EP-IND-00241
BC-00242,2026-01-01 00:35:26+00:00,0,IOMT-017,S-IOMT-017-242,IMAGING,EP-IND-00242
BC-00243,2026-01-01 00:35:28+00:00,0,IOMT-016,S-IOMT-016-243,RESEARCH,EP-IND-00243
BC-00244,2026-01-01 00:35:29+00:00,0,IOMT-004,S-IOMT-004-244,EHR_READ,EP-IND-00244
BC-00245,2026-01-01 00:35:38+00:00,0,IOMT-012,S-IOMT-012-245,RESEARCH,EP-IND-00245
BC-00246,2026-01-01 00:36:00+00:00,0,IOMT-020,S-IOMT-020-246,LAB_RESULTS,EP-IND-00246
BC-00247,2026-01-01 00:21:04+00:00,1,IOMT-COORD-004,S-COORD-004,RESEARCH,EP-COORD-004
BC-00248,2026-01-01 00:36:31+00:00,0,IOMT-047,S-IOMT-047-248,LAB_RESULTS,EP-IND-00248
BC-00249,2026-01-01 00:23:37+00:00,1,IOMT-COORD-005,S-COORD-005,EHR_READ,EP-COORD-005
BC-00250,2026-01-01 00:36:42+00:00,0,IOMT-009,S-IOMT-009-250,EHR_READ,EP-IND-00250
BC-00251,2026-01-01 00:36:55+00:00,0,IOMT-034,S-IOMT-034-251,EHR_READ,EP-IND-00251
BC-00252,2026-01-01 00:37:30+00:00,0,IOMT-044,S-IOMT-044-252,EHR_WRITE,EP-IND-00252
BC-00253,2026-01-01 00:37:30+00:00,0,IOMT-020,S-IOMT-020-253,RESEARCH,EP-IND-00253
BC-00254,2026-01-01 00:37:30+00:00,0,IOMT-033,S-IOMT-033-254,LAB_RESULTS,EP-IND-00254
BC-00255,2026-01-01 00:37:38+00:00,0,IOMT-043,S-IOMT-043-255,EHR_READ,EP-IND-00255
BC-00256,2026-01-01 00:37:46+00:00,0,IOMT-019,S-IOMT-019-256,RESEARCH,EP-IND-00256
BC-00257,2026-01-01 00:37:55+00:00,0,IOMT-025,S-IOMT-025-257,LAB_RESULTS,EP-IND-00257
BC-00258,2026-01-01 00:38:08+00:00,0,IOMT-049,S-IOMT-049-258,IMAGING,EP-IND-00258
BC-00259,2026-01-01 00:38:32+00:00,0,IOMT-016,S-IOMT-016-259,EHR_READ,EP-IND-00259
BC-00260,2026-01-01 00:38:34+00:00,0,IOMT-000,S-IOMT-000-260,EHR_WRITE,EP-IND-00260
BC-00261,2026-01-01 00:38:54+00:00,0,IOMT-032,S-IOMT-032-261,RESEARCH,EP-IND-00261
BC-00262,2026-01-01 00:39:17+00:00,0,IOMT-035,S-IOMT-035-262,LAB_RESULTS,EP-IND-00262
BC-00263,2026-01-01 00:39:27+00:00,0,IOMT-029,S-IOMT-029-263,EHR_WRITE,EP-IND-00263
BC-00264,2026-01-01 00:39:45+00:00,0,IOMT-049,S-IOMT-049-264,EHR_WRITE,EP-IND-00264
BC-00265,2026-01-01 00:39:51+00:00,0,IOMT-042,S-IOMT-042-265,EHR_READ,EP-IND-00265
BC-00266,2026-01-01 00:40:02+00:00,0,IOMT-000,S-IOMT-000-266,EHR_WRITE,EP-IND-00266
BC-00267,2026-01-01 00:40:07+00:00,0,IOMT-036,S-IOMT-036-267,IMAGING,EP-IND-00267
BC-00268,2026-01-01 00:40:08+00:00,0,IOMT-015,S-IOMT-015-268,IMAGING,EP-IND-00268
BC-00269,2026-01-01 00:40:09+00:00,0,IOMT-045,S-IOMT-045-269,IMAGING,EP-IND-00269
BC-00270,2026-01-01 00:40:20+00:00,0,IOMT-046,S-IOMT-046-270,LAB_RESULTS,EP-IND-00270
BC-00271,2026-01-01 00:40:20+00:00,0,IOMT-003,S-IOMT-003-271,RESEARCH,EP-IND-00271
BC-00272,2026-01-01 00:40:23+00:00,0,IOMT-025,S-IOMT-025-272,LAB_RESULTS,EP-IND-00272
BC-00273,2026-01-01 00:40:24+00:00,0,IOMT-030,S-IOMT-030-273,IMAGING,EP-IND-00273
BC-00274,2026-01-01 00:40:34+00:00,0,IOMT-016,S-IOMT-016-274,LAB_RESULTS,EP-IND-00274
BC-00275,2026-01-01 00:40:41+00:00,0,IOMT-025,S-IOMT-025-275,IMAGING,EP-IND-00275
BC-00276,2026-01-01 00:40:52+00:00,0,IOMT-028,S-IOMT-028-276,IMAGING,EP-IND-00276
BC-00277,2026-01-01 00:41:43+00:00,0,IOMT-004,S-IOMT-004-277,IMAGING,EP-IND-00277
BC-00278,2026-01-01 00:41:57+00:00,0,IOMT-043,S-IOMT-043-278,RESEARCH,EP-IND-00278
BC-00279,2026-01-01 00:42:01+00:00,0,IOMT-001,S-IOMT-001-279,RESEARCH,EP-IND-00279
BC-00280,2026-01-01 00:42:08+00:00,0,IOMT-013,S-IOMT-013-280,IMAGING,EP-IND-00280
BC-00281,2026-01-01 00:42:13+00:00,0,IOMT-033,S-IOMT-033-281,EHR_WRITE,EP-IND-00281
BC-00282,2026-01-01 00:42:20+00:00,0,IOMT-008,S-IOMT-008-282,LAB_RESULTS,EP-IND-00282
BC-00283,2026-01-01 00:42:58+00:00,0,IOMT-002,S-IOMT-002-283,EHR_WRITE,EP-IND-00283
BC-00284,2026-01-01 00:43:12+00:00,0,IOMT-007,S-IOMT-007-284,RESEARCH,EP-IND-00284
BC-00285,2026-01-01 00:43:52+00:00,0,IOMT-012,S-IOMT-012-285,EHR_WRITE,EP-IND-00285
BC-00286,2026-01-01 00:43:53+00:00,0,IOMT-015,S-IOMT-015-286,IMAGING,EP-IND-00286
BC-00287,2026-01-01 00:43:57+00:00,0,IOMT-049,S-IOMT-049-287,RESEARCH,EP-IND-00287
BC-00288,2026-01-01 00:44:02+00:00,0,IOMT-009,S-IOMT-009-288,EHR_WRITE,EP-IND-00288
BC-00289,2026-01-01 00:44:12+00:00,0,IOMT-001,S-IOMT-001-289,EHR_WRITE,EP-IND-00289
BC-00290,2026-01-01 00:31:40+00:00,1,IOMT-COORD-006,S-COORD-006,EHR_WRITE,EP-COORD-006
BC-00291,2026-01-01 00:44:24+00:00,0,IOMT-001,S-IOMT-001-291,EHR_WRITE,EP-IND-00291
BC-00292,2026-01-01 00:44:25+00:00,0,IOMT-003,S-IOMT-003-292,EHR_READ,EP-IND-00292
BC-00293,2026-01-01 00:44:41+00:00,0,IOMT-047,S-IOMT-047-293,EHR_WRITE,EP-IND-00293
BC-00294,2026-01-01 00:31:04+00:00,1,IOMT-COORD-007,S-COORD-007,IMAGING,EP-COORD-007
BC-00295,2026-01-01 00:45:29+00:00,0,IOMT-042,S-IOMT-042-295,LAB_RESULTS,EP-IND-00295
BC-00296,2026-01-01 00:45:29+00:00,0,IOMT-038,S-IOMT-038-296,LAB_RESULTS,EP-IND-00296
BC-00297,2026-01-01 00:45:48+00:00,0,IOMT-048,S-IOMT-048-297,RESEARCH,EP-IND-00297
BC-00298,2026-01-01 00:45:53+00:00,0,IOMT-037,S-IOMT-037-298,IMAGING,EP-IND-00298
BC-00299,2026-01-01 00:46:00+00:00,0,IOMT-039,S-IOMT-039-299,EHR_READ,EP-IND-00299
BC-00300,2026-01-01 00:46:02+00:00,0,IOMT-030,S-IOMT-030-300,LAB_RESULTS,EP-IND-00300
BC-00301,2026-01-01 00:46:06+00:00,0,IOMT-049,S-IOMT-049-301,IMAGING,EP-IND-00301
BC-00302,2026-01-01 00:46:07+00:00,0,IOMT-017,S-IOMT-017-302,LAB_RESULTS,EP-IND-00302
BC-00303,2026-01-01 00:46:16+00:00,0,IOMT-040,S-IOMT-040-303,IMAGING,EP-IND-00303
BC-00304,2026-01-01 00:46:18+00:00,0,IOMT-008,S-IOMT-008-304,IMAGING,EP-IND-00304
BC-00305,2026-01-01 00:46:19+00:00,0,IOMT-045,S-IOMT-045-305,EHR_WRITE,EP-IND-00305
BC-00306,2026-01-01 00:46:25+00:00,0,IOMT-019,S-IOMT-019-306,EHR_READ,EP-IND-00306
BC-00307,2026-01-01 00:46:27+00:00,0,IOMT-047,S-IOMT-047-307,IMAGING,EP-IND-00307
BC-00308,2026-01-01 00:46:27+00:00,0,IOMT-030,S-IOMT-030-308,RESEARCH,EP-IND-00308
BC-00309,2026-01-01 00:46:50+00:00,0,IOMT-010,S-IOMT-010-309,EHR_WRITE,EP-IND-00309
BC-00310,2026-01-01 00:46:55+00:00,0,IOMT-015,S-IOMT-015-310,LAB_RESULTS,EP-IND-00310
BC-00311,2026-01-01 00:46:56+00:00,0,IOMT-033,S-IOMT-033-311,EHR_READ,EP-IND-00311
BC-00312,2026-01-01 00:46:56+00:00,0,IOMT-034,S-IOMT-034-312,RESEARCH,EP-IND-00312
BC-00313,2026-01-01 00:46:57+00:00,0,IOMT-030,S-IOMT-030-313,EHR_READ,EP-IND-00313
BC-00314,2026-01-01 00:47:07+00:00,0,IOMT-018,S-IOMT-018-314,RESEARCH,EP-IND-00314
BC-00315,2026-01-01 00:47:23+00:00,0,IOMT-010,S-IOMT-010-315,RESEARCH,EP-IND-00315
BC-00316,2026-01-01 00:47:35+00:00,0,IOMT-045,S-IOMT-045-316,LAB_RESULTS,EP-IND-00316
BC-00317,2026-01-01 00:47:57+00:00,0,IOMT-039,S-IOMT-039-317,RESEARCH,EP-IND-00317
BC-00318,2026-01-01 00:48:03+00:00,0,IOMT-003,S-IOMT-003-318,RESEARCH,EP-IND-00318
BC-00319,2026-01-01 00:48:11+00:00,0,IOMT-032,S-IOMT-032-319,EHR_READ,EP-IND-00319
BC-00320,2026-01-01 00:48:13+00:00,0,IOMT-007,S-IOMT-007-320,EHR_WRITE,EP-IND-00320
BC-00321,2026-01-01 00:48:17+00:00,0,IOMT-036,S-IOMT-036-321,IMAGING,EP-IND-00321
BC-00322,2026-01-01 00:48:19+00:00,0,IOMT-042,S-IOMT-042-322,EHR_WRITE,EP-IND-00322
BC-00323,2026-01-01 00:48:25+00:00,0,IOMT-006,S-IOMT-006-323,IMAGING,EP-IND-00323
BC-00324,2026-01-01 00:48:32+00:00,0,IOMT-024,S-IOMT-024-324,LAB_RESULTS,EP-IND-00324
BC-00325,2026-01-01 00:48:34+00:00,0,IOMT-002,S-IOMT-002-325,RESEARCH,EP-IND-00325
BC-00326,2026-01-01 00:48:36+00:00,0,IOMT-007,S-IOMT-007-326,EHR_READ,EP-IND-00326
BC-00327,2026-01-01 00:48:37+00:00,0,IOMT-004,S-IOMT-004-327,LAB_RESULTS,EP-IND-00327
BC-00328,2026-01-01 00:48:52+00:00,0,IOMT-041,S-IOMT-041-328,EHR_READ,EP-IND-00328
BC-00329,2026-01-01 00:49:01+00:00,0,IOMT-013,S-IOMT-013-329,EHR_READ,EP-IND-00329
BC-00330,2026-01-01 00:49:11+00:00,0,IOMT-027,S-IOMT-027-330,LAB_RESULTS,EP-IND-00330
BC-00331,2026-01-01 00:49:11+00:00,0,IOMT-036,S-IOMT-036-331,RESEARCH,EP-IND-00331
BC-00332,2026-01-01 00:49:22+00:00,0,IOMT-046,S-IOMT-046-332,EHR_READ,EP-IND-00332
BC-00333,2026-01-01 00:49:29+00:00,0,IOMT-035,S-IOMT-035-333,EHR_WRITE,EP-IND-00333
BC-00334,2026-01-01 00:49:32+00:00,0,IOMT-034,S-IOMT-034-334,LAB_RESULTS,EP-IND-00334
BC-00335,2026-01-01 00:49:36+00:00,0,IOMT-007,S-IOMT-007-335,RESEARCH,EP-IND-00335
BC-00336,2026-01-01 00:49:39+00:00,0,IOMT-012,S-IOMT-012-336,EHR_WRITE,EP-IND-00336
BC-00337,2026-01-01 00:49:44+00:00,0,IOMT-019,S-IOMT-019-337,EHR_READ,EP-IND-00337
BC-00338,2026-01-01 00:49:48+00:00,0,IOMT-025,S-IOMT-025-338,EHR_WRITE,EP-IND-00338
BC-00339,2026-01-01 00:50:10+00:00,0,IOMT-018,S-IOMT-018-339,LAB_RESULTS,EP-IND-00339
BC-00340,2026-01-01 00:50:24+00:00,0,IOMT-020,S-IOMT-020-340,RESEARCH,EP-IND-00340
BC-00341,2026-01-01 00:50:46+00:00,0,IOMT-040,S-IOMT-040-341,RESEARCH,EP-IND-00341
BC-00342,2026-01-01 00:50:53+00:00,0,IOMT-038,S-IOMT-038-342,EHR_WRITE,EP-IND-00342
BC-00343,2026-01-01 00:51:00+00:00,0,IOMT-003,S-IOMT-003-343,EHR_WRITE,EP-IND-00343
BC-00344,2026-01-01 00:51:05+00:00,0,IOMT-046,S-IOMT-046-344,IMAGING,EP-IND-00344
BC-00345,2026-01-01 00:51:06+00:00,0,IOMT-016,S-IOMT-016-345,IMAGING,EP-IND-00345
BC-00346,2026-01-01 00:51:07+00:00,0,IOMT-048,S-IOMT-048-346,LAB_RESULTS,EP-IND-00346
BC-00347,2026-01-01 00:51:08+00:00,0,IOMT-021,S-IOMT-021-347,IMAGING,EP-IND-00347
BC-00348,2026-01-01 00:51:10+00:00,0,IOMT-020,S-IOMT-020-348,LAB_RESULTS,EP-IND-00348
BC-00349,2026-01-01 00:51:32+00:00,0,IOMT-041,S-IOMT-041-349,EHR_READ,EP-IND-00349
BC-00350,2026-01-01 00:51:43+00:00,0,IOMT-018,S-IOMT-018-350,EHR_READ,EP-IND-00350
BC-00351,2026-01-01 00:51:50+00:00,0,IOMT-034,S-IOMT-034-351,EHR_READ,EP-IND-00351
BC-00352,2026-01-01 00:51:58+00:00,0,IOMT-034,S-IOMT-034-352,LAB_RESULTS,EP-IND-00352
BC-00353,2026-01-01 00:52:09+00:00,0,IOMT-002,S-IOMT-002-353,IMAGING,EP-IND-00353
BC-00354,2026-01-01 00:52:28+00:00,0,IOMT-001,S-IOMT-001-354,EHR_READ,EP-IND-00354
BC-00355,2026-01-01 00:52:32+00:00,0,IOMT-035,S-IOMT-035-355,RESEARCH,EP-IND-00355
BC-00356,2026-01-01 00:52:45+00:00,0,IOMT-025,S-IOMT-025-356,LAB_RESULTS,EP-IND-00356
BC-00357,2026-01-01 00:52:57+00:00,0,IOMT-012,S-IOMT-012-357,IMAGING,EP-IND-00357
BC-00358,2026-01-01 00:53:09+00:00,0,IOMT-042,S-IOMT-042-358,EHR_WRITE,EP-IND-00358
BC-00359,2026-01-01 00:53:27+00:00,0,IOMT-003,S-IOMT-003-359,LAB_RESULTS,EP-IND-00359
BC-00360,2026-01-01 00:53:27+00:00,0,IOMT-031,S-IOMT-031-360,IMAGING,EP-IND-00360
BC-00361,2026-01-01 00:53:28+00:00,0,IOMT-026,S-IOMT-026-361,EHR_READ,EP-IND-00361
BC-00362,2026-01-01 00:53:30+00:00,0,IOMT-008,S-IOMT-008-362,IMAGING,EP-IND-00362
BC-00363,2026-01-01 00:53:31+00:00,0,IOMT-009,S-IOMT-009-363,LAB_RESULTS,EP-IND-00363
BC-00364,2026-01-01 00:53:41+00:00,0,IOMT-040,S-IOMT-040-364,IMAGING,EP-IND-00364
BC-00365,2026-01-01 00:53:52+00:00,0,IOMT-016,S-IOMT-016-365,EHR_WRITE,EP-IND-00365
BC-00366,2026-01-01 00:53:55+00:00,0,IOMT-030,S-IOMT-030-366,IMAGING,EP-IND-00366
BC-00367,2026-01-01 00:54:06+00:00,0,IOMT-046,S-IOMT-046-367,LAB_RESULTS,EP-IND-00367
BC-00368,2026-01-01 00:54:15+00:00,0,IOMT-005,S-IOMT-005-368,RESEARCH,EP-IND-00368
BC-00369,2026-01-01 00:54:15+00:00,0,IOMT-017,S-IOMT-017-369,IMAGING,EP-IND-00369
BC-00370,2026-01-01 00:54:17+00:00,0,IOMT-032,S-IOMT-032-370,EHR_READ,EP-IND-00370
BC-00371,2026-01-01 00:54:42+00:00,0,IOMT-019,S-IOMT-019-371,EHR_WRITE,EP-IND-00371
BC-00372,2026-01-01 00:54:44+00:00,0,IOMT-039,S-IOMT-039-372,EHR_READ,EP-IND-00372
BC-00373,2026-01-01 00:54:45+00:00,0,IOMT-027,S-IOMT-027-373,IMAGING,EP-IND-00373
BC-00374,2026-01-01 00:54:51+00:00,0,IOMT-040,S-IOMT-040-374,RESEARCH,EP-IND-00374
BC-00375,2026-01-01 00:54:55+00:00,0,IOMT-041,S-IOMT-041-375,RESEARCH,EP-IND-00375
BC-00376,2026-01-01 00:55:11+00:00,0,IOMT-003,S-IOMT-003-376,EHR_READ,EP-IND-00376
BC-00377,2026-01-01 00:55:22+00:00,0,IOMT-043,S-IOMT-043-377,LAB_RESULTS,EP-IND-00377
BC-00378,2026-01-01 00:55:32+00:00,0,IOMT-016,S-IOMT-016-378,IMAGING,EP-IND-00378
BC-00379,2026-01-01 00:55:43+00:00,0,IOMT-012,S-IOMT-012-379,LAB_RESULTS,EP-IND-00379
BC-00380,2026-01-01 00:55:54+00:00,0,IOMT-045,S-IOMT-045-380,IMAGING,EP-IND-00380
BC-00381,2026-01-01 00:56:04+00:00,0,IOMT-027,S-IOMT-027-381,IMAGING,EP-IND-00381
BC-00382,2026-01-01 00:56:05+00:00,0,IOMT-008,S-IOMT-008-382,IMAGING,EP-IND-00382
BC-00383,2026-01-01 00:56:08+00:00,0,IOMT-020,S-IOMT-020-383,EHR_READ,EP-IND-00383
BC-00384,2026-01-01 00:56:11+00:00,0,IOMT-045,S-IOMT-045-384,IMAGING,EP-IND-00384
BC-00385,2026-01-01 00:56:16+00:00,0,IOMT-007,S-IOMT-007-385,IMAGING,EP-IND-00385
BC-00386,2026-01-01 00:56:27+00:00,0,IOMT-005,S-IOMT-005-386,RESEARCH,EP-IND-00386
BC-00387,2026-01-01 00:56:28+00:00,0,IOMT-006,S-IOMT-006-387,EHR_READ,EP-IND-00387
BC-00388,2026-01-01 00:56:36+00:00,0,IOMT-015,S-IOMT-015-388,LAB_RESULTS,EP-IND-00388
BC-00389,2026-01-01 00:36:23+00:00,1,IOMT-COORD-008,S-COORD-008,LAB_RESULTS,EP-COORD-008
BC-00390,2026-01-01 00:56:48+00:00,0,IOMT-039,S-IOMT-039-390,LAB_RESULTS,EP-IND-00390
BC-00391,2026-01-01 00:56:49+00:00,0,IOMT-024,S-IOMT-024-391,IMAGING,EP-IND-00391
BC-00392,2026-01-01 00:56:51+00:00,0,IOMT-016,S-IOMT-016-392,LAB_RESULTS,EP-IND-00392
BC-00393,2026-01-01 00:37:27+00:00,1,IOMT-COORD-009,S-COORD-009,RESEARCH,EP-COORD-009
BC-00394,2026-01-01 00:57:10+00:00,0,IOMT-028,S-IOMT-028-394,EHR_READ,EP-IND-00394
BC-00395,2026-01-01 00:57:13+00:00,0,IOMT-038,S-IOMT-038-395,LAB_RESULTS,EP-IND-00395
BC-00396,2026-01-01 00:57:37+00:00,0,IOMT-029,S-IOMT-029-396,RESEARCH,EP-IND-00396
BC-00397,2026-01-01 00:57:44+00:00,0,IOMT-023,S-IOMT-023-397,EHR_READ,EP-IND-00397
BC-00398,2026-01-01 00:57:46+00:00,0,IOMT-029,S-IOMT-029-398,IMAGING,EP-IND-00398
BC-00399,2026-01-01 00:57:46+00:00,0,IOMT-013,S-IOMT-013-399,RESEARCH,EP-IND-00399
BC-00400,2026-01-01 00:35:57+00:00,1,IOMT-COORD-010,S-COORD-010,EHR_READ,EP-COORD-010
BC-00401,2026-01-01 00:57:57+00:00,0,IOMT-005,S-IOMT-005-401,LAB_RESULTS,EP-IND-00401
BC-00402,2026-01-01 00:58:12+00:00,0,IOMT-041,S-IOMT-041-402,EHR_READ,EP-IND-00402
BC-00403,2026-01-01 00:58:39+00:00,0,IOMT-041,S-IOMT-041-403,EHR_WRITE,EP-IND-00403
BC-00404,2026-01-01 00:58:51+00:00,0,IOMT-003,S-IOMT-003-404,IMAGING,EP-IND-00404
BC-00405,2026-01-01 00:58:58+00:00,0,IOMT-043,S-IOMT-043-405,EHR_WRITE,EP-IND-00405
BC-00406,2026-01-01 00:59:01+00:00,0,IOMT-048,S-IOMT-048-406,RESEARCH,EP-IND-00406
BC-00407,2026-01-01 00:59:14+00:00,0,IOMT-042,S-IOMT-042-407,IMAGING,EP-IND-00407
BC-00408,2026-01-01 00:59:14+00:00,0,IOMT-003,S-IOMT-003-408,RESEARCH,EP-IND-00408
BC-00409,2026-01-01 00:59:18+00:00,0,IOMT-006,S-IOMT-006-409,RESEARCH,EP-IND-00409
BC-00410,2026-01-01 00:59:28+00:00,0,IOMT-000,S-IOMT-000-410,LAB_RESULTS,EP-IND-00410
BC-00411,2026-01-01 00:59:47+00:00,0,IOMT-036,S-IOMT-036-411,EHR_WRITE,EP-IND-00411
BC-00412,2026-01-01 00:59:50+00:00,0,IOMT-008,S-IOMT-008-412,LAB_RESULTS,EP-IND-00412
BC-00413,2026-01-01 00:59:54+00:00,0,IOMT-032,S-IOMT-032-413,RESEARCH,EP-IND-00413
BC-00414,2026-01-01 00:59:55+00:00,0,IOMT-024,S-IOMT-024-414,RESEARCH,EP-IND-00414
BC-00415,2026-01-01 01:00:03+00:00,0,IOMT-001,S-IOMT-001-415,RESEARCH,EP-IND-00415
BC-00416,2026-01-01 01:00:12+00:00,0,IOMT-047,S-IOMT-047-416,EHR_WRITE,EP-IND-00416
BC-00417,2026-01-01 01:00:16+00:00,0,IOMT-035,S-IOMT-035-417,RESEARCH,EP-IND-00417
BC-00418,2026-01-01 01:00:32+00:00,0,IOMT-040,S-IOMT-040-418,LAB_RESULTS,EP-IND-00418
BC-00419,2026-01-01 01:00:36+00:00,0,IOMT-034,S-IOMT-034-419,IMAGING,EP-IND-00419
BC-00420,2026-01-01 01:00:38+00:00,0,IOMT-013,S-IOMT-013-420,RESEARCH,EP-IND-00420
BC-00421,2026-01-01 01:01:06+00:00,0,IOMT-012,S-IOMT-012-421,EHR_WRITE,EP-IND-00421
BC-00422,2026-01-01 01:01:21+00:00,0,IOMT-038,S-IOMT-038-422,EHR_READ,EP-IND-00422
BC-00423,2026-01-01 01:01:40+00:00,0,IOMT-002,S-IOMT-002-423,EHR_WRITE,EP-IND-00423
BC-00424,2026-01-01 01:01:54+00:00,0,IOMT-049,S-IOMT-049-424,LAB_RESULTS,EP-IND-00424
BC-00425,2026-01-01 01:02:07+00:00,0,IOMT-044,S-IOMT-044-425,EHR_WRITE,EP-IND-00425
BC-00426,2026-01-01 01:02:16+00:00,0,IOMT-032,S-IOMT-032-426,IMAGING,EP-IND-00426
BC-00427,2026-01-01 01:02:29+00:00,0,IOMT-028,S-IOMT-028-427,IMAGING,EP-IND-00427
BC-00428,2026-01-01 01:02:45+00:00,0,IOMT-034,S-IOMT-034-428,EHR_READ,EP-IND-00428
BC-00429,2026-01-01 01:02:54+00:00,0,IOMT-009,S-IOMT-009-429,IMAGING,EP-IND-00429
BC-00430,2026-01-01 01:03:10+00:00,0,IOMT-023,S-IOMT-023-430,EHR_WRITE,EP-IND-00430
BC-00431,2026-01-01 01:03:16+00:00,0,IOMT-023,S-IOMT-023-431,IMAGING,EP-IND-00431
BC-00432,2026-01-01 01:03:19+00:00,0,IOMT-045,S-IOMT-045-432,RESEARCH,EP-IND-00432
BC-00433,2026-01-01 01:03:22+00:00,0,IOMT-030,S-IOMT-030-433,LAB_RESULTS,EP-IND-00433
BC-00434,2026-01-01 01:03:24+00:00,0,IOMT-027,S-IOMT-027-434,EHR_WRITE,EP-IND-00434
BC-00435,2026-01-01 01:03:24+00:00,0,IOMT-020,S-IOMT-020-435,EHR_READ,EP-IND-00435
BC-00436,2026-01-01 01:03:25+00:00,0,IOMT-037,S-IOMT-037-436,EHR_READ,EP-IND-00436
BC-00437,2026-01-01 01:03:37+00:00,0,IOMT-022,S-IOMT-022-437,IMAGING,EP-IND-00437
BC-00438,2026-01-01 01:03:41+00:00,0,IOMT-037,S-IOMT-037-438,RESEARCH,EP-IND-00438
BC-00439,2026-01-01 01:03:52+00:00,0,IOMT-047,S-IOMT-047-439,RESEARCH,EP-IND-00439
BC-00440,2026-01-01 01:03:53+00:00,0,IOMT-032,S-IOMT-032-440,RESEARCH,EP-IND-00440
BC-00441,2026-01-01 01:04:07+00:00,0,IOMT-001,S-IOMT-001-441,EHR_WRITE,EP-IND-00441
BC-00442,2026-01-01 01:04:36+00:00,0,IOMT-041,S-IOMT-041-442,RESEARCH,EP-IND-00442
BC-00443,2026-01-01 01:05:32+00:00,0,IOMT-038,S-IOMT-038-443,IMAGING,EP-IND-00443
BC-00444,2026-01-01 01:05:38+00:00,0,IOMT-001,S-IOMT-001-444,EHR_WRITE,EP-IND-00444
BC-00445,2026-01-01 01:05:43+00:00,0,IOMT-035,S-IOMT-035-445,EHR_WRITE,EP-IND-00445
BC-00446,2026-01-01 01:05:52+00:00,0,IOMT-005,S-IOMT-005-446,RESEARCH,EP-IND-00446
BC-00447,2026-01-01 01:05:56+00:00,0,IOMT-042,S-IOMT-042-447,LAB_RESULTS,EP-IND-00447
BC-00448,2026-01-01 01:06:03+00:00,0,IOMT-012,S-IOMT-012-448,IMAGING,EP-IND-00448
BC-00449,2026-01-01 01:06:06+00:00,0,IOMT-046,S-IOMT-046-449,IMAGING,EP-IND-00449
BC-00450,2026-01-01 01:06:18+00:00,0,IOMT-034,S-IOMT-034-450,IMAGING,EP-IND-00450
BC-00451,2026-01-01 01:06:18+00:00,0,IOMT-003,S-IOMT-003-451,LAB_RESULTS,EP-IND-00451
BC-00452,2026-01-01 01:06:56+00:00,0,IOMT-046,S-IOMT-046-452,RESEARCH,EP-IND-00452
BC-00453,2026-01-01 01:07:10+00:00,0,IOMT-040,S-IOMT-040-453,RESEARCH,EP-IND-00453
BC-00454,2026-01-01 01:07:23+00:00,0,IOMT-003,S-IOMT-003-454,RESEARCH,EP-IND-00454
BC-00455,2026-01-01 01:07:28+00:00,0,IOMT-040,S-IOMT-040-455,LAB_RESULTS,EP-IND-00455
BC-00456,2026-01-01 01:07:30+00:00,0,IOMT-042,S-IOMT-042-456,RESEARCH,EP-IND-00456
BC-00457,2026-01-01 01:07:51+00:00,0,IOMT-038,S-IOMT-038-457,EHR_WRITE,EP-IND-00457
BC-00458,2026-01-01 01:07:52+00:00,0,IOMT-024,S-IOMT-024-458,RESEARCH,EP-IND-00458
BC-00459,2026-01-01 01:08:17+00:00,0,IOMT-017,S-IOMT-017-459,EHR_WRITE,EP-IND-00459
BC-00460,2026-01-01 01:08:21+00:00,0,IOMT-047,S-IOMT-047-460,EHR_READ,EP-IND-00460
BC-00461,2026-01-01 01:08:38+00:00,0,IOMT-023,S-IOMT-023-461,IMAGING,EP-IND-00461
BC-00462,2026-01-01 01:08:50+00:00,0,IOMT-032,S-IOMT-032-462,IMAGING,EP-IND-00462
BC-00463,2026-01-01 01:09:05+00:00,0,IOMT-000,S-IOMT-000-463,EHR_WRITE,EP-IND-00463
BC-00464,2026-01-01 01:09:28+00:00,0,IOMT-044,S-IOMT-044-464,RESEARCH,EP-IND-00464
BC-00465,2026-01-01 01:09:31+00:00,0,IOMT-005,S-IOMT-005-465,EHR_READ,EP-IND-00465
BC-00466,2026-01-01 01:09:32+00:00,0,IOMT-008,S-IOMT-008-466,IMAGING,EP-IND-00466
BC-00467,2026-01-01 01:09:41+00:00,0,IOMT-001,S-IOMT-001-467,RESEARCH,EP-IND-00467
BC-00468,2026-01-01 01:09:43+00:00,0,IOMT-048,S-IOMT-048-468,LAB_RESULTS,EP-IND-00468
BC-00469,2026-01-01 01:10:03+00:00,0,IOMT-039,S-IOMT-039-469,RESEARCH,EP-IND-00469
BC-00470,2026-01-01 01:10:09+00:00,0,IOMT-019,S-IOMT-019-470,RESEARCH,EP-IND-00470
BC-00471,2026-01-01 01:10:14+00:00,0,IOMT-028,S-IOMT-028-471,EHR_WRITE,EP-IND-00471
BC-00472,2026-01-01 01:10:18+00:00,0,IOMT-044,S-IOMT-044-472,IMAGING,EP-IND-00472
BC-00473,2026-01-01 01:10:38+00:00,0,IOMT-038,S-IOMT-038-473,LAB_RESULTS,EP-IND-00473
BC-00474,2026-01-01 01:10:49+00:00,0,IOMT-031,S-IOMT-031-474,LAB_RESULTS,EP-IND-00474
BC-00475,2026-01-01 01:10:59+00:00,0,IOMT-043,S-IOMT-043-475,IMAGING,EP-IND-00475
BC-00476,2026-01-01 01:11:33+00:00,0,IOMT-012,S-IOMT-012-476,EHR_WRITE,EP-IND-00476
BC-00477,2026-01-01 01:11:43+00:00,0,IOMT-043,S-IOMT-043-477,EHR_READ,EP-IND-00477
BC-00478,2026-01-01 01:11:44+00:00,0,IOMT-011,S-IOMT-011-478,LAB_RESULTS,EP-IND-00478
BC-00479,2026-01-01 01:11:45+00:00,0,IOMT-005,S-IOMT-005-479,EHR_READ,EP-IND-00479
BC-00480,2026-01-01 01:11:46+00:00,0,IOMT-034,S-IOMT-034-480,EHR_READ,EP-IND-00480
BC-00481,2026-01-01 01:11:54+00:00,0,IOMT-036,S-IOMT-036-481,EHR_WRITE,EP-IND-00481
BC-00482,2026-01-01 01:12:12+00:00,0,IOMT-010,S-IOMT-010-482,EHR_WRITE,EP-IND-00482
BC-00483,2026-01-01 01:12:23+00:00,0,IOMT-039,S-IOMT-039-483,LAB_RESULTS,EP-IND-00483
BC-00484,2026-01-01 01:12:34+00:00,0,IOMT-030,S-IOMT-030-484,RESEARCH,EP-IND-00484
BC-00485,2026-01-01 01:12:52+00:00,0,IOMT-010,S-IOMT-010-485,LAB_RESULTS,EP-IND-00485
BC-00486,2026-01-01 01:13:00+00:00,0,IOMT-036,S-IOMT-036-486,LAB_RESULTS,EP-IND-00486
BC-00487,2026-01-01 01:13:02+00:00,0,IOMT-023,S-IOMT-023-487,LAB_RESULTS,EP-IND-00487
BC-00488,2026-01-01 01:13:08+00:00,0,IOMT-029,S-IOMT-029-488,IMAGING,EP-IND-00488
BC-00489,2026-01-01 01:13:12+00:00,0,IOMT-018,S-IOMT-018-489,LAB_RESULTS,EP-IND-00489
BC-00490,2026-01-01 01:13:20+00:00,0,IOMT-008,S-IOMT-008-490,EHR_READ,EP-IND-00490
BC-00491,2026-01-01 01:13:33+00:00,0,IOMT-046,S-IOMT-046-491,EHR_READ,EP-IND-00491
BC-00492,2026-01-01 01:13:48+00:00,0,IOMT-035,S-IOMT-035-492,RESEARCH,EP-IND-00492
BC-00493,2026-01-01 01:13:51+00:00,0,IOMT-009,S-IOMT-009-493,IMAGING,EP-IND-00493
BC-00494,2026-01-01 01:14:00+00:00,0,IOMT-006,S-IOMT-006-494,EHR_WRITE,EP-IND-00494
BC-00495,2026-01-01 01:14:04+00:00,0,IOMT-005,S-IOMT-005-495,IMAGING,EP-IND-00495
BC-00496,2026-01-01 01:14:16+00:00,0,IOMT-016,S-IOMT-016-496,EHR_WRITE,EP-IND-00496
BC-00497,2026-01-01 01:14:29+00:00,0,IOMT-014,S-IOMT-014-497,EHR_READ,EP-IND-00497
BC-00498,2026-01-01 01:14:41+00:00,0,IOMT-008,S-IOMT-008-498,EHR_WRITE,EP-IND-00498
BC-00499,2026-01-01 01:14:47+00:00,0,IOMT-029,S-IOMT-029-499,EHR_READ,EP-IND-00499
BC-00500,2026-01-01 01:14:48+00:00,0,IOMT-019,S-IOMT-019-500,EHR_WRITE,EP-IND-00500
BC-00501,2026-01-01 01:14:48+00:00,0,IOMT-007,S-IOMT-007-501,EHR_WRITE,EP-IND-00501
BC-00502,2026-01-01 01:14:56+00:00,0,IOMT-026,S-IOMT-026-502,EHR_WRITE,EP-IND-00502
BC-00503,2026-01-01 01:15:10+00:00,0,IOMT-034,S-IOMT-034-503,RESEARCH,EP-IND-00503
BC-00504,2026-01-01 01:15:13+00:00,0,IOMT-004,S-IOMT-004-504,LAB_RESULTS,EP-IND-00504
BC-00505,2026-01-01 01:15:18+00:00,0,IOMT-001,S-IOMT-001-505,RESEARCH,EP-IND-00505
BC-00506,2026-01-01 01:15:29+00:00,0,IOMT-033,S-IOMT-033-506,IMAGING,EP-IND-00506
BC-00507,2026-01-01 01:15:32+00:00,0,IOMT-010,S-IOMT-010-507,RESEARCH,EP-IND-00507
BC-00508,2026-01-01 01:15:47+00:00,0,IOMT-039,S-IOMT-039-508,EHR_WRITE,EP-IND-00508
BC-00509,2026-01-01 01:15:48+00:00,0,IOMT-048,S-IOMT-048-509,EHR_READ,EP-IND-00509
BC-00510,2026-01-01 01:15:55+00:00,0,IOMT-031,S-IOMT-031-510,EHR_WRITE,EP-IND-00510
BC-00511,2026-01-01 01:15:57+00:00,0,IOMT-015,S-IOMT-015-511,IMAGING,EP-IND-00511
BC-00512,2026-01-01 01:16:07+00:00,0,IOMT-006,S-IOMT-006-512,LAB_RESULTS,EP-IND-00512
BC-00513,2026-01-01 01:16:09+00:00,0,IOMT-001,S-IOMT-001-513,LAB_RESULTS,EP-IND-00513
BC-00514,2026-01-01 01:16:18+00:00,0,IOMT-006,S-IOMT-006-514,RESEARCH,EP-IND-00514
BC-00515,2026-01-01 01:16:27+00:00,0,IOMT-048,S-IOMT-048-515,RESEARCH,EP-IND-00515
BC-00516,2026-01-01 01:16:41+00:00,0,IOMT-024,S-IOMT-024-516,LAB_RESULTS,EP-IND-00516
BC-00517,2026-01-01 00:39:00+00:00,1,IOMT-COORD-011,S-COORD-011,EHR_WRITE,EP-COORD-011
BC-00518,2026-01-01 01:16:59+00:00,0,IOMT-015,S-IOMT-015-518,EHR_READ,EP-IND-00518
BC-00519,2026-01-01 01:17:01+00:00,0,IOMT-018,S-IOMT-018-519,LAB_RESULTS,EP-IND-00519
BC-00520,2026-01-01 01:17:09+00:00,0,IOMT-039,S-IOMT-039-520,EHR_WRITE,EP-IND-00520
BC-00521,2026-01-01 01:17:22+00:00,0,IOMT-019,S-IOMT-019-521,EHR_WRITE,EP-IND-00521
BC-00522,2026-01-01 01:17:49+00:00,0,IOMT-019,S-IOMT-019-522,EHR_READ,EP-IND-00522
BC-00523,2026-01-01 01:17:51+00:00,0,IOMT-021,S-IOMT-021-523,LAB_RESULTS,EP-IND-00523
BC-00524,2026-01-01 01:17:53+00:00,0,IOMT-041,S-IOMT-041-524,EHR_READ,EP-IND-00524
BC-00525,2026-01-01 01:17:54+00:00,0,IOMT-010,S-IOMT-010-525,IMAGING,EP-IND-00525
BC-00526,2026-01-01 01:18:01+00:00,0,IOMT-039,S-IOMT-039-526,EHR_READ,EP-IND-00526
BC-00527,2026-01-01 01:18:02+00:00,0,IOMT-030,S-IOMT-030-527,LAB_RESULTS,EP-IND-00527
BC-00528,2026-01-01 01:18:06+00:00,0,IOMT-022,S-IOMT-022-528,LAB_RESULTS,EP-IND-00528
BC-00529,2026-01-01 01:18:09+00:00,0,IOMT-020,S-IOMT-020-529,EHR_READ,EP-IND-00529
BC-00530,2026-01-01 01:18:12+00:00,0,IOMT-007,S-IOMT-007-530,RESEARCH,EP-IND-00530
BC-00531,2026-01-01 01:18:28+00:00,0,IOMT-023,S-IOMT-023-531,EHR_WRITE,EP-IND-00531
BC-00532,2026-01-01 01:18:42+00:00,0,IOMT-044,S-IOMT-044-532,EHR_READ,EP-IND-00532
BC-00533,2026-01-01 01:18:44+00:00,0,IOMT-045,S-IOMT-045-533,LAB_RESULTS,EP-IND-00533
BC-00534,2026-01-01 01:18:47+00:00,0,IOMT-020,S-IOMT-020-534,RESEARCH,EP-IND-00534
BC-00535,2026-01-01 01:18:50+00:00,0,IOMT-035,S-IOMT-035-535,IMAGING,EP-IND-00535
BC-00536,2026-01-01 01:18:57+00:00,0,IOMT-007,S-IOMT-007-536,EHR_WRITE,EP-IND-00536
BC-00537,2026-01-01 01:19:25+00:00,0,IOMT-021,S-IOMT-021-537,EHR_READ,EP-IND-00537
BC-00538,2026-01-01 01:19:25+00:00,0,IOMT-033,S-IOMT-033-538,EHR_READ,EP-IND-00538
BC-00539,2026-01-01 01:19:35+00:00,0,IOMT-005,S-IOMT-005-539,EHR_WRITE,EP-IND-00539
BC-00540,2026-01-01 01:19:35+00:00,0,IOMT-024,S-IOMT-024-540,RESEARCH,EP-IND-00540
BC-00541,2026-01-01 01:20:00+00:00,0,IOMT-018,S-IOMT-018-541,IMAGING,EP-IND-00541
BC-00542,2026-01-01 01:20:11+00:00,0,IOMT-031,S-IOMT-031-542,IMAGING,EP-IND-00542
BC-00543,2026-01-01 01:20:37+00:00,0,IOMT-037,S-IOMT-037-543,RESEARCH,EP-IND-00543
BC-00544,2026-01-01 01:21:01+00:00,0,IOMT-040,S-IOMT-040-544,IMAGING,EP-IND-00544
BC-00545,2026-01-01 01:21:09+00:00,0,IOMT-011,S-IOMT-011-545,IMAGING,EP-IND-00545
BC-00546,2026-01-01 01:21:15+00:00,0,IOMT-028,S-IOMT-028-546,RESEARCH,EP-IND-00546
BC-00547,2026-01-01 01:21:22+00:00,0,IOMT-006,S-IOMT-006-547,EHR_WRITE,EP-IND-00547
BC-00548,2026-01-01 01:21:28+00:00,0,IOMT-002,S-IOMT-002-548,EHR_READ,EP-IND-00548
BC-00549,2026-01-01 01:21:30+00:00,0,IOMT-004,S-IOMT-004-549,LAB_RESULTS,EP-IND-00549
BC-00550,2026-01-01 01:21:43+00:00,0,IOMT-006,S-IOMT-006-550,RESEARCH,EP-IND-00550
BC-00551,2026-01-01 01:21:45+00:00,0,IOMT-019,S-IOMT-019-551,IMAGING,EP-IND-00551
BC-00552,2026-01-01 01:21:48+00:00,0,IOMT-028,S-IOMT-028-552,EHR_READ,EP-IND-00552
BC-00553,2026-01-01 01:22:05+00:00,0,IOMT-038,S-IOMT-038-553,LAB_RESULTS,EP-IND-00553
BC-00554,2026-01-01 01:22:05+00:00,0,IOMT-018,S-IOMT-018-554,EHR_READ,EP-IND-00554
BC-00555,2026-01-01 01:22:09+00:00,0,IOMT-001,S-IOMT-001-555,LAB_RESULTS,EP-IND-00555
BC-00556,2026-01-01 01:22:27+00:00,0,IOMT-032,S-IOMT-032-556,LAB_RESULTS,EP-IND-00556
BC-00557,2026-01-01 01:22:37+00:00,0,IOMT-044,S-IOMT-044-557,EHR_READ,EP-IND-00557
BC-00558,2026-01-01 01:22:38+00:00,0,IOMT-031,S-IOMT-031-558,LAB_RESULTS,EP-IND-00558
BC-00559,2026-01-01 01:23:32+00:00,0,IOMT-000,S-IOMT-000-559,IMAGING,EP-IND-00559
BC-00560,2026-01-01 01:23:40+00:00,0,IOMT-032,S-IOMT-032-560,LAB_RESULTS,EP-IND-00560
BC-00561,2026-01-01 01:23:45+00:00,0,IOMT-043,S-IOMT-043-561,EHR_WRITE,EP-IND-00561
BC-00562,2026-01-01 01:23:50+00:00,0,IOMT-004,S-IOMT-004-562,EHR_WRITE,EP-IND-00562
BC-00563,2026-01-01 01:23:58+00:00,0,IOMT-003,S-IOMT-003-563,EHR_READ,EP-IND-00563
BC-00564,2026-01-01 01:24:02+00:00,0,IOMT-032,S-IOMT-032-564,EHR_WRITE,EP-IND-00564
BC-00565,2026-01-01 01:24:04+00:00,0,IOMT-028,S-IOMT-028-565,EHR_WRITE,EP-IND-00565
BC-00566,2026-01-01 01:24:14+00:00,0,IOMT-046,S-IOMT-046-566,EHR_WRITE,EP-IND-00566
BC-00567,2026-01-01 01:24:19+00:00,0,IOMT-002,S-IOMT-002-567,RESEARCH,EP-IND-00567
BC-00568,2026-01-01 01:24:20+00:00,0,IOMT-008,S-IOMT-008-568,EHR_WRITE,EP-IND-00568
BC-00569,2026-01-01 01:24:22+00:00,0,IOMT-014,S-IOMT-014-569,IMAGING,EP-IND-00569
BC-00570,2026-01-01 00:44:12+00:00,1,IOMT-COORD-012,S-COORD-012,IMAGING,EP-COORD-012
BC-00571,2026-01-01 01:24:25+00:00,0,IOMT-003,S-IOMT-003-571,EHR_READ,EP-IND-00571
BC-00572,2026-01-01 01:24:29+00:00,0,IOMT-016,S-IOMT-016-572,EHR_READ,EP-IND-00572
BC-00573,2026-01-01 01:24:49+00:00,0,IOMT-012,S-IOMT-012-573,LAB_RESULTS,EP-IND-00573
BC-00574,2026-01-01 01:24:53+00:00,0,IOMT-046,S-IOMT-046-574,EHR_READ,EP-IND-00574
BC-00575,2026-01-01 01:24:57+00:00,0,IOMT-026,S-IOMT-026-575,RESEARCH,EP-IND-00575
BC-00576,2026-01-01 01:25:10+00:00,0,IOMT-018,S-IOMT-018-576,EHR_READ,EP-IND-00576
BC-00577,2026-01-01 01:25:15+00:00,0,IOMT-022,S-IOMT-022-577,LAB_RESULTS,EP-IND-00577
BC-00578,2026-01-01 01:25:29+00:00,0,IOMT-035,S-IOMT-035-578,RESEARCH,EP-IND-00578
BC-00579,2026-01-01 01:25:29+00:00,0,IOMT-040,S-IOMT-040-579,EHR_WRITE,EP-IND-00579
BC-00580,2026-01-01 01:25:50+00:00,0,IOMT-003,S-IOMT-003-580,EHR_READ,EP-IND-00580
BC-00581,2026-01-01 01:25:52+00:00,0,IOMT-033,S-IOMT-033-581,EHR_READ,EP-IND-00581
BC-00582,2026-01-01 01:25:58+00:00,0,IOMT-037,S-IOMT-037-582,IMAGING,EP-IND-00582
BC-00583,2026-01-01 01:26:04+00:00,0,IOMT-038,S-IOMT-038-583,EHR_WRITE,EP-IND-00583
BC-00584,2026-01-01 01:26:16+00:00,0,IOMT-012,S-IOMT-012-584,EHR_READ,EP-IND-00584
BC-00585,2026-01-01 01:26:20+00:00,0,IOMT-015,S-IOMT-015-585,RESEARCH,EP-IND-00585
BC-00586,2026-01-01 01:26:24+00:00,0,IOMT-046,S-IOMT-046-586,RESEARCH,EP-IND-00586
BC-00587,2026-01-01 01:26:32+00:00,0,IOMT-014,S-IOMT-014-587,EHR_WRITE,EP-IND-00587
BC-00588,2026-01-01 01:26:32+00:00,0,IOMT-012,S-IOMT-012-588,IMAGING,EP-IND-00588
BC-00589,2026-01-01 01:27:13+00:00,0,IOMT-006,S-IOMT-006-589,LAB_RESULTS,EP-IND-00589
BC-00590,2026-01-01 01:27:13+00:00,0,IOMT-010,S-IOMT-010-590,IMAGING,EP-IND-00590
BC-00591,2026-01-01 01:27:17+00:00,0,IOMT-017,S-IOMT-017-591,EHR_READ,EP-IND-00591
BC-00592,2026-01-01 01:27:18+00:00,0,IOMT-010,S-IOMT-010-592,RESEARCH,EP-IND-00592
BC-00593,2026-01-01 01:27:22+00:00,0,IOMT-039,S-IOMT-039-593,LAB_RESULTS,EP-IND-00593
BC-00594,2026-01-01 01:27:31+00:00,0,IOMT-015,S-IOMT-015-594,RESEARCH,EP-IND-00594
BC-00595,2026-01-01 01:27:38+00:00,0,IOMT-041,S-IOMT-041-595,EHR_READ,EP-IND-00595
BC-00596,2026-01-01 01:28:18+00:00,0,IOMT-013,S-IOMT-013-596,IMAGING,EP-IND-00596
BC-00597,2026-01-01 01:28:25+00:00,0,IOMT-027,S-IOMT-027-597,LAB_RESULTS,EP-IND-00597
BC-00598,2026-01-01 01:28:33+00:00,0,IOMT-009,S-IOMT-009-598,EHR_READ,EP-IND-00598
BC-00599,2026-01-01 01:28:48+00:00,0,IOMT-022,S-IOMT-022-599,EHR_READ,EP-IND-00599
BC-00600,2026-01-01 01:28:58+00:00,0,IOMT-017,S-IOMT-017-600,IMAGING,EP-IND-00600
BC-00601,2026-01-01 01:29:00+00:00,0,IOMT-031,S-IOMT-031-601,EHR_READ,EP-IND-00601
BC-00602,2026-01-01 01:29:30+00:00,0,IOMT-047,S-IOMT-047-602,LAB_RESULTS,EP-IND-00602
BC-00603,2026-01-01 01:30:07+00:00,0,IOMT-002,S-IOMT-002-603,LAB_RESULTS,EP-IND-00603
BC-00604,2026-01-01 01:30:16+00:00,0,IOMT-013,S-IOMT-013-604,EHR_READ,EP-IND-00604
BC-00605,2026-01-01 01:30:17+00:00,0,IOMT-037,S-IOMT-037-605,RESEARCH,EP-IND-00605
BC-00606,2026-01-01 01:30:20+00:00,0,IOMT-049,S-IOMT-049-606,EHR_READ,EP-IND-00606
BC-00607,2026-01-01 01:30:24+00:00,0,IOMT-034,S-IOMT-034-607,EHR_WRITE,EP-IND-00607
BC-00608,2026-01-01 01:31:00+00:00,0,IOMT-033,S-IOMT-033-608,LAB_RESULTS,EP-IND-00608
BC-00609,2026-01-01 01:31:12+00:00,0,IOMT-018,S-IOMT-018-609,RESEARCH,EP-IND-00609
BC-00610,2026-01-01 01:31:22+00:00,0,IOMT-047,S-IOMT-047-610,EHR_READ,EP-IND-00610
BC-00611,2026-01-01 01:31:53+00:00,0,IOMT-045,S-IOMT-045-611,IMAGING,EP-IND-00611
BC-00612,2026-01-01 01:32:05+00:00,0,IOMT-040,S-IOMT-040-612,IMAGING,EP-IND-00612
BC-00613,2026-01-01 01:32:13+00:00,0,IOMT-006,S-IOMT-006-613,IMAGING,EP-IND-00613
BC-00614,2026-01-01 01:32:21+00:00,0,IOMT-038,S-IOMT-038-614,IMAGING,EP-IND-00614
BC-00615,2026-01-01 01:32:21+00:00,0,IOMT-033,S-IOMT-033-615,LAB_RESULTS,EP-IND-00615
BC-00616,2026-01-01 01:32:33+00:00,0,IOMT-004,S-IOMT-004-616,RESEARCH,EP-IND-00616
BC-00617,2026-01-01 00:48:22+00:00,1,IOMT-COORD-013,S-COORD-013,LAB_RESULTS,EP-COORD-013
BC-00618,2026-01-01 01:32:48+00:00,0,IOMT-016,S-IOMT-016-618,EHR_WRITE,EP-IND-00618
BC-00619,2026-01-01 01:32:57+00:00,0,IOMT-019,S-IOMT-019-619,LAB_RESULTS,EP-IND-00619
BC-00620,2026-01-01 01:33:05+00:00,0,IOMT-012,S-IOMT-012-620,RESEARCH,EP-IND-00620
BC-00621,2026-01-01 01:33:21+00:00,0,IOMT-038,S-IOMT-038-621,EHR_READ,EP-IND-00621
BC-00622,2026-01-01 01:33:31+00:00,0,IOMT-047,S-IOMT-047-622,LAB_RESULTS,EP-IND-00622
BC-00623,2026-01-01 01:33:46+00:00,0,IOMT-011,S-IOMT-011-623,IMAGING,EP-IND-00623
BC-00624,2026-01-01 01:33:50+00:00,0,IOMT-047,S-IOMT-047-624,LAB_RESULTS,EP-IND-00624
BC-00625,2026-01-01 01:33:51+00:00,0,IOMT-011,S-IOMT-011-625,RESEARCH,EP-IND-00625
BC-00626,2026-01-01 01:33:52+00:00,0,IOMT-049,S-IOMT-049-626,RESEARCH,EP-IND-00626
BC-00627,2026-01-01 01:33:52+00:00,0,IOMT-041,S-IOMT-041-627,IMAGING,EP-IND-00627
BC-00628,2026-01-01 01:33:54+00:00,0,IOMT-006,S-IOMT-006-628,RESEARCH,EP-IND-00628
BC-00629,2026-01-01 01:34:00+00:00,0,IOMT-016,S-IOMT-016-629,RESEARCH,EP-IND-00629
BC-00630,2026-01-01 01:34:08+00:00,0,IOMT-031,S-IOMT-031-630,EHR_WRITE,EP-IND-00630
BC-00631,2026-01-01 01:34:11+00:00,0,IOMT-040,S-IOMT-040-631,EHR_WRITE,EP-IND-00631
BC-00632,2026-01-01 01:34:19+00:00,0,IOMT-014,S-IOMT-014-632,LAB_RESULTS,EP-IND-00632
BC-00633,2026-01-01 01:34:23+00:00,0,IOMT-049,S-IOMT-049-633,EHR_READ,EP-IND-00633
BC-00634,2026-01-01 01:34:33+00:00,0,IOMT-013,S-IOMT-013-634,RESEARCH,EP-IND-00634
BC-00635,2026-01-01 01:34:49+00:00,0,IOMT-006,S-IOMT-006-635,EHR_WRITE,EP-IND-00635
BC-00636,2026-01-01 00:51:23+00:00,1,IOMT-COORD-014,S-COORD-014,RESEARCH,EP-COORD-014
BC-00637,2026-01-01 01:34:53+00:00,0,IOMT-021,S-IOMT-021-637,LAB_RESULTS,EP-IND-00637
BC-00638,2026-01-01 01:34:57+00:00,0,IOMT-027,S-IOMT-027-638,IMAGING,EP-IND-00638
BC-00639,2026-01-01 01:34:58+00:00,0,IOMT-026,S-IOMT-026-639,EHR_WRITE,EP-IND-00639
BC-00640,2026-01-01 01:34:58+00:00,0,IOMT-041,S-IOMT-041-640,LAB_RESULTS,EP-IND-00640
BC-00641,2026-01-01 01:35:05+00:00,0,IOMT-039,S-IOMT-039-641,IMAGING,EP-IND-00641
BC-00642,2026-01-01 01:35:26+00:00,0,IOMT-028,S-IOMT-028-642,RESEARCH,EP-IND-00642
BC-00643,2026-01-01 01:35:34+00:00,0,IOMT-015,S-IOMT-015-643,EHR_WRITE,EP-IND-00643
BC-00644,2026-01-01 01:35:36+00:00,0,IOMT-026,S-IOMT-026-644,IMAGING,EP-IND-00644
BC-00645,2026-01-01 01:35:45+00:00,0,IOMT-017,S-IOMT-017-645,LAB_RESULTS,EP-IND-00645
BC-00646,2026-01-01 01:35:47+00:00,0,IOMT-017,S-IOMT-017-646,EHR_WRITE,EP-IND-00646
BC-00647,2026-01-01 01:35:50+00:00,0,IOMT-042,S-IOMT-042-647,IMAGING,EP-IND-00647
BC-00648,2026-01-01 01:36:10+00:00,0,IOMT-025,S-IOMT-025-648,RESEARCH,EP-IND-00648
BC-00649,2026-01-01 01:36:47+00:00,0,IOMT-046,S-IOMT-046-649,EHR_READ,EP-IND-00649
BC-00650,2026-01-01 01:37:06+00:00,0,IOMT-033,S-IOMT-033-650,LAB_RESULTS,EP-IND-00650
BC-00651,2026-01-01 01:37:15+00:00,0,IOMT-049,S-IOMT-049-651,EHR_WRITE,EP-IND-00651
BC-00652,2026-01-01 01:37:17+00:00,0,IOMT-046,S-IOMT-046-652,EHR_WRITE,EP-IND-00652
BC-00653,2026-01-01 01:37:24+00:00,0,IOMT-046,S-IOMT-046-653,IMAGING,EP-IND-00653
BC-00654,2026-01-01 01:37:26+00:00,0,IOMT-010,S-IOMT-010-654,IMAGING,EP-IND-00654
BC-00655,2026-01-01 01:37:27+00:00,0,IOMT-000,S-IOMT-000-655,EHR_READ,EP-IND-00655
BC-00656,2026-01-01 01:37:49+00:00,0,IOMT-016,S-IOMT-016-656,IMAGING,EP-IND-00656
BC-00657,2026-01-01 01:37:54+00:00,0,IOMT-004,S-IOMT-004-657,EHR_WRITE,EP-IND-00657
BC-00658,2026-01-01 01:38:00+00:00,0,IOMT-049,S-IOMT-049-658,RESEARCH,EP-IND-00658
BC-00659,2026-01-01 01:38:16+00:00,0,IOMT-047,S-IOMT-047-659,EHR_READ,EP-IND-00659
BC-00660,2026-01-01 01:38:22+00:00,0,IOMT-026,S-IOMT-026-660,IMAGING,EP-IND-00660
BC-00661,2026-01-01 01:38:30+00:00,0,IOMT-019,S-IOMT-019-661,EHR_WRITE,EP-IND-00661
BC-00662,2026-01-01 01:38:45+00:00,0,IOMT-030,S-IOMT-030-662,IMAGING,EP-IND-00662
BC-00663,2026-01-01 01:38:46+00:00,0,IOMT-012,S-IOMT-012-663,RESEARCH,EP-IND-00663
BC-00664,2026-01-01 01:38:47+00:00,0,IOMT-022,S-IOMT-022-664,EHR_WRITE,EP-IND-00664
BC-00665,2026-01-01 01:38:54+00:00,0,IOMT-008,S-IOMT-008-665,RESEARCH,EP-IND-00665
BC-00666,2026-01-01 01:39:09+00:00,0,IOMT-045,S-IOMT-045-666,RESEARCH,EP-IND-00666
BC-00667,2026-01-01 01:39:10+00:00,0,IOMT-048,S-IOMT-048-667,IMAGING,EP-IND-00667
BC-00668,2026-01-01 01:39:12+00:00,0,IOMT-000,S-IOMT-000-668,EHR_READ,EP-IND-00668
BC-00669,2026-01-01 01:39:14+00:00,0,IOMT-030,S-IOMT-030-669,RESEARCH,EP-IND-00669
BC-00670,2026-01-01 01:39:30+00:00,0,IOMT-029,S-IOMT-029-670,LAB_RESULTS,EP-IND-00670
BC-00671,2026-01-01 01:39:31+00:00,0,IOMT-038,S-IOMT-038-671,EHR_WRITE,EP-IND-00671
BC-00672,2026-01-01 01:39:34+00:00,0,IOMT-012,S-IOMT-012-672,LAB_RESULTS,EP-IND-00672
BC-00673,2026-01-01 01:39:42+00:00,0,IOMT-041,S-IOMT-041-673,RESEARCH,EP-IND-00673
BC-00674,2026-01-01 01:39:46+00:00,0,IOMT-004,S-IOMT-004-674,IMAGING,EP-IND-00674
BC-00675,2026-01-01 01:40:08+00:00,0,IOMT-020,S-IOMT-020-675,LAB_RESULTS,EP-IND-00675
BC-00676,2026-01-01 01:40:13+00:00,0,IOMT-045,S-IOMT-045-676,IMAGING,EP-IND-00676
BC-00677,2026-01-01 01:40:17+00:00,0,IOMT-005,S-IOMT-005-677,EHR_READ,EP-IND-00677
BC-00678,2026-01-01 01:40:18+00:00,0,IOMT-034,S-IOMT-034-678,LAB_RESULTS,EP-IND-00678
BC-00679,2026-01-01 01:40:41+00:00,0,IOMT-042,S-IOMT-042-679,EHR_READ,EP-IND-00679
BC-00680,2026-01-01 01:40:48+00:00,0,IOMT-019,S-IOMT-019-680,LAB_RESULTS,EP-IND-00680
BC-00681,2026-01-01 01:40:53+00:00,0,IOMT-036,S-IOMT-036-681,LAB_RESULTS,EP-IND-00681
BC-00682,2026-01-01 01:41:07+00:00,0,IOMT-040,S-IOMT-040-682,LAB_RESULTS,EP-IND-00682
BC-00683,2026-01-01 01:41:18+00:00,0,IOMT-000,S-IOMT-000-683,RESEARCH,EP-IND-00683
BC-00684,2026-01-01 01:41:47+00:00,0,IOMT-023,S-IOMT-023-684,IMAGING,EP-IND-00684
BC-00685,2026-01-01 01:41:48+00:00,0,IOMT-017,S-IOMT-017-685,IMAGING,EP-IND-00685
BC-00686,2026-01-01 01:41:52+00:00,0,IOMT-048,S-IOMT-048-686,LAB_RESULTS,EP-IND-00686
BC-00687,2026-01-01 01:42:00+00:00,0,IOMT-018,S-IOMT-018-687,IMAGING,EP-IND-00687
BC-00688,2026-01-01 01:42:06+00:00,0,IOMT-046,S-IOMT-046-688,IMAGING,EP-IND-00688
BC-00689,2026-01-01 01:42:11+00:00,0,IOMT-040,S-IOMT-040-689,EHR_WRITE,EP-IND-00689
BC-00690,2026-01-01 01:42:18+00:00,0,IOMT-036,S-IOMT-036-690,IMAGING,EP-IND-00690
BC-00691,2026-01-01 01:42:18+00:00,0,IOMT-001,S-IOMT-001-691,EHR_WRITE,EP-IND-00691
BC-00692,2026-01-01 01:42:24+00:00,0,IOMT-016,S-IOMT-016-692,EHR_WRITE,EP-IND-00692
BC-00693,2026-01-01 01:42:31+00:00,0,IOMT-045,S-IOMT-045-693,IMAGING,EP-IND-00693
BC-00694,2026-01-01 01:42:33+00:00,0,IOMT-039,S-IOMT-039-694,RESEARCH,EP-IND-00694
BC-00695,2026-01-01 01:42:40+00:00,0,IOMT-017,S-IOMT-017-695,RESEARCH,EP-IND-00695
BC-00696,2026-01-01 01:42:56+00:00,0,IOMT-027,S-IOMT-027-696,LAB_RESULTS,EP-IND-00696
BC-00697,2026-01-01 01:43:01+00:00,0,IOMT-006,S-IOMT-006-697,RESEARCH,EP-IND-00697
BC-00698,2026-01-01 01:43:06+00:00,0,IOMT-047,S-IOMT-047-698,LAB_RESULTS,EP-IND-00698
BC-00699,2026-01-01 01:43:11+00:00,0,IOMT-024,S-IOMT-024-699,IMAGING,EP-IND-00699
BC-00700,2026-01-01 01:43:26+00:00,0,IOMT-039,S-IOMT-039-700,RESEARCH,EP-IND-00700
BC-00701,2026-01-01 01:43:27+00:00,0,IOMT-004,S-IOMT-004-701,RESEARCH,EP-IND-00701
BC-00702,2026-01-01 01:43:29+00:00,0,IOMT-012,S-IOMT-012-702,EHR_WRITE,EP-IND-00702
BC-00703,2026-01-01 01:43:38+00:00,0,IOMT-026,S-IOMT-026-703,RESEARCH,EP-IND-00703
BC-00704,2026-01-01 01:43:44+00:00,0,IOMT-048,S-IOMT-048-704,IMAGING,EP-IND-00704
BC-00705,2026-01-01 01:43:51+00:00,0,IOMT-009,S-IOMT-009-705,EHR_WRITE,EP-IND-00705
BC-00706,2026-01-01 01:43:52+00:00,0,IOMT-011,S-IOMT-011-706,RESEARCH,EP-IND-00706
BC-00707,2026-01-01 01:43:53+00:00,0,IOMT-040,S-IOMT-040-707,EHR_WRITE,EP-IND-00707
BC-00708,2026-01-01 01:44:03+00:00,0,IOMT-028,S-IOMT-028-708,RESEARCH,EP-IND-00708
BC-00709,2026-01-01 01:44:05+00:00,0,IOMT-020,S-IOMT-020-709,LAB_RESULTS,EP-IND-00709
BC-00710,2026-01-01 01:44:06+00:00,0,IOMT-035,S-IOMT-035-710,RESEARCH,EP-IND-00710
BC-00711,2026-01-01 01:44:17+00:00,0,IOMT-020,S-IOMT-020-711,EHR_WRITE,EP-IND-00711
BC-00712,2026-01-01 01:44:29+00:00,0,IOMT-047,S-IOMT-047-712,EHR_READ,EP-IND-00712
BC-00713,2026-01-01 01:44:44+00:00,0,IOMT-026,S-IOMT-026-713,LAB_RESULTS,EP-IND-00713
BC-00714,2026-01-01 01:44:48+00:00,0,IOMT-010,S-IOMT-010-714,EHR_WRITE,EP-IND-00714
BC-00715,2026-01-01 01:44:49+00:00,0,IOMT-023,S-IOMT-023-715,IMAGING,EP-IND-00715
BC-00716,2026-01-01 01:44:52+00:00,0,IOMT-045,S-IOMT-045-716,LAB_RESULTS,EP-IND-00716
BC-00717,2026-01-01 01:44:55+00:00,0,IOMT-043,S-IOMT-043-717,IMAGING,EP-IND-00717
BC-00718,2026-01-01 01:45:14+00:00,0,IOMT-043,S-IOMT-043-718,RESEARCH,EP-IND-00718
BC-00719,2026-01-01 01:45:38+00:00,0,IOMT-004,S-IOMT-004-719,RESEARCH,EP-IND-00719
BC-00720,2026-01-01 01:45:57+00:00,0,IOMT-039,S-IOMT-039-720,RESEARCH,EP-IND-00720
BC-00721,2026-01-01 01:46:13+00:00,0,IOMT-021,S-IOMT-021-721,IMAGING,EP-IND-00721
BC-00722,2026-01-01 01:46:16+00:00,0,IOMT-019,S-IOMT-019-722,RESEARCH,EP-IND-00722
BC-00723,2026-01-01 01:46:19+00:00,0,IOMT-020,S-IOMT-020-723,EHR_WRITE,EP-IND-00723
BC-00724,2026-01-01 01:46:27+00:00,0,IOMT-029,S-IOMT-029-724,LAB_RESULTS,EP-IND-00724
BC-00725,2026-01-01 01:46:33+00:00,0,IOMT-004,S-IOMT-004-725,RESEARCH,EP-IND-00725
BC-00726,2026-01-01 01:46:34+00:00,0,IOMT-045,S-IOMT-045-726,EHR_READ,EP-IND-00726
BC-00727,2026-01-01 01:46:35+00:00,0,IOMT-035,S-IOMT-035-727,EHR_READ,EP-IND-00727
BC-00728,2026-01-01 01:46:49+00:00,0,IOMT-000,S-IOMT-000-728,EHR_WRITE,EP-IND-00728
BC-00729,2026-01-01 01:46:51+00:00,0,IOMT-045,S-IOMT-045-729,RESEARCH,EP-IND-00729
BC-00730,2026-01-01 01:46:54+00:00,0,IOMT-030,S-IOMT-030-730,RESEARCH,EP-IND-00730
BC-00731,2026-01-01 01:46:56+00:00,0,IOMT-004,S-IOMT-004-731,IMAGING,EP-IND-00731
BC-00732,2026-01-01 01:46:58+00:00,0,IOMT-003,S-IOMT-003-732,EHR_READ,EP-IND-00732
BC-00733,2026-01-01 01:47:01+00:00,0,IOMT-015,S-IOMT-015-733,EHR_READ,EP-IND-00733
BC-00734,2026-01-01 01:47:02+00:00,0,IOMT-024,S-IOMT-024-734,RESEARCH,EP-IND-00734
BC-00735,2026-01-01 01:47:22+00:00,0,IOMT-040,S-IOMT-040-735,IMAGING,EP-IND-00735
BC-00736,2026-01-01 01:47:35+00:00,0,IOMT-019,S-IOMT-019-736,EHR_READ,EP-IND-00736
BC-00737,2026-01-01 01:47:42+00:00,0,IOMT-000,S-IOMT-000-737,IMAGING,EP-IND-00737
BC-00738,2026-01-01 01:47:44+00:00,0,IOMT-049,S-IOMT-049-738,EHR_WRITE,EP-IND-00738
BC-00739,2026-01-01 01:47:49+00:00,0,IOMT-010,S-IOMT-010-739,IMAGING,EP-IND-00739
BC-00740,2026-01-01 01:48:01+00:00,0,IOMT-021,S-IOMT-021-740,EHR_WRITE,EP-IND-00740
BC-00741,2026-01-01 01:48:21+00:00,0,IOMT-022,S-IOMT-022-741,LAB_RESULTS,EP-IND-00741
BC-00742,2026-01-01 01:48:23+00:00,0,IOMT-003,S-IOMT-003-742,IMAGING,EP-IND-00742
BC-00743,2026-01-01 01:48:30+00:00,0,IOMT-034,S-IOMT-034-743,EHR_WRITE,EP-IND-00743
BC-00744,2026-01-01 01:48:34+00:00,0,IOMT-034,S-IOMT-034-744,EHR_WRITE,EP-IND-00744
BC-00745,2026-01-01 01:48:35+00:00,0,IOMT-005,S-IOMT-005-745,EHR_WRITE,EP-IND-00745
BC-00746,2026-01-01 01:48:37+00:00,0,IOMT-005,S-IOMT-005-746,RESEARCH,EP-IND-00746
BC-00747,2026-01-01 01:48:42+00:00,0,IOMT-035,S-IOMT-035-747,EHR_READ,EP-IND-00747
BC-00748,2026-01-01 01:49:19+00:00,0,IOMT-045,S-IOMT-045-748,EHR_WRITE,EP-IND-00748
BC-00749,2026-01-01 01:49:19+00:00,0,IOMT-043,S-IOMT-043-749,IMAGING,EP-IND-00749
BC-00750,2026-01-01 01:49:32+00:00,0,IOMT-048,S-IOMT-048-750,EHR_READ,EP-IND-00750
BC-00751,2026-01-01 01:49:36+00:00,0,IOMT-005,S-IOMT-005-751,IMAGING,EP-IND-00751
BC-00752,2026-01-01 01:49:37+00:00,0,IOMT-017,S-IOMT-017-752,EHR_READ,EP-IND-00752
BC-00753,2026-01-01 01:49:39+00:00,0,IOMT-040,S-IOMT-040-753,EHR_WRITE,EP-IND-00753
BC-00754,2026-01-01 01:49:57+00:00,0,IOMT-043,S-IOMT-043-754,IMAGING,EP-IND-00754
BC-00755,2026-01-01 01:50:01+00:00,0,IOMT-043,S-IOMT-043-755,EHR_WRITE,EP-IND-00755
BC-00756,2026-01-01 01:50:05+00:00,0,IOMT-021,S-IOMT-021-756,EHR_WRITE,EP-IND-00756
BC-00757,2026-01-01 01:50:09+00:00,0,IOMT-021,S-IOMT-021-757,EHR_WRITE,EP-IND-00757
BC-00758,2026-01-01 01:50:11+00:00,0,IOMT-032,S-IOMT-032-758,RESEARCH,EP-IND-00758
BC-00759,2026-01-01 01:50:29+00:00,0,IOMT-048,S-IOMT-048-759,LAB_RESULTS,EP-IND-00759
BC-00760,2026-01-01 01:50:31+00:00,0,IOMT-039,S-IOMT-039-760,IMAGING,EP-IND-00760
BC-00761,2026-01-01 01:50:45+00:00,0,IOMT-047,S-IOMT-047-761,EHR_READ,EP-IND-00761
BC-00762,2026-01-01 01:50:51+00:00,0,IOMT-046,S-IOMT-046-762,EHR_READ,EP-IND-00762
BC-00763,2026-01-01 01:50:57+00:00,0,IOMT-019,S-IOMT-019-763,RESEARCH,EP-IND-00763
BC-00764,2026-01-01 01:50:57+00:00,0,IOMT-047,S-IOMT-047-764,EHR_READ,EP-IND-00764
BC-00765,2026-01-01 01:51:00+00:00,0,IOMT-014,S-IOMT-014-765,IMAGING,EP-IND-00765
BC-00766,2026-01-01 01:51:26+00:00,0,IOMT-015,S-IOMT-015-766,LAB_RESULTS,EP-IND-00766
BC-00767,2026-01-01 01:51:28+00:00,0,IOMT-036,S-IOMT-036-767,RESEARCH,EP-IND-00767
BC-00768,2026-01-01 01:51:36+00:00,0,IOMT-035,S-IOMT-035-768,EHR_WRITE,EP-IND-00768
BC-00769,2026-01-01 01:51:52+00:00,0,IOMT-021,S-IOMT-021-769,EHR_WRITE,EP-IND-00769
BC-00770,2026-01-01 01:52:04+00:00,0,IOMT-044,S-IOMT-044-770,IMAGING,EP-IND-00770
BC-00771,2026-01-01 01:52:39+00:00,0,IOMT-043,S-IOMT-043-771,EHR_READ,EP-IND-00771
BC-00772,2026-01-01 01:52:41+00:00,0,IOMT-019,S-IOMT-019-772,RESEARCH,EP-IND-00772
BC-00773,2026-01-01 01:52:43+00:00,0,IOMT-018,S-IOMT-018-773,EHR_READ,EP-IND-00773
BC-00774,2026-01-01 01:52:45+00:00,0,IOMT-035,S-IOMT-035-774,RESEARCH,EP-IND-00774
BC-00775,2026-01-01 01:53:01+00:00,0,IOMT-016,S-IOMT-016-775,EHR_READ,EP-IND-00775
BC-00776,2026-01-01 01:53:06+00:00,0,IOMT-046,S-IOMT-046-776,LAB_RESULTS,EP-IND-00776
BC-00777,2026-01-01 01:53:15+00:00,0,IOMT-048,S-IOMT-048-777,RESEARCH,EP-IND-00777
BC-00778,2026-01-01 01:53:27+00:00,0,IOMT-009,S-IOMT-009-778,LAB_RESULTS,EP-IND-00778
BC-00779,2026-01-01 01:53:28+00:00,0,IOMT-049,S-IOMT-049-779,EHR_WRITE,EP-IND-00779
BC-00780,2026-01-01 01:53:28+00:00,0,IOMT-040,S-IOMT-040-780,EHR_READ,EP-IND-00780
BC-00781,2026-01-01 01:53:34+00:00,0,IOMT-007,S-IOMT-007-781,EHR_READ,EP-IND-00781
BC-00782,2026-01-01 01:53:34+00:00,0,IOMT-010,S-IOMT-010-782,EHR_WRITE,EP-IND-00782
BC-00783,2026-01-01 01:53:35+00:00,0,IOMT-033,S-IOMT-033-783,IMAGING,EP-IND-00783
BC-00784,2026-01-01 01:53:41+00:00,0,IOMT-007,S-IOMT-007-784,LAB_RESULTS,EP-IND-00784
BC-00785,2026-01-01 01:53:42+00:00,0,IOMT-033,S-IOMT-033-785,LAB_RESULTS,EP-IND-00785
BC-00786,2026-01-01 01:53:45+00:00,0,IOMT-018,S-IOMT-018-786,EHR_READ,EP-IND-00786
BC-00787,2026-01-01 01:53:56+00:00,0,IOMT-024,S-IOMT-024-787,EHR_READ,EP-IND-00787
BC-00788,2026-01-01 01:53:58+00:00,0,IOMT-041,S-IOMT-041-788,IMAGING,EP-IND-00788
BC-00789,2026-01-01 01:53:59+00:00,0,IOMT-020,S-IOMT-020-789,EHR_READ,EP-IND-00789
BC-00790,2026-01-01 01:54:11+00:00,0,IOMT-025,S-IOMT-025-790,EHR_READ,EP-IND-00790
BC-00791,2026-01-01 01:54:16+00:00,0,IOMT-014,S-IOMT-014-791,EHR_WRITE,EP-IND-00791
BC-00792,2026-01-01 01:54:17+00:00,0,IOMT-025,S-IOMT-025-792,RESEARCH,EP-IND-00792
BC-00793,2026-01-01 01:54:19+00:00,0,IOMT-021,S-IOMT-021-793,EHR_READ,EP-IND-00793
BC-00794,2026-01-01 01:54:26+00:00,0,IOMT-004,S-IOMT-004-794,RESEARCH,EP-IND-00794
BC-00795,2026-01-01 01:54:42+00:00,0,IOMT-045,S-IOMT-045-795,LAB_RESULTS,EP-IND-00795
BC-00796,2026-01-01 01:54:55+00:00,0,IOMT-002,S-IOMT-002-796,RESEARCH,EP-IND-00796
BC-00797,2026-01-01 01:55:00+00:00,0,IOMT-043,S-IOMT-043-797,IMAGING,EP-IND-00797
BC-00798,2026-01-01 01:55:04+00:00,0,IOMT-036,S-IOMT-036-798,LAB_RESULTS,EP-IND-00798
BC-00799,2026-01-01 01:55:11+00:00,0,IOMT-021,S-IOMT-021-799,RESEARCH,EP-IND-00799
BC-00800,2026-01-01 01:55:27+00:00,0,IOMT-003,S-IOMT-003-800,EHR_WRITE,EP-IND-00800
BC-00801,2026-01-01 01:55:28+00:00,0,IOMT-039,S-IOMT-039-801,EHR_WRITE,EP-IND-00801
BC-00802,2026-01-01 01:55:43+00:00,0,IOMT-006,S-IOMT-006-802,IMAGING,EP-IND-00802
BC-00803,2026-01-01 01:55:55+00:00,0,IOMT-049,S-IOMT-049-803,LAB_RESULTS,EP-IND-00803
BC-00804,2026-01-01 01:56:07+00:00,0,IOMT-009,S-IOMT-009-804,IMAGING,EP-IND-00804
BC-00805,2026-01-01 01:56:14+00:00,0,IOMT-010,S-IOMT-010-805,EHR_WRITE,EP-IND-00805
BC-00806,2026-01-01 01:56:22+00:00,0,IOMT-037,S-IOMT-037-806,IMAGING,EP-IND-00806
BC-00807,2026-01-01 01:56:24+00:00,0,IOMT-043,S-IOMT-043-807,RESEARCH,EP-IND-00807
BC-00808,2026-01-01 01:56:29+00:00,0,IOMT-046,S-IOMT-046-808,EHR_READ,EP-IND-00808
BC-00809,2026-01-01 01:56:34+00:00,0,IOMT-031,S-IOMT-031-809,LAB_RESULTS,EP-IND-00809
BC-00810,2026-01-01 01:56:51+00:00,0,IOMT-019,S-IOMT-019-810,LAB_RESULTS,EP-IND-00810
BC-00811,2026-01-01 01:57:01+00:00,0,IOMT-027,S-IOMT-027-811,IMAGING,EP-IND-00811
BC-00812,2026-01-01 01:57:11+00:00,0,IOMT-023,S-IOMT-023-812,RESEARCH,EP-IND-00812
BC-00813,2026-01-01 01:57:22+00:00,0,IOMT-017,S-IOMT-017-813,EHR_READ,EP-IND-00813
BC-00814,2026-01-01 01:57:33+00:00,0,IOMT-028,S-IOMT-028-814,RESEARCH,EP-IND-00814
BC-00815,2026-01-01 01:57:33+00:00,0,IOMT-031,S-IOMT-031-815,RESEARCH,EP-IND-00815
BC-00816,2026-01-01 01:57:40+00:00,0,IOMT-029,S-IOMT-029-816,EHR_READ,EP-IND-00816
BC-00817,2026-01-01 01:58:12+00:00,0,IOMT-019,S-IOMT-019-817,RESEARCH,EP-IND-00817
BC-00818,2026-01-01 01:58:18+00:00,0,IOMT-034,S-IOMT-034-818,EHR_READ,EP-IND-00818
BC-00819,2026-01-01 01:58:26+00:00,0,IOMT-046,S-IOMT-046-819,LAB_RESULTS,EP-IND-00819
BC-00820,2026-01-01 01:58:26+00:00,0,IOMT-018,S-IOMT-018-820,LAB_RESULTS,EP-IND-00820
BC-00821,2026-01-01 01:58:33+00:00,0,IOMT-034,S-IOMT-034-821,IMAGING,EP-IND-00821
BC-00822,2026-01-01 01:58:38+00:00,0,IOMT-004,S-IOMT-004-822,EHR_WRITE,EP-IND-00822
BC-00823,2026-01-01 01:58:45+00:00,0,IOMT-035,S-IOMT-035-823,EHR_READ,EP-IND-00823
BC-00824,2026-01-01 01:58:52+00:00,0,IOMT-027,S-IOMT-027-824,EHR_READ,EP-IND-00824
BC-00825,2026-01-01 01:58:54+00:00,0,IOMT-022,S-IOMT-022-825,EHR_WRITE,EP-IND-00825
BC-00826,2026-01-01 01:59:14+00:00,0,IOMT-038,S-IOMT-038-826,EHR_WRITE,EP-IND-00826
BC-00827,2026-01-01 01:59:16+00:00,0,IOMT-007,S-IOMT-007-827,RESEARCH,EP-IND-00827
BC-00828,2026-01-01 01:59:35+00:00,0,IOMT-025,S-IOMT-025-828,EHR_READ,EP-IND-00828
BC-00829,2026-01-01 01:59:40+00:00,0,IOMT-001,S-IOMT-001-829,LAB_RESULTS,EP-IND-00829
BC-00830,2026-01-01 01:59:41+00:00,0,IOMT-031,S-IOMT-031-830,RESEARCH,EP-IND-00830
BC-00831,2026-01-01 01:59:41+00:00,0,IOMT-003,S-IOMT-003-831,IMAGING,EP-IND-00831
BC-00832,2026-01-01 01:59:42+00:00,0,IOMT-003,S-IOMT-003-832,EHR_WRITE,EP-IND-00832
BC-00833,2026-01-01 01:59:55+00:00,0,IOMT-022,S-IOMT-022-833,IMAGING,EP-IND-00833
BC-00834,2026-01-01 01:59:56+00:00,0,IOMT-027,S-IOMT-027-834,RESEARCH,EP-IND-00834
BC-00835,2026-01-01 01:59:58+00:00,0,IOMT-023,S-IOMT-023-835,LAB_RESULTS,EP-IND-00835
BC-00836,2026-01-01 02:00:11+00:00,0,IOMT-048,S-IOMT-048-836,LAB_RESULTS,EP-IND-00836
BC-00837,2026-01-01 02:00:11+00:00,0,IOMT-039,S-IOMT-039-837,IMAGING,EP-IND-00837
BC-00838,2026-01-01 02:00:14+00:00,0,IOMT-030,S-IOMT-030-838,LAB_RESULTS,EP-IND-00838
BC-00839,2026-01-01 02:00:15+00:00,0,IOMT-031,S-IOMT-031-839,IMAGING,EP-IND-00839
BC-00840,2026-01-01 02:00:16+00:00,0,IOMT-049,S-IOMT-049-840,RESEARCH,EP-IND-00840
BC-00841,2026-01-01 02:00:21+00:00,0,IOMT-001,S-IOMT-001-841,EHR_READ,EP-IND-00841
BC-00842,2026-01-01 02:01:03+00:00,0,IOMT-047,S-IOMT-047-842,RESEARCH,EP-IND-00842
BC-00843,2026-01-01 02:01:05+00:00,0,IOMT-024,S-IOMT-024-843,IMAGING,EP-IND-00843
BC-00844,2026-01-01 02:01:22+00:00,0,IOMT-016,S-IOMT-016-844,RESEARCH,EP-IND-00844
BC-00845,2026-01-01 00:51:49+00:00,1,IOMT-COORD-015,S-COORD-015,EHR_READ,EP-COORD-015
BC-00846,2026-01-01 02:01:38+00:00,0,IOMT-048,S-IOMT-048-846,RESEARCH,EP-IND-00846
BC-00847,2026-01-01 02:01:44+00:00,0,IOMT-022,S-IOMT-022-847,EHR_READ,EP-IND-00847
BC-00848,2026-01-01 02:01:45+00:00,0,IOMT-027,S-IOMT-027-848,EHR_WRITE,EP-IND-00848
BC-00849,2026-01-01 02:01:54+00:00,0,IOMT-049,S-IOMT-049-849,EHR_WRITE,EP-IND-00849
BC-00850,2026-01-01 02:02:16+00:00,0,IOMT-037,S-IOMT-037-850,RESEARCH,EP-IND-00850
BC-00851,2026-01-01 02:02:28+00:00,0,IOMT-044,S-IOMT-044-851,EHR_WRITE,EP-IND-00851
BC-00852,2026-01-01 02:02:41+00:00,0,IOMT-018,S-IOMT-018-852,LAB_RESULTS,EP-IND-00852
BC-00853,2026-01-01 02:03:02+00:00,0,IOMT-033,S-IOMT-033-853,IMAGING,EP-IND-00853
BC-00854,2026-01-01 02:03:03+00:00,0,IOMT-038,S-IOMT-038-854,LAB_RESULTS,EP-IND-00854
BC-00855,2026-01-01 02:03:08+00:00,0,IOMT-024,S-IOMT-024-855,RESEARCH,EP-IND-00855
BC-00856,2026-01-01 02:03:13+00:00,0,IOMT-009,S-IOMT-009-856,LAB_RESULTS,EP-IND-00856
BC-00857,2026-01-01 02:03:16+00:00,0,IOMT-045,S-IOMT-045-857,EHR_WRITE,EP-IND-00857
BC-00858,2026-01-01 02:03:31+00:00,0,IOMT-008,S-IOMT-008-858,LAB_RESULTS,EP-IND-00858
BC-00859,2026-01-01 02:03:33+00:00,0,IOMT-049,S-IOMT-049-859,IMAGING,EP-IND-00859
BC-00860,2026-01-01 02:03:41+00:00,0,IOMT-031,S-IOMT-031-860,RESEARCH,EP-IND-00860
BC-00861,2026-01-01 02:03:41+00:00,0,IOMT-019,S-IOMT-019-861,EHR_READ,EP-IND-00861
BC-00862,2026-01-01 02:03:46+00:00,0,IOMT-028,S-IOMT-028-862,IMAGING,EP-IND-00862
BC-00863,2026-01-01 02:03:48+00:00,0,IOMT-037,S-IOMT-037-863,IMAGING,EP-IND-00863
BC-00864,2026-01-01 02:03:52+00:00,0,IOMT-031,S-IOMT-031-864,RESEARCH,EP-IND-00864
BC-00865,2026-01-01 02:03:53+00:00,0,IOMT-040,S-IOMT-040-865,RESEARCH,EP-IND-00865
BC-00866,2026-01-01 02:03:54+00:00,0,IOMT-045,S-IOMT-045-866,EHR_READ,EP-IND-00866
BC-00867,2026-01-01 02:05:15+00:00,0,IOMT-048,S-IOMT-048-867,EHR_WRITE,EP-IND-00867
BC-00868,2026-01-01 02:05:19+00:00,0,IOMT-003,S-IOMT-003-868,EHR_WRITE,EP-IND-00868
BC-00869,2026-01-01 02:05:47+00:00,0,IOMT-025,S-IOMT-025-869,IMAGING,EP-IND-00869
BC-00870,2026-01-01 02:06:04+00:00,0,IOMT-011,S-IOMT-011-870,LAB_RESULTS,EP-IND-00870
BC-00871,2026-01-01 02:06:15+00:00,0,IOMT-017,S-IOMT-017-871,EHR_READ,EP-IND-00871
BC-00872,2026-01-01 02:06:28+00:00,0,IOMT-024,S-IOMT-024-872,EHR_WRITE,EP-IND-00872
BC-00873,2026-01-01 02:06:45+00:00,0,IOMT-023,S-IOMT-023-873,EHR_READ,EP-IND-00873
BC-00874,2026-01-01 02:06:48+00:00,0,IOMT-048,S-IOMT-048-874,EHR_READ,EP-IND-00874
BC-00875,2026-01-01 02:06:52+00:00,0,IOMT-014,S-IOMT-014-875,RESEARCH,EP-IND-00875
BC-00876,2026-01-01 02:06:53+00:00,0,IOMT-027,S-IOMT-027-876,IMAGING,EP-IND-00876
BC-00877,2026-01-01 02:06:56+00:00,0,IOMT-034,S-IOMT-034-877,IMAGING,EP-IND-00877
BC-00878,2026-01-01 02:06:59+00:00,0,IOMT-002,S-IOMT-002-878,LAB_RESULTS,EP-IND-00878
BC-00879,2026-01-01 02:07:00+00:00,0,IOMT-031,S-IOMT-031-879,EHR_WRITE,EP-IND-00879
BC-00880,2026-01-01 02:07:14+00:00,0,IOMT-037,S-IOMT-037-880,IMAGING,EP-IND-00880
BC-00881,2026-01-01 00:54:42+00:00,1,IOMT-COORD-016,S-COORD-016,EHR_WRITE,EP-COORD-016
BC-00882,2026-01-01 02:07:34+00:00,0,IOMT-009,S-IOMT-009-882,EHR_WRITE,EP-IND-00882
BC-00883,2026-01-01 02:07:41+00:00,0,IOMT-046,S-IOMT-046-883,EHR_WRITE,EP-IND-00883
BC-00884,2026-01-01 02:07:42+00:00,0,IOMT-046,S-IOMT-046-884,RESEARCH,EP-IND-00884
BC-00885,2026-01-01 02:07:45+00:00,0,IOMT-030,S-IOMT-030-885,EHR_READ,EP-IND-00885
BC-00886,2026-01-01 02:07:59+00:00,0,IOMT-008,S-IOMT-008-886,RESEARCH,EP-IND-00886
BC-00887,2026-01-01 02:08:03+00:00,0,IOMT-007,S-IOMT-007-887,EHR_WRITE,EP-IND-00887
BC-00888,2026-01-01 02:08:18+00:00,0,IOMT-026,S-IOMT-026-888,RESEARCH,EP-IND-00888
BC-00889,2026-01-01 02:08:18+00:00,0,IOMT-037,S-IOMT-037-889,RESEARCH,EP-IND-00889
BC-00890,2026-01-01 02:08:27+00:00,0,IOMT-028,S-IOMT-028-890,EHR_READ,EP-IND-00890
BC-00891,2026-01-01 02:08:35+00:00,0,IOMT-029,S-IOMT-029-891,EHR_READ,EP-IND-00891
BC-00892,2026-01-01 02:08:56+00:00,0,IOMT-032,S-IOMT-032-892,IMAGING,EP-IND-00892
BC-00893,2026-01-01 02:09:06+00:00,0,IOMT-022,S-IOMT-022-893,EHR_WRITE,EP-IND-00893
BC-00894,2026-01-01 02:09:15+00:00,0,IOMT-004,S-IOMT-004-894,LAB_RESULTS,EP-IND-00894
BC-00895,2026-01-01 02:09:15+00:00,0,IOMT-018,S-IOMT-018-895,IMAGING,EP-IND-00895
BC-00896,2026-01-01 02:09:34+00:00,0,IOMT-041,S-IOMT-041-896,EHR_WRITE,EP-IND-00896
BC-00897,2026-01-01 02:10:04+00:00,0,IOMT-002,S-IOMT-002-897,EHR_WRITE,EP-IND-00897
BC-00898,2026-01-01 02:10:20+00:00,0,IOMT-036,S-IOMT-036-898,EHR_WRITE,EP-IND-00898
BC-00899,2026-01-01 00:56:29+00:00,1,IOMT-COORD-017,S-COORD-017,IMAGING,EP-COORD-017
BC-00900,2026-01-01 02:10:37+00:00,0,IOMT-013,S-IOMT-013-900,EHR_READ,EP-IND-00900
BC-00901,2026-01-01 02:10:37+00:00,0,IOMT-030,S-IOMT-030-901,IMAGING,EP-IND-00901
BC-00902,2026-01-01 02:10:37+00:00,0,IOMT-032,S-IOMT-032-902,EHR_WRITE,EP-IND-00902
BC-00903,2026-01-01 02:10:50+00:00,0,IOMT-010,S-IOMT-010-903,EHR_READ,EP-IND-00903
BC-00904,2026-01-01 02:10:58+00:00,0,IOMT-017,S-IOMT-017-904,RESEARCH,EP-IND-00904
BC-00905,2026-01-01 02:10:58+00:00,0,IOMT-037,S-IOMT-037-905,EHR_WRITE,EP-IND-00905
BC-00906,2026-01-01 02:11:04+00:00,0,IOMT-029,S-IOMT-029-906,LAB_RESULTS,EP-IND-00906
BC-00907,2026-01-01 02:11:17+00:00,0,IOMT-008,S-IOMT-008-907,LAB_RESULTS,EP-IND-00907
BC-00908,2026-01-01 02:11:48+00:00,0,IOMT-036,S-IOMT-036-908,EHR_READ,EP-IND-00908
BC-00909,2026-01-01 02:12:01+00:00,0,IOMT-022,S-IOMT-022-909,EHR_WRITE,EP-IND-00909
BC-00910,2026-01-01 02:12:02+00:00,0,IOMT-040,S-IOMT-040-910,LAB_RESULTS,EP-IND-00910
BC-00911,2026-01-01 02:12:08+00:00,0,IOMT-047,S-IOMT-047-911,RESEARCH,EP-IND-00911
BC-00912,2026-01-01 02:12:32+00:00,0,IOMT-048,S-IOMT-048-912,LAB_RESULTS,EP-IND-00912
BC-00913,2026-01-01 02:12:34+00:00,0,IOMT-038,S-IOMT-038-913,LAB_RESULTS,EP-IND-00913
BC-00914,2026-01-01 02:12:42+00:00,0,IOMT-018,S-IOMT-018-914,LAB_RESULTS,EP-IND-00914
BC-00915,2026-01-01 02:12:50+00:00,0,IOMT-048,S-IOMT-048-915,EHR_WRITE,EP-IND-00915
BC-00916,2026-01-01 02:13:00+00:00,0,IOMT-022,S-IOMT-022-916,LAB_RESULTS,EP-IND-00916
BC-00917,2026-01-01 02:13:01+00:00,0,IOMT-015,S-IOMT-015-917,LAB_RESULTS,EP-IND-00917
BC-00918,2026-01-01 02:13:15+00:00,0,IOMT-031,S-IOMT-031-918,RESEARCH,EP-IND-00918
BC-00919,2026-01-01 00:56:11+00:00,1,IOMT-COORD-018,S-COORD-018,LAB_RESULTS,EP-COORD-018
BC-00920,2026-01-01 02:13:25+00:00,0,IOMT-004,S-IOMT-004-920,LAB_RESULTS,EP-IND-00920
BC-00921,2026-01-01 02:14:20+00:00,0,IOMT-010,S-IOMT-010-921,RESEARCH,EP-IND-00921
BC-00922,2026-01-01 02:14:25+00:00,0,IOMT-013,S-IOMT-013-922,EHR_READ,EP-IND-00922
BC-00923,2026-01-01 02:14:33+00:00,0,IOMT-017,S-IOMT-017-923,RESEARCH,EP-IND-00923
BC-00924,2026-01-01 02:14:51+00:00,0,IOMT-023,S-IOMT-023-924,RESEARCH,EP-IND-00924
BC-00925,2026-01-01 02:14:53+00:00,0,IOMT-035,S-IOMT-035-925,EHR_READ,EP-IND-00925
BC-00926,2026-01-01 02:15:01+00:00,0,IOMT-016,S-IOMT-016-926,EHR_READ,EP-IND-00926
BC-00927,2026-01-01 02:15:04+00:00,0,IOMT-034,S-IOMT-034-927,LAB_RESULTS,EP-IND-00927
BC-00928,2026-01-01 02:15:14+00:00,0,IOMT-041,S-IOMT-041-928,IMAGING,EP-IND-00928
BC-00929,2026-01-01 02:15:15+00:00,0,IOMT-027,S-IOMT-027-929,EHR_READ,EP-IND-00929
BC-00930,2026-01-01 02:15:21+00:00,0,IOMT-038,S-IOMT-038-930,RESEARCH,EP-IND-00930
BC-00931,2026-01-01 02:15:29+00:00,0,IOMT-013,S-IOMT-013-931,RESEARCH,EP-IND-00931
BC-00932,2026-01-01 02:15:32+00:00,0,IOMT-042,S-IOMT-042-932,EHR_WRITE,EP-IND-00932
BC-00933,2026-01-01 02:15:40+00:00,0,IOMT-025,S-IOMT-025-933,EHR_WRITE,EP-IND-00933
BC-00934,2026-01-01 02:15:45+00:00,0,IOMT-043,S-IOMT-043-934,RESEARCH,EP-IND-00934
BC-00935,2026-01-01 02:15:47+00:00,0,IOMT-031,S-IOMT-031-935,EHR_WRITE,EP-IND-00935
BC-00936,2026-01-01 02:15:52+00:00,0,IOMT-026,S-IOMT-026-936,LAB_RESULTS,EP-IND-00936
BC-00937,2026-01-01 02:16:07+00:00,0,IOMT-038,S-IOMT-038-937,RESEARCH,EP-IND-00937
BC-00938,2026-01-01 02:16:09+00:00,0,IOMT-021,S-IOMT-021-938,LAB_RESULTS,EP-IND-00938
BC-00939,2026-01-01 02:16:24+00:00,0,IOMT-041,S-IOMT-041-939,IMAGING,EP-IND-00939
BC-00940,2026-01-01 02:16:44+00:00,0,IOMT-003,S-IOMT-003-940,EHR_WRITE,EP-IND-00940
BC-00941,2026-01-01 02:16:45+00:00,0,IOMT-003,S-IOMT-003-941,EHR_WRITE,EP-IND-00941
BC-00942,2026-01-01 02:16:49+00:00,0,IOMT-009,S-IOMT-009-942,IMAGING,EP-IND-00942
BC-00943,2026-01-01 02:17:11+00:00,0,IOMT-039,S-IOMT-039-943,EHR_WRITE,EP-IND-00943
BC-00944,2026-01-01 02:17:26+00:00,0,IOMT-024,S-IOMT-024-944,IMAGING,EP-IND-00944
BC-00945,2026-01-01 02:17:27+00:00,0,IOMT-023,S-IOMT-023-945,EHR_READ,EP-IND-00945
BC-00946,2026-01-01 02:17:28+00:00,0,IOMT-001,S-IOMT-001-946,EHR_READ,EP-IND-00946
BC-00947,2026-01-01 02:17:40+00:00,0,IOMT-016,S-IOMT-016-947,EHR_READ,EP-IND-00947
BC-00948,2026-01-01 00:56:16+00:00,1,IOMT-COORD-019,S-COORD-019,RESEARCH,EP-COORD-019
BC-00949,2026-01-01 02:18:32+00:00,0,IOMT-035,S-IOMT-035-949,IMAGING,EP-IND-00949
BC-00950,2026-01-01 02:18:42+00:00,0,IOMT-007,S-IOMT-007-950,EHR_READ,EP-IND-00950
BC-00951,2026-01-01 02:18:47+00:00,0,IOMT-036,S-IOMT-036-951,LAB_RESULTS,EP-IND-00951
BC-00952,2026-01-01 02:18:51+00:00,0,IOMT-019,S-IOMT-019-952,RESEARCH,EP-IND-00952
BC-00953,2026-01-01 02:18:57+00:00,0,IOMT-021,S-IOMT-021-953,LAB_RESULTS,EP-IND-00953
BC-00954,2026-01-01 02:19:00+00:00,0,IOMT-010,S-IOMT-010-954,EHR_WRITE,EP-IND-00954
BC-00955,2026-01-01 02:19:03+00:00,0,IOMT-046,S-IOMT-046-955,EHR_READ,EP-IND-00955
BC-00956,2026-01-01 02:19:08+00:00,0,IOMT-000,S-IOMT-000-956,IMAGING,EP-IND-00956
BC-00957,2026-01-01 02:19:09+00:00,0,IOMT-034,S-IOMT-034-957,LAB_RESULTS,EP-IND-00957
BC-00958,2026-01-01 02:19:28+00:00,0,IOMT-021,S-IOMT-021-958,IMAGING,EP-IND-00958
BC-00959,2026-01-01 02:19:45+00:00,0,IOMT-021,S-IOMT-021-959,RESEARCH,EP-IND-00959
BC-00960,2026-01-01 02:20:04+00:00,0,IOMT-023,S-IOMT-023-960,EHR_WRITE,EP-IND-00960
BC-00961,2026-01-01 02:20:06+00:00,0,IOMT-030,S-IOMT-030-961,EHR_READ,EP-IND-00961
BC-00962,2026-01-01 01:06:28+00:00,1,IOMT-COORD-020,S-COORD-020,EHR_READ,EP-COORD-020
BC-00963,2026-01-01 02:21:47+00:00,0,IOMT-047,S-IOMT-047-963,EHR_WRITE,EP-IND-00963
BC-00964,2026-01-01 02:21:49+00:00,0,IOMT-004,S-IOMT-004-964,IMAGING,EP-IND-00964
BC-00965,2026-01-01 02:22:04+00:00,0,IOMT-030,S-IOMT-030-965,IMAGING,EP-IND-00965
BC-00966,2026-01-01 02:22:11+00:00,0,IOMT-022,S-IOMT-022-966,EHR_WRITE,EP-IND-00966
BC-00967,2026-01-01 02:22:23+00:00,0,IOMT-005,S-IOMT-005-967,LAB_RESULTS,EP-IND-00967
BC-00968,2026-01-01 02:22:31+00:00,0,IOMT-010,S-IOMT-010-968,IMAGING,EP-IND-00968
BC-00969,2026-01-01 02:22:50+00:00,0,IOMT-020,S-IOMT-020-969,EHR_WRITE,EP-IND-00969
BC-00970,2026-01-01 02:23:03+00:00,0,IOMT-002,S-IOMT-002-970,RESEARCH,EP-IND-00970
BC-00971,2026-01-01 02:23:16+00:00,0,IOMT-027,S-IOMT-027-971,EHR_WRITE,EP-IND-00971
BC-00972,2026-01-01 02:23:41+00:00,0,IOMT-026,S-IOMT-026-972,LAB_RESULTS,EP-IND-00972
BC-00973,2026-01-01 02:23:43+00:00,0,IOMT-012,S-IOMT-012-973,EHR_WRITE,EP-IND-00973
BC-00974,2026-01-01 02:23:51+00:00,0,IOMT-013,S-IOMT-013-974,IMAGING,EP-IND-00974
BC-00975,2026-01-01 02:23:59+00:00,0,IOMT-037,S-IOMT-037-975,LAB_RESULTS,EP-IND-00975
BC-00976,2026-01-01 02:24:01+00:00,0,IOMT-035,S-IOMT-035-976,LAB_RESULTS,EP-IND-00976
BC-00977,2026-01-01 02:24:05+00:00,0,IOMT-043,S-IOMT-043-977,LAB_RESULTS,EP-IND-00977
BC-00978,2026-01-01 02:24:10+00:00,0,IOMT-017,S-IOMT-017-978,EHR_WRITE,EP-IND-00978
BC-00979,2026-01-01 02:24:22+00:00,0,IOMT-029,S-IOMT-029-979,IMAGING,EP-IND-00979
BC-00980,2026-01-01 02:24:28+00:00,0,IOMT-012,S-IOMT-012-980,IMAGING,EP-IND-00980
BC-00981,2026-01-01 02:24:33+00:00,0,IOMT-005,S-IOMT-005-981,EHR_WRITE,EP-IND-00981
BC-00982,2026-01-01 02:24:33+00:00,0,IOMT-031,S-IOMT-031-982,EHR_READ,EP-IND-00982
BC-00983,2026-01-01 02:24:33+00:00,0,IOMT-005,S-IOMT-005-983,EHR_READ,EP-IND-00983
BC-00984,2026-01-01 02:24:39+00:00,0,IOMT-014,S-IOMT-014-984,EHR_READ,EP-IND-00984
BC-00985,2026-01-01 02:24:40+00:00,0,IOMT-044,S-IOMT-044-985,EHR_WRITE,EP-IND-00985
BC-00986,2026-01-01 02:24:42+00:00,0,IOMT-000,S-IOMT-000-986,IMAGING,EP-IND-00986
BC-00987,2026-01-01 02:24:57+00:00,0,IOMT-005,S-IOMT-005-987,LAB_RESULTS,EP-IND-00987
BC-00988,2026-01-01 02:25:06+00:00,0,IOMT-043,S-IOMT-043-988,IMAGING,EP-IND-00988
BC-00989,2026-01-01 02:25:17+00:00,0,IOMT-041,S-IOMT-041-989,EHR_READ,EP-IND-00989
BC-00990,2026-01-01 02:25:43+00:00,0,IOMT-043,S-IOMT-043-990,LAB_RESULTS,EP-IND-00990
BC-00991,2026-01-01 02:25:49+00:00,0,IOMT-039,S-IOMT-039-991,EHR_WRITE,EP-IND-00991
BC-00992,2026-01-01 02:25:59+00:00,0,IOMT-013,S-IOMT-013-992,EHR_WRITE,EP-IND-00992
BC-00993,2026-01-01 01:06:37+00:00,1,IOMT-COORD-021,S-COORD-021,EHR_WRITE,EP-COORD-021
BC-00994,2026-01-01 02:26:06+00:00,0,IOMT-032,S-IOMT-032-994,EHR_WRITE,EP-IND-00994
BC-00995,2026-01-01 02:26:12+00:00,0,IOMT-009,S-IOMT-009-995,IMAGING,EP-IND-00995
BC-00996,2026-01-01 02:26:13+00:00,0,IOMT-022,S-IOMT-022-996,EHR_READ,EP-IND-00996
BC-00997,2026-01-01 02:26:18+00:00,0,IOMT-043,S-IOMT-043-0,IMAGING,EP-IND-00997
BC-00998,2026-01-01 02:26:40+00:00,0,IOMT-011,S-IOMT-011-1,EHR_READ,EP-IND-00998
BC-00999,2026-01-01 02:26:53+00:00,0,IOMT-016,S-IOMT-016-2,EHR_READ,EP-IND-00999
BC-01000,2026-01-01 02:26:57+00:00,0,IOMT-015,S-IOMT-015-3,EHR_READ,EP-IND-01000
BC-01001,2026-01-01 02:27:20+00:00,0,IOMT-001,S-IOMT-001-4,RESEARCH,EP-IND-01001
BC-01002,2026-01-01 02:27:34+00:00,0,IOMT-049,S-IOMT-049-5,RESEARCH,EP-IND-01002
BC-01003,2026-01-01 02:27:45+00:00,0,IOMT-029,S-IOMT-029-6,EHR_READ,EP-IND-01003
BC-01004,2026-01-01 02:28:25+00:00,0,IOMT-003,S-IOMT-003-7,EHR_WRITE,EP-IND-01004
BC-01005,2026-01-01 02:28:42+00:00,0,IOMT-025,S-IOMT-025-8,EHR_WRITE,EP-IND-01005
BC-01006,2026-01-01 02:28:49+00:00,0,IOMT-010,S-IOMT-010-9,RESEARCH,EP-IND-01006
BC-01007,2026-01-01 02:28:52+00:00,0,IOMT-035,S-IOMT-035-10,EHR_READ,EP-IND-01007
BC-01008,2026-01-01 02:29:10+00:00,0,IOMT-020,S-IOMT-020-11,LAB_RESULTS,EP-IND-01008
BC-01009,2026-01-01 02:29:18+00:00,0,IOMT-043,S-IOMT-043-12,EHR_READ,EP-IND-01009
BC-01010,2026-01-01 02:29:34+00:00,0,IOMT-006,S-IOMT-006-13,LAB_RESULTS,EP-IND-01010
BC-01011,2026-01-01 02:29:54+00:00,0,IOMT-001,S-IOMT-001-14,EHR_READ,EP-IND-01011
BC-01012,2026-01-01 02:30:00+00:00,0,IOMT-018,S-IOMT-018-15,RESEARCH,EP-IND-01012
BC-01013,2026-01-01 02:30:05+00:00,0,IOMT-023,S-IOMT-023-16,RESEARCH,EP-IND-01013
BC-01014,2026-01-01 02:30:08+00:00,0,IOMT-015,S-IOMT-015-17,RESEARCH,EP-IND-01014
BC-01015,2026-01-01 02:30:40+00:00,0,IOMT-029,S-IOMT-029-18,EHR_READ,EP-IND-01015
BC-01016,2026-01-01 02:30:43+00:00,0,IOMT-020,S-IOMT-020-19,EHR_WRITE,EP-IND-01016
BC-01017,2026-01-01 02:31:00+00:00,0,IOMT-034,S-IOMT-034-20,EHR_WRITE,EP-IND-01017
BC-01018,2026-01-01 02:31:23+00:00,0,IOMT-015,S-IOMT-015-21,LAB_RESULTS,EP-IND-01018
BC-01019,2026-01-01 02:31:40+00:00,0,IOMT-024,S-IOMT-024-22,IMAGING,EP-IND-01019
BC-01020,2026-01-01 02:31:41+00:00,0,IOMT-046,S-IOMT-046-23,IMAGING,EP-IND-01020
BC-01021,2026-01-01 02:31:43+00:00,0,IOMT-038,S-IOMT-038-24,LAB_RESULTS,EP-IND-01021
BC-01022,2026-01-01 02:31:48+00:00,0,IOMT-026,S-IOMT-026-25,IMAGING,EP-IND-01022
BC-01023,2026-01-01 02:31:57+00:00,0,IOMT-004,S-IOMT-004-26,EHR_READ,EP-IND-01023
BC-01024,2026-01-01 02:32:38+00:00,0,IOMT-045,S-IOMT-045-27,EHR_WRITE,EP-IND-01024
BC-01025,2026-01-01 02:32:45+00:00,0,IOMT-026,S-IOMT-026-28,LAB_RESULTS,EP-IND-01025
BC-01026,2026-01-01 02:32:56+00:00,0,IOMT-035,S-IOMT-035-29,EHR_WRITE,EP-IND-01026
BC-01027,2026-01-01 02:33:05+00:00,0,IOMT-026,S-IOMT-026-30,IMAGING,EP-IND-01027
BC-01028,2026-01-01 02:33:10+00:00,0,IOMT-003,S-IOMT-003-31,EHR_READ,EP-IND-01028
BC-01029,2026-01-01 02:33:42+00:00,0,IOMT-012,S-IOMT-012-32,RESEARCH,EP-IND-01029
BC-01030,2026-01-01 02:33:54+00:00,0,IOMT-023,S-IOMT-023-33,RESEARCH,EP-IND-01030
BC-01031,2026-01-01 02:33:54+00:00,0,IOMT-035,S-IOMT-035-34,LAB_RESULTS,EP-IND-01031
BC-01032,2026-01-01 02:33:57+00:00,0,IOMT-014,S-IOMT-014-35,EHR_WRITE,EP-IND-01032
BC-01033,2026-01-01 01:10:40+00:00,1,IOMT-COORD-022,S-COORD-022,IMAGING,EP-COORD-022
BC-01034,2026-01-01 02:34:22+00:00,0,IOMT-023,S-IOMT-023-37,EHR_WRITE,EP-IND-01034
BC-01035,2026-01-01 02:34:24+00:00,0,IOMT-045,S-IOMT-045-38,LAB_RESULTS,EP-IND-01035
BC-01036,2026-01-01 02:35:02+00:00,0,IOMT-038,S-IOMT-038-39,LAB_RESULTS,EP-IND-01036
BC-01037,2026-01-01 02:35:22+00:00,0,IOMT-041,S-IOMT-041-40,LAB_RESULTS,EP-IND-01037
BC-01038,2026-01-01 02:35:40+00:00,0,IOMT-045,S-IOMT-045-41,IMAGING,EP-IND-01038
BC-01039,2026-01-01 02:35:55+00:00,0,IOMT-029,S-IOMT-029-42,LAB_RESULTS,EP-IND-01039
BC-01040,2026-01-01 02:35:55+00:00,0,IOMT-042,S-IOMT-042-43,EHR_READ,EP-IND-01040
BC-01041,2026-01-01 02:35:56+00:00,0,IOMT-021,S-IOMT-021-44,EHR_READ,EP-IND-01041
BC-01042,2026-01-01 02:35:58+00:00,0,IOMT-037,S-IOMT-037-45,EHR_WRITE,EP-IND-01042
BC-01043,2026-01-01 02:36:02+00:00,0,IOMT-004,S-IOMT-004-46,EHR_READ,EP-IND-01043
BC-01044,2026-01-01 02:36:02+00:00,0,IOMT-012,S-IOMT-012-47,EHR_WRITE,EP-IND-01044
BC-01045,2026-01-01 02:36:07+00:00,0,IOMT-012,S-IOMT-012-48,RESEARCH,EP-IND-01045
BC-01046,2026-01-01 02:36:14+00:00,0,IOMT-017,S-IOMT-017-49,LAB_RESULTS,EP-IND-01046
BC-01047,2026-01-01 02:36:16+00:00,0,IOMT-015,S-IOMT-015-50,EHR_READ,EP-IND-01047
BC-01048,2026-01-01 02:36:20+00:00,0,IOMT-049,S-IOMT-049-51,IMAGING,EP-IND-01048
BC-01049,2026-01-01 02:36:25+00:00,0,IOMT-047,S-IOMT-047-52,LAB_RESULTS,EP-IND-01049
BC-01050,2026-01-01 02:36:32+00:00,0,IOMT-047,S-IOMT-047-53,RESEARCH,EP-IND-01050
BC-01051,2026-01-01 02:37:10+00:00,0,IOMT-023,S-IOMT-023-54,EHR_READ,EP-IND-01051
BC-01052,2026-01-01 02:37:39+00:00,0,IOMT-030,S-IOMT-030-55,RESEARCH,EP-IND-01052
BC-01053,2026-01-01 02:37:40+00:00,0,IOMT-044,S-IOMT-044-56,EHR_READ,EP-IND-01053
BC-01054,2026-01-01 02:37:53+00:00,0,IOMT-011,S-IOMT-011-57,EHR_READ,EP-IND-01054
BC-01055,2026-01-01 02:38:19+00:00,0,IOMT-041,S-IOMT-041-58,IMAGING,EP-IND-01055
BC-01056,2026-01-01 02:38:21+00:00,0,IOMT-027,S-IOMT-027-59,IMAGING,EP-IND-01056
BC-01057,2026-01-01 02:38:25+00:00,0,IOMT-018,S-IOMT-018-60,LAB_RESULTS,EP-IND-01057
BC-01058,2026-01-01 02:38:29+00:00,0,IOMT-032,S-IOMT-032-61,EHR_WRITE,EP-IND-01058
BC-01059,2026-01-01 02:38:56+00:00,0,IOMT-004,S-IOMT-004-62,IMAGING,EP-IND-01059
BC-01060,2026-01-01 02:38:59+00:00,0,IOMT-005,S-IOMT-005-63,RESEARCH,EP-IND-01060
BC-01061,2026-01-01 02:39:07+00:00,0,IOMT-048,S-IOMT-048-64,LAB_RESULTS,EP-IND-01061
BC-01062,2026-01-01 02:39:14+00:00,0,IOMT-013,S-IOMT-013-65,RESEARCH,EP-IND-01062
BC-01063,2026-01-01 02:39:23+00:00,0,IOMT-029,S-IOMT-029-66,EHR_READ,EP-IND-01063
BC-01064,2026-01-01 02:39:26+00:00,0,IOMT-027,S-IOMT-027-67,RESEARCH,EP-IND-01064
BC-01065,2026-01-01 02:39:28+00:00,0,IOMT-047,S-IOMT-047-68,IMAGING,EP-IND-01065
BC-01066,2026-01-01 02:39:32+00:00,0,IOMT-035,S-IOMT-035-69,EHR_WRITE,EP-IND-01066
BC-01067,2026-01-01 02:39:40+00:00,0,IOMT-010,S-IOMT-010-70,IMAGING,EP-IND-01067
BC-01068,2026-01-01 02:39:56+00:00,0,IOMT-015,S-IOMT-015-71,EHR_READ,EP-IND-01068
BC-01069,2026-01-01 02:40:12+00:00,0,IOMT-015,S-IOMT-015-72,EHR_WRITE,EP-IND-01069
BC-01070,2026-01-01 02:40:22+00:00,0,IOMT-001,S-IOMT-001-73,IMAGING,EP-IND-01070
BC-01071,2026-01-01 02:40:32+00:00,0,IOMT-017,S-IOMT-017-74,RESEARCH,EP-IND-01071
BC-01072,2026-01-01 02:40:59+00:00,0,IOMT-033,S-IOMT-033-75,EHR_WRITE,EP-IND-01072
BC-01073,2026-01-01 02:41:02+00:00,0,IOMT-036,S-IOMT-036-76,EHR_READ,EP-IND-01073
BC-01074,2026-01-01 02:41:10+00:00,0,IOMT-027,S-IOMT-027-77,IMAGING,EP-IND-01074
BC-01075,2026-01-01 02:41:13+00:00,0,IOMT-044,S-IOMT-044-78,IMAGING,EP-IND-01075
BC-01076,2026-01-01 02:41:14+00:00,0,IOMT-018,S-IOMT-018-79,IMAGING,EP-IND-01076
BC-01077,2026-01-01 02:41:15+00:00,0,IOMT-008,S-IOMT-008-80,IMAGING,EP-IND-01077
BC-01078,2026-01-01 02:41:23+00:00,0,IOMT-032,S-IOMT-032-81,EHR_READ,EP-IND-01078
BC-01079,2026-01-01 02:41:28+00:00,0,IOMT-024,S-IOMT-024-82,EHR_READ,EP-IND-01079
BC-01080,2026-01-01 02:41:57+00:00,0,IOMT-008,S-IOMT-008-83,IMAGING,EP-IND-01080
BC-01081,2026-01-01 02:42:00+00:00,0,IOMT-006,S-IOMT-006-84,LAB_RESULTS,EP-IND-01081
BC-01082,2026-01-01 02:42:03+00:00,0,IOMT-010,S-IOMT-010-85,EHR_WRITE,EP-IND-01082
BC-01083,2026-01-01 02:42:12+00:00,0,IOMT-036,S-IOMT-036-86,LAB_RESULTS,EP-IND-01083
BC-01084,2026-01-01 02:42:31+00:00,0,IOMT-025,S-IOMT-025-87,RESEARCH,EP-IND-01084
BC-01085,2026-01-01 02:42:31+00:00,0,IOMT-021,S-IOMT-021-88,RESEARCH,EP-IND-01085
BC-01086,2026-01-01 02:42:39+00:00,0,IOMT-028,S-IOMT-028-89,IMAGING,EP-IND-01086
BC-01087,2026-01-01 02:42:49+00:00,0,IOMT-005,S-IOMT-005-90,EHR_WRITE,EP-IND-01087
BC-01088,2026-01-01 02:42:49+00:00,0,IOMT-030,S-IOMT-030-91,EHR_WRITE,EP-IND-01088
BC-01089,2026-01-01 02:42:54+00:00,0,IOMT-018,S-IOMT-018-92,EHR_WRITE,EP-IND-01089
BC-01090,2026-01-01 02:43:13+00:00,0,IOMT-026,S-IOMT-026-93,EHR_READ,EP-IND-01090
BC-01091,2026-01-01 02:43:18+00:00,0,IOMT-030,S-IOMT-030-94,EHR_READ,EP-IND-01091
BC-01092,2026-01-01 02:43:24+00:00,0,IOMT-022,S-IOMT-022-95,IMAGING,EP-IND-01092
BC-01093,2026-01-01 02:43:46+00:00,0,IOMT-025,S-IOMT-025-96,EHR_WRITE,EP-IND-01093
BC-01094,2026-01-01 02:44:07+00:00,0,IOMT-023,S-IOMT-023-97,EHR_WRITE,EP-IND-01094
BC-01095,2026-01-01 02:44:08+00:00,0,IOMT-002,S-IOMT-002-98,IMAGING,EP-IND-01095
BC-01096,2026-01-01 02:44:11+00:00,0,IOMT-020,S-IOMT-020-99,RESEARCH,EP-IND-01096
BC-01097,2026-01-01 02:44:18+00:00,0,IOMT-044,S-IOMT-044-100,EHR_READ,EP-IND-01097
BC-01098,2026-01-01 02:44:35+00:00,0,IOMT-001,S-IOMT-001-101,LAB_RESULTS,EP-IND-01098
BC-01099,2026-01-01 02:44:39+00:00,0,IOMT-044,S-IOMT-044-102,EHR_WRITE,EP-IND-01099
BC-01100,2026-01-01 02:44:40+00:00,0,IOMT-002,S-IOMT-002-103,IMAGING,EP-IND-01100
BC-01101,2026-01-01 02:44:45+00:00,0,IOMT-016,S-IOMT-016-104,EHR_READ,EP-IND-01101
BC-01102,2026-01-01 02:44:49+00:00,0,IOMT-011,S-IOMT-011-105,EHR_READ,EP-IND-01102
BC-01103,2026-01-01 02:44:53+00:00,0,IOMT-006,S-IOMT-006-106,RESEARCH,EP-IND-01103
BC-01104,2026-01-01 02:44:54+00:00,0,IOMT-020,S-IOMT-020-107,IMAGING,EP-IND-01104
BC-01105,2026-01-01 02:44:56+00:00,0,IOMT-014,S-IOMT-014-108,EHR_WRITE,EP-IND-01105
BC-01106,2026-01-01 02:45:08+00:00,0,IOMT-019,S-IOMT-019-109,EHR_WRITE,EP-IND-01106
BC-01107,2026-01-01 02:45:41+00:00,0,IOMT-008,S-IOMT-008-110,IMAGING,EP-IND-01107
BC-01108,2026-01-01 02:45:44+00:00,0,IOMT-028,S-IOMT-028-111,RESEARCH,EP-IND-01108
BC-01109,2026-01-01 02:45:56+00:00,0,IOMT-027,S-IOMT-027-112,RESEARCH,EP-IND-01109
BC-01110,2026-01-01 02:45:59+00:00,0,IOMT-046,S-IOMT-046-113,LAB_RESULTS,EP-IND-01110
BC-01111,2026-01-01 02:46:10+00:00,0,IOMT-034,S-IOMT-034-114,EHR_WRITE,EP-IND-01111
BC-01112,2026-01-01 02:46:23+00:00,0,IOMT-022,S-IOMT-022-115,EHR_READ,EP-IND-01112
BC-01113,2026-01-01 02:46:33+00:00,0,IOMT-009,S-IOMT-009-116,EHR_WRITE,EP-IND-01113
BC-01114,2026-01-01 02:46:34+00:00,0,IOMT-049,S-IOMT-049-117,EHR_WRITE,EP-IND-01114
BC-01115,2026-01-01 02:46:38+00:00,0,IOMT-017,S-IOMT-017-118,IMAGING,EP-IND-01115
BC-01116,2026-01-01 02:46:45+00:00,0,IOMT-021,S-IOMT-021-119,RESEARCH,EP-IND-01116
BC-01117,2026-01-01 02:46:52+00:00,0,IOMT-021,S-IOMT-021-120,LAB_RESULTS,EP-IND-01117
BC-01118,2026-01-01 02:47:14+00:00,0,IOMT-024,S-IOMT-024-121,IMAGING,EP-IND-01118
BC-01119,2026-01-01 02:47:16+00:00,0,IOMT-010,S-IOMT-010-122,EHR_READ,EP-IND-01119
BC-01120,2026-01-01 01:24:08+00:00,1,IOMT-COORD-023,S-COORD-023,LAB_RESULTS,EP-COORD-023
BC-01121,2026-01-01 02:47:41+00:00,0,IOMT-006,S-IOMT-006-124,EHR_READ,EP-IND-01121
BC-01122,2026-01-01 02:48:05+00:00,0,IOMT-046,S-IOMT-046-125,EHR_WRITE,EP-IND-01122
BC-01123,2026-01-01 02:48:20+00:00,0,IOMT-006,S-IOMT-006-126,LAB_RESULTS,EP-IND-01123
BC-01124,2026-01-01 02:48:22+00:00,0,IOMT-030,S-IOMT-030-127,IMAGING,EP-IND-01124
BC-01125,2026-01-01 02:48:35+00:00,0,IOMT-011,S-IOMT-011-128,EHR_WRITE,EP-IND-01125
BC-01126,2026-01-01 02:49:11+00:00,0,IOMT-044,S-IOMT-044-129,RESEARCH,EP-IND-01126
BC-01127,2026-01-01 02:49:13+00:00,0,IOMT-045,S-IOMT-045-130,EHR_WRITE,EP-IND-01127
BC-01128,2026-01-01 02:49:21+00:00,0,IOMT-031,S-IOMT-031-131,LAB_RESULTS,EP-IND-01128
BC-01129,2026-01-01 02:49:28+00:00,0,IOMT-045,S-IOMT-045-132,EHR_WRITE,EP-IND-01129
BC-01130,2026-01-01 02:49:37+00:00,0,IOMT-047,S-IOMT-047-133,RESEARCH,EP-IND-01130
BC-01131,2026-01-01 02:49:38+00:00,0,IOMT-000,S-IOMT-000-134,LAB_RESULTS,EP-IND-01131
BC-01132,2026-01-01 02:49:41+00:00,0,IOMT-005,S-IOMT-005-135,IMAGING,EP-IND-01132
BC-01133,2026-01-01 02:49:48+00:00,0,IOMT-041,S-IOMT-041-136,RESEARCH,EP-IND-01133
BC-01134,2026-01-01 02:49:52+00:00,0,IOMT-040,S-IOMT-040-137,EHR_READ,EP-IND-01134
BC-01135,2026-01-01 02:49:56+00:00,0,IOMT-030,S-IOMT-030-138,LAB_RESULTS,EP-IND-01135
BC-01136,2026-01-01 02:50:05+00:00,0,IOMT-041,S-IOMT-041-139,RESEARCH,EP-IND-01136
BC-01137,2026-01-01 02:50:15+00:00,0,IOMT-001,S-IOMT-001-140,EHR_WRITE,EP-IND-01137
BC-01138,2026-01-01 01:25:39+00:00,1,IOMT-COORD-024,S-COORD-024,RESEARCH,EP-COORD-024
BC-01139,2026-01-01 02:50:28+00:00,0,IOMT-046,S-IOMT-046-142,EHR_READ,EP-IND-01139
BC-01140,2026-01-01 02:50:30+00:00,0,IOMT-035,S-IOMT-035-143,LAB_RESULTS,EP-IND-01140
BC-01141,2026-01-01 02:50:36+00:00,0,IOMT-013,S-IOMT-013-144,EHR_READ,EP-IND-01141
BC-01142,2026-01-01 01:26:09+00:00,1,IOMT-COORD-025,S-COORD-025,EHR_READ,EP-COORD-025
BC-01143,2026-01-01 02:51:13+00:00,0,IOMT-038,S-IOMT-038-146,EHR_READ,EP-IND-01143
BC-01144,2026-01-01 02:51:32+00:00,0,IOMT-030,S-IOMT-030-147,EHR_WRITE,EP-IND-01144
BC-01145,2026-01-01 02:51:40+00:00,0,IOMT-046,S-IOMT-046-148,RESEARCH,EP-IND-01145
BC-01146,2026-01-01 02:52:11+00:00,0,IOMT-041,S-IOMT-041-149,LAB_RESULTS,EP-IND-01146
BC-01147,2026-01-01 02:52:15+00:00,0,IOMT-026,S-IOMT-026-150,RESEARCH,EP-IND-01147
BC-01148,2026-01-01 02:52:24+00:00,0,IOMT-041,S-IOMT-041-151,IMAGING,EP-IND-01148
BC-01149,2026-01-01 02:52:26+00:00,0,IOMT-024,S-IOMT-024-152,IMAGING,EP-IND-01149
BC-01150,2026-01-01 02:52:29+00:00,0,IOMT-041,S-IOMT-041-153,RESEARCH,EP-IND-01150
BC-01151,2026-01-01 02:52:33+00:00,0,IOMT-041,S-IOMT-041-154,LAB_RESULTS,EP-IND-01151
BC-01152,2026-01-01 02:52:43+00:00,0,IOMT-005,S-IOMT-005-155,RESEARCH,EP-IND-01152
BC-01153,2026-01-01 02:52:43+00:00,0,IOMT-014,S-IOMT-014-156,IMAGING,EP-IND-01153
BC-01154,2026-01-01 02:53:05+00:00,0,IOMT-000,S-IOMT-000-157,IMAGING,EP-IND-01154
BC-01155,2026-01-01 02:53:11+00:00,0,IOMT-047,S-IOMT-047-158,IMAGING,EP-IND-01155
BC-01156,2026-01-01 02:53:15+00:00,0,IOMT-026,S-IOMT-026-159,IMAGING,EP-IND-01156
BC-01157,2026-01-01 02:53:21+00:00,0,IOMT-029,S-IOMT-029-160,EHR_WRITE,EP-IND-01157
BC-01158,2026-01-01 02:53:32+00:00,0,IOMT-040,S-IOMT-040-161,IMAGING,EP-IND-01158
BC-01159,2026-01-01 02:53:46+00:00,0,IOMT-042,S-IOMT-042-162,EHR_WRITE,EP-IND-01159
BC-01160,2026-01-01 02:53:52+00:00,0,IOMT-021,S-IOMT-021-163,IMAGING,EP-IND-01160
BC-01161,2026-01-01 02:54:03+00:00,0,IOMT-024,S-IOMT-024-164,LAB_RESULTS,EP-IND-01161
BC-01162,2026-01-01 02:54:15+00:00,0,IOMT-011,S-IOMT-011-165,EHR_READ,EP-IND-01162
BC-01163,2026-01-01 02:54:21+00:00,0,IOMT-021,S-IOMT-021-166,IMAGING,EP-IND-01163
BC-01164,2026-01-01 02:54:35+00:00,0,IOMT-031,S-IOMT-031-167,EHR_WRITE,EP-IND-01164
BC-01165,2026-01-01 02:54:40+00:00,0,IOMT-008,S-IOMT-008-168,EHR_WRITE,EP-IND-01165
BC-01166,2026-01-01 02:54:43+00:00,0,IOMT-046,S-IOMT-046-169,EHR_READ,EP-IND-01166
BC-01167,2026-01-01 02:54:49+00:00,0,IOMT-037,S-IOMT-037-170,EHR_READ,EP-IND-01167
BC-01168,2026-01-01 02:54:53+00:00,0,IOMT-019,S-IOMT-019-171,IMAGING,EP-IND-01168
BC-01169,2026-01-01 02:54:56+00:00,0,IOMT-047,S-IOMT-047-172,IMAGING,EP-IND-01169
BC-01170,2026-01-01 02:54:58+00:00,0,IOMT-033,S-IOMT-033-173,EHR_WRITE,EP-IND-01170
BC-01171,2026-01-01 02:55:00+00:00,0,IOMT-022,S-IOMT-022-174,IMAGING,EP-IND-01171
BC-01172,2026-01-01 02:55:09+00:00,0,IOMT-004,S-IOMT-004-175,EHR_READ,EP-IND-01172
BC-01173,2026-01-01 02:55:15+00:00,0,IOMT-012,S-IOMT-012-176,RESEARCH,EP-IND-01173
BC-01174,2026-01-01 02:55:41+00:00,0,IOMT-044,S-IOMT-044-177,IMAGING,EP-IND-01174
BC-01175,2026-01-01 02:55:55+00:00,0,IOMT-013,S-IOMT-013-178,IMAGING,EP-IND-01175
BC-01176,2026-01-01 02:56:03+00:00,0,IOMT-043,S-IOMT-043-179,EHR_WRITE,EP-IND-01176
BC-01177,2026-01-01 02:56:29+00:00,0,IOMT-030,S-IOMT-030-180,EHR_WRITE,EP-IND-01177
BC-01178,2026-01-01 02:57:08+00:00,0,IOMT-044,S-IOMT-044-181,EHR_WRITE,EP-IND-01178
BC-01179,2026-01-01 02:57:31+00:00,0,IOMT-016,S-IOMT-016-182,IMAGING,EP-IND-01179
BC-01180,2026-01-01 02:57:34+00:00,0,IOMT-048,S-IOMT-048-183,RESEARCH,EP-IND-01180
BC-01181,2026-01-01 02:57:36+00:00,0,IOMT-013,S-IOMT-013-184,EHR_READ,EP-IND-01181
BC-01182,2026-01-01 02:57:37+00:00,0,IOMT-000,S-IOMT-000-185,IMAGING,EP-IND-01182
BC-01183,2026-01-01 02:57:50+00:00,0,IOMT-010,S-IOMT-010-186,RESEARCH,EP-IND-01183
BC-01184,2026-01-01 02:57:58+00:00,0,IOMT-040,S-IOMT-040-187,EHR_WRITE,EP-IND-01184
BC-01185,2026-01-01 02:57:58+00:00,0,IOMT-012,S-IOMT-012-188,LAB_RESULTS,EP-IND-01185
BC-01186,2026-01-01 02:57:59+00:00,0,IOMT-027,S-IOMT-027-189,RESEARCH,EP-IND-01186
BC-01187,2026-01-01 02:58:02+00:00,0,IOMT-014,S-IOMT-014-190,RESEARCH,EP-IND-01187
BC-01188,2026-01-01 02:58:03+00:00,0,IOMT-041,S-IOMT-041-191,EHR_WRITE,EP-IND-01188
BC-01189,2026-01-01 02:58:07+00:00,0,IOMT-005,S-IOMT-005-192,IMAGING,EP-IND-01189
BC-01190,2026-01-01 02:58:20+00:00,0,IOMT-023,S-IOMT-023-193,EHR_READ,EP-IND-01190
BC-01191,2026-01-01 02:58:25+00:00,0,IOMT-034,S-IOMT-034-194,RESEARCH,EP-IND-01191
BC-01192,2026-01-01 02:58:29+00:00,0,IOMT-006,S-IOMT-006-195,RESEARCH,EP-IND-01192
BC-01193,2026-01-01 02:58:33+00:00,0,IOMT-020,S-IOMT-020-196,EHR_READ,EP-IND-01193
BC-01194,2026-01-01 02:58:57+00:00,0,IOMT-048,S-IOMT-048-197,EHR_WRITE,EP-IND-01194
BC-01195,2026-01-01 02:59:02+00:00,0,IOMT-014,S-IOMT-014-198,EHR_WRITE,EP-IND-01195
BC-01196,2026-01-01 02:59:25+00:00,0,IOMT-031,S-IOMT-031-199,EHR_WRITE,EP-IND-01196
BC-01197,2026-01-01 02:59:28+00:00,0,IOMT-044,S-IOMT-044-200,EHR_WRITE,EP-IND-01197
BC-01198,2026-01-01 02:59:59+00:00,0,IOMT-004,S-IOMT-004-201,EHR_WRITE,EP-IND-01198
BC-01199,2026-01-01 03:00:00+00:00,0,IOMT-021,S-IOMT-021-202,RESEARCH,EP-IND-01199
BC-01200,2026-01-01 03:00:01+00:00,0,IOMT-034,S-IOMT-034-203,LAB_RESULTS,EP-IND-01200
BC-01201,2026-01-01 03:00:06+00:00,0,IOMT-007,S-IOMT-007-204,LAB_RESULTS,EP-IND-01201
BC-01202,2026-01-01 03:00:09+00:00,0,IOMT-013,S-IOMT-013-205,LAB_RESULTS,EP-IND-01202
BC-01203,2026-01-01 03:00:16+00:00,0,IOMT-017,S-IOMT-017-206,LAB_RESULTS,EP-IND-01203
BC-01204,2026-01-01 03:00:17+00:00,0,IOMT-033,S-IOMT-033-207,LAB_RESULTS,EP-IND-01204
BC-01205,2026-01-01 03:00:50+00:00,0,IOMT-023,S-IOMT-023-208,LAB_RESULTS,EP-IND-01205
BC-01206,2026-01-01 03:01:14+00:00,0,IOMT-012,S-IOMT-012-209,RESEARCH,EP-IND-01206
BC-01207,2026-01-01 03:01:22+00:00,0,IOMT-003,S-IOMT-003-210,LAB_RESULTS,EP-IND-01207
BC-01208,2026-01-01 03:01:38+00:00,0,IOMT-038,S-IOMT-038-211,RESEARCH,EP-IND-01208
BC-01209,2026-01-01 03:01:39+00:00,0,IOMT-035,S-IOMT-035-212,LAB_RESULTS,EP-IND-01209
BC-01210,2026-01-01 03:02:04+00:00,0,IOMT-042,S-IOMT-042-213,EHR_WRITE,EP-IND-01210
BC-01211,2026-01-01 03:02:07+00:00,0,IOMT-002,S-IOMT-002-214,EHR_READ,EP-IND-01211
BC-01212,2026-01-01 03:02:36+00:00,0,IOMT-031,S-IOMT-031-215,EHR_WRITE,EP-IND-01212
BC-01213,2026-01-01 03:02:39+00:00,0,IOMT-038,S-IOMT-038-216,EHR_READ,EP-IND-01213
BC-01214,2026-01-01 03:03:00+00:00,0,IOMT-042,S-IOMT-042-217,IMAGING,EP-IND-01214
BC-01215,2026-01-01 03:03:04+00:00,0,IOMT-006,S-IOMT-006-218,RESEARCH,EP-IND-01215
BC-01216,2026-01-01 03:03:05+00:00,0,IOMT-000,S-IOMT-000-219,EHR_READ,EP-IND-01216
BC-01217,2026-01-01 03:03:11+00:00,0,IOMT-030,S-IOMT-030-220,EHR_READ,EP-IND-01217
BC-01218,2026-01-01 03:03:25+00:00,0,IOMT-028,S-IOMT-028-221,EHR_READ,EP-IND-01218
BC-01219,2026-01-01 03:03:37+00:00,0,IOMT-038,S-IOMT-038-222,EHR_WRITE,EP-IND-01219
BC-01220,2026-01-01 03:03:49+00:00,0,IOMT-009,S-IOMT-009-223,IMAGING,EP-IND-01220
BC-01221,2026-01-01 03:03:50+00:00,0,IOMT-027,S-IOMT-027-224,RESEARCH,EP-IND-01221
BC-01222,2026-01-01 03:03:59+00:00,0,IOMT-026,S-IOMT-026-225,LAB_RESULTS,EP-IND-01222
BC-01223,2026-01-01 03:04:27+00:00,0,IOMT-041,S-IOMT-041-226,EHR_WRITE,EP-IND-01223
BC-01224,2026-01-01 03:04:28+00:00,0,IOMT-027,S-IOMT-027-227,IMAGING,EP-IND-01224
BC-01225,2026-01-01 03:04:42+00:00,0,IOMT-049,S-IOMT-049-228,EHR_READ,EP-IND-01225
BC-01226,2026-01-01 03:04:51+00:00,0,IOMT-022,S-IOMT-022-229,RESEARCH,EP-IND-01226
BC-01227,2026-01-01 03:04:55+00:00,0,IOMT-041,S-IOMT-041-230,RESEARCH,EP-IND-01227
BC-01228,2026-01-01 03:04:58+00:00,0,IOMT-004,S-IOMT-004-231,IMAGING,EP-IND-01228
BC-01229,2026-01-01 03:05:08+00:00,0,IOMT-037,S-IOMT-037-232,EHR_WRITE,EP-IND-01229
BC-01230,2026-01-01 03:05:10+00:00,0,IOMT-025,S-IOMT-025-233,RESEARCH,EP-IND-01230
BC-01231,2026-01-01 03:05:14+00:00,0,IOMT-043,S-IOMT-043-234,RESEARCH,EP-IND-01231
BC-01232,2026-01-01 03:05:17+00:00,0,IOMT-045,S-IOMT-045-235,RESEARCH,EP-IND-01232
BC-01233,2026-01-01 03:05:49+00:00,0,IOMT-032,S-IOMT-032-236,EHR_READ,EP-IND-01233
BC-01234,2026-01-01 03:05:51+00:00,0,IOMT-008,S-IOMT-008-237,EHR_WRITE,EP-IND-01234
BC-01235,2026-01-01 03:06:20+00:00,0,IOMT-002,S-IOMT-002-238,EHR_READ,EP-IND-01235
BC-01236,2026-01-01 03:06:25+00:00,0,IOMT-044,S-IOMT-044-239,EHR_READ,EP-IND-01236
BC-01237,2026-01-01 03:06:38+00:00,0,IOMT-039,S-IOMT-039-240,EHR_READ,EP-IND-01237
BC-01238,2026-01-01 03:06:45+00:00,0,IOMT-012,S-IOMT-012-241,LAB_RESULTS,EP-IND-01238
BC-01239,2026-01-01 03:06:54+00:00,0,IOMT-029,S-IOMT-029-242,IMAGING,EP-IND-01239
BC-01240,2026-01-01 03:07:00+00:00,0,IOMT-045,S-IOMT-045-243,RESEARCH,EP-IND-01240
BC-01241,2026-01-01 03:07:27+00:00,0,IOMT-013,S-IOMT-013-244,EHR_WRITE,EP-IND-01241
BC-01242,2026-01-01 03:07:31+00:00,0,IOMT-034,S-IOMT-034-245,IMAGING,EP-IND-01242
BC-01243,2026-01-01 03:07:37+00:00,0,IOMT-028,S-IOMT-028-246,LAB_RESULTS,EP-IND-01243
BC-01244,2026-01-01 03:07:43+00:00,0,IOMT-020,S-IOMT-020-247,RESEARCH,EP-IND-01244
BC-01245,2026-01-01 03:07:49+00:00,0,IOMT-001,S-IOMT-001-248,RESEARCH,EP-IND-01245
BC-01246,2026-01-01 03:07:50+00:00,0,IOMT-045,S-IOMT-045-249,LAB_RESULTS,EP-IND-01246
BC-01247,2026-01-01 03:07:54+00:00,0,IOMT-037,S-IOMT-037-250,EHR_WRITE,EP-IND-01247
BC-01248,2026-01-01 03:07:57+00:00,0,IOMT-046,S-IOMT-046-251,LAB_RESULTS,EP-IND-01248
BC-01249,2026-01-01 03:08:05+00:00,0,IOMT-028,S-IOMT-028-252,EHR_READ,EP-IND-01249
BC-01250,2026-01-01 03:08:06+00:00,0,IOMT-035,S-IOMT-035-253,LAB_RESULTS,EP-IND-01250
BC-01251,2026-01-01 03:08:16+00:00,0,IOMT-001,S-IOMT-001-254,EHR_WRITE,EP-IND-01251
BC-01252,2026-01-01 03:08:17+00:00,0,IOMT-021,S-IOMT-021-255,EHR_READ,EP-IND-01252
BC-01253,2026-01-01 03:08:17+00:00,0,IOMT-049,S-IOMT-049-256,RESEARCH,EP-IND-01253
BC-01254,2026-01-01 03:08:54+00:00,0,IOMT-003,S-IOMT-003-257,RESEARCH,EP-IND-01254
BC-01255,2026-01-01 03:08:56+00:00,0,IOMT-026,S-IOMT-026-258,LAB_RESULTS,EP-IND-01255
BC-01256,2026-01-01 03:09:03+00:00,0,IOMT-017,S-IOMT-017-259,RESEARCH,EP-IND-01256
BC-01257,2026-01-01 03:09:12+00:00,0,IOMT-001,S-IOMT-001-260,EHR_READ,EP-IND-01257
BC-01258,2026-01-01 03:09:31+00:00,0,IOMT-039,S-IOMT-039-261,LAB_RESULTS,EP-IND-01258
BC-01259,2026-01-01 03:09:34+00:00,0,IOMT-048,S-IOMT-048-262,LAB_RESULTS,EP-IND-01259
BC-01260,2026-01-01 03:09:39+00:00,0,IOMT-028,S-IOMT-028-263,IMAGING,EP-IND-01260
BC-01261,2026-01-01 03:09:42+00:00,0,IOMT-009,S-IOMT-009-264,LAB_RESULTS,EP-IND-01261
BC-01262,2026-01-01 03:10:08+00:00,0,IOMT-006,S-IOMT-006-265,RESEARCH,EP-IND-01262
BC-01263,2026-01-01 03:10:13+00:00,0,IOMT-003,S-IOMT-003-266,LAB_RESULTS,EP-IND-01263
BC-01264,2026-01-01 03:10:15+00:00,0,IOMT-018,S-IOMT-018-267,IMAGING,EP-IND-01264
BC-01265,2026-01-01 03:10:16+00:00,0,IOMT-004,S-IOMT-004-268,IMAGING,EP-IND-01265
BC-01266,2026-01-01 03:10:21+00:00,0,IOMT-000,S-IOMT-000-269,RESEARCH,EP-IND-01266
BC-01267,2026-01-01 03:10:23+00:00,0,IOMT-042,S-IOMT-042-270,LAB_RESULTS,EP-IND-01267
BC-01268,2026-01-01 03:10:24+00:00,0,IOMT-005,S-IOMT-005-271,IMAGING,EP-IND-01268
BC-01269,2026-01-01 03:10:25+00:00,0,IOMT-018,S-IOMT-018-272,EHR_WRITE,EP-IND-01269
BC-01270,2026-01-01 03:10:31+00:00,0,IOMT-027,S-IOMT-027-273,IMAGING,EP-IND-01270
BC-01271,2026-01-01 03:10:38+00:00,0,IOMT-019,S-IOMT-019-274,LAB_RESULTS,EP-IND-01271
BC-01272,2026-01-01 03:11:06+00:00,0,IOMT-006,S-IOMT-006-275,RESEARCH,EP-IND-01272
BC-01273,2026-01-01 03:11:09+00:00,0,IOMT-014,S-IOMT-014-276,RESEARCH,EP-IND-01273
BC-01274,2026-01-01 03:11:12+00:00,0,IOMT-019,S-IOMT-019-277,EHR_WRITE,EP-IND-01274
BC-01275,2026-01-01 03:11:13+00:00,0,IOMT-029,S-IOMT-029-278,LAB_RESULTS,EP-IND-01275
BC-01276,2026-01-01 03:11:23+00:00,0,IOMT-020,S-IOMT-020-279,RESEARCH,EP-IND-01276
BC-01277,2026-01-01 03:11:26+00:00,0,IOMT-045,S-IOMT-045-280,LAB_RESULTS,EP-IND-01277
BC-01278,2026-01-01 03:11:28+00:00,0,IOMT-043,S-IOMT-043-281,EHR_WRITE,EP-IND-01278
BC-01279,2026-01-01 01:26:50+00:00,1,IOMT-COORD-026,S-COORD-026,EHR_WRITE,EP-COORD-026
BC-01280,2026-01-01 03:11:58+00:00,0,IOMT-029,S-IOMT-029-283,IMAGING,EP-IND-01280
BC-01281,2026-01-01 03:12:03+00:00,0,IOMT-022,S-IOMT-022-284,EHR_READ,EP-IND-01281
BC-01282,2026-01-01 03:12:06+00:00,0,IOMT-045,S-IOMT-045-285,EHR_READ,EP-IND-01282
BC-01283,2026-01-01 03:12:23+00:00,0,IOMT-002,S-IOMT-002-286,LAB_RESULTS,EP-IND-01283
BC-01284,2026-01-01 03:12:25+00:00,0,IOMT-035,S-IOMT-035-287,IMAGING,EP-IND-01284
BC-01285,2026-01-01 03:12:27+00:00,0,IOMT-006,S-IOMT-006-288,EHR_READ,EP-IND-01285
BC-01286,2026-01-01 03:12:27+00:00,0,IOMT-022,S-IOMT-022-289,RESEARCH,EP-IND-01286
BC-01287,2026-01-01 03:12:47+00:00,0,IOMT-023,S-IOMT-023-290,IMAGING,EP-IND-01287
BC-01288,2026-01-01 03:12:52+00:00,0,IOMT-025,S-IOMT-025-291,EHR_WRITE,EP-IND-01288
BC-01289,2026-01-01 03:12:53+00:00,0,IOMT-014,S-IOMT-014-292,EHR_WRITE,EP-IND-01289
BC-01290,2026-01-01 03:12:54+00:00,0,IOMT-029,S-IOMT-029-293,EHR_READ,EP-IND-01290
BC-01291,2026-01-01 03:12:59+00:00,0,IOMT-009,S-IOMT-009-294,LAB_RESULTS,EP-IND-01291
BC-01292,2026-01-01 03:13:00+00:00,0,IOMT-039,S-IOMT-039-295,LAB_RESULTS,EP-IND-01292
BC-01293,2026-01-01 03:13:02+00:00,0,IOMT-007,S-IOMT-007-296,EHR_WRITE,EP-IND-01293
BC-01294,2026-01-01 03:13:30+00:00,0,IOMT-033,S-IOMT-033-297,IMAGING,EP-IND-01294
BC-01295,2026-01-01 03:13:41+00:00,0,IOMT-019,S-IOMT-019-298,EHR_READ,EP-IND-01295
BC-01296,2026-01-01 03:13:45+00:00,0,IOMT-042,S-IOMT-042-299,RESEARCH,EP-IND-01296
BC-01297,2026-01-01 03:13:49+00:00,0,IOMT-030,S-IOMT-030-300,RESEARCH,EP-IND-01297
BC-01298,2026-01-01 03:13:56+00:00,0,IOMT-021,S-IOMT-021-301,LAB_RESULTS,EP-IND-01298
BC-01299,2026-01-01 03:14:12+00:00,0,IOMT-032,S-IOMT-032-302,LAB_RESULTS,EP-IND-01299
BC-01300,2026-01-01 03:14:15+00:00,0,IOMT-027,S-IOMT-027-303,IMAGING,EP-IND-01300
BC-01301,2026-01-01 03:14:16+00:00,0,IOMT-010,S-IOMT-010-304,IMAGING,EP-IND-01301
BC-01302,2026-01-01 03:14:29+00:00,0,IOMT-037,S-IOMT-037-305,RESEARCH,EP-IND-01302
BC-01303,2026-01-01 03:14:32+00:00,0,IOMT-001,S-IOMT-001-306,RESEARCH,EP-IND-01303
BC-01304,2026-01-01 03:14:44+00:00,0,IOMT-037,S-IOMT-037-307,IMAGING,EP-IND-01304
BC-01305,2026-01-01 03:15:07+00:00,0,IOMT-048,S-IOMT-048-308,IMAGING,EP-IND-01305
BC-01306,2026-01-01 03:15:22+00:00,0,IOMT-025,S-IOMT-025-309,RESEARCH,EP-IND-01306
BC-01307,2026-01-01 03:15:25+00:00,0,IOMT-037,S-IOMT-037-310,IMAGING,EP-IND-01307
BC-01308,2026-01-01 03:15:28+00:00,0,IOMT-044,S-IOMT-044-311,LAB_RESULTS,EP-IND-01308
BC-01309,2026-01-01 03:15:32+00:00,0,IOMT-020,S-IOMT-020-312,EHR_WRITE,EP-IND-01309
BC-01310,2026-01-01 03:15:40+00:00,0,IOMT-035,S-IOMT-035-313,LAB_RESULTS,EP-IND-01310
BC-01311,2026-01-01 03:15:46+00:00,0,IOMT-018,S-IOMT-018-314,EHR_WRITE,EP-IND-01311
BC-01312,2026-01-01 03:15:53+00:00,0,IOMT-003,S-IOMT-003-315,RESEARCH,EP-IND-01312
BC-01313,2026-01-01 03:16:01+00:00,0,IOMT-049,S-IOMT-049-316,EHR_WRITE,EP-IND-01313
BC-01314,2026-01-01 03:16:02+00:00,0,IOMT-026,S-IOMT-026-317,IMAGING,EP-IND-01314
BC-01315,2026-01-01 03:16:28+00:00,0,IOMT-018,S-IOMT-018-318,EHR_READ,EP-IND-01315
BC-01316,2026-01-01 03:16:29+00:00,0,IOMT-015,S-IOMT-015-319,EHR_WRITE,EP-IND-01316
BC-01317,2026-01-01 03:16:33+00:00,0,IOMT-048,S-IOMT-048-320,IMAGING,EP-IND-01317
BC-01318,2026-01-01 03:16:34+00:00,0,IOMT-009,S-IOMT-009-321,RESEARCH,EP-IND-01318
BC-01319,2026-01-01 03:16:34+00:00,0,IOMT-037,S-IOMT-037-322,EHR_WRITE,EP-IND-01319
BC-01320,2026-01-01 03:16:47+00:00,0,IOMT-036,S-IOMT-036-323,LAB_RESULTS,EP-IND-01320
BC-01321,2026-01-01 03:16:50+00:00,0,IOMT-008,S-IOMT-008-324,EHR_WRITE,EP-IND-01321
BC-01322,2026-01-01 03:16:59+00:00,0,IOMT-016,S-IOMT-016-325,IMAGING,EP-IND-01322
BC-01323,2026-01-01 03:17:18+00:00,0,IOMT-016,S-IOMT-016-326,IMAGING,EP-IND-01323
BC-01324,2026-01-01 03:17:19+00:00,0,IOMT-040,S-IOMT-040-327,EHR_WRITE,EP-IND-01324
BC-01325,2026-01-01 03:17:22+00:00,0,IOMT-005,S-IOMT-005-328,EHR_READ,EP-IND-01325
BC-01326,2026-01-01 03:17:34+00:00,0,IOMT-046,S-IOMT-046-329,RESEARCH,EP-IND-01326
BC-01327,2026-01-01 03:17:48+00:00,0,IOMT-011,S-IOMT-011-330,RESEARCH,EP-IND-01327
BC-01328,2026-01-01 03:18:11+00:00,0,IOMT-000,S-IOMT-000-331,RESEARCH,EP-IND-01328
BC-01329,2026-01-01 03:18:18+00:00,0,IOMT-033,S-IOMT-033-332,RESEARCH,EP-IND-01329
BC-01330,2026-01-01 03:18:30+00:00,0,IOMT-017,S-IOMT-017-333,RESEARCH,EP-IND-01330
BC-01331,2026-01-01 03:18:33+00:00,0,IOMT-037,S-IOMT-037-334,EHR_READ,EP-IND-01331
BC-01332,2026-01-01 03:18:39+00:00,0,IOMT-037,S-IOMT-037-335,IMAGING,EP-IND-01332
BC-01333,2026-01-01 03:18:44+00:00,0,IOMT-035,S-IOMT-035-336,RESEARCH,EP-IND-01333
BC-01334,2026-01-01 03:18:57+00:00,0,IOMT-037,S-IOMT-037-337,RESEARCH,EP-IND-01334
BC-01335,2026-01-01 03:19:12+00:00,0,IOMT-030,S-IOMT-030-338,EHR_READ,EP-IND-01335
BC-01336,2026-01-01 03:19:18+00:00,0,IOMT-040,S-IOMT-040-339,EHR_READ,EP-IND-01336
BC-01337,2026-01-01 03:19:26+00:00,0,IOMT-013,S-IOMT-013-340,IMAGING,EP-IND-01337
BC-01338,2026-01-01 03:19:45+00:00,0,IOMT-029,S-IOMT-029-341,EHR_READ,EP-IND-01338
BC-01339,2026-01-01 03:19:46+00:00,0,IOMT-009,S-IOMT-009-342,IMAGING,EP-IND-01339
BC-01340,2026-01-01 03:19:50+00:00,0,IOMT-015,S-IOMT-015-343,LAB_RESULTS,EP-IND-01340
BC-01341,2026-01-01 03:19:56+00:00,0,IOMT-040,S-IOMT-040-344,LAB_RESULTS,EP-IND-01341
BC-01342,2026-01-01 03:19:58+00:00,0,IOMT-023,S-IOMT-023-345,LAB_RESULTS,EP-IND-01342
BC-01343,2026-01-01 03:20:24+00:00,0,IOMT-022,S-IOMT-022-346,EHR_READ,EP-IND-01343
BC-01344,2026-01-01 03:20:27+00:00,0,IOMT-022,S-IOMT-022-347,EHR_WRITE,EP-IND-01344
BC-01345,2026-01-01 03:20:31+00:00,0,IOMT-026,S-IOMT-026-348,EHR_WRITE,EP-IND-01345
BC-01346,2026-01-01 03:20:34+00:00,0,IOMT-040,S-IOMT-040-349,IMAGING,EP-IND-01346
BC-01347,2026-01-01 03:20:40+00:00,0,IOMT-042,S-IOMT-042-350,EHR_WRITE,EP-IND-01347
BC-01348,2026-01-01 03:20:44+00:00,0,IOMT-006,S-IOMT-006-351,RESEARCH,EP-IND-01348
BC-01349,2026-01-01 03:20:52+00:00,0,IOMT-038,S-IOMT-038-352,LAB_RESULTS,EP-IND-01349
BC-01350,2026-01-01 03:20:58+00:00,0,IOMT-037,S-IOMT-037-353,IMAGING,EP-IND-01350
BC-01351,2026-01-01 03:21:03+00:00,0,IOMT-016,S-IOMT-016-354,IMAGING,EP-IND-01351
BC-01352,2026-01-01 03:21:09+00:00,0,IOMT-026,S-IOMT-026-355,EHR_WRITE,EP-IND-01352
BC-01353,2026-01-01 03:21:11+00:00,0,IOMT-005,S-IOMT-005-356,EHR_READ,EP-IND-01353
BC-01354,2026-01-01 03:21:16+00:00,0,IOMT-027,S-IOMT-027-357,LAB_RESULTS,EP-IND-01354
BC-01355,2026-01-01 03:21:18+00:00,0,IOMT-035,S-IOMT-035-358,RESEARCH,EP-IND-01355
BC-01356,2026-01-01 03:21:23+00:00,0,IOMT-018,S-IOMT-018-359,EHR_READ,EP-IND-01356
BC-01357,2026-01-01 03:21:28+00:00,0,IOMT-002,S-IOMT-002-360,RESEARCH,EP-IND-01357
BC-01358,2026-01-01 03:21:42+00:00,0,IOMT-030,S-IOMT-030-361,EHR_WRITE,EP-IND-01358
BC-01359,2026-01-01 03:21:43+00:00,0,IOMT-017,S-IOMT-017-362,LAB_RESULTS,EP-IND-01359
BC-01360,2026-01-01 03:21:49+00:00,0,IOMT-022,S-IOMT-022-363,EHR_READ,EP-IND-01360
BC-01361,2026-01-01 03:22:10+00:00,0,IOMT-020,S-IOMT-020-364,EHR_READ,EP-IND-01361
BC-01362,2026-01-01 03:22:10+00:00,0,IOMT-023,S-IOMT-023-365,IMAGING,EP-IND-01362
BC-01363,2026-01-01 03:22:11+00:00,0,IOMT-049,S-IOMT-049-366,RESEARCH,EP-IND-01363
BC-01364,2026-01-01 03:22:15+00:00,0,IOMT-040,S-IOMT-040-367,IMAGING,EP-IND-01364
BC-01365,2026-01-01 03:22:18+00:00,0,IOMT-008,S-IOMT-008-368,EHR_WRITE,EP-IND-01365
BC-01366,2026-01-01 03:22:22+00:00,0,IOMT-014,S-IOMT-014-369,IMAGING,EP-IND-01366
BC-01367,2026-01-01 03:22:36+00:00,0,IOMT-012,S-IOMT-012-370,EHR_WRITE,EP-IND-01367
BC-01368,2026-01-01 03:22:42+00:00,0,IOMT-001,S-IOMT-001-371,LAB_RESULTS,EP-IND-01368
BC-01369,2026-01-01 03:22:58+00:00,0,IOMT-010,S-IOMT-010-372,IMAGING,EP-IND-01369
BC-01370,2026-01-01 03:22:58+00:00,0,IOMT-030,S-IOMT-030-373,EHR_WRITE,EP-IND-01370
BC-01371,2026-01-01 03:23:04+00:00,0,IOMT-036,S-IOMT-036-374,LAB_RESULTS,EP-IND-01371
BC-01372,2026-01-01 03:23:05+00:00,0,IOMT-031,S-IOMT-031-375,EHR_READ,EP-IND-01372
BC-01373,2026-01-01 03:23:09+00:00,0,IOMT-005,S-IOMT-005-376,RESEARCH,EP-IND-01373
BC-01374,2026-01-01 03:23:22+00:00,0,IOMT-030,S-IOMT-030-377,EHR_READ,EP-IND-01374
BC-01375,2026-01-01 03:23:25+00:00,0,IOMT-044,S-IOMT-044-378,RESEARCH,EP-IND-01375
BC-01376,2026-01-01 03:23:26+00:00,0,IOMT-033,S-IOMT-033-379,EHR_READ,EP-IND-01376
BC-01377,2026-01-01 03:23:26+00:00,0,IOMT-044,S-IOMT-044-380,IMAGING,EP-IND-01377
BC-01378,2026-01-01 03:23:35+00:00,0,IOMT-015,S-IOMT-015-381,EHR_WRITE,EP-IND-01378
BC-01379,2026-01-01 03:23:38+00:00,0,IOMT-023,S-IOMT-023-382,RESEARCH,EP-IND-01379
BC-01380,2026-01-01 03:23:50+00:00,0,IOMT-026,S-IOMT-026-383,EHR_WRITE,EP-IND-01380
BC-01381,2026-01-01 03:23:57+00:00,0,IOMT-005,S-IOMT-005-384,LAB_RESULTS,EP-IND-01381
BC-01382,2026-01-01 03:24:01+00:00,0,IOMT-035,S-IOMT-035-385,EHR_WRITE,EP-IND-01382
BC-01383,2026-01-01 03:24:18+00:00,0,IOMT-043,S-IOMT-043-386,EHR_READ,EP-IND-01383
BC-01384,2026-01-01 03:24:19+00:00,0,IOMT-007,S-IOMT-007-387,EHR_WRITE,EP-IND-01384
BC-01385,2026-01-01 01:28:46+00:00,1,IOMT-COORD-027,S-COORD-027,IMAGING,EP-COORD-027
BC-01386,2026-01-01 03:25:04+00:00,0,IOMT-025,S-IOMT-025-389,LAB_RESULTS,EP-IND-01386
BC-01387,2026-01-01 03:25:05+00:00,0,IOMT-015,S-IOMT-015-390,IMAGING,EP-IND-01387
BC-01388,2026-01-01 03:25:10+00:00,0,IOMT-000,S-IOMT-000-391,IMAGING,EP-IND-01388
BC-01389,2026-01-01 03:25:11+00:00,0,IOMT-025,S-IOMT-025-392,EHR_READ,EP-IND-01389
BC-01390,2026-01-01 03:25:18+00:00,0,IOMT-008,S-IOMT-008-393,IMAGING,EP-IND-01390
BC-01391,2026-01-01 03:25:20+00:00,0,IOMT-012,S-IOMT-012-394,LAB_RESULTS,EP-IND-01391
BC-01392,2026-01-01 03:25:27+00:00,0,IOMT-018,S-IOMT-018-395,EHR_WRITE,EP-IND-01392
BC-01393,2026-01-01 03:25:35+00:00,0,IOMT-016,S-IOMT-016-396,IMAGING,EP-IND-01393
BC-01394,2026-01-01 03:26:14+00:00,0,IOMT-009,S-IOMT-009-397,IMAGING,EP-IND-01394
BC-01395,2026-01-01 03:26:37+00:00,0,IOMT-036,S-IOMT-036-398,EHR_WRITE,EP-IND-01395
BC-01396,2026-01-01 03:26:37+00:00,0,IOMT-018,S-IOMT-018-399,EHR_READ,EP-IND-01396
BC-01397,2026-01-01 03:26:49+00:00,0,IOMT-018,S-IOMT-018-400,EHR_WRITE,EP-IND-01397
BC-01398,2026-01-01 03:26:50+00:00,0,IOMT-028,S-IOMT-028-401,IMAGING,EP-IND-01398
BC-01399,2026-01-01 03:26:57+00:00,0,IOMT-033,S-IOMT-033-402,EHR_READ,EP-IND-01399
BC-01400,2026-01-01 03:27:05+00:00,0,IOMT-046,S-IOMT-046-403,EHR_WRITE,EP-IND-01400
BC-01401,2026-01-01 03:27:12+00:00,0,IOMT-021,S-IOMT-021-404,IMAGING,EP-IND-01401
BC-01402,2026-01-01 03:27:14+00:00,0,IOMT-018,S-IOMT-018-405,IMAGING,EP-IND-01402
BC-01403,2026-01-01 03:27:21+00:00,0,IOMT-040,S-IOMT-040-406,IMAGING,EP-IND-01403
BC-01404,2026-01-01 03:27:24+00:00,0,IOMT-008,S-IOMT-008-407,LAB_RESULTS,EP-IND-01404
BC-01405,2026-01-01 03:27:27+00:00,0,IOMT-018,S-IOMT-018-408,EHR_READ,EP-IND-01405
BC-01406,2026-01-01 03:27:27+00:00,0,IOMT-006,S-IOMT-006-409,EHR_WRITE,EP-IND-01406
BC-01407,2026-01-01 03:27:34+00:00,0,IOMT-004,S-IOMT-004-410,IMAGING,EP-IND-01407
BC-01408,2026-01-01 03:27:38+00:00,0,IOMT-039,S-IOMT-039-411,EHR_READ,EP-IND-01408
BC-01409,2026-01-01 03:27:43+00:00,0,IOMT-042,S-IOMT-042-412,LAB_RESULTS,EP-IND-01409
BC-01410,2026-01-01 03:27:53+00:00,0,IOMT-001,S-IOMT-001-413,EHR_READ,EP-IND-01410
BC-01411,2026-01-01 03:28:15+00:00,0,IOMT-047,S-IOMT-047-414,IMAGING,EP-IND-01411
BC-01412,2026-01-01 03:28:22+00:00,0,IOMT-020,S-IOMT-020-415,LAB_RESULTS,EP-IND-01412
BC-01413,2026-01-01 03:28:28+00:00,0,IOMT-028,S-IOMT-028-416,EHR_READ,EP-IND-01413
BC-01414,2026-01-01 03:28:50+00:00,0,IOMT-009,S-IOMT-009-417,EHR_READ,EP-IND-01414
BC-01415,2026-01-01 03:28:58+00:00,0,IOMT-047,S-IOMT-047-418,IMAGING,EP-IND-01415
BC-01416,2026-01-01 03:28:59+00:00,0,IOMT-017,S-IOMT-017-419,LAB_RESULTS,EP-IND-01416
BC-01417,2026-01-01 03:29:02+00:00,0,IOMT-049,S-IOMT-049-420,LAB_RESULTS,EP-IND-01417
BC-01418,2026-01-01 03:29:03+00:00,0,IOMT-037,S-IOMT-037-421,RESEARCH,EP-IND-01418
BC-01419,2026-01-01 03:29:04+00:00,0,IOMT-012,S-IOMT-012-422,LAB_RESULTS,EP-IND-01419
BC-01420,2026-01-01 03:29:06+00:00,0,IOMT-005,S-IOMT-005-423,EHR_WRITE,EP-IND-01420
BC-01421,2026-01-01 03:29:25+00:00,0,IOMT-047,S-IOMT-047-424,EHR_READ,EP-IND-01421
BC-01422,2026-01-01 03:29:35+00:00,0,IOMT-026,S-IOMT-026-425,EHR_READ,EP-IND-01422
BC-01423,2026-01-01 03:29:43+00:00,0,IOMT-022,S-IOMT-022-426,IMAGING,EP-IND-01423
BC-01424,2026-01-01 03:29:45+00:00,0,IOMT-040,S-IOMT-040-427,LAB_RESULTS,EP-IND-01424
BC-01425,2026-01-01 03:29:55+00:00,0,IOMT-004,S-IOMT-004-428,IMAGING,EP-IND-01425
BC-01426,2026-01-01 03:30:23+00:00,0,IOMT-040,S-IOMT-040-429,IMAGING,EP-IND-01426
BC-01427,2026-01-01 03:30:48+00:00,0,IOMT-023,S-IOMT-023-430,EHR_WRITE,EP-IND-01427
BC-01428,2026-01-01 03:30:49+00:00,0,IOMT-028,S-IOMT-028-431,LAB_RESULTS,EP-IND-01428
BC-01429,2026-01-01 03:30:49+00:00,0,IOMT-044,S-IOMT-044-432,LAB_RESULTS,EP-IND-01429
BC-01430,2026-01-01 03:30:51+00:00,0,IOMT-002,S-IOMT-002-433,RESEARCH,EP-IND-01430
BC-01431,2026-01-01 03:30:52+00:00,0,IOMT-040,S-IOMT-040-434,EHR_READ,EP-IND-01431
BC-01432,2026-01-01 03:30:54+00:00,0,IOMT-044,S-IOMT-044-435,EHR_READ,EP-IND-01432
BC-01433,2026-01-01 03:31:24+00:00,0,IOMT-043,S-IOMT-043-436,EHR_READ,EP-IND-01433
BC-01434,2026-01-01 03:31:32+00:00,0,IOMT-042,S-IOMT-042-437,RESEARCH,EP-IND-01434
BC-01435,2026-01-01 03:31:36+00:00,0,IOMT-008,S-IOMT-008-438,RESEARCH,EP-IND-01435
BC-01436,2026-01-01 03:31:38+00:00,0,IOMT-047,S-IOMT-047-439,RESEARCH,EP-IND-01436
BC-01437,2026-01-01 03:31:55+00:00,0,IOMT-025,S-IOMT-025-440,EHR_WRITE,EP-IND-01437
BC-01438,2026-01-01 03:32:05+00:00,0,IOMT-045,S-IOMT-045-441,LAB_RESULTS,EP-IND-01438
BC-01439,2026-01-01 03:32:28+00:00,0,IOMT-017,S-IOMT-017-442,LAB_RESULTS,EP-IND-01439
BC-01440,2026-01-01 03:32:29+00:00,0,IOMT-005,S-IOMT-005-443,EHR_WRITE,EP-IND-01440
BC-01441,2026-01-01 03:32:39+00:00,0,IOMT-004,S-IOMT-004-444,EHR_WRITE,EP-IND-01441
BC-01442,2026-01-01 03:32:41+00:00,0,IOMT-040,S-IOMT-040-445,IMAGING,EP-IND-01442
BC-01443,2026-01-01 03:32:45+00:00,0,IOMT-047,S-IOMT-047-446,EHR_WRITE,EP-IND-01443
BC-01444,2026-01-01 03:33:00+00:00,0,IOMT-040,S-IOMT-040-447,EHR_WRITE,EP-IND-01444
BC-01445,2026-01-01 03:33:02+00:00,0,IOMT-039,S-IOMT-039-448,EHR_WRITE,EP-IND-01445
BC-01446,2026-01-01 03:33:06+00:00,0,IOMT-021,S-IOMT-021-449,LAB_RESULTS,EP-IND-01446
BC-01447,2026-01-01 03:33:08+00:00,0,IOMT-026,S-IOMT-026-450,EHR_READ,EP-IND-01447
BC-01448,2026-01-01 03:33:16+00:00,0,IOMT-007,S-IOMT-007-451,RESEARCH,EP-IND-01448
BC-01449,2026-01-01 03:33:28+00:00,0,IOMT-020,S-IOMT-020-452,IMAGING,EP-IND-01449
BC-01450,2026-01-01 03:33:37+00:00,0,IOMT-022,S-IOMT-022-453,RESEARCH,EP-IND-01450
BC-01451,2026-01-01 03:33:46+00:00,0,IOMT-019,S-IOMT-019-454,EHR_READ,EP-IND-01451
BC-01452,2026-01-01 03:33:54+00:00,0,IOMT-042,S-IOMT-042-455,LAB_RESULTS,EP-IND-01452
BC-01453,2026-01-01 03:33:55+00:00,0,IOMT-038,S-IOMT-038-456,IMAGING,EP-IND-01453
BC-01454,2026-01-01 03:34:08+00:00,0,IOMT-017,S-IOMT-017-457,LAB_RESULTS,EP-IND-01454
BC-01455,2026-01-01 03:34:23+00:00,0,IOMT-035,S-IOMT-035-458,EHR_WRITE,EP-IND-01455
BC-01456,2026-01-01 01:36:02+00:00,1,IOMT-COORD-028,S-COORD-028,LAB_RESULTS,EP-COORD-028
BC-01457,2026-01-01 03:34:42+00:00,0,IOMT-011,S-IOMT-011-460,EHR_READ,EP-IND-01457
BC-01458,2026-01-01 03:34:46+00:00,0,IOMT-038,S-IOMT-038-461,IMAGING,EP-IND-01458
BC-01459,2026-01-01 03:34:52+00:00,0,IOMT-046,S-IOMT-046-462,EHR_READ,EP-IND-01459
BC-01460,2026-01-01 03:34:55+00:00,0,IOMT-013,S-IOMT-013-463,LAB_RESULTS,EP-IND-01460
BC-01461,2026-01-01 03:34:57+00:00,0,IOMT-014,S-IOMT-014-464,RESEARCH,EP-IND-01461
BC-01462,2026-01-01 03:35:06+00:00,0,IOMT-020,S-IOMT-020-465,EHR_WRITE,EP-IND-01462
BC-01463,2026-01-01 03:35:13+00:00,0,IOMT-018,S-IOMT-018-466,EHR_WRITE,EP-IND-01463
BC-01464,2026-01-01 03:35:30+00:00,0,IOMT-009,S-IOMT-009-467,EHR_WRITE,EP-IND-01464
BC-01465,2026-01-01 03:35:36+00:00,0,IOMT-007,S-IOMT-007-468,EHR_WRITE,EP-IND-01465
BC-01466,2026-01-01 03:35:39+00:00,0,IOMT-017,S-IOMT-017-469,EHR_WRITE,EP-IND-01466
BC-01467,2026-01-01 03:36:10+00:00,0,IOMT-044,S-IOMT-044-470,LAB_RESULTS,EP-IND-01467
BC-01468,2026-01-01 03:36:36+00:00,0,IOMT-019,S-IOMT-019-471,EHR_READ,EP-IND-01468
BC-01469,2026-01-01 03:36:43+00:00,0,IOMT-016,S-IOMT-016-472,LAB_RESULTS,EP-IND-01469
BC-01470,2026-01-01 03:36:45+00:00,0,IOMT-036,S-IOMT-036-473,RESEARCH,EP-IND-01470
BC-01471,2026-01-01 03:36:46+00:00,0,IOMT-043,S-IOMT-043-474,LAB_RESULTS,EP-IND-01471
BC-01472,2026-01-01 03:36:49+00:00,0,IOMT-045,S-IOMT-045-475,EHR_WRITE,EP-IND-01472
BC-01473,2026-01-01 03:36:51+00:00,0,IOMT-010,S-IOMT-010-476,EHR_READ,EP-IND-01473
BC-01474,2026-01-01 03:37:01+00:00,0,IOMT-004,S-IOMT-004-477,EHR_WRITE,EP-IND-01474
BC-01475,2026-01-01 03:37:11+00:00,0,IOMT-048,S-IOMT-048-478,IMAGING,EP-IND-01475
BC-01476,2026-01-01 03:37:12+00:00,0,IOMT-022,S-IOMT-022-479,IMAGING,EP-IND-01476
BC-01477,2026-01-01 03:37:13+00:00,0,IOMT-032,S-IOMT-032-480,LAB_RESULTS,EP-IND-01477
BC-01478,2026-01-01 03:37:34+00:00,0,IOMT-036,S-IOMT-036-481,EHR_WRITE,EP-IND-01478
BC-01479,2026-01-01 03:37:58+00:00,0,IOMT-007,S-IOMT-007-482,LAB_RESULTS,EP-IND-01479
BC-01480,2026-01-01 03:38:16+00:00,0,IOMT-000,S-IOMT-000-483,RESEARCH,EP-IND-01480
BC-01481,2026-01-01 03:38:22+00:00,0,IOMT-019,S-IOMT-019-484,EHR_WRITE,EP-IND-01481
BC-01482,2026-01-01 03:38:22+00:00,0,IOMT-041,S-IOMT-041-485,EHR_WRITE,EP-IND-01482
BC-01483,2026-01-01 03:38:24+00:00,0,IOMT-046,S-IOMT-046-486,EHR_READ,EP-IND-01483
BC-01484,2026-01-01 03:38:55+00:00,0,IOMT-005,S-IOMT-005-487,LAB_RESULTS,EP-IND-01484
BC-01485,2026-01-01 03:38:57+00:00,0,IOMT-015,S-IOMT-015-488,IMAGING,EP-IND-01485
BC-01486,2026-01-01 03:39:08+00:00,0,IOMT-047,S-IOMT-047-489,EHR_READ,EP-IND-01486
BC-01487,2026-01-01 03:39:13+00:00,0,IOMT-037,S-IOMT-037-490,EHR_READ,EP-IND-01487
BC-01488,2026-01-01 03:39:17+00:00,0,IOMT-019,S-IOMT-019-491,IMAGING,EP-IND-01488
BC-01489,2026-01-01 03:39:56+00:00,0,IOMT-016,S-IOMT-016-492,EHR_READ,EP-IND-01489
BC-01490,2026-01-01 03:39:59+00:00,0,IOMT-049,S-IOMT-049-493,LAB_RESULTS,EP-IND-01490
BC-01491,2026-01-01 03:40:08+00:00,0,IOMT-008,S-IOMT-008-494,EHR_WRITE,EP-IND-01491
BC-01492,2026-01-01 03:40:21+00:00,0,IOMT-049,S-IOMT-049-495,EHR_READ,EP-IND-01492
BC-01493,2026-01-01 03:40:24+00:00,0,IOMT-033,S-IOMT-033-496,IMAGING,EP-IND-01493
BC-01494,2026-01-01 03:40:25+00:00,0,IOMT-023,S-IOMT-023-497,LAB_RESULTS,EP-IND-01494
BC-01495,2026-01-01 03:40:33+00:00,0,IOMT-021,S-IOMT-021-498,EHR_READ,EP-IND-01495
BC-01496,2026-01-01 03:40:42+00:00,0,IOMT-023,S-IOMT-023-499,RESEARCH,EP-IND-01496
BC-01497,2026-01-01 03:40:56+00:00,0,IOMT-008,S-IOMT-008-500,EHR_READ,EP-IND-01497
BC-01498,2026-01-01 03:41:00+00:00,0,IOMT-029,S-IOMT-029-501,EHR_READ,EP-IND-01498
BC-01499,2026-01-01 03:41:08+00:00,0,IOMT-008,S-IOMT-008-502,EHR_WRITE,EP-IND-01499
BC-01500,2026-01-01 03:41:15+00:00,0,IOMT-049,S-IOMT-049-503,LAB_RESULTS,EP-IND-01500
BC-01501,2026-01-01 03:41:17+00:00,0,IOMT-005,S-IOMT-005-504,EHR_WRITE,EP-IND-01501
BC-01502,2026-01-01 03:41:19+00:00,0,IOMT-016,S-IOMT-016-505,EHR_WRITE,EP-IND-01502
BC-01503,2026-01-01 03:41:20+00:00,0,IOMT-010,S-IOMT-010-506,IMAGING,EP-IND-01503
BC-01504,2026-01-01 03:41:28+00:00,0,IOMT-000,S-IOMT-000-507,LAB_RESULTS,EP-IND-01504
BC-01505,2026-01-01 03:41:36+00:00,0,IOMT-005,S-IOMT-005-508,EHR_WRITE,EP-IND-01505
BC-01506,2026-01-01 03:41:36+00:00,0,IOMT-038,S-IOMT-038-509,IMAGING,EP-IND-01506
BC-01507,2026-01-01 03:41:39+00:00,0,IOMT-044,S-IOMT-044-510,IMAGING,EP-IND-01507
BC-01508,2026-01-01 03:41:39+00:00,0,IOMT-014,S-IOMT-014-511,LAB_RESULTS,EP-IND-01508
BC-01509,2026-01-01 03:41:45+00:00,0,IOMT-003,S-IOMT-003-512,EHR_WRITE,EP-IND-01509
BC-01510,2026-01-01 03:41:48+00:00,0,IOMT-000,S-IOMT-000-513,RESEARCH,EP-IND-01510
BC-01511,2026-01-01 03:41:54+00:00,0,IOMT-016,S-IOMT-016-514,EHR_WRITE,EP-IND-01511
BC-01512,2026-01-01 03:41:58+00:00,0,IOMT-044,S-IOMT-044-515,RESEARCH,EP-IND-01512
BC-01513,2026-01-01 03:41:59+00:00,0,IOMT-013,S-IOMT-013-516,IMAGING,EP-IND-01513
BC-01514,2026-01-01 03:42:00+00:00,0,IOMT-031,S-IOMT-031-517,IMAGING,EP-IND-01514
BC-01515,2026-01-01 03:42:19+00:00,0,IOMT-022,S-IOMT-022-518,EHR_READ,EP-IND-01515
BC-01516,2026-01-01 03:42:22+00:00,0,IOMT-025,S-IOMT-025-519,LAB_RESULTS,EP-IND-01516
BC-01517,2026-01-01 03:43:05+00:00,0,IOMT-003,S-IOMT-003-520,EHR_WRITE,EP-IND-01517
BC-01518,2026-01-01 03:43:07+00:00,0,IOMT-038,S-IOMT-038-521,EHR_READ,EP-IND-01518
BC-01519,2026-01-01 03:43:08+00:00,0,IOMT-021,S-IOMT-021-522,EHR_WRITE,EP-IND-01519
BC-01520,2026-01-01 03:43:13+00:00,0,IOMT-041,S-IOMT-041-523,RESEARCH,EP-IND-01520
BC-01521,2026-01-01 03:43:14+00:00,0,IOMT-032,S-IOMT-032-524,IMAGING,EP-IND-01521
BC-01522,2026-01-01 03:43:15+00:00,0,IOMT-024,S-IOMT-024-525,EHR_READ,EP-IND-01522
BC-01523,2026-01-01 03:43:25+00:00,0,IOMT-035,S-IOMT-035-526,EHR_READ,EP-IND-01523
BC-01524,2026-01-01 03:43:28+00:00,0,IOMT-026,S-IOMT-026-527,EHR_WRITE,EP-IND-01524
BC-01525,2026-01-01 03:43:39+00:00,0,IOMT-017,S-IOMT-017-528,EHR_READ,EP-IND-01525
BC-01526,2026-01-01 03:43:45+00:00,0,IOMT-033,S-IOMT-033-529,RESEARCH,EP-IND-01526
BC-01527,2026-01-01 03:43:46+00:00,0,IOMT-031,S-IOMT-031-530,LAB_RESULTS,EP-IND-01527
BC-01528,2026-01-01 03:44:02+00:00,0,IOMT-031,S-IOMT-031-531,RESEARCH,EP-IND-01528
BC-01529,2026-01-01 03:44:18+00:00,0,IOMT-001,S-IOMT-001-532,RESEARCH,EP-IND-01529
BC-01530,2026-01-01 03:44:22+00:00,0,IOMT-019,S-IOMT-019-533,IMAGING,EP-IND-01530
BC-01531,2026-01-01 03:44:37+00:00,0,IOMT-014,S-IOMT-014-534,LAB_RESULTS,EP-IND-01531
BC-01532,2026-01-01 03:44:51+00:00,0,IOMT-030,S-IOMT-030-535,IMAGING,EP-IND-01532
BC-01533,2026-01-01 03:44:55+00:00,0,IOMT-039,S-IOMT-039-536,IMAGING,EP-IND-01533
BC-01534,2026-01-01 01:36:23+00:00,1,IOMT-COORD-029,S-COORD-029,RESEARCH,EP-COORD-029
BC-01535,2026-01-01 03:45:09+00:00,0,IOMT-030,S-IOMT-030-538,IMAGING,EP-IND-01535
BC-01536,2026-01-01 03:45:12+00:00,0,IOMT-000,S-IOMT-000-539,EHR_WRITE,EP-IND-01536
BC-01537,2026-01-01 03:45:16+00:00,0,IOMT-013,S-IOMT-013-540,IMAGING,EP-IND-01537
BC-01538,2026-01-01 03:45:32+00:00,0,IOMT-029,S-IOMT-029-541,EHR_WRITE,EP-IND-01538
BC-01539,2026-01-01 03:45:53+00:00,0,IOMT-010,S-IOMT-010-542,IMAGING,EP-IND-01539
BC-01540,2026-01-01 03:45:53+00:00,0,IOMT-038,S-IOMT-038-543,RESEARCH,EP-IND-01540
BC-01541,2026-01-01 03:46:23+00:00,0,IOMT-021,S-IOMT-021-544,LAB_RESULTS,EP-IND-01541
BC-01542,2026-01-01 03:46:26+00:00,0,IOMT-038,S-IOMT-038-545,EHR_WRITE,EP-IND-01542
BC-01543,2026-01-01 03:46:28+00:00,0,IOMT-029,S-IOMT-029-546,LAB_RESULTS,EP-IND-01543
BC-01544,2026-01-01 03:46:33+00:00,0,IOMT-017,S-IOMT-017-547,LAB_RESULTS,EP-IND-01544
BC-01545,2026-01-01 03:46:33+00:00,0,IOMT-020,S-IOMT-020-548,LAB_RESULTS,EP-IND-01545
BC-01546,2026-01-01 03:46:34+00:00,0,IOMT-011,S-IOMT-011-549,EHR_READ,EP-IND-01546
BC-01547,2026-01-01 03:46:34+00:00,0,IOMT-036,S-IOMT-036-550,EHR_WRITE,EP-IND-01547
BC-01548,2026-01-01 03:46:37+00:00,0,IOMT-013,S-IOMT-013-551,LAB_RESULTS,EP-IND-01548
BC-01549,2026-01-01 03:46:38+00:00,0,IOMT-024,S-IOMT-024-552,EHR_WRITE,EP-IND-01549
BC-01550,2026-01-01 03:46:43+00:00,0,IOMT-038,S-IOMT-038-553,EHR_WRITE,EP-IND-01550
BC-01551,2026-01-01 03:46:45+00:00,0,IOMT-019,S-IOMT-019-554,EHR_WRITE,EP-IND-01551
BC-01552,2026-01-01 03:46:49+00:00,0,IOMT-005,S-IOMT-005-555,EHR_READ,EP-IND-01552
BC-01553,2026-01-01 03:46:58+00:00,0,IOMT-041,S-IOMT-041-556,EHR_WRITE,EP-IND-01553
BC-01554,2026-01-01 03:47:13+00:00,0,IOMT-005,S-IOMT-005-557,LAB_RESULTS,EP-IND-01554
BC-01555,2026-01-01 03:47:14+00:00,0,IOMT-026,S-IOMT-026-558,RESEARCH,EP-IND-01555
BC-01556,2026-01-01 03:47:17+00:00,0,IOMT-026,S-IOMT-026-559,LAB_RESULTS,EP-IND-01556
BC-01557,2026-01-01 03:47:20+00:00,0,IOMT-010,S-IOMT-010-560,LAB_RESULTS,EP-IND-01557
BC-01558,2026-01-01 03:47:21+00:00,0,IOMT-009,S-IOMT-009-561,EHR_WRITE,EP-IND-01558
BC-01559,2026-01-01 03:47:34+00:00,0,IOMT-019,S-IOMT-019-562,IMAGING,EP-IND-01559
BC-01560,2026-01-01 03:47:36+00:00,0,IOMT-044,S-IOMT-044-563,LAB_RESULTS,EP-IND-01560
BC-01561,2026-01-01 03:47:38+00:00,0,IOMT-018,S-IOMT-018-564,EHR_WRITE,EP-IND-01561
BC-01562,2026-01-01 03:47:51+00:00,0,IOMT-040,S-IOMT-040-565,LAB_RESULTS,EP-IND-01562
BC-01563,2026-01-01 03:47:57+00:00,0,IOMT-024,S-IOMT-024-566,RESEARCH,EP-IND-01563
BC-01564,2026-01-01 01:39:08+00:00,1,IOMT-COORD-030,S-COORD-030,EHR_READ,EP-COORD-030
BC-01565,2026-01-01 03:48:07+00:00,0,IOMT-021,S-IOMT-021-568,EHR_READ,EP-IND-01565
BC-01566,2026-01-01 03:48:17+00:00,0,IOMT-032,S-IOMT-032-569,IMAGING,EP-IND-01566
BC-01567,2026-01-01 03:48:28+00:00,0,IOMT-002,S-IOMT-002-570,LAB_RESULTS,EP-IND-01567
BC-01568,2026-01-01 03:48:47+00:00,0,IOMT-042,S-IOMT-042-571,IMAGING,EP-IND-01568
BC-01569,2026-01-01 03:48:49+00:00,0,IOMT-028,S-IOMT-028-572,EHR_READ,EP-IND-01569
BC-01570,2026-01-01 03:48:50+00:00,0,IOMT-011,S-IOMT-011-573,EHR_READ,EP-IND-01570
BC-01571,2026-01-01 03:49:00+00:00,0,IOMT-047,S-IOMT-047-574,EHR_WRITE,EP-IND-01571
BC-01572,2026-01-01 03:49:12+00:00,0,IOMT-000,S-IOMT-000-575,LAB_RESULTS,EP-IND-01572
BC-01573,2026-01-01 03:49:15+00:00,0,IOMT-042,S-IOMT-042-576,LAB_RESULTS,EP-IND-01573
BC-01574,2026-01-01 03:49:18+00:00,0,IOMT-018,S-IOMT-018-577,EHR_READ,EP-IND-01574
BC-01575,2026-01-01 03:49:22+00:00,0,IOMT-005,S-IOMT-005-578,LAB_RESULTS,EP-IND-01575
BC-01576,2026-01-01 03:49:27+00:00,0,IOMT-026,S-IOMT-026-579,LAB_RESULTS,EP-IND-01576
BC-01577,2026-01-01 03:49:32+00:00,0,IOMT-017,S-IOMT-017-580,LAB_RESULTS,EP-IND-01577
BC-01578,2026-01-01 03:49:38+00:00,0,IOMT-013,S-IOMT-013-581,LAB_RESULTS,EP-IND-01578
BC-01579,2026-01-01 03:49:38+00:00,0,IOMT-047,S-IOMT-047-582,RESEARCH,EP-IND-01579
BC-01580,2026-01-01 03:49:39+00:00,0,IOMT-010,S-IOMT-010-583,EHR_READ,EP-IND-01580
BC-01581,2026-01-01 03:49:44+00:00,0,IOMT-005,S-IOMT-005-584,EHR_READ,EP-IND-01581
BC-01582,2026-01-01 03:50:06+00:00,0,IOMT-025,S-IOMT-025-585,LAB_RESULTS,EP-IND-01582
BC-01583,2026-01-01 03:50:11+00:00,0,IOMT-003,S-IOMT-003-586,EHR_READ,EP-IND-01583
BC-01584,2026-01-01 01:41:00+00:00,1,IOMT-COORD-031,S-COORD-031,EHR_WRITE,EP-COORD-031
BC-01585,2026-01-01 03:50:27+00:00,0,IOMT-000,S-IOMT-000-588,LAB_RESULTS,EP-IND-01585
BC-01586,2026-01-01 03:50:28+00:00,0,IOMT-045,S-IOMT-045-589,EHR_READ,EP-IND-01586
BC-01587,2026-01-01 03:50:39+00:00,0,IOMT-044,S-IOMT-044-590,RESEARCH,EP-IND-01587
BC-01588,2026-01-01 03:50:40+00:00,0,IOMT-037,S-IOMT-037-591,EHR_READ,EP-IND-01588
BC-01589,2026-01-01 03:50:53+00:00,0,IOMT-011,S-IOMT-011-592,LAB_RESULTS,EP-IND-01589
BC-01590,2026-01-01 03:51:12+00:00,0,IOMT-025,S-IOMT-025-593,EHR_READ,EP-IND-01590
BC-01591,2026-01-01 03:51:16+00:00,0,IOMT-017,S-IOMT-017-594,LAB_RESULTS,EP-IND-01591
BC-01592,2026-01-01 03:51:29+00:00,0,IOMT-017,S-IOMT-017-595,IMAGING,EP-IND-01592
BC-01593,2026-01-01 03:51:36+00:00,0,IOMT-022,S-IOMT-022-596,EHR_WRITE,EP-IND-01593
BC-01594,2026-01-01 01:41:52+00:00,1,IOMT-COORD-032,S-COORD-032,IMAGING,EP-COORD-032
BC-01595,2026-01-01 03:51:49+00:00,0,IOMT-017,S-IOMT-017-598,EHR_READ,EP-IND-01595
BC-01596,2026-01-01 03:51:52+00:00,0,IOMT-014,S-IOMT-014-599,IMAGING,EP-IND-01596
BC-01597,2026-01-01 03:52:09+00:00,0,IOMT-016,S-IOMT-016-600,EHR_WRITE,EP-IND-01597
BC-01598,2026-01-01 03:52:19+00:00,0,IOMT-046,S-IOMT-046-601,EHR_WRITE,EP-IND-01598
BC-01599,2026-01-01 03:52:22+00:00,0,IOMT-017,S-IOMT-017-602,IMAGING,EP-IND-01599
BC-01600,2026-01-01 03:52:24+00:00,0,IOMT-039,S-IOMT-039-603,LAB_RESULTS,EP-IND-01600
BC-01601,2026-01-01 03:52:29+00:00,0,IOMT-035,S-IOMT-035-604,LAB_RESULTS,EP-IND-01601
BC-01602,2026-01-01 03:52:38+00:00,0,IOMT-024,S-IOMT-024-605,IMAGING,EP-IND-01602
BC-01603,2026-01-01 03:52:44+00:00,0,IOMT-045,S-IOMT-045-606,IMAGING,EP-IND-01603
BC-01604,2026-01-01 03:53:02+00:00,0,IOMT-035,S-IOMT-035-607,EHR_WRITE,EP-IND-01604
BC-01605,2026-01-01 03:53:13+00:00,0,IOMT-042,S-IOMT-042-608,IMAGING,EP-IND-01605
BC-01606,2026-01-01 03:53:16+00:00,0,IOMT-034,S-IOMT-034-609,LAB_RESULTS,EP-IND-01606
BC-01607,2026-01-01 03:53:39+00:00,0,IOMT-049,S-IOMT-049-610,IMAGING,EP-IND-01607
BC-01608,2026-01-01 03:53:55+00:00,0,IOMT-009,S-IOMT-009-611,EHR_WRITE,EP-IND-01608
BC-01609,2026-01-01 03:53:59+00:00,0,IOMT-005,S-IOMT-005-612,RESEARCH,EP-IND-01609
BC-01610,2026-01-01 03:54:04+00:00,0,IOMT-011,S-IOMT-011-613,EHR_WRITE,EP-IND-01610
BC-01611,2026-01-01 03:54:06+00:00,0,IOMT-028,S-IOMT-028-614,EHR_WRITE,EP-IND-01611
BC-01612,2026-01-01 03:54:07+00:00,0,IOMT-045,S-IOMT-045-615,EHR_READ,EP-IND-01612
BC-01613,2026-01-01 03:54:11+00:00,0,IOMT-000,S-IOMT-000-616,RESEARCH,EP-IND-01613
BC-01614,2026-01-01 03:54:14+00:00,0,IOMT-049,S-IOMT-049-617,RESEARCH,EP-IND-01614
BC-01615,2026-01-01 03:54:27+00:00,0,IOMT-042,S-IOMT-042-618,RESEARCH,EP-IND-01615
BC-01616,2026-01-01 03:54:28+00:00,0,IOMT-026,S-IOMT-026-619,EHR_WRITE,EP-IND-01616
BC-01617,2026-01-01 03:54:47+00:00,0,IOMT-020,S-IOMT-020-620,RESEARCH,EP-IND-01617
BC-01618,2026-01-01 03:54:48+00:00,0,IOMT-035,S-IOMT-035-621,EHR_WRITE,EP-IND-01618
BC-01619,2026-01-01 03:55:09+00:00,0,IOMT-049,S-IOMT-049-622,LAB_RESULTS,EP-IND-01619
BC-01620,2026-01-01 03:55:15+00:00,0,IOMT-008,S-IOMT-008-623,IMAGING,EP-IND-01620
BC-01621,2026-01-01 03:55:20+00:00,0,IOMT-014,S-IOMT-014-624,EHR_WRITE,EP-IND-01621
BC-01622,2026-01-01 03:55:23+00:00,0,IOMT-003,S-IOMT-003-625,RESEARCH,EP-IND-01622
BC-01623,2026-01-01 03:55:27+00:00,0,IOMT-009,S-IOMT-009-626,IMAGING,EP-IND-01623
BC-01624,2026-01-01 03:55:29+00:00,0,IOMT-049,S-IOMT-049-627,EHR_WRITE,EP-IND-01624
BC-01625,2026-01-01 03:55:30+00:00,0,IOMT-032,S-IOMT-032-628,RESEARCH,EP-IND-01625
BC-01626,2026-01-01 03:55:54+00:00,0,IOMT-047,S-IOMT-047-629,RESEARCH,EP-IND-01626
BC-01627,2026-01-01 03:56:32+00:00,0,IOMT-030,S-IOMT-030-630,LAB_RESULTS,EP-IND-01627
BC-01628,2026-01-01 03:56:33+00:00,0,IOMT-020,S-IOMT-020-631,EHR_READ,EP-IND-01628
BC-01629,2026-01-01 03:56:42+00:00,0,IOMT-018,S-IOMT-018-632,LAB_RESULTS,EP-IND-01629
BC-01630,2026-01-01 03:56:42+00:00,0,IOMT-008,S-IOMT-008-633,EHR_WRITE,EP-IND-01630
BC-01631,2026-01-01 03:56:42+00:00,0,IOMT-003,S-IOMT-003-634,EHR_WRITE,EP-IND-01631
BC-01632,2026-01-01 03:56:57+00:00,0,IOMT-026,S-IOMT-026-635,EHR_READ,EP-IND-01632
BC-01633,2026-01-01 03:57:02+00:00,0,IOMT-011,S-IOMT-011-636,EHR_WRITE,EP-IND-01633
BC-01634,2026-01-01 03:57:06+00:00,0,IOMT-038,S-IOMT-038-637,LAB_RESULTS,EP-IND-01634
BC-01635,2026-01-01 03:57:17+00:00,0,IOMT-007,S-IOMT-007-638,EHR_READ,EP-IND-01635
BC-01636,2026-01-01 03:57:22+00:00,0,IOMT-018,S-IOMT-018-639,IMAGING,EP-IND-01636
BC-01637,2026-01-01 03:57:31+00:00,0,IOMT-019,S-IOMT-019-640,LAB_RESULTS,EP-IND-01637
BC-01638,2026-01-01 03:57:34+00:00,0,IOMT-021,S-IOMT-021-641,LAB_RESULTS,EP-IND-01638
BC-01639,2026-01-01 03:58:09+00:00,0,IOMT-004,S-IOMT-004-642,RESEARCH,EP-IND-01639
BC-01640,2026-01-01 03:58:12+00:00,0,IOMT-001,S-IOMT-001-643,EHR_WRITE,EP-IND-01640
BC-01641,2026-01-01 03:58:17+00:00,0,IOMT-045,S-IOMT-045-644,EHR_WRITE,EP-IND-01641
BC-01642,2026-01-01 03:58:18+00:00,0,IOMT-032,S-IOMT-032-645,LAB_RESULTS,EP-IND-01642
BC-01643,2026-01-01 03:58:25+00:00,0,IOMT-031,S-IOMT-031-646,LAB_RESULTS,EP-IND-01643
BC-01644,2026-01-01 03:58:37+00:00,0,IOMT-015,S-IOMT-015-647,LAB_RESULTS,EP-IND-01644
BC-01645,2026-01-01 03:58:47+00:00,0,IOMT-047,S-IOMT-047-648,RESEARCH,EP-IND-01645
BC-01646,2026-01-01 03:58:52+00:00,0,IOMT-037,S-IOMT-037-649,RESEARCH,EP-IND-01646
BC-01647,2026-01-01 03:59:07+00:00,0,IOMT-007,S-IOMT-007-650,LAB_RESULTS,EP-IND-01647
BC-01648,2026-01-01 03:59:13+00:00,0,IOMT-043,S-IOMT-043-651,EHR_WRITE,EP-IND-01648
BC-01649,2026-01-01 03:59:34+00:00,0,IOMT-012,S-IOMT-012-652,IMAGING,EP-IND-01649
BC-01650,2026-01-01 03:59:34+00:00,0,IOMT-012,S-IOMT-012-653,IMAGING,EP-IND-01650
BC-01651,2026-01-01 03:59:36+00:00,0,IOMT-042,S-IOMT-042-654,EHR_READ,EP-IND-01651
BC-01652,2026-01-01 03:59:36+00:00,0,IOMT-032,S-IOMT-032-655,EHR_WRITE,EP-IND-01652
BC-01653,2026-01-01 03:59:43+00:00,0,IOMT-027,S-IOMT-027-656,LAB_RESULTS,EP-IND-01653
BC-01654,2026-01-01 03:59:47+00:00,0,IOMT-014,S-IOMT-014-657,EHR_READ,EP-IND-01654
BC-01655,2026-01-01 03:59:50+00:00,0,IOMT-016,S-IOMT-016-658,IMAGING,EP-IND-01655
BC-01656,2026-01-01 04:00:03+00:00,0,IOMT-028,S-IOMT-028-659,LAB_RESULTS,EP-IND-01656
BC-01657,2026-01-01 04:00:07+00:00,0,IOMT-010,S-IOMT-010-660,RESEARCH,EP-IND-01657
BC-01658,2026-01-01 01:46:18+00:00,1,IOMT-COORD-033,S-COORD-033,LAB_RESULTS,EP-COORD-033
BC-01659,2026-01-01 04:00:33+00:00,0,IOMT-019,S-IOMT-019-662,RESEARCH,EP-IND-01659
BC-01660,2026-01-01 04:00:35+00:00,0,IOMT-024,S-IOMT-024-663,EHR_READ,EP-IND-01660
BC-01661,2026-01-01 04:00:36+00:00,0,IOMT-010,S-IOMT-010-664,LAB_RESULTS,EP-IND-01661
BC-01662,2026-01-01 04:00:40+00:00,0,IOMT-029,S-IOMT-029-665,EHR_READ,EP-IND-01662
BC-01663,2026-01-01 04:01:03+00:00,0,IOMT-025,S-IOMT-025-666,IMAGING,EP-IND-01663
BC-01664,2026-01-01 04:01:04+00:00,0,IOMT-007,S-IOMT-007-667,IMAGING,EP-IND-01664
BC-01665,2026-01-01 04:01:18+00:00,0,IOMT-037,S-IOMT-037-668,EHR_READ,EP-IND-01665
BC-01666,2026-01-01 04:01:39+00:00,0,IOMT-024,S-IOMT-024-669,LAB_RESULTS,EP-IND-01666
BC-01667,2026-01-01 04:01:43+00:00,0,IOMT-006,S-IOMT-006-670,EHR_READ,EP-IND-01667
BC-01668,2026-01-01 04:01:54+00:00,0,IOMT-018,S-IOMT-018-671,IMAGING,EP-IND-01668
BC-01669,2026-01-01 04:01:56+00:00,0,IOMT-042,S-IOMT-042-672,RESEARCH,EP-IND-01669
BC-01670,2026-01-01 04:02:15+00:00,0,IOMT-035,S-IOMT-035-673,EHR_READ,EP-IND-01670
BC-01671,2026-01-01 04:02:17+00:00,0,IOMT-020,S-IOMT-020-674,EHR_READ,EP-IND-01671
BC-01672,2026-01-01 04:02:19+00:00,0,IOMT-039,S-IOMT-039-675,EHR_READ,EP-IND-01672
BC-01673,2026-01-01 04:02:53+00:00,0,IOMT-007,S-IOMT-007-676,EHR_WRITE,EP-IND-01673
BC-01674,2026-01-01 04:02:59+00:00,0,IOMT-044,S-IOMT-044-677,LAB_RESULTS,EP-IND-01674
BC-01675,2026-01-01 04:03:00+00:00,0,IOMT-025,S-IOMT-025-678,IMAGING,EP-IND-01675
BC-01676,2026-01-01 04:03:12+00:00,0,IOMT-029,S-IOMT-029-679,RESEARCH,EP-IND-01676
BC-01677,2026-01-01 01:48:57+00:00,1,IOMT-COORD-034,S-COORD-034,RESEARCH,EP-COORD-034
BC-01678,2026-01-01 04:03:23+00:00,0,IOMT-029,S-IOMT-029-681,EHR_READ,EP-IND-01678
BC-01679,2026-01-01 04:03:29+00:00,0,IOMT-023,S-IOMT-023-682,LAB_RESULTS,EP-IND-01679
BC-01680,2026-01-01 04:03:44+00:00,0,IOMT-040,S-IOMT-040-683,LAB_RESULTS,EP-IND-01680
BC-01681,2026-01-01 04:03:53+00:00,0,IOMT-011,S-IOMT-011-684,IMAGING,EP-IND-01681
BC-01682,2026-01-01 04:03:53+00:00,0,IOMT-021,S-IOMT-021-685,LAB_RESULTS,EP-IND-01682
BC-01683,2026-01-01 04:03:58+00:00,0,IOMT-010,S-IOMT-010-686,EHR_READ,EP-IND-01683
BC-01684,2026-01-01 04:04:08+00:00,0,IOMT-031,S-IOMT-031-687,EHR_READ,EP-IND-01684
BC-01685,2026-01-01 04:04:15+00:00,0,IOMT-046,S-IOMT-046-688,EHR_WRITE,EP-IND-01685
BC-01686,2026-01-01 04:04:33+00:00,0,IOMT-022,S-IOMT-022-689,EHR_WRITE,EP-IND-01686
BC-01687,2026-01-01 04:05:09+00:00,0,IOMT-022,S-IOMT-022-690,IMAGING,EP-IND-01687
BC-01688,2026-01-01 04:05:12+00:00,0,IOMT-005,S-IOMT-005-691,EHR_READ,EP-IND-01688
BC-01689,2026-01-01 04:05:14+00:00,0,IOMT-031,S-IOMT-031-692,EHR_READ,EP-IND-01689
BC-01690,2026-01-01 04:05:20+00:00,0,IOMT-011,S-IOMT-011-693,IMAGING,EP-IND-01690
BC-01691,2026-01-01 04:05:28+00:00,0,IOMT-033,S-IOMT-033-694,EHR_READ,EP-IND-01691
BC-01692,2026-01-01 04:05:37+00:00,0,IOMT-038,S-IOMT-038-695,IMAGING,EP-IND-01692
BC-01693,2026-01-01 04:05:55+00:00,0,IOMT-015,S-IOMT-015-696,IMAGING,EP-IND-01693
BC-01694,2026-01-01 04:06:01+00:00,0,IOMT-007,S-IOMT-007-697,RESEARCH,EP-IND-01694
BC-01695,2026-01-01 04:06:02+00:00,0,IOMT-049,S-IOMT-049-698,EHR_WRITE,EP-IND-01695
BC-01696,2026-01-01 04:06:08+00:00,0,IOMT-041,S-IOMT-041-699,LAB_RESULTS,EP-IND-01696
BC-01697,2026-01-01 04:06:28+00:00,0,IOMT-033,S-IOMT-033-700,LAB_RESULTS,EP-IND-01697
BC-01698,2026-01-01 04:06:28+00:00,0,IOMT-029,S-IOMT-029-701,EHR_READ,EP-IND-01698
BC-01699,2026-01-01 04:06:33+00:00,0,IOMT-020,S-IOMT-020-702,LAB_RESULTS,EP-IND-01699
BC-01700,2026-01-01 04:06:36+00:00,0,IOMT-047,S-IOMT-047-703,LAB_RESULTS,EP-IND-01700
BC-01701,2026-01-01 04:06:52+00:00,0,IOMT-023,S-IOMT-023-704,EHR_READ,EP-IND-01701
BC-01702,2026-01-01 04:07:00+00:00,0,IOMT-016,S-IOMT-016-705,IMAGING,EP-IND-01702
BC-01703,2026-01-01 04:07:08+00:00,0,IOMT-038,S-IOMT-038-706,RESEARCH,EP-IND-01703
BC-01704,2026-01-01 04:07:19+00:00,0,IOMT-040,S-IOMT-040-707,IMAGING,EP-IND-01704
BC-01705,2026-01-01 04:07:23+00:00,0,IOMT-036,S-IOMT-036-708,EHR_READ,EP-IND-01705
BC-01706,2026-01-01 04:07:29+00:00,0,IOMT-044,S-IOMT-044-709,EHR_READ,EP-IND-01706
BC-01707,2026-01-01 04:07:34+00:00,0,IOMT-006,S-IOMT-006-710,IMAGING,EP-IND-01707
BC-01708,2026-01-01 04:07:34+00:00,0,IOMT-033,S-IOMT-033-711,LAB_RESULTS,EP-IND-01708
BC-01709,2026-01-01 04:07:52+00:00,0,IOMT-008,S-IOMT-008-712,EHR_WRITE,EP-IND-01709
BC-01710,2026-01-01 04:08:11+00:00,0,IOMT-034,S-IOMT-034-713,LAB_RESULTS,EP-IND-01710
BC-01711,2026-01-01 04:08:17+00:00,0,IOMT-029,S-IOMT-029-714,RESEARCH,EP-IND-01711
BC-01712,2026-01-01 04:08:21+00:00,0,IOMT-025,S-IOMT-025-715,EHR_WRITE,EP-IND-01712
BC-01713,2026-01-01 04:08:48+00:00,0,IOMT-008,S-IOMT-008-716,IMAGING,EP-IND-01713
BC-01714,2026-01-01 04:08:48+00:00,0,IOMT-011,S-IOMT-011-717,LAB_RESULTS,EP-IND-01714
BC-01715,2026-01-01 04:08:54+00:00,0,IOMT-005,S-IOMT-005-718,IMAGING,EP-IND-01715
BC-01716,2026-01-01 04:09:00+00:00,0,IOMT-036,S-IOMT-036-719,EHR_WRITE,EP-IND-01716
BC-01717,2026-01-01 04:09:06+00:00,0,IOMT-013,S-IOMT-013-720,IMAGING,EP-IND-01717
BC-01718,2026-01-01 04:09:10+00:00,0,IOMT-024,S-IOMT-024-721,EHR_READ,EP-IND-01718
BC-01719,2026-01-01 04:09:37+00:00,0,IOMT-034,S-IOMT-034-722,EHR_WRITE,EP-IND-01719
BC-01720,2026-01-01 04:09:39+00:00,0,IOMT-010,S-IOMT-010-723,EHR_READ,EP-IND-01720
BC-01721,2026-01-01 04:09:45+00:00,0,IOMT-029,S-IOMT-029-724,RESEARCH,EP-IND-01721
BC-01722,2026-01-01 04:09:48+00:00,0,IOMT-038,S-IOMT-038-725,EHR_WRITE,EP-IND-01722
BC-01723,2026-01-01 04:09:51+00:00,0,IOMT-014,S-IOMT-014-726,RESEARCH,EP-IND-01723
BC-01724,2026-01-01 04:10:10+00:00,0,IOMT-013,S-IOMT-013-727,RESEARCH,EP-IND-01724
BC-01725,2026-01-01 04:10:25+00:00,0,IOMT-011,S-IOMT-011-728,EHR_READ,EP-IND-01725
BC-01726,2026-01-01 04:10:30+00:00,0,IOMT-001,S-IOMT-001-729,EHR_WRITE,EP-IND-01726
BC-01727,2026-01-01 04:10:38+00:00,0,IOMT-045,S-IOMT-045-730,EHR_READ,EP-IND-01727
BC-01728,2026-01-01 04:10:40+00:00,0,IOMT-041,S-IOMT-041-731,IMAGING,EP-IND-01728
BC-01729,2026-01-01 04:10:47+00:00,0,IOMT-001,S-IOMT-001-732,EHR_WRITE,EP-IND-01729
BC-01730,2026-01-01 04:11:14+00:00,0,IOMT-019,S-IOMT-019-733,LAB_RESULTS,EP-IND-01730
BC-01731,2026-01-01 04:11:29+00:00,0,IOMT-047,S-IOMT-047-734,LAB_RESULTS,EP-IND-01731
BC-01732,2026-01-01 04:11:32+00:00,0,IOMT-042,S-IOMT-042-735,LAB_RESULTS,EP-IND-01732
BC-01733,2026-01-01 04:11:41+00:00,0,IOMT-005,S-IOMT-005-736,EHR_READ,EP-IND-01733
BC-01734,2026-01-01 04:11:46+00:00,0,IOMT-043,S-IOMT-043-737,LAB_RESULTS,EP-IND-01734
BC-01735,2026-01-01 04:11:50+00:00,0,IOMT-020,S-IOMT-020-738,LAB_RESULTS,EP-IND-01735
BC-01736,2026-01-01 04:12:09+00:00,0,IOMT-026,S-IOMT-026-739,EHR_READ,EP-IND-01736
BC-01737,2026-01-01 04:12:18+00:00,0,IOMT-048,S-IOMT-048-740,RESEARCH,EP-IND-01737
BC-01738,2026-01-01 04:12:20+00:00,0,IOMT-014,S-IOMT-014-741,EHR_READ,EP-IND-01738
BC-01739,2026-01-01 04:12:22+00:00,0,IOMT-022,S-IOMT-022-742,EHR_READ,EP-IND-01739
BC-01740,2026-01-01 04:12:29+00:00,0,IOMT-048,S-IOMT-048-743,IMAGING,EP-IND-01740
BC-01741,2026-01-01 04:12:38+00:00,0,IOMT-007,S-IOMT-007-744,LAB_RESULTS,EP-IND-01741
BC-01742,2026-01-01 04:12:40+00:00,0,IOMT-041,S-IOMT-041-745,EHR_READ,EP-IND-01742
BC-01743,2026-01-01 04:12:46+00:00,0,IOMT-033,S-IOMT-033-746,RESEARCH,EP-IND-01743
BC-01744,2026-01-01 04:12:46+00:00,0,IOMT-003,S-IOMT-003-747,EHR_READ,EP-IND-01744
BC-01745,2026-01-01 04:12:58+00:00,0,IOMT-043,S-IOMT-043-748,IMAGING,EP-IND-01745
BC-01746,2026-01-01 04:12:58+00:00,0,IOMT-036,S-IOMT-036-749,RESEARCH,EP-IND-01746
BC-01747,2026-01-01 04:12:59+00:00,0,IOMT-006,S-IOMT-006-750,IMAGING,EP-IND-01747
BC-01748,2026-01-01 04:12:59+00:00,0,IOMT-004,S-IOMT-004-751,EHR_WRITE,EP-IND-01748
BC-01749,2026-01-01 04:13:00+00:00,0,IOMT-043,S-IOMT-043-752,EHR_READ,EP-IND-01749
BC-01750,2026-01-01 04:13:04+00:00,0,IOMT-040,S-IOMT-040-753,LAB_RESULTS,EP-IND-01750
BC-01751,2026-01-01 04:13:08+00:00,0,IOMT-022,S-IOMT-022-754,RESEARCH,EP-IND-01751
BC-01752,2026-01-01 04:13:11+00:00,0,IOMT-011,S-IOMT-011-755,EHR_READ,EP-IND-01752
BC-01753,2026-01-01 04:13:13+00:00,0,IOMT-004,S-IOMT-004-756,RESEARCH,EP-IND-01753
BC-01754,2026-01-01 04:13:17+00:00,0,IOMT-039,S-IOMT-039-757,EHR_READ,EP-IND-01754
BC-01755,2026-01-01 04:13:24+00:00,0,IOMT-007,S-IOMT-007-758,EHR_WRITE,EP-IND-01755
BC-01756,2026-01-01 04:13:27+00:00,0,IOMT-024,S-IOMT-024-759,LAB_RESULTS,EP-IND-01756
BC-01757,2026-01-01 04:13:34+00:00,0,IOMT-038,S-IOMT-038-760,IMAGING,EP-IND-01757
BC-01758,2026-01-01 04:13:34+00:00,0,IOMT-040,S-IOMT-040-761,IMAGING,EP-IND-01758
BC-01759,2026-01-01 04:13:39+00:00,0,IOMT-013,S-IOMT-013-762,EHR_WRITE,EP-IND-01759
BC-01760,2026-01-01 04:13:47+00:00,0,IOMT-032,S-IOMT-032-763,RESEARCH,EP-IND-01760
BC-01761,2026-01-01 04:13:47+00:00,0,IOMT-007,S-IOMT-007-764,EHR_READ,EP-IND-01761
BC-01762,2026-01-01 04:13:48+00:00,0,IOMT-033,S-IOMT-033-765,LAB_RESULTS,EP-IND-01762
BC-01763,2026-01-01 04:13:56+00:00,0,IOMT-043,S-IOMT-043-766,RESEARCH,EP-IND-01763
BC-01764,2026-01-01 04:14:27+00:00,0,IOMT-018,S-IOMT-018-767,EHR_READ,EP-IND-01764
BC-01765,2026-01-01 04:14:47+00:00,0,IOMT-043,S-IOMT-043-768,EHR_WRITE,EP-IND-01765
BC-01766,2026-01-01 04:14:50+00:00,0,IOMT-024,S-IOMT-024-769,EHR_READ,EP-IND-01766
BC-01767,2026-01-01 04:14:52+00:00,0,IOMT-041,S-IOMT-041-770,RESEARCH,EP-IND-01767
BC-01768,2026-01-01 04:15:09+00:00,0,IOMT-040,S-IOMT-040-771,LAB_RESULTS,EP-IND-01768
BC-01769,2026-01-01 04:15:09+00:00,0,IOMT-011,S-IOMT-011-772,IMAGING,EP-IND-01769
BC-01770,2026-01-01 04:15:16+00:00,0,IOMT-010,S-IOMT-010-773,IMAGING,EP-IND-01770
BC-01771,2026-01-01 04:15:29+00:00,0,IOMT-007,S-IOMT-007-774,EHR_READ,EP-IND-01771
BC-01772,2026-01-01 04:15:34+00:00,0,IOMT-014,S-IOMT-014-775,RESEARCH,EP-IND-01772
BC-01773,2026-01-01 04:16:07+00:00,0,IOMT-038,S-IOMT-038-776,IMAGING,EP-IND-01773
BC-01774,2026-01-01 04:16:16+00:00,0,IOMT-029,S-IOMT-029-777,EHR_READ,EP-IND-01774
BC-01775,2026-01-01 04:16:18+00:00,0,IOMT-049,S-IOMT-049-778,EHR_READ,EP-IND-01775
BC-01776,2026-01-01 04:16:35+00:00,0,IOMT-038,S-IOMT-038-779,LAB_RESULTS,EP-IND-01776
BC-01777,2026-01-01 04:16:56+00:00,0,IOMT-018,S-IOMT-018-780,LAB_RESULTS,EP-IND-01777
BC-01778,2026-01-01 04:17:07+00:00,0,IOMT-029,S-IOMT-029-781,EHR_READ,EP-IND-01778
BC-01779,2026-01-01 04:17:21+00:00,0,IOMT-003,S-IOMT-003-782,IMAGING,EP-IND-01779
BC-01780,2026-01-01 04:17:27+00:00,0,IOMT-012,S-IOMT-012-783,RESEARCH,EP-IND-01780
BC-01781,2026-01-01 04:17:42+00:00,0,IOMT-045,S-IOMT-045-784,LAB_RESULTS,EP-IND-01781
BC-01782,2026-01-01 04:17:44+00:00,0,IOMT-004,S-IOMT-004-785,EHR_READ,EP-IND-01782
BC-01783,2026-01-01 04:17:50+00:00,0,IOMT-019,S-IOMT-019-786,RESEARCH,EP-IND-01783
BC-01784,2026-01-01 04:17:59+00:00,0,IOMT-003,S-IOMT-003-787,EHR_WRITE,EP-IND-01784
BC-01785,2026-01-01 04:18:20+00:00,0,IOMT-018,S-IOMT-018-788,EHR_WRITE,EP-IND-01785
BC-01786,2026-01-01 04:18:41+00:00,0,IOMT-009,S-IOMT-009-789,EHR_READ,EP-IND-01786
BC-01787,2026-01-01 04:18:47+00:00,0,IOMT-001,S-IOMT-001-790,IMAGING,EP-IND-01787
BC-01788,2026-01-01 04:18:56+00:00,0,IOMT-049,S-IOMT-049-791,EHR_READ,EP-IND-01788
BC-01789,2026-01-01 04:19:00+00:00,0,IOMT-008,S-IOMT-008-792,EHR_READ,EP-IND-01789
BC-01790,2026-01-01 04:19:01+00:00,0,IOMT-046,S-IOMT-046-793,EHR_WRITE,EP-IND-01790
BC-01791,2026-01-01 04:19:02+00:00,0,IOMT-025,S-IOMT-025-794,EHR_READ,EP-IND-01791
BC-01792,2026-01-01 04:19:09+00:00,0,IOMT-006,S-IOMT-006-795,EHR_READ,EP-IND-01792
BC-01793,2026-01-01 04:19:13+00:00,0,IOMT-016,S-IOMT-016-796,EHR_WRITE,EP-IND-01793
BC-01794,2026-01-01 04:19:20+00:00,0,IOMT-036,S-IOMT-036-797,IMAGING,EP-IND-01794
BC-01795,2026-01-01 04:19:31+00:00,0,IOMT-026,S-IOMT-026-798,LAB_RESULTS,EP-IND-01795
BC-01796,2026-01-01 04:19:40+00:00,0,IOMT-032,S-IOMT-032-799,EHR_WRITE,EP-IND-01796
BC-01797,2026-01-01 04:19:49+00:00,0,IOMT-016,S-IOMT-016-800,EHR_READ,EP-IND-01797
BC-01798,2026-01-01 04:19:50+00:00,0,IOMT-040,S-IOMT-040-801,EHR_WRITE,EP-IND-01798
BC-01799,2026-01-01 04:19:52+00:00,0,IOMT-040,S-IOMT-040-802,RESEARCH,EP-IND-01799
BC-01800,2026-01-01 04:20:02+00:00,0,IOMT-018,S-IOMT-018-803,EHR_READ,EP-IND-01800
BC-01801,2026-01-01 04:20:17+00:00,0,IOMT-005,S-IOMT-005-804,IMAGING,EP-IND-01801
BC-01802,2026-01-01 04:20:19+00:00,0,IOMT-024,S-IOMT-024-805,LAB_RESULTS,EP-IND-01802
BC-01803,2026-01-01 04:20:29+00:00,0,IOMT-015,S-IOMT-015-806,EHR_READ,EP-IND-01803
BC-01804,2026-01-01 04:20:34+00:00,0,IOMT-033,S-IOMT-033-807,RESEARCH,EP-IND-01804
BC-01805,2026-01-01 04:20:39+00:00,0,IOMT-021,S-IOMT-021-808,LAB_RESULTS,EP-IND-01805
BC-01806,2026-01-01 04:20:43+00:00,0,IOMT-036,S-IOMT-036-809,LAB_RESULTS,EP-IND-01806
BC-01807,2026-01-01 04:20:47+00:00,0,IOMT-041,S-IOMT-041-810,RESEARCH,EP-IND-01807
BC-01808,2026-01-01 04:21:03+00:00,0,IOMT-040,S-IOMT-040-811,EHR_READ,EP-IND-01808
BC-01809,2026-01-01 04:21:05+00:00,0,IOMT-002,S-IOMT-002-812,IMAGING,EP-IND-01809
BC-01810,2026-01-01 04:21:10+00:00,0,IOMT-042,S-IOMT-042-813,RESEARCH,EP-IND-01810
BC-01811,2026-01-01 01:58:56+00:00,1,IOMT-COORD-035,S-COORD-035,EHR_READ,EP-COORD-035
BC-01812,2026-01-01 04:21:24+00:00,0,IOMT-019,S-IOMT-019-815,EHR_READ,EP-IND-01812
BC-01813,2026-01-01 04:21:28+00:00,0,IOMT-006,S-IOMT-006-816,LAB_RESULTS,EP-IND-01813
BC-01814,2026-01-01 04:21:42+00:00,0,IOMT-038,S-IOMT-038-817,EHR_READ,EP-IND-01814
BC-01815,2026-01-01 04:21:50+00:00,0,IOMT-029,S-IOMT-029-818,EHR_READ,EP-IND-01815
BC-01816,2026-01-01 04:21:50+00:00,0,IOMT-040,S-IOMT-040-819,LAB_RESULTS,EP-IND-01816
BC-01817,2026-01-01 02:06:45+00:00,1,IOMT-COORD-036,S-COORD-036,EHR_WRITE,EP-COORD-036
BC-01818,2026-01-01 04:22:27+00:00,0,IOMT-022,S-IOMT-022-821,RESEARCH,EP-IND-01818
BC-01819,2026-01-01 04:22:32+00:00,0,IOMT-003,S-IOMT-003-822,RESEARCH,EP-IND-01819
BC-01820,2026-01-01 04:22:40+00:00,0,IOMT-010,S-IOMT-010-823,EHR_WRITE,EP-IND-01820
BC-01821,2026-01-01 04:22:49+00:00,0,IOMT-025,S-IOMT-025-824,LAB_RESULTS,EP-IND-01821
BC-01822,2026-01-01 04:22:57+00:00,0,IOMT-033,S-IOMT-033-825,EHR_READ,EP-IND-01822
BC-01823,2026-01-01 04:22:58+00:00,0,IOMT-016,S-IOMT-016-826,EHR_WRITE,EP-IND-01823
BC-01824,2026-01-01 04:23:34+00:00,0,IOMT-019,S-IOMT-019-827,EHR_READ,EP-IND-01824
BC-01825,2026-01-01 04:23:40+00:00,0,IOMT-030,S-IOMT-030-828,EHR_WRITE,EP-IND-01825
BC-01826,2026-01-01 04:23:42+00:00,0,IOMT-007,S-IOMT-007-829,RESEARCH,EP-IND-01826
BC-01827,2026-01-01 04:23:48+00:00,0,IOMT-037,S-IOMT-037-830,EHR_READ,EP-IND-01827
BC-01828,2026-01-01 04:24:02+00:00,0,IOMT-040,S-IOMT-040-831,RESEARCH,EP-IND-01828
BC-01829,2026-01-01 04:24:33+00:00,0,IOMT-011,S-IOMT-011-832,EHR_WRITE,EP-IND-01829
BC-01830,2026-01-01 04:24:34+00:00,0,IOMT-041,S-IOMT-041-833,EHR_WRITE,EP-IND-01830
BC-01831,2026-01-01 04:24:35+00:00,0,IOMT-008,S-IOMT-008-834,LAB_RESULTS,EP-IND-01831
BC-01832,2026-01-01 04:24:39+00:00,0,IOMT-044,S-IOMT-044-835,LAB_RESULTS,EP-IND-01832
BC-01833,2026-01-01 04:24:46+00:00,0,IOMT-028,S-IOMT-028-836,EHR_WRITE,EP-IND-01833
BC-01834,2026-01-01 04:24:47+00:00,0,IOMT-020,S-IOMT-020-837,IMAGING,EP-IND-01834
BC-01835,2026-01-01 04:24:49+00:00,0,IOMT-044,S-IOMT-044-838,EHR_READ,EP-IND-01835
BC-01836,2026-01-01 04:25:06+00:00,0,IOMT-002,S-IOMT-002-839,EHR_WRITE,EP-IND-01836
BC-01837,2026-01-01 04:25:21+00:00,0,IOMT-024,S-IOMT-024-840,EHR_WRITE,EP-IND-01837
BC-01838,2026-01-01 04:25:47+00:00,0,IOMT-009,S-IOMT-009-841,LAB_RESULTS,EP-IND-01838
BC-01839,2026-01-01 04:25:53+00:00,0,IOMT-000,S-IOMT-000-842,EHR_READ,EP-IND-01839
BC-01840,2026-01-01 04:25:54+00:00,0,IOMT-049,S-IOMT-049-843,LAB_RESULTS,EP-IND-01840
BC-01841,2026-01-01 04:26:03+00:00,0,IOMT-048,S-IOMT-048-844,IMAGING,EP-IND-01841
BC-01842,2026-01-01 04:26:13+00:00,0,IOMT-028,S-IOMT-028-845,EHR_WRITE,EP-IND-01842
BC-01843,2026-01-01 04:26:14+00:00,0,IOMT-026,S-IOMT-026-846,EHR_WRITE,EP-IND-01843
BC-01844,2026-01-01 04:26:18+00:00,0,IOMT-009,S-IOMT-009-847,RESEARCH,EP-IND-01844
BC-01845,2026-01-01 04:26:19+00:00,0,IOMT-020,S-IOMT-020-848,EHR_WRITE,EP-IND-01845
BC-01846,2026-01-01 04:26:26+00:00,0,IOMT-010,S-IOMT-010-849,EHR_WRITE,EP-IND-01846
BC-01847,2026-01-01 04:26:32+00:00,0,IOMT-049,S-IOMT-049-850,EHR_WRITE,EP-IND-01847
BC-01848,2026-01-01 04:26:57+00:00,0,IOMT-018,S-IOMT-018-851,LAB_RESULTS,EP-IND-01848
BC-01849,2026-01-01 04:26:57+00:00,0,IOMT-006,S-IOMT-006-852,EHR_WRITE,EP-IND-01849
BC-01850,2026-01-01 04:27:02+00:00,0,IOMT-046,S-IOMT-046-853,EHR_WRITE,EP-IND-01850
BC-01851,2026-01-01 04:27:20+00:00,0,IOMT-007,S-IOMT-007-854,EHR_WRITE,EP-IND-01851
BC-01852,2026-01-01 04:27:48+00:00,0,IOMT-008,S-IOMT-008-855,EHR_READ,EP-IND-01852
BC-01853,2026-01-01 04:27:52+00:00,0,IOMT-005,S-IOMT-005-856,LAB_RESULTS,EP-IND-01853
BC-01854,2026-01-01 04:27:55+00:00,0,IOMT-007,S-IOMT-007-857,LAB_RESULTS,EP-IND-01854
BC-01855,2026-01-01 04:28:03+00:00,0,IOMT-043,S-IOMT-043-858,IMAGING,EP-IND-01855
BC-01856,2026-01-01 04:28:10+00:00,0,IOMT-019,S-IOMT-019-859,EHR_READ,EP-IND-01856
BC-01857,2026-01-01 02:07:18+00:00,1,IOMT-COORD-037,S-COORD-037,IMAGING,EP-COORD-037
BC-01858,2026-01-01 04:28:36+00:00,0,IOMT-009,S-IOMT-009-861,LAB_RESULTS,EP-IND-01858
BC-01859,2026-01-01 04:28:48+00:00,0,IOMT-018,S-IOMT-018-862,IMAGING,EP-IND-01859
BC-01860,2026-01-01 04:28:50+00:00,0,IOMT-034,S-IOMT-034-863,RESEARCH,EP-IND-01860
BC-01861,2026-01-01 04:28:51+00:00,0,IOMT-002,S-IOMT-002-864,LAB_RESULTS,EP-IND-01861
BC-01862,2026-01-01 04:29:04+00:00,0,IOMT-016,S-IOMT-016-865,RESEARCH,EP-IND-01862
BC-01863,2026-01-01 04:29:07+00:00,0,IOMT-020,S-IOMT-020-866,IMAGING,EP-IND-01863
BC-01864,2026-01-01 04:29:11+00:00,0,IOMT-022,S-IOMT-022-867,EHR_WRITE,EP-IND-01864
BC-01865,2026-01-01 04:29:20+00:00,0,IOMT-011,S-IOMT-011-868,LAB_RESULTS,EP-IND-01865
BC-01866,2026-01-01 04:29:26+00:00,0,IOMT-006,S-IOMT-006-869,IMAGING,EP-IND-01866
BC-01867,2026-01-01 04:29:29+00:00,0,IOMT-020,S-IOMT-020-870,EHR_WRITE,EP-IND-01867
BC-01868,2026-01-01 04:30:04+00:00,0,IOMT-031,S-IOMT-031-871,IMAGING,EP-IND-01868
BC-01869,2026-01-01 04:30:23+00:00,0,IOMT-031,S-IOMT-031-872,EHR_READ,EP-IND-01869
BC-01870,2026-01-01 04:30:41+00:00,0,IOMT-023,S-IOMT-023-873,EHR_WRITE,EP-IND-01870
BC-01871,2026-01-01 04:30:42+00:00,0,IOMT-008,S-IOMT-008-874,EHR_WRITE,EP-IND-01871
BC-01872,2026-01-01 04:31:10+00:00,0,IOMT-015,S-IOMT-015-875,EHR_WRITE,EP-IND-01872
BC-01873,2026-01-01 04:31:12+00:00,0,IOMT-012,S-IOMT-012-876,RESEARCH,EP-IND-01873
BC-01874,2026-01-01 04:31:13+00:00,0,IOMT-016,S-IOMT-016-877,EHR_READ,EP-IND-01874
BC-01875,2026-01-01 04:31:26+00:00,0,IOMT-014,S-IOMT-014-878,EHR_WRITE,EP-IND-01875
BC-01876,2026-01-01 04:31:30+00:00,0,IOMT-020,S-IOMT-020-879,EHR_READ,EP-IND-01876
BC-01877,2026-01-01 04:31:32+00:00,0,IOMT-002,S-IOMT-002-880,IMAGING,EP-IND-01877
BC-01878,2026-01-01 04:31:33+00:00,0,IOMT-038,S-IOMT-038-881,LAB_RESULTS,EP-IND-01878
BC-01879,2026-01-01 04:31:35+00:00,0,IOMT-022,S-IOMT-022-882,LAB_RESULTS,EP-IND-01879
BC-01880,2026-01-01 04:31:39+00:00,0,IOMT-034,S-IOMT-034-883,RESEARCH,EP-IND-01880
BC-01881,2026-01-01 04:32:03+00:00,0,IOMT-028,S-IOMT-028-884,LAB_RESULTS,EP-IND-01881
BC-01882,2026-01-01 04:32:15+00:00,0,IOMT-003,S-IOMT-003-885,LAB_RESULTS,EP-IND-01882
BC-01883,2026-01-01 04:32:15+00:00,0,IOMT-033,S-IOMT-033-886,RESEARCH,EP-IND-01883
BC-01884,2026-01-01 04:32:22+00:00,0,IOMT-045,S-IOMT-045-887,LAB_RESULTS,EP-IND-01884
BC-01885,2026-01-01 02:12:01+00:00,1,IOMT-COORD-038,S-COORD-038,LAB_RESULTS,EP-COORD-038
BC-01886,2026-01-01 04:32:36+00:00,0,IOMT-000,S-IOMT-000-889,LAB_RESULTS,EP-IND-01886
BC-01887,2026-01-01 04:32:39+00:00,0,IOMT-015,S-IOMT-015-890,RESEARCH,EP-IND-01887
BC-01888,2026-01-01 04:32:45+00:00,0,IOMT-027,S-IOMT-027-891,EHR_READ,EP-IND-01888
BC-01889,2026-01-01 04:32:59+00:00,0,IOMT-011,S-IOMT-011-892,RESEARCH,EP-IND-01889
BC-01890,2026-01-01 04:33:16+00:00,0,IOMT-046,S-IOMT-046-893,LAB_RESULTS,EP-IND-01890
BC-01891,2026-01-01 04:33:19+00:00,0,IOMT-029,S-IOMT-029-894,IMAGING,EP-IND-01891
BC-01892,2026-01-01 04:33:21+00:00,0,IOMT-001,S-IOMT-001-895,EHR_READ,EP-IND-01892
BC-01893,2026-01-01 04:33:29+00:00,0,IOMT-040,S-IOMT-040-896,EHR_WRITE,EP-IND-01893
BC-01894,2026-01-01 04:33:36+00:00,0,IOMT-033,S-IOMT-033-897,LAB_RESULTS,EP-IND-01894
BC-01895,2026-01-01 04:33:44+00:00,0,IOMT-026,S-IOMT-026-898,LAB_RESULTS,EP-IND-01895
BC-01896,2026-01-01 04:33:59+00:00,0,IOMT-025,S-IOMT-025-899,EHR_WRITE,EP-IND-01896
BC-01897,2026-01-01 04:34:15+00:00,0,IOMT-032,S-IOMT-032-900,IMAGING,EP-IND-01897
BC-01898,2026-01-01 04:34:16+00:00,0,IOMT-018,S-IOMT-018-901,LAB_RESULTS,EP-IND-01898
BC-01899,2026-01-01 04:34:27+00:00,0,IOMT-036,S-IOMT-036-902,RESEARCH,EP-IND-01899
BC-01900,2026-01-01 04:34:42+00:00,0,IOMT-032,S-IOMT-032-903,EHR_READ,EP-IND-01900
BC-01901,2026-01-01 04:34:42+00:00,0,IOMT-019,S-IOMT-019-904,EHR_READ,EP-IND-01901
BC-01902,2026-01-01 04:34:51+00:00,0,IOMT-030,S-IOMT-030-905,RESEARCH,EP-IND-01902
BC-01903,2026-01-01 04:34:53+00:00,0,IOMT-044,S-IOMT-044-906,IMAGING,EP-IND-01903
BC-01904,2026-01-01 04:34:54+00:00,0,IOMT-009,S-IOMT-009-907,RESEARCH,EP-IND-01904
BC-01905,2026-01-01 04:35:01+00:00,0,IOMT-047,S-IOMT-047-908,LAB_RESULTS,EP-IND-01905
BC-01906,2026-01-01 04:35:24+00:00,0,IOMT-043,S-IOMT-043-909,RESEARCH,EP-IND-01906
BC-01907,2026-01-01 04:35:25+00:00,0,IOMT-004,S-IOMT-004-910,RESEARCH,EP-IND-01907
BC-01908,2026-01-01 04:35:37+00:00,0,IOMT-036,S-IOMT-036-911,EHR_WRITE,EP-IND-01908
BC-01909,2026-01-01 04:35:39+00:00,0,IOMT-045,S-IOMT-045-912,EHR_WRITE,EP-IND-01909
BC-01910,2026-01-01 04:35:48+00:00,0,IOMT-035,S-IOMT-035-913,EHR_READ,EP-IND-01910
BC-01911,2026-01-01 04:35:49+00:00,0,IOMT-047,S-IOMT-047-914,LAB_RESULTS,EP-IND-01911
BC-01912,2026-01-01 04:35:56+00:00,0,IOMT-022,S-IOMT-022-915,IMAGING,EP-IND-01912
BC-01913,2026-01-01 04:36:00+00:00,0,IOMT-021,S-IOMT-021-916,LAB_RESULTS,EP-IND-01913
BC-01914,2026-01-01 04:36:08+00:00,0,IOMT-009,S-IOMT-009-917,EHR_WRITE,EP-IND-01914
BC-01915,2026-01-01 04:36:10+00:00,0,IOMT-002,S-IOMT-002-918,EHR_READ,EP-IND-01915
BC-01916,2026-01-01 04:36:33+00:00,0,IOMT-030,S-IOMT-030-919,EHR_WRITE,EP-IND-01916
BC-01917,2026-01-01 04:36:44+00:00,0,IOMT-017,S-IOMT-017-920,EHR_READ,EP-IND-01917
BC-01918,2026-01-01 04:36:45+00:00,0,IOMT-025,S-IOMT-025-921,EHR_WRITE,EP-IND-01918
BC-01919,2026-01-01 04:36:58+00:00,0,IOMT-021,S-IOMT-021-922,RESEARCH,EP-IND-01919
BC-01920,2026-01-01 04:37:04+00:00,0,IOMT-045,S-IOMT-045-923,RESEARCH,EP-IND-01920
BC-01921,2026-01-01 04:37:05+00:00,0,IOMT-023,S-IOMT-023-924,RESEARCH,EP-IND-01921
BC-01922,2026-01-01 04:37:06+00:00,0,IOMT-020,S-IOMT-020-925,LAB_RESULTS,EP-IND-01922
BC-01923,2026-01-01 04:37:24+00:00,0,IOMT-044,S-IOMT-044-926,IMAGING,EP-IND-01923
BC-01924,2026-01-01 04:37:45+00:00,0,IOMT-004,S-IOMT-004-927,LAB_RESULTS,EP-IND-01924
BC-01925,2026-01-01 04:37:46+00:00,0,IOMT-026,S-IOMT-026-928,RESEARCH,EP-IND-01925
BC-01926,2026-01-01 04:37:52+00:00,0,IOMT-001,S-IOMT-001-929,LAB_RESULTS,EP-IND-01926
BC-01927,2026-01-01 04:38:02+00:00,0,IOMT-018,S-IOMT-018-930,RESEARCH,EP-IND-01927
BC-01928,2026-01-01 04:38:16+00:00,0,IOMT-003,S-IOMT-003-931,LAB_RESULTS,EP-IND-01928
BC-01929,2026-01-01 04:38:20+00:00,0,IOMT-045,S-IOMT-045-932,EHR_READ,EP-IND-01929
BC-01930,2026-01-01 04:38:34+00:00,0,IOMT-044,S-IOMT-044-933,LAB_RESULTS,EP-IND-01930
BC-01931,2026-01-01 04:38:38+00:00,0,IOMT-027,S-IOMT-027-934,IMAGING,EP-IND-01931
BC-01932,2026-01-01 04:38:46+00:00,0,IOMT-005,S-IOMT-005-935,LAB_RESULTS,EP-IND-01932
BC-01933,2026-01-01 04:38:52+00:00,0,IOMT-005,S-IOMT-005-936,EHR_READ,EP-IND-01933
BC-01934,2026-01-01 04:38:53+00:00,0,IOMT-005,S-IOMT-005-937,RESEARCH,EP-IND-01934
BC-01935,2026-01-01 04:38:53+00:00,0,IOMT-041,S-IOMT-041-938,LAB_RESULTS,EP-IND-01935
BC-01936,2026-01-01 04:39:22+00:00,0,IOMT-049,S-IOMT-049-939,RESEARCH,EP-IND-01936
BC-01937,2026-01-01 04:39:31+00:00,0,IOMT-049,S-IOMT-049-940,LAB_RESULTS,EP-IND-01937
BC-01938,2026-01-01 04:39:45+00:00,0,IOMT-022,S-IOMT-022-941,EHR_READ,EP-IND-01938
BC-01939,2026-01-01 04:39:47+00:00,0,IOMT-005,S-IOMT-005-942,IMAGING,EP-IND-01939
BC-01940,2026-01-01 04:40:06+00:00,0,IOMT-045,S-IOMT-045-943,LAB_RESULTS,EP-IND-01940
BC-01941,2026-01-01 04:40:06+00:00,0,IOMT-031,S-IOMT-031-944,EHR_WRITE,EP-IND-01941
BC-01942,2026-01-01 04:40:24+00:00,0,IOMT-016,S-IOMT-016-945,RESEARCH,EP-IND-01942
BC-01943,2026-01-01 04:40:25+00:00,0,IOMT-010,S-IOMT-010-946,IMAGING,EP-IND-01943
BC-01944,2026-01-01 04:40:27+00:00,0,IOMT-049,S-IOMT-049-947,IMAGING,EP-IND-01944
BC-01945,2026-01-01 04:40:33+00:00,0,IOMT-009,S-IOMT-009-948,RESEARCH,EP-IND-01945
BC-01946,2026-01-01 04:40:38+00:00,0,IOMT-023,S-IOMT-023-949,EHR_WRITE,EP-IND-01946
BC-01947,2026-01-01 04:40:46+00:00,0,IOMT-017,S-IOMT-017-950,LAB_RESULTS,EP-IND-01947
BC-01948,2026-01-01 04:40:51+00:00,0,IOMT-017,S-IOMT-017-951,IMAGING,EP-IND-01948
BC-01949,2026-01-01 04:41:36+00:00,0,IOMT-007,S-IOMT-007-952,EHR_READ,EP-IND-01949
BC-01950,2026-01-01 04:41:49+00:00,0,IOMT-021,S-IOMT-021-953,EHR_WRITE,EP-IND-01950
BC-01951,2026-01-01 04:41:55+00:00,0,IOMT-007,S-IOMT-007-954,EHR_WRITE,EP-IND-01951
BC-01952,2026-01-01 04:42:00+00:00,0,IOMT-030,S-IOMT-030-955,EHR_READ,EP-IND-01952
BC-01953,2026-01-01 04:42:09+00:00,0,IOMT-038,S-IOMT-038-956,IMAGING,EP-IND-01953
BC-01954,2026-01-01 04:42:29+00:00,0,IOMT-012,S-IOMT-012-957,EHR_WRITE,EP-IND-01954
BC-01955,2026-01-01 04:42:34+00:00,0,IOMT-043,S-IOMT-043-958,EHR_READ,EP-IND-01955
BC-01956,2026-01-01 04:42:42+00:00,0,IOMT-031,S-IOMT-031-959,RESEARCH,EP-IND-01956
BC-01957,2026-01-01 04:43:00+00:00,0,IOMT-008,S-IOMT-008-960,RESEARCH,EP-IND-01957
BC-01958,2026-01-01 04:43:06+00:00,0,IOMT-005,S-IOMT-005-961,RESEARCH,EP-IND-01958
BC-01959,2026-01-01 04:43:09+00:00,0,IOMT-044,S-IOMT-044-962,EHR_READ,EP-IND-01959
BC-01960,2026-01-01 04:43:19+00:00,0,IOMT-040,S-IOMT-040-963,LAB_RESULTS,EP-IND-01960
BC-01961,2026-01-01 04:43:48+00:00,0,IOMT-048,S-IOMT-048-964,RESEARCH,EP-IND-01961
BC-01962,2026-01-01 04:44:00+00:00,0,IOMT-030,S-IOMT-030-965,IMAGING,EP-IND-01962
BC-01963,2026-01-01 04:44:10+00:00,0,IOMT-001,S-IOMT-001-966,LAB_RESULTS,EP-IND-01963
BC-01964,2026-01-01 04:44:16+00:00,0,IOMT-042,S-IOMT-042-967,EHR_READ,EP-IND-01964
BC-01965,2026-01-01 04:44:21+00:00,0,IOMT-047,S-IOMT-047-968,LAB_RESULTS,EP-IND-01965
BC-01966,2026-01-01 04:44:34+00:00,0,IOMT-012,S-IOMT-012-969,EHR_READ,EP-IND-01966
BC-01967,2026-01-01 04:44:37+00:00,0,IOMT-042,S-IOMT-042-970,LAB_RESULTS,EP-IND-01967
BC-01968,2026-01-01 04:44:45+00:00,0,IOMT-007,S-IOMT-007-971,RESEARCH,EP-IND-01968
BC-01969,2026-01-01 04:44:47+00:00,0,IOMT-008,S-IOMT-008-972,LAB_RESULTS,EP-IND-01969
BC-01970,2026-01-01 04:44:50+00:00,0,IOMT-005,S-IOMT-005-973,RESEARCH,EP-IND-01970
BC-01971,2026-01-01 04:44:58+00:00,0,IOMT-034,S-IOMT-034-974,IMAGING,EP-IND-01971
BC-01972,2026-01-01 04:45:02+00:00,0,IOMT-041,S-IOMT-041-975,EHR_READ,EP-IND-01972
BC-01973,2026-01-01 04:45:08+00:00,0,IOMT-032,S-IOMT-032-976,EHR_READ,EP-IND-01973
BC-01974,2026-01-01 04:45:19+00:00,0,IOMT-027,S-IOMT-027-977,IMAGING,EP-IND-01974
BC-01975,2026-01-01 04:45:37+00:00,0,IOMT-022,S-IOMT-022-978,EHR_WRITE,EP-IND-01975
BC-01976,2026-01-01 04:45:44+00:00,0,IOMT-003,S-IOMT-003-979,IMAGING,EP-IND-01976
BC-01977,2026-01-01 04:45:45+00:00,0,IOMT-041,S-IOMT-041-980,LAB_RESULTS,EP-IND-01977
BC-01978,2026-01-01 04:45:49+00:00,0,IOMT-028,S-IOMT-028-981,EHR_READ,EP-IND-01978
BC-01979,2026-01-01 04:45:49+00:00,0,IOMT-036,S-IOMT-036-982,LAB_RESULTS,EP-IND-01979
BC-01980,2026-01-01 04:46:06+00:00,0,IOMT-010,S-IOMT-010-983,IMAGING,EP-IND-01980
BC-01981,2026-01-01 04:46:17+00:00,0,IOMT-031,S-IOMT-031-984,IMAGING,EP-IND-01981
BC-01982,2026-01-01 04:46:30+00:00,0,IOMT-040,S-IOMT-040-985,RESEARCH,EP-IND-01982
BC-01983,2026-01-01 04:46:40+00:00,0,IOMT-044,S-IOMT-044-986,LAB_RESULTS,EP-IND-01983
BC-01984,2026-01-01 04:46:53+00:00,0,IOMT-042,S-IOMT-042-987,EHR_WRITE,EP-IND-01984
BC-01985,2026-01-01 04:47:09+00:00,0,IOMT-007,S-IOMT-007-988,RESEARCH,EP-IND-01985
BC-01986,2026-01-01 04:47:29+00:00,0,IOMT-013,S-IOMT-013-989,EHR_WRITE,EP-IND-01986
BC-01987,2026-01-01 04:47:38+00:00,0,IOMT-028,S-IOMT-028-990,IMAGING,EP-IND-01987
BC-01988,2026-01-01 04:47:51+00:00,0,IOMT-036,S-IOMT-036-991,EHR_READ,EP-IND-01988
BC-01989,2026-01-01 04:47:54+00:00,0,IOMT-018,S-IOMT-018-992,RESEARCH,EP-IND-01989
BC-01990,2026-01-01 04:48:12+00:00,0,IOMT-045,S-IOMT-045-993,EHR_WRITE,EP-IND-01990
BC-01991,2026-01-01 04:48:28+00:00,0,IOMT-014,S-IOMT-014-994,EHR_WRITE,EP-IND-01991
BC-01992,2026-01-01 04:48:46+00:00,0,IOMT-015,S-IOMT-015-995,EHR_WRITE,EP-IND-01992
BC-01993,2026-01-01 04:49:02+00:00,0,IOMT-031,S-IOMT-031-996,LAB_RESULTS,EP-IND-01993
BC-01994,2026-01-01 04:49:22+00:00,0,IOMT-037,S-IOMT-037-0,RESEARCH,EP-IND-01994
BC-01995,2026-01-01 04:49:25+00:00,0,IOMT-041,S-IOMT-041-1,IMAGING,EP-IND-01995
BC-01996,2026-01-01 04:49:27+00:00,0,IOMT-007,S-IOMT-007-2,LAB_RESULTS,EP-IND-01996
BC-01997,2026-01-01 04:49:31+00:00,0,IOMT-011,S-IOMT-011-3,RESEARCH,EP-IND-01997
BC-01998,2026-01-01 04:49:41+00:00,0,IOMT-001,S-IOMT-001-4,EHR_WRITE,EP-IND-01998
BC-01999,2026-01-01 04:49:43+00:00,0,IOMT-049,S-IOMT-049-5,EHR_READ,EP-IND-01999
BC-02000,2026-01-01 04:49:43+00:00,0,IOMT-015,S-IOMT-015-6,IMAGING,EP-IND-02000
BC-02001,2026-01-01 04:49:49+00:00,0,IOMT-032,S-IOMT-032-7,LAB_RESULTS,EP-IND-02001
BC-02002,2026-01-01 04:49:49+00:00,0,IOMT-042,S-IOMT-042-8,IMAGING,EP-IND-02002
BC-02003,2026-01-01 04:49:54+00:00,0,IOMT-002,S-IOMT-002-9,LAB_RESULTS,EP-IND-02003
BC-02004,2026-01-01 04:49:57+00:00,0,IOMT-004,S-IOMT-004-10,LAB_RESULTS,EP-IND-02004
BC-02005,2026-01-01 04:50:01+00:00,0,IOMT-008,S-IOMT-008-11,RESEARCH,EP-IND-02005
BC-02006,2026-01-01 04:50:05+00:00,0,IOMT-015,S-IOMT-015-12,EHR_WRITE,EP-IND-02006
BC-02007,2026-01-01 04:50:08+00:00,0,IOMT-025,S-IOMT-025-13,IMAGING,EP-IND-02007
BC-02008,2026-01-01 04:50:31+00:00,0,IOMT-024,S-IOMT-024-14,IMAGING,EP-IND-02008
BC-02009,2026-01-01 02:11:18+00:00,1,IOMT-COORD-039,S-COORD-039,RESEARCH,EP-COORD-039
BC-02010,2026-01-01 04:50:56+00:00,0,IOMT-038,S-IOMT-038-16,EHR_READ,EP-IND-02010
BC-02011,2026-01-01 04:51:02+00:00,0,IOMT-029,S-IOMT-029-17,EHR_READ,EP-IND-02011
BC-02012,2026-01-01 04:51:04+00:00,0,IOMT-016,S-IOMT-016-18,EHR_WRITE,EP-IND-02012
BC-02013,2026-01-01 04:51:08+00:00,0,IOMT-002,S-IOMT-002-19,EHR_READ,EP-IND-02013
BC-02014,2026-01-01 04:51:23+00:00,0,IOMT-046,S-IOMT-046-20,LAB_RESULTS,EP-IND-02014
BC-02015,2026-01-01 02:15:24+00:00,1,IOMT-COORD-040,S-COORD-040,EHR_READ,EP-COORD-040
BC-02016,2026-01-01 04:51:28+00:00,0,IOMT-017,S-IOMT-017-22,RESEARCH,EP-IND-02016
BC-02017,2026-01-01 04:51:40+00:00,0,IOMT-010,S-IOMT-010-23,IMAGING,EP-IND-02017
BC-02018,2026-01-01 02:17:00+00:00,1,IOMT-COORD-041,S-COORD-041,EHR_WRITE,EP-COORD-041
BC-02019,2026-01-01 04:51:48+00:00,0,IOMT-008,S-IOMT-008-25,EHR_READ,EP-IND-02019
BC-02020,2026-01-01 04:52:04+00:00,0,IOMT-026,S-IOMT-026-26,LAB_RESULTS,EP-IND-02020
BC-02021,2026-01-01 04:52:25+00:00,0,IOMT-018,S-IOMT-018-27,IMAGING,EP-IND-02021
BC-02022,2026-01-01 04:52:31+00:00,0,IOMT-026,S-IOMT-026-28,LAB_RESULTS,EP-IND-02022
BC-02023,2026-01-01 04:52:32+00:00,0,IOMT-045,S-IOMT-045-29,IMAGING,EP-IND-02023
BC-02024,2026-01-01 04:52:34+00:00,0,IOMT-020,S-IOMT-020-30,IMAGING,EP-IND-02024
BC-02025,2026-01-01 04:52:37+00:00,0,IOMT-040,S-IOMT-040-31,IMAGING,EP-IND-02025
BC-02026,2026-01-01 04:52:42+00:00,0,IOMT-049,S-IOMT-049-32,IMAGING,EP-IND-02026
BC-02027,2026-01-01 04:52:46+00:00,0,IOMT-032,S-IOMT-032-33,RESEARCH,EP-IND-02027
BC-02028,2026-01-01 04:52:47+00:00,0,IOMT-009,S-IOMT-009-34,LAB_RESULTS,EP-IND-02028
BC-02029,2026-01-01 04:52:49+00:00,0,IOMT-012,S-IOMT-012-35,IMAGING,EP-IND-02029
BC-02030,2026-01-01 04:53:06+00:00,0,IOMT-006,S-IOMT-006-36,EHR_READ,EP-IND-02030
BC-02031,2026-01-01 04:53:13+00:00,0,IOMT-035,S-IOMT-035-37,EHR_WRITE,EP-IND-02031
BC-02032,2026-01-01 04:53:18+00:00,0,IOMT-009,S-IOMT-009-38,EHR_WRITE,EP-IND-02032
BC-02033,2026-01-01 04:53:23+00:00,0,IOMT-016,S-IOMT-016-39,RESEARCH,EP-IND-02033
BC-02034,2026-01-01 04:53:35+00:00,0,IOMT-028,S-IOMT-028-40,EHR_WRITE,EP-IND-02034
BC-02035,2026-01-01 04:53:48+00:00,0,IOMT-003,S-IOMT-003-41,RESEARCH,EP-IND-02035
BC-02036,2026-01-01 04:53:49+00:00,0,IOMT-028,S-IOMT-028-42,RESEARCH,EP-IND-02036
BC-02037,2026-01-01 04:53:50+00:00,0,IOMT-042,S-IOMT-042-43,IMAGING,EP-IND-02037
BC-02038,2026-01-01 04:53:55+00:00,0,IOMT-033,S-IOMT-033-44,RESEARCH,EP-IND-02038
BC-02039,2026-01-01 04:53:55+00:00,0,IOMT-016,S-IOMT-016-45,EHR_READ,EP-IND-02039
BC-02040,2026-01-01 04:54:02+00:00,0,IOMT-016,S-IOMT-016-46,LAB_RESULTS,EP-IND-02040
BC-02041,2026-01-01 04:54:03+00:00,0,IOMT-018,S-IOMT-018-47,EHR_WRITE,EP-IND-02041
BC-02042,2026-01-01 04:54:05+00:00,0,IOMT-003,S-IOMT-003-48,LAB_RESULTS,EP-IND-02042
BC-02043,2026-01-01 04:54:13+00:00,0,IOMT-008,S-IOMT-008-49,IMAGING,EP-IND-02043
BC-02044,2026-01-01 02:17:16+00:00,1,IOMT-COORD-042,S-COORD-042,IMAGING,EP-COORD-042
BC-02045,2026-01-01 04:54:25+00:00,0,IOMT-010,S-IOMT-010-51,IMAGING,EP-IND-02045
BC-02046,2026-01-01 02:17:07+00:00,1,IOMT-COORD-043,S-COORD-043,LAB_RESULTS,EP-COORD-043
BC-02047,2026-01-01 04:54:31+00:00,0,IOMT-049,S-IOMT-049-53,RESEARCH,EP-IND-02047
BC-02048,2026-01-01 04:54:39+00:00,0,IOMT-032,S-IOMT-032-54,EHR_READ,EP-IND-02048
BC-02049,2026-01-01 04:54:43+00:00,0,IOMT-019,S-IOMT-019-55,EHR_READ,EP-IND-02049
BC-02050,2026-01-01 04:54:43+00:00,0,IOMT-049,S-IOMT-049-56,IMAGING,EP-IND-02050
BC-02051,2026-01-01 04:54:54+00:00,0,IOMT-023,S-IOMT-023-57,LAB_RESULTS,EP-IND-02051
BC-02052,2026-01-01 04:55:02+00:00,0,IOMT-003,S-IOMT-003-58,IMAGING,EP-IND-02052
BC-02053,2026-01-01 04:55:06+00:00,0,IOMT-011,S-IOMT-011-59,LAB_RESULTS,EP-IND-02053
BC-02054,2026-01-01 04:55:10+00:00,0,IOMT-049,S-IOMT-049-60,EHR_WRITE,EP-IND-02054
BC-02055,2026-01-01 04:55:51+00:00,0,IOMT-024,S-IOMT-024-61,EHR_WRITE,EP-IND-02055
BC-02056,2026-01-01 02:19:10+00:00,1,IOMT-COORD-044,S-COORD-044,RESEARCH,EP-COORD-044
BC-02057,2026-01-01 04:56:21+00:00,0,IOMT-027,S-IOMT-027-63,IMAGING,EP-IND-02057
BC-02058,2026-01-01 04:56:23+00:00,0,IOMT-027,S-IOMT-027-64,EHR_WRITE,EP-IND-02058
BC-02059,2026-01-01 04:56:27+00:00,0,IOMT-045,S-IOMT-045-65,RESEARCH,EP-IND-02059
BC-02060,2026-01-01 04:56:27+00:00,0,IOMT-019,S-IOMT-019-66,EHR_READ,EP-IND-02060
BC-02061,2026-01-01 04:56:51+00:00,0,IOMT-034,S-IOMT-034-67,EHR_READ,EP-IND-02061
BC-02062,2026-01-01 04:57:03+00:00,0,IOMT-025,S-IOMT-025-68,RESEARCH,EP-IND-02062
BC-02063,2026-01-01 04:57:12+00:00,0,IOMT-012,S-IOMT-012-69,EHR_WRITE,EP-IND-02063
BC-02064,2026-01-01 04:57:23+00:00,0,IOMT-003,S-IOMT-003-70,EHR_WRITE,EP-IND-02064
BC-02065,2026-01-01 04:57:29+00:00,0,IOMT-033,S-IOMT-033-71,LAB_RESULTS,EP-IND-02065
BC-02066,2026-01-01 04:57:36+00:00,0,IOMT-018,S-IOMT-018-72,EHR_READ,EP-IND-02066
BC-02067,2026-01-01 04:57:47+00:00,0,IOMT-042,S-IOMT-042-73,RESEARCH,EP-IND-02067
BC-02068,2026-01-01 04:58:01+00:00,0,IOMT-008,S-IOMT-008-74,IMAGING,EP-IND-02068
BC-02069,2026-01-01 04:58:08+00:00,0,IOMT-026,S-IOMT-026-75,EHR_READ,EP-IND-02069
BC-02070,2026-01-01 04:58:09+00:00,0,IOMT-026,S-IOMT-026-76,EHR_READ,EP-IND-02070
BC-02071,2026-01-01 04:58:26+00:00,0,IOMT-022,S-IOMT-022-77,IMAGING,EP-IND-02071
BC-02072,2026-01-01 04:58:30+00:00,0,IOMT-026,S-IOMT-026-78,LAB_RESULTS,EP-IND-02072
BC-02073,2026-01-01 04:58:31+00:00,0,IOMT-047,S-IOMT-047-79,RESEARCH,EP-IND-02073
BC-02074,2026-01-01 04:58:41+00:00,0,IOMT-008,S-IOMT-008-80,EHR_READ,EP-IND-02074
BC-02075,2026-01-01 04:58:56+00:00,0,IOMT-028,S-IOMT-028-81,RESEARCH,EP-IND-02075
BC-02076,2026-01-01 04:59:04+00:00,0,IOMT-015,S-IOMT-015-82,RESEARCH,EP-IND-02076
BC-02077,2026-01-01 04:59:10+00:00,0,IOMT-046,S-IOMT-046-83,EHR_WRITE,EP-IND-02077
BC-02078,2026-01-01 04:59:22+00:00,0,IOMT-045,S-IOMT-045-84,IMAGING,EP-IND-02078
BC-02079,2026-01-01 02:18:02+00:00,1,IOMT-COORD-045,S-COORD-045,EHR_READ,EP-COORD-045
BC-02080,2026-01-01 04:59:51+00:00,0,IOMT-022,S-IOMT-022-86,IMAGING,EP-IND-02080
BC-02081,2026-01-01 04:59:52+00:00,0,IOMT-003,S-IOMT-003-87,RESEARCH,EP-IND-02081
BC-02082,2026-01-01 04:59:56+00:00,0,IOMT-030,S-IOMT-030-88,IMAGING,EP-IND-02082
BC-02083,2026-01-01 05:00:20+00:00,0,IOMT-013,S-IOMT-013-89,IMAGING,EP-IND-02083
BC-02084,2026-01-01 05:00:23+00:00,0,IOMT-023,S-IOMT-023-90,RESEARCH,EP-IND-02084
BC-02085,2026-01-01 05:00:28+00:00,0,IOMT-016,S-IOMT-016-91,RESEARCH,EP-IND-02085
BC-02086,2026-01-01 05:00:30+00:00,0,IOMT-019,S-IOMT-019-92,RESEARCH,EP-IND-02086
BC-02087,2026-01-01 05:00:54+00:00,0,IOMT-036,S-IOMT-036-93,EHR_WRITE,EP-IND-02087
BC-02088,2026-01-01 05:01:00+00:00,0,IOMT-043,S-IOMT-043-94,EHR_WRITE,EP-IND-02088
BC-02089,2026-01-01 05:01:04+00:00,0,IOMT-042,S-IOMT-042-95,RESEARCH,EP-IND-02089
BC-02090,2026-01-01 05:01:11+00:00,0,IOMT-026,S-IOMT-026-96,LAB_RESULTS,EP-IND-02090
BC-02091,2026-01-01 05:01:19+00:00,0,IOMT-004,S-IOMT-004-97,EHR_WRITE,EP-IND-02091
BC-02092,2026-01-01 05:01:35+00:00,0,IOMT-036,S-IOMT-036-98,EHR_READ,EP-IND-02092
BC-02093,2026-01-01 05:01:41+00:00,0,IOMT-029,S-IOMT-029-99,RESEARCH,EP-IND-02093
BC-02094,2026-01-01 05:02:07+00:00,0,IOMT-045,S-IOMT-045-100,IMAGING,EP-IND-02094
BC-02095,2026-01-01 05:02:21+00:00,0,IOMT-005,S-IOMT-005-101,IMAGING,EP-IND-02095
BC-02096,2026-01-01 05:02:40+00:00,0,IOMT-025,S-IOMT-025-102,EHR_WRITE,EP-IND-02096
BC-02097,2026-01-01 05:02:41+00:00,0,IOMT-046,S-IOMT-046-103,EHR_READ,EP-IND-02097
BC-02098,2026-01-01 05:02:57+00:00,0,IOMT-003,S-IOMT-003-104,IMAGING,EP-IND-02098
BC-02099,2026-01-01 05:03:00+00:00,0,IOMT-038,S-IOMT-038-105,EHR_READ,EP-IND-02099
BC-02100,2026-01-01 05:03:46+00:00,0,IOMT-040,S-IOMT-040-106,LAB_RESULTS,EP-IND-02100
BC-02101,2026-01-01 05:03:52+00:00,0,IOMT-017,S-IOMT-017-107,IMAGING,EP-IND-02101
BC-02102,2026-01-01 05:04:26+00:00,0,IOMT-009,S-IOMT-009-108,RESEARCH,EP-IND-02102
BC-02103,2026-01-01 05:04:47+00:00,0,IOMT-045,S-IOMT-045-109,LAB_RESULTS,EP-IND-02103
BC-02104,2026-01-01 05:04:50+00:00,0,IOMT-034,S-IOMT-034-110,EHR_READ,EP-IND-02104
BC-02105,2026-01-01 05:04:55+00:00,0,IOMT-030,S-IOMT-030-111,EHR_WRITE,EP-IND-02105
BC-02106,2026-01-01 05:05:02+00:00,0,IOMT-008,S-IOMT-008-112,EHR_WRITE,EP-IND-02106
BC-02107,2026-01-01 05:05:20+00:00,0,IOMT-044,S-IOMT-044-113,EHR_WRITE,EP-IND-02107
BC-02108,2026-01-01 05:05:35+00:00,0,IOMT-023,S-IOMT-023-114,IMAGING,EP-IND-02108
BC-02109,2026-01-01 05:05:40+00:00,0,IOMT-005,S-IOMT-005-115,LAB_RESULTS,EP-IND-02109
BC-02110,2026-01-01 05:05:51+00:00,0,IOMT-036,S-IOMT-036-116,EHR_WRITE,EP-IND-02110
BC-02111,2026-01-01 05:05:52+00:00,0,IOMT-049,S-IOMT-049-117,EHR_READ,EP-IND-02111
BC-02112,2026-01-01 05:06:03+00:00,0,IOMT-049,S-IOMT-049-118,LAB_RESULTS,EP-IND-02112
BC-02113,2026-01-01 05:06:15+00:00,0,IOMT-023,S-IOMT-023-119,EHR_WRITE,EP-IND-02113
BC-02114,2026-01-01 05:06:18+00:00,0,IOMT-001,S-IOMT-001-120,LAB_RESULTS,EP-IND-02114
BC-02115,2026-01-01 05:06:20+00:00,0,IOMT-021,S-IOMT-021-121,EHR_READ,EP-IND-02115
BC-02116,2026-01-01 05:06:35+00:00,0,IOMT-031,S-IOMT-031-122,LAB_RESULTS,EP-IND-02116
BC-02117,2026-01-01 05:06:36+00:00,0,IOMT-007,S-IOMT-007-123,EHR_READ,EP-IND-02117
BC-02118,2026-01-01 05:06:53+00:00,0,IOMT-009,S-IOMT-009-124,EHR_READ,EP-IND-02118
BC-02119,2026-01-01 05:06:56+00:00,0,IOMT-017,S-IOMT-017-125,RESEARCH,EP-IND-02119
BC-02120,2026-01-01 05:07:08+00:00,0,IOMT-017,S-IOMT-017-126,IMAGING,EP-IND-02120
BC-02121,2026-01-01 05:07:25+00:00,0,IOMT-013,S-IOMT-013-127,EHR_WRITE,EP-IND-02121
BC-02122,2026-01-01 05:07:26+00:00,0,IOMT-020,S-IOMT-020-128,RESEARCH,EP-IND-02122
BC-02123,2026-01-01 05:07:31+00:00,0,IOMT-001,S-IOMT-001-129,EHR_READ,EP-IND-02123
BC-02124,2026-01-01 05:07:41+00:00,0,IOMT-049,S-IOMT-049-130,EHR_WRITE,EP-IND-02124
BC-02125,2026-01-01 05:07:47+00:00,0,IOMT-014,S-IOMT-014-131,LAB_RESULTS,EP-IND-02125
BC-02126,2026-01-01 05:08:02+00:00,0,IOMT-022,S-IOMT-022-132,IMAGING,EP-IND-02126
BC-02127,2026-01-01 05:08:15+00:00,0,IOMT-047,S-IOMT-047-133,EHR_WRITE,EP-IND-02127
BC-02128,2026-01-01 05:08:16+00:00,0,IOMT-029,S-IOMT-029-134,EHR_WRITE,EP-IND-02128
BC-02129,2026-01-01 05:08:36+00:00,0,IOMT-025,S-IOMT-025-135,RESEARCH,EP-IND-02129
BC-02130,2026-01-01 05:09:09+00:00,0,IOMT-012,S-IOMT-012-136,EHR_READ,EP-IND-02130
BC-02131,2026-01-01 05:09:09+00:00,0,IOMT-000,S-IOMT-000-137,RESEARCH,EP-IND-02131
BC-02132,2026-01-01 05:09:10+00:00,0,IOMT-047,S-IOMT-047-138,LAB_RESULTS,EP-IND-02132
BC-02133,2026-01-01 05:09:13+00:00,0,IOMT-014,S-IOMT-014-139,RESEARCH,EP-IND-02133
BC-02134,2026-01-01 05:09:14+00:00,0,IOMT-031,S-IOMT-031-140,EHR_READ,EP-IND-02134
BC-02135,2026-01-01 05:09:19+00:00,0,IOMT-016,S-IOMT-016-141,EHR_WRITE,EP-IND-02135
BC-02136,2026-01-01 05:09:22+00:00,0,IOMT-020,S-IOMT-020-142,EHR_READ,EP-IND-02136
BC-02137,2026-01-01 05:09:34+00:00,0,IOMT-034,S-IOMT-034-143,EHR_READ,EP-IND-02137
BC-02138,2026-01-01 05:09:41+00:00,0,IOMT-029,S-IOMT-029-144,LAB_RESULTS,EP-IND-02138
BC-02139,2026-01-01 05:10:09+00:00,0,IOMT-001,S-IOMT-001-145,LAB_RESULTS,EP-IND-02139
BC-02140,2026-01-01 05:10:10+00:00,0,IOMT-035,S-IOMT-035-146,IMAGING,EP-IND-02140
BC-02141,2026-01-01 05:10:47+00:00,0,IOMT-024,S-IOMT-024-147,IMAGING,EP-IND-02141
BC-02142,2026-01-01 05:10:57+00:00,0,IOMT-003,S-IOMT-003-148,IMAGING,EP-IND-02142
BC-02143,2026-01-01 05:10:59+00:00,0,IOMT-011,S-IOMT-011-149,EHR_WRITE,EP-IND-02143
BC-02144,2026-01-01 05:11:14+00:00,0,IOMT-037,S-IOMT-037-150,EHR_READ,EP-IND-02144
BC-02145,2026-01-01 05:11:15+00:00,0,IOMT-046,S-IOMT-046-151,EHR_WRITE,EP-IND-02145
BC-02146,2026-01-01 05:11:18+00:00,0,IOMT-035,S-IOMT-035-152,RESEARCH,EP-IND-02146
BC-02147,2026-01-01 05:11:40+00:00,0,IOMT-022,S-IOMT-022-153,RESEARCH,EP-IND-02147
BC-02148,2026-01-01 05:11:54+00:00,0,IOMT-002,S-IOMT-002-154,RESEARCH,EP-IND-02148
BC-02149,2026-01-01 05:12:25+00:00,0,IOMT-033,S-IOMT-033-155,LAB_RESULTS,EP-IND-02149
BC-02150,2026-01-01 05:12:28+00:00,0,IOMT-008,S-IOMT-008-156,EHR_READ,EP-IND-02150
BC-02151,2026-01-01 05:12:28+00:00,0,IOMT-008,S-IOMT-008-157,LAB_RESULTS,EP-IND-02151
BC-02152,2026-01-01 05:12:32+00:00,0,IOMT-029,S-IOMT-029-158,IMAGING,EP-IND-02152
BC-02153,2026-01-01 05:12:32+00:00,0,IOMT-017,S-IOMT-017-159,LAB_RESULTS,EP-IND-02153
BC-02154,2026-01-01 05:12:34+00:00,0,IOMT-039,S-IOMT-039-160,RESEARCH,EP-IND-02154
BC-02155,2026-01-01 05:12:36+00:00,0,IOMT-006,S-IOMT-006-161,EHR_READ,EP-IND-02155
BC-02156,2026-01-01 05:12:37+00:00,0,IOMT-039,S-IOMT-039-162,EHR_READ,EP-IND-02156
BC-02157,2026-01-01 05:12:38+00:00,0,IOMT-011,S-IOMT-011-163,LAB_RESULTS,EP-IND-02157
BC-02158,2026-01-01 05:12:47+00:00,0,IOMT-026,S-IOMT-026-164,RESEARCH,EP-IND-02158
BC-02159,2026-01-01 05:12:58+00:00,0,IOMT-014,S-IOMT-014-165,EHR_WRITE,EP-IND-02159
BC-02160,2026-01-01 05:12:59+00:00,0,IOMT-009,S-IOMT-009-166,IMAGING,EP-IND-02160
BC-02161,2026-01-01 05:13:29+00:00,0,IOMT-038,S-IOMT-038-167,EHR_READ,EP-IND-02161
BC-02162,2026-01-01 05:13:45+00:00,0,IOMT-041,S-IOMT-041-168,IMAGING,EP-IND-02162
BC-02163,2026-01-01 05:13:53+00:00,0,IOMT-000,S-IOMT-000-169,EHR_WRITE,EP-IND-02163
BC-02164,2026-01-01 05:13:56+00:00,0,IOMT-036,S-IOMT-036-170,EHR_WRITE,EP-IND-02164
BC-02165,2026-01-01 05:14:02+00:00,0,IOMT-045,S-IOMT-045-171,IMAGING,EP-IND-02165
BC-02166,2026-01-01 05:14:17+00:00,0,IOMT-027,S-IOMT-027-172,IMAGING,EP-IND-02166
BC-02167,2026-01-01 05:14:22+00:00,0,IOMT-020,S-IOMT-020-173,EHR_READ,EP-IND-02167
BC-02168,2026-01-01 05:14:31+00:00,0,IOMT-005,S-IOMT-005-174,EHR_READ,EP-IND-02168
BC-02169,2026-01-01 05:14:37+00:00,0,IOMT-007,S-IOMT-007-175,LAB_RESULTS,EP-IND-02169
BC-02170,2026-01-01 05:14:38+00:00,0,IOMT-018,S-IOMT-018-176,EHR_READ,EP-IND-02170
BC-02171,2026-01-01 05:14:38+00:00,0,IOMT-015,S-IOMT-015-177,RESEARCH,EP-IND-02171
BC-02172,2026-01-01 05:14:39+00:00,0,IOMT-021,S-IOMT-021-178,IMAGING,EP-IND-02172
BC-02173,2026-01-01 05:14:41+00:00,0,IOMT-004,S-IOMT-004-179,IMAGING,EP-IND-02173
BC-02174,2026-01-01 05:14:55+00:00,0,IOMT-047,S-IOMT-047-180,EHR_READ,EP-IND-02174
BC-02175,2026-01-01 05:14:57+00:00,0,IOMT-026,S-IOMT-026-181,IMAGING,EP-IND-02175
BC-02176,2026-01-01 05:15:00+00:00,0,IOMT-012,S-IOMT-012-182,LAB_RESULTS,EP-IND-02176
BC-02177,2026-01-01 05:15:01+00:00,0,IOMT-000,S-IOMT-000-183,LAB_RESULTS,EP-IND-02177
BC-02178,2026-01-01 05:15:26+00:00,0,IOMT-044,S-IOMT-044-184,EHR_READ,EP-IND-02178
BC-02179,2026-01-01 05:15:29+00:00,0,IOMT-024,S-IOMT-024-185,EHR_WRITE,EP-IND-02179
BC-02180,2026-01-01 05:15:37+00:00,0,IOMT-042,S-IOMT-042-186,EHR_READ,EP-IND-02180
BC-02181,2026-01-01 05:15:52+00:00,0,IOMT-003,S-IOMT-003-187,EHR_READ,EP-IND-02181
BC-02182,2026-01-01 05:15:54+00:00,0,IOMT-043,S-IOMT-043-188,EHR_WRITE,EP-IND-02182
BC-02183,2026-01-01 05:15:55+00:00,0,IOMT-021,S-IOMT-021-189,RESEARCH,EP-IND-02183
BC-02184,2026-01-01 05:16:12+00:00,0,IOMT-011,S-IOMT-011-190,RESEARCH,EP-IND-02184
BC-02185,2026-01-01 05:16:21+00:00,0,IOMT-007,S-IOMT-007-191,LAB_RESULTS,EP-IND-02185
BC-02186,2026-01-01 05:16:31+00:00,0,IOMT-045,S-IOMT-045-192,EHR_WRITE,EP-IND-02186
BC-02187,2026-01-01 05:16:35+00:00,0,IOMT-017,S-IOMT-017-193,LAB_RESULTS,EP-IND-02187
BC-02188,2026-01-01 05:16:36+00:00,0,IOMT-015,S-IOMT-015-194,RESEARCH,EP-IND-02188
BC-02189,2026-01-01 05:16:40+00:00,0,IOMT-012,S-IOMT-012-195,IMAGING,EP-IND-02189
BC-02190,2026-01-01 05:16:42+00:00,0,IOMT-013,S-IOMT-013-196,IMAGING,EP-IND-02190
BC-02191,2026-01-01 05:16:42+00:00,0,IOMT-031,S-IOMT-031-197,IMAGING,EP-IND-02191
BC-02192,2026-01-01 05:16:51+00:00,0,IOMT-000,S-IOMT-000-198,IMAGING,EP-IND-02192
BC-02193,2026-01-01 05:17:05+00:00,0,IOMT-008,S-IOMT-008-199,EHR_WRITE,EP-IND-02193
BC-02194,2026-01-01 05:17:13+00:00,0,IOMT-037,S-IOMT-037-200,LAB_RESULTS,EP-IND-02194
BC-02195,2026-01-01 05:17:15+00:00,0,IOMT-007,S-IOMT-007-201,EHR_READ,EP-IND-02195
BC-02196,2026-01-01 05:17:25+00:00,0,IOMT-031,S-IOMT-031-202,EHR_READ,EP-IND-02196
BC-02197,2026-01-01 05:17:28+00:00,0,IOMT-033,S-IOMT-033-203,LAB_RESULTS,EP-IND-02197
BC-02198,2026-01-01 05:17:37+00:00,0,IOMT-040,S-IOMT-040-204,IMAGING,EP-IND-02198
BC-02199,2026-01-01 02:18:19+00:00,1,IOMT-COORD-046,S-COORD-046,EHR_WRITE,EP-COORD-046
BC-02200,2026-01-01 05:17:49+00:00,0,IOMT-033,S-IOMT-033-206,LAB_RESULTS,EP-IND-02200
BC-02201,2026-01-01 05:17:50+00:00,0,IOMT-033,S-IOMT-033-207,EHR_WRITE,EP-IND-02201
BC-02202,2026-01-01 05:17:54+00:00,0,IOMT-021,S-IOMT-021-208,IMAGING,EP-IND-02202
BC-02203,2026-01-01 05:17:58+00:00,0,IOMT-016,S-IOMT-016-209,EHR_READ,EP-IND-02203
BC-02204,2026-01-01 05:18:05+00:00,0,IOMT-014,S-IOMT-014-210,LAB_RESULTS,EP-IND-02204
BC-02205,2026-01-01 05:18:12+00:00,0,IOMT-043,S-IOMT-043-211,RESEARCH,EP-IND-02205
BC-02206,2026-01-01 05:18:20+00:00,0,IOMT-042,S-IOMT-042-212,RESEARCH,EP-IND-02206
BC-02207,2026-01-01 05:18:28+00:00,0,IOMT-038,S-IOMT-038-213,RESEARCH,EP-IND-02207
BC-02208,2026-01-01 05:18:40+00:00,0,IOMT-007,S-IOMT-007-214,EHR_WRITE,EP-IND-02208
BC-02209,2026-01-01 05:18:57+00:00,0,IOMT-012,S-IOMT-012-215,IMAGING,EP-IND-02209
BC-02210,2026-01-01 05:19:02+00:00,0,IOMT-029,S-IOMT-029-216,LAB_RESULTS,EP-IND-02210
BC-02211,2026-01-01 05:19:07+00:00,0,IOMT-009,S-IOMT-009-217,EHR_READ,EP-IND-02211
BC-02212,2026-01-01 05:19:10+00:00,0,IOMT-029,S-IOMT-029-218,EHR_READ,EP-IND-02212
BC-02213,2026-01-01 05:19:19+00:00,0,IOMT-037,S-IOMT-037-219,RESEARCH,EP-IND-02213
BC-02214,2026-01-01 05:19:21+00:00,1,IOMT-044,S-IOMT-044-220,EHR_WRITE,EP-IND-02214
BC-02215,2026-01-01 05:19:48+00:00,0,IOMT-013,S-IOMT-013-221,EHR_READ,EP-IND-02215
BC-02216,2026-01-01 05:19:53+00:00,0,IOMT-005,S-IOMT-005-222,EHR_WRITE,EP-IND-02216
BC-02217,2026-01-01 05:20:04+00:00,0,IOMT-048,S-IOMT-048-223,IMAGING,EP-IND-02217
BC-02218,2026-01-01 05:20:10+00:00,0,IOMT-022,S-IOMT-022-224,EHR_READ,EP-IND-02218
BC-02219,2026-01-01 05:20:12+00:00,0,IOMT-002,S-IOMT-002-225,EHR_WRITE,EP-IND-02219
BC-02220,2026-01-01 05:20:49+00:00,0,IOMT-023,S-IOMT-023-226,LAB_RESULTS,EP-IND-02220
BC-02221,2026-01-01 05:20:59+00:00,0,IOMT-038,S-IOMT-038-227,RESEARCH,EP-IND-02221
BC-02222,2026-01-01 05:21:00+00:00,0,IOMT-043,S-IOMT-043-228,LAB_RESULTS,EP-IND-02222
BC-02223,2026-01-01 05:21:01+00:00,0,IOMT-043,S-IOMT-043-229,EHR_WRITE,EP-IND-02223
BC-02224,2026-01-01 05:21:02+00:00,0,IOMT-042,S-IOMT-042-230,EHR_READ,EP-IND-02224
BC-02225,2026-01-01 05:21:07+00:00,0,IOMT-033,S-IOMT-033-231,LAB_RESULTS,EP-IND-02225
BC-02226,2026-01-01 05:21:09+00:00,0,IOMT-045,S-IOMT-045-232,RESEARCH,EP-IND-02226
BC-02227,2026-01-01 05:21:16+00:00,0,IOMT-027,S-IOMT-027-233,EHR_READ,EP-IND-02227
BC-02228,2026-01-01 05:21:19+00:00,0,IOMT-014,S-IOMT-014-234,LAB_RESULTS,EP-IND-02228
BC-02229,2026-01-01 05:21:27+00:00,0,IOMT-015,S-IOMT-015-235,EHR_WRITE,EP-IND-02229
BC-02230,2026-01-01 05:21:38+00:00,0,IOMT-037,S-IOMT-037-236,LAB_RESULTS,EP-IND-02230
BC-02231,2026-01-01 05:21:47+00:00,0,IOMT-048,S-IOMT-048-237,LAB_RESULTS,EP-IND-02231
BC-02232,2026-01-01 05:21:50+00:00,0,IOMT-023,S-IOMT-023-238,IMAGING,EP-IND-02232
BC-02233,2026-01-01 05:22:00+00:00,0,IOMT-028,S-IOMT-028-239,LAB_RESULTS,EP-IND-02233
BC-02234,2026-01-01 05:22:12+00:00,0,IOMT-049,S-IOMT-049-240,IMAGING,EP-IND-02234
BC-02235,2026-01-01 05:22:14+00:00,0,IOMT-010,S-IOMT-010-241,RESEARCH,EP-IND-02235
BC-02236,2026-01-01 05:22:20+00:00,0,IOMT-033,S-IOMT-033-242,EHR_READ,EP-IND-02236
BC-02237,2026-01-01 05:22:23+00:00,0,IOMT-001,S-IOMT-001-243,EHR_READ,EP-IND-02237
BC-02238,2026-01-01 05:22:24+00:00,0,IOMT-002,S-IOMT-002-244,LAB_RESULTS,EP-IND-02238
BC-02239,2026-01-01 05:22:40+00:00,0,IOMT-049,S-IOMT-049-245,LAB_RESULTS,EP-IND-02239
BC-02240,2026-01-01 05:22:41+00:00,0,IOMT-046,S-IOMT-046-246,EHR_READ,EP-IND-02240
BC-02241,2026-01-01 05:22:59+00:00,0,IOMT-030,S-IOMT-030-247,RESEARCH,EP-IND-02241
BC-02242,2026-01-01 05:23:05+00:00,0,IOMT-005,S-IOMT-005-248,LAB_RESULTS,EP-IND-02242
BC-02243,2026-01-01 05:23:24+00:00,0,IOMT-028,S-IOMT-028-249,RESEARCH,EP-IND-02243
BC-02244,2026-01-01 05:23:34+00:00,0,IOMT-049,S-IOMT-049-250,EHR_WRITE,EP-IND-02244
BC-02245,2026-01-01 05:23:35+00:00,0,IOMT-011,S-IOMT-011-251,LAB_RESULTS,EP-IND-02245
BC-02246,2026-01-01 05:23:54+00:00,0,IOMT-034,S-IOMT-034-252,EHR_WRITE,EP-IND-02246
BC-02247,2026-01-01 05:23:56+00:00,0,IOMT-007,S-IOMT-007-253,LAB_RESULTS,EP-IND-02247
BC-02248,2026-01-01 05:24:00+00:00,0,IOMT-023,S-IOMT-023-254,RESEARCH,EP-IND-02248
BC-02249,2026-01-01 05:24:17+00:00,0,IOMT-011,S-IOMT-011-255,IMAGING,EP-IND-02249
BC-02250,2026-01-01 05:24:20+00:00,0,IOMT-009,S-IOMT-009-256,LAB_RESULTS,EP-IND-02250
BC-02251,2026-01-01 05:24:29+00:00,0,IOMT-033,S-IOMT-033-257,LAB_RESULTS,EP-IND-02251
BC-02252,2026-01-01 05:24:30+00:00,0,IOMT-032,S-IOMT-032-258,EHR_WRITE,EP-IND-02252
BC-02253,2026-01-01 05:24:31+00:00,0,IOMT-008,S-IOMT-008-259,RESEARCH,EP-IND-02253
BC-02254,2026-01-01 05:24:50+00:00,0,IOMT-034,S-IOMT-034-260,IMAGING,EP-IND-02254
BC-02255,2026-01-01 05:25:18+00:00,0,IOMT-010,S-IOMT-010-261,EHR_WRITE,EP-IND-02255
BC-02256,2026-01-01 05:25:21+00:00,0,IOMT-043,S-IOMT-043-262,LAB_RESULTS,EP-IND-02256
BC-02257,2026-01-01 05:25:25+00:00,0,IOMT-042,S-IOMT-042-263,EHR_READ,EP-IND-02257
BC-02258,2026-01-01 05:25:32+00:00,0,IOMT-013,S-IOMT-013-264,EHR_READ,EP-IND-02258
BC-02259,2026-01-01 05:25:40+00:00,0,IOMT-015,S-IOMT-015-265,RESEARCH,EP-IND-02259
BC-02260,2026-01-01 05:25:43+00:00,0,IOMT-002,S-IOMT-002-266,EHR_READ,EP-IND-02260
BC-02261,2026-01-01 05:25:43+00:00,0,IOMT-015,S-IOMT-015-267,LAB_RESULTS,EP-IND-02261
BC-02262,2026-01-01 05:26:01+00:00,0,IOMT-030,S-IOMT-030-268,EHR_READ,EP-IND-02262
BC-02263,2026-01-01 05:26:10+00:00,0,IOMT-029,S-IOMT-029-269,EHR_WRITE,EP-IND-02263
BC-02264,2026-01-01 05:26:11+00:00,0,IOMT-031,S-IOMT-031-270,IMAGING,EP-IND-02264
BC-02265,2026-01-01 05:26:27+00:00,0,IOMT-000,S-IOMT-000-271,LAB_RESULTS,EP-IND-02265
BC-02266,2026-01-01 05:26:30+00:00,0,IOMT-037,S-IOMT-037-272,EHR_READ,EP-IND-02266
BC-02267,2026-01-01 05:26:38+00:00,0,IOMT-042,S-IOMT-042-273,LAB_RESULTS,EP-IND-02267
BC-02268,2026-01-01 05:26:55+00:00,0,IOMT-044,S-IOMT-044-274,EHR_READ,EP-IND-02268
BC-02269,2026-01-01 05:27:02+00:00,0,IOMT-009,S-IOMT-009-275,EHR_READ,EP-IND-02269
BC-02270,2026-01-01 05:27:22+00:00,0,IOMT-025,S-IOMT-025-276,LAB_RESULTS,EP-IND-02270
BC-02271,2026-01-01 05:27:50+00:00,0,IOMT-008,S-IOMT-008-277,LAB_RESULTS,EP-IND-02271
BC-02272,2026-01-01 05:27:52+00:00,0,IOMT-032,S-IOMT-032-278,LAB_RESULTS,EP-IND-02272
BC-02273,2026-01-01 05:28:03+00:00,0,IOMT-008,S-IOMT-008-279,RESEARCH,EP-IND-02273
BC-02274,2026-01-01 05:28:03+00:00,0,IOMT-029,S-IOMT-029-280,EHR_READ,EP-IND-02274
BC-02275,2026-01-01 05:28:06+00:00,0,IOMT-014,S-IOMT-014-281,RESEARCH,EP-IND-02275
BC-02276,2026-01-01 05:28:06+00:00,0,IOMT-033,S-IOMT-033-282,EHR_READ,EP-IND-02276
BC-02277,2026-01-01 05:28:12+00:00,0,IOMT-027,S-IOMT-027-283,EHR_WRITE,EP-IND-02277
BC-02278,2026-01-01 05:28:23+00:00,0,IOMT-037,S-IOMT-037-284,IMAGING,EP-IND-02278
BC-02279,2026-01-01 05:28:37+00:00,0,IOMT-039,S-IOMT-039-285,IMAGING,EP-IND-02279
BC-02280,2026-01-01 05:28:48+00:00,0,IOMT-045,S-IOMT-045-286,IMAGING,EP-IND-02280
BC-02281,2026-01-01 05:28:53+00:00,0,IOMT-049,S-IOMT-049-287,EHR_WRITE,EP-IND-02281
BC-02282,2026-01-01 05:29:00+00:00,0,IOMT-038,S-IOMT-038-288,EHR_READ,EP-IND-02282
BC-02283,2026-01-01 05:29:07+00:00,0,IOMT-008,S-IOMT-008-289,EHR_READ,EP-IND-02283
BC-02284,2026-01-01 05:29:18+00:00,0,IOMT-029,S-IOMT-029-290,RESEARCH,EP-IND-02284
BC-02285,2026-01-01 05:29:25+00:00,0,IOMT-026,S-IOMT-026-291,EHR_WRITE,EP-IND-02285
BC-02286,2026-01-01 05:29:37+00:00,0,IOMT-003,S-IOMT-003-292,EHR_WRITE,EP-IND-02286
BC-02287,2026-01-01 05:29:37+00:00,0,IOMT-031,S-IOMT-031-293,EHR_READ,EP-IND-02287
BC-02288,2026-01-01 05:29:42+00:00,0,IOMT-022,S-IOMT-022-294,EHR_READ,EP-IND-02288
BC-02289,2026-01-01 05:29:45+00:00,0,IOMT-046,S-IOMT-046-295,LAB_RESULTS,EP-IND-02289
BC-02290,2026-01-01 05:30:16+00:00,0,IOMT-033,S-IOMT-033-296,EHR_READ,EP-IND-02290
BC-02291,2026-01-01 05:30:19+00:00,0,IOMT-047,S-IOMT-047-297,EHR_READ,EP-IND-02291
BC-02292,2026-01-01 05:30:25+00:00,0,IOMT-041,S-IOMT-041-298,EHR_WRITE,EP-IND-02292
BC-02293,2026-01-01 05:30:56+00:00,0,IOMT-015,S-IOMT-015-299,EHR_WRITE,EP-IND-02293
BC-02294,2026-01-01 05:30:57+00:00,0,IOMT-045,S-IOMT-045-300,EHR_WRITE,EP-IND-02294
BC-02295,2026-01-01 05:31:17+00:00,0,IOMT-040,S-IOMT-040-301,EHR_WRITE,EP-IND-02295
BC-02296,2026-01-01 05:31:20+00:00,0,IOMT-039,S-IOMT-039-302,EHR_WRITE,EP-IND-02296
BC-02297,2026-01-01 05:31:20+00:00,0,IOMT-017,S-IOMT-017-303,RESEARCH,EP-IND-02297
BC-02298,2026-01-01 05:31:23+00:00,0,IOMT-047,S-IOMT-047-304,EHR_WRITE,EP-IND-02298
BC-02299,2026-01-01 05:31:24+00:00,0,IOMT-037,S-IOMT-037-305,IMAGING,EP-IND-02299
BC-02300,2026-01-01 05:31:39+00:00,0,IOMT-000,S-IOMT-000-306,LAB_RESULTS,EP-IND-02300
BC-02301,2026-01-01 05:31:48+00:00,0,IOMT-017,S-IOMT-017-307,RESEARCH,EP-IND-02301
BC-02302,2026-01-01 05:32:07+00:00,0,IOMT-047,S-IOMT-047-308,IMAGING,EP-IND-02302
BC-02303,2026-01-01 05:32:30+00:00,0,IOMT-014,S-IOMT-014-309,EHR_READ,EP-IND-02303
BC-02304,2026-01-01 05:32:39+00:00,0,IOMT-028,S-IOMT-028-310,EHR_WRITE,EP-IND-02304
BC-02305,2026-01-01 05:32:52+00:00,0,IOMT-034,S-IOMT-034-311,RESEARCH,EP-IND-02305
BC-02306,2026-01-01 05:32:56+00:00,0,IOMT-021,S-IOMT-021-312,IMAGING,EP-IND-02306
BC-02307,2026-01-01 05:33:00+00:00,0,IOMT-020,S-IOMT-020-313,EHR_READ,EP-IND-02307
BC-02308,2026-01-01 05:33:09+00:00,0,IOMT-045,S-IOMT-045-314,EHR_READ,EP-IND-02308
BC-02309,2026-01-01 05:33:15+00:00,0,IOMT-011,S-IOMT-011-315,EHR_WRITE,EP-IND-02309
BC-02310,2026-01-01 05:33:30+00:00,0,IOMT-039,S-IOMT-039-316,RESEARCH,EP-IND-02310
BC-02311,2026-01-01 05:33:32+00:00,0,IOMT-033,S-IOMT-033-317,LAB_RESULTS,EP-IND-02311
BC-02312,2026-01-01 05:33:32+00:00,0,IOMT-021,S-IOMT-021-318,LAB_RESULTS,EP-IND-02312
BC-02313,2026-01-01 05:34:08+00:00,0,IOMT-016,S-IOMT-016-319,RESEARCH,EP-IND-02313
BC-02314,2026-01-01 05:34:11+00:00,0,IOMT-032,S-IOMT-032-320,RESEARCH,EP-IND-02314
BC-02315,2026-01-01 05:34:24+00:00,0,IOMT-020,S-IOMT-020-321,EHR_WRITE,EP-IND-02315
BC-02316,2026-01-01 05:34:25+00:00,0,IOMT-017,S-IOMT-017-322,EHR_READ,EP-IND-02316
BC-02317,2026-01-01 05:34:27+00:00,0,IOMT-000,S-IOMT-000-323,RESEARCH,EP-IND-02317
BC-02318,2026-01-01 05:34:34+00:00,0,IOMT-021,S-IOMT-021-324,RESEARCH,EP-IND-02318
BC-02319,2026-01-01 05:34:58+00:00,1,IOMT-007,S-IOMT-007-325,EHR_WRITE,EP-IND-02319
BC-02320,2026-01-01 05:35:28+00:00,0,IOMT-047,S-IOMT-047-326,LAB_RESULTS,EP-IND-02320
BC-02321,2026-01-01 05:35:30+00:00,0,IOMT-022,S-IOMT-022-327,IMAGING,EP-IND-02321
BC-02322,2026-01-01 05:35:31+00:00,0,IOMT-034,S-IOMT-034-328,IMAGING,EP-IND-02322
BC-02323,2026-01-01 05:35:36+00:00,0,IOMT-015,S-IOMT-015-329,LAB_RESULTS,EP-IND-02323
BC-02324,2026-01-01 05:35:42+00:00,0,IOMT-006,S-IOMT-006-330,RESEARCH,EP-IND-02324
BC-02325,2026-01-01 05:35:57+00:00,0,IOMT-019,S-IOMT-019-331,RESEARCH,EP-IND-02325
BC-02326,2026-01-01 05:36:00+00:00,0,IOMT-000,S-IOMT-000-332,LAB_RESULTS,EP-IND-02326
BC-02327,2026-01-01 05:36:12+00:00,0,IOMT-007,S-IOMT-007-333,EHR_WRITE,EP-IND-02327
BC-02328,2026-01-01 05:36:13+00:00,0,IOMT-027,S-IOMT-027-334,RESEARCH,EP-IND-02328
BC-02329,2026-01-01 05:36:22+00:00,0,IOMT-020,S-IOMT-020-335,EHR_WRITE,EP-IND-02329
BC-02330,2026-01-01 05:36:34+00:00,0,IOMT-001,S-IOMT-001-336,LAB_RESULTS,EP-IND-02330
BC-02331,2026-01-01 05:36:35+00:00,0,IOMT-028,S-IOMT-028-337,RESEARCH,EP-IND-02331
BC-02332,2026-01-01 05:36:55+00:00,0,IOMT-039,S-IOMT-039-338,IMAGING,EP-IND-02332
BC-02333,2026-01-01 05:37:02+00:00,0,IOMT-007,S-IOMT-007-339,EHR_WRITE,EP-IND-02333
BC-02334,2026-01-01 05:37:08+00:00,0,IOMT-022,S-IOMT-022-340,EHR_WRITE,EP-IND-02334
BC-02335,2026-01-01 05:37:14+00:00,0,IOMT-034,S-IOMT-034-341,IMAGING,EP-IND-02335
BC-02336,2026-01-01 05:37:21+00:00,0,IOMT-046,S-IOMT-046-342,EHR_WRITE,EP-IND-02336
BC-02337,2026-01-01 05:37:23+00:00,0,IOMT-031,S-IOMT-031-343,RESEARCH,EP-IND-02337
BC-02338,2026-01-01 05:37:41+00:00,0,IOMT-030,S-IOMT-030-344,IMAGING,EP-IND-02338
BC-02339,2026-01-01 05:37:49+00:00,0,IOMT-040,S-IOMT-040-345,EHR_READ,EP-IND-02339
BC-02340,2026-01-01 05:37:57+00:00,0,IOMT-048,S-IOMT-048-346,EHR_READ,EP-IND-02340
BC-02341,2026-01-01 05:38:06+00:00,0,IOMT-049,S-IOMT-049-347,EHR_WRITE,EP-IND-02341
BC-02342,2026-01-01 05:38:12+00:00,0,IOMT-036,S-IOMT-036-348,LAB_RESULTS,EP-IND-02342
BC-02343,2026-01-01 05:38:18+00:00,0,IOMT-021,S-IOMT-021-349,RESEARCH,EP-IND-02343
BC-02344,2026-01-01 05:38:35+00:00,0,IOMT-008,S-IOMT-008-350,LAB_RESULTS,EP-IND-02344
BC-02345,2026-01-01 05:38:43+00:00,0,IOMT-019,S-IOMT-019-351,RESEARCH,EP-IND-02345
BC-02346,2026-01-01 05:38:56+00:00,0,IOMT-008,S-IOMT-008-352,EHR_WRITE,EP-IND-02346
BC-02347,2026-01-01 05:39:17+00:00,0,IOMT-033,S-IOMT-033-353,EHR_READ,EP-IND-02347
BC-02348,2026-01-01 05:39:18+00:00,0,IOMT-039,S-IOMT-039-354,LAB_RESULTS,EP-IND-02348
BC-02349,2026-01-01 05:39:19+00:00,0,IOMT-030,S-IOMT-030-355,IMAGING,EP-IND-02349
BC-02350,2026-01-01 05:39:21+00:00,0,IOMT-004,S-IOMT-004-356,LAB_RESULTS,EP-IND-02350
BC-02351,2026-01-01 05:39:31+00:00,0,IOMT-025,S-IOMT-025-357,IMAGING,EP-IND-02351
BC-02352,2026-01-01 05:39:49+00:00,0,IOMT-024,S-IOMT-024-358,EHR_READ,EP-IND-02352
BC-02353,2026-01-01 05:39:56+00:00,0,IOMT-003,S-IOMT-003-359,RESEARCH,EP-IND-02353
BC-02354,2026-01-01 05:40:18+00:00,0,IOMT-000,S-IOMT-000-360,LAB_RESULTS,EP-IND-02354
BC-02355,2026-01-01 05:40:25+00:00,0,IOMT-022,S-IOMT-022-361,RESEARCH,EP-IND-02355
BC-02356,2026-01-01 05:40:28+00:00,0,IOMT-032,S-IOMT-032-362,IMAGING,EP-IND-02356
BC-02357,2026-01-01 05:40:38+00:00,0,IOMT-040,S-IOMT-040-363,EHR_READ,EP-IND-02357
BC-02358,2026-01-01 05:40:51+00:00,0,IOMT-010,S-IOMT-010-364,EHR_WRITE,EP-IND-02358
BC-02359,2026-01-01 05:41:07+00:00,0,IOMT-001,S-IOMT-001-365,EHR_READ,EP-IND-02359
BC-02360,2026-01-01 05:41:09+00:00,0,IOMT-031,S-IOMT-031-366,EHR_WRITE,EP-IND-02360
BC-02361,2026-01-01 05:41:16+00:00,0,IOMT-005,S-IOMT-005-367,RESEARCH,EP-IND-02361
BC-02362,2026-01-01 05:41:27+00:00,0,IOMT-011,S-IOMT-011-368,LAB_RESULTS,EP-IND-02362
BC-02363,2026-01-01 05:41:33+00:00,0,IOMT-041,S-IOMT-041-369,LAB_RESULTS,EP-IND-02363
BC-02364,2026-01-01 05:41:35+00:00,0,IOMT-033,S-IOMT-033-370,IMAGING,EP-IND-02364
BC-02365,2026-01-01 05:41:35+00:00,0,IOMT-001,S-IOMT-001-371,RESEARCH,EP-IND-02365
BC-02366,2026-01-01 05:41:46+00:00,1,IOMT-046,S-IOMT-046-372,LAB_RESULTS,EP-IND-02366
BC-02367,2026-01-01 05:42:49+00:00,0,IOMT-037,S-IOMT-037-373,IMAGING,EP-IND-02367
BC-02368,2026-01-01 05:42:51+00:00,0,IOMT-023,S-IOMT-023-374,RESEARCH,EP-IND-02368
BC-02369,2026-01-01 05:43:03+00:00,0,IOMT-041,S-IOMT-041-375,RESEARCH,EP-IND-02369
BC-02370,2026-01-01 05:43:10+00:00,0,IOMT-038,S-IOMT-038-376,EHR_WRITE,EP-IND-02370
BC-02371,2026-01-01 05:43:22+00:00,0,IOMT-020,S-IOMT-020-377,RESEARCH,EP-IND-02371
BC-02372,2026-01-01 05:43:40+00:00,0,IOMT-044,S-IOMT-044-378,RESEARCH,EP-IND-02372
BC-02373,2026-01-01 05:43:46+00:00,0,IOMT-010,S-IOMT-010-379,IMAGING,EP-IND-02373
BC-02374,2026-01-01 05:44:00+00:00,0,IOMT-047,S-IOMT-047-380,RESEARCH,EP-IND-02374
BC-02375,2026-01-01 05:44:02+00:00,0,IOMT-037,S-IOMT-037-381,EHR_WRITE,EP-IND-02375
BC-02376,2026-01-01 05:44:13+00:00,0,IOMT-012,S-IOMT-012-382,IMAGING,EP-IND-02376
BC-02377,2026-01-01 05:44:28+00:00,0,IOMT-035,S-IOMT-035-383,EHR_READ,EP-IND-02377
BC-02378,2026-01-01 05:44:29+00:00,0,IOMT-035,S-IOMT-035-384,EHR_READ,EP-IND-02378
BC-02379,2026-01-01 05:44:30+00:00,0,IOMT-015,S-IOMT-015-385,EHR_READ,EP-IND-02379
BC-02380,2026-01-01 05:44:44+00:00,0,IOMT-034,S-IOMT-034-386,RESEARCH,EP-IND-02380
BC-02381,2026-01-01 05:45:10+00:00,0,IOMT-012,S-IOMT-012-387,EHR_WRITE,EP-IND-02381
BC-02382,2026-01-01 05:45:18+00:00,0,IOMT-048,S-IOMT-048-388,RESEARCH,EP-IND-02382
BC-02383,2026-01-01 05:45:19+00:00,0,IOMT-027,S-IOMT-027-389,EHR_READ,EP-IND-02383
BC-02384,2026-01-01 05:45:27+00:00,0,IOMT-006,S-IOMT-006-390,IMAGING,EP-IND-02384
BC-02385,2026-01-01 05:45:40+00:00,0,IOMT-035,S-IOMT-035-391,IMAGING,EP-IND-02385
BC-02386,2026-01-01 05:45:51+00:00,0,IOMT-001,S-IOMT-001-392,EHR_WRITE,EP-IND-02386
BC-02387,2026-01-01 05:45:56+00:00,0,IOMT-024,S-IOMT-024-393,IMAGING,EP-IND-02387
BC-02388,2026-01-01 05:46:15+00:00,0,IOMT-000,S-IOMT-000-394,EHR_READ,EP-IND-02388
BC-02389,2026-01-01 05:46:27+00:00,0,IOMT-020,S-IOMT-020-395,IMAGING,EP-IND-02389
BC-02390,2026-01-01 05:46:33+00:00,0,IOMT-029,S-IOMT-029-396,EHR_READ,EP-IND-02390
BC-02391,2026-01-01 05:46:39+00:00,0,IOMT-021,S-IOMT-021-397,RESEARCH,EP-IND-02391
BC-02392,2026-01-01 05:46:43+00:00,0,IOMT-019,S-IOMT-019-398,RESEARCH,EP-IND-02392
BC-02393,2026-01-01 05:46:48+00:00,0,IOMT-008,S-IOMT-008-399,EHR_WRITE,EP-IND-02393
BC-02394,2026-01-01 05:46:55+00:00,0,IOMT-036,S-IOMT-036-400,EHR_READ,EP-IND-02394
BC-02395,2026-01-01 05:47:05+00:00,0,IOMT-007,S-IOMT-007-401,RESEARCH,EP-IND-02395
BC-02396,2026-01-01 05:47:13+00:00,0,IOMT-016,S-IOMT-016-402,IMAGING,EP-IND-02396
BC-02397,2026-01-01 05:47:26+00:00,0,IOMT-040,S-IOMT-040-403,RESEARCH,EP-IND-02397
BC-02398,2026-01-01 05:47:26+00:00,0,IOMT-049,S-IOMT-049-404,EHR_WRITE,EP-IND-02398
BC-02399,2026-01-01 05:47:27+00:00,0,IOMT-018,S-IOMT-018-405,EHR_READ,EP-IND-02399
BC-02400,2026-01-01 05:47:28+00:00,0,IOMT-006,S-IOMT-006-406,IMAGING,EP-IND-02400
BC-02401,2026-01-01 05:47:30+00:00,0,IOMT-030,S-IOMT-030-407,RESEARCH,EP-IND-02401
BC-02402,2026-01-01 05:47:31+00:00,0,IOMT-046,S-IOMT-046-408,RESEARCH,EP-IND-02402
BC-02403,2026-01-01 05:47:38+00:00,0,IOMT-027,S-IOMT-027-409,RESEARCH,EP-IND-02403
BC-02404,2026-01-01 05:47:40+00:00,0,IOMT-036,S-IOMT-036-410,RESEARCH,EP-IND-02404
BC-02405,2026-01-01 05:47:44+00:00,0,IOMT-023,S-IOMT-023-411,EHR_WRITE,EP-IND-02405
BC-02406,2026-01-01 05:47:47+00:00,0,IOMT-002,S-IOMT-002-412,EHR_WRITE,EP-IND-02406
BC-02407,2026-01-01 05:47:47+00:00,0,IOMT-049,S-IOMT-049-413,EHR_READ,EP-IND-02407
BC-02408,2026-01-01 05:47:48+00:00,0,IOMT-031,S-IOMT-031-414,RESEARCH,EP-IND-02408
BC-02409,2026-01-01 05:47:55+00:00,0,IOMT-006,S-IOMT-006-415,EHR_WRITE,EP-IND-02409
BC-02410,2026-01-01 05:48:13+00:00,0,IOMT-013,S-IOMT-013-416,RESEARCH,EP-IND-02410
BC-02411,2026-01-01 05:48:15+00:00,0,IOMT-039,S-IOMT-039-417,EHR_READ,EP-IND-02411
BC-02412,2026-01-01 05:48:19+00:00,0,IOMT-036,S-IOMT-036-418,LAB_RESULTS,EP-IND-02412
BC-02413,2026-01-01 05:48:25+00:00,0,IOMT-024,S-IOMT-024-419,EHR_WRITE,EP-IND-02413
BC-02414,2026-01-01 05:48:32+00:00,0,IOMT-040,S-IOMT-040-420,IMAGING,EP-IND-02414
BC-02415,2026-01-01 05:48:46+00:00,0,IOMT-038,S-IOMT-038-421,LAB_RESULTS,EP-IND-02415
BC-02416,2026-01-01 05:48:52+00:00,0,IOMT-012,S-IOMT-012-422,EHR_READ,EP-IND-02416
BC-02417,2026-01-01 05:48:53+00:00,0,IOMT-001,S-IOMT-001-423,RESEARCH,EP-IND-02417
BC-02418,2026-01-01 05:48:53+00:00,0,IOMT-023,S-IOMT-023-424,EHR_WRITE,EP-IND-02418
BC-02419,2026-01-01 05:49:15+00:00,0,IOMT-036,S-IOMT-036-425,RESEARCH,EP-IND-02419
BC-02420,2026-01-01 05:49:25+00:00,0,IOMT-049,S-IOMT-049-426,EHR_WRITE,EP-IND-02420
BC-02421,2026-01-01 05:49:30+00:00,0,IOMT-014,S-IOMT-014-427,IMAGING,EP-IND-02421
BC-02422,2026-01-01 05:49:39+00:00,0,IOMT-003,S-IOMT-003-428,RESEARCH,EP-IND-02422
BC-02423,2026-01-01 05:50:14+00:00,0,IOMT-004,S-IOMT-004-429,LAB_RESULTS,EP-IND-02423
BC-02424,2026-01-01 05:50:28+00:00,0,IOMT-012,S-IOMT-012-430,LAB_RESULTS,EP-IND-02424
BC-02425,2026-01-01 05:50:37+00:00,0,IOMT-034,S-IOMT-034-431,RESEARCH,EP-IND-02425
BC-02426,2026-01-01 05:50:41+00:00,0,IOMT-001,S-IOMT-001-432,EHR_READ,EP-IND-02426
BC-02427,2026-01-01 05:50:43+00:00,0,IOMT-042,S-IOMT-042-433,IMAGING,EP-IND-02427
BC-02428,2026-01-01 05:51:06+00:00,0,IOMT-005,S-IOMT-005-434,RESEARCH,EP-IND-02428
BC-02429,2026-01-01 05:51:10+00:00,0,IOMT-044,S-IOMT-044-435,EHR_WRITE,EP-IND-02429
BC-02430,2026-01-01 05:51:11+00:00,0,IOMT-048,S-IOMT-048-436,LAB_RESULTS,EP-IND-02430
BC-02431,2026-01-01 05:51:13+00:00,0,IOMT-030,S-IOMT-030-437,LAB_RESULTS,EP-IND-02431
BC-02432,2026-01-01 05:51:25+00:00,0,IOMT-040,S-IOMT-040-438,LAB_RESULTS,EP-IND-02432
BC-02433,2026-01-01 05:51:27+00:00,0,IOMT-046,S-IOMT-046-439,RESEARCH,EP-IND-02433
BC-02434,2026-01-01 05:51:38+00:00,0,IOMT-029,S-IOMT-029-440,EHR_READ,EP-IND-02434
BC-02435,2026-01-01 05:52:20+00:00,0,IOMT-023,S-IOMT-023-441,IMAGING,EP-IND-02435
BC-02436,2026-01-01 05:52:23+00:00,0,IOMT-022,S-IOMT-022-442,IMAGING,EP-IND-02436
BC-02437,2026-01-01 05:52:28+00:00,0,IOMT-030,S-IOMT-030-443,IMAGING,EP-IND-02437
BC-02438,2026-01-01 05:52:46+00:00,0,IOMT-043,S-IOMT-043-444,RESEARCH,EP-IND-02438
BC-02439,2026-01-01 05:52:49+00:00,1,IOMT-026,S-IOMT-026-445,RESEARCH,EP-IND-02439
BC-02440,2026-01-01 05:52:51+00:00,0,IOMT-013,S-IOMT-013-446,LAB_RESULTS,EP-IND-02440
BC-02441,2026-01-01 05:52:55+00:00,0,IOMT-016,S-IOMT-016-447,IMAGING,EP-IND-02441
BC-02442,2026-01-01 05:53:05+00:00,0,IOMT-037,S-IOMT-037-448,EHR_READ,EP-IND-02442
BC-02443,2026-01-01 05:53:05+00:00,0,IOMT-044,S-IOMT-044-449,EHR_WRITE,EP-IND-02443
BC-02444,2026-01-01 05:53:13+00:00,0,IOMT-010,S-IOMT-010-450,RESEARCH,EP-IND-02444
BC-02445,2026-01-01 05:53:29+00:00,0,IOMT-027,S-IOMT-027-451,IMAGING,EP-IND-02445
BC-02446,2026-01-01 05:53:32+00:00,0,IOMT-040,S-IOMT-040-452,EHR_READ,EP-IND-02446
BC-02447,2026-01-01 05:53:37+00:00,0,IOMT-048,S-IOMT-048-453,LAB_RESULTS,EP-IND-02447
BC-02448,2026-01-01 05:53:38+00:00,0,IOMT-000,S-IOMT-000-454,RESEARCH,EP-IND-02448
BC-02449,2026-01-01 05:53:43+00:00,0,IOMT-022,S-IOMT-022-455,LAB_RESULTS,EP-IND-02449
BC-02450,2026-01-01 05:54:22+00:00,0,IOMT-012,S-IOMT-012-456,LAB_RESULTS,EP-IND-02450
BC-02451,2026-01-01 05:54:22+00:00,0,IOMT-014,S-IOMT-014-457,LAB_RESULTS,EP-IND-02451
BC-02452,2026-01-01 05:54:32+00:00,1,IOMT-031,S-IOMT-031-458,IMAGING,EP-IND-02452
BC-02453,2026-01-01 05:54:35+00:00,0,IOMT-027,S-IOMT-027-459,EHR_READ,EP-IND-02453
BC-02454,2026-01-01 05:54:39+00:00,0,IOMT-040,S-IOMT-040-460,IMAGING,EP-IND-02454
BC-02455,2026-01-01 05:54:40+00:00,0,IOMT-046,S-IOMT-046-461,IMAGING,EP-IND-02455
BC-02456,2026-01-01 05:54:53+00:00,0,IOMT-000,S-IOMT-000-462,RESEARCH,EP-IND-02456
BC-02457,2026-01-01 05:54:57+00:00,0,IOMT-011,S-IOMT-011-463,EHR_READ,EP-IND-02457
BC-02458,2026-01-01 05:55:17+00:00,0,IOMT-046,S-IOMT-046-464,LAB_RESULTS,EP-IND-02458
BC-02459,2026-01-01 05:55:42+00:00,0,IOMT-025,S-IOMT-025-465,EHR_WRITE,EP-IND-02459
BC-02460,2026-01-01 05:56:00+00:00,0,IOMT-045,S-IOMT-045-466,EHR_READ,EP-IND-02460
BC-02461,2026-01-01 05:56:05+00:00,0,IOMT-014,S-IOMT-014-467,LAB_RESULTS,EP-IND-02461
BC-02462,2026-01-01 05:56:21+00:00,0,IOMT-003,S-IOMT-003-468,IMAGING,EP-IND-02462
BC-02463,2026-01-01 05:56:23+00:00,0,IOMT-017,S-IOMT-017-469,RESEARCH,EP-IND-02463
BC-02464,2026-01-01 05:56:24+00:00,1,IOMT-047,S-IOMT-047-470,EHR_READ,EP-IND-02464
BC-02465,2026-01-01 05:57:15+00:00,0,IOMT-034,S-IOMT-034-471,LAB_RESULTS,EP-IND-02465
BC-02466,2026-01-01 05:57:19+00:00,0,IOMT-010,S-IOMT-010-472,LAB_RESULTS,EP-IND-02466
BC-02467,2026-01-01 05:57:34+00:00,0,IOMT-042,S-IOMT-042-473,IMAGING,EP-IND-02467
BC-02468,2026-01-01 05:57:45+00:00,0,IOMT-010,S-IOMT-010-474,LAB_RESULTS,EP-IND-02468
BC-02469,2026-01-01 05:57:53+00:00,0,IOMT-002,S-IOMT-002-475,EHR_WRITE,EP-IND-02469
BC-02470,2026-01-01 05:57:55+00:00,0,IOMT-035,S-IOMT-035-476,EHR_READ,EP-IND-02470
BC-02471,2026-01-01 05:57:56+00:00,0,IOMT-004,S-IOMT-004-477,LAB_RESULTS,EP-IND-02471
BC-02472,2026-01-01 05:57:59+00:00,0,IOMT-001,S-IOMT-001-478,RESEARCH,EP-IND-02472
BC-02473,2026-01-01 05:58:00+00:00,0,IOMT-016,S-IOMT-016-479,IMAGING,EP-IND-02473
BC-02474,2026-01-01 05:58:34+00:00,0,IOMT-040,S-IOMT-040-480,IMAGING,EP-IND-02474
BC-02475,2026-01-01 05:58:44+00:00,0,IOMT-046,S-IOMT-046-481,EHR_WRITE,EP-IND-02475
BC-02476,2026-01-01 05:58:47+00:00,0,IOMT-048,S-IOMT-048-482,IMAGING,EP-IND-02476
BC-02477,2026-01-01 05:58:56+00:00,0,IOMT-034,S-IOMT-034-483,IMAGING,EP-IND-02477
BC-02478,2026-01-01 05:59:13+00:00,0,IOMT-031,S-IOMT-031-484,EHR_READ,EP-IND-02478
BC-02479,2026-01-01 05:59:25+00:00,0,IOMT-042,S-IOMT-042-485,RESEARCH,EP-IND-02479
BC-02480,2026-01-01 05:59:36+00:00,0,IOMT-010,S-IOMT-010-486,RESEARCH,EP-IND-02480
BC-02481,2026-01-01 05:59:38+00:00,0,IOMT-044,S-IOMT-044-487,EHR_READ,EP-IND-02481
BC-02482,2026-01-01 05:59:47+00:00,0,IOMT-032,S-IOMT-032-488,EHR_READ,EP-IND-02482
BC-02483,2026-01-01 05:59:56+00:00,0,IOMT-036,S-IOMT-036-489,RESEARCH,EP-IND-02483
BC-02484,2026-01-01 06:00:00+00:00,0,IOMT-049,S-IOMT-049-490,IMAGING,EP-IND-02484
BC-02485,2026-01-01 06:00:23+00:00,0,IOMT-031,S-IOMT-031-491,LAB_RESULTS,EP-IND-02485
BC-02486,2026-01-01 06:00:23+00:00,0,IOMT-001,S-IOMT-001-492,EHR_WRITE,EP-IND-02486
BC-02487,2026-01-01 06:00:49+00:00,0,IOMT-041,S-IOMT-041-493,IMAGING,EP-IND-02487
BC-02488,2026-01-01 06:01:01+00:00,0,IOMT-012,S-IOMT-012-494,EHR_READ,EP-IND-02488
BC-02489,2026-01-01 06:01:06+00:00,0,IOMT-016,S-IOMT-016-495,IMAGING,EP-IND-02489
BC-02490,2026-01-01 06:01:09+00:00,0,IOMT-048,S-IOMT-048-496,LAB_RESULTS,EP-IND-02490
BC-02491,2026-01-01 06:01:10+00:00,0,IOMT-027,S-IOMT-027-497,IMAGING,EP-IND-02491
BC-02492,2026-01-01 06:01:11+00:00,0,IOMT-031,S-IOMT-031-498,LAB_RESULTS,EP-IND-02492
BC-02493,2026-01-01 06:01:16+00:00,0,IOMT-041,S-IOMT-041-499,LAB_RESULTS,EP-IND-02493
BC-02494,2026-01-01 06:01:56+00:00,0,IOMT-009,S-IOMT-009-500,EHR_WRITE,EP-IND-02494
BC-02495,2026-01-01 06:02:01+00:00,0,IOMT-015,S-IOMT-015-501,IMAGING,EP-IND-02495
BC-02496,2026-01-01 06:02:04+00:00,0,IOMT-000,S-IOMT-000-502,IMAGING,EP-IND-02496
BC-02497,2026-01-01 06:02:08+00:00,0,IOMT-009,S-IOMT-009-503,LAB_RESULTS,EP-IND-02497
BC-02498,2026-01-01 06:02:18+00:00,0,IOMT-049,S-IOMT-049-504,RESEARCH,EP-IND-02498
BC-02499,2026-01-01 06:02:37+00:00,0,IOMT-032,S-IOMT-032-505,IMAGING,EP-IND-02499
BC-02500,2026-01-01 06:02:46+00:00,0,IOMT-023,S-IOMT-023-506,EHR_READ,EP-IND-02500
BC-02501,2026-01-01 06:03:01+00:00,0,IOMT-017,S-IOMT-017-507,EHR_WRITE,EP-IND-02501
BC-02502,2026-01-01 06:03:20+00:00,0,IOMT-005,S-IOMT-005-508,EHR_WRITE,EP-IND-02502
BC-02503,2026-01-01 06:03:31+00:00,0,IOMT-040,S-IOMT-040-509,EHR_WRITE,EP-IND-02503
BC-02504,2026-01-01 06:03:41+00:00,0,IOMT-009,S-IOMT-009-510,LAB_RESULTS,EP-IND-02504
BC-02505,2026-01-01 06:03:46+00:00,0,IOMT-004,S-IOMT-004-511,IMAGING,EP-IND-02505
BC-02506,2026-01-01 06:03:50+00:00,0,IOMT-000,S-IOMT-000-512,EHR_READ,EP-IND-02506
BC-02507,2026-01-01 06:03:50+00:00,0,IOMT-028,S-IOMT-028-513,IMAGING,EP-IND-02507
BC-02508,2026-01-01 06:04:10+00:00,0,IOMT-026,S-IOMT-026-514,IMAGING,EP-IND-02508
BC-02509,2026-01-01 06:04:16+00:00,0,IOMT-019,S-IOMT-019-515,EHR_READ,EP-IND-02509
BC-02510,2026-01-01 06:04:17+00:00,0,IOMT-045,S-IOMT-045-516,RESEARCH,EP-IND-02510
BC-02511,2026-01-01 06:04:26+00:00,0,IOMT-043,S-IOMT-043-517,EHR_READ,EP-IND-02511
BC-02512,2026-01-01 06:04:32+00:00,0,IOMT-037,S-IOMT-037-518,LAB_RESULTS,EP-IND-02512
BC-02513,2026-01-01 06:04:32+00:00,0,IOMT-026,S-IOMT-026-519,EHR_WRITE,EP-IND-02513
BC-02514,2026-01-01 06:04:33+00:00,0,IOMT-000,S-IOMT-000-520,EHR_READ,EP-IND-02514
BC-02515,2026-01-01 06:04:38+00:00,0,IOMT-020,S-IOMT-020-521,LAB_RESULTS,EP-IND-02515
BC-02516,2026-01-01 06:04:42+00:00,0,IOMT-035,S-IOMT-035-522,RESEARCH,EP-IND-02516
BC-02517,2026-01-01 06:05:06+00:00,0,IOMT-029,S-IOMT-029-523,RESEARCH,EP-IND-02517
BC-02518,2026-01-01 06:05:13+00:00,0,IOMT-035,S-IOMT-035-524,IMAGING,EP-IND-02518
BC-02519,2026-01-01 06:05:17+00:00,0,IOMT-024,S-IOMT-024-525,IMAGING,EP-IND-02519
BC-02520,2026-01-01 06:05:45+00:00,0,IOMT-008,S-IOMT-008-526,RESEARCH,EP-IND-02520
BC-02521,2026-01-01 06:05:52+00:00,0,IOMT-039,S-IOMT-039-527,EHR_READ,EP-IND-02521
BC-02522,2026-01-01 06:05:54+00:00,0,IOMT-038,S-IOMT-038-528,LAB_RESULTS,EP-IND-02522
BC-02523,2026-01-01 06:05:58+00:00,0,IOMT-032,S-IOMT-032-529,EHR_WRITE,EP-IND-02523
BC-02524,2026-01-01 06:05:59+00:00,0,IOMT-032,S-IOMT-032-530,RESEARCH,EP-IND-02524
BC-02525,2026-01-01 06:06:00+00:00,0,IOMT-003,S-IOMT-003-531,IMAGING,EP-IND-02525
BC-02526,2026-01-01 06:06:03+00:00,0,IOMT-007,S-IOMT-007-532,LAB_RESULTS,EP-IND-02526
BC-02527,2026-01-01 06:06:14+00:00,0,IOMT-016,S-IOMT-016-533,EHR_WRITE,EP-IND-02527
BC-02528,2026-01-01 06:06:15+00:00,0,IOMT-027,S-IOMT-027-534,IMAGING,EP-IND-02528
BC-02529,2026-01-01 06:06:23+00:00,0,IOMT-036,S-IOMT-036-535,LAB_RESULTS,EP-IND-02529
BC-02530,2026-01-01 06:06:32+00:00,0,IOMT-028,S-IOMT-028-536,LAB_RESULTS,EP-IND-02530
BC-02531,2026-01-01 06:06:33+00:00,0,IOMT-035,S-IOMT-035-537,EHR_READ,EP-IND-02531
BC-02532,2026-01-01 06:06:38+00:00,0,IOMT-024,S-IOMT-024-538,EHR_READ,EP-IND-02532
BC-02533,2026-01-01 06:06:40+00:00,0,IOMT-037,S-IOMT-037-539,EHR_READ,EP-IND-02533
BC-02534,2026-01-01 06:06:47+00:00,0,IOMT-016,S-IOMT-016-540,LAB_RESULTS,EP-IND-02534
BC-02535,2026-01-01 06:06:50+00:00,0,IOMT-041,S-IOMT-041-541,RESEARCH,EP-IND-02535
BC-02536,2026-01-01 06:06:54+00:00,0,IOMT-045,S-IOMT-045-542,LAB_RESULTS,EP-IND-02536
BC-02537,2026-01-01 06:07:02+00:00,0,IOMT-025,S-IOMT-025-543,IMAGING,EP-IND-02537
BC-02538,2026-01-01 06:07:12+00:00,0,IOMT-042,S-IOMT-042-544,IMAGING,EP-IND-02538
BC-02539,2026-01-01 06:07:17+00:00,0,IOMT-030,S-IOMT-030-545,IMAGING,EP-IND-02539
BC-02540,2026-01-01 06:07:35+00:00,0,IOMT-039,S-IOMT-039-546,LAB_RESULTS,EP-IND-02540
BC-02541,2026-01-01 06:07:42+00:00,0,IOMT-033,S-IOMT-033-547,EHR_READ,EP-IND-02541
BC-02542,2026-01-01 06:08:13+00:00,0,IOMT-032,S-IOMT-032-548,EHR_WRITE,EP-IND-02542
BC-02543,2026-01-01 06:08:19+00:00,0,IOMT-048,S-IOMT-048-549,RESEARCH,EP-IND-02543
BC-02544,2026-01-01 06:08:30+00:00,0,IOMT-021,S-IOMT-021-550,LAB_RESULTS,EP-IND-02544
BC-02545,2026-01-01 06:08:36+00:00,0,IOMT-013,S-IOMT-013-551,IMAGING,EP-IND-02545
BC-02546,2026-01-01 06:08:38+00:00,0,IOMT-013,S-IOMT-013-552,EHR_WRITE,EP-IND-02546
BC-02547,2026-01-01 06:08:39+00:00,0,IOMT-006,S-IOMT-006-553,EHR_READ,EP-IND-02547
BC-02548,2026-01-01 06:08:50+00:00,0,IOMT-019,S-IOMT-019-554,LAB_RESULTS,EP-IND-02548
BC-02549,2026-01-01 06:08:56+00:00,0,IOMT-003,S-IOMT-003-555,LAB_RESULTS,EP-IND-02549
BC-02550,2026-01-01 06:09:09+00:00,0,IOMT-036,S-IOMT-036-556,RESEARCH,EP-IND-02550
BC-02551,2026-01-01 06:09:13+00:00,0,IOMT-016,S-IOMT-016-557,LAB_RESULTS,EP-IND-02551
BC-02552,2026-01-01 06:09:21+00:00,0,IOMT-036,S-IOMT-036-558,EHR_READ,EP-IND-02552
BC-02553,2026-01-01 06:09:24+00:00,0,IOMT-035,S-IOMT-035-559,EHR_READ,EP-IND-02553
BC-02554,2026-01-01 06:09:26+00:00,0,IOMT-036,S-IOMT-036-560,IMAGING,EP-IND-02554
BC-02555,2026-01-01 06:09:27+00:00,0,IOMT-001,S-IOMT-001-561,IMAGING,EP-IND-02555
BC-02556,2026-01-01 06:09:45+00:00,0,IOMT-037,S-IOMT-037-562,RESEARCH,EP-IND-02556
BC-02557,2026-01-01 06:09:46+00:00,0,IOMT-012,S-IOMT-012-563,EHR_WRITE,EP-IND-02557
BC-02558,2026-01-01 06:09:49+00:00,0,IOMT-020,S-IOMT-020-564,EHR_READ,EP-IND-02558
BC-02559,2026-01-01 06:10:01+00:00,0,IOMT-040,S-IOMT-040-565,EHR_READ,EP-IND-02559
BC-02560,2026-01-01 06:10:04+00:00,0,IOMT-027,S-IOMT-027-566,EHR_READ,EP-IND-02560
BC-02561,2026-01-01 06:10:15+00:00,0,IOMT-045,S-IOMT-045-567,LAB_RESULTS,EP-IND-02561
BC-02562,2026-01-01 06:10:39+00:00,0,IOMT-013,S-IOMT-013-568,EHR_READ,EP-IND-02562
BC-02563,2026-01-01 06:10:48+00:00,0,IOMT-048,S-IOMT-048-569,IMAGING,EP-IND-02563
BC-02564,2026-01-01 06:10:58+00:00,0,IOMT-004,S-IOMT-004-570,EHR_WRITE,EP-IND-02564
BC-02565,2026-01-01 06:11:10+00:00,0,IOMT-018,S-IOMT-018-571,IMAGING,EP-IND-02565
BC-02566,2026-01-01 06:11:14+00:00,0,IOMT-024,S-IOMT-024-572,LAB_RESULTS,EP-IND-02566
BC-02567,2026-01-01 06:11:23+00:00,0,IOMT-049,S-IOMT-049-573,EHR_WRITE,EP-IND-02567
BC-02568,2026-01-01 06:11:32+00:00,0,IOMT-006,S-IOMT-006-574,EHR_READ,EP-IND-02568
BC-02569,2026-01-01 06:11:41+00:00,0,IOMT-003,S-IOMT-003-575,EHR_WRITE,EP-IND-02569
BC-02570,2026-01-01 06:11:45+00:00,0,IOMT-020,S-IOMT-020-576,RESEARCH,EP-IND-02570
BC-02571,2026-01-01 06:11:47+00:00,0,IOMT-015,S-IOMT-015-577,RESEARCH,EP-IND-02571
BC-02572,2026-01-01 06:11:51+00:00,0,IOMT-038,S-IOMT-038-578,EHR_WRITE,EP-IND-02572
BC-02573,2026-01-01 06:11:58+00:00,0,IOMT-042,S-IOMT-042-579,LAB_RESULTS,EP-IND-02573
BC-02574,2026-01-01 06:12:15+00:00,0,IOMT-009,S-IOMT-009-580,IMAGING,EP-IND-02574
BC-02575,2026-01-01 06:12:47+00:00,0,IOMT-039,S-IOMT-039-581,RESEARCH,EP-IND-02575
BC-02576,2026-01-01 06:12:47+00:00,0,IOMT-011,S-IOMT-011-582,EHR_READ,EP-IND-02576
BC-02577,2026-01-01 06:13:07+00:00,0,IOMT-013,S-IOMT-013-583,EHR_READ,EP-IND-02577
BC-02578,2026-01-01 06:13:15+00:00,0,IOMT-043,S-IOMT-043-584,EHR_WRITE,EP-IND-02578
BC-02579,2026-01-01 06:13:20+00:00,0,IOMT-049,S-IOMT-049-585,LAB_RESULTS,EP-IND-02579
BC-02580,2026-01-01 06:13:41+00:00,0,IOMT-026,S-IOMT-026-586,LAB_RESULTS,EP-IND-02580
BC-02581,2026-01-01 06:14:00+00:00,0,IOMT-047,S-IOMT-047-587,RESEARCH,EP-IND-02581
BC-02582,2026-01-01 06:14:03+00:00,0,IOMT-048,S-IOMT-048-588,EHR_READ,EP-IND-02582
BC-02583,2026-01-01 06:14:23+00:00,0,IOMT-038,S-IOMT-038-589,EHR_READ,EP-IND-02583
BC-02584,2026-01-01 06:14:51+00:00,0,IOMT-028,S-IOMT-028-590,IMAGING,EP-IND-02584
BC-02585,2026-01-01 06:14:52+00:00,0,IOMT-034,S-IOMT-034-591,EHR_READ,EP-IND-02585
BC-02586,2026-01-01 06:15:20+00:00,0,IOMT-019,S-IOMT-019-592,EHR_READ,EP-IND-02586
BC-02587,2026-01-01 06:15:23+00:00,0,IOMT-043,S-IOMT-043-593,RESEARCH,EP-IND-02587
BC-02588,2026-01-01 06:15:24+00:00,0,IOMT-011,S-IOMT-011-594,LAB_RESULTS,EP-IND-02588
BC-02589,2026-01-01 06:15:25+00:00,0,IOMT-033,S-IOMT-033-595,RESEARCH,EP-IND-02589
BC-02590,2026-01-01 06:15:52+00:00,0,IOMT-030,S-IOMT-030-596,IMAGING,EP-IND-02590
BC-02591,2026-01-01 06:15:57+00:00,0,IOMT-036,S-IOMT-036-597,EHR_WRITE,EP-IND-02591
BC-02592,2026-01-01 06:16:01+00:00,0,IOMT-037,S-IOMT-037-598,RESEARCH,EP-IND-02592
BC-02593,2026-01-01 06:16:24+00:00,0,IOMT-028,S-IOMT-028-599,LAB_RESULTS,EP-IND-02593
BC-02594,2026-01-01 06:16:39+00:00,0,IOMT-003,S-IOMT-003-600,EHR_READ,EP-IND-02594
BC-02595,2026-01-01 06:16:42+00:00,0,IOMT-033,S-IOMT-033-601,LAB_RESULTS,EP-IND-02595
BC-02596,2026-01-01 06:16:42+00:00,0,IOMT-015,S-IOMT-015-602,EHR_READ,EP-IND-02596
BC-02597,2026-01-01 06:16:46+00:00,0,IOMT-014,S-IOMT-014-603,RESEARCH,EP-IND-02597
BC-02598,2026-01-01 06:16:53+00:00,0,IOMT-039,S-IOMT-039-604,LAB_RESULTS,EP-IND-02598
BC-02599,2026-01-01 06:16:57+00:00,0,IOMT-035,S-IOMT-035-605,RESEARCH,EP-IND-02599
BC-02600,2026-01-01 06:17:09+00:00,0,IOMT-022,S-IOMT-022-606,RESEARCH,EP-IND-02600
BC-02601,2026-01-01 06:17:20+00:00,0,IOMT-027,S-IOMT-027-607,EHR_READ,EP-IND-02601
BC-02602,2026-01-01 06:17:47+00:00,0,IOMT-023,S-IOMT-023-608,IMAGING,EP-IND-02602
BC-02603,2026-01-01 06:17:50+00:00,0,IOMT-005,S-IOMT-005-609,EHR_WRITE,EP-IND-02603
BC-02604,2026-01-01 06:18:09+00:00,0,IOMT-020,S-IOMT-020-610,IMAGING,EP-IND-02604
BC-02605,2026-01-01 06:18:14+00:00,0,IOMT-031,S-IOMT-031-611,LAB_RESULTS,EP-IND-02605
BC-02606,2026-01-01 06:18:35+00:00,0,IOMT-042,S-IOMT-042-612,EHR_WRITE,EP-IND-02606
BC-02607,2026-01-01 06:18:36+00:00,1,IOMT-002,S-IOMT-002-613,IMAGING,EP-IND-02607
BC-02608,2026-01-01 06:19:08+00:00,0,IOMT-001,S-IOMT-001-614,IMAGING,EP-IND-02608
BC-02609,2026-01-01 06:19:17+00:00,1,IOMT-025,S-IOMT-025-615,IMAGING,EP-IND-02609
BC-02610,2026-01-01 06:19:25+00:00,0,IOMT-023,S-IOMT-023-616,IMAGING,EP-IND-02610
BC-02611,2026-01-01 06:19:26+00:00,0,IOMT-023,S-IOMT-023-617,LAB_RESULTS,EP-IND-02611
BC-02612,2026-01-01 06:19:38+00:00,0,IOMT-012,S-IOMT-012-618,IMAGING,EP-IND-02612
BC-02613,2026-01-01 06:19:51+00:00,0,IOMT-014,S-IOMT-014-619,LAB_RESULTS,EP-IND-02613
BC-02614,2026-01-01 06:20:06+00:00,0,IOMT-039,S-IOMT-039-620,LAB_RESULTS,EP-IND-02614
BC-02615,2026-01-01 06:20:12+00:00,0,IOMT-011,S-IOMT-011-621,IMAGING,EP-IND-02615
BC-02616,2026-01-01 06:20:13+00:00,1,IOMT-049,S-IOMT-049-622,LAB_RESULTS,EP-IND-02616
BC-02617,2026-01-01 06:20:27+00:00,0,IOMT-038,S-IOMT-038-623,RESEARCH,EP-IND-02617
BC-02618,2026-01-01 06:20:31+00:00,0,IOMT-039,S-IOMT-039-624,IMAGING,EP-IND-02618
BC-02619,2026-01-01 06:20:31+00:00,0,IOMT-040,S-IOMT-040-625,RESEARCH,EP-IND-02619
BC-02620,2026-01-01 06:20:35+00:00,0,IOMT-047,S-IOMT-047-626,RESEARCH,EP-IND-02620
BC-02621,2026-01-01 06:20:49+00:00,0,IOMT-002,S-IOMT-002-627,IMAGING,EP-IND-02621
BC-02622,2026-01-01 06:20:49+00:00,0,IOMT-031,S-IOMT-031-628,EHR_READ,EP-IND-02622
BC-02623,2026-01-01 06:20:52+00:00,0,IOMT-016,S-IOMT-016-629,IMAGING,EP-IND-02623
BC-02624,2026-01-01 06:20:53+00:00,0,IOMT-022,S-IOMT-022-630,IMAGING,EP-IND-02624
BC-02625,2026-01-01 06:20:54+00:00,0,IOMT-024,S-IOMT-024-631,EHR_WRITE,EP-IND-02625
BC-02626,2026-01-01 06:20:57+00:00,0,IOMT-004,S-IOMT-004-632,RESEARCH,EP-IND-02626
BC-02627,2026-01-01 06:21:15+00:00,0,IOMT-048,S-IOMT-048-633,EHR_READ,EP-IND-02627
BC-02628,2026-01-01 06:21:18+00:00,0,IOMT-046,S-IOMT-046-634,EHR_READ,EP-IND-02628
BC-02629,2026-01-01 06:21:30+00:00,0,IOMT-026,S-IOMT-026-635,RESEARCH,EP-IND-02629
BC-02630,2026-01-01 06:21:33+00:00,0,IOMT-001,S-IOMT-001-636,LAB_RESULTS,EP-IND-02630
BC-02631,2026-01-01 06:21:36+00:00,0,IOMT-016,S-IOMT-016-637,EHR_WRITE,EP-IND-02631
BC-02632,2026-01-01 06:21:48+00:00,0,IOMT-016,S-IOMT-016-638,IMAGING,EP-IND-02632
BC-02633,2026-01-01 06:21:48+00:00,0,IOMT-000,S-IOMT-000-639,IMAGING,EP-IND-02633
BC-02634,2026-01-01 06:22:02+00:00,0,IOMT-027,S-IOMT-027-640,EHR_READ,EP-IND-02634
BC-02635,2026-01-01 06:22:13+00:00,0,IOMT-010,S-IOMT-010-641,IMAGING,EP-IND-02635
BC-02636,2026-01-01 06:22:18+00:00,0,IOMT-034,S-IOMT-034-642,EHR_WRITE,EP-IND-02636
BC-02637,2026-01-01 06:22:22+00:00,0,IOMT-014,S-IOMT-014-643,EHR_READ,EP-IND-02637
BC-02638,2026-01-01 06:22:28+00:00,0,IOMT-014,S-IOMT-014-644,IMAGING,EP-IND-02638
BC-02639,2026-01-01 06:22:30+00:00,0,IOMT-041,S-IOMT-041-645,IMAGING,EP-IND-02639
BC-02640,2026-01-01 06:22:48+00:00,0,IOMT-043,S-IOMT-043-646,RESEARCH,EP-IND-02640
BC-02641,2026-01-01 06:22:51+00:00,0,IOMT-044,S-IOMT-044-647,IMAGING,EP-IND-02641
BC-02642,2026-01-01 06:22:58+00:00,0,IOMT-048,S-IOMT-048-648,RESEARCH,EP-IND-02642
BC-02643,2026-01-01 06:23:01+00:00,0,IOMT-037,S-IOMT-037-649,LAB_RESULTS,EP-IND-02643
BC-02644,2026-01-01 06:23:02+00:00,0,IOMT-038,S-IOMT-038-650,LAB_RESULTS,EP-IND-02644
BC-02645,2026-01-01 06:23:03+00:00,0,IOMT-020,S-IOMT-020-651,EHR_WRITE,EP-IND-02645
BC-02646,2026-01-01 06:23:06+00:00,0,IOMT-023,S-IOMT-023-652,LAB_RESULTS,EP-IND-02646
BC-02647,2026-01-01 06:23:06+00:00,0,IOMT-031,S-IOMT-031-653,LAB_RESULTS,EP-IND-02647
BC-02648,2026-01-01 06:23:25+00:00,0,IOMT-011,S-IOMT-011-654,EHR_WRITE,EP-IND-02648
BC-02649,2026-01-01 06:23:29+00:00,0,IOMT-015,S-IOMT-015-655,EHR_WRITE,EP-IND-02649
BC-02650,2026-01-01 06:23:32+00:00,0,IOMT-042,S-IOMT-042-656,EHR_WRITE,EP-IND-02650
BC-02651,2026-01-01 06:23:51+00:00,1,IOMT-012,S-IOMT-012-657,RESEARCH,EP-IND-02651
BC-02652,2026-01-01 06:23:55+00:00,0,IOMT-038,S-IOMT-038-658,RESEARCH,EP-IND-02652
BC-02653,2026-01-01 06:23:55+00:00,0,IOMT-036,S-IOMT-036-659,LAB_RESULTS,EP-IND-02653
BC-02654,2026-01-01 06:24:03+00:00,0,IOMT-040,S-IOMT-040-660,EHR_WRITE,EP-IND-02654
BC-02655,2026-01-01 06:24:13+00:00,0,IOMT-045,S-IOMT-045-661,RESEARCH,EP-IND-02655
BC-02656,2026-01-01 06:24:40+00:00,0,IOMT-033,S-IOMT-033-662,EHR_READ,EP-IND-02656
BC-02657,2026-01-01 06:24:46+00:00,0,IOMT-039,S-IOMT-039-663,EHR_WRITE,EP-IND-02657
BC-02658,2026-01-01 06:24:47+00:00,0,IOMT-039,S-IOMT-039-664,IMAGING,EP-IND-02658
BC-02659,2026-01-01 06:24:52+00:00,1,IOMT-012,S-IOMT-012-665,IMAGING,EP-IND-02659
BC-02660,2026-01-01 06:24:56+00:00,0,IOMT-046,S-IOMT-046-666,EHR_READ,EP-IND-02660
BC-02661,2026-01-01 06:25:04+00:00,0,IOMT-009,S-IOMT-009-667,IMAGING,EP-IND-02661
BC-02662,2026-01-01 06:25:06+00:00,0,IOMT-046,S-IOMT-046-668,EHR_WRITE,EP-IND-02662
BC-02663,2026-01-01 06:25:15+00:00,0,IOMT-048,S-IOMT-048-669,IMAGING,EP-IND-02663
BC-02664,2026-01-01 06:25:32+00:00,0,IOMT-045,S-IOMT-045-670,LAB_RESULTS,EP-IND-02664
BC-02665,2026-01-01 06:25:36+00:00,0,IOMT-002,S-IOMT-002-671,IMAGING,EP-IND-02665
BC-02666,2026-01-01 06:25:45+00:00,0,IOMT-009,S-IOMT-009-672,IMAGING,EP-IND-02666
BC-02667,2026-01-01 06:25:53+00:00,0,IOMT-036,S-IOMT-036-673,IMAGING,EP-IND-02667
BC-02668,2026-01-01 06:25:55+00:00,0,IOMT-010,S-IOMT-010-674,IMAGING,EP-IND-02668
BC-02669,2026-01-01 06:26:01+00:00,0,IOMT-036,S-IOMT-036-675,EHR_READ,EP-IND-02669
BC-02670,2026-01-01 06:26:07+00:00,0,IOMT-044,S-IOMT-044-676,IMAGING,EP-IND-02670
BC-02671,2026-01-01 06:26:07+00:00,0,IOMT-012,S-IOMT-012-677,LAB_RESULTS,EP-IND-02671
BC-02672,2026-01-01 06:26:09+00:00,0,IOMT-004,S-IOMT-004-678,EHR_WRITE,EP-IND-02672
BC-02673,2026-01-01 06:26:10+00:00,0,IOMT-008,S-IOMT-008-679,EHR_WRITE,EP-IND-02673
BC-02674,2026-01-01 06:26:18+00:00,0,IOMT-042,S-IOMT-042-680,EHR_WRITE,EP-IND-02674
BC-02675,2026-01-01 06:26:23+00:00,0,IOMT-033,S-IOMT-033-681,EHR_READ,EP-IND-02675
BC-02676,2026-01-01 06:26:24+00:00,0,IOMT-046,S-IOMT-046-682,EHR_WRITE,EP-IND-02676
BC-02677,2026-01-01 06:26:32+00:00,0,IOMT-017,S-IOMT-017-683,EHR_WRITE,EP-IND-02677
BC-02678,2026-01-01 06:26:37+00:00,0,IOMT-009,S-IOMT-009-684,EHR_WRITE,EP-IND-02678
BC-02679,2026-01-01 06:26:42+00:00,0,IOMT-016,S-IOMT-016-685,LAB_RESULTS,EP-IND-02679
BC-02680,2026-01-01 06:27:04+00:00,0,IOMT-018,S-IOMT-018-686,EHR_READ,EP-IND-02680
BC-02681,2026-01-01 06:27:08+00:00,0,IOMT-026,S-IOMT-026-687,EHR_READ,EP-IND-02681
BC-02682,2026-01-01 06:27:14+00:00,0,IOMT-033,S-IOMT-033-688,EHR_WRITE,EP-IND-02682
BC-02683,2026-01-01 06:27:22+00:00,0,IOMT-001,S-IOMT-001-689,EHR_WRITE,EP-IND-02683
BC-02684,2026-01-01 06:27:27+00:00,0,IOMT-026,S-IOMT-026-690,EHR_READ,EP-IND-02684
BC-02685,2026-01-01 06:27:29+00:00,0,IOMT-022,S-IOMT-022-691,LAB_RESULTS,EP-IND-02685
BC-02686,2026-01-01 06:27:33+00:00,0,IOMT-007,S-IOMT-007-692,EHR_READ,EP-IND-02686
BC-02687,2026-01-01 06:27:35+00:00,0,IOMT-031,S-IOMT-031-693,EHR_WRITE,EP-IND-02687
BC-02688,2026-01-01 06:27:37+00:00,0,IOMT-042,S-IOMT-042-694,LAB_RESULTS,EP-IND-02688
BC-02689,2026-01-01 06:27:41+00:00,0,IOMT-019,S-IOMT-019-695,LAB_RESULTS,EP-IND-02689
BC-02690,2026-01-01 06:27:46+00:00,0,IOMT-004,S-IOMT-004-696,RESEARCH,EP-IND-02690
BC-02691,2026-01-01 06:28:01+00:00,0,IOMT-010,S-IOMT-010-697,EHR_READ,EP-IND-02691
BC-02692,2026-01-01 06:28:04+00:00,0,IOMT-032,S-IOMT-032-698,EHR_WRITE,EP-IND-02692
BC-02693,2026-01-01 06:28:08+00:00,0,IOMT-041,S-IOMT-041-699,IMAGING,EP-IND-02693
BC-02694,2026-01-01 06:28:17+00:00,0,IOMT-045,S-IOMT-045-700,EHR_READ,EP-IND-02694
BC-02695,2026-01-01 06:28:18+00:00,0,IOMT-005,S-IOMT-005-701,EHR_WRITE,EP-IND-02695
BC-02696,2026-01-01 06:28:24+00:00,0,IOMT-027,S-IOMT-027-702,IMAGING,EP-IND-02696
BC-02697,2026-01-01 06:28:25+00:00,0,IOMT-016,S-IOMT-016-703,IMAGING,EP-IND-02697
BC-02698,2026-01-01 06:28:26+00:00,0,IOMT-013,S-IOMT-013-704,EHR_WRITE,EP-IND-02698
BC-02699,2026-01-01 06:28:27+00:00,0,IOMT-027,S-IOMT-027-705,LAB_RESULTS,EP-IND-02699
BC-02700,2026-01-01 06:28:33+00:00,0,IOMT-013,S-IOMT-013-706,IMAGING,EP-IND-02700
BC-02701,2026-01-01 06:29:04+00:00,0,IOMT-034,S-IOMT-034-707,RESEARCH,EP-IND-02701
BC-02702,2026-01-01 06:29:15+00:00,0,IOMT-018,S-IOMT-018-708,LAB_RESULTS,EP-IND-02702
BC-02703,2026-01-01 06:29:16+00:00,0,IOMT-009,S-IOMT-009-709,EHR_READ,EP-IND-02703
BC-02704,2026-01-01 06:29:16+00:00,0,IOMT-032,S-IOMT-032-710,EHR_WRITE,EP-IND-02704
BC-02705,2026-01-01 06:29:29+00:00,0,IOMT-008,S-IOMT-008-711,EHR_WRITE,EP-IND-02705
BC-02706,2026-01-01 06:29:32+00:00,0,IOMT-024,S-IOMT-024-712,IMAGING,EP-IND-02706
BC-02707,2026-01-01 06:29:32+00:00,0,IOMT-001,S-IOMT-001-713,IMAGING,EP-IND-02707
BC-02708,2026-01-01 06:29:34+00:00,0,IOMT-037,S-IOMT-037-714,RESEARCH,EP-IND-02708
BC-02709,2026-01-01 06:29:43+00:00,0,IOMT-022,S-IOMT-022-715,IMAGING,EP-IND-02709
BC-02710,2026-01-01 06:29:54+00:00,0,IOMT-011,S-IOMT-011-716,EHR_READ,EP-IND-02710
BC-02711,2026-01-01 06:30:04+00:00,0,IOMT-004,S-IOMT-004-717,EHR_WRITE,EP-IND-02711
BC-02712,2026-01-01 06:30:05+00:00,0,IOMT-023,S-IOMT-023-718,LAB_RESULTS,EP-IND-02712
BC-02713,2026-01-01 06:30:06+00:00,0,IOMT-045,S-IOMT-045-719,RESEARCH,EP-IND-02713
BC-02714,2026-01-01 06:30:19+00:00,0,IOMT-035,S-IOMT-035-720,RESEARCH,EP-IND-02714
BC-02715,2026-01-01 06:30:20+00:00,0,IOMT-040,S-IOMT-040-721,LAB_RESULTS,EP-IND-02715
BC-02716,2026-01-01 06:30:26+00:00,0,IOMT-047,S-IOMT-047-722,IMAGING,EP-IND-02716
BC-02717,2026-01-01 06:30:30+00:00,0,IOMT-010,S-IOMT-010-723,EHR_WRITE,EP-IND-02717
BC-02718,2026-01-01 06:31:03+00:00,0,IOMT-045,S-IOMT-045-724,EHR_WRITE,EP-IND-02718
BC-02719,2026-01-01 06:31:09+00:00,0,IOMT-034,S-IOMT-034-725,EHR_WRITE,EP-IND-02719
BC-02720,2026-01-01 06:31:17+00:00,0,IOMT-023,S-IOMT-023-726,EHR_READ,EP-IND-02720
BC-02721,2026-01-01 06:31:30+00:00,0,IOMT-002,S-IOMT-002-727,RESEARCH,EP-IND-02721
BC-02722,2026-01-01 06:31:35+00:00,0,IOMT-036,S-IOMT-036-728,EHR_WRITE,EP-IND-02722
BC-02723,2026-01-01 06:32:01+00:00,0,IOMT-033,S-IOMT-033-729,RESEARCH,EP-IND-02723
BC-02724,2026-01-01 06:32:07+00:00,0,IOMT-006,S-IOMT-006-730,EHR_WRITE,EP-IND-02724
BC-02725,2026-01-01 06:32:10+00:00,0,IOMT-025,S-IOMT-025-731,RESEARCH,EP-IND-02725
BC-02726,2026-01-01 06:32:21+00:00,0,IOMT-008,S-IOMT-008-732,LAB_RESULTS,EP-IND-02726
BC-02727,2026-01-01 06:32:23+00:00,0,IOMT-025,S-IOMT-025-733,RESEARCH,EP-IND-02727
BC-02728,2026-01-01 06:32:26+00:00,0,IOMT-009,S-IOMT-009-734,EHR_WRITE,EP-IND-02728
BC-02729,2026-01-01 06:32:36+00:00,0,IOMT-016,S-IOMT-016-735,IMAGING,EP-IND-02729
BC-02730,2026-01-01 06:32:52+00:00,0,IOMT-037,S-IOMT-037-736,EHR_WRITE,EP-IND-02730
BC-02731,2026-01-01 06:32:59+00:00,0,IOMT-007,S-IOMT-007-737,EHR_READ,EP-IND-02731
BC-02732,2026-01-01 06:33:08+00:00,0,IOMT-000,S-IOMT-000-738,EHR_READ,EP-IND-02732
BC-02733,2026-01-01 06:33:13+00:00,0,IOMT-025,S-IOMT-025-739,IMAGING,EP-IND-02733
BC-02734,2026-01-01 06:33:26+00:00,0,IOMT-005,S-IOMT-005-740,LAB_RESULTS,EP-IND-02734
BC-02735,2026-01-01 06:33:27+00:00,0,IOMT-041,S-IOMT-041-741,RESEARCH,EP-IND-02735
BC-02736,2026-01-01 06:33:27+00:00,0,IOMT-027,S-IOMT-027-742,IMAGING,EP-IND-02736
BC-02737,2026-01-01 06:33:44+00:00,0,IOMT-027,S-IOMT-027-743,EHR_READ,EP-IND-02737
BC-02738,2026-01-01 06:34:05+00:00,0,IOMT-017,S-IOMT-017-744,LAB_RESULTS,EP-IND-02738
BC-02739,2026-01-01 06:34:05+00:00,0,IOMT-026,S-IOMT-026-745,LAB_RESULTS,EP-IND-02739
BC-02740,2026-01-01 06:34:07+00:00,0,IOMT-042,S-IOMT-042-746,EHR_READ,EP-IND-02740
BC-02741,2026-01-01 06:34:32+00:00,0,IOMT-041,S-IOMT-041-747,EHR_WRITE,EP-IND-02741
BC-02742,2026-01-01 06:34:57+00:00,0,IOMT-004,S-IOMT-004-748,IMAGING,EP-IND-02742
BC-02743,2026-01-01 06:34:57+00:00,0,IOMT-040,S-IOMT-040-749,IMAGING,EP-IND-02743
BC-02744,2026-01-01 06:34:59+00:00,0,IOMT-036,S-IOMT-036-750,EHR_WRITE,EP-IND-02744
BC-02745,2026-01-01 06:35:01+00:00,0,IOMT-039,S-IOMT-039-751,RESEARCH,EP-IND-02745
BC-02746,2026-01-01 06:35:22+00:00,0,IOMT-031,S-IOMT-031-752,IMAGING,EP-IND-02746
BC-02747,2026-01-01 06:35:26+00:00,0,IOMT-045,S-IOMT-045-753,LAB_RESULTS,EP-IND-02747
BC-02748,2026-01-01 06:35:26+00:00,0,IOMT-031,S-IOMT-031-754,LAB_RESULTS,EP-IND-02748
BC-02749,2026-01-01 06:35:29+00:00,0,IOMT-026,S-IOMT-026-755,EHR_READ,EP-IND-02749
BC-02750,2026-01-01 06:35:40+00:00,0,IOMT-015,S-IOMT-015-756,EHR_READ,EP-IND-02750
BC-02751,2026-01-01 06:35:48+00:00,0,IOMT-007,S-IOMT-007-757,LAB_RESULTS,EP-IND-02751
BC-02752,2026-01-01 06:35:49+00:00,0,IOMT-016,S-IOMT-016-758,EHR_WRITE,EP-IND-02752
BC-02753,2026-01-01 06:35:56+00:00,0,IOMT-045,S-IOMT-045-759,RESEARCH,EP-IND-02753
BC-02754,2026-01-01 06:35:57+00:00,0,IOMT-012,S-IOMT-012-760,RESEARCH,EP-IND-02754
BC-02755,2026-01-01 06:36:08+00:00,0,IOMT-035,S-IOMT-035-761,EHR_READ,EP-IND-02755
BC-02756,2026-01-01 06:36:11+00:00,1,IOMT-036,S-IOMT-036-762,RESEARCH,EP-IND-02756
BC-02757,2026-01-01 06:36:20+00:00,0,IOMT-020,S-IOMT-020-763,IMAGING,EP-IND-02757
BC-02758,2026-01-01 06:36:27+00:00,0,IOMT-031,S-IOMT-031-764,EHR_READ,EP-IND-02758
BC-02759,2026-01-01 06:36:37+00:00,0,IOMT-015,S-IOMT-015-765,EHR_WRITE,EP-IND-02759
BC-02760,2026-01-01 06:36:48+00:00,0,IOMT-025,S-IOMT-025-766,RESEARCH,EP-IND-02760
BC-02761,2026-01-01 06:36:50+00:00,0,IOMT-009,S-IOMT-009-767,EHR_WRITE,EP-IND-02761
BC-02762,2026-01-01 06:37:13+00:00,0,IOMT-039,S-IOMT-039-768,RESEARCH,EP-IND-02762
BC-02763,2026-01-01 06:37:22+00:00,0,IOMT-044,S-IOMT-044-769,EHR_READ,EP-IND-02763
BC-02764,2026-01-01 06:37:44+00:00,0,IOMT-006,S-IOMT-006-770,EHR_WRITE,EP-IND-02764
BC-02765,2026-01-01 06:38:17+00:00,0,IOMT-010,S-IOMT-010-771,EHR_WRITE,EP-IND-02765
BC-02766,2026-01-01 06:38:21+00:00,0,IOMT-015,S-IOMT-015-772,IMAGING,EP-IND-02766
BC-02767,2026-01-01 06:38:23+00:00,0,IOMT-022,S-IOMT-022-773,RESEARCH,EP-IND-02767
BC-02768,2026-01-01 06:38:49+00:00,0,IOMT-028,S-IOMT-028-774,IMAGING,EP-IND-02768
BC-02769,2026-01-01 06:38:55+00:00,0,IOMT-004,S-IOMT-004-775,EHR_WRITE,EP-IND-02769
BC-02770,2026-01-01 06:39:35+00:00,0,IOMT-001,S-IOMT-001-776,EHR_READ,EP-IND-02770
BC-02771,2026-01-01 06:39:45+00:00,0,IOMT-028,S-IOMT-028-777,IMAGING,EP-IND-02771
BC-02772,2026-01-01 06:39:56+00:00,0,IOMT-022,S-IOMT-022-778,EHR_READ,EP-IND-02772
BC-02773,2026-01-01 06:40:06+00:00,0,IOMT-012,S-IOMT-012-779,LAB_RESULTS,EP-IND-02773
BC-02774,2026-01-01 06:40:11+00:00,0,IOMT-009,S-IOMT-009-780,IMAGING,EP-IND-02774
BC-02775,2026-01-01 06:40:16+00:00,0,IOMT-011,S-IOMT-011-781,IMAGING,EP-IND-02775
BC-02776,2026-01-01 06:40:41+00:00,0,IOMT-019,S-IOMT-019-782,RESEARCH,EP-IND-02776
BC-02777,2026-01-01 06:40:51+00:00,0,IOMT-012,S-IOMT-012-783,RESEARCH,EP-IND-02777
BC-02778,2026-01-01 06:40:52+00:00,0,IOMT-034,S-IOMT-034-784,EHR_WRITE,EP-IND-02778
BC-02779,2026-01-01 06:40:53+00:00,0,IOMT-030,S-IOMT-030-785,EHR_READ,EP-IND-02779
BC-02780,2026-01-01 06:40:54+00:00,0,IOMT-031,S-IOMT-031-786,EHR_WRITE,EP-IND-02780
BC-02781,2026-01-01 06:41:18+00:00,0,IOMT-024,S-IOMT-024-787,IMAGING,EP-IND-02781
BC-02782,2026-01-01 06:41:38+00:00,0,IOMT-022,S-IOMT-022-788,EHR_WRITE,EP-IND-02782
BC-02783,2026-01-01 06:41:42+00:00,0,IOMT-003,S-IOMT-003-789,EHR_READ,EP-IND-02783
BC-02784,2026-01-01 06:41:53+00:00,0,IOMT-005,S-IOMT-005-790,IMAGING,EP-IND-02784
BC-02785,2026-01-01 06:41:58+00:00,0,IOMT-014,S-IOMT-014-791,IMAGING,EP-IND-02785
BC-02786,2026-01-01 06:41:59+00:00,0,IOMT-034,S-IOMT-034-792,IMAGING,EP-IND-02786
BC-02787,2026-01-01 06:42:03+00:00,0,IOMT-027,S-IOMT-027-793,IMAGING,EP-IND-02787
BC-02788,2026-01-01 06:42:03+00:00,0,IOMT-046,S-IOMT-046-794,LAB_RESULTS,EP-IND-02788
BC-02789,2026-01-01 06:42:04+00:00,0,IOMT-042,S-IOMT-042-795,RESEARCH,EP-IND-02789
BC-02790,2026-01-01 06:42:10+00:00,0,IOMT-047,S-IOMT-047-796,IMAGING,EP-IND-02790
BC-02791,2026-01-01 06:42:12+00:00,0,IOMT-049,S-IOMT-049-797,RESEARCH,EP-IND-02791
BC-02792,2026-01-01 06:42:21+00:00,0,IOMT-002,S-IOMT-002-798,RESEARCH,EP-IND-02792
BC-02793,2026-01-01 06:42:30+00:00,0,IOMT-024,S-IOMT-024-799,RESEARCH,EP-IND-02793
BC-02794,2026-01-01 06:42:43+00:00,0,IOMT-002,S-IOMT-002-800,LAB_RESULTS,EP-IND-02794
BC-02795,2026-01-01 06:42:49+00:00,0,IOMT-032,S-IOMT-032-801,IMAGING,EP-IND-02795
BC-02796,2026-01-01 06:43:12+00:00,0,IOMT-031,S-IOMT-031-802,EHR_READ,EP-IND-02796
BC-02797,2026-01-01 06:43:20+00:00,0,IOMT-025,S-IOMT-025-803,LAB_RESULTS,EP-IND-02797
BC-02798,2026-01-01 06:43:21+00:00,0,IOMT-020,S-IOMT-020-804,EHR_READ,EP-IND-02798
BC-02799,2026-01-01 06:43:37+00:00,0,IOMT-020,S-IOMT-020-805,IMAGING,EP-IND-02799
BC-02800,2026-01-01 06:43:46+00:00,0,IOMT-030,S-IOMT-030-806,EHR_WRITE,EP-IND-02800
BC-02801,2026-01-01 06:43:46+00:00,0,IOMT-011,S-IOMT-011-807,IMAGING,EP-IND-02801
BC-02802,2026-01-01 06:43:58+00:00,0,IOMT-039,S-IOMT-039-808,RESEARCH,EP-IND-02802
BC-02803,2026-01-01 06:44:02+00:00,0,IOMT-017,S-IOMT-017-809,RESEARCH,EP-IND-02803
BC-02804,2026-01-01 06:44:25+00:00,0,IOMT-042,S-IOMT-042-810,EHR_WRITE,EP-IND-02804
BC-02805,2026-01-01 06:44:33+00:00,0,IOMT-036,S-IOMT-036-811,RESEARCH,EP-IND-02805
BC-02806,2026-01-01 06:44:53+00:00,0,IOMT-006,S-IOMT-006-812,IMAGING,EP-IND-02806
BC-02807,2026-01-01 06:45:02+00:00,0,IOMT-020,S-IOMT-020-813,EHR_WRITE,EP-IND-02807
BC-02808,2026-01-01 06:45:08+00:00,0,IOMT-036,S-IOMT-036-814,EHR_READ,EP-IND-02808
BC-02809,2026-01-01 06:45:13+00:00,0,IOMT-020,S-IOMT-020-815,EHR_WRITE,EP-IND-02809
BC-02810,2026-01-01 06:45:24+00:00,0,IOMT-024,S-IOMT-024-816,IMAGING,EP-IND-02810
BC-02811,2026-01-01 06:46:02+00:00,0,IOMT-028,S-IOMT-028-817,EHR_WRITE,EP-IND-02811
BC-02812,2026-01-01 06:46:03+00:00,0,IOMT-019,S-IOMT-019-818,LAB_RESULTS,EP-IND-02812
BC-02813,2026-01-01 06:46:05+00:00,0,IOMT-018,S-IOMT-018-819,RESEARCH,EP-IND-02813
BC-02814,2026-01-01 06:46:07+00:00,0,IOMT-014,S-IOMT-014-820,EHR_WRITE,EP-IND-02814
BC-02815,2026-01-01 06:46:11+00:00,0,IOMT-008,S-IOMT-008-821,LAB_RESULTS,EP-IND-02815
BC-02816,2026-01-01 06:46:18+00:00,0,IOMT-026,S-IOMT-026-822,LAB_RESULTS,EP-IND-02816
BC-02817,2026-01-01 06:46:20+00:00,0,IOMT-008,S-IOMT-008-823,LAB_RESULTS,EP-IND-02817
BC-02818,2026-01-01 06:46:20+00:00,0,IOMT-037,S-IOMT-037-824,EHR_READ,EP-IND-02818
BC-02819,2026-01-01 06:46:43+00:00,0,IOMT-014,S-IOMT-014-825,LAB_RESULTS,EP-IND-02819
BC-02820,2026-01-01 06:46:59+00:00,0,IOMT-039,S-IOMT-039-826,EHR_READ,EP-IND-02820
BC-02821,2026-01-01 06:47:13+00:00,0,IOMT-025,S-IOMT-025-827,EHR_READ,EP-IND-02821
BC-02822,2026-01-01 06:47:46+00:00,0,IOMT-018,S-IOMT-018-828,EHR_READ,EP-IND-02822
BC-02823,2026-01-01 06:47:50+00:00,0,IOMT-040,S-IOMT-040-829,LAB_RESULTS,EP-IND-02823
BC-02824,2026-01-01 06:47:59+00:00,0,IOMT-013,S-IOMT-013-830,RESEARCH,EP-IND-02824
BC-02825,2026-01-01 06:48:09+00:00,0,IOMT-047,S-IOMT-047-831,IMAGING,EP-IND-02825
BC-02826,2026-01-01 06:48:11+00:00,0,IOMT-038,S-IOMT-038-832,RESEARCH,EP-IND-02826
BC-02827,2026-01-01 06:48:24+00:00,0,IOMT-024,S-IOMT-024-833,IMAGING,EP-IND-02827
BC-02828,2026-01-01 06:48:27+00:00,0,IOMT-014,S-IOMT-014-834,EHR_READ,EP-IND-02828
BC-02829,2026-01-01 06:48:42+00:00,0,IOMT-046,S-IOMT-046-835,EHR_WRITE,EP-IND-02829
BC-02830,2026-01-01 06:48:43+00:00,0,IOMT-026,S-IOMT-026-836,EHR_WRITE,EP-IND-02830
BC-02831,2026-01-01 06:48:47+00:00,0,IOMT-004,S-IOMT-004-837,EHR_WRITE,EP-IND-02831
BC-02832,2026-01-01 06:48:48+00:00,0,IOMT-003,S-IOMT-003-838,LAB_RESULTS,EP-IND-02832
BC-02833,2026-01-01 06:48:49+00:00,0,IOMT-010,S-IOMT-010-839,EHR_READ,EP-IND-02833
BC-02834,2026-01-01 06:48:59+00:00,0,IOMT-002,S-IOMT-002-840,IMAGING,EP-IND-02834
BC-02835,2026-01-01 06:49:19+00:00,0,IOMT-041,S-IOMT-041-841,EHR_WRITE,EP-IND-02835
BC-02836,2026-01-01 06:49:19+00:00,0,IOMT-001,S-IOMT-001-842,EHR_READ,EP-IND-02836
BC-02837,2026-01-01 06:49:20+00:00,0,IOMT-011,S-IOMT-011-843,EHR_READ,EP-IND-02837
BC-02838,2026-01-01 06:49:29+00:00,0,IOMT-041,S-IOMT-041-844,RESEARCH,EP-IND-02838
BC-02839,2026-01-01 06:49:31+00:00,0,IOMT-034,S-IOMT-034-845,EHR_WRITE,EP-IND-02839
BC-02840,2026-01-01 06:49:36+00:00,0,IOMT-035,S-IOMT-035-846,EHR_READ,EP-IND-02840
BC-02841,2026-01-01 06:49:44+00:00,0,IOMT-041,S-IOMT-041-847,RESEARCH,EP-IND-02841
BC-02842,2026-01-01 06:49:58+00:00,0,IOMT-001,S-IOMT-001-848,RESEARCH,EP-IND-02842
BC-02843,2026-01-01 06:50:08+00:00,0,IOMT-032,S-IOMT-032-849,RESEARCH,EP-IND-02843
BC-02844,2026-01-01 06:50:14+00:00,0,IOMT-005,S-IOMT-005-850,EHR_WRITE,EP-IND-02844
BC-02845,2026-01-01 06:50:19+00:00,0,IOMT-034,S-IOMT-034-851,IMAGING,EP-IND-02845
BC-02846,2026-01-01 06:50:31+00:00,0,IOMT-013,S-IOMT-013-852,EHR_WRITE,EP-IND-02846
BC-02847,2026-01-01 06:50:38+00:00,0,IOMT-030,S-IOMT-030-853,EHR_READ,EP-IND-02847
BC-02848,2026-01-01 06:50:51+00:00,0,IOMT-012,S-IOMT-012-854,EHR_WRITE,EP-IND-02848
BC-02849,2026-01-01 06:50:55+00:00,0,IOMT-003,S-IOMT-003-855,IMAGING,EP-IND-02849
BC-02850,2026-01-01 06:50:59+00:00,0,IOMT-039,S-IOMT-039-856,EHR_WRITE,EP-IND-02850
BC-02851,2026-01-01 06:51:25+00:00,0,IOMT-005,S-IOMT-005-857,EHR_WRITE,EP-IND-02851
BC-02852,2026-01-01 06:51:26+00:00,0,IOMT-028,S-IOMT-028-858,EHR_WRITE,EP-IND-02852
BC-02853,2026-01-01 06:51:39+00:00,0,IOMT-035,S-IOMT-035-859,EHR_READ,EP-IND-02853
BC-02854,2026-01-01 06:51:50+00:00,0,IOMT-015,S-IOMT-015-860,EHR_READ,EP-IND-02854
BC-02855,2026-01-01 06:51:57+00:00,0,IOMT-011,S-IOMT-011-861,EHR_READ,EP-IND-02855
BC-02856,2026-01-01 06:52:04+00:00,0,IOMT-013,S-IOMT-013-862,RESEARCH,EP-IND-02856
BC-02857,2026-01-01 06:52:16+00:00,0,IOMT-043,S-IOMT-043-863,EHR_WRITE,EP-IND-02857
BC-02858,2026-01-01 06:52:18+00:00,0,IOMT-017,S-IOMT-017-864,EHR_WRITE,EP-IND-02858
BC-02859,2026-01-01 06:52:54+00:00,0,IOMT-034,S-IOMT-034-865,RESEARCH,EP-IND-02859
BC-02860,2026-01-01 06:53:25+00:00,0,IOMT-032,S-IOMT-032-866,EHR_READ,EP-IND-02860
BC-02861,2026-01-01 06:53:45+00:00,0,IOMT-021,S-IOMT-021-867,IMAGING,EP-IND-02861
BC-02862,2026-01-01 06:53:49+00:00,0,IOMT-042,S-IOMT-042-868,RESEARCH,EP-IND-02862
BC-02863,2026-01-01 06:53:50+00:00,0,IOMT-030,S-IOMT-030-869,IMAGING,EP-IND-02863
BC-02864,2026-01-01 06:53:54+00:00,0,IOMT-014,S-IOMT-014-870,IMAGING,EP-IND-02864
BC-02865,2026-01-01 06:54:04+00:00,0,IOMT-032,S-IOMT-032-871,LAB_RESULTS,EP-IND-02865
BC-02866,2026-01-01 06:54:05+00:00,0,IOMT-027,S-IOMT-027-872,LAB_RESULTS,EP-IND-02866
BC-02867,2026-01-01 06:54:47+00:00,0,IOMT-024,S-IOMT-024-873,RESEARCH,EP-IND-02867
BC-02868,2026-01-01 06:55:02+00:00,0,IOMT-047,S-IOMT-047-874,EHR_WRITE,EP-IND-02868
BC-02869,2026-01-01 06:55:08+00:00,0,IOMT-014,S-IOMT-014-875,LAB_RESULTS,EP-IND-02869
BC-02870,2026-01-01 06:55:16+00:00,0,IOMT-004,S-IOMT-004-876,RESEARCH,EP-IND-02870
BC-02871,2026-01-01 06:55:22+00:00,0,IOMT-025,S-IOMT-025-877,RESEARCH,EP-IND-02871
BC-02872,2026-01-01 06:55:24+00:00,0,IOMT-018,S-IOMT-018-878,LAB_RESULTS,EP-IND-02872
BC-02873,2026-01-01 06:55:27+00:00,0,IOMT-005,S-IOMT-005-879,LAB_RESULTS,EP-IND-02873
BC-02874,2026-01-01 06:55:29+00:00,0,IOMT-047,S-IOMT-047-880,RESEARCH,EP-IND-02874
BC-02875,2026-01-01 06:55:31+00:00,0,IOMT-016,S-IOMT-016-881,EHR_WRITE,EP-IND-02875
BC-02876,2026-01-01 06:55:34+00:00,0,IOMT-002,S-IOMT-002-882,EHR_READ,EP-IND-02876
BC-02877,2026-01-01 06:55:38+00:00,0,IOMT-041,S-IOMT-041-883,LAB_RESULTS,EP-IND-02877
BC-02878,2026-01-01 06:55:44+00:00,0,IOMT-002,S-IOMT-002-884,EHR_READ,EP-IND-02878
BC-02879,2026-01-01 06:55:47+00:00,0,IOMT-026,S-IOMT-026-885,LAB_RESULTS,EP-IND-02879
BC-02880,2026-01-01 06:55:48+00:00,0,IOMT-028,S-IOMT-028-886,RESEARCH,EP-IND-02880
BC-02881,2026-01-01 06:55:53+00:00,0,IOMT-018,S-IOMT-018-887,EHR_READ,EP-IND-02881
BC-02882,2026-01-01 06:55:54+00:00,0,IOMT-038,S-IOMT-038-888,EHR_READ,EP-IND-02882
BC-02883,2026-01-01 06:56:04+00:00,0,IOMT-033,S-IOMT-033-889,EHR_WRITE,EP-IND-02883
BC-02884,2026-01-01 06:56:07+00:00,0,IOMT-024,S-IOMT-024-890,IMAGING,EP-IND-02884
BC-02885,2026-01-01 06:56:24+00:00,0,IOMT-025,S-IOMT-025-891,EHR_READ,EP-IND-02885
BC-02886,2026-01-01 06:56:27+00:00,0,IOMT-022,S-IOMT-022-892,RESEARCH,EP-IND-02886
BC-02887,2026-01-01 06:56:28+00:00,0,IOMT-038,S-IOMT-038-893,IMAGING,EP-IND-02887
BC-02888,2026-01-01 06:56:36+00:00,0,IOMT-036,S-IOMT-036-894,EHR_READ,EP-IND-02888
BC-02889,2026-01-01 06:56:39+00:00,0,IOMT-024,S-IOMT-024-895,IMAGING,EP-IND-02889
BC-02890,2026-01-01 06:56:40+00:00,0,IOMT-002,S-IOMT-002-896,EHR_WRITE,EP-IND-02890
BC-02891,2026-01-01 06:56:46+00:00,0,IOMT-000,S-IOMT-000-897,IMAGING,EP-IND-02891
BC-02892,2026-01-01 06:57:00+00:00,0,IOMT-038,S-IOMT-038-898,RESEARCH,EP-IND-02892
BC-02893,2026-01-01 06:57:08+00:00,0,IOMT-031,S-IOMT-031-899,EHR_READ,EP-IND-02893
BC-02894,2026-01-01 06:57:11+00:00,0,IOMT-020,S-IOMT-020-900,IMAGING,EP-IND-02894
BC-02895,2026-01-01 06:57:13+00:00,0,IOMT-020,S-IOMT-020-901,IMAGING,EP-IND-02895
BC-02896,2026-01-01 06:57:17+00:00,0,IOMT-007,S-IOMT-007-902,EHR_WRITE,EP-IND-02896
BC-02897,2026-01-01 06:57:20+00:00,0,IOMT-029,S-IOMT-029-903,IMAGING,EP-IND-02897
BC-02898,2026-01-01 06:57:27+00:00,0,IOMT-028,S-IOMT-028-904,EHR_READ,EP-IND-02898
BC-02899,2026-01-01 06:57:33+00:00,0,IOMT-019,S-IOMT-019-905,EHR_READ,EP-IND-02899
BC-02900,2026-01-01 06:57:35+00:00,0,IOMT-048,S-IOMT-048-906,IMAGING,EP-IND-02900
BC-02901,2026-01-01 06:57:37+00:00,0,IOMT-020,S-IOMT-020-907,EHR_WRITE,EP-IND-02901
BC-02902,2026-01-01 06:57:39+00:00,0,IOMT-019,S-IOMT-019-908,EHR_READ,EP-IND-02902
BC-02903,2026-01-01 06:57:46+00:00,0,IOMT-034,S-IOMT-034-909,LAB_RESULTS,EP-IND-02903
BC-02904,2026-01-01 06:57:54+00:00,0,IOMT-008,S-IOMT-008-910,LAB_RESULTS,EP-IND-02904
BC-02905,2026-01-01 06:57:55+00:00,0,IOMT-021,S-IOMT-021-911,IMAGING,EP-IND-02905
BC-02906,2026-01-01 06:57:56+00:00,0,IOMT-041,S-IOMT-041-912,LAB_RESULTS,EP-IND-02906
BC-02907,2026-01-01 06:57:59+00:00,0,IOMT-016,S-IOMT-016-913,EHR_READ,EP-IND-02907
BC-02908,2026-01-01 06:58:01+00:00,0,IOMT-041,S-IOMT-041-914,EHR_WRITE,EP-IND-02908
BC-02909,2026-01-01 06:58:05+00:00,0,IOMT-007,S-IOMT-007-915,IMAGING,EP-IND-02909
BC-02910,2026-01-01 06:58:08+00:00,0,IOMT-018,S-IOMT-018-916,EHR_WRITE,EP-IND-02910
BC-02911,2026-01-01 06:58:09+00:00,0,IOMT-020,S-IOMT-020-917,LAB_RESULTS,EP-IND-02911
BC-02912,2026-01-01 06:58:19+00:00,0,IOMT-038,S-IOMT-038-918,RESEARCH,EP-IND-02912
BC-02913,2026-01-01 06:58:20+00:00,0,IOMT-012,S-IOMT-012-919,RESEARCH,EP-IND-02913
BC-02914,2026-01-01 06:58:21+00:00,0,IOMT-046,S-IOMT-046-920,RESEARCH,EP-IND-02914
BC-02915,2026-01-01 06:58:29+00:00,0,IOMT-015,S-IOMT-015-921,RESEARCH,EP-IND-02915
BC-02916,2026-01-01 06:58:34+00:00,0,IOMT-031,S-IOMT-031-922,IMAGING,EP-IND-02916
BC-02917,2026-01-01 06:58:38+00:00,0,IOMT-004,S-IOMT-004-923,EHR_WRITE,EP-IND-02917
BC-02918,2026-01-01 06:58:47+00:00,0,IOMT-048,S-IOMT-048-924,LAB_RESULTS,EP-IND-02918
BC-02919,2026-01-01 06:58:50+00:00,0,IOMT-028,S-IOMT-028-925,EHR_READ,EP-IND-02919
BC-02920,2026-01-01 06:59:00+00:00,0,IOMT-000,S-IOMT-000-926,LAB_RESULTS,EP-IND-02920
BC-02921,2026-01-01 06:59:25+00:00,0,IOMT-040,S-IOMT-040-927,EHR_WRITE,EP-IND-02921
BC-02922,2026-01-01 06:59:27+00:00,0,IOMT-010,S-IOMT-010-928,IMAGING,EP-IND-02922
BC-02923,2026-01-01 06:59:37+00:00,0,IOMT-007,S-IOMT-007-929,IMAGING,EP-IND-02923
BC-02924,2026-01-01 06:59:38+00:00,0,IOMT-003,S-IOMT-003-930,RESEARCH,EP-IND-02924
BC-02925,2026-01-01 06:59:38+00:00,0,IOMT-020,S-IOMT-020-931,EHR_WRITE,EP-IND-02925
BC-02926,2026-01-01 06:59:45+00:00,0,IOMT-047,S-IOMT-047-932,RESEARCH,EP-IND-02926
BC-02927,2026-01-01 06:59:47+00:00,0,IOMT-029,S-IOMT-029-933,EHR_WRITE,EP-IND-02927
BC-02928,2026-01-01 06:59:49+00:00,0,IOMT-008,S-IOMT-008-934,EHR_WRITE,EP-IND-02928
BC-02929,2026-01-01 06:59:56+00:00,0,IOMT-039,S-IOMT-039-935,EHR_READ,EP-IND-02929
BC-02930,2026-01-01 06:59:57+00:00,0,IOMT-040,S-IOMT-040-936,LAB_RESULTS,EP-IND-02930
BC-02931,2026-01-01 07:00:08+00:00,0,IOMT-012,S-IOMT-012-937,EHR_READ,EP-IND-02931
BC-02932,2026-01-01 07:00:10+00:00,1,IOMT-034,S-IOMT-034-938,EHR_READ,EP-IND-02932
BC-02933,2026-01-01 07:00:14+00:00,0,IOMT-008,S-IOMT-008-939,IMAGING,EP-IND-02933
BC-02934,2026-01-01 07:00:16+00:00,0,IOMT-026,S-IOMT-026-940,LAB_RESULTS,EP-IND-02934
BC-02935,2026-01-01 07:00:25+00:00,0,IOMT-013,S-IOMT-013-941,EHR_READ,EP-IND-02935
BC-02936,2026-01-01 07:00:26+00:00,0,IOMT-013,S-IOMT-013-942,RESEARCH,EP-IND-02936
BC-02937,2026-01-01 07:00:28+00:00,0,IOMT-017,S-IOMT-017-943,LAB_RESULTS,EP-IND-02937
BC-02938,2026-01-01 07:00:33+00:00,0,IOMT-031,S-IOMT-031-944,EHR_READ,EP-IND-02938
BC-02939,2026-01-01 07:00:34+00:00,0,IOMT-048,S-IOMT-048-945,LAB_RESULTS,EP-IND-02939
BC-02940,2026-01-01 07:00:40+00:00,0,IOMT-032,S-IOMT-032-946,IMAGING,EP-IND-02940
BC-02941,2026-01-01 07:00:42+00:00,0,IOMT-001,S-IOMT-001-947,EHR_READ,EP-IND-02941
BC-02942,2026-01-01 07:00:44+00:00,0,IOMT-023,S-IOMT-023-948,RESEARCH,EP-IND-02942
BC-02943,2026-01-01 07:00:48+00:00,0,IOMT-043,S-IOMT-043-949,RESEARCH,EP-IND-02943
BC-02944,2026-01-01 07:00:50+00:00,0,IOMT-021,S-IOMT-021-950,EHR_READ,EP-IND-02944
BC-02945,2026-01-01 07:00:58+00:00,0,IOMT-006,S-IOMT-006-951,IMAGING,EP-IND-02945
BC-02946,2026-01-01 07:01:07+00:00,0,IOMT-020,S-IOMT-020-952,EHR_READ,EP-IND-02946
BC-02947,2026-01-01 07:01:10+00:00,0,IOMT-034,S-IOMT-034-953,EHR_READ,EP-IND-02947
BC-02948,2026-01-01 07:01:15+00:00,0,IOMT-018,S-IOMT-018-954,EHR_WRITE,EP-IND-02948
BC-02949,2026-01-01 07:01:18+00:00,0,IOMT-023,S-IOMT-023-955,LAB_RESULTS,EP-IND-02949
BC-02950,2026-01-01 07:01:40+00:00,0,IOMT-022,S-IOMT-022-956,RESEARCH,EP-IND-02950
BC-02951,2026-01-01 07:01:40+00:00,0,IOMT-042,S-IOMT-042-957,EHR_WRITE,EP-IND-02951
BC-02952,2026-01-01 07:02:08+00:00,0,IOMT-001,S-IOMT-001-958,LAB_RESULTS,EP-IND-02952
BC-02953,2026-01-01 07:02:09+00:00,0,IOMT-005,S-IOMT-005-959,EHR_READ,EP-IND-02953
BC-02954,2026-01-01 07:02:09+00:00,0,IOMT-039,S-IOMT-039-960,LAB_RESULTS,EP-IND-02954
BC-02955,2026-01-01 07:02:15+00:00,0,IOMT-045,S-IOMT-045-961,EHR_WRITE,EP-IND-02955
BC-02956,2026-01-01 07:02:20+00:00,0,IOMT-033,S-IOMT-033-962,RESEARCH,EP-IND-02956
BC-02957,2026-01-01 07:02:37+00:00,0,IOMT-024,S-IOMT-024-963,EHR_WRITE,EP-IND-02957
BC-02958,2026-01-01 07:02:44+00:00,0,IOMT-036,S-IOMT-036-964,RESEARCH,EP-IND-02958
BC-02959,2026-01-01 07:02:54+00:00,0,IOMT-033,S-IOMT-033-965,LAB_RESULTS,EP-IND-02959
BC-02960,2026-01-01 07:02:58+00:00,0,IOMT-000,S-IOMT-000-966,IMAGING,EP-IND-02960
BC-02961,2026-01-01 07:03:12+00:00,0,IOMT-039,S-IOMT-039-967,IMAGING,EP-IND-02961
BC-02962,2026-01-01 07:03:22+00:00,1,IOMT-003,S-IOMT-003-968,RESEARCH,EP-IND-02962
BC-02963,2026-01-01 07:03:44+00:00,0,IOMT-033,S-IOMT-033-969,IMAGING,EP-IND-02963
BC-02964,2026-01-01 07:03:50+00:00,0,IOMT-008,S-IOMT-008-970,RESEARCH,EP-IND-02964
BC-02965,2026-01-01 07:03:52+00:00,0,IOMT-032,S-IOMT-032-971,LAB_RESULTS,EP-IND-02965
BC-02966,2026-01-01 07:04:26+00:00,0,IOMT-035,S-IOMT-035-972,RESEARCH,EP-IND-02966
BC-02967,2026-01-01 07:04:28+00:00,0,IOMT-004,S-IOMT-004-973,LAB_RESULTS,EP-IND-02967
BC-02968,2026-01-01 07:04:29+00:00,0,IOMT-025,S-IOMT-025-974,EHR_WRITE,EP-IND-02968
BC-02969,2026-01-01 07:04:36+00:00,0,IOMT-004,S-IOMT-004-975,EHR_READ,EP-IND-02969
BC-02970,2026-01-01 07:04:36+00:00,0,IOMT-018,S-IOMT-018-976,EHR_READ,EP-IND-02970
BC-02971,2026-01-01 07:04:37+00:00,0,IOMT-030,S-IOMT-030-977,EHR_WRITE,EP-IND-02971
BC-02972,2026-01-01 07:04:40+00:00,0,IOMT-007,S-IOMT-007-978,LAB_RESULTS,EP-IND-02972
BC-02973,2026-01-01 07:04:41+00:00,0,IOMT-049,S-IOMT-049-979,LAB_RESULTS,EP-IND-02973
BC-02974,2026-01-01 07:04:46+00:00,0,IOMT-034,S-IOMT-034-980,LAB_RESULTS,EP-IND-02974
BC-02975,2026-01-01 07:05:00+00:00,0,IOMT-015,S-IOMT-015-981,RESEARCH,EP-IND-02975
BC-02976,2026-01-01 07:05:01+00:00,0,IOMT-000,S-IOMT-000-982,LAB_RESULTS,EP-IND-02976
BC-02977,2026-01-01 07:05:06+00:00,0,IOMT-005,S-IOMT-005-983,EHR_READ,EP-IND-02977
BC-02978,2026-01-01 07:05:07+00:00,0,IOMT-003,S-IOMT-003-984,EHR_WRITE,EP-IND-02978
BC-02979,2026-01-01 07:05:43+00:00,0,IOMT-025,S-IOMT-025-985,RESEARCH,EP-IND-02979
BC-02980,2026-01-01 07:05:47+00:00,0,IOMT-044,S-IOMT-044-986,EHR_READ,EP-IND-02980
BC-02981,2026-01-01 07:05:59+00:00,0,IOMT-042,S-IOMT-042-987,IMAGING,EP-IND-02981
BC-02982,2026-01-01 07:06:04+00:00,0,IOMT-035,S-IOMT-035-988,RESEARCH,EP-IND-02982
BC-02983,2026-01-01 07:06:08+00:00,0,IOMT-032,S-IOMT-032-989,LAB_RESULTS,EP-IND-02983
BC-02984,2026-01-01 07:06:09+00:00,0,IOMT-003,S-IOMT-003-990,EHR_READ,EP-IND-02984
BC-02985,2026-01-01 07:06:24+00:00,0,IOMT-008,S-IOMT-008-991,LAB_RESULTS,EP-IND-02985
BC-02986,2026-01-01 07:06:27+00:00,0,IOMT-020,S-IOMT-020-992,IMAGING,EP-IND-02986
BC-02987,2026-01-01 07:06:38+00:00,0,IOMT-007,S-IOMT-007-993,EHR_WRITE,EP-IND-02987
BC-02988,2026-01-01 07:06:45+00:00,0,IOMT-013,S-IOMT-013-994,EHR_READ,EP-IND-02988
BC-02989,2026-01-01 07:06:45+00:00,0,IOMT-001,S-IOMT-001-995,EHR_WRITE,EP-IND-02989
BC-02990,2026-01-01 07:06:48+00:00,0,IOMT-018,S-IOMT-018-996,RESEARCH,EP-IND-02990
BC-02991,2026-01-01 07:06:57+00:00,0,IOMT-031,S-IOMT-031-0,LAB_RESULTS,EP-IND-02991
BC-02992,2026-01-01 07:06:58+00:00,0,IOMT-036,S-IOMT-036-1,LAB_RESULTS,EP-IND-02992
BC-02993,2026-01-01 07:07:16+00:00,1,IOMT-015,S-IOMT-015-2,IMAGING,EP-IND-02993
BC-02994,2026-01-01 07:07:17+00:00,0,IOMT-027,S-IOMT-027-3,IMAGING,EP-IND-02994
BC-02995,2026-01-01 07:07:30+00:00,0,IOMT-003,S-IOMT-003-4,LAB_RESULTS,EP-IND-02995
BC-02996,2026-01-01 07:07:36+00:00,0,IOMT-019,S-IOMT-019-5,IMAGING,EP-IND-02996
BC-02997,2026-01-01 07:07:40+00:00,0,IOMT-034,S-IOMT-034-6,EHR_READ,EP-IND-02997
BC-02998,2026-01-01 07:07:47+00:00,0,IOMT-025,S-IOMT-025-7,LAB_RESULTS,EP-IND-02998
BC-02999,2026-01-01 07:08:06+00:00,0,IOMT-048,S-IOMT-048-8,LAB_RESULTS,EP-IND-02999
BC-03000,2026-01-01 07:08:08+00:00,0,IOMT-002,S-IOMT-002-9,IMAGING,EP-IND-03000
BC-03001,2026-01-01 07:08:14+00:00,0,IOMT-010,S-IOMT-010-10,EHR_WRITE,EP-IND-03001
BC-03002,2026-01-01 07:08:17+00:00,0,IOMT-004,S-IOMT-004-11,IMAGING,EP-IND-03002
BC-03003,2026-01-01 07:08:48+00:00,0,IOMT-034,S-IOMT-034-12,LAB_RESULTS,EP-IND-03003
BC-03004,2026-01-01 07:09:01+00:00,0,IOMT-025,S-IOMT-025-13,RESEARCH,EP-IND-03004
BC-03005,2026-01-01 07:09:06+00:00,0,IOMT-048,S-IOMT-048-14,LAB_RESULTS,EP-IND-03005
BC-03006,2026-01-01 07:09:21+00:00,0,IOMT-045,S-IOMT-045-15,RESEARCH,EP-IND-03006
BC-03007,2026-01-01 07:09:59+00:00,0,IOMT-029,S-IOMT-029-16,RESEARCH,EP-IND-03007
BC-03008,2026-01-01 07:10:13+00:00,0,IOMT-000,S-IOMT-000-17,EHR_READ,EP-IND-03008
BC-03009,2026-01-01 07:11:17+00:00,0,IOMT-022,S-IOMT-022-18,LAB_RESULTS,EP-IND-03009
BC-03010,2026-01-01 07:11:19+00:00,0,IOMT-029,S-IOMT-029-19,RESEARCH,EP-IND-03010
BC-03011,2026-01-01 07:11:21+00:00,0,IOMT-037,S-IOMT-037-20,EHR_READ,EP-IND-03011
BC-03012,2026-01-01 07:11:27+00:00,0,IOMT-024,S-IOMT-024-21,EHR_WRITE,EP-IND-03012
BC-03013,2026-01-01 07:11:27+00:00,0,IOMT-002,S-IOMT-002-22,IMAGING,EP-IND-03013
BC-03014,2026-01-01 07:11:29+00:00,0,IOMT-029,S-IOMT-029-23,LAB_RESULTS,EP-IND-03014
BC-03015,2026-01-01 07:11:41+00:00,0,IOMT-028,S-IOMT-028-24,EHR_WRITE,EP-IND-03015
BC-03016,2026-01-01 07:11:42+00:00,0,IOMT-037,S-IOMT-037-25,RESEARCH,EP-IND-03016
BC-03017,2026-01-01 07:11:47+00:00,0,IOMT-041,S-IOMT-041-26,RESEARCH,EP-IND-03017
BC-03018,2026-01-01 07:11:47+00:00,0,IOMT-025,S-IOMT-025-27,EHR_READ,EP-IND-03018
BC-03019,2026-01-01 07:12:20+00:00,1,IOMT-039,S-IOMT-039-28,EHR_READ,EP-IND-03019
BC-03020,2026-01-01 07:12:58+00:00,0,IOMT-044,S-IOMT-044-29,LAB_RESULTS,EP-IND-03020
BC-03021,2026-01-01 07:13:24+00:00,0,IOMT-029,S-IOMT-029-30,EHR_WRITE,EP-IND-03021
BC-03022,2026-01-01 07:13:32+00:00,0,IOMT-031,S-IOMT-031-31,EHR_WRITE,EP-IND-03022
BC-03023,2026-01-01 07:13:41+00:00,0,IOMT-043,S-IOMT-043-32,EHR_WRITE,EP-IND-03023
BC-03024,2026-01-01 07:13:43+00:00,0,IOMT-001,S-IOMT-001-33,IMAGING,EP-IND-03024
BC-03025,2026-01-01 07:13:46+00:00,0,IOMT-045,S-IOMT-045-34,LAB_RESULTS,EP-IND-03025
BC-03026,2026-01-01 07:13:49+00:00,0,IOMT-049,S-IOMT-049-35,IMAGING,EP-IND-03026
BC-03027,2026-01-01 07:13:52+00:00,0,IOMT-047,S-IOMT-047-36,EHR_READ,EP-IND-03027
BC-03028,2026-01-01 07:14:29+00:00,0,IOMT-021,S-IOMT-021-37,RESEARCH,EP-IND-03028
BC-03029,2026-01-01 07:14:37+00:00,1,IOMT-014,S-IOMT-014-38,EHR_READ,EP-IND-03029
BC-03030,2026-01-01 07:14:47+00:00,0,IOMT-005,S-IOMT-005-39,EHR_WRITE,EP-IND-03030
BC-03031,2026-01-01 07:14:58+00:00,0,IOMT-029,S-IOMT-029-40,IMAGING,EP-IND-03031
BC-03032,2026-01-01 07:15:28+00:00,0,IOMT-017,S-IOMT-017-41,LAB_RESULTS,EP-IND-03032
BC-03033,2026-01-01 07:15:37+00:00,0,IOMT-045,S-IOMT-045-42,LAB_RESULTS,EP-IND-03033
BC-03034,2026-01-01 07:15:42+00:00,0,IOMT-009,S-IOMT-009-43,LAB_RESULTS,EP-IND-03034
BC-03035,2026-01-01 07:15:54+00:00,0,IOMT-048,S-IOMT-048-44,EHR_WRITE,EP-IND-03035
BC-03036,2026-01-01 07:16:08+00:00,0,IOMT-010,S-IOMT-010-45,LAB_RESULTS,EP-IND-03036
BC-03037,2026-01-01 07:16:11+00:00,0,IOMT-027,S-IOMT-027-46,EHR_WRITE,EP-IND-03037
BC-03038,2026-01-01 07:16:11+00:00,0,IOMT-039,S-IOMT-039-47,IMAGING,EP-IND-03038
BC-03039,2026-01-01 07:16:31+00:00,0,IOMT-048,S-IOMT-048-48,LAB_RESULTS,EP-IND-03039
BC-03040,2026-01-01 07:16:33+00:00,0,IOMT-026,S-IOMT-026-49,EHR_READ,EP-IND-03040
BC-03041,2026-01-01 07:16:54+00:00,0,IOMT-027,S-IOMT-027-50,IMAGING,EP-IND-03041
BC-03042,2026-01-01 07:17:02+00:00,0,IOMT-039,S-IOMT-039-51,EHR_WRITE,EP-IND-03042
BC-03043,2026-01-01 07:17:05+00:00,0,IOMT-041,S-IOMT-041-52,EHR_WRITE,EP-IND-03043
BC-03044,2026-01-01 07:17:08+00:00,0,IOMT-030,S-IOMT-030-53,EHR_READ,EP-IND-03044
BC-03045,2026-01-01 07:17:10+00:00,0,IOMT-034,S-IOMT-034-54,LAB_RESULTS,EP-IND-03045
BC-03046,2026-01-01 07:17:12+00:00,0,IOMT-041,S-IOMT-041-55,EHR_READ,EP-IND-03046
BC-03047,2026-01-01 07:17:17+00:00,0,IOMT-025,S-IOMT-025-56,IMAGING,EP-IND-03047
BC-03048,2026-01-01 07:17:29+00:00,0,IOMT-036,S-IOMT-036-57,LAB_RESULTS,EP-IND-03048
BC-03049,2026-01-01 07:17:33+00:00,0,IOMT-018,S-IOMT-018-58,EHR_WRITE,EP-IND-03049
BC-03050,2026-01-01 07:17:41+00:00,0,IOMT-034,S-IOMT-034-59,LAB_RESULTS,EP-IND-03050
BC-03051,2026-01-01 07:17:41+00:00,0,IOMT-005,S-IOMT-005-60,IMAGING,EP-IND-03051
BC-03052,2026-01-01 07:17:47+00:00,0,IOMT-013,S-IOMT-013-61,IMAGING,EP-IND-03052
BC-03053,2026-01-01 07:17:48+00:00,0,IOMT-017,S-IOMT-017-62,LAB_RESULTS,EP-IND-03053
BC-03054,2026-01-01 07:18:04+00:00,0,IOMT-046,S-IOMT-046-63,LAB_RESULTS,EP-IND-03054
BC-03055,2026-01-01 07:18:07+00:00,0,IOMT-030,S-IOMT-030-64,EHR_WRITE,EP-IND-03055
BC-03056,2026-01-01 07:18:08+00:00,0,IOMT-029,S-IOMT-029-65,IMAGING,EP-IND-03056
BC-03057,2026-01-01 07:18:27+00:00,0,IOMT-038,S-IOMT-038-66,EHR_READ,EP-IND-03057
BC-03058,2026-01-01 07:18:27+00:00,0,IOMT-007,S-IOMT-007-67,LAB_RESULTS,EP-IND-03058
BC-03059,2026-01-01 07:18:32+00:00,0,IOMT-025,S-IOMT-025-68,EHR_WRITE,EP-IND-03059
BC-03060,2026-01-01 07:18:40+00:00,0,IOMT-032,S-IOMT-032-69,IMAGING,EP-IND-03060
BC-03061,2026-01-01 07:18:43+00:00,0,IOMT-024,S-IOMT-024-70,RESEARCH,EP-IND-03061
BC-03062,2026-01-01 07:18:50+00:00,0,IOMT-031,S-IOMT-031-71,IMAGING,EP-IND-03062
BC-03063,2026-01-01 07:18:55+00:00,0,IOMT-038,S-IOMT-038-72,EHR_READ,EP-IND-03063
BC-03064,2026-01-01 07:19:07+00:00,0,IOMT-024,S-IOMT-024-73,IMAGING,EP-IND-03064
BC-03065,2026-01-01 07:19:10+00:00,0,IOMT-006,S-IOMT-006-74,EHR_WRITE,EP-IND-03065
BC-03066,2026-01-01 07:19:16+00:00,0,IOMT-024,S-IOMT-024-75,LAB_RESULTS,EP-IND-03066
BC-03067,2026-01-01 07:19:27+00:00,0,IOMT-031,S-IOMT-031-76,IMAGING,EP-IND-03067
BC-03068,2026-01-01 07:19:36+00:00,0,IOMT-024,S-IOMT-024-77,LAB_RESULTS,EP-IND-03068
BC-03069,2026-01-01 07:19:45+00:00,0,IOMT-004,S-IOMT-004-78,EHR_READ,EP-IND-03069
BC-03070,2026-01-01 07:20:00+00:00,0,IOMT-026,S-IOMT-026-79,IMAGING,EP-IND-03070
BC-03071,2026-01-01 07:20:05+00:00,0,IOMT-006,S-IOMT-006-80,IMAGING,EP-IND-03071
BC-03072,2026-01-01 07:20:10+00:00,0,IOMT-025,S-IOMT-025-81,RESEARCH,EP-IND-03072
BC-03073,2026-01-01 07:20:11+00:00,0,IOMT-038,S-IOMT-038-82,LAB_RESULTS,EP-IND-03073
BC-03074,2026-01-01 07:20:44+00:00,0,IOMT-031,S-IOMT-031-83,EHR_WRITE,EP-IND-03074
BC-03075,2026-01-01 07:21:01+00:00,0,IOMT-036,S-IOMT-036-84,LAB_RESULTS,EP-IND-03075
BC-03076,2026-01-01 07:21:14+00:00,0,IOMT-016,S-IOMT-016-85,EHR_READ,EP-IND-03076
BC-03077,2026-01-01 07:21:45+00:00,0,IOMT-012,S-IOMT-012-86,IMAGING,EP-IND-03077
BC-03078,2026-01-01 07:21:55+00:00,0,IOMT-036,S-IOMT-036-87,IMAGING,EP-IND-03078
BC-03079,2026-01-01 07:21:57+00:00,0,IOMT-013,S-IOMT-013-88,RESEARCH,EP-IND-03079
BC-03080,2026-01-01 07:22:18+00:00,0,IOMT-028,S-IOMT-028-89,LAB_RESULTS,EP-IND-03080
BC-03081,2026-01-01 07:22:33+00:00,0,IOMT-044,S-IOMT-044-90,IMAGING,EP-IND-03081
BC-03082,2026-01-01 07:22:57+00:00,0,IOMT-035,S-IOMT-035-91,RESEARCH,EP-IND-03082
BC-03083,2026-01-01 07:23:22+00:00,0,IOMT-019,S-IOMT-019-92,EHR_WRITE,EP-IND-03083
BC-03084,2026-01-01 07:23:28+00:00,0,IOMT-010,S-IOMT-010-93,IMAGING,EP-IND-03084
BC-03085,2026-01-01 07:23:41+00:00,0,IOMT-022,S-IOMT-022-94,EHR_WRITE,EP-IND-03085
BC-03086,2026-01-01 07:23:46+00:00,0,IOMT-019,S-IOMT-019-95,EHR_WRITE,EP-IND-03086
BC-03087,2026-01-01 07:23:46+00:00,1,IOMT-006,S-IOMT-006-96,EHR_WRITE,EP-IND-03087
BC-03088,2026-01-01 07:23:48+00:00,0,IOMT-001,S-IOMT-001-97,RESEARCH,EP-IND-03088
BC-03089,2026-01-01 07:23:50+00:00,0,IOMT-010,S-IOMT-010-98,EHR_WRITE,EP-IND-03089
BC-03090,2026-01-01 07:23:58+00:00,0,IOMT-046,S-IOMT-046-99,LAB_RESULTS,EP-IND-03090
BC-03091,2026-01-01 07:24:03+00:00,0,IOMT-030,S-IOMT-030-100,EHR_READ,EP-IND-03091
BC-03092,2026-01-01 07:24:14+00:00,0,IOMT-040,S-IOMT-040-101,RESEARCH,EP-IND-03092
BC-03093,2026-01-01 07:24:24+00:00,0,IOMT-021,S-IOMT-021-102,EHR_READ,EP-IND-03093
BC-03094,2026-01-01 07:24:31+00:00,0,IOMT-004,S-IOMT-004-103,RESEARCH,EP-IND-03094
BC-03095,2026-01-01 07:25:06+00:00,0,IOMT-014,S-IOMT-014-104,LAB_RESULTS,EP-IND-03095
BC-03096,2026-01-01 07:25:16+00:00,0,IOMT-018,S-IOMT-018-105,EHR_READ,EP-IND-03096
BC-03097,2026-01-01 07:25:21+00:00,0,IOMT-018,S-IOMT-018-106,EHR_WRITE,EP-IND-03097
BC-03098,2026-01-01 07:25:24+00:00,0,IOMT-043,S-IOMT-043-107,RESEARCH,EP-IND-03098
BC-03099,2026-01-01 07:25:26+00:00,0,IOMT-020,S-IOMT-020-108,EHR_READ,EP-IND-03099
BC-03100,2026-01-01 07:25:51+00:00,0,IOMT-032,S-IOMT-032-109,LAB_RESULTS,EP-IND-03100
BC-03101,2026-01-01 07:25:59+00:00,0,IOMT-029,S-IOMT-029-110,EHR_READ,EP-IND-03101
BC-03102,2026-01-01 07:26:00+00:00,0,IOMT-025,S-IOMT-025-111,EHR_WRITE,EP-IND-03102
BC-03103,2026-01-01 07:26:07+00:00,0,IOMT-026,S-IOMT-026-112,EHR_READ,EP-IND-03103
BC-03104,2026-01-01 07:26:11+00:00,0,IOMT-007,S-IOMT-007-113,LAB_RESULTS,EP-IND-03104
BC-03105,2026-01-01 07:26:17+00:00,0,IOMT-002,S-IOMT-002-114,IMAGING,EP-IND-03105
BC-03106,2026-01-01 07:26:34+00:00,1,IOMT-033,S-IOMT-033-115,EHR_WRITE,EP-IND-03106
BC-03107,2026-01-01 07:26:37+00:00,0,IOMT-017,S-IOMT-017-116,EHR_READ,EP-IND-03107
BC-03108,2026-01-01 07:26:40+00:00,0,IOMT-039,S-IOMT-039-117,EHR_WRITE,EP-IND-03108
BC-03109,2026-01-01 07:27:01+00:00,0,IOMT-036,S-IOMT-036-118,EHR_READ,EP-IND-03109
BC-03110,2026-01-01 07:27:02+00:00,0,IOMT-042,S-IOMT-042-119,LAB_RESULTS,EP-IND-03110
BC-03111,2026-01-01 07:27:05+00:00,0,IOMT-030,S-IOMT-030-120,EHR_WRITE,EP-IND-03111
BC-03112,2026-01-01 07:27:09+00:00,0,IOMT-014,S-IOMT-014-121,EHR_WRITE,EP-IND-03112
BC-03113,2026-01-01 07:27:15+00:00,0,IOMT-013,S-IOMT-013-122,LAB_RESULTS,EP-IND-03113
BC-03114,2026-01-01 07:27:24+00:00,0,IOMT-002,S-IOMT-002-123,IMAGING,EP-IND-03114
BC-03115,2026-01-01 07:27:46+00:00,0,IOMT-008,S-IOMT-008-124,RESEARCH,EP-IND-03115
BC-03116,2026-01-01 07:27:50+00:00,0,IOMT-036,S-IOMT-036-125,EHR_READ,EP-IND-03116
BC-03117,2026-01-01 07:27:58+00:00,0,IOMT-025,S-IOMT-025-126,EHR_READ,EP-IND-03117
BC-03118,2026-01-01 07:28:05+00:00,0,IOMT-007,S-IOMT-007-127,IMAGING,EP-IND-03118
BC-03119,2026-01-01 07:28:10+00:00,0,IOMT-004,S-IOMT-004-128,RESEARCH,EP-IND-03119
BC-03120,2026-01-01 07:28:22+00:00,0,IOMT-013,S-IOMT-013-129,EHR_READ,EP-IND-03120
BC-03121,2026-01-01 07:28:55+00:00,0,IOMT-016,S-IOMT-016-130,RESEARCH,EP-IND-03121
BC-03122,2026-01-01 07:28:58+00:00,0,IOMT-019,S-IOMT-019-131,IMAGING,EP-IND-03122
BC-03123,2026-01-01 07:29:01+00:00,0,IOMT-008,S-IOMT-008-132,RESEARCH,EP-IND-03123
BC-03124,2026-01-01 07:29:06+00:00,0,IOMT-041,S-IOMT-041-133,IMAGING,EP-IND-03124
BC-03125,2026-01-01 07:29:11+00:00,0,IOMT-024,S-IOMT-024-134,LAB_RESULTS,EP-IND-03125
BC-03126,2026-01-01 07:29:13+00:00,0,IOMT-031,S-IOMT-031-135,EHR_READ,EP-IND-03126
BC-03127,2026-01-01 07:29:26+00:00,0,IOMT-017,S-IOMT-017-136,LAB_RESULTS,EP-IND-03127
BC-03128,2026-01-01 07:29:27+00:00,0,IOMT-033,S-IOMT-033-137,LAB_RESULTS,EP-IND-03128
BC-03129,2026-01-01 07:29:36+00:00,0,IOMT-017,S-IOMT-017-138,EHR_READ,EP-IND-03129
BC-03130,2026-01-01 07:29:42+00:00,0,IOMT-024,S-IOMT-024-139,LAB_RESULTS,EP-IND-03130
BC-03131,2026-01-01 07:29:53+00:00,1,IOMT-038,S-IOMT-038-140,LAB_RESULTS,EP-IND-03131
BC-03132,2026-01-01 07:29:56+00:00,0,IOMT-021,S-IOMT-021-141,IMAGING,EP-IND-03132
BC-03133,2026-01-01 07:30:04+00:00,0,IOMT-036,S-IOMT-036-142,IMAGING,EP-IND-03133
BC-03134,2026-01-01 07:30:34+00:00,0,IOMT-045,S-IOMT-045-143,RESEARCH,EP-IND-03134
BC-03135,2026-01-01 07:30:42+00:00,0,IOMT-020,S-IOMT-020-144,RESEARCH,EP-IND-03135
BC-03136,2026-01-01 07:30:49+00:00,0,IOMT-026,S-IOMT-026-145,EHR_WRITE,EP-IND-03136
BC-03137,2026-01-01 07:30:50+00:00,0,IOMT-048,S-IOMT-048-146,EHR_WRITE,EP-IND-03137
BC-03138,2026-01-01 07:30:51+00:00,0,IOMT-031,S-IOMT-031-147,RESEARCH,EP-IND-03138
BC-03139,2026-01-01 07:31:04+00:00,0,IOMT-018,S-IOMT-018-148,EHR_WRITE,EP-IND-03139
BC-03140,2026-01-01 07:31:05+00:00,0,IOMT-037,S-IOMT-037-149,EHR_WRITE,EP-IND-03140
BC-03141,2026-01-01 07:31:12+00:00,0,IOMT-032,S-IOMT-032-150,LAB_RESULTS,EP-IND-03141
BC-03142,2026-01-01 07:31:13+00:00,0,IOMT-024,S-IOMT-024-151,IMAGING,EP-IND-03142
BC-03143,2026-01-01 07:31:18+00:00,0,IOMT-003,S-IOMT-003-152,EHR_READ,EP-IND-03143
BC-03144,2026-01-01 07:31:22+00:00,0,IOMT-009,S-IOMT-009-153,EHR_READ,EP-IND-03144
BC-03145,2026-01-01 07:31:26+00:00,0,IOMT-008,S-IOMT-008-154,EHR_WRITE,EP-IND-03145
BC-03146,2026-01-01 07:31:30+00:00,0,IOMT-033,S-IOMT-033-155,LAB_RESULTS,EP-IND-03146
BC-03147,2026-01-01 07:31:31+00:00,0,IOMT-017,S-IOMT-017-156,EHR_READ,EP-IND-03147
BC-03148,2026-01-01 07:31:43+00:00,0,IOMT-018,S-IOMT-018-157,EHR_READ,EP-IND-03148
BC-03149,2026-01-01 07:31:45+00:00,0,IOMT-012,S-IOMT-012-158,RESEARCH,EP-IND-03149
BC-03150,2026-01-01 07:32:12+00:00,0,IOMT-025,S-IOMT-025-159,EHR_WRITE,EP-IND-03150
BC-03151,2026-01-01 07:32:13+00:00,0,IOMT-036,S-IOMT-036-160,RESEARCH,EP-IND-03151
BC-03152,2026-01-01 07:32:22+00:00,0,IOMT-026,S-IOMT-026-161,EHR_READ,EP-IND-03152
BC-03153,2026-01-01 07:32:25+00:00,0,IOMT-043,S-IOMT-043-162,EHR_WRITE,EP-IND-03153
BC-03154,2026-01-01 07:32:31+00:00,0,IOMT-001,S-IOMT-001-163,RESEARCH,EP-IND-03154
BC-03155,2026-01-01 07:32:44+00:00,0,IOMT-035,S-IOMT-035-164,EHR_WRITE,EP-IND-03155
BC-03156,2026-01-01 07:32:57+00:00,0,IOMT-003,S-IOMT-003-165,LAB_RESULTS,EP-IND-03156
BC-03157,2026-01-01 07:33:07+00:00,0,IOMT-036,S-IOMT-036-166,RESEARCH,EP-IND-03157
BC-03158,2026-01-01 07:33:16+00:00,0,IOMT-015,S-IOMT-015-167,LAB_RESULTS,EP-IND-03158
BC-03159,2026-01-01 07:33:19+00:00,0,IOMT-003,S-IOMT-003-168,RESEARCH,EP-IND-03159
BC-03160,2026-01-01 07:33:22+00:00,0,IOMT-018,S-IOMT-018-169,EHR_READ,EP-IND-03160
BC-03161,2026-01-01 07:33:27+00:00,0,IOMT-016,S-IOMT-016-170,RESEARCH,EP-IND-03161
BC-03162,2026-01-01 07:33:43+00:00,0,IOMT-028,S-IOMT-028-171,LAB_RESULTS,EP-IND-03162
BC-03163,2026-01-01 07:33:51+00:00,0,IOMT-015,S-IOMT-015-172,LAB_RESULTS,EP-IND-03163
BC-03164,2026-01-01 07:34:27+00:00,0,IOMT-033,S-IOMT-033-173,RESEARCH,EP-IND-03164
BC-03165,2026-01-01 07:34:35+00:00,0,IOMT-008,S-IOMT-008-174,EHR_WRITE,EP-IND-03165
BC-03166,2026-01-01 07:34:38+00:00,0,IOMT-003,S-IOMT-003-175,RESEARCH,EP-IND-03166
BC-03167,2026-01-01 07:34:43+00:00,0,IOMT-043,S-IOMT-043-176,RESEARCH,EP-IND-03167
BC-03168,2026-01-01 07:34:43+00:00,1,IOMT-001,S-IOMT-001-177,EHR_READ,EP-IND-03168
BC-03169,2026-01-01 07:35:37+00:00,0,IOMT-010,S-IOMT-010-178,LAB_RESULTS,EP-IND-03169
BC-03170,2026-01-01 07:35:50+00:00,0,IOMT-031,S-IOMT-031-179,LAB_RESULTS,EP-IND-03170
BC-03171,2026-01-01 07:36:10+00:00,0,IOMT-027,S-IOMT-027-180,RESEARCH,EP-IND-03171
BC-03172,2026-01-01 07:36:35+00:00,0,IOMT-013,S-IOMT-013-181,LAB_RESULTS,EP-IND-03172
BC-03173,2026-01-01 07:36:42+00:00,0,IOMT-014,S-IOMT-014-182,IMAGING,EP-IND-03173
BC-03174,2026-01-01 07:36:49+00:00,0,IOMT-004,S-IOMT-004-183,EHR_WRITE,EP-IND-03174
BC-03175,2026-01-01 07:36:58+00:00,0,IOMT-029,S-IOMT-029-184,IMAGING,EP-IND-03175
BC-03176,2026-01-01 07:37:05+00:00,0,IOMT-036,S-IOMT-036-185,RESEARCH,EP-IND-03176
BC-03177,2026-01-01 07:37:10+00:00,1,IOMT-034,S-IOMT-034-186,EHR_WRITE,EP-IND-03177
BC-03178,2026-01-01 07:37:24+00:00,0,IOMT-029,S-IOMT-029-187,IMAGING,EP-IND-03178
BC-03179,2026-01-01 07:37:25+00:00,0,IOMT-037,S-IOMT-037-188,RESEARCH,EP-IND-03179
BC-03180,2026-01-01 07:37:27+00:00,0,IOMT-010,S-IOMT-010-189,LAB_RESULTS,EP-IND-03180
BC-03181,2026-01-01 07:37:38+00:00,0,IOMT-044,S-IOMT-044-190,RESEARCH,EP-IND-03181
BC-03182,2026-01-01 07:37:41+00:00,0,IOMT-010,S-IOMT-010-191,RESEARCH,EP-IND-03182
BC-03183,2026-01-01 07:37:47+00:00,0,IOMT-048,S-IOMT-048-192,EHR_READ,EP-IND-03183
BC-03184,2026-01-01 07:37:49+00:00,0,IOMT-025,S-IOMT-025-193,LAB_RESULTS,EP-IND-03184
BC-03185,2026-01-01 07:38:07+00:00,0,IOMT-009,S-IOMT-009-194,RESEARCH,EP-IND-03185
BC-03186,2026-01-01 07:38:25+00:00,1,IOMT-002,S-IOMT-002-195,EHR_WRITE,EP-IND-03186
BC-03187,2026-01-01 07:38:27+00:00,0,IOMT-003,S-IOMT-003-196,LAB_RESULTS,EP-IND-03187
BC-03188,2026-01-01 07:38:37+00:00,0,IOMT-043,S-IOMT-043-197,LAB_RESULTS,EP-IND-03188
BC-03189,2026-01-01 07:38:39+00:00,1,IOMT-041,S-IOMT-041-198,EHR_WRITE,EP-IND-03189
BC-03190,2026-01-01 07:38:39+00:00,0,IOMT-028,S-IOMT-028-199,IMAGING,EP-IND-03190
BC-03191,2026-01-01 07:38:46+00:00,0,IOMT-030,S-IOMT-030-200,EHR_READ,EP-IND-03191
BC-03192,2026-01-01 07:39:06+00:00,0,IOMT-006,S-IOMT-006-201,IMAGING,EP-IND-03192
BC-03193,2026-01-01 07:39:10+00:00,0,IOMT-027,S-IOMT-027-202,IMAGING,EP-IND-03193
BC-03194,2026-01-01 07:39:22+00:00,0,IOMT-048,S-IOMT-048-203,RESEARCH,EP-IND-03194
BC-03195,2026-01-01 07:39:26+00:00,0,IOMT-009,S-IOMT-009-204,IMAGING,EP-IND-03195
BC-03196,2026-01-01 07:39:41+00:00,0,IOMT-024,S-IOMT-024-205,EHR_WRITE,EP-IND-03196
BC-03197,2026-01-01 07:39:55+00:00,0,IOMT-036,S-IOMT-036-206,EHR_READ,EP-IND-03197
BC-03198,2026-01-01 07:40:13+00:00,1,IOMT-046,S-IOMT-046-207,EHR_READ,EP-IND-03198
BC-03199,2026-01-01 07:40:26+00:00,0,IOMT-024,S-IOMT-024-208,EHR_WRITE,EP-IND-03199
BC-03200,2026-01-01 07:40:52+00:00,0,IOMT-043,S-IOMT-043-209,IMAGING,EP-IND-03200
BC-03201,2026-01-01 07:40:57+00:00,0,IOMT-022,S-IOMT-022-210,LAB_RESULTS,EP-IND-03201
BC-03202,2026-01-01 07:41:13+00:00,0,IOMT-033,S-IOMT-033-211,IMAGING,EP-IND-03202
BC-03203,2026-01-01 07:41:26+00:00,0,IOMT-049,S-IOMT-049-212,EHR_WRITE,EP-IND-03203
BC-03204,2026-01-01 07:41:27+00:00,0,IOMT-042,S-IOMT-042-213,EHR_WRITE,EP-IND-03204
BC-03205,2026-01-01 07:41:28+00:00,0,IOMT-014,S-IOMT-014-214,EHR_WRITE,EP-IND-03205
BC-03206,2026-01-01 07:41:31+00:00,0,IOMT-042,S-IOMT-042-215,EHR_READ,EP-IND-03206
BC-03207,2026-01-01 07:41:50+00:00,0,IOMT-020,S-IOMT-020-216,RESEARCH,EP-IND-03207
BC-03208,2026-01-01 07:41:54+00:00,0,IOMT-045,S-IOMT-045-217,LAB_RESULTS,EP-IND-03208
BC-03209,2026-01-01 07:41:57+00:00,0,IOMT-036,S-IOMT-036-218,EHR_READ,EP-IND-03209
BC-03210,2026-01-01 07:42:02+00:00,0,IOMT-000,S-IOMT-000-219,RESEARCH,EP-IND-03210
BC-03211,2026-01-01 07:42:08+00:00,0,IOMT-009,S-IOMT-009-220,LAB_RESULTS,EP-IND-03211
BC-03212,2026-01-01 07:42:13+00:00,0,IOMT-044,S-IOMT-044-221,RESEARCH,EP-IND-03212
BC-03213,2026-01-01 07:42:17+00:00,0,IOMT-004,S-IOMT-004-222,EHR_READ,EP-IND-03213
BC-03214,2026-01-01 07:42:31+00:00,0,IOMT-008,S-IOMT-008-223,LAB_RESULTS,EP-IND-03214
BC-03215,2026-01-01 07:42:32+00:00,0,IOMT-014,S-IOMT-014-224,RESEARCH,EP-IND-03215
BC-03216,2026-01-01 07:42:36+00:00,0,IOMT-032,S-IOMT-032-225,EHR_WRITE,EP-IND-03216
BC-03217,2026-01-01 07:42:51+00:00,0,IOMT-016,S-IOMT-016-226,LAB_RESULTS,EP-IND-03217
BC-03218,2026-01-01 07:42:57+00:00,0,IOMT-005,S-IOMT-005-227,RESEARCH,EP-IND-03218
BC-03219,2026-01-01 07:43:15+00:00,0,IOMT-008,S-IOMT-008-228,IMAGING,EP-IND-03219
BC-03220,2026-01-01 07:43:20+00:00,0,IOMT-017,S-IOMT-017-229,IMAGING,EP-IND-03220
BC-03221,2026-01-01 07:43:27+00:00,0,IOMT-036,S-IOMT-036-230,LAB_RESULTS,EP-IND-03221
BC-03222,2026-01-01 07:43:28+00:00,0,IOMT-013,S-IOMT-013-231,EHR_WRITE,EP-IND-03222
BC-03223,2026-01-01 07:43:54+00:00,0,IOMT-008,S-IOMT-008-232,IMAGING,EP-IND-03223
BC-03224,2026-01-01 07:43:54+00:00,0,IOMT-041,S-IOMT-041-233,LAB_RESULTS,EP-IND-03224
BC-03225,2026-01-01 07:43:59+00:00,0,IOMT-025,S-IOMT-025-234,LAB_RESULTS,EP-IND-03225
BC-03226,2026-01-01 07:44:14+00:00,0,IOMT-001,S-IOMT-001-235,IMAGING,EP-IND-03226
BC-03227,2026-01-01 07:44:17+00:00,0,IOMT-003,S-IOMT-003-236,EHR_WRITE,EP-IND-03227
BC-03228,2026-01-01 07:44:18+00:00,0,IOMT-007,S-IOMT-007-237,RESEARCH,EP-IND-03228
BC-03229,2026-01-01 07:44:19+00:00,0,IOMT-034,S-IOMT-034-238,IMAGING,EP-IND-03229
BC-03230,2026-01-01 07:44:24+00:00,0,IOMT-049,S-IOMT-049-239,LAB_RESULTS,EP-IND-03230
BC-03231,2026-01-01 07:44:28+00:00,0,IOMT-042,S-IOMT-042-240,EHR_WRITE,EP-IND-03231
BC-03232,2026-01-01 07:44:34+00:00,0,IOMT-049,S-IOMT-049-241,EHR_READ,EP-IND-03232
BC-03233,2026-01-01 07:44:53+00:00,0,IOMT-010,S-IOMT-010-242,RESEARCH,EP-IND-03233
BC-03234,2026-01-01 07:45:00+00:00,0,IOMT-042,S-IOMT-042-243,EHR_READ,EP-IND-03234
BC-03235,2026-01-01 07:45:28+00:00,0,IOMT-010,S-IOMT-010-244,EHR_WRITE,EP-IND-03235
BC-03236,2026-01-01 07:45:47+00:00,0,IOMT-011,S-IOMT-011-245,LAB_RESULTS,EP-IND-03236
BC-03237,2026-01-01 07:45:50+00:00,0,IOMT-018,S-IOMT-018-246,EHR_WRITE,EP-IND-03237
BC-03238,2026-01-01 07:45:56+00:00,0,IOMT-009,S-IOMT-009-247,LAB_RESULTS,EP-IND-03238
BC-03239,2026-01-01 07:45:58+00:00,0,IOMT-007,S-IOMT-007-248,RESEARCH,EP-IND-03239
BC-03240,2026-01-01 07:46:16+00:00,0,IOMT-038,S-IOMT-038-249,EHR_WRITE,EP-IND-03240
BC-03241,2026-01-01 07:46:25+00:00,0,IOMT-041,S-IOMT-041-250,EHR_WRITE,EP-IND-03241
BC-03242,2026-01-01 07:46:31+00:00,0,IOMT-037,S-IOMT-037-251,EHR_READ,EP-IND-03242
BC-03243,2026-01-01 07:46:34+00:00,0,IOMT-036,S-IOMT-036-252,LAB_RESULTS,EP-IND-03243
BC-03244,2026-01-01 07:46:41+00:00,0,IOMT-022,S-IOMT-022-253,IMAGING,EP-IND-03244
BC-03245,2026-01-01 07:46:54+00:00,0,IOMT-029,S-IOMT-029-254,EHR_READ,EP-IND-03245
BC-03246,2026-01-01 07:47:05+00:00,0,IOMT-031,S-IOMT-031-255,IMAGING,EP-IND-03246
BC-03247,2026-01-01 07:47:29+00:00,0,IOMT-025,S-IOMT-025-256,EHR_READ,EP-IND-03247
BC-03248,2026-01-01 07:47:32+00:00,0,IOMT-035,S-IOMT-035-257,LAB_RESULTS,EP-IND-03248
BC-03249,2026-01-01 07:47:35+00:00,0,IOMT-007,S-IOMT-007-258,LAB_RESULTS,EP-IND-03249
BC-03250,2026-01-01 07:47:47+00:00,0,IOMT-028,S-IOMT-028-259,RESEARCH,EP-IND-03250
BC-03251,2026-01-01 07:47:57+00:00,0,IOMT-025,S-IOMT-025-260,LAB_RESULTS,EP-IND-03251
BC-03252,2026-01-01 07:48:12+00:00,0,IOMT-021,S-IOMT-021-261,EHR_READ,EP-IND-03252
BC-03253,2026-01-01 07:48:14+00:00,0,IOMT-012,S-IOMT-012-262,EHR_WRITE,EP-IND-03253
BC-03254,2026-01-01 07:48:16+00:00,0,IOMT-030,S-IOMT-030-263,IMAGING,EP-IND-03254
BC-03255,2026-01-01 07:48:21+00:00,0,IOMT-016,S-IOMT-016-264,EHR_WRITE,EP-IND-03255
BC-03256,2026-01-01 07:48:28+00:00,0,IOMT-043,S-IOMT-043-265,EHR_READ,EP-IND-03256
BC-03257,2026-01-01 07:48:35+00:00,0,IOMT-040,S-IOMT-040-266,IMAGING,EP-IND-03257
BC-03258,2026-01-01 07:48:58+00:00,0,IOMT-033,S-IOMT-033-267,EHR_WRITE,EP-IND-03258
BC-03259,2026-01-01 07:49:00+00:00,0,IOMT-014,S-IOMT-014-268,LAB_RESULTS,EP-IND-03259
BC-03260,2026-01-01 07:49:06+00:00,0,IOMT-006,S-IOMT-006-269,EHR_WRITE,EP-IND-03260
BC-03261,2026-01-01 07:49:09+00:00,1,IOMT-004,S-IOMT-004-270,EHR_READ,EP-IND-03261
BC-03262,2026-01-01 07:49:12+00:00,0,IOMT-000,S-IOMT-000-271,LAB_RESULTS,EP-IND-03262
BC-03263,2026-01-01 07:49:30+00:00,0,IOMT-013,S-IOMT-013-272,IMAGING,EP-IND-03263
BC-03264,2026-01-01 07:49:33+00:00,0,IOMT-010,S-IOMT-010-273,IMAGING,EP-IND-03264
BC-03265,2026-01-01 07:49:38+00:00,0,IOMT-007,S-IOMT-007-274,EHR_WRITE,EP-IND-03265
BC-03266,2026-01-01 07:49:39+00:00,0,IOMT-029,S-IOMT-029-275,RESEARCH,EP-IND-03266
BC-03267,2026-01-01 07:49:52+00:00,0,IOMT-044,S-IOMT-044-276,IMAGING,EP-IND-03267
BC-03268,2026-01-01 07:49:55+00:00,0,IOMT-035,S-IOMT-035-277,EHR_READ,EP-IND-03268
BC-03269,2026-01-01 07:50:00+00:00,0,IOMT-021,S-IOMT-021-278,RESEARCH,EP-IND-03269
BC-03270,2026-01-01 07:50:01+00:00,0,IOMT-028,S-IOMT-028-279,RESEARCH,EP-IND-03270
BC-03271,2026-01-01 07:50:04+00:00,0,IOMT-045,S-IOMT-045-280,EHR_READ,EP-IND-03271
BC-03272,2026-01-01 07:50:08+00:00,0,IOMT-003,S-IOMT-003-281,EHR_WRITE,EP-IND-03272
BC-03273,2026-01-01 07:50:11+00:00,0,IOMT-023,S-IOMT-023-282,EHR_WRITE,EP-IND-03273
BC-03274,2026-01-01 07:50:32+00:00,0,IOMT-043,S-IOMT-043-283,EHR_WRITE,EP-IND-03274
BC-03275,2026-01-01 07:50:36+00:00,0,IOMT-027,S-IOMT-027-284,LAB_RESULTS,EP-IND-03275
BC-03276,2026-01-01 07:51:06+00:00,0,IOMT-020,S-IOMT-020-285,IMAGING,EP-IND-03276
BC-03277,2026-01-01 07:51:06+00:00,0,IOMT-020,S-IOMT-020-286,LAB_RESULTS,EP-IND-03277
BC-03278,2026-01-01 07:51:16+00:00,0,IOMT-037,S-IOMT-037-287,EHR_READ,EP-IND-03278
BC-03279,2026-01-01 07:51:22+00:00,0,IOMT-049,S-IOMT-049-288,RESEARCH,EP-IND-03279
BC-03280,2026-01-01 07:51:27+00:00,0,IOMT-018,S-IOMT-018-289,EHR_WRITE,EP-IND-03280
BC-03281,2026-01-01 07:51:31+00:00,0,IOMT-000,S-IOMT-000-290,EHR_WRITE,EP-IND-03281
BC-03282,2026-01-01 07:51:52+00:00,0,IOMT-002,S-IOMT-002-291,IMAGING,EP-IND-03282
BC-03283,2026-01-01 07:51:58+00:00,1,IOMT-011,S-IOMT-011-292,EHR_READ,EP-IND-03283
BC-03284,2026-01-01 07:52:01+00:00,0,IOMT-049,S-IOMT-049-293,EHR_READ,EP-IND-03284
BC-03285,2026-01-01 07:52:02+00:00,0,IOMT-027,S-IOMT-027-294,EHR_READ,EP-IND-03285
BC-03286,2026-01-01 07:52:04+00:00,0,IOMT-011,S-IOMT-011-295,LAB_RESULTS,EP-IND-03286
BC-03287,2026-01-01 07:52:10+00:00,0,IOMT-023,S-IOMT-023-296,LAB_RESULTS,EP-IND-03287
BC-03288,2026-01-01 07:52:21+00:00,0,IOMT-037,S-IOMT-037-297,LAB_RESULTS,EP-IND-03288
BC-03289,2026-01-01 07:52:22+00:00,0,IOMT-011,S-IOMT-011-298,RESEARCH,EP-IND-03289
BC-03290,2026-01-01 07:52:27+00:00,0,IOMT-002,S-IOMT-002-299,EHR_WRITE,EP-IND-03290
BC-03291,2026-01-01 07:52:34+00:00,0,IOMT-015,S-IOMT-015-300,LAB_RESULTS,EP-IND-03291
BC-03292,2026-01-01 07:52:44+00:00,0,IOMT-031,S-IOMT-031-301,LAB_RESULTS,EP-IND-03292
BC-03293,2026-01-01 07:52:45+00:00,0,IOMT-006,S-IOMT-006-302,EHR_READ,EP-IND-03293
BC-03294,2026-01-01 07:52:49+00:00,0,IOMT-011,S-IOMT-011-303,EHR_READ,EP-IND-03294
BC-03295,2026-01-01 07:53:03+00:00,0,IOMT-049,S-IOMT-049-304,IMAGING,EP-IND-03295
BC-03296,2026-01-01 07:53:04+00:00,0,IOMT-038,S-IOMT-038-305,LAB_RESULTS,EP-IND-03296
BC-03297,2026-01-01 07:53:16+00:00,0,IOMT-005,S-IOMT-005-306,IMAGING,EP-IND-03297
BC-03298,2026-01-01 07:53:35+00:00,0,IOMT-006,S-IOMT-006-307,IMAGING,EP-IND-03298
BC-03299,2026-01-01 07:53:36+00:00,0,IOMT-031,S-IOMT-031-308,IMAGING,EP-IND-03299
BC-03300,2026-01-01 07:53:40+00:00,0,IOMT-006,S-IOMT-006-309,EHR_READ,EP-IND-03300
BC-03301,2026-01-01 07:53:54+00:00,0,IOMT-027,S-IOMT-027-310,LAB_RESULTS,EP-IND-03301
BC-03302,2026-01-01 07:53:57+00:00,0,IOMT-018,S-IOMT-018-311,EHR_WRITE,EP-IND-03302
BC-03303,2026-01-01 07:54:12+00:00,0,IOMT-046,S-IOMT-046-312,IMAGING,EP-IND-03303
BC-03304,2026-01-01 07:54:21+00:00,0,IOMT-033,S-IOMT-033-313,IMAGING,EP-IND-03304
BC-03305,2026-01-01 07:54:28+00:00,0,IOMT-046,S-IOMT-046-314,LAB_RESULTS,EP-IND-03305
BC-03306,2026-01-01 07:54:30+00:00,0,IOMT-019,S-IOMT-019-315,LAB_RESULTS,EP-IND-03306
BC-03307,2026-01-01 07:54:31+00:00,0,IOMT-033,S-IOMT-033-316,LAB_RESULTS,EP-IND-03307
BC-03308,2026-01-01 07:54:40+00:00,0,IOMT-018,S-IOMT-018-317,IMAGING,EP-IND-03308
BC-03309,2026-01-01 07:54:46+00:00,0,IOMT-041,S-IOMT-041-318,EHR_WRITE,EP-IND-03309
BC-03310,2026-01-01 07:54:48+00:00,0,IOMT-019,S-IOMT-019-319,IMAGING,EP-IND-03310
BC-03311,2026-01-01 07:54:58+00:00,0,IOMT-038,S-IOMT-038-320,LAB_RESULTS,EP-IND-03311
BC-03312,2026-01-01 07:54:59+00:00,0,IOMT-031,S-IOMT-031-321,LAB_RESULTS,EP-IND-03312
BC-03313,2026-01-01 07:55:17+00:00,0,IOMT-012,S-IOMT-012-322,EHR_READ,EP-IND-03313
BC-03314,2026-01-01 07:55:19+00:00,0,IOMT-042,S-IOMT-042-323,IMAGING,EP-IND-03314
BC-03315,2026-01-01 07:55:20+00:00,0,IOMT-035,S-IOMT-035-324,LAB_RESULTS,EP-IND-03315
BC-03316,2026-01-01 07:55:25+00:00,0,IOMT-044,S-IOMT-044-325,IMAGING,EP-IND-03316
BC-03317,2026-01-01 07:55:31+00:00,0,IOMT-049,S-IOMT-049-326,LAB_RESULTS,EP-IND-03317
BC-03318,2026-01-01 07:55:39+00:00,0,IOMT-030,S-IOMT-030-327,RESEARCH,EP-IND-03318
BC-03319,2026-01-01 07:55:48+00:00,0,IOMT-001,S-IOMT-001-328,EHR_READ,EP-IND-03319
BC-03320,2026-01-01 07:56:05+00:00,0,IOMT-045,S-IOMT-045-329,RESEARCH,EP-IND-03320
BC-03321,2026-01-01 07:56:10+00:00,0,IOMT-035,S-IOMT-035-330,EHR_WRITE,EP-IND-03321
BC-03322,2026-01-01 07:56:31+00:00,0,IOMT-025,S-IOMT-025-331,LAB_RESULTS,EP-IND-03322
BC-03323,2026-01-01 07:56:41+00:00,0,IOMT-006,S-IOMT-006-332,EHR_WRITE,EP-IND-03323
BC-03324,2026-01-01 07:56:44+00:00,0,IOMT-012,S-IOMT-012-333,LAB_RESULTS,EP-IND-03324
BC-03325,2026-01-01 07:56:47+00:00,0,IOMT-027,S-IOMT-027-334,RESEARCH,EP-IND-03325
BC-03326,2026-01-01 07:57:19+00:00,0,IOMT-020,S-IOMT-020-335,EHR_READ,EP-IND-03326
BC-03327,2026-01-01 07:57:22+00:00,0,IOMT-033,S-IOMT-033-336,LAB_RESULTS,EP-IND-03327
BC-03328,2026-01-01 07:57:37+00:00,0,IOMT-023,S-IOMT-023-337,RESEARCH,EP-IND-03328
BC-03329,2026-01-01 07:57:37+00:00,0,IOMT-022,S-IOMT-022-338,EHR_READ,EP-IND-03329
BC-03330,2026-01-01 07:57:43+00:00,0,IOMT-005,S-IOMT-005-339,LAB_RESULTS,EP-IND-03330
BC-03331,2026-01-01 07:57:46+00:00,1,IOMT-013,S-IOMT-013-340,LAB_RESULTS,EP-IND-03331
BC-03332,2026-01-01 07:57:47+00:00,0,IOMT-003,S-IOMT-003-341,EHR_WRITE,EP-IND-03332
BC-03333,2026-01-01 07:57:55+00:00,0,IOMT-046,S-IOMT-046-342,EHR_WRITE,EP-IND-03333
BC-03334,2026-01-01 07:57:57+00:00,0,IOMT-010,S-IOMT-010-343,RESEARCH,EP-IND-03334
BC-03335,2026-01-01 07:57:58+00:00,1,IOMT-020,S-IOMT-020-344,LAB_RESULTS,EP-IND-03335
BC-03336,2026-01-01 07:57:58+00:00,0,IOMT-017,S-IOMT-017-345,LAB_RESULTS,EP-IND-03336
BC-03337,2026-01-01 07:58:01+00:00,0,IOMT-008,S-IOMT-008-346,EHR_READ,EP-IND-03337
BC-03338,2026-01-01 07:58:04+00:00,0,IOMT-002,S-IOMT-002-347,EHR_WRITE,EP-IND-03338
BC-03339,2026-01-01 07:58:19+00:00,0,IOMT-049,S-IOMT-049-348,RESEARCH,EP-IND-03339
BC-03340,2026-01-01 07:58:33+00:00,0,IOMT-000,S-IOMT-000-349,IMAGING,EP-IND-03340
BC-03341,2026-01-01 07:58:35+00:00,0,IOMT-048,S-IOMT-048-350,EHR_READ,EP-IND-03341
BC-03342,2026-01-01 07:58:40+00:00,0,IOMT-001,S-IOMT-001-351,EHR_WRITE,EP-IND-03342
BC-03343,2026-01-01 07:59:19+00:00,0,IOMT-020,S-IOMT-020-352,LAB_RESULTS,EP-IND-03343
BC-03344,2026-01-01 07:59:42+00:00,0,IOMT-025,S-IOMT-025-353,LAB_RESULTS,EP-IND-03344
BC-03345,2026-01-01 07:59:43+00:00,0,IOMT-038,S-IOMT-038-354,EHR_READ,EP-IND-03345
BC-03346,2026-01-01 07:59:55+00:00,0,IOMT-014,S-IOMT-014-355,RESEARCH,EP-IND-03346
BC-03347,2026-01-01 07:59:55+00:00,0,IOMT-046,S-IOMT-046-356,RESEARCH,EP-IND-03347
BC-03348,2026-01-01 08:00:09+00:00,0,IOMT-017,S-IOMT-017-357,RESEARCH,EP-IND-03348
BC-03349,2026-01-01 08:00:21+00:00,0,IOMT-023,S-IOMT-023-358,RESEARCH,EP-IND-03349
BC-03350,2026-01-01 08:00:35+00:00,0,IOMT-008,S-IOMT-008-359,LAB_RESULTS,EP-IND-03350
BC-03351,2026-01-01 08:00:47+00:00,1,IOMT-046,S-IOMT-046-360,EHR_WRITE,EP-IND-03351
BC-03352,2026-01-01 08:01:22+00:00,0,IOMT-047,S-IOMT-047-361,EHR_WRITE,EP-IND-03352
BC-03353,2026-01-01 08:01:26+00:00,0,IOMT-015,S-IOMT-015-362,EHR_WRITE,EP-IND-03353
BC-03354,2026-01-01 08:01:29+00:00,0,IOMT-013,S-IOMT-013-363,IMAGING,EP-IND-03354
BC-03355,2026-01-01 08:01:32+00:00,0,IOMT-020,S-IOMT-020-364,RESEARCH,EP-IND-03355
BC-03356,2026-01-01 08:01:40+00:00,0,IOMT-033,S-IOMT-033-365,EHR_READ,EP-IND-03356
BC-03357,2026-01-01 08:01:56+00:00,0,IOMT-016,S-IOMT-016-366,IMAGING,EP-IND-03357
BC-03358,2026-01-01 08:02:03+00:00,0,IOMT-019,S-IOMT-019-367,IMAGING,EP-IND-03358
BC-03359,2026-01-01 08:02:04+00:00,0,IOMT-029,S-IOMT-029-368,RESEARCH,EP-IND-03359
BC-03360,2026-01-01 08:02:08+00:00,0,IOMT-019,S-IOMT-019-369,EHR_WRITE,EP-IND-03360
BC-03361,2026-01-01 08:02:14+00:00,0,IOMT-038,S-IOMT-038-370,RESEARCH,EP-IND-03361
BC-03362,2026-01-01 08:02:24+00:00,0,IOMT-008,S-IOMT-008-371,EHR_WRITE,EP-IND-03362
BC-03363,2026-01-01 08:02:25+00:00,0,IOMT-000,S-IOMT-000-372,IMAGING,EP-IND-03363
BC-03364,2026-01-01 08:02:25+00:00,0,IOMT-040,S-IOMT-040-373,EHR_READ,EP-IND-03364
BC-03365,2026-01-01 08:02:42+00:00,0,IOMT-023,S-IOMT-023-374,RESEARCH,EP-IND-03365
BC-03366,2026-01-01 08:02:55+00:00,0,IOMT-002,S-IOMT-002-375,EHR_WRITE,EP-IND-03366
BC-03367,2026-01-01 08:02:58+00:00,0,IOMT-043,S-IOMT-043-376,EHR_WRITE,EP-IND-03367
BC-03368,2026-01-01 08:03:12+00:00,0,IOMT-001,S-IOMT-001-377,IMAGING,EP-IND-03368
BC-03369,2026-01-01 08:03:14+00:00,0,IOMT-029,S-IOMT-029-378,EHR_READ,EP-IND-03369
BC-03370,2026-01-01 08:03:14+00:00,0,IOMT-010,S-IOMT-010-379,RESEARCH,EP-IND-03370
BC-03371,2026-01-01 08:03:23+00:00,0,IOMT-027,S-IOMT-027-380,LAB_RESULTS,EP-IND-03371
BC-03372,2026-01-01 08:03:25+00:00,0,IOMT-003,S-IOMT-003-381,EHR_WRITE,EP-IND-03372
BC-03373,2026-01-01 08:03:28+00:00,0,IOMT-049,S-IOMT-049-382,EHR_WRITE,EP-IND-03373
BC-03374,2026-01-01 08:03:30+00:00,0,IOMT-000,S-IOMT-000-383,LAB_RESULTS,EP-IND-03374
BC-03375,2026-01-01 08:03:31+00:00,0,IOMT-013,S-IOMT-013-384,LAB_RESULTS,EP-IND-03375
BC-03376,2026-01-01 08:03:44+00:00,0,IOMT-041,S-IOMT-041-385,EHR_READ,EP-IND-03376
BC-03377,2026-01-01 08:03:55+00:00,0,IOMT-031,S-IOMT-031-386,IMAGING,EP-IND-03377
BC-03378,2026-01-01 08:04:12+00:00,0,IOMT-014,S-IOMT-014-387,RESEARCH,EP-IND-03378
BC-03379,2026-01-01 08:04:29+00:00,0,IOMT-036,S-IOMT-036-388,LAB_RESULTS,EP-IND-03379
BC-03380,2026-01-01 08:04:30+00:00,0,IOMT-047,S-IOMT-047-389,RESEARCH,EP-IND-03380
BC-03381,2026-01-01 08:04:48+00:00,0,IOMT-032,S-IOMT-032-390,RESEARCH,EP-IND-03381
BC-03382,2026-01-01 08:05:17+00:00,0,IOMT-003,S-IOMT-003-391,EHR_READ,EP-IND-03382
BC-03383,2026-01-01 08:05:20+00:00,0,IOMT-011,S-IOMT-011-392,LAB_RESULTS,EP-IND-03383
BC-03384,2026-01-01 08:05:28+00:00,1,IOMT-046,S-IOMT-046-393,LAB_RESULTS,EP-IND-03384
BC-03385,2026-01-01 08:05:35+00:00,0,IOMT-039,S-IOMT-039-394,LAB_RESULTS,EP-IND-03385
BC-03386,2026-01-01 08:05:37+00:00,0,IOMT-043,S-IOMT-043-395,EHR_WRITE,EP-IND-03386
BC-03387,2026-01-01 08:05:53+00:00,0,IOMT-006,S-IOMT-006-396,RESEARCH,EP-IND-03387
BC-03388,2026-01-01 08:06:01+00:00,0,IOMT-003,S-IOMT-003-397,IMAGING,EP-IND-03388
BC-03389,2026-01-01 08:06:18+00:00,0,IOMT-018,S-IOMT-018-398,RESEARCH,EP-IND-03389
BC-03390,2026-01-01 08:06:23+00:00,0,IOMT-008,S-IOMT-008-399,EHR_READ,EP-IND-03390
BC-03391,2026-01-01 08:06:25+00:00,0,IOMT-049,S-IOMT-049-400,EHR_WRITE,EP-IND-03391
BC-03392,2026-01-01 08:06:31+00:00,0,IOMT-007,S-IOMT-007-401,EHR_WRITE,EP-IND-03392
BC-03393,2026-01-01 08:06:34+00:00,0,IOMT-022,S-IOMT-022-402,IMAGING,EP-IND-03393
BC-03394,2026-01-01 08:06:35+00:00,0,IOMT-018,S-IOMT-018-403,RESEARCH,EP-IND-03394
BC-03395,2026-01-01 08:06:50+00:00,0,IOMT-035,S-IOMT-035-404,EHR_WRITE,EP-IND-03395
BC-03396,2026-01-01 08:06:58+00:00,0,IOMT-025,S-IOMT-025-405,RESEARCH,EP-IND-03396
BC-03397,2026-01-01 08:07:01+00:00,0,IOMT-045,S-IOMT-045-406,EHR_WRITE,EP-IND-03397
BC-03398,2026-01-01 08:07:07+00:00,0,IOMT-024,S-IOMT-024-407,RESEARCH,EP-IND-03398
BC-03399,2026-01-01 08:07:10+00:00,0,IOMT-026,S-IOMT-026-408,EHR_READ,EP-IND-03399
BC-03400,2026-01-01 08:07:37+00:00,0,IOMT-009,S-IOMT-009-409,IMAGING,EP-IND-03400
BC-03401,2026-01-01 08:07:42+00:00,0,IOMT-017,S-IOMT-017-410,IMAGING,EP-IND-03401
BC-03402,2026-01-01 08:07:53+00:00,0,IOMT-042,S-IOMT-042-411,LAB_RESULTS,EP-IND-03402
BC-03403,2026-01-01 08:08:03+00:00,0,IOMT-002,S-IOMT-002-412,EHR_READ,EP-IND-03403
BC-03404,2026-01-01 08:08:19+00:00,0,IOMT-027,S-IOMT-027-413,RESEARCH,EP-IND-03404
BC-03405,2026-01-01 08:08:19+00:00,0,IOMT-042,S-IOMT-042-414,RESEARCH,EP-IND-03405
BC-03406,2026-01-01 08:08:22+00:00,0,IOMT-022,S-IOMT-022-415,LAB_RESULTS,EP-IND-03406
BC-03407,2026-01-01 08:08:36+00:00,0,IOMT-047,S-IOMT-047-416,LAB_RESULTS,EP-IND-03407
BC-03408,2026-01-01 08:08:38+00:00,0,IOMT-001,S-IOMT-001-417,IMAGING,EP-IND-03408
BC-03409,2026-01-01 08:08:39+00:00,0,IOMT-031,S-IOMT-031-418,IMAGING,EP-IND-03409
BC-03410,2026-01-01 08:08:41+00:00,0,IOMT-000,S-IOMT-000-419,IMAGING,EP-IND-03410
BC-03411,2026-01-01 08:08:51+00:00,0,IOMT-000,S-IOMT-000-420,RESEARCH,EP-IND-03411
BC-03412,2026-01-01 08:09:12+00:00,0,IOMT-034,S-IOMT-034-421,EHR_WRITE,EP-IND-03412
BC-03413,2026-01-01 08:09:24+00:00,0,IOMT-026,S-IOMT-026-422,EHR_READ,EP-IND-03413
BC-03414,2026-01-01 08:09:31+00:00,0,IOMT-048,S-IOMT-048-423,RESEARCH,EP-IND-03414
BC-03415,2026-01-01 08:09:42+00:00,0,IOMT-044,S-IOMT-044-424,LAB_RESULTS,EP-IND-03415
BC-03416,2026-01-01 08:09:43+00:00,0,IOMT-025,S-IOMT-025-425,EHR_WRITE,EP-IND-03416
BC-03417,2026-01-01 08:09:57+00:00,0,IOMT-001,S-IOMT-001-426,EHR_WRITE,EP-IND-03417
BC-03418,2026-01-01 08:10:05+00:00,0,IOMT-008,S-IOMT-008-427,LAB_RESULTS,EP-IND-03418
BC-03419,2026-01-01 08:10:07+00:00,0,IOMT-027,S-IOMT-027-428,IMAGING,EP-IND-03419
BC-03420,2026-01-01 08:10:07+00:00,0,IOMT-012,S-IOMT-012-429,EHR_WRITE,EP-IND-03420
BC-03421,2026-01-01 08:10:10+00:00,0,IOMT-039,S-IOMT-039-430,EHR_READ,EP-IND-03421
BC-03422,2026-01-01 08:10:12+00:00,0,IOMT-028,S-IOMT-028-431,RESEARCH,EP-IND-03422
BC-03423,2026-01-01 08:11:01+00:00,0,IOMT-027,S-IOMT-027-432,RESEARCH,EP-IND-03423
BC-03424,2026-01-01 08:11:14+00:00,0,IOMT-007,S-IOMT-007-433,EHR_READ,EP-IND-03424
BC-03425,2026-01-01 08:11:20+00:00,0,IOMT-005,S-IOMT-005-434,EHR_READ,EP-IND-03425
BC-03426,2026-01-01 08:11:21+00:00,0,IOMT-045,S-IOMT-045-435,EHR_READ,EP-IND-03426
BC-03427,2026-01-01 08:11:24+00:00,0,IOMT-009,S-IOMT-009-436,LAB_RESULTS,EP-IND-03427
BC-03428,2026-01-01 08:11:34+00:00,0,IOMT-031,S-IOMT-031-437,EHR_READ,EP-IND-03428
BC-03429,2026-01-01 08:11:43+00:00,0,IOMT-022,S-IOMT-022-438,EHR_READ,EP-IND-03429
BC-03430,2026-01-01 08:11:43+00:00,0,IOMT-008,S-IOMT-008-439,EHR_WRITE,EP-IND-03430
BC-03431,2026-01-01 08:11:45+00:00,0,IOMT-022,S-IOMT-022-440,IMAGING,EP-IND-03431
BC-03432,2026-01-01 08:11:51+00:00,0,IOMT-003,S-IOMT-003-441,RESEARCH,EP-IND-03432
BC-03433,2026-01-01 08:12:16+00:00,0,IOMT-012,S-IOMT-012-442,IMAGING,EP-IND-03433
BC-03434,2026-01-01 08:12:20+00:00,0,IOMT-018,S-IOMT-018-443,EHR_WRITE,EP-IND-03434
BC-03435,2026-01-01 08:12:23+00:00,0,IOMT-038,S-IOMT-038-444,EHR_READ,EP-IND-03435
BC-03436,2026-01-01 08:12:24+00:00,0,IOMT-030,S-IOMT-030-445,EHR_READ,EP-IND-03436
BC-03437,2026-01-01 08:12:30+00:00,0,IOMT-047,S-IOMT-047-446,RESEARCH,EP-IND-03437
BC-03438,2026-01-01 08:12:37+00:00,0,IOMT-021,S-IOMT-021-447,LAB_RESULTS,EP-IND-03438
BC-03439,2026-01-01 08:12:49+00:00,0,IOMT-015,S-IOMT-015-448,RESEARCH,EP-IND-03439
BC-03440,2026-01-01 08:12:51+00:00,0,IOMT-009,S-IOMT-009-449,EHR_WRITE,EP-IND-03440
BC-03441,2026-01-01 08:12:51+00:00,0,IOMT-037,S-IOMT-037-450,EHR_WRITE,EP-IND-03441
BC-03442,2026-01-01 08:12:56+00:00,0,IOMT-004,S-IOMT-004-451,EHR_READ,EP-IND-03442
BC-03443,2026-01-01 08:12:59+00:00,0,IOMT-033,S-IOMT-033-452,EHR_WRITE,EP-IND-03443
BC-03444,2026-01-01 08:13:09+00:00,0,IOMT-049,S-IOMT-049-453,RESEARCH,EP-IND-03444
BC-03445,2026-01-01 08:13:38+00:00,0,IOMT-044,S-IOMT-044-454,LAB_RESULTS,EP-IND-03445
BC-03446,2026-01-01 08:13:50+00:00,0,IOMT-031,S-IOMT-031-455,LAB_RESULTS,EP-IND-03446
BC-03447,2026-01-01 08:14:12+00:00,0,IOMT-027,S-IOMT-027-456,EHR_WRITE,EP-IND-03447
BC-03448,2026-01-01 08:14:19+00:00,0,IOMT-040,S-IOMT-040-457,EHR_READ,EP-IND-03448
BC-03449,2026-01-01 08:14:24+00:00,0,IOMT-009,S-IOMT-009-458,LAB_RESULTS,EP-IND-03449
BC-03450,2026-01-01 08:14:29+00:00,0,IOMT-037,S-IOMT-037-459,EHR_READ,EP-IND-03450
BC-03451,2026-01-01 08:14:32+00:00,0,IOMT-027,S-IOMT-027-460,EHR_READ,EP-IND-03451
BC-03452,2026-01-01 08:14:33+00:00,0,IOMT-020,S-IOMT-020-461,IMAGING,EP-IND-03452
BC-03453,2026-01-01 08:14:37+00:00,0,IOMT-045,S-IOMT-045-462,IMAGING,EP-IND-03453
BC-03454,2026-01-01 08:14:37+00:00,0,IOMT-042,S-IOMT-042-463,RESEARCH,EP-IND-03454
BC-03455,2026-01-01 08:14:39+00:00,0,IOMT-046,S-IOMT-046-464,EHR_READ,EP-IND-03455
BC-03456,2026-01-01 08:14:40+00:00,0,IOMT-027,S-IOMT-027-465,RESEARCH,EP-IND-03456
BC-03457,2026-01-01 08:14:57+00:00,0,IOMT-012,S-IOMT-012-466,EHR_READ,EP-IND-03457
BC-03458,2026-01-01 08:15:08+00:00,0,IOMT-039,S-IOMT-039-467,EHR_READ,EP-IND-03458
BC-03459,2026-01-01 08:15:36+00:00,0,IOMT-006,S-IOMT-006-468,IMAGING,EP-IND-03459
BC-03460,2026-01-01 08:15:38+00:00,0,IOMT-014,S-IOMT-014-469,EHR_READ,EP-IND-03460
BC-03461,2026-01-01 08:15:43+00:00,0,IOMT-007,S-IOMT-007-470,EHR_READ,EP-IND-03461
BC-03462,2026-01-01 08:15:49+00:00,0,IOMT-004,S-IOMT-004-471,RESEARCH,EP-IND-03462
BC-03463,2026-01-01 08:15:55+00:00,0,IOMT-043,S-IOMT-043-472,EHR_READ,EP-IND-03463
BC-03464,2026-01-01 08:16:10+00:00,0,IOMT-039,S-IOMT-039-473,EHR_WRITE,EP-IND-03464
BC-03465,2026-01-01 08:16:21+00:00,0,IOMT-007,S-IOMT-007-474,EHR_READ,EP-IND-03465
BC-03466,2026-01-01 08:16:25+00:00,0,IOMT-009,S-IOMT-009-475,EHR_READ,EP-IND-03466
BC-03467,2026-01-01 08:16:40+00:00,0,IOMT-004,S-IOMT-004-476,RESEARCH,EP-IND-03467
BC-03468,2026-01-01 08:16:50+00:00,0,IOMT-014,S-IOMT-014-477,EHR_WRITE,EP-IND-03468
BC-03469,2026-01-01 08:16:54+00:00,0,IOMT-033,S-IOMT-033-478,LAB_RESULTS,EP-IND-03469
BC-03470,2026-01-01 08:17:52+00:00,0,IOMT-013,S-IOMT-013-479,EHR_READ,EP-IND-03470
BC-03471,2026-01-01 08:17:55+00:00,0,IOMT-022,S-IOMT-022-480,IMAGING,EP-IND-03471
BC-03472,2026-01-01 08:18:19+00:00,0,IOMT-042,S-IOMT-042-481,EHR_WRITE,EP-IND-03472
BC-03473,2026-01-01 08:18:20+00:00,0,IOMT-023,S-IOMT-023-482,EHR_WRITE,EP-IND-03473
BC-03474,2026-01-01 08:18:30+00:00,0,IOMT-019,S-IOMT-019-483,IMAGING,EP-IND-03474
BC-03475,2026-01-01 08:18:33+00:00,0,IOMT-028,S-IOMT-028-484,EHR_WRITE,EP-IND-03475
BC-03476,2026-01-01 08:18:37+00:00,0,IOMT-020,S-IOMT-020-485,IMAGING,EP-IND-03476
BC-03477,2026-01-01 08:18:40+00:00,0,IOMT-013,S-IOMT-013-486,LAB_RESULTS,EP-IND-03477
BC-03478,2026-01-01 08:18:40+00:00,0,IOMT-018,S-IOMT-018-487,RESEARCH,EP-IND-03478
BC-03479,2026-01-01 08:18:41+00:00,0,IOMT-026,S-IOMT-026-488,EHR_READ,EP-IND-03479
BC-03480,2026-01-01 08:18:53+00:00,0,IOMT-049,S-IOMT-049-489,LAB_RESULTS,EP-IND-03480
BC-03481,2026-01-01 08:19:02+00:00,0,IOMT-049,S-IOMT-049-490,RESEARCH,EP-IND-03481
BC-03482,2026-01-01 08:19:12+00:00,0,IOMT-038,S-IOMT-038-491,IMAGING,EP-IND-03482
BC-03483,2026-01-01 08:19:29+00:00,0,IOMT-038,S-IOMT-038-492,RESEARCH,EP-IND-03483
BC-03484,2026-01-01 08:19:36+00:00,0,IOMT-000,S-IOMT-000-493,EHR_READ,EP-IND-03484
BC-03485,2026-01-01 08:19:41+00:00,0,IOMT-029,S-IOMT-029-494,LAB_RESULTS,EP-IND-03485
BC-03486,2026-01-01 08:19:42+00:00,0,IOMT-019,S-IOMT-019-495,IMAGING,EP-IND-03486
BC-03487,2026-01-01 08:20:53+00:00,0,IOMT-007,S-IOMT-007-496,LAB_RESULTS,EP-IND-03487
BC-03488,2026-01-01 08:20:54+00:00,0,IOMT-025,S-IOMT-025-497,EHR_READ,EP-IND-03488
BC-03489,2026-01-01 08:20:58+00:00,0,IOMT-005,S-IOMT-005-498,EHR_READ,EP-IND-03489
BC-03490,2026-01-01 08:21:02+00:00,1,IOMT-039,S-IOMT-039-499,EHR_READ,EP-IND-03490
BC-03491,2026-01-01 08:21:21+00:00,0,IOMT-026,S-IOMT-026-500,RESEARCH,EP-IND-03491
BC-03492,2026-01-01 08:21:30+00:00,0,IOMT-003,S-IOMT-003-501,EHR_WRITE,EP-IND-03492
BC-03493,2026-01-01 08:21:42+00:00,0,IOMT-020,S-IOMT-020-502,RESEARCH,EP-IND-03493
BC-03494,2026-01-01 08:21:53+00:00,0,IOMT-017,S-IOMT-017-503,LAB_RESULTS,EP-IND-03494
BC-03495,2026-01-01 08:21:55+00:00,0,IOMT-028,S-IOMT-028-504,EHR_READ,EP-IND-03495
BC-03496,2026-01-01 08:22:22+00:00,0,IOMT-013,S-IOMT-013-505,LAB_RESULTS,EP-IND-03496
BC-03497,2026-01-01 08:22:22+00:00,0,IOMT-048,S-IOMT-048-506,EHR_WRITE,EP-IND-03497
BC-03498,2026-01-01 08:22:27+00:00,0,IOMT-044,S-IOMT-044-507,EHR_READ,EP-IND-03498
BC-03499,2026-01-01 08:22:45+00:00,0,IOMT-015,S-IOMT-015-508,RESEARCH,EP-IND-03499
BC-03500,2026-01-01 08:22:58+00:00,0,IOMT-044,S-IOMT-044-509,EHR_WRITE,EP-IND-03500
BC-03501,2026-01-01 08:23:02+00:00,0,IOMT-031,S-IOMT-031-510,LAB_RESULTS,EP-IND-03501
BC-03502,2026-01-01 08:23:07+00:00,0,IOMT-025,S-IOMT-025-511,LAB_RESULTS,EP-IND-03502
BC-03503,2026-01-01 08:23:13+00:00,0,IOMT-031,S-IOMT-031-512,EHR_WRITE,EP-IND-03503
BC-03504,2026-01-01 08:23:14+00:00,0,IOMT-043,S-IOMT-043-513,RESEARCH,EP-IND-03504
BC-03505,2026-01-01 08:23:20+00:00,0,IOMT-021,S-IOMT-021-514,LAB_RESULTS,EP-IND-03505
BC-03506,2026-01-01 08:23:21+00:00,0,IOMT-047,S-IOMT-047-515,IMAGING,EP-IND-03506
BC-03507,2026-01-01 08:23:26+00:00,0,IOMT-044,S-IOMT-044-516,RESEARCH,EP-IND-03507
BC-03508,2026-01-01 08:23:27+00:00,0,IOMT-019,S-IOMT-019-517,EHR_READ,EP-IND-03508
BC-03509,2026-01-01 08:23:33+00:00,0,IOMT-012,S-IOMT-012-518,RESEARCH,EP-IND-03509
BC-03510,2026-01-01 08:23:33+00:00,0,IOMT-044,S-IOMT-044-519,LAB_RESULTS,EP-IND-03510
BC-03511,2026-01-01 08:23:38+00:00,0,IOMT-039,S-IOMT-039-520,EHR_READ,EP-IND-03511
BC-03512,2026-01-01 08:23:47+00:00,0,IOMT-013,S-IOMT-013-521,IMAGING,EP-IND-03512
BC-03513,2026-01-01 08:23:51+00:00,0,IOMT-007,S-IOMT-007-522,EHR_READ,EP-IND-03513
BC-03514,2026-01-01 08:24:02+00:00,0,IOMT-045,S-IOMT-045-523,EHR_WRITE,EP-IND-03514
BC-03515,2026-01-01 08:24:06+00:00,0,IOMT-015,S-IOMT-015-524,LAB_RESULTS,EP-IND-03515
BC-03516,2026-01-01 08:24:14+00:00,0,IOMT-002,S-IOMT-002-525,RESEARCH,EP-IND-03516
BC-03517,2026-01-01 08:24:29+00:00,0,IOMT-048,S-IOMT-048-526,EHR_READ,EP-IND-03517
BC-03518,2026-01-01 08:24:38+00:00,0,IOMT-048,S-IOMT-048-527,EHR_READ,EP-IND-03518
BC-03519,2026-01-01 08:24:38+00:00,0,IOMT-038,S-IOMT-038-528,LAB_RESULTS,EP-IND-03519
BC-03520,2026-01-01 08:25:09+00:00,0,IOMT-046,S-IOMT-046-529,EHR_READ,EP-IND-03520
BC-03521,2026-01-01 08:25:15+00:00,0,IOMT-035,S-IOMT-035-530,RESEARCH,EP-IND-03521
BC-03522,2026-01-01 08:25:25+00:00,0,IOMT-044,S-IOMT-044-531,LAB_RESULTS,EP-IND-03522
BC-03523,2026-01-01 08:25:26+00:00,0,IOMT-041,S-IOMT-041-532,LAB_RESULTS,EP-IND-03523
BC-03524,2026-01-01 08:25:39+00:00,0,IOMT-006,S-IOMT-006-533,LAB_RESULTS,EP-IND-03524
BC-03525,2026-01-01 08:25:40+00:00,0,IOMT-044,S-IOMT-044-534,EHR_WRITE,EP-IND-03525
BC-03526,2026-01-01 08:25:49+00:00,0,IOMT-049,S-IOMT-049-535,LAB_RESULTS,EP-IND-03526
BC-03527,2026-01-01 08:25:52+00:00,0,IOMT-034,S-IOMT-034-536,LAB_RESULTS,EP-IND-03527
BC-03528,2026-01-01 08:25:53+00:00,0,IOMT-040,S-IOMT-040-537,EHR_READ,EP-IND-03528
BC-03529,2026-01-01 08:25:54+00:00,0,IOMT-021,S-IOMT-021-538,IMAGING,EP-IND-03529
BC-03530,2026-01-01 08:26:01+00:00,0,IOMT-005,S-IOMT-005-539,IMAGING,EP-IND-03530
BC-03531,2026-01-01 08:26:07+00:00,0,IOMT-018,S-IOMT-018-540,EHR_READ,EP-IND-03531
BC-03532,2026-01-01 08:26:10+00:00,0,IOMT-021,S-IOMT-021-541,EHR_READ,EP-IND-03532
BC-03533,2026-01-01 08:26:13+00:00,0,IOMT-025,S-IOMT-025-542,RESEARCH,EP-IND-03533
BC-03534,2026-01-01 08:26:19+00:00,0,IOMT-038,S-IOMT-038-543,LAB_RESULTS,EP-IND-03534
BC-03535,2026-01-01 08:26:30+00:00,0,IOMT-000,S-IOMT-000-544,RESEARCH,EP-IND-03535
BC-03536,2026-01-01 08:26:37+00:00,0,IOMT-031,S-IOMT-031-545,RESEARCH,EP-IND-03536
BC-03537,2026-01-01 08:26:40+00:00,0,IOMT-042,S-IOMT-042-546,IMAGING,EP-IND-03537
BC-03538,2026-01-01 08:26:49+00:00,0,IOMT-035,S-IOMT-035-547,RESEARCH,EP-IND-03538
BC-03539,2026-01-01 08:26:53+00:00,0,IOMT-015,S-IOMT-015-548,EHR_READ,EP-IND-03539
BC-03540,2026-01-01 08:27:05+00:00,0,IOMT-004,S-IOMT-004-549,LAB_RESULTS,EP-IND-03540
BC-03541,2026-01-01 08:27:24+00:00,0,IOMT-049,S-IOMT-049-550,EHR_READ,EP-IND-03541
BC-03542,2026-01-01 08:27:33+00:00,0,IOMT-008,S-IOMT-008-551,EHR_READ,EP-IND-03542
BC-03543,2026-01-01 08:27:34+00:00,0,IOMT-032,S-IOMT-032-552,EHR_READ,EP-IND-03543
BC-03544,2026-01-01 08:27:46+00:00,0,IOMT-008,S-IOMT-008-553,EHR_READ,EP-IND-03544
BC-03545,2026-01-01 08:27:51+00:00,0,IOMT-013,S-IOMT-013-554,EHR_WRITE,EP-IND-03545
BC-03546,2026-01-01 08:28:22+00:00,0,IOMT-016,S-IOMT-016-555,RESEARCH,EP-IND-03546
BC-03547,2026-01-01 08:28:37+00:00,0,IOMT-043,S-IOMT-043-556,RESEARCH,EP-IND-03547
BC-03548,2026-01-01 08:29:11+00:00,0,IOMT-000,S-IOMT-000-557,EHR_READ,EP-IND-03548
BC-03549,2026-01-01 08:29:29+00:00,0,IOMT-035,S-IOMT-035-558,EHR_WRITE,EP-IND-03549
BC-03550,2026-01-01 08:29:37+00:00,0,IOMT-012,S-IOMT-012-559,LAB_RESULTS,EP-IND-03550
BC-03551,2026-01-01 08:29:47+00:00,0,IOMT-044,S-IOMT-044-560,RESEARCH,EP-IND-03551
BC-03552,2026-01-01 08:29:48+00:00,0,IOMT-049,S-IOMT-049-561,EHR_WRITE,EP-IND-03552
BC-03553,2026-01-01 08:29:54+00:00,0,IOMT-031,S-IOMT-031-562,RESEARCH,EP-IND-03553
BC-03554,2026-01-01 08:29:56+00:00,0,IOMT-002,S-IOMT-002-563,RESEARCH,EP-IND-03554
BC-03555,2026-01-01 08:30:15+00:00,0,IOMT-040,S-IOMT-040-564,EHR_READ,EP-IND-03555
BC-03556,2026-01-01 08:30:23+00:00,0,IOMT-001,S-IOMT-001-565,IMAGING,EP-IND-03556
BC-03557,2026-01-01 08:30:36+00:00,0,IOMT-032,S-IOMT-032-566,LAB_RESULTS,EP-IND-03557
BC-03558,2026-01-01 08:30:38+00:00,0,IOMT-035,S-IOMT-035-567,IMAGING,EP-IND-03558
BC-03559,2026-01-01 08:31:06+00:00,0,IOMT-012,S-IOMT-012-568,EHR_WRITE,EP-IND-03559
BC-03560,2026-01-01 08:31:14+00:00,0,IOMT-007,S-IOMT-007-569,RESEARCH,EP-IND-03560
BC-03561,2026-01-01 08:31:17+00:00,0,IOMT-009,S-IOMT-009-570,EHR_READ,EP-IND-03561
BC-03562,2026-01-01 08:31:19+00:00,0,IOMT-024,S-IOMT-024-571,EHR_READ,EP-IND-03562
BC-03563,2026-01-01 08:31:45+00:00,0,IOMT-040,S-IOMT-040-572,EHR_READ,EP-IND-03563
BC-03564,2026-01-01 08:31:50+00:00,0,IOMT-020,S-IOMT-020-573,RESEARCH,EP-IND-03564
BC-03565,2026-01-01 08:31:52+00:00,0,IOMT-016,S-IOMT-016-574,EHR_WRITE,EP-IND-03565
BC-03566,2026-01-01 08:31:57+00:00,0,IOMT-026,S-IOMT-026-575,EHR_WRITE,EP-IND-03566
BC-03567,2026-01-01 08:31:57+00:00,0,IOMT-002,S-IOMT-002-576,LAB_RESULTS,EP-IND-03567
BC-03568,2026-01-01 08:31:59+00:00,0,IOMT-034,S-IOMT-034-577,RESEARCH,EP-IND-03568
BC-03569,2026-01-01 08:32:05+00:00,0,IOMT-014,S-IOMT-014-578,EHR_READ,EP-IND-03569
BC-03570,2026-01-01 08:32:20+00:00,0,IOMT-039,S-IOMT-039-579,RESEARCH,EP-IND-03570
BC-03571,2026-01-01 08:32:24+00:00,0,IOMT-020,S-IOMT-020-580,EHR_READ,EP-IND-03571
BC-03572,2026-01-01 08:32:30+00:00,0,IOMT-029,S-IOMT-029-581,EHR_READ,EP-IND-03572
BC-03573,2026-01-01 08:32:33+00:00,0,IOMT-031,S-IOMT-031-582,RESEARCH,EP-IND-03573
BC-03574,2026-01-01 08:32:34+00:00,0,IOMT-025,S-IOMT-025-583,LAB_RESULTS,EP-IND-03574
BC-03575,2026-01-01 08:32:46+00:00,0,IOMT-042,S-IOMT-042-584,IMAGING,EP-IND-03575
BC-03576,2026-01-01 08:32:56+00:00,0,IOMT-021,S-IOMT-021-585,EHR_WRITE,EP-IND-03576
BC-03577,2026-01-01 08:33:16+00:00,0,IOMT-036,S-IOMT-036-586,LAB_RESULTS,EP-IND-03577
BC-03578,2026-01-01 08:33:29+00:00,0,IOMT-015,S-IOMT-015-587,IMAGING,EP-IND-03578
BC-03579,2026-01-01 08:33:38+00:00,0,IOMT-007,S-IOMT-007-588,EHR_READ,EP-IND-03579
BC-03580,2026-01-01 08:33:41+00:00,0,IOMT-028,S-IOMT-028-589,IMAGING,EP-IND-03580
BC-03581,2026-01-01 08:33:41+00:00,0,IOMT-004,S-IOMT-004-590,IMAGING,EP-IND-03581
BC-03582,2026-01-01 08:33:45+00:00,0,IOMT-010,S-IOMT-010-591,LAB_RESULTS,EP-IND-03582
BC-03583,2026-01-01 08:33:52+00:00,0,IOMT-012,S-IOMT-012-592,IMAGING,EP-IND-03583
BC-03584,2026-01-01 08:33:59+00:00,0,IOMT-011,S-IOMT-011-593,EHR_READ,EP-IND-03584
BC-03585,2026-01-01 08:34:15+00:00,0,IOMT-033,S-IOMT-033-594,EHR_WRITE,EP-IND-03585
BC-03586,2026-01-01 08:34:43+00:00,0,IOMT-006,S-IOMT-006-595,LAB_RESULTS,EP-IND-03586
BC-03587,2026-01-01 08:34:49+00:00,0,IOMT-008,S-IOMT-008-596,RESEARCH,EP-IND-03587
BC-03588,2026-01-01 08:34:57+00:00,0,IOMT-031,S-IOMT-031-597,IMAGING,EP-IND-03588
BC-03589,2026-01-01 08:35:00+00:00,0,IOMT-029,S-IOMT-029-598,IMAGING,EP-IND-03589
BC-03590,2026-01-01 08:35:14+00:00,0,IOMT-010,S-IOMT-010-599,RESEARCH,EP-IND-03590
BC-03591,2026-01-01 08:35:19+00:00,1,IOMT-020,S-IOMT-020-600,RESEARCH,EP-IND-03591
BC-03592,2026-01-01 08:35:26+00:00,0,IOMT-029,S-IOMT-029-601,EHR_READ,EP-IND-03592
BC-03593,2026-01-01 08:35:32+00:00,0,IOMT-020,S-IOMT-020-602,LAB_RESULTS,EP-IND-03593
BC-03594,2026-01-01 08:35:33+00:00,0,IOMT-021,S-IOMT-021-603,RESEARCH,EP-IND-03594
BC-03595,2026-01-01 08:35:39+00:00,0,IOMT-023,S-IOMT-023-604,IMAGING,EP-IND-03595
BC-03596,2026-01-01 08:35:43+00:00,0,IOMT-040,S-IOMT-040-605,RESEARCH,EP-IND-03596
BC-03597,2026-01-01 08:35:53+00:00,0,IOMT-032,S-IOMT-032-606,EHR_WRITE,EP-IND-03597
BC-03598,2026-01-01 08:36:13+00:00,0,IOMT-011,S-IOMT-011-607,EHR_WRITE,EP-IND-03598
BC-03599,2026-01-01 08:36:34+00:00,0,IOMT-017,S-IOMT-017-608,EHR_WRITE,EP-IND-03599
BC-03600,2026-01-01 08:36:46+00:00,0,IOMT-008,S-IOMT-008-609,EHR_WRITE,EP-IND-03600
BC-03601,2026-01-01 08:36:52+00:00,0,IOMT-040,S-IOMT-040-610,IMAGING,EP-IND-03601
BC-03602,2026-01-01 08:36:55+00:00,0,IOMT-013,S-IOMT-013-611,IMAGING,EP-IND-03602
BC-03603,2026-01-01 08:37:02+00:00,0,IOMT-013,S-IOMT-013-612,EHR_READ,EP-IND-03603
BC-03604,2026-01-01 08:37:16+00:00,0,IOMT-027,S-IOMT-027-613,EHR_WRITE,EP-IND-03604
BC-03605,2026-01-01 08:37:38+00:00,0,IOMT-023,S-IOMT-023-614,RESEARCH,EP-IND-03605
BC-03606,2026-01-01 08:37:44+00:00,0,IOMT-049,S-IOMT-049-615,RESEARCH,EP-IND-03606
BC-03607,2026-01-01 08:37:52+00:00,0,IOMT-035,S-IOMT-035-616,RESEARCH,EP-IND-03607
BC-03608,2026-01-01 08:37:52+00:00,0,IOMT-018,S-IOMT-018-617,LAB_RESULTS,EP-IND-03608
BC-03609,2026-01-01 08:37:53+00:00,0,IOMT-039,S-IOMT-039-618,IMAGING,EP-IND-03609
BC-03610,2026-01-01 08:37:56+00:00,0,IOMT-036,S-IOMT-036-619,EHR_WRITE,EP-IND-03610
BC-03611,2026-01-01 08:38:14+00:00,0,IOMT-011,S-IOMT-011-620,IMAGING,EP-IND-03611
BC-03612,2026-01-01 08:38:17+00:00,0,IOMT-005,S-IOMT-005-621,RESEARCH,EP-IND-03612
BC-03613,2026-01-01 08:38:39+00:00,0,IOMT-015,S-IOMT-015-622,EHR_WRITE,EP-IND-03613
BC-03614,2026-01-01 08:38:42+00:00,0,IOMT-009,S-IOMT-009-623,LAB_RESULTS,EP-IND-03614
BC-03615,2026-01-01 08:38:43+00:00,0,IOMT-046,S-IOMT-046-624,IMAGING,EP-IND-03615
BC-03616,2026-01-01 08:38:46+00:00,0,IOMT-040,S-IOMT-040-625,LAB_RESULTS,EP-IND-03616
BC-03617,2026-01-01 08:39:00+00:00,0,IOMT-017,S-IOMT-017-626,RESEARCH,EP-IND-03617
BC-03618,2026-01-01 08:39:05+00:00,0,IOMT-025,S-IOMT-025-627,EHR_READ,EP-IND-03618
BC-03619,2026-01-01 08:39:29+00:00,0,IOMT-032,S-IOMT-032-628,IMAGING,EP-IND-03619
BC-03620,2026-01-01 08:39:38+00:00,0,IOMT-036,S-IOMT-036-629,EHR_READ,EP-IND-03620
BC-03621,2026-01-01 08:39:57+00:00,0,IOMT-012,S-IOMT-012-630,RESEARCH,EP-IND-03621
BC-03622,2026-01-01 08:40:03+00:00,0,IOMT-033,S-IOMT-033-631,IMAGING,EP-IND-03622
BC-03623,2026-01-01 08:40:26+00:00,0,IOMT-019,S-IOMT-019-632,LAB_RESULTS,EP-IND-03623
BC-03624,2026-01-01 08:40:27+00:00,0,IOMT-033,S-IOMT-033-633,EHR_WRITE,EP-IND-03624
BC-03625,2026-01-01 08:40:37+00:00,0,IOMT-035,S-IOMT-035-634,IMAGING,EP-IND-03625
BC-03626,2026-01-01 08:40:45+00:00,0,IOMT-042,S-IOMT-042-635,EHR_WRITE,EP-IND-03626
BC-03627,2026-01-01 08:40:45+00:00,0,IOMT-022,S-IOMT-022-636,RESEARCH,EP-IND-03627
BC-03628,2026-01-01 08:40:49+00:00,0,IOMT-011,S-IOMT-011-637,RESEARCH,EP-IND-03628
BC-03629,2026-01-01 08:40:55+00:00,0,IOMT-039,S-IOMT-039-638,LAB_RESULTS,EP-IND-03629
BC-03630,2026-01-01 08:41:00+00:00,0,IOMT-036,S-IOMT-036-639,IMAGING,EP-IND-03630
BC-03631,2026-01-01 08:41:02+00:00,0,IOMT-014,S-IOMT-014-640,EHR_READ,EP-IND-03631
BC-03632,2026-01-01 08:41:13+00:00,0,IOMT-019,S-IOMT-019-641,EHR_WRITE,EP-IND-03632
BC-03633,2026-01-01 08:41:16+00:00,0,IOMT-001,S-IOMT-001-642,RESEARCH,EP-IND-03633
BC-03634,2026-01-01 08:41:27+00:00,0,IOMT-013,S-IOMT-013-643,IMAGING,EP-IND-03634
BC-03635,2026-01-01 08:41:40+00:00,0,IOMT-008,S-IOMT-008-644,IMAGING,EP-IND-03635
BC-03636,2026-01-01 08:41:47+00:00,0,IOMT-039,S-IOMT-039-645,RESEARCH,EP-IND-03636
BC-03637,2026-01-01 08:41:53+00:00,0,IOMT-049,S-IOMT-049-646,LAB_RESULTS,EP-IND-03637
BC-03638,2026-01-01 08:42:04+00:00,0,IOMT-002,S-IOMT-002-647,EHR_READ,EP-IND-03638
BC-03639,2026-01-01 08:42:06+00:00,0,IOMT-030,S-IOMT-030-648,EHR_WRITE,EP-IND-03639
BC-03640,2026-01-01 08:42:27+00:00,0,IOMT-019,S-IOMT-019-649,LAB_RESULTS,EP-IND-03640
BC-03641,2026-01-01 08:42:34+00:00,0,IOMT-007,S-IOMT-007-650,RESEARCH,EP-IND-03641
BC-03642,2026-01-01 08:42:35+00:00,0,IOMT-016,S-IOMT-016-651,LAB_RESULTS,EP-IND-03642
BC-03643,2026-01-01 08:42:38+00:00,0,IOMT-001,S-IOMT-001-652,EHR_WRITE,EP-IND-03643
BC-03644,2026-01-01 08:42:46+00:00,0,IOMT-011,S-IOMT-011-653,IMAGING,EP-IND-03644
BC-03645,2026-01-01 08:43:03+00:00,0,IOMT-012,S-IOMT-012-654,IMAGING,EP-IND-03645
BC-03646,2026-01-01 08:43:13+00:00,0,IOMT-034,S-IOMT-034-655,IMAGING,EP-IND-03646
BC-03647,2026-01-01 08:43:13+00:00,0,IOMT-032,S-IOMT-032-656,RESEARCH,EP-IND-03647
BC-03648,2026-01-01 08:43:17+00:00,0,IOMT-003,S-IOMT-003-657,EHR_READ,EP-IND-03648
BC-03649,2026-01-01 08:43:40+00:00,0,IOMT-020,S-IOMT-020-658,LAB_RESULTS,EP-IND-03649
BC-03650,2026-01-01 08:43:50+00:00,0,IOMT-042,S-IOMT-042-659,RESEARCH,EP-IND-03650
BC-03651,2026-01-01 08:43:51+00:00,0,IOMT-019,S-IOMT-019-660,IMAGING,EP-IND-03651
BC-03652,2026-01-01 08:44:04+00:00,0,IOMT-030,S-IOMT-030-661,EHR_READ,EP-IND-03652
BC-03653,2026-01-01 08:44:06+00:00,0,IOMT-000,S-IOMT-000-662,EHR_WRITE,EP-IND-03653
BC-03654,2026-01-01 08:44:36+00:00,0,IOMT-000,S-IOMT-000-663,IMAGING,EP-IND-03654
BC-03655,2026-01-01 08:44:49+00:00,0,IOMT-014,S-IOMT-014-664,RESEARCH,EP-IND-03655
BC-03656,2026-01-01 08:44:49+00:00,0,IOMT-047,S-IOMT-047-665,LAB_RESULTS,EP-IND-03656
BC-03657,2026-01-01 08:44:54+00:00,0,IOMT-047,S-IOMT-047-666,IMAGING,EP-IND-03657
BC-03658,2026-01-01 08:44:59+00:00,0,IOMT-009,S-IOMT-009-667,IMAGING,EP-IND-03658
BC-03659,2026-01-01 08:45:14+00:00,0,IOMT-030,S-IOMT-030-668,EHR_WRITE,EP-IND-03659
BC-03660,2026-01-01 08:45:31+00:00,0,IOMT-008,S-IOMT-008-669,LAB_RESULTS,EP-IND-03660
BC-03661,2026-01-01 08:45:39+00:00,0,IOMT-007,S-IOMT-007-670,EHR_WRITE,EP-IND-03661
BC-03662,2026-01-01 08:45:47+00:00,0,IOMT-022,S-IOMT-022-671,EHR_READ,EP-IND-03662
BC-03663,2026-01-01 08:45:57+00:00,0,IOMT-013,S-IOMT-013-672,LAB_RESULTS,EP-IND-03663
BC-03664,2026-01-01 08:46:01+00:00,0,IOMT-015,S-IOMT-015-673,IMAGING,EP-IND-03664
BC-03665,2026-01-01 08:46:10+00:00,0,IOMT-025,S-IOMT-025-674,IMAGING,EP-IND-03665
BC-03666,2026-01-01 08:46:10+00:00,0,IOMT-005,S-IOMT-005-675,LAB_RESULTS,EP-IND-03666
BC-03667,2026-01-01 08:46:21+00:00,0,IOMT-035,S-IOMT-035-676,RESEARCH,EP-IND-03667
BC-03668,2026-01-01 08:46:22+00:00,0,IOMT-049,S-IOMT-049-677,LAB_RESULTS,EP-IND-03668
BC-03669,2026-01-01 08:46:32+00:00,0,IOMT-020,S-IOMT-020-678,EHR_WRITE,EP-IND-03669
BC-03670,2026-01-01 08:46:39+00:00,0,IOMT-046,S-IOMT-046-679,IMAGING,EP-IND-03670
BC-03671,2026-01-01 08:46:39+00:00,0,IOMT-014,S-IOMT-014-680,LAB_RESULTS,EP-IND-03671
BC-03672,2026-01-01 08:46:42+00:00,0,IOMT-046,S-IOMT-046-681,EHR_WRITE,EP-IND-03672
BC-03673,2026-01-01 08:46:46+00:00,0,IOMT-011,S-IOMT-011-682,LAB_RESULTS,EP-IND-03673
BC-03674,2026-01-01 08:46:48+00:00,0,IOMT-046,S-IOMT-046-683,EHR_WRITE,EP-IND-03674
BC-03675,2026-01-01 08:46:53+00:00,0,IOMT-021,S-IOMT-021-684,EHR_WRITE,EP-IND-03675
BC-03676,2026-01-01 08:46:53+00:00,0,IOMT-000,S-IOMT-000-685,RESEARCH,EP-IND-03676
BC-03677,2026-01-01 08:47:00+00:00,0,IOMT-025,S-IOMT-025-686,EHR_READ,EP-IND-03677
BC-03678,2026-01-01 08:47:05+00:00,0,IOMT-006,S-IOMT-006-687,LAB_RESULTS,EP-IND-03678
BC-03679,2026-01-01 08:47:22+00:00,0,IOMT-007,S-IOMT-007-688,EHR_WRITE,EP-IND-03679
BC-03680,2026-01-01 08:47:30+00:00,0,IOMT-028,S-IOMT-028-689,EHR_WRITE,EP-IND-03680
BC-03681,2026-01-01 08:47:37+00:00,0,IOMT-041,S-IOMT-041-690,EHR_READ,EP-IND-03681
BC-03682,2026-01-01 08:47:49+00:00,0,IOMT-018,S-IOMT-018-691,IMAGING,EP-IND-03682
BC-03683,2026-01-01 08:47:50+00:00,0,IOMT-044,S-IOMT-044-692,EHR_WRITE,EP-IND-03683
BC-03684,2026-01-01 08:47:51+00:00,0,IOMT-013,S-IOMT-013-693,IMAGING,EP-IND-03684
BC-03685,2026-01-01 08:48:21+00:00,0,IOMT-008,S-IOMT-008-694,RESEARCH,EP-IND-03685
BC-03686,2026-01-01 08:48:29+00:00,0,IOMT-049,S-IOMT-049-695,RESEARCH,EP-IND-03686
BC-03687,2026-01-01 08:48:30+00:00,0,IOMT-045,S-IOMT-045-696,EHR_WRITE,EP-IND-03687
BC-03688,2026-01-01 08:48:40+00:00,0,IOMT-024,S-IOMT-024-697,LAB_RESULTS,EP-IND-03688
BC-03689,2026-01-01 08:48:41+00:00,0,IOMT-038,S-IOMT-038-698,RESEARCH,EP-IND-03689
BC-03690,2026-01-01 08:48:52+00:00,0,IOMT-023,S-IOMT-023-699,EHR_READ,EP-IND-03690
BC-03691,2026-01-01 08:49:01+00:00,0,IOMT-008,S-IOMT-008-700,EHR_WRITE,EP-IND-03691
BC-03692,2026-01-01 08:49:09+00:00,0,IOMT-040,S-IOMT-040-701,RESEARCH,EP-IND-03692
BC-03693,2026-01-01 08:49:23+00:00,0,IOMT-022,S-IOMT-022-702,LAB_RESULTS,EP-IND-03693
BC-03694,2026-01-01 08:49:29+00:00,0,IOMT-042,S-IOMT-042-703,EHR_WRITE,EP-IND-03694
BC-03695,2026-01-01 08:49:35+00:00,0,IOMT-018,S-IOMT-018-704,LAB_RESULTS,EP-IND-03695
BC-03696,2026-01-01 08:49:42+00:00,0,IOMT-045,S-IOMT-045-705,EHR_READ,EP-IND-03696
BC-03697,2026-01-01 08:50:13+00:00,0,IOMT-045,S-IOMT-045-706,EHR_READ,EP-IND-03697
BC-03698,2026-01-01 08:50:17+00:00,0,IOMT-005,S-IOMT-005-707,EHR_WRITE,EP-IND-03698
BC-03699,2026-01-01 08:50:22+00:00,0,IOMT-013,S-IOMT-013-708,LAB_RESULTS,EP-IND-03699
BC-03700,2026-01-01 08:50:28+00:00,0,IOMT-005,S-IOMT-005-709,RESEARCH,EP-IND-03700
BC-03701,2026-01-01 08:50:38+00:00,0,IOMT-006,S-IOMT-006-710,RESEARCH,EP-IND-03701
BC-03702,2026-01-01 08:50:41+00:00,0,IOMT-044,S-IOMT-044-711,EHR_WRITE,EP-IND-03702
BC-03703,2026-01-01 08:50:46+00:00,0,IOMT-040,S-IOMT-040-712,RESEARCH,EP-IND-03703
BC-03704,2026-01-01 08:50:48+00:00,0,IOMT-018,S-IOMT-018-713,RESEARCH,EP-IND-03704
BC-03705,2026-01-01 08:51:05+00:00,1,IOMT-042,S-IOMT-042-714,EHR_READ,EP-IND-03705
BC-03706,2026-01-01 08:51:12+00:00,0,IOMT-030,S-IOMT-030-715,LAB_RESULTS,EP-IND-03706
BC-03707,2026-01-01 08:51:13+00:00,0,IOMT-001,S-IOMT-001-716,RESEARCH,EP-IND-03707
BC-03708,2026-01-01 08:51:13+00:00,0,IOMT-000,S-IOMT-000-717,RESEARCH,EP-IND-03708
BC-03709,2026-01-01 08:51:36+00:00,1,IOMT-036,S-IOMT-036-718,EHR_WRITE,EP-IND-03709
BC-03710,2026-01-01 08:51:38+00:00,0,IOMT-047,S-IOMT-047-719,LAB_RESULTS,EP-IND-03710
BC-03711,2026-01-01 08:52:00+00:00,0,IOMT-035,S-IOMT-035-720,LAB_RESULTS,EP-IND-03711
BC-03712,2026-01-01 08:52:11+00:00,0,IOMT-032,S-IOMT-032-721,IMAGING,EP-IND-03712
BC-03713,2026-01-01 08:52:20+00:00,0,IOMT-046,S-IOMT-046-722,EHR_READ,EP-IND-03713
BC-03714,2026-01-01 08:52:23+00:00,0,IOMT-015,S-IOMT-015-723,EHR_READ,EP-IND-03714
BC-03715,2026-01-01 08:53:07+00:00,0,IOMT-026,S-IOMT-026-724,EHR_READ,EP-IND-03715
BC-03716,2026-01-01 08:53:43+00:00,0,IOMT-042,S-IOMT-042-725,RESEARCH,EP-IND-03716
BC-03717,2026-01-01 08:53:45+00:00,0,IOMT-028,S-IOMT-028-726,RESEARCH,EP-IND-03717
BC-03718,2026-01-01 08:53:50+00:00,0,IOMT-011,S-IOMT-011-727,RESEARCH,EP-IND-03718
BC-03719,2026-01-01 08:53:59+00:00,0,IOMT-028,S-IOMT-028-728,RESEARCH,EP-IND-03719
BC-03720,2026-01-01 08:54:08+00:00,0,IOMT-033,S-IOMT-033-729,LAB_RESULTS,EP-IND-03720
BC-03721,2026-01-01 08:54:12+00:00,0,IOMT-018,S-IOMT-018-730,IMAGING,EP-IND-03721
BC-03722,2026-01-01 08:54:15+00:00,0,IOMT-047,S-IOMT-047-731,LAB_RESULTS,EP-IND-03722
BC-03723,2026-01-01 08:54:23+00:00,0,IOMT-028,S-IOMT-028-732,LAB_RESULTS,EP-IND-03723
BC-03724,2026-01-01 08:54:30+00:00,0,IOMT-034,S-IOMT-034-733,LAB_RESULTS,EP-IND-03724
BC-03725,2026-01-01 08:54:43+00:00,0,IOMT-027,S-IOMT-027-734,IMAGING,EP-IND-03725
BC-03726,2026-01-01 08:54:44+00:00,0,IOMT-038,S-IOMT-038-735,EHR_WRITE,EP-IND-03726
BC-03727,2026-01-01 08:54:45+00:00,0,IOMT-035,S-IOMT-035-736,RESEARCH,EP-IND-03727
BC-03728,2026-01-01 08:54:52+00:00,0,IOMT-025,S-IOMT-025-737,LAB_RESULTS,EP-IND-03728
BC-03729,2026-01-01 08:54:57+00:00,0,IOMT-004,S-IOMT-004-738,RESEARCH,EP-IND-03729
BC-03730,2026-01-01 08:54:57+00:00,0,IOMT-032,S-IOMT-032-739,RESEARCH,EP-IND-03730
BC-03731,2026-01-01 08:54:58+00:00,0,IOMT-016,S-IOMT-016-740,IMAGING,EP-IND-03731
BC-03732,2026-01-01 08:55:09+00:00,0,IOMT-037,S-IOMT-037-741,EHR_WRITE,EP-IND-03732
BC-03733,2026-01-01 08:55:13+00:00,0,IOMT-037,S-IOMT-037-742,EHR_WRITE,EP-IND-03733
BC-03734,2026-01-01 08:55:20+00:00,0,IOMT-007,S-IOMT-007-743,LAB_RESULTS,EP-IND-03734
BC-03735,2026-01-01 08:55:25+00:00,0,IOMT-020,S-IOMT-020-744,IMAGING,EP-IND-03735
BC-03736,2026-01-01 08:55:41+00:00,0,IOMT-047,S-IOMT-047-745,LAB_RESULTS,EP-IND-03736
BC-03737,2026-01-01 08:56:00+00:00,0,IOMT-006,S-IOMT-006-746,LAB_RESULTS,EP-IND-03737
BC-03738,2026-01-01 08:56:07+00:00,0,IOMT-030,S-IOMT-030-747,IMAGING,EP-IND-03738
BC-03739,2026-01-01 08:56:13+00:00,0,IOMT-044,S-IOMT-044-748,RESEARCH,EP-IND-03739
BC-03740,2026-01-01 08:56:19+00:00,0,IOMT-003,S-IOMT-003-749,IMAGING,EP-IND-03740
BC-03741,2026-01-01 08:56:37+00:00,0,IOMT-015,S-IOMT-015-750,IMAGING,EP-IND-03741
BC-03742,2026-01-01 08:56:45+00:00,0,IOMT-023,S-IOMT-023-751,EHR_READ,EP-IND-03742
BC-03743,2026-01-01 08:56:55+00:00,0,IOMT-030,S-IOMT-030-752,EHR_WRITE,EP-IND-03743
BC-03744,2026-01-01 08:57:01+00:00,0,IOMT-003,S-IOMT-003-753,EHR_WRITE,EP-IND-03744
BC-03745,2026-01-01 08:57:04+00:00,0,IOMT-021,S-IOMT-021-754,IMAGING,EP-IND-03745
BC-03746,2026-01-01 08:57:12+00:00,0,IOMT-043,S-IOMT-043-755,EHR_READ,EP-IND-03746
BC-03747,2026-01-01 08:57:21+00:00,0,IOMT-032,S-IOMT-032-756,EHR_READ,EP-IND-03747
BC-03748,2026-01-01 08:57:34+00:00,0,IOMT-000,S-IOMT-000-757,EHR_READ,EP-IND-03748
BC-03749,2026-01-01 08:57:49+00:00,0,IOMT-001,S-IOMT-001-758,LAB_RESULTS,EP-IND-03749
BC-03750,2026-01-01 08:57:58+00:00,0,IOMT-044,S-IOMT-044-759,RESEARCH,EP-IND-03750
BC-03751,2026-01-01 08:58:04+00:00,0,IOMT-022,S-IOMT-022-760,LAB_RESULTS,EP-IND-03751
BC-03752,2026-01-01 08:58:13+00:00,0,IOMT-043,S-IOMT-043-761,EHR_WRITE,EP-IND-03752
BC-03753,2026-01-01 08:58:16+00:00,0,IOMT-030,S-IOMT-030-762,EHR_WRITE,EP-IND-03753
BC-03754,2026-01-01 08:58:25+00:00,0,IOMT-015,S-IOMT-015-763,IMAGING,EP-IND-03754
BC-03755,2026-01-01 08:58:27+00:00,0,IOMT-041,S-IOMT-041-764,IMAGING,EP-IND-03755
BC-03756,2026-01-01 08:58:30+00:00,0,IOMT-009,S-IOMT-009-765,IMAGING,EP-IND-03756
BC-03757,2026-01-01 08:58:33+00:00,0,IOMT-023,S-IOMT-023-766,EHR_READ,EP-IND-03757
BC-03758,2026-01-01 08:58:40+00:00,0,IOMT-007,S-IOMT-007-767,LAB_RESULTS,EP-IND-03758
BC-03759,2026-01-01 08:59:22+00:00,0,IOMT-020,S-IOMT-020-768,EHR_READ,EP-IND-03759
BC-03760,2026-01-01 08:59:22+00:00,0,IOMT-020,S-IOMT-020-769,LAB_RESULTS,EP-IND-03760
BC-03761,2026-01-01 08:59:24+00:00,0,IOMT-032,S-IOMT-032-770,RESEARCH,EP-IND-03761
BC-03762,2026-01-01 08:59:26+00:00,0,IOMT-038,S-IOMT-038-771,EHR_WRITE,EP-IND-03762
BC-03763,2026-01-01 08:59:28+00:00,0,IOMT-022,S-IOMT-022-772,IMAGING,EP-IND-03763
BC-03764,2026-01-01 08:59:41+00:00,0,IOMT-045,S-IOMT-045-773,EHR_READ,EP-IND-03764
BC-03765,2026-01-01 08:59:44+00:00,0,IOMT-023,S-IOMT-023-774,LAB_RESULTS,EP-IND-03765
BC-03766,2026-01-01 08:59:48+00:00,0,IOMT-023,S-IOMT-023-775,LAB_RESULTS,EP-IND-03766
BC-03767,2026-01-01 08:59:48+00:00,0,IOMT-010,S-IOMT-010-776,IMAGING,EP-IND-03767
BC-03768,2026-01-01 08:59:56+00:00,0,IOMT-003,S-IOMT-003-777,LAB_RESULTS,EP-IND-03768
BC-03769,2026-01-01 09:00:03+00:00,0,IOMT-011,S-IOMT-011-778,EHR_WRITE,EP-IND-03769
BC-03770,2026-01-01 09:00:26+00:00,0,IOMT-013,S-IOMT-013-779,RESEARCH,EP-IND-03770
BC-03771,2026-01-01 09:00:40+00:00,0,IOMT-008,S-IOMT-008-780,LAB_RESULTS,EP-IND-03771
BC-03772,2026-01-01 09:00:49+00:00,0,IOMT-002,S-IOMT-002-781,LAB_RESULTS,EP-IND-03772
BC-03773,2026-01-01 09:01:03+00:00,0,IOMT-005,S-IOMT-005-782,EHR_READ,EP-IND-03773
BC-03774,2026-01-01 09:01:07+00:00,0,IOMT-041,S-IOMT-041-783,RESEARCH,EP-IND-03774
BC-03775,2026-01-01 09:01:15+00:00,0,IOMT-040,S-IOMT-040-784,LAB_RESULTS,EP-IND-03775
BC-03776,2026-01-01 09:01:21+00:00,0,IOMT-009,S-IOMT-009-785,EHR_READ,EP-IND-03776
BC-03777,2026-01-01 09:01:21+00:00,0,IOMT-009,S-IOMT-009-786,IMAGING,EP-IND-03777
BC-03778,2026-01-01 09:01:28+00:00,0,IOMT-026,S-IOMT-026-787,RESEARCH,EP-IND-03778
BC-03779,2026-01-01 09:01:29+00:00,0,IOMT-041,S-IOMT-041-788,EHR_WRITE,EP-IND-03779
BC-03780,2026-01-01 09:01:30+00:00,0,IOMT-040,S-IOMT-040-789,LAB_RESULTS,EP-IND-03780
BC-03781,2026-01-01 09:01:30+00:00,0,IOMT-045,S-IOMT-045-790,EHR_READ,EP-IND-03781
BC-03782,2026-01-01 09:01:42+00:00,0,IOMT-017,S-IOMT-017-791,EHR_WRITE,EP-IND-03782
BC-03783,2026-01-01 09:01:44+00:00,0,IOMT-019,S-IOMT-019-792,RESEARCH,EP-IND-03783
BC-03784,2026-01-01 09:01:57+00:00,0,IOMT-019,S-IOMT-019-793,LAB_RESULTS,EP-IND-03784
BC-03785,2026-01-01 09:02:20+00:00,0,IOMT-038,S-IOMT-038-794,IMAGING,EP-IND-03785
BC-03786,2026-01-01 09:02:35+00:00,0,IOMT-027,S-IOMT-027-795,EHR_WRITE,EP-IND-03786
BC-03787,2026-01-01 09:02:35+00:00,0,IOMT-005,S-IOMT-005-796,EHR_READ,EP-IND-03787
BC-03788,2026-01-01 09:02:37+00:00,0,IOMT-024,S-IOMT-024-797,RESEARCH,EP-IND-03788
BC-03789,2026-01-01 09:02:48+00:00,0,IOMT-038,S-IOMT-038-798,IMAGING,EP-IND-03789
BC-03790,2026-01-01 09:03:21+00:00,0,IOMT-042,S-IOMT-042-799,IMAGING,EP-IND-03790
BC-03791,2026-01-01 09:03:22+00:00,0,IOMT-044,S-IOMT-044-800,RESEARCH,EP-IND-03791
BC-03792,2026-01-01 09:03:24+00:00,0,IOMT-015,S-IOMT-015-801,RESEARCH,EP-IND-03792
BC-03793,2026-01-01 09:03:26+00:00,0,IOMT-023,S-IOMT-023-802,IMAGING,EP-IND-03793
BC-03794,2026-01-01 09:03:26+00:00,0,IOMT-018,S-IOMT-018-803,LAB_RESULTS,EP-IND-03794
BC-03795,2026-01-01 09:03:29+00:00,1,IOMT-000,S-IOMT-000-804,RESEARCH,EP-IND-03795
BC-03796,2026-01-01 09:03:34+00:00,0,IOMT-017,S-IOMT-017-805,EHR_READ,EP-IND-03796
BC-03797,2026-01-01 09:03:55+00:00,0,IOMT-011,S-IOMT-011-806,RESEARCH,EP-IND-03797
BC-03798,2026-01-01 09:04:00+00:00,0,IOMT-030,S-IOMT-030-807,RESEARCH,EP-IND-03798
BC-03799,2026-01-01 09:04:06+00:00,0,IOMT-005,S-IOMT-005-808,RESEARCH,EP-IND-03799
BC-03800,2026-01-01 09:04:13+00:00,0,IOMT-017,S-IOMT-017-809,LAB_RESULTS,EP-IND-03800
BC-03801,2026-01-01 09:04:16+00:00,0,IOMT-020,S-IOMT-020-810,RESEARCH,EP-IND-03801
BC-03802,2026-01-01 09:04:19+00:00,0,IOMT-026,S-IOMT-026-811,IMAGING,EP-IND-03802
BC-03803,2026-01-01 09:04:24+00:00,0,IOMT-045,S-IOMT-045-812,EHR_WRITE,EP-IND-03803
BC-03804,2026-01-01 09:04:30+00:00,1,IOMT-010,S-IOMT-010-813,RESEARCH,EP-IND-03804
BC-03805,2026-01-01 09:04:42+00:00,0,IOMT-037,S-IOMT-037-814,IMAGING,EP-IND-03805
BC-03806,2026-01-01 09:04:43+00:00,0,IOMT-001,S-IOMT-001-815,RESEARCH,EP-IND-03806
BC-03807,2026-01-01 09:04:50+00:00,0,IOMT-048,S-IOMT-048-816,EHR_READ,EP-IND-03807
BC-03808,2026-01-01 09:05:00+00:00,0,IOMT-023,S-IOMT-023-817,LAB_RESULTS,EP-IND-03808
BC-03809,2026-01-01 09:05:01+00:00,0,IOMT-035,S-IOMT-035-818,LAB_RESULTS,EP-IND-03809
BC-03810,2026-01-01 09:05:07+00:00,0,IOMT-022,S-IOMT-022-819,EHR_WRITE,EP-IND-03810
BC-03811,2026-01-01 09:05:13+00:00,0,IOMT-048,S-IOMT-048-820,LAB_RESULTS,EP-IND-03811
BC-03812,2026-01-01 09:05:18+00:00,0,IOMT-011,S-IOMT-011-821,EHR_READ,EP-IND-03812
BC-03813,2026-01-01 09:05:33+00:00,0,IOMT-021,S-IOMT-021-822,IMAGING,EP-IND-03813
BC-03814,2026-01-01 09:05:33+00:00,0,IOMT-006,S-IOMT-006-823,EHR_READ,EP-IND-03814
BC-03815,2026-01-01 09:05:34+00:00,0,IOMT-034,S-IOMT-034-824,EHR_WRITE,EP-IND-03815
BC-03816,2026-01-01 09:05:42+00:00,0,IOMT-025,S-IOMT-025-825,RESEARCH,EP-IND-03816
BC-03817,2026-01-01 09:05:49+00:00,0,IOMT-006,S-IOMT-006-826,EHR_WRITE,EP-IND-03817
BC-03818,2026-01-01 09:05:51+00:00,0,IOMT-022,S-IOMT-022-827,EHR_WRITE,EP-IND-03818
BC-03819,2026-01-01 09:05:55+00:00,0,IOMT-023,S-IOMT-023-828,EHR_WRITE,EP-IND-03819
BC-03820,2026-01-01 09:05:58+00:00,0,IOMT-035,S-IOMT-035-829,LAB_RESULTS,EP-IND-03820
BC-03821,2026-01-01 09:05:58+00:00,0,IOMT-023,S-IOMT-023-830,IMAGING,EP-IND-03821
BC-03822,2026-01-01 09:06:08+00:00,0,IOMT-049,S-IOMT-049-831,RESEARCH,EP-IND-03822
BC-03823,2026-01-01 09:06:08+00:00,0,IOMT-025,S-IOMT-025-832,EHR_READ,EP-IND-03823
BC-03824,2026-01-01 09:06:10+00:00,0,IOMT-036,S-IOMT-036-833,LAB_RESULTS,EP-IND-03824
BC-03825,2026-01-01 09:06:10+00:00,0,IOMT-025,S-IOMT-025-834,IMAGING,EP-IND-03825
BC-03826,2026-01-01 09:06:21+00:00,0,IOMT-023,S-IOMT-023-835,LAB_RESULTS,EP-IND-03826
BC-03827,2026-01-01 09:06:22+00:00,0,IOMT-044,S-IOMT-044-836,LAB_RESULTS,EP-IND-03827
BC-03828,2026-01-01 09:06:25+00:00,0,IOMT-006,S-IOMT-006-837,EHR_READ,EP-IND-03828
BC-03829,2026-01-01 09:06:25+00:00,0,IOMT-015,S-IOMT-015-838,LAB_RESULTS,EP-IND-03829
BC-03830,2026-01-01 09:06:40+00:00,0,IOMT-017,S-IOMT-017-839,RESEARCH,EP-IND-03830
BC-03831,2026-01-01 09:06:42+00:00,0,IOMT-036,S-IOMT-036-840,LAB_RESULTS,EP-IND-03831
BC-03832,2026-01-01 09:06:46+00:00,0,IOMT-042,S-IOMT-042-841,IMAGING,EP-IND-03832
BC-03833,2026-01-01 09:06:55+00:00,0,IOMT-030,S-IOMT-030-842,RESEARCH,EP-IND-03833
BC-03834,2026-01-01 09:07:06+00:00,0,IOMT-026,S-IOMT-026-843,EHR_WRITE,EP-IND-03834
BC-03835,2026-01-01 09:07:08+00:00,0,IOMT-044,S-IOMT-044-844,LAB_RESULTS,EP-IND-03835
BC-03836,2026-01-01 09:07:11+00:00,0,IOMT-009,S-IOMT-009-845,IMAGING,EP-IND-03836
BC-03837,2026-01-01 09:07:16+00:00,0,IOMT-031,S-IOMT-031-846,EHR_WRITE,EP-IND-03837
BC-03838,2026-01-01 09:07:23+00:00,0,IOMT-033,S-IOMT-033-847,RESEARCH,EP-IND-03838
BC-03839,2026-01-01 09:07:32+00:00,0,IOMT-032,S-IOMT-032-848,RESEARCH,EP-IND-03839
BC-03840,2026-01-01 09:08:02+00:00,0,IOMT-029,S-IOMT-029-849,LAB_RESULTS,EP-IND-03840
BC-03841,2026-01-01 09:08:35+00:00,0,IOMT-019,S-IOMT-019-850,IMAGING,EP-IND-03841
BC-03842,2026-01-01 09:08:36+00:00,0,IOMT-017,S-IOMT-017-851,EHR_READ,EP-IND-03842
BC-03843,2026-01-01 09:08:42+00:00,0,IOMT-044,S-IOMT-044-852,LAB_RESULTS,EP-IND-03843
BC-03844,2026-01-01 09:08:48+00:00,0,IOMT-033,S-IOMT-033-853,LAB_RESULTS,EP-IND-03844
BC-03845,2026-01-01 09:08:52+00:00,0,IOMT-022,S-IOMT-022-854,LAB_RESULTS,EP-IND-03845
BC-03846,2026-01-01 09:08:54+00:00,0,IOMT-039,S-IOMT-039-855,EHR_READ,EP-IND-03846
BC-03847,2026-01-01 09:09:32+00:00,0,IOMT-041,S-IOMT-041-856,RESEARCH,EP-IND-03847
BC-03848,2026-01-01 09:09:38+00:00,0,IOMT-003,S-IOMT-003-857,IMAGING,EP-IND-03848
BC-03849,2026-01-01 09:09:47+00:00,0,IOMT-039,S-IOMT-039-858,RESEARCH,EP-IND-03849
BC-03850,2026-01-01 09:09:52+00:00,0,IOMT-003,S-IOMT-003-859,LAB_RESULTS,EP-IND-03850
BC-03851,2026-01-01 09:10:22+00:00,0,IOMT-033,S-IOMT-033-860,EHR_WRITE,EP-IND-03851
BC-03852,2026-01-01 09:10:32+00:00,0,IOMT-003,S-IOMT-003-861,LAB_RESULTS,EP-IND-03852
BC-03853,2026-01-01 09:10:33+00:00,0,IOMT-038,S-IOMT-038-862,IMAGING,EP-IND-03853
BC-03854,2026-01-01 09:10:35+00:00,0,IOMT-014,S-IOMT-014-863,IMAGING,EP-IND-03854
BC-03855,2026-01-01 09:10:35+00:00,0,IOMT-023,S-IOMT-023-864,LAB_RESULTS,EP-IND-03855
BC-03856,2026-01-01 09:10:43+00:00,0,IOMT-028,S-IOMT-028-865,LAB_RESULTS,EP-IND-03856
BC-03857,2026-01-01 09:10:55+00:00,0,IOMT-034,S-IOMT-034-866,EHR_READ,EP-IND-03857
BC-03858,2026-01-01 09:10:56+00:00,0,IOMT-004,S-IOMT-004-867,RESEARCH,EP-IND-03858
BC-03859,2026-01-01 09:11:08+00:00,0,IOMT-046,S-IOMT-046-868,EHR_WRITE,EP-IND-03859
BC-03860,2026-01-01 09:11:15+00:00,0,IOMT-009,S-IOMT-009-869,RESEARCH,EP-IND-03860
BC-03861,2026-01-01 09:11:35+00:00,0,IOMT-036,S-IOMT-036-870,RESEARCH,EP-IND-03861
BC-03862,2026-01-01 09:11:44+00:00,0,IOMT-030,S-IOMT-030-871,EHR_WRITE,EP-IND-03862
BC-03863,2026-01-01 09:12:20+00:00,0,IOMT-047,S-IOMT-047-872,EHR_WRITE,EP-IND-03863
BC-03864,2026-01-01 09:12:44+00:00,0,IOMT-007,S-IOMT-007-873,RESEARCH,EP-IND-03864
BC-03865,2026-01-01 09:12:45+00:00,0,IOMT-044,S-IOMT-044-874,EHR_WRITE,EP-IND-03865
BC-03866,2026-01-01 09:12:58+00:00,0,IOMT-024,S-IOMT-024-875,EHR_WRITE,EP-IND-03866
BC-03867,2026-01-01 09:13:06+00:00,0,IOMT-019,S-IOMT-019-876,RESEARCH,EP-IND-03867
BC-03868,2026-01-01 09:13:13+00:00,0,IOMT-009,S-IOMT-009-877,IMAGING,EP-IND-03868
BC-03869,2026-01-01 09:13:17+00:00,0,IOMT-026,S-IOMT-026-878,EHR_WRITE,EP-IND-03869
BC-03870,2026-01-01 09:13:27+00:00,0,IOMT-013,S-IOMT-013-879,IMAGING,EP-IND-03870
BC-03871,2026-01-01 09:13:37+00:00,0,IOMT-040,S-IOMT-040-880,EHR_READ,EP-IND-03871
BC-03872,2026-01-01 09:13:45+00:00,0,IOMT-028,S-IOMT-028-881,LAB_RESULTS,EP-IND-03872
BC-03873,2026-01-01 09:13:45+00:00,0,IOMT-008,S-IOMT-008-882,EHR_READ,EP-IND-03873
BC-03874,2026-01-01 09:14:27+00:00,0,IOMT-021,S-IOMT-021-883,EHR_WRITE,EP-IND-03874
BC-03875,2026-01-01 09:14:32+00:00,0,IOMT-017,S-IOMT-017-884,EHR_WRITE,EP-IND-03875
BC-03876,2026-01-01 09:14:42+00:00,0,IOMT-038,S-IOMT-038-885,EHR_READ,EP-IND-03876
BC-03877,2026-01-01 09:14:44+00:00,0,IOMT-023,S-IOMT-023-886,RESEARCH,EP-IND-03877
BC-03878,2026-01-01 09:14:45+00:00,0,IOMT-004,S-IOMT-004-887,LAB_RESULTS,EP-IND-03878
BC-03879,2026-01-01 09:15:26+00:00,0,IOMT-045,S-IOMT-045-888,IMAGING,EP-IND-03879
BC-03880,2026-01-01 09:15:35+00:00,0,IOMT-040,S-IOMT-040-889,RESEARCH,EP-IND-03880
BC-03881,2026-01-01 09:15:40+00:00,0,IOMT-031,S-IOMT-031-890,EHR_READ,EP-IND-03881
BC-03882,2026-01-01 09:15:44+00:00,0,IOMT-026,S-IOMT-026-891,RESEARCH,EP-IND-03882
BC-03883,2026-01-01 09:15:57+00:00,0,IOMT-021,S-IOMT-021-892,IMAGING,EP-IND-03883
BC-03884,2026-01-01 09:15:59+00:00,0,IOMT-039,S-IOMT-039-893,RESEARCH,EP-IND-03884
BC-03885,2026-01-01 09:16:06+00:00,0,IOMT-038,S-IOMT-038-894,IMAGING,EP-IND-03885
BC-03886,2026-01-01 09:16:07+00:00,0,IOMT-042,S-IOMT-042-895,IMAGING,EP-IND-03886
BC-03887,2026-01-01 09:16:13+00:00,0,IOMT-005,S-IOMT-005-896,EHR_READ,EP-IND-03887
BC-03888,2026-01-01 09:16:17+00:00,0,IOMT-023,S-IOMT-023-897,RESEARCH,EP-IND-03888
BC-03889,2026-01-01 09:16:55+00:00,0,IOMT-013,S-IOMT-013-898,EHR_WRITE,EP-IND-03889
BC-03890,2026-01-01 09:16:59+00:00,0,IOMT-019,S-IOMT-019-899,IMAGING,EP-IND-03890
BC-03891,2026-01-01 09:17:06+00:00,0,IOMT-020,S-IOMT-020-900,EHR_WRITE,EP-IND-03891
BC-03892,2026-01-01 09:17:16+00:00,0,IOMT-033,S-IOMT-033-901,EHR_READ,EP-IND-03892
BC-03893,2026-01-01 09:17:18+00:00,0,IOMT-008,S-IOMT-008-902,IMAGING,EP-IND-03893
BC-03894,2026-01-01 09:17:19+00:00,0,IOMT-044,S-IOMT-044-903,LAB_RESULTS,EP-IND-03894
BC-03895,2026-01-01 09:17:25+00:00,0,IOMT-008,S-IOMT-008-904,LAB_RESULTS,EP-IND-03895
BC-03896,2026-01-01 09:17:35+00:00,0,IOMT-014,S-IOMT-014-905,RESEARCH,EP-IND-03896
BC-03897,2026-01-01 09:18:00+00:00,0,IOMT-005,S-IOMT-005-906,LAB_RESULTS,EP-IND-03897
BC-03898,2026-01-01 09:18:01+00:00,0,IOMT-015,S-IOMT-015-907,RESEARCH,EP-IND-03898
BC-03899,2026-01-01 09:18:04+00:00,0,IOMT-022,S-IOMT-022-908,EHR_READ,EP-IND-03899
BC-03900,2026-01-01 09:18:07+00:00,0,IOMT-043,S-IOMT-043-909,EHR_WRITE,EP-IND-03900
BC-03901,2026-01-01 09:18:07+00:00,0,IOMT-046,S-IOMT-046-910,IMAGING,EP-IND-03901
BC-03902,2026-01-01 09:18:11+00:00,0,IOMT-025,S-IOMT-025-911,RESEARCH,EP-IND-03902
BC-03903,2026-01-01 09:18:22+00:00,0,IOMT-044,S-IOMT-044-912,EHR_READ,EP-IND-03903
BC-03904,2026-01-01 09:18:34+00:00,0,IOMT-034,S-IOMT-034-913,IMAGING,EP-IND-03904
BC-03905,2026-01-01 09:18:44+00:00,0,IOMT-023,S-IOMT-023-914,EHR_WRITE,EP-IND-03905
BC-03906,2026-01-01 09:18:46+00:00,0,IOMT-026,S-IOMT-026-915,EHR_WRITE,EP-IND-03906
BC-03907,2026-01-01 09:19:10+00:00,0,IOMT-041,S-IOMT-041-916,EHR_READ,EP-IND-03907
BC-03908,2026-01-01 09:19:14+00:00,0,IOMT-045,S-IOMT-045-917,EHR_WRITE,EP-IND-03908
BC-03909,2026-01-01 09:19:19+00:00,0,IOMT-010,S-IOMT-010-918,EHR_READ,EP-IND-03909
BC-03910,2026-01-01 09:19:26+00:00,0,IOMT-008,S-IOMT-008-919,RESEARCH,EP-IND-03910
BC-03911,2026-01-01 09:19:27+00:00,0,IOMT-007,S-IOMT-007-920,LAB_RESULTS,EP-IND-03911
BC-03912,2026-01-01 09:19:31+00:00,0,IOMT-026,S-IOMT-026-921,IMAGING,EP-IND-03912
BC-03913,2026-01-01 09:19:41+00:00,0,IOMT-001,S-IOMT-001-922,RESEARCH,EP-IND-03913
BC-03914,2026-01-01 09:20:31+00:00,0,IOMT-011,S-IOMT-011-923,IMAGING,EP-IND-03914
BC-03915,2026-01-01 09:20:41+00:00,0,IOMT-028,S-IOMT-028-924,LAB_RESULTS,EP-IND-03915
BC-03916,2026-01-01 09:21:24+00:00,0,IOMT-040,S-IOMT-040-925,EHR_WRITE,EP-IND-03916
BC-03917,2026-01-01 09:21:30+00:00,0,IOMT-011,S-IOMT-011-926,LAB_RESULTS,EP-IND-03917
BC-03918,2026-01-01 09:21:33+00:00,0,IOMT-044,S-IOMT-044-927,LAB_RESULTS,EP-IND-03918
BC-03919,2026-01-01 09:21:50+00:00,0,IOMT-013,S-IOMT-013-928,IMAGING,EP-IND-03919
BC-03920,2026-01-01 09:21:51+00:00,0,IOMT-046,S-IOMT-046-929,LAB_RESULTS,EP-IND-03920
BC-03921,2026-01-01 09:21:54+00:00,0,IOMT-008,S-IOMT-008-930,IMAGING,EP-IND-03921
BC-03922,2026-01-01 09:22:04+00:00,0,IOMT-038,S-IOMT-038-931,LAB_RESULTS,EP-IND-03922
BC-03923,2026-01-01 09:22:06+00:00,0,IOMT-017,S-IOMT-017-932,RESEARCH,EP-IND-03923
BC-03924,2026-01-01 09:22:16+00:00,0,IOMT-014,S-IOMT-014-933,EHR_READ,EP-IND-03924
BC-03925,2026-01-01 09:22:18+00:00,0,IOMT-020,S-IOMT-020-934,EHR_WRITE,EP-IND-03925
BC-03926,2026-01-01 09:22:20+00:00,0,IOMT-002,S-IOMT-002-935,EHR_READ,EP-IND-03926
BC-03927,2026-01-01 09:22:23+00:00,0,IOMT-011,S-IOMT-011-936,IMAGING,EP-IND-03927
BC-03928,2026-01-01 09:22:52+00:00,0,IOMT-034,S-IOMT-034-937,RESEARCH,EP-IND-03928
BC-03929,2026-01-01 09:23:15+00:00,0,IOMT-039,S-IOMT-039-938,LAB_RESULTS,EP-IND-03929
BC-03930,2026-01-01 09:23:20+00:00,0,IOMT-045,S-IOMT-045-939,LAB_RESULTS,EP-IND-03930
BC-03931,2026-01-01 09:23:30+00:00,0,IOMT-033,S-IOMT-033-940,EHR_READ,EP-IND-03931
BC-03932,2026-01-01 09:23:40+00:00,0,IOMT-036,S-IOMT-036-941,EHR_WRITE,EP-IND-03932
BC-03933,2026-01-01 09:23:50+00:00,0,IOMT-002,S-IOMT-002-942,EHR_WRITE,EP-IND-03933
BC-03934,2026-01-01 09:23:51+00:00,0,IOMT-014,S-IOMT-014-943,RESEARCH,EP-IND-03934
BC-03935,2026-01-01 09:23:51+00:00,0,IOMT-030,S-IOMT-030-944,EHR_WRITE,EP-IND-03935
BC-03936,2026-01-01 09:24:02+00:00,0,IOMT-037,S-IOMT-037-945,EHR_READ,EP-IND-03936
BC-03937,2026-01-01 09:24:11+00:00,0,IOMT-046,S-IOMT-046-946,RESEARCH,EP-IND-03937
BC-03938,2026-01-01 09:24:17+00:00,0,IOMT-046,S-IOMT-046-947,RESEARCH,EP-IND-03938
BC-03939,2026-01-01 09:24:28+00:00,0,IOMT-043,S-IOMT-043-948,EHR_WRITE,EP-IND-03939
BC-03940,2026-01-01 09:24:49+00:00,0,IOMT-028,S-IOMT-028-949,RESEARCH,EP-IND-03940
BC-03941,2026-01-01 09:24:50+00:00,0,IOMT-048,S-IOMT-048-950,RESEARCH,EP-IND-03941
BC-03942,2026-01-01 09:24:58+00:00,0,IOMT-042,S-IOMT-042-951,LAB_RESULTS,EP-IND-03942
BC-03943,2026-01-01 09:25:03+00:00,0,IOMT-044,S-IOMT-044-952,EHR_READ,EP-IND-03943
BC-03944,2026-01-01 09:25:05+00:00,0,IOMT-040,S-IOMT-040-953,EHR_WRITE,EP-IND-03944
BC-03945,2026-01-01 09:25:13+00:00,0,IOMT-036,S-IOMT-036-954,EHR_WRITE,EP-IND-03945
BC-03946,2026-01-01 09:25:15+00:00,0,IOMT-025,S-IOMT-025-955,LAB_RESULTS,EP-IND-03946
BC-03947,2026-01-01 09:25:17+00:00,0,IOMT-027,S-IOMT-027-956,IMAGING,EP-IND-03947
BC-03948,2026-01-01 09:25:20+00:00,0,IOMT-010,S-IOMT-010-957,EHR_WRITE,EP-IND-03948
BC-03949,2026-01-01 09:25:22+00:00,0,IOMT-008,S-IOMT-008-958,EHR_READ,EP-IND-03949
BC-03950,2026-01-01 09:25:23+00:00,0,IOMT-035,S-IOMT-035-959,LAB_RESULTS,EP-IND-03950
BC-03951,2026-01-01 09:25:36+00:00,0,IOMT-021,S-IOMT-021-960,LAB_RESULTS,EP-IND-03951
BC-03952,2026-01-01 09:25:38+00:00,0,IOMT-005,S-IOMT-005-961,EHR_READ,EP-IND-03952
BC-03953,2026-01-01 09:25:39+00:00,0,IOMT-030,S-IOMT-030-962,IMAGING,EP-IND-03953
BC-03954,2026-01-01 09:25:41+00:00,0,IOMT-026,S-IOMT-026-963,RESEARCH,EP-IND-03954
BC-03955,2026-01-01 09:25:43+00:00,0,IOMT-049,S-IOMT-049-964,EHR_WRITE,EP-IND-03955
BC-03956,2026-01-01 09:26:22+00:00,0,IOMT-022,S-IOMT-022-965,LAB_RESULTS,EP-IND-03956
BC-03957,2026-01-01 09:26:25+00:00,0,IOMT-016,S-IOMT-016-966,LAB_RESULTS,EP-IND-03957
BC-03958,2026-01-01 09:26:27+00:00,0,IOMT-017,S-IOMT-017-967,RESEARCH,EP-IND-03958
BC-03959,2026-01-01 09:26:34+00:00,0,IOMT-018,S-IOMT-018-968,EHR_READ,EP-IND-03959
BC-03960,2026-01-01 09:26:44+00:00,0,IOMT-042,S-IOMT-042-969,RESEARCH,EP-IND-03960
BC-03961,2026-01-01 09:26:45+00:00,0,IOMT-010,S-IOMT-010-970,EHR_WRITE,EP-IND-03961
BC-03962,2026-01-01 09:26:46+00:00,0,IOMT-040,S-IOMT-040-971,LAB_RESULTS,EP-IND-03962
BC-03963,2026-01-01 09:26:48+00:00,0,IOMT-007,S-IOMT-007-972,LAB_RESULTS,EP-IND-03963
BC-03964,2026-01-01 09:26:50+00:00,0,IOMT-001,S-IOMT-001-973,IMAGING,EP-IND-03964
BC-03965,2026-01-01 09:26:50+00:00,0,IOMT-006,S-IOMT-006-974,EHR_READ,EP-IND-03965
BC-03966,2026-01-01 09:26:51+00:00,0,IOMT-037,S-IOMT-037-975,IMAGING,EP-IND-03966
BC-03967,2026-01-01 09:26:52+00:00,0,IOMT-039,S-IOMT-039-976,LAB_RESULTS,EP-IND-03967
BC-03968,2026-01-01 09:27:04+00:00,0,IOMT-023,S-IOMT-023-977,IMAGING,EP-IND-03968
BC-03969,2026-01-01 09:27:07+00:00,0,IOMT-027,S-IOMT-027-978,EHR_READ,EP-IND-03969
BC-03970,2026-01-01 09:27:07+00:00,0,IOMT-036,S-IOMT-036-979,EHR_WRITE,EP-IND-03970
BC-03971,2026-01-01 09:27:19+00:00,0,IOMT-018,S-IOMT-018-980,IMAGING,EP-IND-03971
BC-03972,2026-01-01 09:27:40+00:00,0,IOMT-036,S-IOMT-036-981,RESEARCH,EP-IND-03972
BC-03973,2026-01-01 09:27:59+00:00,0,IOMT-036,S-IOMT-036-982,EHR_WRITE,EP-IND-03973
BC-03974,2026-01-01 09:28:17+00:00,0,IOMT-027,S-IOMT-027-983,EHR_WRITE,EP-IND-03974
BC-03975,2026-01-01 09:28:26+00:00,0,IOMT-029,S-IOMT-029-984,EHR_WRITE,EP-IND-03975
BC-03976,2026-01-01 09:28:34+00:00,0,IOMT-046,S-IOMT-046-985,EHR_READ,EP-IND-03976
BC-03977,2026-01-01 09:28:36+00:00,0,IOMT-040,S-IOMT-040-986,LAB_RESULTS,EP-IND-03977
BC-03978,2026-01-01 09:28:43+00:00,0,IOMT-039,S-IOMT-039-987,IMAGING,EP-IND-03978
BC-03979,2026-01-01 09:28:46+00:00,0,IOMT-048,S-IOMT-048-988,LAB_RESULTS,EP-IND-03979
BC-03980,2026-01-01 09:28:50+00:00,0,IOMT-024,S-IOMT-024-989,IMAGING,EP-IND-03980
BC-03981,2026-01-01 09:29:07+00:00,0,IOMT-035,S-IOMT-035-990,RESEARCH,EP-IND-03981
BC-03982,2026-01-01 09:29:19+00:00,0,IOMT-043,S-IOMT-043-991,EHR_READ,EP-IND-03982
BC-03983,2026-01-01 09:29:22+00:00,0,IOMT-043,S-IOMT-043-992,LAB_RESULTS,EP-IND-03983
BC-03984,2026-01-01 09:29:27+00:00,0,IOMT-010,S-IOMT-010-993,LAB_RESULTS,EP-IND-03984
BC-03985,2026-01-01 09:29:37+00:00,0,IOMT-039,S-IOMT-039-994,EHR_WRITE,EP-IND-03985
BC-03986,2026-01-01 09:29:46+00:00,0,IOMT-013,S-IOMT-013-995,RESEARCH,EP-IND-03986
BC-03987,2026-01-01 09:29:50+00:00,0,IOMT-046,S-IOMT-046-996,LAB_RESULTS,EP-IND-03987
BC-03988,2026-01-01 09:29:55+00:00,0,IOMT-020,S-IOMT-020-0,EHR_WRITE,EP-IND-03988
BC-03989,2026-01-01 09:30:09+00:00,0,IOMT-037,S-IOMT-037-1,RESEARCH,EP-IND-03989
BC-03990,2026-01-01 09:30:11+00:00,0,IOMT-036,S-IOMT-036-2,IMAGING,EP-IND-03990
BC-03991,2026-01-01 09:30:18+00:00,0,IOMT-033,S-IOMT-033-3,LAB_RESULTS,EP-IND-03991
BC-03992,2026-01-01 09:30:19+00:00,0,IOMT-015,S-IOMT-015-4,LAB_RESULTS,EP-IND-03992
BC-03993,2026-01-01 09:30:25+00:00,0,IOMT-045,S-IOMT-045-5,IMAGING,EP-IND-03993
BC-03994,2026-01-01 09:30:26+00:00,0,IOMT-023,S-IOMT-023-6,LAB_RESULTS,EP-IND-03994
BC-03995,2026-01-01 09:30:34+00:00,0,IOMT-014,S-IOMT-014-7,LAB_RESULTS,EP-IND-03995
BC-03996,2026-01-01 09:30:45+00:00,0,IOMT-001,S-IOMT-001-8,IMAGING,EP-IND-03996
BC-03997,2026-01-01 09:30:56+00:00,0,IOMT-025,S-IOMT-025-9,LAB_RESULTS,EP-IND-03997
BC-03998,2026-01-01 09:31:00+00:00,0,IOMT-013,S-IOMT-013-10,RESEARCH,EP-IND-03998
BC-03999,2026-01-01 09:31:41+00:00,0,IOMT-019,S-IOMT-019-11,RESEARCH,EP-IND-03999
BC-04000,2026-01-01 09:31:45+00:00,0,IOMT-008,S-IOMT-008-12,EHR_WRITE,EP-IND-04000
BC-04001,2026-01-01 09:31:46+00:00,0,IOMT-001,S-IOMT-001-13,RESEARCH,EP-IND-04001
BC-04002,2026-01-01 09:31:50+00:00,0,IOMT-013,S-IOMT-013-14,IMAGING,EP-IND-04002
BC-04003,2026-01-01 09:31:57+00:00,0,IOMT-029,S-IOMT-029-15,RESEARCH,EP-IND-04003
BC-04004,2026-01-01 09:31:59+00:00,0,IOMT-026,S-IOMT-026-16,RESEARCH,EP-IND-04004
BC-04005,2026-01-01 09:32:04+00:00,0,IOMT-014,S-IOMT-014-17,EHR_WRITE,EP-IND-04005
BC-04006,2026-01-01 09:32:09+00:00,0,IOMT-030,S-IOMT-030-18,RESEARCH,EP-IND-04006
BC-04007,2026-01-01 09:32:10+00:00,0,IOMT-031,S-IOMT-031-19,LAB_RESULTS,EP-IND-04007
BC-04008,2026-01-01 09:32:14+00:00,0,IOMT-002,S-IOMT-002-20,EHR_WRITE,EP-IND-04008
BC-04009,2026-01-01 09:32:16+00:00,0,IOMT-032,S-IOMT-032-21,EHR_WRITE,EP-IND-04009
BC-04010,2026-01-01 09:32:18+00:00,0,IOMT-021,S-IOMT-021-22,EHR_WRITE,EP-IND-04010
BC-04011,2026-01-01 09:32:22+00:00,0,IOMT-019,S-IOMT-019-23,LAB_RESULTS,EP-IND-04011
BC-04012,2026-01-01 09:32:40+00:00,0,IOMT-015,S-IOMT-015-24,EHR_READ,EP-IND-04012
BC-04013,2026-01-01 09:32:44+00:00,0,IOMT-021,S-IOMT-021-25,RESEARCH,EP-IND-04013
BC-04014,2026-01-01 09:32:47+00:00,0,IOMT-030,S-IOMT-030-26,EHR_READ,EP-IND-04014
BC-04015,2026-01-01 09:33:00+00:00,0,IOMT-014,S-IOMT-014-27,LAB_RESULTS,EP-IND-04015
BC-04016,2026-01-01 09:33:03+00:00,0,IOMT-007,S-IOMT-007-28,EHR_WRITE,EP-IND-04016
BC-04017,2026-01-01 09:33:19+00:00,0,IOMT-030,S-IOMT-030-29,IMAGING,EP-IND-04017
BC-04018,2026-01-01 09:33:49+00:00,0,IOMT-039,S-IOMT-039-30,LAB_RESULTS,EP-IND-04018
BC-04019,2026-01-01 09:34:12+00:00,0,IOMT-000,S-IOMT-000-31,EHR_WRITE,EP-IND-04019
BC-04020,2026-01-01 09:34:29+00:00,0,IOMT-013,S-IOMT-013-32,LAB_RESULTS,EP-IND-04020
BC-04021,2026-01-01 09:34:48+00:00,0,IOMT-014,S-IOMT-014-33,EHR_READ,EP-IND-04021
BC-04022,2026-01-01 09:34:49+00:00,0,IOMT-019,S-IOMT-019-34,RESEARCH,EP-IND-04022
BC-04023,2026-01-01 09:34:49+00:00,0,IOMT-040,S-IOMT-040-35,RESEARCH,EP-IND-04023
BC-04024,2026-01-01 09:35:05+00:00,0,IOMT-036,S-IOMT-036-36,EHR_READ,EP-IND-04024
BC-04025,2026-01-01 09:35:05+00:00,0,IOMT-029,S-IOMT-029-37,EHR_READ,EP-IND-04025
BC-04026,2026-01-01 09:35:11+00:00,0,IOMT-004,S-IOMT-004-38,LAB_RESULTS,EP-IND-04026
BC-04027,2026-01-01 09:35:24+00:00,0,IOMT-002,S-IOMT-002-39,RESEARCH,EP-IND-04027
BC-04028,2026-01-01 09:35:31+00:00,0,IOMT-030,S-IOMT-030-40,EHR_WRITE,EP-IND-04028
BC-04029,2026-01-01 09:35:31+00:00,0,IOMT-010,S-IOMT-010-41,EHR_WRITE,EP-IND-04029
BC-04030,2026-01-01 09:35:32+00:00,0,IOMT-047,S-IOMT-047-42,LAB_RESULTS,EP-IND-04030
BC-04031,2026-01-01 09:35:37+00:00,0,IOMT-029,S-IOMT-029-43,IMAGING,EP-IND-04031
BC-04032,2026-01-01 09:35:41+00:00,0,IOMT-034,S-IOMT-034-44,LAB_RESULTS,EP-IND-04032
BC-04033,2026-01-01 09:35:44+00:00,0,IOMT-010,S-IOMT-010-45,EHR_WRITE,EP-IND-04033
BC-04034,2026-01-01 09:35:55+00:00,0,IOMT-014,S-IOMT-014-46,LAB_RESULTS,EP-IND-04034
BC-04035,2026-01-01 09:35:58+00:00,0,IOMT-026,S-IOMT-026-47,EHR_READ,EP-IND-04035
BC-04036,2026-01-01 09:35:59+00:00,0,IOMT-012,S-IOMT-012-48,EHR_READ,EP-IND-04036
BC-04037,2026-01-01 09:36:07+00:00,0,IOMT-017,S-IOMT-017-49,IMAGING,EP-IND-04037
BC-04038,2026-01-01 09:36:19+00:00,0,IOMT-031,S-IOMT-031-50,RESEARCH,EP-IND-04038
BC-04039,2026-01-01 09:36:20+00:00,0,IOMT-008,S-IOMT-008-51,RESEARCH,EP-IND-04039
BC-04040,2026-01-01 09:36:23+00:00,0,IOMT-011,S-IOMT-011-52,EHR_WRITE,EP-IND-04040
BC-04041,2026-01-01 09:36:38+00:00,0,IOMT-032,S-IOMT-032-53,RESEARCH,EP-IND-04041
BC-04042,2026-01-01 09:36:40+00:00,0,IOMT-043,S-IOMT-043-54,EHR_WRITE,EP-IND-04042
BC-04043,2026-01-01 09:36:42+00:00,0,IOMT-002,S-IOMT-002-55,EHR_WRITE,EP-IND-04043
BC-04044,2026-01-01 09:36:47+00:00,0,IOMT-020,S-IOMT-020-56,EHR_WRITE,EP-IND-04044
BC-04045,2026-01-01 09:36:48+00:00,0,IOMT-024,S-IOMT-024-57,EHR_READ,EP-IND-04045
BC-04046,2026-01-01 09:36:54+00:00,0,IOMT-048,S-IOMT-048-58,EHR_READ,EP-IND-04046
BC-04047,2026-01-01 09:37:01+00:00,0,IOMT-004,S-IOMT-004-59,RESEARCH,EP-IND-04047
BC-04048,2026-01-01 09:37:13+00:00,0,IOMT-039,S-IOMT-039-60,IMAGING,EP-IND-04048
BC-04049,2026-01-01 09:37:15+00:00,0,IOMT-043,S-IOMT-043-61,LAB_RESULTS,EP-IND-04049
BC-04050,2026-01-01 09:37:37+00:00,0,IOMT-008,S-IOMT-008-62,LAB_RESULTS,EP-IND-04050
BC-04051,2026-01-01 09:37:40+00:00,0,IOMT-038,S-IOMT-038-63,LAB_RESULTS,EP-IND-04051
BC-04052,2026-01-01 09:37:52+00:00,0,IOMT-044,S-IOMT-044-64,EHR_READ,EP-IND-04052
BC-04053,2026-01-01 09:37:59+00:00,0,IOMT-022,S-IOMT-022-65,LAB_RESULTS,EP-IND-04053
BC-04054,2026-01-01 09:38:06+00:00,0,IOMT-009,S-IOMT-009-66,EHR_READ,EP-IND-04054
BC-04055,2026-01-01 09:38:20+00:00,0,IOMT-045,S-IOMT-045-67,LAB_RESULTS,EP-IND-04055
BC-04056,2026-01-01 09:38:27+00:00,0,IOMT-030,S-IOMT-030-68,EHR_WRITE,EP-IND-04056
BC-04057,2026-01-01 09:38:33+00:00,0,IOMT-003,S-IOMT-003-69,EHR_WRITE,EP-IND-04057
BC-04058,2026-01-01 09:38:37+00:00,0,IOMT-005,S-IOMT-005-70,EHR_READ,EP-IND-04058
BC-04059,2026-01-01 09:38:43+00:00,0,IOMT-012,S-IOMT-012-71,RESEARCH,EP-IND-04059
BC-04060,2026-01-01 09:38:46+00:00,0,IOMT-043,S-IOMT-043-72,LAB_RESULTS,EP-IND-04060
BC-04061,2026-01-01 09:39:00+00:00,0,IOMT-041,S-IOMT-041-73,IMAGING,EP-IND-04061
BC-04062,2026-01-01 09:39:10+00:00,0,IOMT-044,S-IOMT-044-74,EHR_WRITE,EP-IND-04062
BC-04063,2026-01-01 09:39:11+00:00,0,IOMT-046,S-IOMT-046-75,EHR_READ,EP-IND-04063
BC-04064,2026-01-01 09:39:18+00:00,0,IOMT-021,S-IOMT-021-76,EHR_WRITE,EP-IND-04064
BC-04065,2026-01-01 09:39:25+00:00,0,IOMT-041,S-IOMT-041-77,RESEARCH,EP-IND-04065
BC-04066,2026-01-01 09:39:33+00:00,0,IOMT-041,S-IOMT-041-78,RESEARCH,EP-IND-04066
BC-04067,2026-01-01 09:39:51+00:00,0,IOMT-026,S-IOMT-026-79,RESEARCH,EP-IND-04067
BC-04068,2026-01-01 09:39:56+00:00,0,IOMT-010,S-IOMT-010-80,EHR_READ,EP-IND-04068
BC-04069,2026-01-01 09:40:02+00:00,0,IOMT-004,S-IOMT-004-81,EHR_READ,EP-IND-04069
BC-04070,2026-01-01 09:40:18+00:00,0,IOMT-040,S-IOMT-040-82,IMAGING,EP-IND-04070
BC-04071,2026-01-01 09:40:32+00:00,0,IOMT-008,S-IOMT-008-83,EHR_WRITE,EP-IND-04071
BC-04072,2026-01-01 09:40:34+00:00,0,IOMT-016,S-IOMT-016-84,RESEARCH,EP-IND-04072
BC-04073,2026-01-01 09:40:41+00:00,0,IOMT-039,S-IOMT-039-85,EHR_READ,EP-IND-04073
BC-04074,2026-01-01 09:40:48+00:00,0,IOMT-049,S-IOMT-049-86,LAB_RESULTS,EP-IND-04074
BC-04075,2026-01-01 09:40:51+00:00,0,IOMT-016,S-IOMT-016-87,EHR_READ,EP-IND-04075
BC-04076,2026-01-01 09:41:19+00:00,0,IOMT-021,S-IOMT-021-88,EHR_READ,EP-IND-04076
BC-04077,2026-01-01 09:41:22+00:00,0,IOMT-046,S-IOMT-046-89,EHR_READ,EP-IND-04077
BC-04078,2026-01-01 09:41:28+00:00,0,IOMT-045,S-IOMT-045-90,EHR_WRITE,EP-IND-04078
BC-04079,2026-01-01 09:41:44+00:00,0,IOMT-015,S-IOMT-015-91,EHR_READ,EP-IND-04079
BC-04080,2026-01-01 09:41:50+00:00,1,IOMT-007,S-IOMT-007-92,EHR_READ,EP-IND-04080
BC-04081,2026-01-01 09:41:51+00:00,1,IOMT-047,S-IOMT-047-93,LAB_RESULTS,EP-IND-04081
BC-04082,2026-01-01 09:41:52+00:00,0,IOMT-027,S-IOMT-027-94,IMAGING,EP-IND-04082
BC-04083,2026-01-01 09:42:00+00:00,0,IOMT-023,S-IOMT-023-95,RESEARCH,EP-IND-04083
BC-04084,2026-01-01 09:42:07+00:00,0,IOMT-000,S-IOMT-000-96,RESEARCH,EP-IND-04084
BC-04085,2026-01-01 09:42:07+00:00,0,IOMT-038,S-IOMT-038-97,IMAGING,EP-IND-04085
BC-04086,2026-01-01 09:42:08+00:00,0,IOMT-046,S-IOMT-046-98,EHR_READ,EP-IND-04086
BC-04087,2026-01-01 09:42:21+00:00,0,IOMT-005,S-IOMT-005-99,EHR_READ,EP-IND-04087
BC-04088,2026-01-01 09:42:21+00:00,0,IOMT-008,S-IOMT-008-100,LAB_RESULTS,EP-IND-04088
BC-04089,2026-01-01 09:42:27+00:00,0,IOMT-027,S-IOMT-027-101,EHR_READ,EP-IND-04089
BC-04090,2026-01-01 09:42:28+00:00,0,IOMT-024,S-IOMT-024-102,RESEARCH,EP-IND-04090
BC-04091,2026-01-01 09:42:33+00:00,0,IOMT-013,S-IOMT-013-103,EHR_WRITE,EP-IND-04091
BC-04092,2026-01-01 09:42:40+00:00,0,IOMT-022,S-IOMT-022-104,IMAGING,EP-IND-04092
BC-04093,2026-01-01 09:42:46+00:00,0,IOMT-022,S-IOMT-022-105,RESEARCH,EP-IND-04093
BC-04094,2026-01-01 09:42:48+00:00,0,IOMT-043,S-IOMT-043-106,IMAGING,EP-IND-04094
BC-04095,2026-01-01 09:42:54+00:00,0,IOMT-010,S-IOMT-010-107,RESEARCH,EP-IND-04095
BC-04096,2026-01-01 09:43:00+00:00,0,IOMT-004,S-IOMT-004-108,IMAGING,EP-IND-04096
BC-04097,2026-01-01 09:43:07+00:00,0,IOMT-030,S-IOMT-030-109,IMAGING,EP-IND-04097
BC-04098,2026-01-01 09:43:15+00:00,0,IOMT-029,S-IOMT-029-110,LAB_RESULTS,EP-IND-04098
BC-04099,2026-01-01 09:43:21+00:00,0,IOMT-030,S-IOMT-030-111,RESEARCH,EP-IND-04099
BC-04100,2026-01-01 09:43:33+00:00,0,IOMT-025,S-IOMT-025-112,IMAGING,EP-IND-04100
BC-04101,2026-01-01 09:43:34+00:00,0,IOMT-011,S-IOMT-011-113,IMAGING,EP-IND-04101
BC-04102,2026-01-01 09:43:38+00:00,0,IOMT-001,S-IOMT-001-114,EHR_WRITE,EP-IND-04102
BC-04103,2026-01-01 09:43:59+00:00,0,IOMT-011,S-IOMT-011-115,EHR_READ,EP-IND-04103
BC-04104,2026-01-01 09:44:04+00:00,0,IOMT-040,S-IOMT-040-116,IMAGING,EP-IND-04104
BC-04105,2026-01-01 09:44:07+00:00,0,IOMT-040,S-IOMT-040-117,IMAGING,EP-IND-04105
BC-04106,2026-01-01 09:44:11+00:00,0,IOMT-011,S-IOMT-011-118,EHR_READ,EP-IND-04106
BC-04107,2026-01-01 09:44:23+00:00,0,IOMT-038,S-IOMT-038-119,LAB_RESULTS,EP-IND-04107
BC-04108,2026-01-01 09:44:24+00:00,0,IOMT-025,S-IOMT-025-120,RESEARCH,EP-IND-04108
BC-04109,2026-01-01 09:44:29+00:00,0,IOMT-049,S-IOMT-049-121,EHR_WRITE,EP-IND-04109
BC-04110,2026-01-01 09:44:35+00:00,0,IOMT-009,S-IOMT-009-122,IMAGING,EP-IND-04110
BC-04111,2026-01-01 09:44:45+00:00,0,IOMT-035,S-IOMT-035-123,EHR_WRITE,EP-IND-04111
BC-04112,2026-01-01 09:44:55+00:00,0,IOMT-000,S-IOMT-000-124,EHR_READ,EP-IND-04112
BC-04113,2026-01-01 09:44:55+00:00,0,IOMT-046,S-IOMT-046-125,RESEARCH,EP-IND-04113
BC-04114,2026-01-01 09:45:06+00:00,0,IOMT-038,S-IOMT-038-126,EHR_READ,EP-IND-04114
BC-04115,2026-01-01 09:45:06+00:00,0,IOMT-049,S-IOMT-049-127,IMAGING,EP-IND-04115
BC-04116,2026-01-01 09:45:32+00:00,0,IOMT-005,S-IOMT-005-128,LAB_RESULTS,EP-IND-04116
BC-04117,2026-01-01 09:45:32+00:00,0,IOMT-043,S-IOMT-043-129,LAB_RESULTS,EP-IND-04117
BC-04118,2026-01-01 09:46:11+00:00,0,IOMT-023,S-IOMT-023-130,EHR_WRITE,EP-IND-04118
BC-04119,2026-01-01 09:46:15+00:00,0,IOMT-012,S-IOMT-012-131,EHR_READ,EP-IND-04119
BC-04120,2026-01-01 09:46:30+00:00,0,IOMT-042,S-IOMT-042-132,EHR_WRITE,EP-IND-04120
BC-04121,2026-01-01 09:46:35+00:00,0,IOMT-047,S-IOMT-047-133,LAB_RESULTS,EP-IND-04121
BC-04122,2026-01-01 09:46:38+00:00,0,IOMT-033,S-IOMT-033-134,RESEARCH,EP-IND-04122
BC-04123,2026-01-01 09:46:53+00:00,0,IOMT-019,S-IOMT-019-135,EHR_READ,EP-IND-04123
BC-04124,2026-01-01 09:46:54+00:00,0,IOMT-005,S-IOMT-005-136,RESEARCH,EP-IND-04124
BC-04125,2026-01-01 09:46:57+00:00,0,IOMT-030,S-IOMT-030-137,IMAGING,EP-IND-04125
BC-04126,2026-01-01 09:46:57+00:00,0,IOMT-014,S-IOMT-014-138,RESEARCH,EP-IND-04126
BC-04127,2026-01-01 09:47:00+00:00,0,IOMT-040,S-IOMT-040-139,EHR_READ,EP-IND-04127
BC-04128,2026-01-01 09:47:04+00:00,0,IOMT-048,S-IOMT-048-140,EHR_WRITE,EP-IND-04128
BC-04129,2026-01-01 09:47:07+00:00,0,IOMT-012,S-IOMT-012-141,EHR_READ,EP-IND-04129
BC-04130,2026-01-01 09:47:09+00:00,0,IOMT-000,S-IOMT-000-142,EHR_WRITE,EP-IND-04130
BC-04131,2026-01-01 09:47:15+00:00,0,IOMT-034,S-IOMT-034-143,EHR_READ,EP-IND-04131
BC-04132,2026-01-01 09:47:34+00:00,0,IOMT-042,S-IOMT-042-144,IMAGING,EP-IND-04132
BC-04133,2026-01-01 09:47:47+00:00,0,IOMT-009,S-IOMT-009-145,RESEARCH,EP-IND-04133
BC-04134,2026-01-01 09:47:50+00:00,0,IOMT-040,S-IOMT-040-146,EHR_WRITE,EP-IND-04134
BC-04135,2026-01-01 09:47:52+00:00,0,IOMT-039,S-IOMT-039-147,EHR_WRITE,EP-IND-04135
BC-04136,2026-01-01 09:47:53+00:00,0,IOMT-012,S-IOMT-012-148,IMAGING,EP-IND-04136
BC-04137,2026-01-01 09:48:00+00:00,0,IOMT-036,S-IOMT-036-149,IMAGING,EP-IND-04137
BC-04138,2026-01-01 09:48:22+00:00,0,IOMT-001,S-IOMT-001-150,LAB_RESULTS,EP-IND-04138
BC-04139,2026-01-01 09:49:01+00:00,0,IOMT-003,S-IOMT-003-151,RESEARCH,EP-IND-04139
BC-04140,2026-01-01 09:49:17+00:00,0,IOMT-003,S-IOMT-003-152,RESEARCH,EP-IND-04140
BC-04141,2026-01-01 09:49:27+00:00,0,IOMT-001,S-IOMT-001-153,IMAGING,EP-IND-04141
BC-04142,2026-01-01 09:50:08+00:00,0,IOMT-016,S-IOMT-016-154,EHR_READ,EP-IND-04142
BC-04143,2026-01-01 09:50:10+00:00,0,IOMT-001,S-IOMT-001-155,EHR_WRITE,EP-IND-04143
BC-04144,2026-01-01 09:50:13+00:00,0,IOMT-024,S-IOMT-024-156,RESEARCH,EP-IND-04144
BC-04145,2026-01-01 09:50:24+00:00,0,IOMT-041,S-IOMT-041-157,RESEARCH,EP-IND-04145
BC-04146,2026-01-01 09:50:32+00:00,0,IOMT-002,S-IOMT-002-158,EHR_READ,EP-IND-04146
BC-04147,2026-01-01 09:50:34+00:00,0,IOMT-007,S-IOMT-007-159,IMAGING,EP-IND-04147
BC-04148,2026-01-01 09:50:47+00:00,0,IOMT-021,S-IOMT-021-160,EHR_READ,EP-IND-04148
BC-04149,2026-01-01 09:50:54+00:00,0,IOMT-005,S-IOMT-005-161,EHR_WRITE,EP-IND-04149
BC-04150,2026-01-01 09:50:56+00:00,0,IOMT-017,S-IOMT-017-162,RESEARCH,EP-IND-04150
BC-04151,2026-01-01 09:51:17+00:00,0,IOMT-013,S-IOMT-013-163,EHR_READ,EP-IND-04151
BC-04152,2026-01-01 09:51:23+00:00,0,IOMT-022,S-IOMT-022-164,RESEARCH,EP-IND-04152
BC-04153,2026-01-01 09:52:21+00:00,0,IOMT-043,S-IOMT-043-165,LAB_RESULTS,EP-IND-04153
BC-04154,2026-01-01 09:52:31+00:00,0,IOMT-028,S-IOMT-028-166,RESEARCH,EP-IND-04154
BC-04155,2026-01-01 09:52:33+00:00,0,IOMT-031,S-IOMT-031-167,EHR_WRITE,EP-IND-04155
BC-04156,2026-01-01 09:52:40+00:00,0,IOMT-020,S-IOMT-020-168,EHR_WRITE,EP-IND-04156
BC-04157,2026-01-01 09:52:46+00:00,0,IOMT-049,S-IOMT-049-169,RESEARCH,EP-IND-04157
BC-04158,2026-01-01 09:52:52+00:00,0,IOMT-039,S-IOMT-039-170,EHR_READ,EP-IND-04158
BC-04159,2026-01-01 09:53:01+00:00,0,IOMT-045,S-IOMT-045-171,EHR_READ,EP-IND-04159
BC-04160,2026-01-01 09:53:04+00:00,0,IOMT-027,S-IOMT-027-172,IMAGING,EP-IND-04160
BC-04161,2026-01-01 09:53:07+00:00,0,IOMT-027,S-IOMT-027-173,IMAGING,EP-IND-04161
BC-04162,2026-01-01 09:53:14+00:00,0,IOMT-039,S-IOMT-039-174,EHR_READ,EP-IND-04162
BC-04163,2026-01-01 09:53:28+00:00,0,IOMT-022,S-IOMT-022-175,EHR_WRITE,EP-IND-04163
BC-04164,2026-01-01 09:53:31+00:00,0,IOMT-016,S-IOMT-016-176,RESEARCH,EP-IND-04164
BC-04165,2026-01-01 09:53:34+00:00,0,IOMT-039,S-IOMT-039-177,EHR_WRITE,EP-IND-04165
BC-04166,2026-01-01 09:53:39+00:00,0,IOMT-038,S-IOMT-038-178,RESEARCH,EP-IND-04166
BC-04167,2026-01-01 09:53:47+00:00,0,IOMT-011,S-IOMT-011-179,LAB_RESULTS,EP-IND-04167
BC-04168,2026-01-01 09:53:48+00:00,0,IOMT-034,S-IOMT-034-180,EHR_READ,EP-IND-04168
BC-04169,2026-01-01 09:53:53+00:00,0,IOMT-045,S-IOMT-045-181,LAB_RESULTS,EP-IND-04169
BC-04170,2026-01-01 09:53:59+00:00,0,IOMT-000,S-IOMT-000-182,EHR_WRITE,EP-IND-04170
BC-04171,2026-01-01 09:54:01+00:00,0,IOMT-013,S-IOMT-013-183,RESEARCH,EP-IND-04171
BC-04172,2026-01-01 09:54:05+00:00,0,IOMT-029,S-IOMT-029-184,RESEARCH,EP-IND-04172
BC-04173,2026-01-01 09:54:30+00:00,0,IOMT-007,S-IOMT-007-185,EHR_WRITE,EP-IND-04173
BC-04174,2026-01-01 09:54:36+00:00,0,IOMT-009,S-IOMT-009-186,EHR_READ,EP-IND-04174
BC-04175,2026-01-01 09:54:39+00:00,0,IOMT-003,S-IOMT-003-187,RESEARCH,EP-IND-04175
BC-04176,2026-01-01 09:54:48+00:00,0,IOMT-025,S-IOMT-025-188,RESEARCH,EP-IND-04176
BC-04177,2026-01-01 09:54:52+00:00,0,IOMT-033,S-IOMT-033-189,IMAGING,EP-IND-04177
BC-04178,2026-01-01 09:55:34+00:00,0,IOMT-020,S-IOMT-020-190,RESEARCH,EP-IND-04178
BC-04179,2026-01-01 09:55:35+00:00,0,IOMT-003,S-IOMT-003-191,LAB_RESULTS,EP-IND-04179
BC-04180,2026-01-01 09:55:40+00:00,0,IOMT-029,S-IOMT-029-192,EHR_READ,EP-IND-04180
BC-04181,2026-01-01 09:55:41+00:00,0,IOMT-007,S-IOMT-007-193,EHR_READ,EP-IND-04181
BC-04182,2026-01-01 09:55:42+00:00,0,IOMT-008,S-IOMT-008-194,EHR_READ,EP-IND-04182
BC-04183,2026-01-01 09:56:09+00:00,0,IOMT-043,S-IOMT-043-195,EHR_WRITE,EP-IND-04183
BC-04184,2026-01-01 09:56:11+00:00,0,IOMT-015,S-IOMT-015-196,LAB_RESULTS,EP-IND-04184
BC-04185,2026-01-01 09:56:11+00:00,0,IOMT-005,S-IOMT-005-197,EHR_READ,EP-IND-04185
BC-04186,2026-01-01 09:56:13+00:00,0,IOMT-044,S-IOMT-044-198,EHR_WRITE,EP-IND-04186
BC-04187,2026-01-01 09:56:19+00:00,0,IOMT-006,S-IOMT-006-199,EHR_READ,EP-IND-04187
BC-04188,2026-01-01 09:56:26+00:00,0,IOMT-032,S-IOMT-032-200,EHR_READ,EP-IND-04188
BC-04189,2026-01-01 09:56:29+00:00,0,IOMT-025,S-IOMT-025-201,EHR_WRITE,EP-IND-04189
BC-04190,2026-01-01 09:56:36+00:00,0,IOMT-000,S-IOMT-000-202,RESEARCH,EP-IND-04190
BC-04191,2026-01-01 09:56:42+00:00,0,IOMT-036,S-IOMT-036-203,EHR_READ,EP-IND-04191
BC-04192,2026-01-01 09:56:51+00:00,0,IOMT-031,S-IOMT-031-204,EHR_READ,EP-IND-04192
BC-04193,2026-01-01 09:56:58+00:00,0,IOMT-044,S-IOMT-044-205,RESEARCH,EP-IND-04193
BC-04194,2026-01-01 09:56:58+00:00,0,IOMT-011,S-IOMT-011-206,IMAGING,EP-IND-04194
BC-04195,2026-01-01 09:56:58+00:00,0,IOMT-035,S-IOMT-035-207,IMAGING,EP-IND-04195
BC-04196,2026-01-01 09:57:17+00:00,0,IOMT-042,S-IOMT-042-208,EHR_WRITE,EP-IND-04196
BC-04197,2026-01-01 09:57:17+00:00,0,IOMT-031,S-IOMT-031-209,EHR_WRITE,EP-IND-04197
BC-04198,2026-01-01 09:57:19+00:00,1,IOMT-032,S-IOMT-032-210,LAB_RESULTS,EP-IND-04198
BC-04199,2026-01-01 09:57:22+00:00,0,IOMT-029,S-IOMT-029-211,RESEARCH,EP-IND-04199
BC-04200,2026-01-01 09:57:41+00:00,0,IOMT-027,S-IOMT-027-212,IMAGING,EP-IND-04200
BC-04201,2026-01-01 09:57:50+00:00,0,IOMT-000,S-IOMT-000-213,EHR_READ,EP-IND-04201
BC-04202,2026-01-01 09:58:11+00:00,0,IOMT-024,S-IOMT-024-214,EHR_WRITE,EP-IND-04202
BC-04203,2026-01-01 09:58:12+00:00,0,IOMT-045,S-IOMT-045-215,LAB_RESULTS,EP-IND-04203
BC-04204,2026-01-01 09:58:31+00:00,0,IOMT-000,S-IOMT-000-216,RESEARCH,EP-IND-04204
BC-04205,2026-01-01 09:58:33+00:00,0,IOMT-001,S-IOMT-001-217,EHR_READ,EP-IND-04205
BC-04206,2026-01-01 09:58:36+00:00,0,IOMT-008,S-IOMT-008-218,RESEARCH,EP-IND-04206
BC-04207,2026-01-01 09:58:38+00:00,0,IOMT-011,S-IOMT-011-219,RESEARCH,EP-IND-04207
BC-04208,2026-01-01 09:58:38+00:00,0,IOMT-037,S-IOMT-037-220,EHR_READ,EP-IND-04208
BC-04209,2026-01-01 09:59:06+00:00,0,IOMT-012,S-IOMT-012-221,LAB_RESULTS,EP-IND-04209
BC-04210,2026-01-01 09:59:21+00:00,0,IOMT-008,S-IOMT-008-222,EHR_WRITE,EP-IND-04210
BC-04211,2026-01-01 09:59:32+00:00,0,IOMT-011,S-IOMT-011-223,EHR_READ,EP-IND-04211
BC-04212,2026-01-01 09:59:37+00:00,0,IOMT-047,S-IOMT-047-224,EHR_READ,EP-IND-04212
BC-04213,2026-01-01 09:59:52+00:00,0,IOMT-003,S-IOMT-003-225,EHR_READ,EP-IND-04213
BC-04214,2026-01-01 10:00:04+00:00,0,IOMT-033,S-IOMT-033-226,EHR_WRITE,EP-IND-04214
BC-04215,2026-01-01 10:00:10+00:00,0,IOMT-035,S-IOMT-035-227,IMAGING,EP-IND-04215
BC-04216,2026-01-01 10:00:11+00:00,0,IOMT-004,S-IOMT-004-228,RESEARCH,EP-IND-04216
BC-04217,2026-01-01 10:00:29+00:00,0,IOMT-042,S-IOMT-042-229,LAB_RESULTS,EP-IND-04217
BC-04218,2026-01-01 10:00:32+00:00,0,IOMT-001,S-IOMT-001-230,LAB_RESULTS,EP-IND-04218
BC-04219,2026-01-01 10:00:41+00:00,0,IOMT-035,S-IOMT-035-231,EHR_WRITE,EP-IND-04219
BC-04220,2026-01-01 10:00:44+00:00,0,IOMT-037,S-IOMT-037-232,IMAGING,EP-IND-04220
BC-04221,2026-01-01 10:00:45+00:00,0,IOMT-041,S-IOMT-041-233,RESEARCH,EP-IND-04221
BC-04222,2026-01-01 10:00:58+00:00,0,IOMT-002,S-IOMT-002-234,EHR_READ,EP-IND-04222
BC-04223,2026-01-01 10:01:00+00:00,0,IOMT-015,S-IOMT-015-235,LAB_RESULTS,EP-IND-04223
BC-04224,2026-01-01 10:01:01+00:00,0,IOMT-047,S-IOMT-047-236,IMAGING,EP-IND-04224
BC-04225,2026-01-01 10:01:05+00:00,0,IOMT-009,S-IOMT-009-237,RESEARCH,EP-IND-04225
BC-04226,2026-01-01 10:01:06+00:00,0,IOMT-012,S-IOMT-012-238,EHR_WRITE,EP-IND-04226
BC-04227,2026-01-01 10:01:20+00:00,0,IOMT-026,S-IOMT-026-239,IMAGING,EP-IND-04227
BC-04228,2026-01-01 10:01:28+00:00,0,IOMT-017,S-IOMT-017-240,LAB_RESULTS,EP-IND-04228
BC-04229,2026-01-01 10:01:36+00:00,0,IOMT-038,S-IOMT-038-241,EHR_WRITE,EP-IND-04229
BC-04230,2026-01-01 10:01:37+00:00,0,IOMT-016,S-IOMT-016-242,RESEARCH,EP-IND-04230
BC-04231,2026-01-01 10:01:44+00:00,0,IOMT-040,S-IOMT-040-243,EHR_WRITE,EP-IND-04231
BC-04232,2026-01-01 10:01:47+00:00,0,IOMT-003,S-IOMT-003-244,RESEARCH,EP-IND-04232
BC-04233,2026-01-01 10:01:56+00:00,0,IOMT-024,S-IOMT-024-245,EHR_READ,EP-IND-04233
BC-04234,2026-01-01 10:02:11+00:00,0,IOMT-036,S-IOMT-036-246,IMAGING,EP-IND-04234
BC-04235,2026-01-01 10:02:30+00:00,0,IOMT-041,S-IOMT-041-247,IMAGING,EP-IND-04235
BC-04236,2026-01-01 10:02:37+00:00,0,IOMT-007,S-IOMT-007-248,IMAGING,EP-IND-04236
BC-04237,2026-01-01 10:02:44+00:00,0,IOMT-009,S-IOMT-009-249,EHR_WRITE,EP-IND-04237
BC-04238,2026-01-01 10:02:57+00:00,0,IOMT-004,S-IOMT-004-250,EHR_READ,EP-IND-04238
BC-04239,2026-01-01 10:02:58+00:00,0,IOMT-020,S-IOMT-020-251,EHR_READ,EP-IND-04239
BC-04240,2026-01-01 10:03:06+00:00,0,IOMT-049,S-IOMT-049-252,EHR_WRITE,EP-IND-04240
BC-04241,2026-01-01 10:03:08+00:00,0,IOMT-032,S-IOMT-032-253,EHR_READ,EP-IND-04241
BC-04242,2026-01-01 10:03:10+00:00,0,IOMT-012,S-IOMT-012-254,EHR_WRITE,EP-IND-04242
BC-04243,2026-01-01 10:03:14+00:00,0,IOMT-038,S-IOMT-038-255,RESEARCH,EP-IND-04243
BC-04244,2026-01-01 10:03:22+00:00,0,IOMT-018,S-IOMT-018-256,RESEARCH,EP-IND-04244
BC-04245,2026-01-01 10:03:24+00:00,0,IOMT-024,S-IOMT-024-257,LAB_RESULTS,EP-IND-04245
BC-04246,2026-01-01 10:03:33+00:00,0,IOMT-000,S-IOMT-000-258,EHR_READ,EP-IND-04246
BC-04247,2026-01-01 10:03:36+00:00,0,IOMT-008,S-IOMT-008-259,EHR_READ,EP-IND-04247
BC-04248,2026-01-01 10:03:47+00:00,0,IOMT-015,S-IOMT-015-260,RESEARCH,EP-IND-04248
BC-04249,2026-01-01 10:03:53+00:00,0,IOMT-000,S-IOMT-000-261,EHR_WRITE,EP-IND-04249
BC-04250,2026-01-01 10:04:01+00:00,0,IOMT-022,S-IOMT-022-262,EHR_WRITE,EP-IND-04250
BC-04251,2026-01-01 10:04:25+00:00,0,IOMT-041,S-IOMT-041-263,RESEARCH,EP-IND-04251
BC-04252,2026-01-01 10:04:26+00:00,0,IOMT-026,S-IOMT-026-264,RESEARCH,EP-IND-04252
BC-04253,2026-01-01 10:04:29+00:00,0,IOMT-026,S-IOMT-026-265,RESEARCH,EP-IND-04253
BC-04254,2026-01-01 10:04:56+00:00,0,IOMT-023,S-IOMT-023-266,RESEARCH,EP-IND-04254
BC-04255,2026-01-01 10:05:02+00:00,0,IOMT-006,S-IOMT-006-267,RESEARCH,EP-IND-04255
BC-04256,2026-01-01 10:05:08+00:00,0,IOMT-036,S-IOMT-036-268,EHR_READ,EP-IND-04256
BC-04257,2026-01-01 10:05:10+00:00,0,IOMT-036,S-IOMT-036-269,EHR_READ,EP-IND-04257
BC-04258,2026-01-01 10:05:14+00:00,0,IOMT-000,S-IOMT-000-270,IMAGING,EP-IND-04258
BC-04259,2026-01-01 10:05:20+00:00,0,IOMT-023,S-IOMT-023-271,LAB_RESULTS,EP-IND-04259
BC-04260,2026-01-01 10:05:21+00:00,0,IOMT-005,S-IOMT-005-272,RESEARCH,EP-IND-04260
BC-04261,2026-01-01 10:05:39+00:00,0,IOMT-040,S-IOMT-040-273,LAB_RESULTS,EP-IND-04261
BC-04262,2026-01-01 10:05:45+00:00,0,IOMT-003,S-IOMT-003-274,LAB_RESULTS,EP-IND-04262
BC-04263,2026-01-01 10:05:45+00:00,0,IOMT-040,S-IOMT-040-275,IMAGING,EP-IND-04263
BC-04264,2026-01-01 10:06:15+00:00,0,IOMT-020,S-IOMT-020-276,IMAGING,EP-IND-04264
BC-04265,2026-01-01 10:06:16+00:00,0,IOMT-015,S-IOMT-015-277,EHR_WRITE,EP-IND-04265
BC-04266,2026-01-01 10:06:46+00:00,0,IOMT-017,S-IOMT-017-278,IMAGING,EP-IND-04266
BC-04267,2026-01-01 10:07:12+00:00,0,IOMT-001,S-IOMT-001-279,EHR_WRITE,EP-IND-04267
BC-04268,2026-01-01 10:07:12+00:00,0,IOMT-042,S-IOMT-042-280,EHR_WRITE,EP-IND-04268
BC-04269,2026-01-01 10:07:29+00:00,0,IOMT-028,S-IOMT-028-281,IMAGING,EP-IND-04269
BC-04270,2026-01-01 10:07:44+00:00,0,IOMT-029,S-IOMT-029-282,RESEARCH,EP-IND-04270
BC-04271,2026-01-01 10:07:54+00:00,0,IOMT-036,S-IOMT-036-283,EHR_WRITE,EP-IND-04271
BC-04272,2026-01-01 10:08:07+00:00,0,IOMT-039,S-IOMT-039-284,LAB_RESULTS,EP-IND-04272
BC-04273,2026-01-01 10:08:19+00:00,0,IOMT-032,S-IOMT-032-285,LAB_RESULTS,EP-IND-04273
BC-04274,2026-01-01 10:08:28+00:00,0,IOMT-011,S-IOMT-011-286,RESEARCH,EP-IND-04274
BC-04275,2026-01-01 10:08:40+00:00,0,IOMT-038,S-IOMT-038-287,EHR_WRITE,EP-IND-04275
BC-04276,2026-01-01 10:08:45+00:00,0,IOMT-021,S-IOMT-021-288,LAB_RESULTS,EP-IND-04276
BC-04277,2026-01-01 10:08:55+00:00,0,IOMT-007,S-IOMT-007-289,IMAGING,EP-IND-04277
BC-04278,2026-01-01 10:09:10+00:00,0,IOMT-005,S-IOMT-005-290,LAB_RESULTS,EP-IND-04278
BC-04279,2026-01-01 10:10:01+00:00,0,IOMT-025,S-IOMT-025-291,RESEARCH,EP-IND-04279
BC-04280,2026-01-01 10:10:09+00:00,0,IOMT-020,S-IOMT-020-292,RESEARCH,EP-IND-04280
BC-04281,2026-01-01 10:10:12+00:00,0,IOMT-013,S-IOMT-013-293,RESEARCH,EP-IND-04281
BC-04282,2026-01-01 10:10:28+00:00,0,IOMT-041,S-IOMT-041-294,LAB_RESULTS,EP-IND-04282
BC-04283,2026-01-01 10:10:41+00:00,0,IOMT-045,S-IOMT-045-295,LAB_RESULTS,EP-IND-04283
BC-04284,2026-01-01 10:10:43+00:00,0,IOMT-037,S-IOMT-037-296,LAB_RESULTS,EP-IND-04284
BC-04285,2026-01-01 10:10:58+00:00,0,IOMT-046,S-IOMT-046-297,EHR_READ,EP-IND-04285
BC-04286,2026-01-01 10:11:11+00:00,0,IOMT-016,S-IOMT-016-298,RESEARCH,EP-IND-04286
BC-04287,2026-01-01 10:11:23+00:00,0,IOMT-048,S-IOMT-048-299,LAB_RESULTS,EP-IND-04287
BC-04288,2026-01-01 10:11:23+00:00,0,IOMT-038,S-IOMT-038-300,EHR_READ,EP-IND-04288
BC-04289,2026-01-01 10:11:29+00:00,0,IOMT-035,S-IOMT-035-301,LAB_RESULTS,EP-IND-04289
BC-04290,2026-01-01 10:11:43+00:00,0,IOMT-013,S-IOMT-013-302,EHR_WRITE,EP-IND-04290
BC-04291,2026-01-01 10:11:56+00:00,0,IOMT-038,S-IOMT-038-303,LAB_RESULTS,EP-IND-04291
BC-04292,2026-01-01 10:11:57+00:00,0,IOMT-041,S-IOMT-041-304,LAB_RESULTS,EP-IND-04292
BC-04293,2026-01-01 10:11:58+00:00,1,IOMT-029,S-IOMT-029-305,RESEARCH,EP-IND-04293
BC-04294,2026-01-01 10:12:05+00:00,0,IOMT-012,S-IOMT-012-306,IMAGING,EP-IND-04294
BC-04295,2026-01-01 10:12:07+00:00,0,IOMT-001,S-IOMT-001-307,LAB_RESULTS,EP-IND-04295
BC-04296,2026-01-01 10:12:27+00:00,0,IOMT-032,S-IOMT-032-308,RESEARCH,EP-IND-04296
BC-04297,2026-01-01 10:12:37+00:00,0,IOMT-020,S-IOMT-020-309,EHR_WRITE,EP-IND-04297
BC-04298,2026-01-01 10:12:39+00:00,0,IOMT-048,S-IOMT-048-310,EHR_WRITE,EP-IND-04298
BC-04299,2026-01-01 10:12:39+00:00,0,IOMT-017,S-IOMT-017-311,LAB_RESULTS,EP-IND-04299
BC-04300,2026-01-01 10:12:42+00:00,0,IOMT-048,S-IOMT-048-312,EHR_WRITE,EP-IND-04300
BC-04301,2026-01-01 10:12:47+00:00,0,IOMT-032,S-IOMT-032-313,IMAGING,EP-IND-04301
BC-04302,2026-01-01 10:13:10+00:00,0,IOMT-037,S-IOMT-037-314,EHR_WRITE,EP-IND-04302
BC-04303,2026-01-01 10:13:10+00:00,0,IOMT-037,S-IOMT-037-315,LAB_RESULTS,EP-IND-04303
BC-04304,2026-01-01 10:13:11+00:00,0,IOMT-046,S-IOMT-046-316,IMAGING,EP-IND-04304
BC-04305,2026-01-01 10:13:40+00:00,0,IOMT-049,S-IOMT-049-317,LAB_RESULTS,EP-IND-04305
BC-04306,2026-01-01 10:13:47+00:00,0,IOMT-039,S-IOMT-039-318,EHR_WRITE,EP-IND-04306
BC-04307,2026-01-01 10:13:50+00:00,0,IOMT-002,S-IOMT-002-319,LAB_RESULTS,EP-IND-04307
BC-04308,2026-01-01 10:14:00+00:00,0,IOMT-035,S-IOMT-035-320,RESEARCH,EP-IND-04308
BC-04309,2026-01-01 10:14:20+00:00,0,IOMT-041,S-IOMT-041-321,EHR_READ,EP-IND-04309
BC-04310,2026-01-01 10:14:23+00:00,0,IOMT-045,S-IOMT-045-322,IMAGING,EP-IND-04310
BC-04311,2026-01-01 10:14:25+00:00,0,IOMT-017,S-IOMT-017-323,RESEARCH,EP-IND-04311
BC-04312,2026-01-01 10:14:33+00:00,0,IOMT-008,S-IOMT-008-324,EHR_READ,EP-IND-04312
BC-04313,2026-01-01 10:14:33+00:00,0,IOMT-043,S-IOMT-043-325,LAB_RESULTS,EP-IND-04313
BC-04314,2026-01-01 10:14:55+00:00,0,IOMT-043,S-IOMT-043-326,LAB_RESULTS,EP-IND-04314
BC-04315,2026-01-01 10:15:17+00:00,0,IOMT-034,S-IOMT-034-327,IMAGING,EP-IND-04315
BC-04316,2026-01-01 10:15:18+00:00,0,IOMT-027,S-IOMT-027-328,LAB_RESULTS,EP-IND-04316
BC-04317,2026-01-01 10:15:21+00:00,0,IOMT-038,S-IOMT-038-329,IMAGING,EP-IND-04317
BC-04318,2026-01-01 10:15:21+00:00,1,IOMT-049,S-IOMT-049-330,IMAGING,EP-IND-04318
BC-04319,2026-01-01 10:15:27+00:00,0,IOMT-033,S-IOMT-033-331,RESEARCH,EP-IND-04319
BC-04320,2026-01-01 10:15:27+00:00,0,IOMT-035,S-IOMT-035-332,LAB_RESULTS,EP-IND-04320
BC-04321,2026-01-01 10:15:30+00:00,0,IOMT-029,S-IOMT-029-333,IMAGING,EP-IND-04321
BC-04322,2026-01-01 10:15:41+00:00,0,IOMT-018,S-IOMT-018-334,RESEARCH,EP-IND-04322
BC-04323,2026-01-01 10:15:47+00:00,0,IOMT-040,S-IOMT-040-335,EHR_READ,EP-IND-04323
BC-04324,2026-01-01 10:15:54+00:00,0,IOMT-005,S-IOMT-005-336,IMAGING,EP-IND-04324
BC-04325,2026-01-01 10:15:56+00:00,0,IOMT-027,S-IOMT-027-337,IMAGING,EP-IND-04325
BC-04326,2026-01-01 10:16:20+00:00,0,IOMT-033,S-IOMT-033-338,IMAGING,EP-IND-04326
BC-04327,2026-01-01 10:16:29+00:00,0,IOMT-043,S-IOMT-043-339,RESEARCH,EP-IND-04327
BC-04328,2026-01-01 10:16:29+00:00,0,IOMT-023,S-IOMT-023-340,RESEARCH,EP-IND-04328
BC-04329,2026-01-01 10:16:33+00:00,0,IOMT-005,S-IOMT-005-341,RESEARCH,EP-IND-04329
BC-04330,2026-01-01 10:16:42+00:00,0,IOMT-044,S-IOMT-044-342,EHR_WRITE,EP-IND-04330
BC-04331,2026-01-01 10:16:42+00:00,0,IOMT-024,S-IOMT-024-343,RESEARCH,EP-IND-04331
BC-04332,2026-01-01 10:16:43+00:00,0,IOMT-012,S-IOMT-012-344,LAB_RESULTS,EP-IND-04332
BC-04333,2026-01-01 10:17:14+00:00,0,IOMT-028,S-IOMT-028-345,RESEARCH,EP-IND-04333
BC-04334,2026-01-01 10:17:14+00:00,0,IOMT-025,S-IOMT-025-346,IMAGING,EP-IND-04334
BC-04335,2026-01-01 10:17:38+00:00,0,IOMT-005,S-IOMT-005-347,EHR_READ,EP-IND-04335
BC-04336,2026-01-01 10:18:00+00:00,0,IOMT-047,S-IOMT-047-348,LAB_RESULTS,EP-IND-04336
BC-04337,2026-01-01 10:18:07+00:00,0,IOMT-012,S-IOMT-012-349,EHR_WRITE,EP-IND-04337
BC-04338,2026-01-01 10:18:08+00:00,0,IOMT-019,S-IOMT-019-350,EHR_READ,EP-IND-04338
BC-04339,2026-01-01 10:18:25+00:00,0,IOMT-038,S-IOMT-038-351,RESEARCH,EP-IND-04339
BC-04340,2026-01-01 10:18:30+00:00,0,IOMT-032,S-IOMT-032-352,RESEARCH,EP-IND-04340
BC-04341,2026-01-01 10:18:37+00:00,0,IOMT-033,S-IOMT-033-353,RESEARCH,EP-IND-04341
BC-04342,2026-01-01 10:18:40+00:00,0,IOMT-036,S-IOMT-036-354,EHR_WRITE,EP-IND-04342
BC-04343,2026-01-01 10:18:53+00:00,0,IOMT-024,S-IOMT-024-355,RESEARCH,EP-IND-04343
BC-04344,2026-01-01 10:19:00+00:00,0,IOMT-045,S-IOMT-045-356,LAB_RESULTS,EP-IND-04344
BC-04345,2026-01-01 10:19:10+00:00,0,IOMT-004,S-IOMT-004-357,RESEARCH,EP-IND-04345
BC-04346,2026-01-01 10:19:13+00:00,0,IOMT-018,S-IOMT-018-358,IMAGING,EP-IND-04346
BC-04347,2026-01-01 10:19:23+00:00,0,IOMT-020,S-IOMT-020-359,EHR_READ,EP-IND-04347
BC-04348,2026-01-01 10:19:26+00:00,0,IOMT-041,S-IOMT-041-360,EHR_WRITE,EP-IND-04348
BC-04349,2026-01-01 10:19:27+00:00,0,IOMT-016,S-IOMT-016-361,EHR_WRITE,EP-IND-04349
BC-04350,2026-01-01 10:19:32+00:00,0,IOMT-019,S-IOMT-019-362,LAB_RESULTS,EP-IND-04350
BC-04351,2026-01-01 10:19:34+00:00,0,IOMT-016,S-IOMT-016-363,EHR_READ,EP-IND-04351
BC-04352,2026-01-01 10:19:34+00:00,0,IOMT-004,S-IOMT-004-364,EHR_WRITE,EP-IND-04352
BC-04353,2026-01-01 10:19:40+00:00,0,IOMT-042,S-IOMT-042-365,RESEARCH,EP-IND-04353
BC-04354,2026-01-01 10:19:41+00:00,0,IOMT-020,S-IOMT-020-366,RESEARCH,EP-IND-04354
BC-04355,2026-01-01 10:19:48+00:00,0,IOMT-012,S-IOMT-012-367,IMAGING,EP-IND-04355
BC-04356,2026-01-01 10:19:49+00:00,0,IOMT-019,S-IOMT-019-368,EHR_READ,EP-IND-04356
BC-04357,2026-01-01 10:19:55+00:00,0,IOMT-043,S-IOMT-043-369,IMAGING,EP-IND-04357
BC-04358,2026-01-01 10:20:15+00:00,0,IOMT-004,S-IOMT-004-370,IMAGING,EP-IND-04358
BC-04359,2026-01-01 10:20:15+00:00,0,IOMT-034,S-IOMT-034-371,EHR_WRITE,EP-IND-04359
BC-04360,2026-01-01 10:20:16+00:00,0,IOMT-030,S-IOMT-030-372,EHR_WRITE,EP-IND-04360
BC-04361,2026-01-01 10:20:29+00:00,0,IOMT-048,S-IOMT-048-373,LAB_RESULTS,EP-IND-04361
BC-04362,2026-01-01 10:20:39+00:00,0,IOMT-035,S-IOMT-035-374,EHR_WRITE,EP-IND-04362
BC-04363,2026-01-01 10:21:05+00:00,0,IOMT-009,S-IOMT-009-375,EHR_WRITE,EP-IND-04363
BC-04364,2026-01-01 10:21:12+00:00,0,IOMT-045,S-IOMT-045-376,LAB_RESULTS,EP-IND-04364
BC-04365,2026-01-01 10:21:31+00:00,0,IOMT-030,S-IOMT-030-377,IMAGING,EP-IND-04365
BC-04366,2026-01-01 10:21:45+00:00,0,IOMT-013,S-IOMT-013-378,EHR_READ,EP-IND-04366
BC-04367,2026-01-01 10:22:14+00:00,0,IOMT-006,S-IOMT-006-379,LAB_RESULTS,EP-IND-04367
BC-04368,2026-01-01 10:22:22+00:00,0,IOMT-017,S-IOMT-017-380,IMAGING,EP-IND-04368
BC-04369,2026-01-01 10:22:28+00:00,0,IOMT-020,S-IOMT-020-381,LAB_RESULTS,EP-IND-04369
BC-04370,2026-01-01 10:22:32+00:00,0,IOMT-002,S-IOMT-002-382,EHR_READ,EP-IND-04370
BC-04371,2026-01-01 10:22:37+00:00,0,IOMT-002,S-IOMT-002-383,IMAGING,EP-IND-04371
BC-04372,2026-01-01 10:22:39+00:00,0,IOMT-025,S-IOMT-025-384,EHR_WRITE,EP-IND-04372
BC-04373,2026-01-01 10:22:39+00:00,1,IOMT-005,S-IOMT-005-385,LAB_RESULTS,EP-IND-04373
BC-04374,2026-01-01 10:23:19+00:00,0,IOMT-013,S-IOMT-013-386,EHR_WRITE,EP-IND-04374
BC-04375,2026-01-01 10:23:31+00:00,0,IOMT-006,S-IOMT-006-387,IMAGING,EP-IND-04375
BC-04376,2026-01-01 10:23:43+00:00,0,IOMT-031,S-IOMT-031-388,EHR_READ,EP-IND-04376
BC-04377,2026-01-01 10:23:54+00:00,0,IOMT-004,S-IOMT-004-389,EHR_READ,EP-IND-04377
BC-04378,2026-01-01 10:24:30+00:00,0,IOMT-045,S-IOMT-045-390,LAB_RESULTS,EP-IND-04378
BC-04379,2026-01-01 10:24:46+00:00,0,IOMT-041,S-IOMT-041-391,IMAGING,EP-IND-04379
BC-04380,2026-01-01 10:24:55+00:00,0,IOMT-043,S-IOMT-043-392,EHR_WRITE,EP-IND-04380
BC-04381,2026-01-01 10:25:10+00:00,0,IOMT-020,S-IOMT-020-393,EHR_READ,EP-IND-04381
BC-04382,2026-01-01 10:25:34+00:00,0,IOMT-009,S-IOMT-009-394,EHR_READ,EP-IND-04382
BC-04383,2026-01-01 10:25:40+00:00,1,IOMT-029,S-IOMT-029-395,LAB_RESULTS,EP-IND-04383
BC-04384,2026-01-01 10:26:33+00:00,0,IOMT-044,S-IOMT-044-396,RESEARCH,EP-IND-04384
BC-04385,2026-01-01 10:26:36+00:00,0,IOMT-003,S-IOMT-003-397,IMAGING,EP-IND-04385
BC-04386,2026-01-01 10:26:41+00:00,0,IOMT-030,S-IOMT-030-398,EHR_WRITE,EP-IND-04386
BC-04387,2026-01-01 10:26:44+00:00,0,IOMT-003,S-IOMT-003-399,IMAGING,EP-IND-04387
BC-04388,2026-01-01 10:27:00+00:00,0,IOMT-002,S-IOMT-002-400,LAB_RESULTS,EP-IND-04388
BC-04389,2026-01-01 10:27:49+00:00,1,IOMT-021,S-IOMT-021-401,RESEARCH,EP-IND-04389
BC-04390,2026-01-01 10:27:50+00:00,0,IOMT-028,S-IOMT-028-402,EHR_WRITE,EP-IND-04390
BC-04391,2026-01-01 10:27:51+00:00,0,IOMT-020,S-IOMT-020-403,LAB_RESULTS,EP-IND-04391
BC-04392,2026-01-01 10:27:53+00:00,0,IOMT-021,S-IOMT-021-404,EHR_READ,EP-IND-04392
BC-04393,2026-01-01 10:27:53+00:00,0,IOMT-049,S-IOMT-049-405,RESEARCH,EP-IND-04393
BC-04394,2026-01-01 10:28:07+00:00,0,IOMT-011,S-IOMT-011-406,EHR_WRITE,EP-IND-04394
BC-04395,2026-01-01 10:28:18+00:00,0,IOMT-006,S-IOMT-006-407,EHR_READ,EP-IND-04395
BC-04396,2026-01-01 10:28:24+00:00,0,IOMT-037,S-IOMT-037-408,LAB_RESULTS,EP-IND-04396
BC-04397,2026-01-01 10:28:29+00:00,0,IOMT-020,S-IOMT-020-409,EHR_READ,EP-IND-04397
BC-04398,2026-01-01 10:28:31+00:00,0,IOMT-036,S-IOMT-036-410,RESEARCH,EP-IND-04398
BC-04399,2026-01-01 10:28:32+00:00,1,IOMT-045,S-IOMT-045-411,EHR_WRITE,EP-IND-04399
BC-04400,2026-01-01 10:28:38+00:00,0,IOMT-020,S-IOMT-020-412,EHR_WRITE,EP-IND-04400
BC-04401,2026-01-01 10:28:50+00:00,0,IOMT-028,S-IOMT-028-413,EHR_READ,EP-IND-04401
BC-04402,2026-01-01 10:28:51+00:00,0,IOMT-045,S-IOMT-045-414,LAB_RESULTS,EP-IND-04402
BC-04403,2026-01-01 10:28:55+00:00,0,IOMT-035,S-IOMT-035-415,LAB_RESULTS,EP-IND-04403
BC-04404,2026-01-01 10:29:18+00:00,0,IOMT-036,S-IOMT-036-416,IMAGING,EP-IND-04404
BC-04405,2026-01-01 10:29:20+00:00,0,IOMT-038,S-IOMT-038-417,EHR_WRITE,EP-IND-04405
BC-04406,2026-01-01 10:29:37+00:00,0,IOMT-008,S-IOMT-008-418,LAB_RESULTS,EP-IND-04406
BC-04407,2026-01-01 10:29:43+00:00,0,IOMT-003,S-IOMT-003-419,EHR_READ,EP-IND-04407
BC-04408,2026-01-01 10:29:44+00:00,0,IOMT-023,S-IOMT-023-420,EHR_WRITE,EP-IND-04408
BC-04409,2026-01-01 10:30:17+00:00,0,IOMT-017,S-IOMT-017-421,IMAGING,EP-IND-04409
BC-04410,2026-01-01 10:30:23+00:00,0,IOMT-025,S-IOMT-025-422,LAB_RESULTS,EP-IND-04410
BC-04411,2026-01-01 10:30:29+00:00,0,IOMT-042,S-IOMT-042-423,IMAGING,EP-IND-04411
BC-04412,2026-01-01 10:30:36+00:00,0,IOMT-016,S-IOMT-016-424,EHR_WRITE,EP-IND-04412
BC-04413,2026-01-01 10:31:01+00:00,0,IOMT-013,S-IOMT-013-425,EHR_READ,EP-IND-04413
BC-04414,2026-01-01 10:31:01+00:00,0,IOMT-026,S-IOMT-026-426,EHR_WRITE,EP-IND-04414
BC-04415,2026-01-01 10:31:07+00:00,0,IOMT-001,S-IOMT-001-427,EHR_READ,EP-IND-04415
BC-04416,2026-01-01 10:31:29+00:00,0,IOMT-028,S-IOMT-028-428,EHR_WRITE,EP-IND-04416
BC-04417,2026-01-01 10:31:32+00:00,0,IOMT-015,S-IOMT-015-429,LAB_RESULTS,EP-IND-04417
BC-04418,2026-01-01 10:31:38+00:00,0,IOMT-014,S-IOMT-014-430,RESEARCH,EP-IND-04418
BC-04419,2026-01-01 10:31:43+00:00,0,IOMT-036,S-IOMT-036-431,LAB_RESULTS,EP-IND-04419
BC-04420,2026-01-01 10:32:08+00:00,0,IOMT-043,S-IOMT-043-432,EHR_WRITE,EP-IND-04420
BC-04421,2026-01-01 10:32:10+00:00,0,IOMT-036,S-IOMT-036-433,EHR_WRITE,EP-IND-04421
BC-04422,2026-01-01 10:32:27+00:00,1,IOMT-005,S-IOMT-005-434,EHR_READ,EP-IND-04422
BC-04423,2026-01-01 10:32:29+00:00,0,IOMT-001,S-IOMT-001-435,RESEARCH,EP-IND-04423
BC-04424,2026-01-01 10:32:32+00:00,0,IOMT-009,S-IOMT-009-436,EHR_READ,EP-IND-04424
BC-04425,2026-01-01 10:32:50+00:00,0,IOMT-010,S-IOMT-010-437,RESEARCH,EP-IND-04425
BC-04426,2026-01-01 10:33:08+00:00,0,IOMT-008,S-IOMT-008-438,RESEARCH,EP-IND-04426
BC-04427,2026-01-01 10:33:14+00:00,0,IOMT-001,S-IOMT-001-439,LAB_RESULTS,EP-IND-04427
BC-04428,2026-01-01 10:33:26+00:00,0,IOMT-002,S-IOMT-002-440,LAB_RESULTS,EP-IND-04428
BC-04429,2026-01-01 10:33:33+00:00,0,IOMT-037,S-IOMT-037-441,RESEARCH,EP-IND-04429
BC-04430,2026-01-01 10:33:40+00:00,0,IOMT-047,S-IOMT-047-442,EHR_WRITE,EP-IND-04430
BC-04431,2026-01-01 10:33:40+00:00,0,IOMT-026,S-IOMT-026-443,EHR_READ,EP-IND-04431
BC-04432,2026-01-01 10:33:54+00:00,0,IOMT-008,S-IOMT-008-444,IMAGING,EP-IND-04432
BC-04433,2026-01-01 10:33:56+00:00,0,IOMT-022,S-IOMT-022-445,EHR_WRITE,EP-IND-04433
BC-04434,2026-01-01 10:33:56+00:00,0,IOMT-033,S-IOMT-033-446,EHR_READ,EP-IND-04434
BC-04435,2026-01-01 10:33:56+00:00,0,IOMT-024,S-IOMT-024-447,EHR_READ,EP-IND-04435
BC-04436,2026-01-01 10:34:13+00:00,0,IOMT-030,S-IOMT-030-448,IMAGING,EP-IND-04436
BC-04437,2026-01-01 10:34:18+00:00,0,IOMT-005,S-IOMT-005-449,EHR_WRITE,EP-IND-04437
BC-04438,2026-01-01 10:34:19+00:00,0,IOMT-010,S-IOMT-010-450,IMAGING,EP-IND-04438
BC-04439,2026-01-01 10:34:33+00:00,0,IOMT-000,S-IOMT-000-451,RESEARCH,EP-IND-04439
BC-04440,2026-01-01 10:34:40+00:00,0,IOMT-044,S-IOMT-044-452,RESEARCH,EP-IND-04440
BC-04441,2026-01-01 10:34:43+00:00,0,IOMT-025,S-IOMT-025-453,EHR_WRITE,EP-IND-04441
BC-04442,2026-01-01 10:34:46+00:00,0,IOMT-006,S-IOMT-006-454,LAB_RESULTS,EP-IND-04442
BC-04443,2026-01-01 10:35:01+00:00,0,IOMT-033,S-IOMT-033-455,RESEARCH,EP-IND-04443
BC-04444,2026-01-01 10:35:07+00:00,0,IOMT-013,S-IOMT-013-456,RESEARCH,EP-IND-04444
BC-04445,2026-01-01 10:35:11+00:00,0,IOMT-027,S-IOMT-027-457,LAB_RESULTS,EP-IND-04445
BC-04446,2026-01-01 10:35:20+00:00,0,IOMT-043,S-IOMT-043-458,EHR_WRITE,EP-IND-04446
BC-04447,2026-01-01 10:35:43+00:00,0,IOMT-039,S-IOMT-039-459,IMAGING,EP-IND-04447
BC-04448,2026-01-01 10:35:54+00:00,0,IOMT-048,S-IOMT-048-460,IMAGING,EP-IND-04448
BC-04449,2026-01-01 10:35:57+00:00,0,IOMT-013,S-IOMT-013-461,EHR_READ,EP-IND-04449
BC-04450,2026-01-01 10:36:03+00:00,0,IOMT-013,S-IOMT-013-462,EHR_READ,EP-IND-04450
BC-04451,2026-01-01 10:36:10+00:00,0,IOMT-012,S-IOMT-012-463,EHR_READ,EP-IND-04451
BC-04452,2026-01-01 10:36:17+00:00,0,IOMT-009,S-IOMT-009-464,EHR_WRITE,EP-IND-04452
BC-04453,2026-01-01 10:36:45+00:00,0,IOMT-027,S-IOMT-027-465,LAB_RESULTS,EP-IND-04453
BC-04454,2026-01-01 10:37:18+00:00,0,IOMT-033,S-IOMT-033-466,IMAGING,EP-IND-04454
BC-04455,2026-01-01 10:37:22+00:00,0,IOMT-048,S-IOMT-048-467,IMAGING,EP-IND-04455
BC-04456,2026-01-01 10:37:38+00:00,0,IOMT-031,S-IOMT-031-468,RESEARCH,EP-IND-04456
BC-04457,2026-01-01 10:37:40+00:00,0,IOMT-005,S-IOMT-005-469,LAB_RESULTS,EP-IND-04457
BC-04458,2026-01-01 10:37:42+00:00,0,IOMT-035,S-IOMT-035-470,RESEARCH,EP-IND-04458
BC-04459,2026-01-01 10:37:43+00:00,0,IOMT-011,S-IOMT-011-471,EHR_READ,EP-IND-04459
BC-04460,2026-01-01 10:37:45+00:00,0,IOMT-030,S-IOMT-030-472,LAB_RESULTS,EP-IND-04460
BC-04461,2026-01-01 10:38:08+00:00,0,IOMT-016,S-IOMT-016-473,RESEARCH,EP-IND-04461
BC-04462,2026-01-01 10:38:10+00:00,0,IOMT-020,S-IOMT-020-474,EHR_READ,EP-IND-04462
BC-04463,2026-01-01 10:38:18+00:00,0,IOMT-035,S-IOMT-035-475,EHR_WRITE,EP-IND-04463
BC-04464,2026-01-01 10:38:24+00:00,0,IOMT-023,S-IOMT-023-476,EHR_WRITE,EP-IND-04464
BC-04465,2026-01-01 10:38:24+00:00,0,IOMT-009,S-IOMT-009-477,EHR_READ,EP-IND-04465
BC-04466,2026-01-01 10:38:28+00:00,0,IOMT-024,S-IOMT-024-478,EHR_WRITE,EP-IND-04466
BC-04467,2026-01-01 10:38:33+00:00,0,IOMT-025,S-IOMT-025-479,LAB_RESULTS,EP-IND-04467
BC-04468,2026-01-01 10:38:47+00:00,0,IOMT-013,S-IOMT-013-480,EHR_READ,EP-IND-04468
BC-04469,2026-01-01 10:38:47+00:00,0,IOMT-031,S-IOMT-031-481,RESEARCH,EP-IND-04469
BC-04470,2026-01-01 10:38:55+00:00,0,IOMT-003,S-IOMT-003-482,IMAGING,EP-IND-04470
BC-04471,2026-01-01 10:39:09+00:00,0,IOMT-038,S-IOMT-038-483,EHR_WRITE,EP-IND-04471
BC-04472,2026-01-01 10:39:11+00:00,0,IOMT-016,S-IOMT-016-484,LAB_RESULTS,EP-IND-04472
BC-04473,2026-01-01 10:39:44+00:00,0,IOMT-000,S-IOMT-000-485,IMAGING,EP-IND-04473
BC-04474,2026-01-01 10:39:45+00:00,0,IOMT-008,S-IOMT-008-486,IMAGING,EP-IND-04474
BC-04475,2026-01-01 10:39:54+00:00,0,IOMT-000,S-IOMT-000-487,RESEARCH,EP-IND-04475
BC-04476,2026-01-01 10:40:11+00:00,0,IOMT-029,S-IOMT-029-488,LAB_RESULTS,EP-IND-04476
BC-04477,2026-01-01 10:40:19+00:00,0,IOMT-012,S-IOMT-012-489,EHR_READ,EP-IND-04477
BC-04478,2026-01-01 10:40:22+00:00,0,IOMT-041,S-IOMT-041-490,RESEARCH,EP-IND-04478
BC-04479,2026-01-01 10:40:33+00:00,0,IOMT-004,S-IOMT-004-491,IMAGING,EP-IND-04479
BC-04480,2026-01-01 10:40:41+00:00,0,IOMT-048,S-IOMT-048-492,IMAGING,EP-IND-04480
BC-04481,2026-01-01 10:40:46+00:00,0,IOMT-000,S-IOMT-000-493,IMAGING,EP-IND-04481
BC-04482,2026-01-01 10:40:58+00:00,0,IOMT-043,S-IOMT-043-494,EHR_WRITE,EP-IND-04482
BC-04483,2026-01-01 10:41:03+00:00,0,IOMT-026,S-IOMT-026-495,EHR_WRITE,EP-IND-04483
BC-04484,2026-01-01 10:41:05+00:00,0,IOMT-016,S-IOMT-016-496,EHR_WRITE,EP-IND-04484
BC-04485,2026-01-01 10:41:08+00:00,0,IOMT-004,S-IOMT-004-497,RESEARCH,EP-IND-04485
BC-04486,2026-01-01 10:41:08+00:00,0,IOMT-031,S-IOMT-031-498,RESEARCH,EP-IND-04486
BC-04487,2026-01-01 10:41:16+00:00,0,IOMT-002,S-IOMT-002-499,RESEARCH,EP-IND-04487
BC-04488,2026-01-01 10:41:39+00:00,0,IOMT-046,S-IOMT-046-500,EHR_READ,EP-IND-04488
BC-04489,2026-01-01 10:41:43+00:00,0,IOMT-045,S-IOMT-045-501,LAB_RESULTS,EP-IND-04489
BC-04490,2026-01-01 10:41:46+00:00,0,IOMT-007,S-IOMT-007-502,IMAGING,EP-IND-04490
BC-04491,2026-01-01 10:41:57+00:00,0,IOMT-015,S-IOMT-015-503,RESEARCH,EP-IND-04491
BC-04492,2026-01-01 10:42:05+00:00,0,IOMT-024,S-IOMT-024-504,EHR_READ,EP-IND-04492
BC-04493,2026-01-01 10:42:11+00:00,0,IOMT-031,S-IOMT-031-505,LAB_RESULTS,EP-IND-04493
BC-04494,2026-01-01 10:42:15+00:00,0,IOMT-031,S-IOMT-031-506,LAB_RESULTS,EP-IND-04494
BC-04495,2026-01-01 10:42:28+00:00,0,IOMT-002,S-IOMT-002-507,LAB_RESULTS,EP-IND-04495
BC-04496,2026-01-01 10:42:35+00:00,0,IOMT-028,S-IOMT-028-508,EHR_READ,EP-IND-04496
BC-04497,2026-01-01 10:42:44+00:00,0,IOMT-026,S-IOMT-026-509,EHR_READ,EP-IND-04497
BC-04498,2026-01-01 10:42:48+00:00,0,IOMT-018,S-IOMT-018-510,IMAGING,EP-IND-04498
BC-04499,2026-01-01 10:43:18+00:00,0,IOMT-005,S-IOMT-005-511,RESEARCH,EP-IND-04499
BC-04500,2026-01-01 10:43:26+00:00,0,IOMT-038,S-IOMT-038-512,EHR_WRITE,EP-IND-04500
BC-04501,2026-01-01 10:43:31+00:00,0,IOMT-017,S-IOMT-017-513,EHR_READ,EP-IND-04501
BC-04502,2026-01-01 10:43:36+00:00,0,IOMT-008,S-IOMT-008-514,EHR_WRITE,EP-IND-04502
BC-04503,2026-01-01 10:43:40+00:00,0,IOMT-036,S-IOMT-036-515,IMAGING,EP-IND-04503
BC-04504,2026-01-01 10:43:47+00:00,0,IOMT-016,S-IOMT-016-516,EHR_READ,EP-IND-04504
BC-04505,2026-01-01 10:43:55+00:00,0,IOMT-023,S-IOMT-023-517,EHR_WRITE,EP-IND-04505
BC-04506,2026-01-01 10:44:04+00:00,0,IOMT-000,S-IOMT-000-518,IMAGING,EP-IND-04506
BC-04507,2026-01-01 10:44:08+00:00,0,IOMT-017,S-IOMT-017-519,EHR_WRITE,EP-IND-04507
BC-04508,2026-01-01 10:44:16+00:00,0,IOMT-005,S-IOMT-005-520,IMAGING,EP-IND-04508
BC-04509,2026-01-01 10:44:17+00:00,0,IOMT-029,S-IOMT-029-521,EHR_READ,EP-IND-04509
BC-04510,2026-01-01 10:44:23+00:00,0,IOMT-046,S-IOMT-046-522,EHR_READ,EP-IND-04510
BC-04511,2026-01-01 10:44:38+00:00,0,IOMT-007,S-IOMT-007-523,EHR_READ,EP-IND-04511
BC-04512,2026-01-01 10:44:44+00:00,0,IOMT-036,S-IOMT-036-524,EHR_WRITE,EP-IND-04512
BC-04513,2026-01-01 10:44:51+00:00,0,IOMT-047,S-IOMT-047-525,LAB_RESULTS,EP-IND-04513
BC-04514,2026-01-01 10:44:55+00:00,0,IOMT-009,S-IOMT-009-526,IMAGING,EP-IND-04514
BC-04515,2026-01-01 10:45:03+00:00,0,IOMT-011,S-IOMT-011-527,RESEARCH,EP-IND-04515
BC-04516,2026-01-01 10:45:10+00:00,0,IOMT-011,S-IOMT-011-528,IMAGING,EP-IND-04516
BC-04517,2026-01-01 10:45:28+00:00,0,IOMT-044,S-IOMT-044-529,EHR_WRITE,EP-IND-04517
BC-04518,2026-01-01 10:45:33+00:00,0,IOMT-046,S-IOMT-046-530,RESEARCH,EP-IND-04518
BC-04519,2026-01-01 10:45:35+00:00,0,IOMT-019,S-IOMT-019-531,LAB_RESULTS,EP-IND-04519
BC-04520,2026-01-01 10:45:41+00:00,0,IOMT-030,S-IOMT-030-532,EHR_WRITE,EP-IND-04520
BC-04521,2026-01-01 10:45:43+00:00,0,IOMT-002,S-IOMT-002-533,EHR_WRITE,EP-IND-04521
BC-04522,2026-01-01 10:46:00+00:00,0,IOMT-028,S-IOMT-028-534,RESEARCH,EP-IND-04522
BC-04523,2026-01-01 10:46:03+00:00,0,IOMT-012,S-IOMT-012-535,LAB_RESULTS,EP-IND-04523
BC-04524,2026-01-01 10:46:17+00:00,0,IOMT-015,S-IOMT-015-536,EHR_WRITE,EP-IND-04524
BC-04525,2026-01-01 10:46:23+00:00,0,IOMT-043,S-IOMT-043-537,IMAGING,EP-IND-04525
BC-04526,2026-01-01 10:46:30+00:00,0,IOMT-042,S-IOMT-042-538,EHR_READ,EP-IND-04526
BC-04527,2026-01-01 10:46:31+00:00,0,IOMT-046,S-IOMT-046-539,RESEARCH,EP-IND-04527
BC-04528,2026-01-01 10:46:37+00:00,0,IOMT-017,S-IOMT-017-540,RESEARCH,EP-IND-04528
BC-04529,2026-01-01 10:46:41+00:00,0,IOMT-014,S-IOMT-014-541,EHR_READ,EP-IND-04529
BC-04530,2026-01-01 10:46:42+00:00,0,IOMT-036,S-IOMT-036-542,IMAGING,EP-IND-04530
BC-04531,2026-01-01 10:47:09+00:00,0,IOMT-032,S-IOMT-032-543,EHR_WRITE,EP-IND-04531
BC-04532,2026-01-01 10:47:19+00:00,0,IOMT-036,S-IOMT-036-544,EHR_READ,EP-IND-04532
BC-04533,2026-01-01 10:47:39+00:00,0,IOMT-008,S-IOMT-008-545,RESEARCH,EP-IND-04533
BC-04534,2026-01-01 10:47:40+00:00,0,IOMT-012,S-IOMT-012-546,EHR_READ,EP-IND-04534
BC-04535,2026-01-01 10:47:40+00:00,0,IOMT-039,S-IOMT-039-547,EHR_WRITE,EP-IND-04535
BC-04536,2026-01-01 10:47:56+00:00,0,IOMT-046,S-IOMT-046-548,EHR_READ,EP-IND-04536
BC-04537,2026-01-01 10:48:09+00:00,0,IOMT-005,S-IOMT-005-549,LAB_RESULTS,EP-IND-04537
BC-04538,2026-01-01 10:48:24+00:00,0,IOMT-018,S-IOMT-018-550,EHR_WRITE,EP-IND-04538
BC-04539,2026-01-01 10:48:36+00:00,0,IOMT-035,S-IOMT-035-551,EHR_READ,EP-IND-04539
BC-04540,2026-01-01 10:48:46+00:00,0,IOMT-020,S-IOMT-020-552,RESEARCH,EP-IND-04540
BC-04541,2026-01-01 10:48:49+00:00,0,IOMT-004,S-IOMT-004-553,EHR_WRITE,EP-IND-04541
BC-04542,2026-01-01 10:48:51+00:00,0,IOMT-010,S-IOMT-010-554,EHR_WRITE,EP-IND-04542
BC-04543,2026-01-01 10:49:14+00:00,0,IOMT-019,S-IOMT-019-555,LAB_RESULTS,EP-IND-04543
BC-04544,2026-01-01 10:49:22+00:00,0,IOMT-015,S-IOMT-015-556,IMAGING,EP-IND-04544
BC-04545,2026-01-01 10:49:25+00:00,0,IOMT-020,S-IOMT-020-557,EHR_READ,EP-IND-04545
BC-04546,2026-01-01 10:49:31+00:00,0,IOMT-031,S-IOMT-031-558,RESEARCH,EP-IND-04546
BC-04547,2026-01-01 10:49:39+00:00,0,IOMT-021,S-IOMT-021-559,RESEARCH,EP-IND-04547
BC-04548,2026-01-01 10:49:41+00:00,0,IOMT-045,S-IOMT-045-560,IMAGING,EP-IND-04548
BC-04549,2026-01-01 10:49:41+00:00,0,IOMT-039,S-IOMT-039-561,RESEARCH,EP-IND-04549
BC-04550,2026-01-01 10:49:43+00:00,0,IOMT-015,S-IOMT-015-562,RESEARCH,EP-IND-04550
BC-04551,2026-01-01 10:49:47+00:00,0,IOMT-028,S-IOMT-028-563,LAB_RESULTS,EP-IND-04551
BC-04552,2026-01-01 10:49:50+00:00,0,IOMT-030,S-IOMT-030-564,EHR_WRITE,EP-IND-04552
BC-04553,2026-01-01 10:49:57+00:00,0,IOMT-006,S-IOMT-006-565,EHR_READ,EP-IND-04553
BC-04554,2026-01-01 10:50:10+00:00,0,IOMT-005,S-IOMT-005-566,LAB_RESULTS,EP-IND-04554
BC-04555,2026-01-01 10:50:15+00:00,0,IOMT-043,S-IOMT-043-567,EHR_WRITE,EP-IND-04555
BC-04556,2026-01-01 10:50:19+00:00,0,IOMT-022,S-IOMT-022-568,IMAGING,EP-IND-04556
BC-04557,2026-01-01 10:50:19+00:00,0,IOMT-006,S-IOMT-006-569,LAB_RESULTS,EP-IND-04557
BC-04558,2026-01-01 10:50:23+00:00,0,IOMT-006,S-IOMT-006-570,LAB_RESULTS,EP-IND-04558
BC-04559,2026-01-01 10:50:43+00:00,0,IOMT-011,S-IOMT-011-571,IMAGING,EP-IND-04559
BC-04560,2026-01-01 10:50:47+00:00,0,IOMT-025,S-IOMT-025-572,RESEARCH,EP-IND-04560
BC-04561,2026-01-01 10:50:50+00:00,0,IOMT-034,S-IOMT-034-573,EHR_READ,EP-IND-04561
BC-04562,2026-01-01 10:50:59+00:00,0,IOMT-021,S-IOMT-021-574,IMAGING,EP-IND-04562
BC-04563,2026-01-01 10:51:06+00:00,0,IOMT-047,S-IOMT-047-575,RESEARCH,EP-IND-04563
BC-04564,2026-01-01 10:51:07+00:00,0,IOMT-042,S-IOMT-042-576,IMAGING,EP-IND-04564
BC-04565,2026-01-01 10:51:09+00:00,0,IOMT-020,S-IOMT-020-577,EHR_WRITE,EP-IND-04565
BC-04566,2026-01-01 10:51:23+00:00,0,IOMT-014,S-IOMT-014-578,LAB_RESULTS,EP-IND-04566
BC-04567,2026-01-01 10:51:36+00:00,0,IOMT-040,S-IOMT-040-579,LAB_RESULTS,EP-IND-04567
BC-04568,2026-01-01 10:51:37+00:00,0,IOMT-001,S-IOMT-001-580,RESEARCH,EP-IND-04568
BC-04569,2026-01-01 10:51:45+00:00,0,IOMT-041,S-IOMT-041-581,RESEARCH,EP-IND-04569
BC-04570,2026-01-01 10:51:49+00:00,0,IOMT-036,S-IOMT-036-582,IMAGING,EP-IND-04570
BC-04571,2026-01-01 10:51:54+00:00,0,IOMT-045,S-IOMT-045-583,IMAGING,EP-IND-04571
BC-04572,2026-01-01 10:52:01+00:00,0,IOMT-046,S-IOMT-046-584,RESEARCH,EP-IND-04572
BC-04573,2026-01-01 10:52:11+00:00,0,IOMT-038,S-IOMT-038-585,RESEARCH,EP-IND-04573
BC-04574,2026-01-01 10:52:11+00:00,0,IOMT-006,S-IOMT-006-586,RESEARCH,EP-IND-04574
BC-04575,2026-01-01 10:52:29+00:00,1,IOMT-043,S-IOMT-043-587,LAB_RESULTS,EP-IND-04575
BC-04576,2026-01-01 10:52:31+00:00,0,IOMT-002,S-IOMT-002-588,IMAGING,EP-IND-04576
BC-04577,2026-01-01 10:52:34+00:00,0,IOMT-046,S-IOMT-046-589,EHR_WRITE,EP-IND-04577
BC-04578,2026-01-01 10:52:51+00:00,0,IOMT-038,S-IOMT-038-590,EHR_WRITE,EP-IND-04578
BC-04579,2026-01-01 10:53:00+00:00,0,IOMT-019,S-IOMT-019-591,LAB_RESULTS,EP-IND-04579
BC-04580,2026-01-01 10:53:11+00:00,0,IOMT-032,S-IOMT-032-592,LAB_RESULTS,EP-IND-04580
BC-04581,2026-01-01 10:53:25+00:00,0,IOMT-020,S-IOMT-020-593,LAB_RESULTS,EP-IND-04581
BC-04582,2026-01-01 10:53:25+00:00,0,IOMT-000,S-IOMT-000-594,EHR_READ,EP-IND-04582
BC-04583,2026-01-01 10:53:26+00:00,0,IOMT-046,S-IOMT-046-595,EHR_WRITE,EP-IND-04583
BC-04584,2026-01-01 10:53:27+00:00,0,IOMT-012,S-IOMT-012-596,EHR_WRITE,EP-IND-04584
BC-04585,2026-01-01 10:53:42+00:00,0,IOMT-033,S-IOMT-033-597,EHR_READ,EP-IND-04585
BC-04586,2026-01-01 10:53:45+00:00,0,IOMT-018,S-IOMT-018-598,LAB_RESULTS,EP-IND-04586
BC-04587,2026-01-01 10:54:03+00:00,0,IOMT-015,S-IOMT-015-599,IMAGING,EP-IND-04587
BC-04588,2026-01-01 10:54:08+00:00,0,IOMT-048,S-IOMT-048-600,IMAGING,EP-IND-04588
BC-04589,2026-01-01 10:54:13+00:00,0,IOMT-021,S-IOMT-021-601,EHR_WRITE,EP-IND-04589
BC-04590,2026-01-01 10:54:17+00:00,0,IOMT-034,S-IOMT-034-602,IMAGING,EP-IND-04590
BC-04591,2026-01-01 10:54:18+00:00,0,IOMT-035,S-IOMT-035-603,EHR_READ,EP-IND-04591
BC-04592,2026-01-01 10:54:24+00:00,0,IOMT-028,S-IOMT-028-604,LAB_RESULTS,EP-IND-04592
BC-04593,2026-01-01 10:54:26+00:00,0,IOMT-016,S-IOMT-016-605,LAB_RESULTS,EP-IND-04593
BC-04594,2026-01-01 10:54:30+00:00,0,IOMT-036,S-IOMT-036-606,LAB_RESULTS,EP-IND-04594
BC-04595,2026-01-01 10:54:55+00:00,0,IOMT-045,S-IOMT-045-607,LAB_RESULTS,EP-IND-04595
BC-04596,2026-01-01 10:55:15+00:00,0,IOMT-024,S-IOMT-024-608,RESEARCH,EP-IND-04596
BC-04597,2026-01-01 10:55:20+00:00,0,IOMT-013,S-IOMT-013-609,LAB_RESULTS,EP-IND-04597
BC-04598,2026-01-01 10:55:20+00:00,0,IOMT-007,S-IOMT-007-610,LAB_RESULTS,EP-IND-04598
BC-04599,2026-01-01 10:55:37+00:00,0,IOMT-040,S-IOMT-040-611,IMAGING,EP-IND-04599
BC-04600,2026-01-01 10:55:47+00:00,0,IOMT-037,S-IOMT-037-612,EHR_READ,EP-IND-04600
BC-04601,2026-01-01 10:55:49+00:00,0,IOMT-008,S-IOMT-008-613,EHR_READ,EP-IND-04601
BC-04602,2026-01-01 10:56:00+00:00,0,IOMT-003,S-IOMT-003-614,EHR_WRITE,EP-IND-04602
BC-04603,2026-01-01 10:56:28+00:00,0,IOMT-010,S-IOMT-010-615,EHR_READ,EP-IND-04603
BC-04604,2026-01-01 10:56:29+00:00,0,IOMT-008,S-IOMT-008-616,EHR_WRITE,EP-IND-04604
BC-04605,2026-01-01 10:56:30+00:00,0,IOMT-033,S-IOMT-033-617,EHR_READ,EP-IND-04605
BC-04606,2026-01-01 10:56:32+00:00,0,IOMT-033,S-IOMT-033-618,RESEARCH,EP-IND-04606
BC-04607,2026-01-01 10:56:38+00:00,0,IOMT-003,S-IOMT-003-619,LAB_RESULTS,EP-IND-04607
BC-04608,2026-01-01 10:56:40+00:00,0,IOMT-040,S-IOMT-040-620,EHR_WRITE,EP-IND-04608
BC-04609,2026-01-01 10:56:44+00:00,0,IOMT-009,S-IOMT-009-621,EHR_READ,EP-IND-04609
BC-04610,2026-01-01 10:56:53+00:00,0,IOMT-022,S-IOMT-022-622,LAB_RESULTS,EP-IND-04610
BC-04611,2026-01-01 10:57:21+00:00,0,IOMT-040,S-IOMT-040-623,LAB_RESULTS,EP-IND-04611
BC-04612,2026-01-01 10:57:26+00:00,0,IOMT-005,S-IOMT-005-624,RESEARCH,EP-IND-04612
BC-04613,2026-01-01 10:57:32+00:00,0,IOMT-023,S-IOMT-023-625,IMAGING,EP-IND-04613
BC-04614,2026-01-01 10:57:38+00:00,0,IOMT-018,S-IOMT-018-626,IMAGING,EP-IND-04614
BC-04615,2026-01-01 10:57:41+00:00,0,IOMT-040,S-IOMT-040-627,EHR_READ,EP-IND-04615
BC-04616,2026-01-01 10:57:45+00:00,0,IOMT-022,S-IOMT-022-628,EHR_WRITE,EP-IND-04616
BC-04617,2026-01-01 10:57:56+00:00,0,IOMT-021,S-IOMT-021-629,LAB_RESULTS,EP-IND-04617
BC-04618,2026-01-01 10:58:03+00:00,0,IOMT-017,S-IOMT-017-630,RESEARCH,EP-IND-04618
BC-04619,2026-01-01 10:58:04+00:00,0,IOMT-013,S-IOMT-013-631,RESEARCH,EP-IND-04619
BC-04620,2026-01-01 10:58:15+00:00,0,IOMT-048,S-IOMT-048-632,EHR_READ,EP-IND-04620
BC-04621,2026-01-01 10:58:20+00:00,0,IOMT-049,S-IOMT-049-633,EHR_WRITE,EP-IND-04621
BC-04622,2026-01-01 10:58:21+00:00,0,IOMT-020,S-IOMT-020-634,LAB_RESULTS,EP-IND-04622
BC-04623,2026-01-01 10:58:25+00:00,0,IOMT-013,S-IOMT-013-635,EHR_READ,EP-IND-04623
BC-04624,2026-01-01 10:58:30+00:00,0,IOMT-019,S-IOMT-019-636,IMAGING,EP-IND-04624
BC-04625,2026-01-01 10:58:41+00:00,0,IOMT-048,S-IOMT-048-637,EHR_WRITE,EP-IND-04625
BC-04626,2026-01-01 10:58:44+00:00,0,IOMT-030,S-IOMT-030-638,RESEARCH,EP-IND-04626
BC-04627,2026-01-01 10:58:49+00:00,0,IOMT-049,S-IOMT-049-639,RESEARCH,EP-IND-04627
BC-04628,2026-01-01 10:59:02+00:00,0,IOMT-000,S-IOMT-000-640,RESEARCH,EP-IND-04628
BC-04629,2026-01-01 10:59:21+00:00,0,IOMT-021,S-IOMT-021-641,EHR_READ,EP-IND-04629
BC-04630,2026-01-01 10:59:24+00:00,0,IOMT-033,S-IOMT-033-642,IMAGING,EP-IND-04630
BC-04631,2026-01-01 10:59:27+00:00,0,IOMT-029,S-IOMT-029-643,RESEARCH,EP-IND-04631
BC-04632,2026-01-01 10:59:28+00:00,0,IOMT-019,S-IOMT-019-644,EHR_READ,EP-IND-04632
BC-04633,2026-01-01 10:59:29+00:00,0,IOMT-017,S-IOMT-017-645,IMAGING,EP-IND-04633
BC-04634,2026-01-01 10:59:41+00:00,0,IOMT-036,S-IOMT-036-646,EHR_READ,EP-IND-04634
BC-04635,2026-01-01 10:59:58+00:00,0,IOMT-026,S-IOMT-026-647,RESEARCH,EP-IND-04635
BC-04636,2026-01-01 10:59:58+00:00,0,IOMT-049,S-IOMT-049-648,EHR_WRITE,EP-IND-04636
BC-04637,2026-01-01 11:00:04+00:00,0,IOMT-046,S-IOMT-046-649,IMAGING,EP-IND-04637
BC-04638,2026-01-01 11:00:11+00:00,0,IOMT-045,S-IOMT-045-650,LAB_RESULTS,EP-IND-04638
BC-04639,2026-01-01 11:00:16+00:00,0,IOMT-044,S-IOMT-044-651,EHR_WRITE,EP-IND-04639
BC-04640,2026-01-01 11:00:17+00:00,0,IOMT-039,S-IOMT-039-652,RESEARCH,EP-IND-04640
BC-04641,2026-01-01 11:00:18+00:00,0,IOMT-022,S-IOMT-022-653,LAB_RESULTS,EP-IND-04641
BC-04642,2026-01-01 11:00:18+00:00,0,IOMT-032,S-IOMT-032-654,LAB_RESULTS,EP-IND-04642
BC-04643,2026-01-01 11:00:22+00:00,0,IOMT-025,S-IOMT-025-655,EHR_READ,EP-IND-04643
BC-04644,2026-01-01 11:00:24+00:00,0,IOMT-001,S-IOMT-001-656,IMAGING,EP-IND-04644
BC-04645,2026-01-01 11:00:25+00:00,0,IOMT-038,S-IOMT-038-657,RESEARCH,EP-IND-04645
BC-04646,2026-01-01 11:00:43+00:00,0,IOMT-041,S-IOMT-041-658,EHR_WRITE,EP-IND-04646
BC-04647,2026-01-01 11:00:44+00:00,0,IOMT-007,S-IOMT-007-659,EHR_WRITE,EP-IND-04647
BC-04648,2026-01-01 11:01:06+00:00,0,IOMT-005,S-IOMT-005-660,EHR_WRITE,EP-IND-04648
BC-04649,2026-01-01 11:01:19+00:00,0,IOMT-032,S-IOMT-032-661,LAB_RESULTS,EP-IND-04649
BC-04650,2026-01-01 11:01:19+00:00,0,IOMT-049,S-IOMT-049-662,EHR_READ,EP-IND-04650
BC-04651,2026-01-01 11:02:02+00:00,0,IOMT-004,S-IOMT-004-663,EHR_WRITE,EP-IND-04651
BC-04652,2026-01-01 11:02:17+00:00,0,IOMT-008,S-IOMT-008-664,EHR_WRITE,EP-IND-04652
BC-04653,2026-01-01 11:02:21+00:00,0,IOMT-032,S-IOMT-032-665,IMAGING,EP-IND-04653
BC-04654,2026-01-01 11:02:23+00:00,0,IOMT-004,S-IOMT-004-666,EHR_WRITE,EP-IND-04654
BC-04655,2026-01-01 11:02:42+00:00,0,IOMT-036,S-IOMT-036-667,LAB_RESULTS,EP-IND-04655
BC-04656,2026-01-01 11:02:51+00:00,0,IOMT-045,S-IOMT-045-668,EHR_READ,EP-IND-04656
BC-04657,2026-01-01 11:02:52+00:00,0,IOMT-001,S-IOMT-001-669,IMAGING,EP-IND-04657
BC-04658,2026-01-01 11:03:22+00:00,0,IOMT-039,S-IOMT-039-670,EHR_READ,EP-IND-04658
BC-04659,2026-01-01 11:03:23+00:00,0,IOMT-009,S-IOMT-009-671,IMAGING,EP-IND-04659
BC-04660,2026-01-01 11:03:27+00:00,0,IOMT-029,S-IOMT-029-672,EHR_READ,EP-IND-04660
BC-04661,2026-01-01 11:03:48+00:00,0,IOMT-039,S-IOMT-039-673,RESEARCH,EP-IND-04661
BC-04662,2026-01-01 11:03:57+00:00,0,IOMT-024,S-IOMT-024-674,EHR_READ,EP-IND-04662
BC-04663,2026-01-01 11:04:12+00:00,0,IOMT-022,S-IOMT-022-675,EHR_READ,EP-IND-04663
BC-04664,2026-01-01 11:04:14+00:00,0,IOMT-012,S-IOMT-012-676,EHR_WRITE,EP-IND-04664
BC-04665,2026-01-01 11:04:24+00:00,0,IOMT-020,S-IOMT-020-677,LAB_RESULTS,EP-IND-04665
BC-04666,2026-01-01 11:04:26+00:00,0,IOMT-033,S-IOMT-033-678,EHR_READ,EP-IND-04666
BC-04667,2026-01-01 11:04:35+00:00,0,IOMT-029,S-IOMT-029-679,RESEARCH,EP-IND-04667
BC-04668,2026-01-01 11:04:57+00:00,0,IOMT-016,S-IOMT-016-680,LAB_RESULTS,EP-IND-04668
BC-04669,2026-01-01 11:04:58+00:00,0,IOMT-047,S-IOMT-047-681,RESEARCH,EP-IND-04669
BC-04670,2026-01-01 11:05:01+00:00,0,IOMT-014,S-IOMT-014-682,RESEARCH,EP-IND-04670
BC-04671,2026-01-01 11:05:03+00:00,0,IOMT-001,S-IOMT-001-683,EHR_WRITE,EP-IND-04671
BC-04672,2026-01-01 11:05:14+00:00,0,IOMT-004,S-IOMT-004-684,EHR_WRITE,EP-IND-04672
BC-04673,2026-01-01 11:05:33+00:00,0,IOMT-002,S-IOMT-002-685,IMAGING,EP-IND-04673
BC-04674,2026-01-01 11:05:33+00:00,0,IOMT-038,S-IOMT-038-686,RESEARCH,EP-IND-04674
BC-04675,2026-01-01 11:05:38+00:00,0,IOMT-040,S-IOMT-040-687,LAB_RESULTS,EP-IND-04675
BC-04676,2026-01-01 11:05:39+00:00,0,IOMT-007,S-IOMT-007-688,LAB_RESULTS,EP-IND-04676
BC-04677,2026-01-01 11:05:44+00:00,0,IOMT-006,S-IOMT-006-689,IMAGING,EP-IND-04677
BC-04678,2026-01-01 11:05:44+00:00,0,IOMT-036,S-IOMT-036-690,RESEARCH,EP-IND-04678
BC-04679,2026-01-01 11:06:00+00:00,1,IOMT-034,S-IOMT-034-691,IMAGING,EP-IND-04679
BC-04680,2026-01-01 11:06:08+00:00,0,IOMT-041,S-IOMT-041-692,LAB_RESULTS,EP-IND-04680
BC-04681,2026-01-01 11:06:08+00:00,0,IOMT-044,S-IOMT-044-693,RESEARCH,EP-IND-04681
BC-04682,2026-01-01 11:06:13+00:00,0,IOMT-020,S-IOMT-020-694,RESEARCH,EP-IND-04682
BC-04683,2026-01-01 11:06:16+00:00,0,IOMT-007,S-IOMT-007-695,LAB_RESULTS,EP-IND-04683
BC-04684,2026-01-01 11:06:32+00:00,0,IOMT-039,S-IOMT-039-696,LAB_RESULTS,EP-IND-04684
BC-04685,2026-01-01 11:06:41+00:00,0,IOMT-021,S-IOMT-021-697,RESEARCH,EP-IND-04685
BC-04686,2026-01-01 11:06:41+00:00,0,IOMT-006,S-IOMT-006-698,LAB_RESULTS,EP-IND-04686
BC-04687,2026-01-01 11:06:46+00:00,0,IOMT-010,S-IOMT-010-699,EHR_WRITE,EP-IND-04687
BC-04688,2026-01-01 11:06:55+00:00,0,IOMT-012,S-IOMT-012-700,IMAGING,EP-IND-04688
BC-04689,2026-01-01 11:07:02+00:00,0,IOMT-025,S-IOMT-025-701,IMAGING,EP-IND-04689
BC-04690,2026-01-01 11:07:02+00:00,0,IOMT-041,S-IOMT-041-702,IMAGING,EP-IND-04690
BC-04691,2026-01-01 11:07:10+00:00,0,IOMT-038,S-IOMT-038-703,LAB_RESULTS,EP-IND-04691
BC-04692,2026-01-01 11:07:11+00:00,0,IOMT-038,S-IOMT-038-704,RESEARCH,EP-IND-04692
BC-04693,2026-01-01 11:07:12+00:00,0,IOMT-011,S-IOMT-011-705,EHR_WRITE,EP-IND-04693
BC-04694,2026-01-01 11:07:26+00:00,0,IOMT-026,S-IOMT-026-706,LAB_RESULTS,EP-IND-04694
BC-04695,2026-01-01 11:07:51+00:00,0,IOMT-031,S-IOMT-031-707,RESEARCH,EP-IND-04695
BC-04696,2026-01-01 11:08:06+00:00,0,IOMT-000,S-IOMT-000-708,IMAGING,EP-IND-04696
BC-04697,2026-01-01 11:08:08+00:00,0,IOMT-010,S-IOMT-010-709,IMAGING,EP-IND-04697
BC-04698,2026-01-01 11:08:15+00:00,0,IOMT-031,S-IOMT-031-710,LAB_RESULTS,EP-IND-04698
BC-04699,2026-01-01 11:08:21+00:00,0,IOMT-025,S-IOMT-025-711,RESEARCH,EP-IND-04699
BC-04700,2026-01-01 11:08:40+00:00,0,IOMT-009,S-IOMT-009-712,RESEARCH,EP-IND-04700
BC-04701,2026-01-01 11:08:51+00:00,0,IOMT-004,S-IOMT-004-713,EHR_WRITE,EP-IND-04701
BC-04702,2026-01-01 11:08:55+00:00,0,IOMT-022,S-IOMT-022-714,EHR_WRITE,EP-IND-04702
BC-04703,2026-01-01 11:08:57+00:00,0,IOMT-019,S-IOMT-019-715,EHR_WRITE,EP-IND-04703
BC-04704,2026-01-01 11:09:00+00:00,0,IOMT-019,S-IOMT-019-716,RESEARCH,EP-IND-04704
BC-04705,2026-01-01 11:09:07+00:00,0,IOMT-001,S-IOMT-001-717,EHR_READ,EP-IND-04705
BC-04706,2026-01-01 11:09:09+00:00,0,IOMT-001,S-IOMT-001-718,IMAGING,EP-IND-04706
BC-04707,2026-01-01 11:09:19+00:00,0,IOMT-028,S-IOMT-028-719,LAB_RESULTS,EP-IND-04707
BC-04708,2026-01-01 11:10:14+00:00,0,IOMT-008,S-IOMT-008-720,RESEARCH,EP-IND-04708
BC-04709,2026-01-01 11:10:15+00:00,0,IOMT-025,S-IOMT-025-721,EHR_WRITE,EP-IND-04709
BC-04710,2026-01-01 11:10:37+00:00,0,IOMT-028,S-IOMT-028-722,EHR_READ,EP-IND-04710
BC-04711,2026-01-01 11:10:41+00:00,0,IOMT-008,S-IOMT-008-723,RESEARCH,EP-IND-04711
BC-04712,2026-01-01 11:10:48+00:00,0,IOMT-031,S-IOMT-031-724,EHR_READ,EP-IND-04712
BC-04713,2026-01-01 11:10:50+00:00,0,IOMT-018,S-IOMT-018-725,EHR_WRITE,EP-IND-04713
BC-04714,2026-01-01 11:11:20+00:00,0,IOMT-014,S-IOMT-014-726,RESEARCH,EP-IND-04714
BC-04715,2026-01-01 11:11:29+00:00,0,IOMT-001,S-IOMT-001-727,EHR_READ,EP-IND-04715
BC-04716,2026-01-01 11:11:37+00:00,0,IOMT-013,S-IOMT-013-728,RESEARCH,EP-IND-04716
BC-04717,2026-01-01 11:11:41+00:00,0,IOMT-004,S-IOMT-004-729,LAB_RESULTS,EP-IND-04717
BC-04718,2026-01-01 11:11:45+00:00,0,IOMT-014,S-IOMT-014-730,EHR_WRITE,EP-IND-04718
BC-04719,2026-01-01 11:12:05+00:00,0,IOMT-010,S-IOMT-010-731,LAB_RESULTS,EP-IND-04719
BC-04720,2026-01-01 11:12:05+00:00,0,IOMT-029,S-IOMT-029-732,RESEARCH,EP-IND-04720
BC-04721,2026-01-01 11:12:06+00:00,0,IOMT-018,S-IOMT-018-733,IMAGING,EP-IND-04721
BC-04722,2026-01-01 11:12:16+00:00,0,IOMT-039,S-IOMT-039-734,EHR_READ,EP-IND-04722
BC-04723,2026-01-01 11:12:18+00:00,0,IOMT-035,S-IOMT-035-735,EHR_READ,EP-IND-04723
BC-04724,2026-01-01 11:12:19+00:00,0,IOMT-034,S-IOMT-034-736,EHR_READ,EP-IND-04724
BC-04725,2026-01-01 11:12:22+00:00,0,IOMT-009,S-IOMT-009-737,EHR_WRITE,EP-IND-04725
BC-04726,2026-01-01 11:12:24+00:00,0,IOMT-033,S-IOMT-033-738,EHR_WRITE,EP-IND-04726
BC-04727,2026-01-01 11:12:32+00:00,0,IOMT-022,S-IOMT-022-739,EHR_READ,EP-IND-04727
BC-04728,2026-01-01 11:12:57+00:00,0,IOMT-001,S-IOMT-001-740,IMAGING,EP-IND-04728
BC-04729,2026-01-01 11:13:20+00:00,0,IOMT-028,S-IOMT-028-741,EHR_READ,EP-IND-04729
BC-04730,2026-01-01 11:13:23+00:00,0,IOMT-009,S-IOMT-009-742,EHR_READ,EP-IND-04730
BC-04731,2026-01-01 11:13:23+00:00,0,IOMT-031,S-IOMT-031-743,IMAGING,EP-IND-04731
BC-04732,2026-01-01 11:14:01+00:00,0,IOMT-014,S-IOMT-014-744,IMAGING,EP-IND-04732
BC-04733,2026-01-01 11:14:02+00:00,0,IOMT-009,S-IOMT-009-745,IMAGING,EP-IND-04733
BC-04734,2026-01-01 11:14:11+00:00,0,IOMT-028,S-IOMT-028-746,LAB_RESULTS,EP-IND-04734
BC-04735,2026-01-01 11:14:15+00:00,0,IOMT-008,S-IOMT-008-747,IMAGING,EP-IND-04735
BC-04736,2026-01-01 11:14:19+00:00,0,IOMT-041,S-IOMT-041-748,RESEARCH,EP-IND-04736
BC-04737,2026-01-01 11:14:24+00:00,0,IOMT-048,S-IOMT-048-749,EHR_WRITE,EP-IND-04737
BC-04738,2026-01-01 11:14:24+00:00,0,IOMT-040,S-IOMT-040-750,IMAGING,EP-IND-04738
BC-04739,2026-01-01 11:14:26+00:00,0,IOMT-042,S-IOMT-042-751,IMAGING,EP-IND-04739
BC-04740,2026-01-01 11:14:35+00:00,0,IOMT-048,S-IOMT-048-752,LAB_RESULTS,EP-IND-04740
BC-04741,2026-01-01 11:14:43+00:00,0,IOMT-023,S-IOMT-023-753,LAB_RESULTS,EP-IND-04741
BC-04742,2026-01-01 11:15:02+00:00,0,IOMT-039,S-IOMT-039-754,EHR_READ,EP-IND-04742
BC-04743,2026-01-01 11:15:11+00:00,0,IOMT-034,S-IOMT-034-755,IMAGING,EP-IND-04743
BC-04744,2026-01-01 11:15:14+00:00,0,IOMT-008,S-IOMT-008-756,LAB_RESULTS,EP-IND-04744
BC-04745,2026-01-01 11:15:23+00:00,0,IOMT-026,S-IOMT-026-757,IMAGING,EP-IND-04745
BC-04746,2026-01-01 11:15:35+00:00,0,IOMT-026,S-IOMT-026-758,EHR_WRITE,EP-IND-04746
BC-04747,2026-01-01 11:15:39+00:00,0,IOMT-006,S-IOMT-006-759,EHR_READ,EP-IND-04747
BC-04748,2026-01-01 11:15:39+00:00,0,IOMT-049,S-IOMT-049-760,EHR_WRITE,EP-IND-04748
BC-04749,2026-01-01 11:15:41+00:00,0,IOMT-025,S-IOMT-025-761,EHR_READ,EP-IND-04749
BC-04750,2026-01-01 11:15:47+00:00,0,IOMT-048,S-IOMT-048-762,EHR_WRITE,EP-IND-04750
BC-04751,2026-01-01 11:16:12+00:00,0,IOMT-026,S-IOMT-026-763,EHR_READ,EP-IND-04751
BC-04752,2026-01-01 11:16:19+00:00,0,IOMT-048,S-IOMT-048-764,RESEARCH,EP-IND-04752
BC-04753,2026-01-01 11:16:41+00:00,0,IOMT-012,S-IOMT-012-765,IMAGING,EP-IND-04753
BC-04754,2026-01-01 11:16:52+00:00,0,IOMT-015,S-IOMT-015-766,EHR_READ,EP-IND-04754
BC-04755,2026-01-01 11:16:55+00:00,0,IOMT-047,S-IOMT-047-767,RESEARCH,EP-IND-04755
BC-04756,2026-01-01 11:17:02+00:00,0,IOMT-006,S-IOMT-006-768,RESEARCH,EP-IND-04756
BC-04757,2026-01-01 11:17:14+00:00,0,IOMT-001,S-IOMT-001-769,EHR_READ,EP-IND-04757
BC-04758,2026-01-01 11:17:18+00:00,0,IOMT-027,S-IOMT-027-770,EHR_WRITE,EP-IND-04758
BC-04759,2026-01-01 11:17:24+00:00,0,IOMT-032,S-IOMT-032-771,EHR_WRITE,EP-IND-04759
BC-04760,2026-01-01 11:17:33+00:00,0,IOMT-049,S-IOMT-049-772,RESEARCH,EP-IND-04760
BC-04761,2026-01-01 11:17:40+00:00,0,IOMT-008,S-IOMT-008-773,EHR_READ,EP-IND-04761
BC-04762,2026-01-01 11:17:45+00:00,0,IOMT-010,S-IOMT-010-774,EHR_READ,EP-IND-04762
BC-04763,2026-01-01 11:17:48+00:00,0,IOMT-005,S-IOMT-005-775,LAB_RESULTS,EP-IND-04763
BC-04764,2026-01-01 11:17:56+00:00,0,IOMT-041,S-IOMT-041-776,LAB_RESULTS,EP-IND-04764
BC-04765,2026-01-01 11:17:57+00:00,0,IOMT-017,S-IOMT-017-777,IMAGING,EP-IND-04765
BC-04766,2026-01-01 11:18:01+00:00,0,IOMT-029,S-IOMT-029-778,RESEARCH,EP-IND-04766
BC-04767,2026-01-01 11:18:04+00:00,0,IOMT-019,S-IOMT-019-779,LAB_RESULTS,EP-IND-04767
BC-04768,2026-01-01 11:18:06+00:00,0,IOMT-035,S-IOMT-035-780,EHR_WRITE,EP-IND-04768
BC-04769,2026-01-01 11:18:17+00:00,0,IOMT-011,S-IOMT-011-781,IMAGING,EP-IND-04769
BC-04770,2026-01-01 11:18:18+00:00,0,IOMT-027,S-IOMT-027-782,EHR_WRITE,EP-IND-04770
BC-04771,2026-01-01 11:18:36+00:00,0,IOMT-021,S-IOMT-021-783,EHR_READ,EP-IND-04771
BC-04772,2026-01-01 11:18:37+00:00,0,IOMT-038,S-IOMT-038-784,LAB_RESULTS,EP-IND-04772
BC-04773,2026-01-01 11:19:09+00:00,0,IOMT-043,S-IOMT-043-785,IMAGING,EP-IND-04773
BC-04774,2026-01-01 11:19:14+00:00,1,IOMT-008,S-IOMT-008-786,RESEARCH,EP-IND-04774
BC-04775,2026-01-01 11:19:19+00:00,0,IOMT-032,S-IOMT-032-787,LAB_RESULTS,EP-IND-04775
BC-04776,2026-01-01 11:19:19+00:00,0,IOMT-025,S-IOMT-025-788,EHR_READ,EP-IND-04776
BC-04777,2026-01-01 11:19:32+00:00,0,IOMT-018,S-IOMT-018-789,RESEARCH,EP-IND-04777
BC-04778,2026-01-01 11:19:36+00:00,0,IOMT-008,S-IOMT-008-790,RESEARCH,EP-IND-04778
BC-04779,2026-01-01 11:19:37+00:00,0,IOMT-048,S-IOMT-048-791,EHR_WRITE,EP-IND-04779
BC-04780,2026-01-01 11:19:45+00:00,0,IOMT-020,S-IOMT-020-792,EHR_WRITE,EP-IND-04780
BC-04781,2026-01-01 11:19:46+00:00,0,IOMT-005,S-IOMT-005-793,IMAGING,EP-IND-04781
BC-04782,2026-01-01 11:19:46+00:00,0,IOMT-039,S-IOMT-039-794,IMAGING,EP-IND-04782
BC-04783,2026-01-01 11:20:24+00:00,0,IOMT-023,S-IOMT-023-795,EHR_READ,EP-IND-04783
BC-04784,2026-01-01 11:20:35+00:00,0,IOMT-001,S-IOMT-001-796,EHR_READ,EP-IND-04784
BC-04785,2026-01-01 11:20:37+00:00,0,IOMT-019,S-IOMT-019-797,EHR_WRITE,EP-IND-04785
BC-04786,2026-01-01 11:20:37+00:00,0,IOMT-020,S-IOMT-020-798,LAB_RESULTS,EP-IND-04786
BC-04787,2026-01-01 11:20:38+00:00,0,IOMT-025,S-IOMT-025-799,EHR_WRITE,EP-IND-04787
BC-04788,2026-01-01 11:21:03+00:00,0,IOMT-011,S-IOMT-011-800,EHR_WRITE,EP-IND-04788
BC-04789,2026-01-01 11:21:03+00:00,0,IOMT-020,S-IOMT-020-801,LAB_RESULTS,EP-IND-04789
BC-04790,2026-01-01 11:21:11+00:00,0,IOMT-001,S-IOMT-001-802,IMAGING,EP-IND-04790
BC-04791,2026-01-01 11:21:28+00:00,0,IOMT-019,S-IOMT-019-803,EHR_READ,EP-IND-04791
BC-04792,2026-01-01 11:21:44+00:00,0,IOMT-049,S-IOMT-049-804,RESEARCH,EP-IND-04792
BC-04793,2026-01-01 11:21:46+00:00,0,IOMT-019,S-IOMT-019-805,LAB_RESULTS,EP-IND-04793
BC-04794,2026-01-01 11:21:46+00:00,0,IOMT-011,S-IOMT-011-806,EHR_WRITE,EP-IND-04794
BC-04795,2026-01-01 11:21:49+00:00,0,IOMT-020,S-IOMT-020-807,RESEARCH,EP-IND-04795
BC-04796,2026-01-01 11:22:17+00:00,0,IOMT-004,S-IOMT-004-808,RESEARCH,EP-IND-04796
BC-04797,2026-01-01 11:22:26+00:00,0,IOMT-020,S-IOMT-020-809,LAB_RESULTS,EP-IND-04797
BC-04798,2026-01-01 11:22:30+00:00,0,IOMT-002,S-IOMT-002-810,EHR_WRITE,EP-IND-04798
BC-04799,2026-01-01 11:22:38+00:00,0,IOMT-045,S-IOMT-045-811,EHR_WRITE,EP-IND-04799
BC-04800,2026-01-01 11:22:49+00:00,0,IOMT-032,S-IOMT-032-812,LAB_RESULTS,EP-IND-04800
BC-04801,2026-01-01 11:22:49+00:00,0,IOMT-012,S-IOMT-012-813,EHR_READ,EP-IND-04801
BC-04802,2026-01-01 11:22:54+00:00,0,IOMT-035,S-IOMT-035-814,IMAGING,EP-IND-04802
BC-04803,2026-01-01 11:23:02+00:00,0,IOMT-021,S-IOMT-021-815,IMAGING,EP-IND-04803
BC-04804,2026-01-01 11:23:38+00:00,0,IOMT-046,S-IOMT-046-816,RESEARCH,EP-IND-04804
BC-04805,2026-01-01 11:23:39+00:00,0,IOMT-032,S-IOMT-032-817,EHR_READ,EP-IND-04805
BC-04806,2026-01-01 11:23:56+00:00,0,IOMT-017,S-IOMT-017-818,IMAGING,EP-IND-04806
BC-04807,2026-01-01 11:24:02+00:00,0,IOMT-010,S-IOMT-010-819,LAB_RESULTS,EP-IND-04807
BC-04808,2026-01-01 11:24:06+00:00,0,IOMT-035,S-IOMT-035-820,RESEARCH,EP-IND-04808
BC-04809,2026-01-01 11:24:14+00:00,0,IOMT-015,S-IOMT-015-821,IMAGING,EP-IND-04809
BC-04810,2026-01-01 11:24:16+00:00,0,IOMT-000,S-IOMT-000-822,EHR_WRITE,EP-IND-04810
BC-04811,2026-01-01 11:24:18+00:00,0,IOMT-006,S-IOMT-006-823,EHR_READ,EP-IND-04811
BC-04812,2026-01-01 11:24:37+00:00,0,IOMT-008,S-IOMT-008-824,EHR_WRITE,EP-IND-04812
BC-04813,2026-01-01 11:24:46+00:00,0,IOMT-031,S-IOMT-031-825,LAB_RESULTS,EP-IND-04813
BC-04814,2026-01-01 11:25:02+00:00,0,IOMT-049,S-IOMT-049-826,RESEARCH,EP-IND-04814
BC-04815,2026-01-01 11:25:03+00:00,0,IOMT-039,S-IOMT-039-827,IMAGING,EP-IND-04815
BC-04816,2026-01-01 11:25:28+00:00,0,IOMT-040,S-IOMT-040-828,LAB_RESULTS,EP-IND-04816
BC-04817,2026-01-01 11:25:32+00:00,0,IOMT-034,S-IOMT-034-829,IMAGING,EP-IND-04817
BC-04818,2026-01-01 11:25:39+00:00,0,IOMT-029,S-IOMT-029-830,LAB_RESULTS,EP-IND-04818
BC-04819,2026-01-01 11:25:41+00:00,0,IOMT-015,S-IOMT-015-831,EHR_READ,EP-IND-04819
BC-04820,2026-01-01 11:25:53+00:00,0,IOMT-025,S-IOMT-025-832,LAB_RESULTS,EP-IND-04820
BC-04821,2026-01-01 11:25:59+00:00,0,IOMT-012,S-IOMT-012-833,RESEARCH,EP-IND-04821
BC-04822,2026-01-01 11:26:13+00:00,0,IOMT-003,S-IOMT-003-834,LAB_RESULTS,EP-IND-04822
BC-04823,2026-01-01 11:26:40+00:00,0,IOMT-033,S-IOMT-033-835,RESEARCH,EP-IND-04823
BC-04824,2026-01-01 11:26:48+00:00,0,IOMT-020,S-IOMT-020-836,EHR_READ,EP-IND-04824
BC-04825,2026-01-01 11:27:06+00:00,0,IOMT-046,S-IOMT-046-837,EHR_WRITE,EP-IND-04825
BC-04826,2026-01-01 11:27:12+00:00,0,IOMT-041,S-IOMT-041-838,RESEARCH,EP-IND-04826
BC-04827,2026-01-01 11:27:17+00:00,0,IOMT-027,S-IOMT-027-839,EHR_WRITE,EP-IND-04827
BC-04828,2026-01-01 11:27:28+00:00,0,IOMT-031,S-IOMT-031-840,LAB_RESULTS,EP-IND-04828
BC-04829,2026-01-01 11:27:50+00:00,0,IOMT-021,S-IOMT-021-841,EHR_WRITE,EP-IND-04829
BC-04830,2026-01-01 11:27:55+00:00,0,IOMT-002,S-IOMT-002-842,LAB_RESULTS,EP-IND-04830
BC-04831,2026-01-01 11:28:04+00:00,0,IOMT-036,S-IOMT-036-843,EHR_READ,EP-IND-04831
BC-04832,2026-01-01 11:28:06+00:00,0,IOMT-022,S-IOMT-022-844,IMAGING,EP-IND-04832
BC-04833,2026-01-01 11:28:06+00:00,0,IOMT-037,S-IOMT-037-845,IMAGING,EP-IND-04833
BC-04834,2026-01-01 11:28:08+00:00,0,IOMT-015,S-IOMT-015-846,EHR_WRITE,EP-IND-04834
BC-04835,2026-01-01 11:28:18+00:00,0,IOMT-007,S-IOMT-007-847,EHR_READ,EP-IND-04835
BC-04836,2026-01-01 11:28:20+00:00,0,IOMT-001,S-IOMT-001-848,RESEARCH,EP-IND-04836
BC-04837,2026-01-01 11:28:45+00:00,0,IOMT-008,S-IOMT-008-849,EHR_READ,EP-IND-04837
BC-04838,2026-01-01 11:29:01+00:00,0,IOMT-030,S-IOMT-030-850,EHR_READ,EP-IND-04838
BC-04839,2026-01-01 11:29:22+00:00,0,IOMT-009,S-IOMT-009-851,EHR_READ,EP-IND-04839
BC-04840,2026-01-01 11:29:47+00:00,0,IOMT-023,S-IOMT-023-852,IMAGING,EP-IND-04840
BC-04841,2026-01-01 11:30:25+00:00,0,IOMT-045,S-IOMT-045-853,EHR_READ,EP-IND-04841
BC-04842,2026-01-01 11:30:43+00:00,0,IOMT-046,S-IOMT-046-854,RESEARCH,EP-IND-04842
BC-04843,2026-01-01 11:30:46+00:00,0,IOMT-038,S-IOMT-038-855,LAB_RESULTS,EP-IND-04843
BC-04844,2026-01-01 11:30:47+00:00,0,IOMT-030,S-IOMT-030-856,EHR_READ,EP-IND-04844
BC-04845,2026-01-01 11:30:49+00:00,0,IOMT-023,S-IOMT-023-857,EHR_WRITE,EP-IND-04845
BC-04846,2026-01-01 11:30:51+00:00,0,IOMT-009,S-IOMT-009-858,IMAGING,EP-IND-04846
BC-04847,2026-01-01 11:30:51+00:00,0,IOMT-032,S-IOMT-032-859,RESEARCH,EP-IND-04847
BC-04848,2026-01-01 11:30:55+00:00,0,IOMT-010,S-IOMT-010-860,EHR_WRITE,EP-IND-04848
BC-04849,2026-01-01 11:30:59+00:00,0,IOMT-009,S-IOMT-009-861,RESEARCH,EP-IND-04849
BC-04850,2026-01-01 11:31:01+00:00,0,IOMT-016,S-IOMT-016-862,EHR_READ,EP-IND-04850
BC-04851,2026-01-01 11:31:11+00:00,0,IOMT-033,S-IOMT-033-863,LAB_RESULTS,EP-IND-04851
BC-04852,2026-01-01 11:31:12+00:00,0,IOMT-031,S-IOMT-031-864,IMAGING,EP-IND-04852
BC-04853,2026-01-01 11:31:25+00:00,0,IOMT-029,S-IOMT-029-865,EHR_READ,EP-IND-04853
BC-04854,2026-01-01 11:31:28+00:00,0,IOMT-003,S-IOMT-003-866,IMAGING,EP-IND-04854
BC-04855,2026-01-01 11:31:45+00:00,0,IOMT-026,S-IOMT-026-867,EHR_READ,EP-IND-04855
BC-04856,2026-01-01 11:31:52+00:00,0,IOMT-039,S-IOMT-039-868,IMAGING,EP-IND-04856
BC-04857,2026-01-01 11:31:56+00:00,0,IOMT-030,S-IOMT-030-869,EHR_WRITE,EP-IND-04857
BC-04858,2026-01-01 11:32:16+00:00,0,IOMT-041,S-IOMT-041-870,RESEARCH,EP-IND-04858
BC-04859,2026-01-01 11:32:25+00:00,0,IOMT-023,S-IOMT-023-871,EHR_READ,EP-IND-04859
BC-04860,2026-01-01 11:32:37+00:00,0,IOMT-023,S-IOMT-023-872,EHR_READ,EP-IND-04860
BC-04861,2026-01-01 11:32:42+00:00,0,IOMT-023,S-IOMT-023-873,RESEARCH,EP-IND-04861
BC-04862,2026-01-01 11:33:02+00:00,0,IOMT-038,S-IOMT-038-874,EHR_WRITE,EP-IND-04862
BC-04863,2026-01-01 11:33:18+00:00,0,IOMT-040,S-IOMT-040-875,EHR_READ,EP-IND-04863
BC-04864,2026-01-01 11:33:31+00:00,0,IOMT-008,S-IOMT-008-876,RESEARCH,EP-IND-04864
BC-04865,2026-01-01 11:33:36+00:00,0,IOMT-045,S-IOMT-045-877,EHR_READ,EP-IND-04865
BC-04866,2026-01-01 11:33:41+00:00,0,IOMT-021,S-IOMT-021-878,IMAGING,EP-IND-04866
BC-04867,2026-01-01 11:33:54+00:00,0,IOMT-046,S-IOMT-046-879,RESEARCH,EP-IND-04867
BC-04868,2026-01-01 11:33:55+00:00,0,IOMT-017,S-IOMT-017-880,IMAGING,EP-IND-04868
BC-04869,2026-01-01 11:34:02+00:00,0,IOMT-010,S-IOMT-010-881,RESEARCH,EP-IND-04869
BC-04870,2026-01-01 11:34:08+00:00,0,IOMT-037,S-IOMT-037-882,EHR_READ,EP-IND-04870
BC-04871,2026-01-01 11:34:11+00:00,0,IOMT-031,S-IOMT-031-883,EHR_WRITE,EP-IND-04871
BC-04872,2026-01-01 11:34:23+00:00,0,IOMT-043,S-IOMT-043-884,EHR_READ,EP-IND-04872
BC-04873,2026-01-01 11:34:24+00:00,0,IOMT-019,S-IOMT-019-885,IMAGING,EP-IND-04873
BC-04874,2026-01-01 11:34:34+00:00,0,IOMT-048,S-IOMT-048-886,EHR_WRITE,EP-IND-04874
BC-04875,2026-01-01 11:34:48+00:00,0,IOMT-038,S-IOMT-038-887,IMAGING,EP-IND-04875
BC-04876,2026-01-01 11:34:51+00:00,0,IOMT-002,S-IOMT-002-888,IMAGING,EP-IND-04876
BC-04877,2026-01-01 11:35:04+00:00,0,IOMT-011,S-IOMT-011-889,EHR_READ,EP-IND-04877
BC-04878,2026-01-01 11:35:18+00:00,0,IOMT-035,S-IOMT-035-890,IMAGING,EP-IND-04878
BC-04879,2026-01-01 11:35:39+00:00,0,IOMT-024,S-IOMT-024-891,EHR_READ,EP-IND-04879
BC-04880,2026-01-01 11:35:39+00:00,0,IOMT-009,S-IOMT-009-892,IMAGING,EP-IND-04880
BC-04881,2026-01-01 11:36:06+00:00,0,IOMT-049,S-IOMT-049-893,IMAGING,EP-IND-04881
BC-04882,2026-01-01 11:36:12+00:00,0,IOMT-012,S-IOMT-012-894,RESEARCH,EP-IND-04882
BC-04883,2026-01-01 11:36:17+00:00,0,IOMT-002,S-IOMT-002-895,RESEARCH,EP-IND-04883
BC-04884,2026-01-01 11:36:19+00:00,0,IOMT-048,S-IOMT-048-896,LAB_RESULTS,EP-IND-04884
BC-04885,2026-01-01 11:36:28+00:00,0,IOMT-011,S-IOMT-011-897,LAB_RESULTS,EP-IND-04885
BC-04886,2026-01-01 11:36:32+00:00,0,IOMT-049,S-IOMT-049-898,RESEARCH,EP-IND-04886
BC-04887,2026-01-01 11:36:34+00:00,1,IOMT-009,S-IOMT-009-899,IMAGING,EP-IND-04887
BC-04888,2026-01-01 11:36:40+00:00,0,IOMT-020,S-IOMT-020-900,EHR_READ,EP-IND-04888
BC-04889,2026-01-01 11:36:41+00:00,0,IOMT-005,S-IOMT-005-901,IMAGING,EP-IND-04889
BC-04890,2026-01-01 11:36:42+00:00,0,IOMT-032,S-IOMT-032-902,IMAGING,EP-IND-04890
BC-04891,2026-01-01 11:36:54+00:00,0,IOMT-023,S-IOMT-023-903,RESEARCH,EP-IND-04891
BC-04892,2026-01-01 11:36:55+00:00,0,IOMT-038,S-IOMT-038-904,EHR_WRITE,EP-IND-04892
BC-04893,2026-01-01 11:37:06+00:00,0,IOMT-004,S-IOMT-004-905,EHR_WRITE,EP-IND-04893
BC-04894,2026-01-01 11:37:19+00:00,0,IOMT-006,S-IOMT-006-906,LAB_RESULTS,EP-IND-04894
BC-04895,2026-01-01 11:37:32+00:00,0,IOMT-009,S-IOMT-009-907,EHR_READ,EP-IND-04895
BC-04896,2026-01-01 11:37:39+00:00,0,IOMT-002,S-IOMT-002-908,RESEARCH,EP-IND-04896
BC-04897,2026-01-01 11:37:51+00:00,0,IOMT-006,S-IOMT-006-909,IMAGING,EP-IND-04897
BC-04898,2026-01-01 11:37:56+00:00,0,IOMT-044,S-IOMT-044-910,RESEARCH,EP-IND-04898
BC-04899,2026-01-01 11:38:11+00:00,0,IOMT-045,S-IOMT-045-911,EHR_WRITE,EP-IND-04899
BC-04900,2026-01-01 11:38:11+00:00,0,IOMT-023,S-IOMT-023-912,EHR_READ,EP-IND-04900
BC-04901,2026-01-01 11:38:23+00:00,0,IOMT-027,S-IOMT-027-913,RESEARCH,EP-IND-04901
BC-04902,2026-01-01 11:38:29+00:00,0,IOMT-042,S-IOMT-042-914,LAB_RESULTS,EP-IND-04902
BC-04903,2026-01-01 11:38:32+00:00,0,IOMT-040,S-IOMT-040-915,EHR_READ,EP-IND-04903
BC-04904,2026-01-01 11:38:33+00:00,0,IOMT-029,S-IOMT-029-916,RESEARCH,EP-IND-04904
BC-04905,2026-01-01 11:38:45+00:00,0,IOMT-017,S-IOMT-017-917,EHR_READ,EP-IND-04905
BC-04906,2026-01-01 11:38:59+00:00,0,IOMT-047,S-IOMT-047-918,EHR_WRITE,EP-IND-04906
BC-04907,2026-01-01 11:39:10+00:00,0,IOMT-041,S-IOMT-041-919,IMAGING,EP-IND-04907
BC-04908,2026-01-01 11:39:16+00:00,0,IOMT-038,S-IOMT-038-920,EHR_WRITE,EP-IND-04908
BC-04909,2026-01-01 11:39:19+00:00,0,IOMT-045,S-IOMT-045-921,EHR_WRITE,EP-IND-04909
BC-04910,2026-01-01 11:39:36+00:00,0,IOMT-042,S-IOMT-042-922,EHR_READ,EP-IND-04910
BC-04911,2026-01-01 11:39:37+00:00,1,IOMT-011,S-IOMT-011-923,RESEARCH,EP-IND-04911
BC-04912,2026-01-01 11:39:43+00:00,0,IOMT-037,S-IOMT-037-924,RESEARCH,EP-IND-04912
BC-04913,2026-01-01 11:40:10+00:00,0,IOMT-001,S-IOMT-001-925,IMAGING,EP-IND-04913
BC-04914,2026-01-01 11:40:48+00:00,0,IOMT-023,S-IOMT-023-926,EHR_WRITE,EP-IND-04914
BC-04915,2026-01-01 11:40:52+00:00,0,IOMT-007,S-IOMT-007-927,EHR_WRITE,EP-IND-04915
BC-04916,2026-01-01 11:41:11+00:00,0,IOMT-049,S-IOMT-049-928,EHR_WRITE,EP-IND-04916
BC-04917,2026-01-01 11:41:47+00:00,0,IOMT-046,S-IOMT-046-929,LAB_RESULTS,EP-IND-04917
BC-04918,2026-01-01 11:41:48+00:00,1,IOMT-018,S-IOMT-018-930,RESEARCH,EP-IND-04918
BC-04919,2026-01-01 11:41:51+00:00,0,IOMT-010,S-IOMT-010-931,EHR_WRITE,EP-IND-04919
BC-04920,2026-01-01 11:41:52+00:00,0,IOMT-031,S-IOMT-031-932,EHR_WRITE,EP-IND-04920
BC-04921,2026-01-01 11:42:00+00:00,0,IOMT-039,S-IOMT-039-933,EHR_WRITE,EP-IND-04921
BC-04922,2026-01-01 11:42:08+00:00,0,IOMT-033,S-IOMT-033-934,IMAGING,EP-IND-04922
BC-04923,2026-01-01 11:42:09+00:00,0,IOMT-007,S-IOMT-007-935,LAB_RESULTS,EP-IND-04923
BC-04924,2026-01-01 11:42:18+00:00,0,IOMT-038,S-IOMT-038-936,LAB_RESULTS,EP-IND-04924
BC-04925,2026-01-01 11:42:28+00:00,0,IOMT-042,S-IOMT-042-937,LAB_RESULTS,EP-IND-04925
BC-04926,2026-01-01 11:42:38+00:00,0,IOMT-011,S-IOMT-011-938,RESEARCH,EP-IND-04926
BC-04927,2026-01-01 11:42:42+00:00,0,IOMT-006,S-IOMT-006-939,IMAGING,EP-IND-04927
BC-04928,2026-01-01 11:42:47+00:00,0,IOMT-044,S-IOMT-044-940,IMAGING,EP-IND-04928
BC-04929,2026-01-01 11:42:50+00:00,0,IOMT-006,S-IOMT-006-941,EHR_READ,EP-IND-04929
BC-04930,2026-01-01 11:42:52+00:00,0,IOMT-000,S-IOMT-000-942,IMAGING,EP-IND-04930
BC-04931,2026-01-01 11:42:56+00:00,0,IOMT-006,S-IOMT-006-943,EHR_WRITE,EP-IND-04931
BC-04932,2026-01-01 11:42:56+00:00,0,IOMT-026,S-IOMT-026-944,EHR_WRITE,EP-IND-04932
BC-04933,2026-01-01 11:43:16+00:00,0,IOMT-040,S-IOMT-040-945,IMAGING,EP-IND-04933
BC-04934,2026-01-01 11:43:26+00:00,0,IOMT-044,S-IOMT-044-946,LAB_RESULTS,EP-IND-04934
BC-04935,2026-01-01 11:43:30+00:00,0,IOMT-009,S-IOMT-009-947,IMAGING,EP-IND-04935
BC-04936,2026-01-01 11:43:41+00:00,0,IOMT-034,S-IOMT-034-948,IMAGING,EP-IND-04936
BC-04937,2026-01-01 11:43:57+00:00,0,IOMT-015,S-IOMT-015-949,RESEARCH,EP-IND-04937
BC-04938,2026-01-01 11:43:58+00:00,0,IOMT-031,S-IOMT-031-950,IMAGING,EP-IND-04938
BC-04939,2026-01-01 11:43:59+00:00,0,IOMT-043,S-IOMT-043-951,LAB_RESULTS,EP-IND-04939
BC-04940,2026-01-01 11:44:00+00:00,0,IOMT-035,S-IOMT-035-952,IMAGING,EP-IND-04940
BC-04941,2026-01-01 11:44:11+00:00,0,IOMT-046,S-IOMT-046-953,RESEARCH,EP-IND-04941
BC-04942,2026-01-01 11:44:15+00:00,0,IOMT-005,S-IOMT-005-954,LAB_RESULTS,EP-IND-04942
BC-04943,2026-01-01 11:44:17+00:00,0,IOMT-037,S-IOMT-037-955,RESEARCH,EP-IND-04943
BC-04944,2026-01-01 11:45:03+00:00,0,IOMT-024,S-IOMT-024-956,EHR_WRITE,EP-IND-04944
BC-04945,2026-01-01 11:45:10+00:00,0,IOMT-042,S-IOMT-042-957,EHR_READ,EP-IND-04945
BC-04946,2026-01-01 11:45:29+00:00,0,IOMT-031,S-IOMT-031-958,EHR_READ,EP-IND-04946
BC-04947,2026-01-01 11:45:35+00:00,0,IOMT-032,S-IOMT-032-959,EHR_WRITE,EP-IND-04947
BC-04948,2026-01-01 11:45:35+00:00,0,IOMT-001,S-IOMT-001-960,EHR_WRITE,EP-IND-04948
BC-04949,2026-01-01 11:45:39+00:00,0,IOMT-016,S-IOMT-016-961,EHR_WRITE,EP-IND-04949
BC-04950,2026-01-01 11:45:55+00:00,0,IOMT-018,S-IOMT-018-962,EHR_WRITE,EP-IND-04950
BC-04951,2026-01-01 11:45:57+00:00,0,IOMT-022,S-IOMT-022-963,RESEARCH,EP-IND-04951
BC-04952,2026-01-01 11:46:00+00:00,0,IOMT-029,S-IOMT-029-964,IMAGING,EP-IND-04952
BC-04953,2026-01-01 11:46:06+00:00,0,IOMT-034,S-IOMT-034-965,EHR_READ,EP-IND-04953
BC-04954,2026-01-01 11:46:11+00:00,0,IOMT-037,S-IOMT-037-966,IMAGING,EP-IND-04954
BC-04955,2026-01-01 11:46:19+00:00,0,IOMT-001,S-IOMT-001-967,EHR_READ,EP-IND-04955
BC-04956,2026-01-01 11:46:34+00:00,0,IOMT-028,S-IOMT-028-968,RESEARCH,EP-IND-04956
BC-04957,2026-01-01 11:46:46+00:00,0,IOMT-030,S-IOMT-030-969,EHR_READ,EP-IND-04957
BC-04958,2026-01-01 11:46:49+00:00,0,IOMT-047,S-IOMT-047-970,IMAGING,EP-IND-04958
BC-04959,2026-01-01 11:47:21+00:00,0,IOMT-037,S-IOMT-037-971,RESEARCH,EP-IND-04959
BC-04960,2026-01-01 11:47:22+00:00,0,IOMT-037,S-IOMT-037-972,RESEARCH,EP-IND-04960
BC-04961,2026-01-01 11:47:23+00:00,0,IOMT-041,S-IOMT-041-973,IMAGING,EP-IND-04961
BC-04962,2026-01-01 11:47:28+00:00,0,IOMT-018,S-IOMT-018-974,RESEARCH,EP-IND-04962
BC-04963,2026-01-01 11:47:33+00:00,0,IOMT-041,S-IOMT-041-975,IMAGING,EP-IND-04963
BC-04964,2026-01-01 11:47:59+00:00,0,IOMT-018,S-IOMT-018-976,IMAGING,EP-IND-04964
BC-04965,2026-01-01 11:48:41+00:00,0,IOMT-043,S-IOMT-043-977,IMAGING,EP-IND-04965
BC-04966,2026-01-01 11:48:43+00:00,0,IOMT-006,S-IOMT-006-978,LAB_RESULTS,EP-IND-04966
BC-04967,2026-01-01 11:48:46+00:00,0,IOMT-015,S-IOMT-015-979,RESEARCH,EP-IND-04967
BC-04968,2026-01-01 11:48:49+00:00,0,IOMT-046,S-IOMT-046-980,LAB_RESULTS,EP-IND-04968
BC-04969,2026-01-01 11:49:17+00:00,0,IOMT-013,S-IOMT-013-981,EHR_READ,EP-IND-04969
BC-04970,2026-01-01 11:49:26+00:00,0,IOMT-014,S-IOMT-014-982,RESEARCH,EP-IND-04970
BC-04971,2026-01-01 11:49:39+00:00,0,IOMT-007,S-IOMT-007-983,LAB_RESULTS,EP-IND-04971
BC-04972,2026-01-01 11:49:40+00:00,0,IOMT-015,S-IOMT-015-984,RESEARCH,EP-IND-04972
BC-04973,2026-01-01 11:50:04+00:00,0,IOMT-035,S-IOMT-035-985,EHR_WRITE,EP-IND-04973
BC-04974,2026-01-01 11:50:05+00:00,0,IOMT-018,S-IOMT-018-986,RESEARCH,EP-IND-04974
BC-04975,2026-01-01 11:50:18+00:00,0,IOMT-015,S-IOMT-015-987,EHR_READ,EP-IND-04975
BC-04976,2026-01-01 11:50:37+00:00,0,IOMT-041,S-IOMT-041-988,IMAGING,EP-IND-04976
BC-04977,2026-01-01 11:50:38+00:00,0,IOMT-010,S-IOMT-010-989,EHR_WRITE,EP-IND-04977
BC-04978,2026-01-01 11:50:43+00:00,0,IOMT-009,S-IOMT-009-990,EHR_READ,EP-IND-04978
BC-04979,2026-01-01 11:50:50+00:00,0,IOMT-004,S-IOMT-004-991,LAB_RESULTS,EP-IND-04979
BC-04980,2026-01-01 11:50:55+00:00,0,IOMT-031,S-IOMT-031-992,LAB_RESULTS,EP-IND-04980
BC-04981,2026-01-01 11:51:11+00:00,0,IOMT-009,S-IOMT-009-993,EHR_WRITE,EP-IND-04981
BC-04982,2026-01-01 11:51:15+00:00,0,IOMT-037,S-IOMT-037-994,EHR_WRITE,EP-IND-04982
BC-04983,2026-01-01 11:51:41+00:00,0,IOMT-044,S-IOMT-044-995,LAB_RESULTS,EP-IND-04983
BC-04984,2026-01-01 11:51:55+00:00,0,IOMT-041,S-IOMT-041-996,RESEARCH,EP-IND-04984
BC-04985,2026-01-01 11:52:04+00:00,0,IOMT-004,S-IOMT-004-0,EHR_READ,EP-IND-04985
BC-04986,2026-01-01 11:52:06+00:00,0,IOMT-036,S-IOMT-036-1,EHR_READ,EP-IND-04986
BC-04987,2026-01-01 11:52:07+00:00,0,IOMT-028,S-IOMT-028-2,LAB_RESULTS,EP-IND-04987
BC-04988,2026-01-01 11:52:10+00:00,0,IOMT-043,S-IOMT-043-3,EHR_WRITE,EP-IND-04988
BC-04989,2026-01-01 11:52:30+00:00,0,IOMT-014,S-IOMT-014-4,IMAGING,EP-IND-04989
BC-04990,2026-01-01 11:52:30+00:00,0,IOMT-017,S-IOMT-017-5,EHR_READ,EP-IND-04990
BC-04991,2026-01-01 11:52:58+00:00,0,IOMT-028,S-IOMT-028-6,EHR_WRITE,EP-IND-04991
BC-04992,2026-01-01 11:53:10+00:00,0,IOMT-027,S-IOMT-027-7,EHR_WRITE,EP-IND-04992
BC-04993,2026-01-01 11:53:19+00:00,0,IOMT-049,S-IOMT-049-8,LAB_RESULTS,EP-IND-04993
BC-04994,2026-01-01 11:53:25+00:00,0,IOMT-019,S-IOMT-019-9,IMAGING,EP-IND-04994
BC-04995,2026-01-01 11:54:02+00:00,0,IOMT-023,S-IOMT-023-10,EHR_WRITE,EP-IND-04995
BC-04996,2026-01-01 11:54:13+00:00,0,IOMT-004,S-IOMT-004-11,IMAGING,EP-IND-04996
BC-04997,2026-01-01 11:54:14+00:00,0,IOMT-024,S-IOMT-024-12,RESEARCH,EP-IND-04997
BC-04998,2026-01-01 11:54:33+00:00,0,IOMT-021,S-IOMT-021-13,RESEARCH,EP-IND-04998
BC-04999,2026-01-01 11:54:51+00:00,0,IOMT-026,S-IOMT-026-14,EHR_READ,EP-IND-04999
BC-05000,2026-01-01 11:55:03+00:00,0,IOMT-016,S-IOMT-016-15,EHR_READ,EP-IND-05000
BC-05001,2026-01-01 11:55:17+00:00,0,IOMT-013,S-IOMT-013-16,RESEARCH,EP-IND-05001
BC-05002,2026-01-01 11:55:18+00:00,0,IOMT-021,S-IOMT-021-17,IMAGING,EP-IND-05002
BC-05003,2026-01-01 11:55:21+00:00,0,IOMT-018,S-IOMT-018-18,LAB_RESULTS,EP-IND-05003
BC-05004,2026-01-01 11:55:28+00:00,0,IOMT-007,S-IOMT-007-19,EHR_WRITE,EP-IND-05004
BC-05005,2026-01-01 11:55:37+00:00,0,IOMT-012,S-IOMT-012-20,IMAGING,EP-IND-05005
BC-05006,2026-01-01 11:55:40+00:00,0,IOMT-034,S-IOMT-034-21,RESEARCH,EP-IND-05006
BC-05007,2026-01-01 11:55:45+00:00,0,IOMT-018,S-IOMT-018-22,RESEARCH,EP-IND-05007
BC-05008,2026-01-01 11:55:49+00:00,0,IOMT-014,S-IOMT-014-23,EHR_WRITE,EP-IND-05008
BC-05009,2026-01-01 11:55:54+00:00,0,IOMT-028,S-IOMT-028-24,IMAGING,EP-IND-05009
BC-05010,2026-01-01 11:56:01+00:00,0,IOMT-048,S-IOMT-048-25,RESEARCH,EP-IND-05010
BC-05011,2026-01-01 11:56:08+00:00,0,IOMT-006,S-IOMT-006-26,LAB_RESULTS,EP-IND-05011
BC-05012,2026-01-01 11:56:18+00:00,0,IOMT-015,S-IOMT-015-27,EHR_READ,EP-IND-05012
BC-05013,2026-01-01 11:56:21+00:00,0,IOMT-007,S-IOMT-007-28,RESEARCH,EP-IND-05013
BC-05014,2026-01-01 11:56:22+00:00,0,IOMT-011,S-IOMT-011-29,RESEARCH,EP-IND-05014
BC-05015,2026-01-01 11:56:39+00:00,0,IOMT-030,S-IOMT-030-30,EHR_WRITE,EP-IND-05015
BC-05016,2026-01-01 11:56:42+00:00,0,IOMT-029,S-IOMT-029-31,EHR_READ,EP-IND-05016
BC-05017,2026-01-01 11:56:46+00:00,0,IOMT-045,S-IOMT-045-32,EHR_WRITE,EP-IND-05017
BC-05018,2026-01-01 11:57:10+00:00,0,IOMT-032,S-IOMT-032-33,RESEARCH,EP-IND-05018
BC-05019,2026-01-01 11:57:12+00:00,0,IOMT-029,S-IOMT-029-34,LAB_RESULTS,EP-IND-05019
BC-05020,2026-01-01 11:57:16+00:00,0,IOMT-028,S-IOMT-028-35,IMAGING,EP-IND-05020
BC-05021,2026-01-01 11:57:19+00:00,0,IOMT-007,S-IOMT-007-36,RESEARCH,EP-IND-05021
BC-05022,2026-01-01 11:57:24+00:00,0,IOMT-009,S-IOMT-009-37,LAB_RESULTS,EP-IND-05022
BC-05023,2026-01-01 11:57:31+00:00,0,IOMT-001,S-IOMT-001-38,EHR_WRITE,EP-IND-05023
BC-05024,2026-01-01 11:57:34+00:00,0,IOMT-008,S-IOMT-008-39,RESEARCH,EP-IND-05024
BC-05025,2026-01-01 11:57:37+00:00,0,IOMT-005,S-IOMT-005-40,IMAGING,EP-IND-05025
BC-05026,2026-01-01 11:57:49+00:00,0,IOMT-016,S-IOMT-016-41,LAB_RESULTS,EP-IND-05026
BC-05027,2026-01-01 11:57:51+00:00,0,IOMT-011,S-IOMT-011-42,EHR_WRITE,EP-IND-05027
BC-05028,2026-01-01 11:57:59+00:00,0,IOMT-029,S-IOMT-029-43,EHR_WRITE,EP-IND-05028
BC-05029,2026-01-01 11:58:00+00:00,0,IOMT-008,S-IOMT-008-44,EHR_READ,EP-IND-05029
BC-05030,2026-01-01 11:58:18+00:00,0,IOMT-025,S-IOMT-025-45,IMAGING,EP-IND-05030
BC-05031,2026-01-01 11:58:31+00:00,0,IOMT-006,S-IOMT-006-46,LAB_RESULTS,EP-IND-05031
BC-05032,2026-01-01 11:58:50+00:00,0,IOMT-044,S-IOMT-044-47,EHR_WRITE,EP-IND-05032
BC-05033,2026-01-01 11:58:57+00:00,0,IOMT-048,S-IOMT-048-48,RESEARCH,EP-IND-05033
BC-05034,2026-01-01 11:59:21+00:00,0,IOMT-042,S-IOMT-042-49,LAB_RESULTS,EP-IND-05034
BC-05035,2026-01-01 11:59:34+00:00,0,IOMT-014,S-IOMT-014-50,EHR_WRITE,EP-IND-05035
BC-05036,2026-01-01 11:59:42+00:00,0,IOMT-006,S-IOMT-006-51,IMAGING,EP-IND-05036
BC-05037,2026-01-01 11:59:54+00:00,0,IOMT-029,S-IOMT-029-52,RESEARCH,EP-IND-05037
BC-05038,2026-01-01 12:00:02+00:00,0,IOMT-013,S-IOMT-013-53,RESEARCH,EP-IND-05038
BC-05039,2026-01-01 12:00:17+00:00,0,IOMT-043,S-IOMT-043-54,RESEARCH,EP-IND-05039
BC-05040,2026-01-01 12:00:23+00:00,0,IOMT-001,S-IOMT-001-55,EHR_READ,EP-IND-05040
BC-05041,2026-01-01 12:00:24+00:00,0,IOMT-033,S-IOMT-033-56,IMAGING,EP-IND-05041
BC-05042,2026-01-01 12:00:30+00:00,0,IOMT-044,S-IOMT-044-57,LAB_RESULTS,EP-IND-05042
BC-05043,2026-01-01 12:00:36+00:00,0,IOMT-026,S-IOMT-026-58,EHR_READ,EP-IND-05043
BC-05044,2026-01-01 12:00:38+00:00,0,IOMT-003,S-IOMT-003-59,EHR_READ,EP-IND-05044
BC-05045,2026-01-01 12:00:40+00:00,0,IOMT-028,S-IOMT-028-60,EHR_WRITE,EP-IND-05045
BC-05046,2026-01-01 12:00:44+00:00,0,IOMT-030,S-IOMT-030-61,LAB_RESULTS,EP-IND-05046
BC-05047,2026-01-01 12:00:47+00:00,0,IOMT-048,S-IOMT-048-62,IMAGING,EP-IND-05047
BC-05048,2026-01-01 12:00:50+00:00,0,IOMT-004,S-IOMT-004-63,EHR_READ,EP-IND-05048
BC-05049,2026-01-01 12:01:16+00:00,0,IOMT-012,S-IOMT-012-64,EHR_WRITE,EP-IND-05049
BC-05050,2026-01-01 12:01:18+00:00,0,IOMT-019,S-IOMT-019-65,IMAGING,EP-IND-05050
BC-05051,2026-01-01 12:01:38+00:00,0,IOMT-046,S-IOMT-046-66,IMAGING,EP-IND-05051
BC-05052,2026-01-01 12:01:46+00:00,0,IOMT-032,S-IOMT-032-67,LAB_RESULTS,EP-IND-05052
BC-05053,2026-01-01 12:01:54+00:00,0,IOMT-025,S-IOMT-025-68,IMAGING,EP-IND-05053
BC-05054,2026-01-01 12:02:05+00:00,0,IOMT-030,S-IOMT-030-69,LAB_RESULTS,EP-IND-05054
BC-05055,2026-01-01 12:02:05+00:00,0,IOMT-038,S-IOMT-038-70,RESEARCH,EP-IND-05055
BC-05056,2026-01-01 12:02:16+00:00,0,IOMT-028,S-IOMT-028-71,LAB_RESULTS,EP-IND-05056
BC-05057,2026-01-01 12:02:21+00:00,0,IOMT-016,S-IOMT-016-72,LAB_RESULTS,EP-IND-05057
BC-05058,2026-01-01 12:02:23+00:00,0,IOMT-003,S-IOMT-003-73,EHR_READ,EP-IND-05058
BC-05059,2026-01-01 12:02:25+00:00,0,IOMT-026,S-IOMT-026-74,EHR_READ,EP-IND-05059
BC-05060,2026-01-01 12:02:37+00:00,0,IOMT-042,S-IOMT-042-75,EHR_WRITE,EP-IND-05060
BC-05061,2026-01-01 12:02:44+00:00,0,IOMT-029,S-IOMT-029-76,EHR_READ,EP-IND-05061
BC-05062,2026-01-01 12:02:47+00:00,0,IOMT-019,S-IOMT-019-77,LAB_RESULTS,EP-IND-05062
BC-05063,2026-01-01 12:02:59+00:00,0,IOMT-026,S-IOMT-026-78,RESEARCH,EP-IND-05063
BC-05064,2026-01-01 12:03:20+00:00,0,IOMT-010,S-IOMT-010-79,RESEARCH,EP-IND-05064
BC-05065,2026-01-01 12:03:22+00:00,0,IOMT-031,S-IOMT-031-80,IMAGING,EP-IND-05065
BC-05066,2026-01-01 12:03:23+00:00,0,IOMT-025,S-IOMT-025-81,IMAGING,EP-IND-05066
BC-05067,2026-01-01 12:03:27+00:00,0,IOMT-023,S-IOMT-023-82,IMAGING,EP-IND-05067
BC-05068,2026-01-01 12:03:29+00:00,0,IOMT-047,S-IOMT-047-83,RESEARCH,EP-IND-05068
BC-05069,2026-01-01 12:03:39+00:00,0,IOMT-024,S-IOMT-024-84,IMAGING,EP-IND-05069
BC-05070,2026-01-01 12:04:34+00:00,0,IOMT-009,S-IOMT-009-85,IMAGING,EP-IND-05070
BC-05071,2026-01-01 12:04:41+00:00,0,IOMT-014,S-IOMT-014-86,LAB_RESULTS,EP-IND-05071
BC-05072,2026-01-01 12:04:58+00:00,0,IOMT-039,S-IOMT-039-87,IMAGING,EP-IND-05072
BC-05073,2026-01-01 12:05:00+00:00,0,IOMT-010,S-IOMT-010-88,RESEARCH,EP-IND-05073
BC-05074,2026-01-01 12:05:06+00:00,0,IOMT-032,S-IOMT-032-89,RESEARCH,EP-IND-05074
BC-05075,2026-01-01 12:05:07+00:00,0,IOMT-048,S-IOMT-048-90,EHR_WRITE,EP-IND-05075
BC-05076,2026-01-01 12:05:47+00:00,0,IOMT-018,S-IOMT-018-91,RESEARCH,EP-IND-05076
BC-05077,2026-01-01 12:05:50+00:00,0,IOMT-039,S-IOMT-039-92,EHR_READ,EP-IND-05077
BC-05078,2026-01-01 12:05:54+00:00,0,IOMT-024,S-IOMT-024-93,RESEARCH,EP-IND-05078
BC-05079,2026-01-01 12:06:00+00:00,0,IOMT-048,S-IOMT-048-94,EHR_READ,EP-IND-05079
BC-05080,2026-01-01 12:06:03+00:00,0,IOMT-017,S-IOMT-017-95,EHR_READ,EP-IND-05080
BC-05081,2026-01-01 12:06:18+00:00,0,IOMT-035,S-IOMT-035-96,EHR_WRITE,EP-IND-05081
BC-05082,2026-01-01 12:06:19+00:00,0,IOMT-023,S-IOMT-023-97,LAB_RESULTS,EP-IND-05082
BC-05083,2026-01-01 12:06:46+00:00,0,IOMT-007,S-IOMT-007-98,IMAGING,EP-IND-05083
BC-05084,2026-01-01 12:06:52+00:00,0,IOMT-036,S-IOMT-036-99,LAB_RESULTS,EP-IND-05084
BC-05085,2026-01-01 12:06:55+00:00,0,IOMT-045,S-IOMT-045-100,LAB_RESULTS,EP-IND-05085
BC-05086,2026-01-01 12:06:55+00:00,0,IOMT-016,S-IOMT-016-101,IMAGING,EP-IND-05086
BC-05087,2026-01-01 12:06:59+00:00,0,IOMT-047,S-IOMT-047-102,IMAGING,EP-IND-05087
BC-05088,2026-01-01 12:07:09+00:00,0,IOMT-039,S-IOMT-039-103,EHR_READ,EP-IND-05088
BC-05089,2026-01-01 12:07:13+00:00,0,IOMT-028,S-IOMT-028-104,LAB_RESULTS,EP-IND-05089
BC-05090,2026-01-01 12:07:18+00:00,0,IOMT-002,S-IOMT-002-105,RESEARCH,EP-IND-05090
BC-05091,2026-01-01 12:07:36+00:00,0,IOMT-049,S-IOMT-049-106,EHR_WRITE,EP-IND-05091
BC-05092,2026-01-01 12:07:44+00:00,0,IOMT-027,S-IOMT-027-107,RESEARCH,EP-IND-05092
BC-05093,2026-01-01 12:07:45+00:00,0,IOMT-032,S-IOMT-032-108,IMAGING,EP-IND-05093
BC-05094,2026-01-01 12:07:47+00:00,0,IOMT-012,S-IOMT-012-109,RESEARCH,EP-IND-05094
BC-05095,2026-01-01 12:07:56+00:00,0,IOMT-023,S-IOMT-023-110,EHR_READ,EP-IND-05095
BC-05096,2026-01-01 12:08:07+00:00,0,IOMT-039,S-IOMT-039-111,EHR_WRITE,EP-IND-05096
BC-05097,2026-01-01 12:08:07+00:00,0,IOMT-028,S-IOMT-028-112,IMAGING,EP-IND-05097
BC-05098,2026-01-01 12:08:23+00:00,0,IOMT-001,S-IOMT-001-113,IMAGING,EP-IND-05098
BC-05099,2026-01-01 12:08:27+00:00,0,IOMT-021,S-IOMT-021-114,EHR_READ,EP-IND-05099
BC-05100,2026-01-01 12:08:32+00:00,0,IOMT-005,S-IOMT-005-115,IMAGING,EP-IND-05100
BC-05101,2026-01-01 12:08:55+00:00,0,IOMT-039,S-IOMT-039-116,LAB_RESULTS,EP-IND-05101
BC-05102,2026-01-01 12:08:57+00:00,0,IOMT-038,S-IOMT-038-117,EHR_READ,EP-IND-05102
BC-05103,2026-01-01 12:09:24+00:00,0,IOMT-020,S-IOMT-020-118,IMAGING,EP-IND-05103
BC-05104,2026-01-01 12:09:41+00:00,0,IOMT-006,S-IOMT-006-119,EHR_WRITE,EP-IND-05104
BC-05105,2026-01-01 12:10:11+00:00,1,IOMT-038,S-IOMT-038-120,EHR_WRITE,EP-IND-05105
BC-05106,2026-01-01 12:10:14+00:00,0,IOMT-024,S-IOMT-024-121,EHR_WRITE,EP-IND-05106
BC-05107,2026-01-01 12:10:15+00:00,0,IOMT-024,S-IOMT-024-122,IMAGING,EP-IND-05107
BC-05108,2026-01-01 12:10:16+00:00,0,IOMT-045,S-IOMT-045-123,EHR_READ,EP-IND-05108
BC-05109,2026-01-01 12:10:17+00:00,0,IOMT-030,S-IOMT-030-124,EHR_READ,EP-IND-05109
BC-05110,2026-01-01 12:10:22+00:00,0,IOMT-015,S-IOMT-015-125,LAB_RESULTS,EP-IND-05110
BC-05111,2026-01-01 12:10:32+00:00,0,IOMT-040,S-IOMT-040-126,EHR_WRITE,EP-IND-05111
BC-05112,2026-01-01 12:10:44+00:00,0,IOMT-035,S-IOMT-035-127,EHR_READ,EP-IND-05112
BC-05113,2026-01-01 12:10:46+00:00,0,IOMT-033,S-IOMT-033-128,EHR_READ,EP-IND-05113
BC-05114,2026-01-01 12:10:59+00:00,0,IOMT-006,S-IOMT-006-129,LAB_RESULTS,EP-IND-05114
BC-05115,2026-01-01 12:11:02+00:00,0,IOMT-005,S-IOMT-005-130,IMAGING,EP-IND-05115
BC-05116,2026-01-01 12:11:14+00:00,0,IOMT-017,S-IOMT-017-131,IMAGING,EP-IND-05116
BC-05117,2026-01-01 12:11:22+00:00,0,IOMT-008,S-IOMT-008-132,EHR_WRITE,EP-IND-05117
BC-05118,2026-01-01 12:11:44+00:00,0,IOMT-008,S-IOMT-008-133,EHR_READ,EP-IND-05118
BC-05119,2026-01-01 12:11:52+00:00,0,IOMT-028,S-IOMT-028-134,IMAGING,EP-IND-05119
BC-05120,2026-01-01 12:12:38+00:00,0,IOMT-034,S-IOMT-034-135,LAB_RESULTS,EP-IND-05120
BC-05121,2026-01-01 12:12:38+00:00,0,IOMT-033,S-IOMT-033-136,EHR_WRITE,EP-IND-05121
BC-05122,2026-01-01 12:13:04+00:00,0,IOMT-000,S-IOMT-000-137,EHR_WRITE,EP-IND-05122
BC-05123,2026-01-01 12:13:10+00:00,0,IOMT-035,S-IOMT-035-138,IMAGING,EP-IND-05123
BC-05124,2026-01-01 12:13:23+00:00,0,IOMT-024,S-IOMT-024-139,RESEARCH,EP-IND-05124
BC-05125,2026-01-01 12:13:24+00:00,0,IOMT-042,S-IOMT-042-140,EHR_READ,EP-IND-05125
BC-05126,2026-01-01 12:13:36+00:00,1,IOMT-044,S-IOMT-044-141,RESEARCH,EP-IND-05126
BC-05127,2026-01-01 12:13:41+00:00,0,IOMT-009,S-IOMT-009-142,LAB_RESULTS,EP-IND-05127
BC-05128,2026-01-01 12:13:48+00:00,0,IOMT-029,S-IOMT-029-143,EHR_READ,EP-IND-05128
BC-05129,2026-01-01 12:13:55+00:00,0,IOMT-047,S-IOMT-047-144,RESEARCH,EP-IND-05129
BC-05130,2026-01-01 12:13:59+00:00,0,IOMT-034,S-IOMT-034-145,LAB_RESULTS,EP-IND-05130
BC-05131,2026-01-01 12:14:12+00:00,0,IOMT-041,S-IOMT-041-146,RESEARCH,EP-IND-05131
BC-05132,2026-01-01 12:14:20+00:00,0,IOMT-037,S-IOMT-037-147,EHR_READ,EP-IND-05132
BC-05133,2026-01-01 12:14:32+00:00,0,IOMT-003,S-IOMT-003-148,IMAGING,EP-IND-05133
BC-05134,2026-01-01 12:14:35+00:00,0,IOMT-032,S-IOMT-032-149,IMAGING,EP-IND-05134
BC-05135,2026-01-01 12:14:38+00:00,0,IOMT-014,S-IOMT-014-150,EHR_READ,EP-IND-05135
BC-05136,2026-01-01 12:14:38+00:00,0,IOMT-019,S-IOMT-019-151,RESEARCH,EP-IND-05136
BC-05137,2026-01-01 12:14:52+00:00,0,IOMT-036,S-IOMT-036-152,IMAGING,EP-IND-05137
BC-05138,2026-01-01 12:14:56+00:00,0,IOMT-009,S-IOMT-009-153,LAB_RESULTS,EP-IND-05138
BC-05139,2026-01-01 12:14:57+00:00,0,IOMT-047,S-IOMT-047-154,RESEARCH,EP-IND-05139
BC-05140,2026-01-01 12:15:05+00:00,0,IOMT-032,S-IOMT-032-155,RESEARCH,EP-IND-05140
BC-05141,2026-01-01 12:15:09+00:00,0,IOMT-041,S-IOMT-041-156,RESEARCH,EP-IND-05141
BC-05142,2026-01-01 12:15:10+00:00,0,IOMT-043,S-IOMT-043-157,LAB_RESULTS,EP-IND-05142
BC-05143,2026-01-01 12:15:12+00:00,0,IOMT-048,S-IOMT-048-158,LAB_RESULTS,EP-IND-05143
BC-05144,2026-01-01 12:15:16+00:00,0,IOMT-013,S-IOMT-013-159,EHR_READ,EP-IND-05144
BC-05145,2026-01-01 12:15:24+00:00,0,IOMT-016,S-IOMT-016-160,RESEARCH,EP-IND-05145
BC-05146,2026-01-01 12:15:27+00:00,0,IOMT-041,S-IOMT-041-161,EHR_WRITE,EP-IND-05146
BC-05147,2026-01-01 12:16:02+00:00,0,IOMT-041,S-IOMT-041-162,EHR_READ,EP-IND-05147
BC-05148,2026-01-01 12:16:07+00:00,0,IOMT-014,S-IOMT-014-163,IMAGING,EP-IND-05148
BC-05149,2026-01-01 12:16:43+00:00,0,IOMT-024,S-IOMT-024-164,EHR_WRITE,EP-IND-05149
BC-05150,2026-01-01 12:16:54+00:00,0,IOMT-036,S-IOMT-036-165,IMAGING,EP-IND-05150
BC-05151,2026-01-01 12:16:57+00:00,0,IOMT-009,S-IOMT-009-166,EHR_WRITE,EP-IND-05151
BC-05152,2026-01-01 12:17:06+00:00,0,IOMT-008,S-IOMT-008-167,LAB_RESULTS,EP-IND-05152
BC-05153,2026-01-01 12:17:08+00:00,0,IOMT-010,S-IOMT-010-168,IMAGING,EP-IND-05153
BC-05154,2026-01-01 12:17:14+00:00,0,IOMT-038,S-IOMT-038-169,IMAGING,EP-IND-05154
BC-05155,2026-01-01 12:17:15+00:00,0,IOMT-031,S-IOMT-031-170,LAB_RESULTS,EP-IND-05155
BC-05156,2026-01-01 12:17:19+00:00,0,IOMT-036,S-IOMT-036-171,RESEARCH,EP-IND-05156
BC-05157,2026-01-01 12:17:28+00:00,0,IOMT-007,S-IOMT-007-172,IMAGING,EP-IND-05157
BC-05158,2026-01-01 12:17:33+00:00,0,IOMT-011,S-IOMT-011-173,IMAGING,EP-IND-05158
BC-05159,2026-01-01 12:17:38+00:00,1,IOMT-026,S-IOMT-026-174,RESEARCH,EP-IND-05159
BC-05160,2026-01-01 12:17:39+00:00,0,IOMT-029,S-IOMT-029-175,RESEARCH,EP-IND-05160
BC-05161,2026-01-01 12:17:40+00:00,0,IOMT-040,S-IOMT-040-176,IMAGING,EP-IND-05161
BC-05162,2026-01-01 12:17:46+00:00,0,IOMT-012,S-IOMT-012-177,IMAGING,EP-IND-05162
BC-05163,2026-01-01 12:17:49+00:00,0,IOMT-012,S-IOMT-012-178,EHR_WRITE,EP-IND-05163
BC-05164,2026-01-01 12:17:51+00:00,0,IOMT-039,S-IOMT-039-179,IMAGING,EP-IND-05164
BC-05165,2026-01-01 12:18:06+00:00,0,IOMT-013,S-IOMT-013-180,LAB_RESULTS,EP-IND-05165
BC-05166,2026-01-01 12:18:08+00:00,0,IOMT-032,S-IOMT-032-181,IMAGING,EP-IND-05166
BC-05167,2026-01-01 12:18:11+00:00,0,IOMT-032,S-IOMT-032-182,LAB_RESULTS,EP-IND-05167
BC-05168,2026-01-01 12:18:28+00:00,0,IOMT-038,S-IOMT-038-183,LAB_RESULTS,EP-IND-05168
BC-05169,2026-01-01 12:18:30+00:00,0,IOMT-025,S-IOMT-025-184,LAB_RESULTS,EP-IND-05169
BC-05170,2026-01-01 12:18:33+00:00,0,IOMT-028,S-IOMT-028-185,LAB_RESULTS,EP-IND-05170
BC-05171,2026-01-01 12:18:36+00:00,0,IOMT-008,S-IOMT-008-186,EHR_READ,EP-IND-05171
BC-05172,2026-01-01 12:19:04+00:00,0,IOMT-044,S-IOMT-044-187,LAB_RESULTS,EP-IND-05172
BC-05173,2026-01-01 12:19:09+00:00,0,IOMT-003,S-IOMT-003-188,EHR_WRITE,EP-IND-05173
BC-05174,2026-01-01 12:19:11+00:00,1,IOMT-030,S-IOMT-030-189,RESEARCH,EP-IND-05174
BC-05175,2026-01-01 12:19:19+00:00,0,IOMT-013,S-IOMT-013-190,EHR_WRITE,EP-IND-05175
BC-05176,2026-01-01 12:19:32+00:00,0,IOMT-019,S-IOMT-019-191,RESEARCH,EP-IND-05176
BC-05177,2026-01-01 12:19:40+00:00,0,IOMT-047,S-IOMT-047-192,EHR_READ,EP-IND-05177
BC-05178,2026-01-01 12:19:41+00:00,0,IOMT-036,S-IOMT-036-193,LAB_RESULTS,EP-IND-05178
BC-05179,2026-01-01 12:19:42+00:00,0,IOMT-039,S-IOMT-039-194,RESEARCH,EP-IND-05179
BC-05180,2026-01-01 12:19:47+00:00,0,IOMT-038,S-IOMT-038-195,EHR_WRITE,EP-IND-05180
BC-05181,2026-01-01 12:19:49+00:00,1,IOMT-028,S-IOMT-028-196,EHR_READ,EP-IND-05181
BC-05182,2026-01-01 12:19:59+00:00,0,IOMT-006,S-IOMT-006-197,EHR_WRITE,EP-IND-05182
BC-05183,2026-01-01 12:20:05+00:00,0,IOMT-010,S-IOMT-010-198,RESEARCH,EP-IND-05183
BC-05184,2026-01-01 12:20:08+00:00,0,IOMT-019,S-IOMT-019-199,EHR_READ,EP-IND-05184
BC-05185,2026-01-01 12:20:19+00:00,0,IOMT-009,S-IOMT-009-200,IMAGING,EP-IND-05185
BC-05186,2026-01-01 12:20:22+00:00,0,IOMT-016,S-IOMT-016-201,EHR_WRITE,EP-IND-05186
BC-05187,2026-01-01 12:20:31+00:00,0,IOMT-030,S-IOMT-030-202,RESEARCH,EP-IND-05187
BC-05188,2026-01-01 12:20:37+00:00,0,IOMT-031,S-IOMT-031-203,LAB_RESULTS,EP-IND-05188
BC-05189,2026-01-01 12:20:42+00:00,0,IOMT-014,S-IOMT-014-204,RESEARCH,EP-IND-05189
BC-05190,2026-01-01 12:21:09+00:00,0,IOMT-025,S-IOMT-025-205,EHR_WRITE,EP-IND-05190
BC-05191,2026-01-01 12:21:10+00:00,0,IOMT-032,S-IOMT-032-206,RESEARCH,EP-IND-05191
BC-05192,2026-01-01 12:21:33+00:00,0,IOMT-042,S-IOMT-042-207,RESEARCH,EP-IND-05192
BC-05193,2026-01-01 12:21:34+00:00,0,IOMT-021,S-IOMT-021-208,EHR_WRITE,EP-IND-05193
BC-05194,2026-01-01 12:21:49+00:00,0,IOMT-025,S-IOMT-025-209,EHR_WRITE,EP-IND-05194
BC-05195,2026-01-01 12:22:23+00:00,0,IOMT-008,S-IOMT-008-210,IMAGING,EP-IND-05195
BC-05196,2026-01-01 12:22:36+00:00,0,IOMT-025,S-IOMT-025-211,EHR_READ,EP-IND-05196
BC-05197,2026-01-01 12:22:51+00:00,0,IOMT-021,S-IOMT-021-212,EHR_READ,EP-IND-05197
BC-05198,2026-01-01 12:22:52+00:00,0,IOMT-028,S-IOMT-028-213,IMAGING,EP-IND-05198
BC-05199,2026-01-01 12:22:56+00:00,0,IOMT-000,S-IOMT-000-214,LAB_RESULTS,EP-IND-05199
BC-05200,2026-01-01 12:22:57+00:00,0,IOMT-042,S-IOMT-042-215,LAB_RESULTS,EP-IND-05200
BC-05201,2026-01-01 12:23:04+00:00,0,IOMT-041,S-IOMT-041-216,LAB_RESULTS,EP-IND-05201
BC-05202,2026-01-01 12:23:14+00:00,0,IOMT-002,S-IOMT-002-217,EHR_READ,EP-IND-05202
BC-05203,2026-01-01 12:23:27+00:00,0,IOMT-015,S-IOMT-015-218,RESEARCH,EP-IND-05203
BC-05204,2026-01-01 12:23:27+00:00,0,IOMT-020,S-IOMT-020-219,LAB_RESULTS,EP-IND-05204
BC-05205,2026-01-01 12:23:43+00:00,0,IOMT-043,S-IOMT-043-220,IMAGING,EP-IND-05205
BC-05206,2026-01-01 12:23:44+00:00,0,IOMT-023,S-IOMT-023-221,LAB_RESULTS,EP-IND-05206
BC-05207,2026-01-01 12:23:53+00:00,0,IOMT-004,S-IOMT-004-222,IMAGING,EP-IND-05207
BC-05208,2026-01-01 12:24:11+00:00,0,IOMT-023,S-IOMT-023-223,IMAGING,EP-IND-05208
BC-05209,2026-01-01 12:24:12+00:00,0,IOMT-007,S-IOMT-007-224,RESEARCH,EP-IND-05209
BC-05210,2026-01-01 12:24:21+00:00,0,IOMT-030,S-IOMT-030-225,EHR_WRITE,EP-IND-05210
BC-05211,2026-01-01 12:24:50+00:00,0,IOMT-039,S-IOMT-039-226,LAB_RESULTS,EP-IND-05211
BC-05212,2026-01-01 12:25:14+00:00,0,IOMT-021,S-IOMT-021-227,LAB_RESULTS,EP-IND-05212
BC-05213,2026-01-01 12:25:14+00:00,0,IOMT-036,S-IOMT-036-228,EHR_WRITE,EP-IND-05213
BC-05214,2026-01-01 12:25:22+00:00,0,IOMT-032,S-IOMT-032-229,IMAGING,EP-IND-05214
BC-05215,2026-01-01 12:25:54+00:00,0,IOMT-045,S-IOMT-045-230,IMAGING,EP-IND-05215
BC-05216,2026-01-01 12:25:57+00:00,0,IOMT-011,S-IOMT-011-231,EHR_WRITE,EP-IND-05216
BC-05217,2026-01-01 12:26:04+00:00,0,IOMT-035,S-IOMT-035-232,RESEARCH,EP-IND-05217
BC-05218,2026-01-01 12:26:13+00:00,0,IOMT-027,S-IOMT-027-233,LAB_RESULTS,EP-IND-05218
BC-05219,2026-01-01 12:26:34+00:00,0,IOMT-032,S-IOMT-032-234,EHR_READ,EP-IND-05219
BC-05220,2026-01-01 12:26:44+00:00,0,IOMT-039,S-IOMT-039-235,RESEARCH,EP-IND-05220
BC-05221,2026-01-01 12:26:55+00:00,0,IOMT-046,S-IOMT-046-236,EHR_WRITE,EP-IND-05221
BC-05222,2026-01-01 12:26:57+00:00,0,IOMT-029,S-IOMT-029-237,EHR_WRITE,EP-IND-05222
BC-05223,2026-01-01 12:27:03+00:00,0,IOMT-037,S-IOMT-037-238,RESEARCH,EP-IND-05223
BC-05224,2026-01-01 12:27:16+00:00,0,IOMT-047,S-IOMT-047-239,LAB_RESULTS,EP-IND-05224
BC-05225,2026-01-01 12:27:23+00:00,0,IOMT-033,S-IOMT-033-240,RESEARCH,EP-IND-05225
BC-05226,2026-01-01 12:27:23+00:00,0,IOMT-001,S-IOMT-001-241,EHR_READ,EP-IND-05226
BC-05227,2026-01-01 12:27:52+00:00,0,IOMT-007,S-IOMT-007-242,EHR_READ,EP-IND-05227
BC-05228,2026-01-01 12:27:56+00:00,0,IOMT-046,S-IOMT-046-243,LAB_RESULTS,EP-IND-05228
BC-05229,2026-01-01 12:28:06+00:00,0,IOMT-015,S-IOMT-015-244,EHR_READ,EP-IND-05229
BC-05230,2026-01-01 12:28:33+00:00,0,IOMT-007,S-IOMT-007-245,LAB_RESULTS,EP-IND-05230
BC-05231,2026-01-01 12:28:34+00:00,0,IOMT-037,S-IOMT-037-246,RESEARCH,EP-IND-05231
BC-05232,2026-01-01 12:28:41+00:00,0,IOMT-038,S-IOMT-038-247,EHR_WRITE,EP-IND-05232
BC-05233,2026-01-01 12:28:48+00:00,0,IOMT-036,S-IOMT-036-248,EHR_WRITE,EP-IND-05233
BC-05234,2026-01-01 12:28:51+00:00,0,IOMT-035,S-IOMT-035-249,LAB_RESULTS,EP-IND-05234
BC-05235,2026-01-01 12:29:07+00:00,0,IOMT-025,S-IOMT-025-250,EHR_READ,EP-IND-05235
BC-05236,2026-01-01 12:29:09+00:00,0,IOMT-003,S-IOMT-003-251,LAB_RESULTS,EP-IND-05236
BC-05237,2026-01-01 12:29:19+00:00,0,IOMT-001,S-IOMT-001-252,IMAGING,EP-IND-05237
BC-05238,2026-01-01 12:29:20+00:00,0,IOMT-004,S-IOMT-004-253,EHR_WRITE,EP-IND-05238
BC-05239,2026-01-01 12:29:44+00:00,1,IOMT-015,S-IOMT-015-254,EHR_READ,EP-IND-05239
BC-05240,2026-01-01 12:29:51+00:00,0,IOMT-019,S-IOMT-019-255,EHR_READ,EP-IND-05240
BC-05241,2026-01-01 12:29:53+00:00,0,IOMT-008,S-IOMT-008-256,RESEARCH,EP-IND-05241
BC-05242,2026-01-01 12:30:11+00:00,1,IOMT-010,S-IOMT-010-257,RESEARCH,EP-IND-05242
BC-05243,2026-01-01 12:30:12+00:00,0,IOMT-005,S-IOMT-005-258,IMAGING,EP-IND-05243
BC-05244,2026-01-01 12:30:34+00:00,0,IOMT-027,S-IOMT-027-259,RESEARCH,EP-IND-05244
BC-05245,2026-01-01 12:30:36+00:00,0,IOMT-007,S-IOMT-007-260,IMAGING,EP-IND-05245
BC-05246,2026-01-01 12:30:52+00:00,0,IOMT-047,S-IOMT-047-261,EHR_READ,EP-IND-05246
BC-05247,2026-01-01 12:31:00+00:00,0,IOMT-037,S-IOMT-037-262,LAB_RESULTS,EP-IND-05247
BC-05248,2026-01-01 12:31:03+00:00,0,IOMT-025,S-IOMT-025-263,RESEARCH,EP-IND-05248
BC-05249,2026-01-01 12:31:32+00:00,0,IOMT-049,S-IOMT-049-264,LAB_RESULTS,EP-IND-05249
BC-05250,2026-01-01 12:31:38+00:00,0,IOMT-025,S-IOMT-025-265,RESEARCH,EP-IND-05250
BC-05251,2026-01-01 12:31:38+00:00,0,IOMT-046,S-IOMT-046-266,IMAGING,EP-IND-05251
BC-05252,2026-01-01 12:31:59+00:00,0,IOMT-046,S-IOMT-046-267,RESEARCH,EP-IND-05252
BC-05253,2026-01-01 12:32:11+00:00,0,IOMT-015,S-IOMT-015-268,EHR_WRITE,EP-IND-05253
BC-05254,2026-01-01 12:32:23+00:00,0,IOMT-047,S-IOMT-047-269,EHR_READ,EP-IND-05254
BC-05255,2026-01-01 12:32:39+00:00,0,IOMT-029,S-IOMT-029-270,RESEARCH,EP-IND-05255
BC-05256,2026-01-01 12:32:40+00:00,0,IOMT-008,S-IOMT-008-271,EHR_WRITE,EP-IND-05256
BC-05257,2026-01-01 12:32:53+00:00,0,IOMT-000,S-IOMT-000-272,LAB_RESULTS,EP-IND-05257
BC-05258,2026-01-01 12:33:20+00:00,0,IOMT-007,S-IOMT-007-273,EHR_WRITE,EP-IND-05258
BC-05259,2026-01-01 12:33:22+00:00,0,IOMT-016,S-IOMT-016-274,EHR_READ,EP-IND-05259
BC-05260,2026-01-01 12:33:46+00:00,0,IOMT-034,S-IOMT-034-275,EHR_WRITE,EP-IND-05260
BC-05261,2026-01-01 12:33:47+00:00,0,IOMT-028,S-IOMT-028-276,IMAGING,EP-IND-05261
BC-05262,2026-01-01 12:34:11+00:00,0,IOMT-027,S-IOMT-027-277,RESEARCH,EP-IND-05262
BC-05263,2026-01-01 12:34:17+00:00,0,IOMT-029,S-IOMT-029-278,IMAGING,EP-IND-05263
BC-05264,2026-01-01 12:34:18+00:00,0,IOMT-031,S-IOMT-031-279,EHR_WRITE,EP-IND-05264
BC-05265,2026-01-01 12:34:25+00:00,0,IOMT-011,S-IOMT-011-280,EHR_READ,EP-IND-05265
BC-05266,2026-01-01 12:34:47+00:00,1,IOMT-037,S-IOMT-037-281,LAB_RESULTS,EP-IND-05266
BC-05267,2026-01-01 12:34:54+00:00,0,IOMT-015,S-IOMT-015-282,EHR_READ,EP-IND-05267
BC-05268,2026-01-01 12:34:55+00:00,0,IOMT-025,S-IOMT-025-283,EHR_WRITE,EP-IND-05268
BC-05269,2026-01-01 12:35:08+00:00,0,IOMT-014,S-IOMT-014-284,RESEARCH,EP-IND-05269
BC-05270,2026-01-01 12:35:22+00:00,0,IOMT-017,S-IOMT-017-285,EHR_READ,EP-IND-05270
BC-05271,2026-01-01 12:35:35+00:00,0,IOMT-047,S-IOMT-047-286,IMAGING,EP-IND-05271
BC-05272,2026-01-01 12:35:40+00:00,0,IOMT-018,S-IOMT-018-287,IMAGING,EP-IND-05272
BC-05273,2026-01-01 12:35:41+00:00,0,IOMT-041,S-IOMT-041-288,EHR_WRITE,EP-IND-05273
BC-05274,2026-01-01 12:35:50+00:00,0,IOMT-030,S-IOMT-030-289,LAB_RESULTS,EP-IND-05274
BC-05275,2026-01-01 12:35:52+00:00,0,IOMT-037,S-IOMT-037-290,LAB_RESULTS,EP-IND-05275
BC-05276,2026-01-01 12:35:57+00:00,0,IOMT-033,S-IOMT-033-291,LAB_RESULTS,EP-IND-05276
BC-05277,2026-01-01 12:36:08+00:00,0,IOMT-020,S-IOMT-020-292,IMAGING,EP-IND-05277
BC-05278,2026-01-01 12:36:26+00:00,0,IOMT-001,S-IOMT-001-293,EHR_READ,EP-IND-05278
BC-05279,2026-01-01 12:36:29+00:00,0,IOMT-004,S-IOMT-004-294,EHR_READ,EP-IND-05279
BC-05280,2026-01-01 12:36:30+00:00,0,IOMT-042,S-IOMT-042-295,LAB_RESULTS,EP-IND-05280
BC-05281,2026-01-01 12:36:32+00:00,0,IOMT-015,S-IOMT-015-296,EHR_WRITE,EP-IND-05281
BC-05282,2026-01-01 12:36:44+00:00,0,IOMT-025,S-IOMT-025-297,EHR_READ,EP-IND-05282
BC-05283,2026-01-01 12:36:45+00:00,0,IOMT-026,S-IOMT-026-298,IMAGING,EP-IND-05283
BC-05284,2026-01-01 12:36:53+00:00,0,IOMT-036,S-IOMT-036-299,EHR_READ,EP-IND-05284
BC-05285,2026-01-01 12:36:54+00:00,0,IOMT-028,S-IOMT-028-300,RESEARCH,EP-IND-05285
BC-05286,2026-01-01 12:37:06+00:00,1,IOMT-041,S-IOMT-041-301,EHR_READ,EP-IND-05286
BC-05287,2026-01-01 12:37:20+00:00,0,IOMT-012,S-IOMT-012-302,EHR_WRITE,EP-IND-05287
BC-05288,2026-01-01 12:37:37+00:00,0,IOMT-024,S-IOMT-024-303,RESEARCH,EP-IND-05288
BC-05289,2026-01-01 12:37:42+00:00,0,IOMT-004,S-IOMT-004-304,EHR_READ,EP-IND-05289
BC-05290,2026-01-01 12:37:46+00:00,0,IOMT-041,S-IOMT-041-305,LAB_RESULTS,EP-IND-05290
BC-05291,2026-01-01 12:37:58+00:00,0,IOMT-000,S-IOMT-000-306,EHR_READ,EP-IND-05291
BC-05292,2026-01-01 12:38:06+00:00,0,IOMT-010,S-IOMT-010-307,EHR_WRITE,EP-IND-05292
BC-05293,2026-01-01 12:38:08+00:00,0,IOMT-013,S-IOMT-013-308,IMAGING,EP-IND-05293
BC-05294,2026-01-01 12:38:10+00:00,0,IOMT-014,S-IOMT-014-309,RESEARCH,EP-IND-05294
BC-05295,2026-01-01 12:38:14+00:00,0,IOMT-017,S-IOMT-017-310,RESEARCH,EP-IND-05295
BC-05296,2026-01-01 12:38:15+00:00,0,IOMT-046,S-IOMT-046-311,EHR_WRITE,EP-IND-05296
BC-05297,2026-01-01 12:38:21+00:00,0,IOMT-026,S-IOMT-026-312,EHR_WRITE,EP-IND-05297
BC-05298,2026-01-01 12:38:31+00:00,0,IOMT-014,S-IOMT-014-313,RESEARCH,EP-IND-05298
BC-05299,2026-01-01 12:38:32+00:00,0,IOMT-036,S-IOMT-036-314,EHR_WRITE,EP-IND-05299
BC-05300,2026-01-01 12:38:41+00:00,0,IOMT-007,S-IOMT-007-315,EHR_READ,EP-IND-05300
BC-05301,2026-01-01 12:38:47+00:00,0,IOMT-023,S-IOMT-023-316,EHR_READ,EP-IND-05301
BC-05302,2026-01-01 12:39:06+00:00,0,IOMT-025,S-IOMT-025-317,EHR_WRITE,EP-IND-05302
BC-05303,2026-01-01 12:39:07+00:00,0,IOMT-022,S-IOMT-022-318,EHR_READ,EP-IND-05303
BC-05304,2026-01-01 12:39:16+00:00,0,IOMT-009,S-IOMT-009-319,EHR_READ,EP-IND-05304
BC-05305,2026-01-01 12:39:25+00:00,0,IOMT-014,S-IOMT-014-320,EHR_READ,EP-IND-05305
BC-05306,2026-01-01 12:39:32+00:00,0,IOMT-029,S-IOMT-029-321,RESEARCH,EP-IND-05306
BC-05307,2026-01-01 12:39:35+00:00,0,IOMT-045,S-IOMT-045-322,EHR_WRITE,EP-IND-05307
BC-05308,2026-01-01 12:40:05+00:00,0,IOMT-008,S-IOMT-008-323,EHR_READ,EP-IND-05308
BC-05309,2026-01-01 12:40:10+00:00,0,IOMT-011,S-IOMT-011-324,RESEARCH,EP-IND-05309
BC-05310,2026-01-01 12:40:16+00:00,1,IOMT-004,S-IOMT-004-325,EHR_WRITE,EP-IND-05310
BC-05311,2026-01-01 12:40:24+00:00,0,IOMT-015,S-IOMT-015-326,EHR_WRITE,EP-IND-05311
BC-05312,2026-01-01 12:40:27+00:00,0,IOMT-035,S-IOMT-035-327,RESEARCH,EP-IND-05312
BC-05313,2026-01-01 12:40:40+00:00,0,IOMT-006,S-IOMT-006-328,EHR_WRITE,EP-IND-05313
BC-05314,2026-01-01 12:41:00+00:00,0,IOMT-045,S-IOMT-045-329,LAB_RESULTS,EP-IND-05314
BC-05315,2026-01-01 12:41:13+00:00,0,IOMT-006,S-IOMT-006-330,LAB_RESULTS,EP-IND-05315
BC-05316,2026-01-01 12:41:24+00:00,0,IOMT-000,S-IOMT-000-331,LAB_RESULTS,EP-IND-05316
BC-05317,2026-01-01 12:41:25+00:00,0,IOMT-042,S-IOMT-042-332,RESEARCH,EP-IND-05317
BC-05318,2026-01-01 12:41:26+00:00,0,IOMT-037,S-IOMT-037-333,IMAGING,EP-IND-05318
BC-05319,2026-01-01 12:41:30+00:00,0,IOMT-019,S-IOMT-019-334,RESEARCH,EP-IND-05319
BC-05320,2026-01-01 12:41:43+00:00,0,IOMT-025,S-IOMT-025-335,LAB_RESULTS,EP-IND-05320
BC-05321,2026-01-01 12:41:59+00:00,0,IOMT-015,S-IOMT-015-336,EHR_READ,EP-IND-05321
BC-05322,2026-01-01 12:42:02+00:00,0,IOMT-026,S-IOMT-026-337,EHR_READ,EP-IND-05322
BC-05323,2026-01-01 12:42:06+00:00,0,IOMT-035,S-IOMT-035-338,RESEARCH,EP-IND-05323
BC-05324,2026-01-01 12:42:07+00:00,0,IOMT-037,S-IOMT-037-339,RESEARCH,EP-IND-05324
BC-05325,2026-01-01 12:42:14+00:00,0,IOMT-010,S-IOMT-010-340,LAB_RESULTS,EP-IND-05325
BC-05326,2026-01-01 12:42:22+00:00,0,IOMT-012,S-IOMT-012-341,LAB_RESULTS,EP-IND-05326
BC-05327,2026-01-01 12:42:28+00:00,0,IOMT-048,S-IOMT-048-342,IMAGING,EP-IND-05327
BC-05328,2026-01-01 12:42:30+00:00,0,IOMT-039,S-IOMT-039-343,LAB_RESULTS,EP-IND-05328
BC-05329,2026-01-01 12:42:57+00:00,0,IOMT-039,S-IOMT-039-344,EHR_READ,EP-IND-05329
BC-05330,2026-01-01 12:43:08+00:00,0,IOMT-044,S-IOMT-044-345,IMAGING,EP-IND-05330
BC-05331,2026-01-01 12:43:15+00:00,0,IOMT-035,S-IOMT-035-346,EHR_WRITE,EP-IND-05331
BC-05332,2026-01-01 12:43:22+00:00,0,IOMT-030,S-IOMT-030-347,IMAGING,EP-IND-05332
BC-05333,2026-01-01 12:43:44+00:00,0,IOMT-016,S-IOMT-016-348,EHR_READ,EP-IND-05333
BC-05334,2026-01-01 12:43:46+00:00,0,IOMT-032,S-IOMT-032-349,IMAGING,EP-IND-05334
BC-05335,2026-01-01 12:43:48+00:00,0,IOMT-014,S-IOMT-014-350,LAB_RESULTS,EP-IND-05335
BC-05336,2026-01-01 12:44:13+00:00,0,IOMT-022,S-IOMT-022-351,LAB_RESULTS,EP-IND-05336
BC-05337,2026-01-01 12:44:23+00:00,0,IOMT-020,S-IOMT-020-352,EHR_WRITE,EP-IND-05337
BC-05338,2026-01-01 12:44:28+00:00,0,IOMT-000,S-IOMT-000-353,RESEARCH,EP-IND-05338
BC-05339,2026-01-01 12:44:48+00:00,0,IOMT-046,S-IOMT-046-354,IMAGING,EP-IND-05339
BC-05340,2026-01-01 12:44:53+00:00,0,IOMT-036,S-IOMT-036-355,RESEARCH,EP-IND-05340
BC-05341,2026-01-01 12:45:11+00:00,0,IOMT-008,S-IOMT-008-356,IMAGING,EP-IND-05341
BC-05342,2026-01-01 12:45:23+00:00,0,IOMT-021,S-IOMT-021-357,LAB_RESULTS,EP-IND-05342
BC-05343,2026-01-01 12:45:27+00:00,0,IOMT-003,S-IOMT-003-358,EHR_WRITE,EP-IND-05343
BC-05344,2026-01-01 12:45:29+00:00,0,IOMT-047,S-IOMT-047-359,EHR_WRITE,EP-IND-05344
BC-05345,2026-01-01 12:45:31+00:00,0,IOMT-021,S-IOMT-021-360,IMAGING,EP-IND-05345
BC-05346,2026-01-01 12:45:40+00:00,0,IOMT-043,S-IOMT-043-361,LAB_RESULTS,EP-IND-05346
BC-05347,2026-01-01 12:45:59+00:00,0,IOMT-006,S-IOMT-006-362,EHR_READ,EP-IND-05347
BC-05348,2026-01-01 12:46:10+00:00,0,IOMT-020,S-IOMT-020-363,EHR_READ,EP-IND-05348
BC-05349,2026-01-01 12:46:15+00:00,0,IOMT-049,S-IOMT-049-364,LAB_RESULTS,EP-IND-05349
BC-05350,2026-01-01 12:46:21+00:00,0,IOMT-020,S-IOMT-020-365,LAB_RESULTS,EP-IND-05350
BC-05351,2026-01-01 12:46:36+00:00,0,IOMT-027,S-IOMT-027-366,EHR_WRITE,EP-IND-05351
BC-05352,2026-01-01 12:46:36+00:00,0,IOMT-018,S-IOMT-018-367,IMAGING,EP-IND-05352
BC-05353,2026-01-01 12:47:13+00:00,0,IOMT-019,S-IOMT-019-368,IMAGING,EP-IND-05353
BC-05354,2026-01-01 12:47:17+00:00,0,IOMT-043,S-IOMT-043-369,RESEARCH,EP-IND-05354
BC-05355,2026-01-01 12:47:28+00:00,0,IOMT-015,S-IOMT-015-370,EHR_READ,EP-IND-05355
BC-05356,2026-01-01 12:47:31+00:00,0,IOMT-025,S-IOMT-025-371,LAB_RESULTS,EP-IND-05356
BC-05357,2026-01-01 12:47:31+00:00,0,IOMT-045,S-IOMT-045-372,EHR_WRITE,EP-IND-05357
BC-05358,2026-01-01 12:47:35+00:00,0,IOMT-020,S-IOMT-020-373,EHR_READ,EP-IND-05358
BC-05359,2026-01-01 12:47:44+00:00,0,IOMT-034,S-IOMT-034-374,RESEARCH,EP-IND-05359
BC-05360,2026-01-01 12:47:50+00:00,0,IOMT-023,S-IOMT-023-375,EHR_READ,EP-IND-05360
BC-05361,2026-01-01 12:48:02+00:00,0,IOMT-002,S-IOMT-002-376,IMAGING,EP-IND-05361
BC-05362,2026-01-01 12:48:17+00:00,1,IOMT-044,S-IOMT-044-377,RESEARCH,EP-IND-05362
BC-05363,2026-01-01 12:49:08+00:00,0,IOMT-035,S-IOMT-035-378,EHR_WRITE,EP-IND-05363
BC-05364,2026-01-01 12:49:20+00:00,0,IOMT-025,S-IOMT-025-379,RESEARCH,EP-IND-05364
BC-05365,2026-01-01 12:49:26+00:00,0,IOMT-047,S-IOMT-047-380,EHR_WRITE,EP-IND-05365
BC-05366,2026-01-01 12:49:32+00:00,0,IOMT-011,S-IOMT-011-381,LAB_RESULTS,EP-IND-05366
BC-05367,2026-01-01 12:49:32+00:00,0,IOMT-041,S-IOMT-041-382,EHR_READ,EP-IND-05367
BC-05368,2026-01-01 12:49:38+00:00,0,IOMT-000,S-IOMT-000-383,EHR_WRITE,EP-IND-05368
BC-05369,2026-01-01 12:49:51+00:00,0,IOMT-003,S-IOMT-003-384,RESEARCH,EP-IND-05369
BC-05370,2026-01-01 12:50:04+00:00,0,IOMT-041,S-IOMT-041-385,IMAGING,EP-IND-05370
BC-05371,2026-01-01 12:50:06+00:00,0,IOMT-008,S-IOMT-008-386,EHR_WRITE,EP-IND-05371
BC-05372,2026-01-01 12:50:13+00:00,0,IOMT-004,S-IOMT-004-387,EHR_READ,EP-IND-05372
BC-05373,2026-01-01 12:50:31+00:00,0,IOMT-040,S-IOMT-040-388,RESEARCH,EP-IND-05373
BC-05374,2026-01-01 12:50:38+00:00,0,IOMT-001,S-IOMT-001-389,EHR_WRITE,EP-IND-05374
BC-05375,2026-01-01 12:50:48+00:00,0,IOMT-043,S-IOMT-043-390,IMAGING,EP-IND-05375
BC-05376,2026-01-01 12:51:09+00:00,0,IOMT-033,S-IOMT-033-391,EHR_READ,EP-IND-05376
BC-05377,2026-01-01 12:51:10+00:00,0,IOMT-040,S-IOMT-040-392,LAB_RESULTS,EP-IND-05377
BC-05378,2026-01-01 12:51:14+00:00,0,IOMT-029,S-IOMT-029-393,IMAGING,EP-IND-05378
BC-05379,2026-01-01 12:51:18+00:00,0,IOMT-035,S-IOMT-035-394,EHR_WRITE,EP-IND-05379
BC-05380,2026-01-01 12:51:21+00:00,0,IOMT-009,S-IOMT-009-395,EHR_READ,EP-IND-05380
BC-05381,2026-01-01 12:51:22+00:00,0,IOMT-019,S-IOMT-019-396,LAB_RESULTS,EP-IND-05381
BC-05382,2026-01-01 12:51:27+00:00,0,IOMT-024,S-IOMT-024-397,RESEARCH,EP-IND-05382
BC-05383,2026-01-01 12:51:30+00:00,0,IOMT-005,S-IOMT-005-398,RESEARCH,EP-IND-05383
BC-05384,2026-01-01 12:51:30+00:00,0,IOMT-008,S-IOMT-008-399,RESEARCH,EP-IND-05384
BC-05385,2026-01-01 12:51:37+00:00,0,IOMT-025,S-IOMT-025-400,EHR_READ,EP-IND-05385
BC-05386,2026-01-01 12:51:47+00:00,0,IOMT-022,S-IOMT-022-401,LAB_RESULTS,EP-IND-05386
BC-05387,2026-01-01 12:51:47+00:00,0,IOMT-029,S-IOMT-029-402,RESEARCH,EP-IND-05387
BC-05388,2026-01-01 12:52:15+00:00,0,IOMT-025,S-IOMT-025-403,EHR_READ,EP-IND-05388
BC-05389,2026-01-01 12:52:30+00:00,0,IOMT-002,S-IOMT-002-404,EHR_READ,EP-IND-05389
BC-05390,2026-01-01 12:52:35+00:00,0,IOMT-005,S-IOMT-005-405,LAB_RESULTS,EP-IND-05390
BC-05391,2026-01-01 12:52:43+00:00,0,IOMT-032,S-IOMT-032-406,IMAGING,EP-IND-05391
BC-05392,2026-01-01 12:52:56+00:00,0,IOMT-020,S-IOMT-020-407,EHR_READ,EP-IND-05392
BC-05393,2026-01-01 12:53:43+00:00,0,IOMT-002,S-IOMT-002-408,EHR_READ,EP-IND-05393
BC-05394,2026-01-01 12:53:52+00:00,0,IOMT-028,S-IOMT-028-409,IMAGING,EP-IND-05394
BC-05395,2026-01-01 12:53:54+00:00,0,IOMT-002,S-IOMT-002-410,RESEARCH,EP-IND-05395
BC-05396,2026-01-01 12:53:57+00:00,0,IOMT-041,S-IOMT-041-411,EHR_WRITE,EP-IND-05396
BC-05397,2026-01-01 12:54:21+00:00,0,IOMT-015,S-IOMT-015-412,LAB_RESULTS,EP-IND-05397
BC-05398,2026-01-01 12:54:39+00:00,0,IOMT-008,S-IOMT-008-413,IMAGING,EP-IND-05398
BC-05399,2026-01-01 12:54:42+00:00,0,IOMT-048,S-IOMT-048-414,IMAGING,EP-IND-05399
BC-05400,2026-01-01 12:54:45+00:00,0,IOMT-042,S-IOMT-042-415,RESEARCH,EP-IND-05400
BC-05401,2026-01-01 12:54:53+00:00,0,IOMT-035,S-IOMT-035-416,RESEARCH,EP-IND-05401
BC-05402,2026-01-01 12:55:01+00:00,1,IOMT-026,S-IOMT-026-417,EHR_READ,EP-IND-05402
BC-05403,2026-01-01 12:55:06+00:00,0,IOMT-016,S-IOMT-016-418,IMAGING,EP-IND-05403
BC-05404,2026-01-01 12:55:06+00:00,0,IOMT-004,S-IOMT-004-419,RESEARCH,EP-IND-05404
BC-05405,2026-01-01 12:55:15+00:00,0,IOMT-042,S-IOMT-042-420,RESEARCH,EP-IND-05405
BC-05406,2026-01-01 12:55:28+00:00,0,IOMT-003,S-IOMT-003-421,LAB_RESULTS,EP-IND-05406
BC-05407,2026-01-01 12:55:33+00:00,0,IOMT-048,S-IOMT-048-422,EHR_WRITE,EP-IND-05407
BC-05408,2026-01-01 12:55:44+00:00,0,IOMT-042,S-IOMT-042-423,IMAGING,EP-IND-05408
BC-05409,2026-01-01 12:55:51+00:00,0,IOMT-037,S-IOMT-037-424,RESEARCH,EP-IND-05409
BC-05410,2026-01-01 12:56:35+00:00,0,IOMT-027,S-IOMT-027-425,EHR_READ,EP-IND-05410
BC-05411,2026-01-01 12:56:40+00:00,0,IOMT-049,S-IOMT-049-426,LAB_RESULTS,EP-IND-05411
BC-05412,2026-01-01 12:56:43+00:00,0,IOMT-004,S-IOMT-004-427,EHR_READ,EP-IND-05412
BC-05413,2026-01-01 12:56:52+00:00,0,IOMT-021,S-IOMT-021-428,IMAGING,EP-IND-05413
BC-05414,2026-01-01 12:56:55+00:00,0,IOMT-012,S-IOMT-012-429,RESEARCH,EP-IND-05414
BC-05415,2026-01-01 12:57:05+00:00,0,IOMT-005,S-IOMT-005-430,EHR_READ,EP-IND-05415
BC-05416,2026-01-01 12:57:06+00:00,0,IOMT-000,S-IOMT-000-431,RESEARCH,EP-IND-05416
BC-05417,2026-01-01 12:57:07+00:00,0,IOMT-029,S-IOMT-029-432,EHR_READ,EP-IND-05417
BC-05418,2026-01-01 12:57:08+00:00,0,IOMT-026,S-IOMT-026-433,RESEARCH,EP-IND-05418
BC-05419,2026-01-01 12:57:23+00:00,0,IOMT-018,S-IOMT-018-434,EHR_WRITE,EP-IND-05419
BC-05420,2026-01-01 12:57:34+00:00,0,IOMT-048,S-IOMT-048-435,LAB_RESULTS,EP-IND-05420
BC-05421,2026-01-01 12:57:51+00:00,0,IOMT-027,S-IOMT-027-436,LAB_RESULTS,EP-IND-05421
BC-05422,2026-01-01 12:57:52+00:00,0,IOMT-034,S-IOMT-034-437,IMAGING,EP-IND-05422
BC-05423,2026-01-01 12:58:04+00:00,0,IOMT-028,S-IOMT-028-438,LAB_RESULTS,EP-IND-05423
BC-05424,2026-01-01 12:58:10+00:00,0,IOMT-038,S-IOMT-038-439,RESEARCH,EP-IND-05424
BC-05425,2026-01-01 12:58:16+00:00,0,IOMT-026,S-IOMT-026-440,RESEARCH,EP-IND-05425
BC-05426,2026-01-01 12:58:20+00:00,0,IOMT-026,S-IOMT-026-441,EHR_WRITE,EP-IND-05426
BC-05427,2026-01-01 12:58:24+00:00,0,IOMT-028,S-IOMT-028-442,EHR_WRITE,EP-IND-05427
BC-05428,2026-01-01 12:58:27+00:00,0,IOMT-017,S-IOMT-017-443,LAB_RESULTS,EP-IND-05428
BC-05429,2026-01-01 12:58:30+00:00,0,IOMT-039,S-IOMT-039-444,EHR_READ,EP-IND-05429
BC-05430,2026-01-01 12:58:37+00:00,0,IOMT-028,S-IOMT-028-445,EHR_WRITE,EP-IND-05430
BC-05431,2026-01-01 12:58:38+00:00,0,IOMT-017,S-IOMT-017-446,EHR_READ,EP-IND-05431
BC-05432,2026-01-01 12:58:53+00:00,0,IOMT-018,S-IOMT-018-447,EHR_WRITE,EP-IND-05432
BC-05433,2026-01-01 12:59:14+00:00,0,IOMT-042,S-IOMT-042-448,EHR_WRITE,EP-IND-05433
BC-05434,2026-01-01 12:59:20+00:00,0,IOMT-000,S-IOMT-000-449,LAB_RESULTS,EP-IND-05434
BC-05435,2026-01-01 12:59:37+00:00,0,IOMT-019,S-IOMT-019-450,RESEARCH,EP-IND-05435
BC-05436,2026-01-01 12:59:40+00:00,0,IOMT-027,S-IOMT-027-451,EHR_WRITE,EP-IND-05436
BC-05437,2026-01-01 13:00:01+00:00,0,IOMT-025,S-IOMT-025-452,EHR_READ,EP-IND-05437
BC-05438,2026-01-01 13:00:20+00:00,0,IOMT-045,S-IOMT-045-453,EHR_READ,EP-IND-05438
BC-05439,2026-01-01 13:00:27+00:00,0,IOMT-033,S-IOMT-033-454,IMAGING,EP-IND-05439
BC-05440,2026-01-01 13:00:41+00:00,0,IOMT-034,S-IOMT-034-455,IMAGING,EP-IND-05440
BC-05441,2026-01-01 13:00:43+00:00,0,IOMT-027,S-IOMT-027-456,EHR_READ,EP-IND-05441
BC-05442,2026-01-01 13:00:44+00:00,0,IOMT-037,S-IOMT-037-457,EHR_WRITE,EP-IND-05442
BC-05443,2026-01-01 13:00:59+00:00,0,IOMT-003,S-IOMT-003-458,IMAGING,EP-IND-05443
BC-05444,2026-01-01 13:01:12+00:00,0,IOMT-042,S-IOMT-042-459,EHR_WRITE,EP-IND-05444
BC-05445,2026-01-01 13:01:12+00:00,0,IOMT-004,S-IOMT-004-460,EHR_WRITE,EP-IND-05445
BC-05446,2026-01-01 13:01:12+00:00,0,IOMT-033,S-IOMT-033-461,EHR_WRITE,EP-IND-05446
BC-05447,2026-01-01 13:01:16+00:00,0,IOMT-045,S-IOMT-045-462,RESEARCH,EP-IND-05447
BC-05448,2026-01-01 13:01:28+00:00,0,IOMT-022,S-IOMT-022-463,IMAGING,EP-IND-05448
BC-05449,2026-01-01 13:01:29+00:00,0,IOMT-019,S-IOMT-019-464,RESEARCH,EP-IND-05449
BC-05450,2026-01-01 13:01:46+00:00,0,IOMT-006,S-IOMT-006-465,LAB_RESULTS,EP-IND-05450
BC-05451,2026-01-01 13:01:58+00:00,0,IOMT-046,S-IOMT-046-466,IMAGING,EP-IND-05451
BC-05452,2026-01-01 13:02:03+00:00,0,IOMT-034,S-IOMT-034-467,IMAGING,EP-IND-05452
BC-05453,2026-01-01 13:02:05+00:00,0,IOMT-040,S-IOMT-040-468,RESEARCH,EP-IND-05453
BC-05454,2026-01-01 13:02:08+00:00,0,IOMT-027,S-IOMT-027-469,EHR_WRITE,EP-IND-05454
BC-05455,2026-01-01 13:02:24+00:00,0,IOMT-027,S-IOMT-027-470,LAB_RESULTS,EP-IND-05455
BC-05456,2026-01-01 13:02:28+00:00,0,IOMT-020,S-IOMT-020-471,RESEARCH,EP-IND-05456
BC-05457,2026-01-01 13:02:31+00:00,0,IOMT-024,S-IOMT-024-472,EHR_WRITE,EP-IND-05457
BC-05458,2026-01-01 13:03:05+00:00,0,IOMT-044,S-IOMT-044-473,LAB_RESULTS,EP-IND-05458
BC-05459,2026-01-01 13:03:10+00:00,0,IOMT-034,S-IOMT-034-474,IMAGING,EP-IND-05459
BC-05460,2026-01-01 13:03:12+00:00,0,IOMT-036,S-IOMT-036-475,IMAGING,EP-IND-05460
BC-05461,2026-01-01 13:03:14+00:00,0,IOMT-004,S-IOMT-004-476,RESEARCH,EP-IND-05461
BC-05462,2026-01-01 13:03:22+00:00,0,IOMT-011,S-IOMT-011-477,EHR_WRITE,EP-IND-05462
BC-05463,2026-01-01 13:03:35+00:00,0,IOMT-000,S-IOMT-000-478,EHR_READ,EP-IND-05463
BC-05464,2026-01-01 13:03:39+00:00,0,IOMT-043,S-IOMT-043-479,IMAGING,EP-IND-05464
BC-05465,2026-01-01 13:03:39+00:00,0,IOMT-015,S-IOMT-015-480,LAB_RESULTS,EP-IND-05465
BC-05466,2026-01-01 13:03:39+00:00,0,IOMT-031,S-IOMT-031-481,EHR_READ,EP-IND-05466
BC-05467,2026-01-01 13:04:00+00:00,0,IOMT-030,S-IOMT-030-482,EHR_WRITE,EP-IND-05467
BC-05468,2026-01-01 13:04:01+00:00,0,IOMT-047,S-IOMT-047-483,IMAGING,EP-IND-05468
BC-05469,2026-01-01 13:04:02+00:00,0,IOMT-049,S-IOMT-049-484,EHR_READ,EP-IND-05469
BC-05470,2026-01-01 13:04:06+00:00,0,IOMT-018,S-IOMT-018-485,RESEARCH,EP-IND-05470
BC-05471,2026-01-01 13:04:28+00:00,0,IOMT-016,S-IOMT-016-486,LAB_RESULTS,EP-IND-05471
BC-05472,2026-01-01 13:04:40+00:00,0,IOMT-018,S-IOMT-018-487,EHR_READ,EP-IND-05472
BC-05473,2026-01-01 13:04:45+00:00,0,IOMT-032,S-IOMT-032-488,EHR_READ,EP-IND-05473
BC-05474,2026-01-01 13:04:50+00:00,0,IOMT-035,S-IOMT-035-489,RESEARCH,EP-IND-05474
BC-05475,2026-01-01 13:04:55+00:00,0,IOMT-014,S-IOMT-014-490,EHR_READ,EP-IND-05475
BC-05476,2026-01-01 13:05:17+00:00,0,IOMT-033,S-IOMT-033-491,EHR_WRITE,EP-IND-05476
BC-05477,2026-01-01 13:05:23+00:00,0,IOMT-001,S-IOMT-001-492,LAB_RESULTS,EP-IND-05477
BC-05478,2026-01-01 13:05:24+00:00,0,IOMT-004,S-IOMT-004-493,LAB_RESULTS,EP-IND-05478
BC-05479,2026-01-01 13:05:31+00:00,0,IOMT-005,S-IOMT-005-494,EHR_READ,EP-IND-05479
BC-05480,2026-01-01 13:05:47+00:00,0,IOMT-033,S-IOMT-033-495,EHR_READ,EP-IND-05480
BC-05481,2026-01-01 13:05:49+00:00,0,IOMT-000,S-IOMT-000-496,EHR_WRITE,EP-IND-05481
BC-05482,2026-01-01 13:06:19+00:00,1,IOMT-022,S-IOMT-022-497,EHR_READ,EP-IND-05482
BC-05483,2026-01-01 13:06:28+00:00,0,IOMT-037,S-IOMT-037-498,EHR_READ,EP-IND-05483
BC-05484,2026-01-01 13:06:38+00:00,0,IOMT-013,S-IOMT-013-499,RESEARCH,EP-IND-05484
BC-05485,2026-01-01 13:06:40+00:00,0,IOMT-016,S-IOMT-016-500,EHR_READ,EP-IND-05485
BC-05486,2026-01-01 13:06:49+00:00,0,IOMT-035,S-IOMT-035-501,LAB_RESULTS,EP-IND-05486
BC-05487,2026-01-01 13:07:12+00:00,0,IOMT-008,S-IOMT-008-502,EHR_READ,EP-IND-05487
BC-05488,2026-01-01 13:07:38+00:00,0,IOMT-043,S-IOMT-043-503,EHR_WRITE,EP-IND-05488
BC-05489,2026-01-01 13:07:50+00:00,0,IOMT-044,S-IOMT-044-504,EHR_WRITE,EP-IND-05489
BC-05490,2026-01-01 13:08:05+00:00,0,IOMT-004,S-IOMT-004-505,IMAGING,EP-IND-05490
BC-05491,2026-01-01 13:08:22+00:00,0,IOMT-010,S-IOMT-010-506,EHR_WRITE,EP-IND-05491
BC-05492,2026-01-01 13:08:34+00:00,1,IOMT-020,S-IOMT-020-507,EHR_WRITE,EP-IND-05492
BC-05493,2026-01-01 13:08:48+00:00,0,IOMT-021,S-IOMT-021-508,LAB_RESULTS,EP-IND-05493
BC-05494,2026-01-01 13:08:55+00:00,0,IOMT-040,S-IOMT-040-509,EHR_WRITE,EP-IND-05494
BC-05495,2026-01-01 13:08:59+00:00,0,IOMT-025,S-IOMT-025-510,EHR_WRITE,EP-IND-05495
BC-05496,2026-01-01 13:09:00+00:00,0,IOMT-018,S-IOMT-018-511,EHR_WRITE,EP-IND-05496
BC-05497,2026-01-01 13:09:00+00:00,0,IOMT-044,S-IOMT-044-512,EHR_WRITE,EP-IND-05497
BC-05498,2026-01-01 13:09:27+00:00,0,IOMT-046,S-IOMT-046-513,EHR_READ,EP-IND-05498
BC-05499,2026-01-01 13:09:32+00:00,0,IOMT-003,S-IOMT-003-514,RESEARCH,EP-IND-05499
BC-05500,2026-01-01 13:09:44+00:00,0,IOMT-048,S-IOMT-048-515,EHR_WRITE,EP-IND-05500
BC-05501,2026-01-01 13:09:51+00:00,0,IOMT-038,S-IOMT-038-516,EHR_READ,EP-IND-05501
BC-05502,2026-01-01 13:10:14+00:00,0,IOMT-020,S-IOMT-020-517,IMAGING,EP-IND-05502
BC-05503,2026-01-01 13:10:36+00:00,0,IOMT-049,S-IOMT-049-518,EHR_WRITE,EP-IND-05503
BC-05504,2026-01-01 13:10:37+00:00,0,IOMT-021,S-IOMT-021-519,EHR_READ,EP-IND-05504
BC-05505,2026-01-01 13:10:52+00:00,0,IOMT-018,S-IOMT-018-520,EHR_WRITE,EP-IND-05505
BC-05506,2026-01-01 13:10:59+00:00,0,IOMT-047,S-IOMT-047-521,EHR_WRITE,EP-IND-05506
BC-05507,2026-01-01 13:11:16+00:00,0,IOMT-000,S-IOMT-000-522,EHR_READ,EP-IND-05507
BC-05508,2026-01-01 13:11:20+00:00,0,IOMT-034,S-IOMT-034-523,EHR_READ,EP-IND-05508
BC-05509,2026-01-01 13:11:25+00:00,0,IOMT-003,S-IOMT-003-524,EHR_READ,EP-IND-05509
BC-05510,2026-01-01 13:11:29+00:00,0,IOMT-008,S-IOMT-008-525,RESEARCH,EP-IND-05510
BC-05511,2026-01-01 13:11:41+00:00,0,IOMT-028,S-IOMT-028-526,EHR_READ,EP-IND-05511
BC-05512,2026-01-01 13:12:10+00:00,0,IOMT-043,S-IOMT-043-527,LAB_RESULTS,EP-IND-05512
BC-05513,2026-01-01 13:12:17+00:00,0,IOMT-019,S-IOMT-019-528,RESEARCH,EP-IND-05513
BC-05514,2026-01-01 13:12:23+00:00,0,IOMT-042,S-IOMT-042-529,EHR_WRITE,EP-IND-05514
BC-05515,2026-01-01 13:12:24+00:00,0,IOMT-014,S-IOMT-014-530,LAB_RESULTS,EP-IND-05515
BC-05516,2026-01-01 13:12:25+00:00,0,IOMT-006,S-IOMT-006-531,LAB_RESULTS,EP-IND-05516
BC-05517,2026-01-01 13:12:25+00:00,0,IOMT-009,S-IOMT-009-532,EHR_READ,EP-IND-05517
BC-05518,2026-01-01 13:12:28+00:00,0,IOMT-039,S-IOMT-039-533,EHR_WRITE,EP-IND-05518
BC-05519,2026-01-01 13:12:45+00:00,0,IOMT-025,S-IOMT-025-534,LAB_RESULTS,EP-IND-05519
BC-05520,2026-01-01 13:12:50+00:00,0,IOMT-032,S-IOMT-032-535,EHR_WRITE,EP-IND-05520
BC-05521,2026-01-01 13:13:11+00:00,0,IOMT-041,S-IOMT-041-536,RESEARCH,EP-IND-05521
BC-05522,2026-01-01 13:13:18+00:00,0,IOMT-023,S-IOMT-023-537,EHR_WRITE,EP-IND-05522
BC-05523,2026-01-01 13:13:51+00:00,0,IOMT-029,S-IOMT-029-538,LAB_RESULTS,EP-IND-05523
BC-05524,2026-01-01 13:14:11+00:00,0,IOMT-028,S-IOMT-028-539,LAB_RESULTS,EP-IND-05524
BC-05525,2026-01-01 13:14:21+00:00,0,IOMT-025,S-IOMT-025-540,RESEARCH,EP-IND-05525
BC-05526,2026-01-01 13:14:21+00:00,0,IOMT-038,S-IOMT-038-541,EHR_WRITE,EP-IND-05526
BC-05527,2026-01-01 13:14:22+00:00,0,IOMT-042,S-IOMT-042-542,IMAGING,EP-IND-05527
BC-05528,2026-01-01 13:14:26+00:00,0,IOMT-033,S-IOMT-033-543,RESEARCH,EP-IND-05528
BC-05529,2026-01-01 13:14:40+00:00,0,IOMT-020,S-IOMT-020-544,LAB_RESULTS,EP-IND-05529
BC-05530,2026-01-01 13:14:44+00:00,0,IOMT-026,S-IOMT-026-545,RESEARCH,EP-IND-05530
BC-05531,2026-01-01 13:14:56+00:00,0,IOMT-042,S-IOMT-042-546,LAB_RESULTS,EP-IND-05531
BC-05532,2026-01-01 13:14:58+00:00,0,IOMT-016,S-IOMT-016-547,EHR_WRITE,EP-IND-05532
BC-05533,2026-01-01 13:15:04+00:00,0,IOMT-042,S-IOMT-042-548,EHR_READ,EP-IND-05533
BC-05534,2026-01-01 13:15:11+00:00,0,IOMT-040,S-IOMT-040-549,RESEARCH,EP-IND-05534
BC-05535,2026-01-01 13:15:21+00:00,0,IOMT-006,S-IOMT-006-550,EHR_READ,EP-IND-05535
BC-05536,2026-01-01 13:15:33+00:00,1,IOMT-022,S-IOMT-022-551,RESEARCH,EP-IND-05536
BC-05537,2026-01-01 13:15:35+00:00,0,IOMT-041,S-IOMT-041-552,RESEARCH,EP-IND-05537
BC-05538,2026-01-01 13:15:40+00:00,0,IOMT-022,S-IOMT-022-553,IMAGING,EP-IND-05538
BC-05539,2026-01-01 13:15:48+00:00,0,IOMT-042,S-IOMT-042-554,RESEARCH,EP-IND-05539
BC-05540,2026-01-01 13:15:53+00:00,0,IOMT-013,S-IOMT-013-555,LAB_RESULTS,EP-IND-05540
BC-05541,2026-01-01 13:15:58+00:00,0,IOMT-001,S-IOMT-001-556,EHR_WRITE,EP-IND-05541
BC-05542,2026-01-01 13:16:08+00:00,0,IOMT-014,S-IOMT-014-557,EHR_READ,EP-IND-05542
BC-05543,2026-01-01 13:16:08+00:00,0,IOMT-002,S-IOMT-002-558,LAB_RESULTS,EP-IND-05543
BC-05544,2026-01-01 13:16:14+00:00,0,IOMT-031,S-IOMT-031-559,EHR_READ,EP-IND-05544
BC-05545,2026-01-01 13:16:18+00:00,0,IOMT-044,S-IOMT-044-560,RESEARCH,EP-IND-05545
BC-05546,2026-01-01 13:16:40+00:00,0,IOMT-009,S-IOMT-009-561,EHR_WRITE,EP-IND-05546
BC-05547,2026-01-01 13:16:48+00:00,0,IOMT-033,S-IOMT-033-562,RESEARCH,EP-IND-05547
BC-05548,2026-01-01 13:16:53+00:00,0,IOMT-049,S-IOMT-049-563,EHR_READ,EP-IND-05548
BC-05549,2026-01-01 13:17:29+00:00,0,IOMT-029,S-IOMT-029-564,RESEARCH,EP-IND-05549
BC-05550,2026-01-01 13:17:34+00:00,0,IOMT-022,S-IOMT-022-565,EHR_READ,EP-IND-05550
BC-05551,2026-01-01 13:17:43+00:00,0,IOMT-027,S-IOMT-027-566,RESEARCH,EP-IND-05551
BC-05552,2026-01-01 13:17:49+00:00,0,IOMT-005,S-IOMT-005-567,IMAGING,EP-IND-05552
BC-05553,2026-01-01 13:17:59+00:00,0,IOMT-018,S-IOMT-018-568,LAB_RESULTS,EP-IND-05553
BC-05554,2026-01-01 13:18:23+00:00,0,IOMT-004,S-IOMT-004-569,EHR_WRITE,EP-IND-05554
BC-05555,2026-01-01 13:18:23+00:00,0,IOMT-032,S-IOMT-032-570,EHR_WRITE,EP-IND-05555
BC-05556,2026-01-01 13:18:23+00:00,0,IOMT-048,S-IOMT-048-571,EHR_WRITE,EP-IND-05556
BC-05557,2026-01-01 13:18:25+00:00,0,IOMT-041,S-IOMT-041-572,LAB_RESULTS,EP-IND-05557
BC-05558,2026-01-01 13:18:29+00:00,0,IOMT-012,S-IOMT-012-573,EHR_READ,EP-IND-05558
BC-05559,2026-01-01 13:18:39+00:00,0,IOMT-046,S-IOMT-046-574,EHR_WRITE,EP-IND-05559
BC-05560,2026-01-01 13:18:43+00:00,0,IOMT-028,S-IOMT-028-575,EHR_READ,EP-IND-05560
BC-05561,2026-01-01 13:18:49+00:00,0,IOMT-030,S-IOMT-030-576,EHR_READ,EP-IND-05561
BC-05562,2026-01-01 13:18:56+00:00,0,IOMT-030,S-IOMT-030-577,IMAGING,EP-IND-05562
BC-05563,2026-01-01 13:19:09+00:00,0,IOMT-019,S-IOMT-019-578,IMAGING,EP-IND-05563
BC-05564,2026-01-01 13:19:12+00:00,0,IOMT-036,S-IOMT-036-579,EHR_WRITE,EP-IND-05564
BC-05565,2026-01-01 13:19:13+00:00,0,IOMT-037,S-IOMT-037-580,RESEARCH,EP-IND-05565
BC-05566,2026-01-01 13:19:22+00:00,0,IOMT-009,S-IOMT-009-581,LAB_RESULTS,EP-IND-05566
BC-05567,2026-01-01 13:19:42+00:00,0,IOMT-012,S-IOMT-012-582,EHR_READ,EP-IND-05567
BC-05568,2026-01-01 13:20:38+00:00,0,IOMT-047,S-IOMT-047-583,RESEARCH,EP-IND-05568
BC-05569,2026-01-01 13:20:40+00:00,0,IOMT-038,S-IOMT-038-584,IMAGING,EP-IND-05569
BC-05570,2026-01-01 13:20:48+00:00,0,IOMT-016,S-IOMT-016-585,RESEARCH,EP-IND-05570
BC-05571,2026-01-01 13:20:50+00:00,0,IOMT-037,S-IOMT-037-586,EHR_WRITE,EP-IND-05571
BC-05572,2026-01-01 13:20:57+00:00,0,IOMT-009,S-IOMT-009-587,IMAGING,EP-IND-05572
BC-05573,2026-01-01 13:20:59+00:00,0,IOMT-019,S-IOMT-019-588,IMAGING,EP-IND-05573
BC-05574,2026-01-01 13:21:13+00:00,0,IOMT-008,S-IOMT-008-589,LAB_RESULTS,EP-IND-05574
BC-05575,2026-01-01 13:21:15+00:00,0,IOMT-022,S-IOMT-022-590,RESEARCH,EP-IND-05575
BC-05576,2026-01-01 13:21:33+00:00,0,IOMT-030,S-IOMT-030-591,RESEARCH,EP-IND-05576
BC-05577,2026-01-01 13:21:48+00:00,0,IOMT-005,S-IOMT-005-592,EHR_WRITE,EP-IND-05577
BC-05578,2026-01-01 13:21:48+00:00,0,IOMT-031,S-IOMT-031-593,RESEARCH,EP-IND-05578
BC-05579,2026-01-01 13:21:53+00:00,0,IOMT-002,S-IOMT-002-594,EHR_READ,EP-IND-05579
BC-05580,2026-01-01 13:21:53+00:00,0,IOMT-024,S-IOMT-024-595,RESEARCH,EP-IND-05580
BC-05581,2026-01-01 13:22:01+00:00,0,IOMT-011,S-IOMT-011-596,EHR_READ,EP-IND-05581
BC-05582,2026-01-01 13:22:05+00:00,0,IOMT-038,S-IOMT-038-597,LAB_RESULTS,EP-IND-05582
BC-05583,2026-01-01 13:22:09+00:00,0,IOMT-018,S-IOMT-018-598,EHR_WRITE,EP-IND-05583
BC-05584,2026-01-01 13:22:15+00:00,0,IOMT-007,S-IOMT-007-599,EHR_READ,EP-IND-05584
BC-05585,2026-01-01 13:22:17+00:00,0,IOMT-013,S-IOMT-013-600,EHR_READ,EP-IND-05585
BC-05586,2026-01-01 13:22:26+00:00,0,IOMT-010,S-IOMT-010-601,EHR_READ,EP-IND-05586
BC-05587,2026-01-01 13:22:41+00:00,0,IOMT-044,S-IOMT-044-602,EHR_WRITE,EP-IND-05587
BC-05588,2026-01-01 13:22:48+00:00,0,IOMT-005,S-IOMT-005-603,EHR_WRITE,EP-IND-05588
BC-05589,2026-01-01 13:22:52+00:00,0,IOMT-008,S-IOMT-008-604,IMAGING,EP-IND-05589
BC-05590,2026-01-01 13:23:00+00:00,0,IOMT-034,S-IOMT-034-605,LAB_RESULTS,EP-IND-05590
BC-05591,2026-01-01 13:23:02+00:00,0,IOMT-003,S-IOMT-003-606,RESEARCH,EP-IND-05591
BC-05592,2026-01-01 13:23:03+00:00,1,IOMT-008,S-IOMT-008-607,EHR_READ,EP-IND-05592
BC-05593,2026-01-01 13:23:17+00:00,0,IOMT-043,S-IOMT-043-608,EHR_READ,EP-IND-05593
BC-05594,2026-01-01 13:23:20+00:00,0,IOMT-026,S-IOMT-026-609,EHR_READ,EP-IND-05594
BC-05595,2026-01-01 13:23:26+00:00,0,IOMT-042,S-IOMT-042-610,LAB_RESULTS,EP-IND-05595
BC-05596,2026-01-01 13:23:28+00:00,0,IOMT-027,S-IOMT-027-611,EHR_READ,EP-IND-05596
BC-05597,2026-01-01 13:23:38+00:00,0,IOMT-035,S-IOMT-035-612,RESEARCH,EP-IND-05597
BC-05598,2026-01-01 13:23:59+00:00,0,IOMT-027,S-IOMT-027-613,IMAGING,EP-IND-05598
BC-05599,2026-01-01 13:24:05+00:00,0,IOMT-007,S-IOMT-007-614,RESEARCH,EP-IND-05599
BC-05600,2026-01-01 13:24:06+00:00,0,IOMT-030,S-IOMT-030-615,EHR_READ,EP-IND-05600
BC-05601,2026-01-01 13:24:11+00:00,0,IOMT-037,S-IOMT-037-616,EHR_WRITE,EP-IND-05601
BC-05602,2026-01-01 13:24:14+00:00,0,IOMT-036,S-IOMT-036-617,EHR_WRITE,EP-IND-05602
BC-05603,2026-01-01 13:24:19+00:00,0,IOMT-033,S-IOMT-033-618,EHR_WRITE,EP-IND-05603
BC-05604,2026-01-01 13:24:23+00:00,0,IOMT-013,S-IOMT-013-619,EHR_WRITE,EP-IND-05604
BC-05605,2026-01-01 13:24:29+00:00,0,IOMT-007,S-IOMT-007-620,IMAGING,EP-IND-05605
BC-05606,2026-01-01 13:25:02+00:00,0,IOMT-002,S-IOMT-002-621,EHR_WRITE,EP-IND-05606
BC-05607,2026-01-01 13:25:12+00:00,0,IOMT-033,S-IOMT-033-622,IMAGING,EP-IND-05607
BC-05608,2026-01-01 13:25:29+00:00,0,IOMT-034,S-IOMT-034-623,RESEARCH,EP-IND-05608
BC-05609,2026-01-01 13:25:32+00:00,0,IOMT-029,S-IOMT-029-624,RESEARCH,EP-IND-05609
BC-05610,2026-01-01 13:25:33+00:00,0,IOMT-033,S-IOMT-033-625,IMAGING,EP-IND-05610
BC-05611,2026-01-01 13:25:34+00:00,0,IOMT-025,S-IOMT-025-626,EHR_READ,EP-IND-05611
BC-05612,2026-01-01 13:25:35+00:00,0,IOMT-014,S-IOMT-014-627,RESEARCH,EP-IND-05612
BC-05613,2026-01-01 13:25:38+00:00,0,IOMT-049,S-IOMT-049-628,EHR_WRITE,EP-IND-05613
BC-05614,2026-01-01 13:25:41+00:00,0,IOMT-018,S-IOMT-018-629,RESEARCH,EP-IND-05614
BC-05615,2026-01-01 13:25:41+00:00,0,IOMT-011,S-IOMT-011-630,EHR_WRITE,EP-IND-05615
BC-05616,2026-01-01 13:25:55+00:00,0,IOMT-046,S-IOMT-046-631,LAB_RESULTS,EP-IND-05616
BC-05617,2026-01-01 13:26:03+00:00,0,IOMT-005,S-IOMT-005-632,LAB_RESULTS,EP-IND-05617
BC-05618,2026-01-01 13:26:03+00:00,1,IOMT-044,S-IOMT-044-633,EHR_WRITE,EP-IND-05618
BC-05619,2026-01-01 13:26:04+00:00,0,IOMT-045,S-IOMT-045-634,EHR_WRITE,EP-IND-05619
BC-05620,2026-01-01 13:26:09+00:00,0,IOMT-040,S-IOMT-040-635,LAB_RESULTS,EP-IND-05620
BC-05621,2026-01-01 13:26:16+00:00,0,IOMT-035,S-IOMT-035-636,EHR_READ,EP-IND-05621
BC-05622,2026-01-01 13:26:22+00:00,0,IOMT-000,S-IOMT-000-637,EHR_READ,EP-IND-05622
BC-05623,2026-01-01 13:26:24+00:00,0,IOMT-001,S-IOMT-001-638,EHR_WRITE,EP-IND-05623
BC-05624,2026-01-01 13:26:24+00:00,0,IOMT-040,S-IOMT-040-639,LAB_RESULTS,EP-IND-05624
BC-05625,2026-01-01 13:26:26+00:00,0,IOMT-002,S-IOMT-002-640,IMAGING,EP-IND-05625
BC-05626,2026-01-01 13:26:36+00:00,0,IOMT-048,S-IOMT-048-641,RESEARCH,EP-IND-05626
BC-05627,2026-01-01 13:26:37+00:00,0,IOMT-021,S-IOMT-021-642,IMAGING,EP-IND-05627
BC-05628,2026-01-01 13:26:42+00:00,0,IOMT-003,S-IOMT-003-643,IMAGING,EP-IND-05628
BC-05629,2026-01-01 13:27:03+00:00,0,IOMT-031,S-IOMT-031-644,EHR_READ,EP-IND-05629
BC-05630,2026-01-01 13:27:08+00:00,0,IOMT-030,S-IOMT-030-645,RESEARCH,EP-IND-05630
BC-05631,2026-01-01 13:27:12+00:00,0,IOMT-039,S-IOMT-039-646,LAB_RESULTS,EP-IND-05631
BC-05632,2026-01-01 13:27:25+00:00,0,IOMT-011,S-IOMT-011-647,IMAGING,EP-IND-05632
BC-05633,2026-01-01 13:27:27+00:00,0,IOMT-011,S-IOMT-011-648,EHR_WRITE,EP-IND-05633
BC-05634,2026-01-01 13:27:39+00:00,0,IOMT-024,S-IOMT-024-649,RESEARCH,EP-IND-05634
BC-05635,2026-01-01 13:27:47+00:00,0,IOMT-045,S-IOMT-045-650,RESEARCH,EP-IND-05635
BC-05636,2026-01-01 13:27:51+00:00,0,IOMT-018,S-IOMT-018-651,LAB_RESULTS,EP-IND-05636
BC-05637,2026-01-01 13:28:10+00:00,0,IOMT-021,S-IOMT-021-652,RESEARCH,EP-IND-05637
BC-05638,2026-01-01 13:28:10+00:00,0,IOMT-037,S-IOMT-037-653,LAB_RESULTS,EP-IND-05638
BC-05639,2026-01-01 13:28:14+00:00,0,IOMT-043,S-IOMT-043-654,EHR_WRITE,EP-IND-05639
BC-05640,2026-01-01 13:28:19+00:00,0,IOMT-017,S-IOMT-017-655,LAB_RESULTS,EP-IND-05640
BC-05641,2026-01-01 13:28:21+00:00,0,IOMT-035,S-IOMT-035-656,LAB_RESULTS,EP-IND-05641
BC-05642,2026-01-01 13:28:21+00:00,0,IOMT-021,S-IOMT-021-657,EHR_READ,EP-IND-05642
BC-05643,2026-01-01 13:28:22+00:00,0,IOMT-025,S-IOMT-025-658,EHR_WRITE,EP-IND-05643
BC-05644,2026-01-01 13:28:29+00:00,0,IOMT-008,S-IOMT-008-659,RESEARCH,EP-IND-05644
BC-05645,2026-01-01 13:28:33+00:00,0,IOMT-014,S-IOMT-014-660,RESEARCH,EP-IND-05645
BC-05646,2026-01-01 13:28:39+00:00,0,IOMT-012,S-IOMT-012-661,RESEARCH,EP-IND-05646
BC-05647,2026-01-01 13:28:40+00:00,0,IOMT-016,S-IOMT-016-662,EHR_WRITE,EP-IND-05647
BC-05648,2026-01-01 13:28:41+00:00,0,IOMT-018,S-IOMT-018-663,LAB_RESULTS,EP-IND-05648
BC-05649,2026-01-01 13:28:46+00:00,0,IOMT-006,S-IOMT-006-664,RESEARCH,EP-IND-05649
BC-05650,2026-01-01 13:28:58+00:00,0,IOMT-015,S-IOMT-015-665,IMAGING,EP-IND-05650
BC-05651,2026-01-01 13:29:10+00:00,0,IOMT-022,S-IOMT-022-666,EHR_READ,EP-IND-05651
BC-05652,2026-01-01 13:29:21+00:00,0,IOMT-032,S-IOMT-032-667,EHR_READ,EP-IND-05652
BC-05653,2026-01-01 13:29:24+00:00,0,IOMT-042,S-IOMT-042-668,EHR_READ,EP-IND-05653
BC-05654,2026-01-01 13:29:26+00:00,0,IOMT-047,S-IOMT-047-669,IMAGING,EP-IND-05654
BC-05655,2026-01-01 13:29:35+00:00,0,IOMT-002,S-IOMT-002-670,LAB_RESULTS,EP-IND-05655
BC-05656,2026-01-01 13:29:40+00:00,0,IOMT-018,S-IOMT-018-671,LAB_RESULTS,EP-IND-05656
BC-05657,2026-01-01 13:29:49+00:00,0,IOMT-035,S-IOMT-035-672,EHR_WRITE,EP-IND-05657
BC-05658,2026-01-01 13:29:53+00:00,0,IOMT-014,S-IOMT-014-673,EHR_READ,EP-IND-05658
BC-05659,2026-01-01 13:29:58+00:00,0,IOMT-033,S-IOMT-033-674,RESEARCH,EP-IND-05659
BC-05660,2026-01-01 13:30:03+00:00,0,IOMT-015,S-IOMT-015-675,EHR_WRITE,EP-IND-05660
BC-05661,2026-01-01 13:30:09+00:00,0,IOMT-000,S-IOMT-000-676,EHR_READ,EP-IND-05661
BC-05662,2026-01-01 13:30:18+00:00,0,IOMT-026,S-IOMT-026-677,IMAGING,EP-IND-05662
BC-05663,2026-01-01 13:30:42+00:00,0,IOMT-021,S-IOMT-021-678,EHR_WRITE,EP-IND-05663
BC-05664,2026-01-01 13:30:56+00:00,0,IOMT-017,S-IOMT-017-679,EHR_READ,EP-IND-05664
BC-05665,2026-01-01 13:31:00+00:00,0,IOMT-019,S-IOMT-019-680,RESEARCH,EP-IND-05665
BC-05666,2026-01-01 13:31:04+00:00,0,IOMT-023,S-IOMT-023-681,LAB_RESULTS,EP-IND-05666
BC-05667,2026-01-01 13:31:13+00:00,0,IOMT-040,S-IOMT-040-682,EHR_WRITE,EP-IND-05667
BC-05668,2026-01-01 13:31:24+00:00,0,IOMT-047,S-IOMT-047-683,RESEARCH,EP-IND-05668
BC-05669,2026-01-01 13:31:32+00:00,0,IOMT-045,S-IOMT-045-684,IMAGING,EP-IND-05669
BC-05670,2026-01-01 13:31:41+00:00,0,IOMT-025,S-IOMT-025-685,EHR_WRITE,EP-IND-05670
BC-05671,2026-01-01 13:32:01+00:00,0,IOMT-025,S-IOMT-025-686,EHR_WRITE,EP-IND-05671
BC-05672,2026-01-01 13:32:37+00:00,0,IOMT-010,S-IOMT-010-687,EHR_WRITE,EP-IND-05672
BC-05673,2026-01-01 13:32:50+00:00,0,IOMT-043,S-IOMT-043-688,LAB_RESULTS,EP-IND-05673
BC-05674,2026-01-01 13:33:29+00:00,0,IOMT-044,S-IOMT-044-689,EHR_WRITE,EP-IND-05674
BC-05675,2026-01-01 13:33:45+00:00,0,IOMT-035,S-IOMT-035-690,IMAGING,EP-IND-05675
BC-05676,2026-01-01 13:33:53+00:00,0,IOMT-039,S-IOMT-039-691,EHR_WRITE,EP-IND-05676
BC-05677,2026-01-01 13:34:06+00:00,0,IOMT-001,S-IOMT-001-692,LAB_RESULTS,EP-IND-05677
BC-05678,2026-01-01 13:34:16+00:00,0,IOMT-026,S-IOMT-026-693,EHR_WRITE,EP-IND-05678
BC-05679,2026-01-01 13:34:20+00:00,0,IOMT-018,S-IOMT-018-694,EHR_READ,EP-IND-05679
BC-05680,2026-01-01 13:34:25+00:00,0,IOMT-040,S-IOMT-040-695,RESEARCH,EP-IND-05680
BC-05681,2026-01-01 13:34:27+00:00,0,IOMT-024,S-IOMT-024-696,RESEARCH,EP-IND-05681
BC-05682,2026-01-01 13:34:35+00:00,0,IOMT-031,S-IOMT-031-697,LAB_RESULTS,EP-IND-05682
BC-05683,2026-01-01 13:34:37+00:00,0,IOMT-044,S-IOMT-044-698,RESEARCH,EP-IND-05683
BC-05684,2026-01-01 13:34:43+00:00,0,IOMT-016,S-IOMT-016-699,IMAGING,EP-IND-05684
BC-05685,2026-01-01 13:35:01+00:00,0,IOMT-026,S-IOMT-026-700,LAB_RESULTS,EP-IND-05685
BC-05686,2026-01-01 13:35:32+00:00,0,IOMT-035,S-IOMT-035-701,LAB_RESULTS,EP-IND-05686
BC-05687,2026-01-01 13:35:37+00:00,0,IOMT-024,S-IOMT-024-702,EHR_WRITE,EP-IND-05687
BC-05688,2026-01-01 13:35:54+00:00,0,IOMT-035,S-IOMT-035-703,EHR_WRITE,EP-IND-05688
BC-05689,2026-01-01 13:36:06+00:00,0,IOMT-037,S-IOMT-037-704,RESEARCH,EP-IND-05689
BC-05690,2026-01-01 13:36:19+00:00,0,IOMT-039,S-IOMT-039-705,EHR_WRITE,EP-IND-05690
BC-05691,2026-01-01 13:36:19+00:00,0,IOMT-039,S-IOMT-039-706,LAB_RESULTS,EP-IND-05691
BC-05692,2026-01-01 13:36:29+00:00,0,IOMT-025,S-IOMT-025-707,EHR_WRITE,EP-IND-05692
BC-05693,2026-01-01 13:36:34+00:00,0,IOMT-014,S-IOMT-014-708,EHR_READ,EP-IND-05693
BC-05694,2026-01-01 13:36:42+00:00,0,IOMT-009,S-IOMT-009-709,EHR_WRITE,EP-IND-05694
BC-05695,2026-01-01 13:36:51+00:00,0,IOMT-035,S-IOMT-035-710,EHR_READ,EP-IND-05695
BC-05696,2026-01-01 13:36:57+00:00,0,IOMT-036,S-IOMT-036-711,RESEARCH,EP-IND-05696
BC-05697,2026-01-01 13:37:32+00:00,0,IOMT-049,S-IOMT-049-712,LAB_RESULTS,EP-IND-05697
BC-05698,2026-01-01 13:37:44+00:00,0,IOMT-049,S-IOMT-049-713,EHR_WRITE,EP-IND-05698
BC-05699,2026-01-01 13:38:03+00:00,0,IOMT-032,S-IOMT-032-714,EHR_READ,EP-IND-05699
BC-05700,2026-01-01 13:38:17+00:00,0,IOMT-033,S-IOMT-033-715,EHR_WRITE,EP-IND-05700
BC-05701,2026-01-01 13:38:21+00:00,0,IOMT-034,S-IOMT-034-716,IMAGING,EP-IND-05701
BC-05702,2026-01-01 13:38:26+00:00,0,IOMT-041,S-IOMT-041-717,EHR_READ,EP-IND-05702
BC-05703,2026-01-01 13:38:30+00:00,0,IOMT-038,S-IOMT-038-718,LAB_RESULTS,EP-IND-05703
BC-05704,2026-01-01 13:38:34+00:00,0,IOMT-042,S-IOMT-042-719,EHR_WRITE,EP-IND-05704
BC-05705,2026-01-01 13:38:38+00:00,0,IOMT-022,S-IOMT-022-720,EHR_WRITE,EP-IND-05705
BC-05706,2026-01-01 13:39:20+00:00,0,IOMT-036,S-IOMT-036-721,LAB_RESULTS,EP-IND-05706
BC-05707,2026-01-01 13:39:22+00:00,0,IOMT-040,S-IOMT-040-722,EHR_WRITE,EP-IND-05707
BC-05708,2026-01-01 13:39:27+00:00,0,IOMT-043,S-IOMT-043-723,EHR_READ,EP-IND-05708
BC-05709,2026-01-01 13:39:27+00:00,0,IOMT-003,S-IOMT-003-724,LAB_RESULTS,EP-IND-05709
BC-05710,2026-01-01 13:39:30+00:00,0,IOMT-016,S-IOMT-016-725,LAB_RESULTS,EP-IND-05710
BC-05711,2026-01-01 13:39:36+00:00,0,IOMT-025,S-IOMT-025-726,LAB_RESULTS,EP-IND-05711
BC-05712,2026-01-01 13:39:40+00:00,0,IOMT-003,S-IOMT-003-727,LAB_RESULTS,EP-IND-05712
BC-05713,2026-01-01 13:39:43+00:00,0,IOMT-028,S-IOMT-028-728,EHR_READ,EP-IND-05713
BC-05714,2026-01-01 13:39:45+00:00,0,IOMT-044,S-IOMT-044-729,RESEARCH,EP-IND-05714
BC-05715,2026-01-01 13:39:54+00:00,0,IOMT-000,S-IOMT-000-730,EHR_WRITE,EP-IND-05715
BC-05716,2026-01-01 13:39:58+00:00,0,IOMT-049,S-IOMT-049-731,LAB_RESULTS,EP-IND-05716
BC-05717,2026-01-01 13:39:59+00:00,0,IOMT-012,S-IOMT-012-732,LAB_RESULTS,EP-IND-05717
BC-05718,2026-01-01 13:40:05+00:00,0,IOMT-011,S-IOMT-011-733,LAB_RESULTS,EP-IND-05718
BC-05719,2026-01-01 13:40:22+00:00,0,IOMT-018,S-IOMT-018-734,IMAGING,EP-IND-05719
BC-05720,2026-01-01 13:40:24+00:00,0,IOMT-026,S-IOMT-026-735,RESEARCH,EP-IND-05720
BC-05721,2026-01-01 13:40:39+00:00,0,IOMT-001,S-IOMT-001-736,LAB_RESULTS,EP-IND-05721
BC-05722,2026-01-01 13:40:42+00:00,0,IOMT-005,S-IOMT-005-737,EHR_READ,EP-IND-05722
BC-05723,2026-01-01 13:40:54+00:00,0,IOMT-015,S-IOMT-015-738,LAB_RESULTS,EP-IND-05723
BC-05724,2026-01-01 13:40:57+00:00,0,IOMT-004,S-IOMT-004-739,LAB_RESULTS,EP-IND-05724
BC-05725,2026-01-01 13:41:09+00:00,0,IOMT-048,S-IOMT-048-740,EHR_WRITE,EP-IND-05725
BC-05726,2026-01-01 13:41:10+00:00,0,IOMT-012,S-IOMT-012-741,IMAGING,EP-IND-05726
BC-05727,2026-01-01 13:41:22+00:00,0,IOMT-015,S-IOMT-015-742,EHR_READ,EP-IND-05727
BC-05728,2026-01-01 13:41:25+00:00,0,IOMT-041,S-IOMT-041-743,RESEARCH,EP-IND-05728
BC-05729,2026-01-01 13:41:29+00:00,0,IOMT-007,S-IOMT-007-744,RESEARCH,EP-IND-05729
BC-05730,2026-01-01 13:41:34+00:00,0,IOMT-018,S-IOMT-018-745,EHR_READ,EP-IND-05730
BC-05731,2026-01-01 13:42:00+00:00,0,IOMT-000,S-IOMT-000-746,EHR_READ,EP-IND-05731
BC-05732,2026-01-01 13:42:11+00:00,0,IOMT-036,S-IOMT-036-747,LAB_RESULTS,EP-IND-05732
BC-05733,2026-01-01 13:42:13+00:00,0,IOMT-001,S-IOMT-001-748,RESEARCH,EP-IND-05733
BC-05734,2026-01-01 13:42:21+00:00,0,IOMT-008,S-IOMT-008-749,EHR_WRITE,EP-IND-05734
BC-05735,2026-01-01 13:42:22+00:00,0,IOMT-046,S-IOMT-046-750,EHR_WRITE,EP-IND-05735
BC-05736,2026-01-01 13:42:28+00:00,0,IOMT-021,S-IOMT-021-751,LAB_RESULTS,EP-IND-05736
BC-05737,2026-01-01 13:42:44+00:00,0,IOMT-030,S-IOMT-030-752,EHR_READ,EP-IND-05737
BC-05738,2026-01-01 13:42:44+00:00,0,IOMT-025,S-IOMT-025-753,RESEARCH,EP-IND-05738
BC-05739,2026-01-01 13:42:49+00:00,0,IOMT-007,S-IOMT-007-754,EHR_WRITE,EP-IND-05739
BC-05740,2026-01-01 13:42:52+00:00,0,IOMT-048,S-IOMT-048-755,EHR_WRITE,EP-IND-05740
BC-05741,2026-01-01 13:42:58+00:00,0,IOMT-004,S-IOMT-004-756,RESEARCH,EP-IND-05741
BC-05742,2026-01-01 13:43:09+00:00,0,IOMT-032,S-IOMT-032-757,EHR_READ,EP-IND-05742
BC-05743,2026-01-01 13:43:11+00:00,0,IOMT-029,S-IOMT-029-758,EHR_WRITE,EP-IND-05743
BC-05744,2026-01-01 13:43:12+00:00,0,IOMT-042,S-IOMT-042-759,EHR_READ,EP-IND-05744
BC-05745,2026-01-01 13:43:13+00:00,0,IOMT-010,S-IOMT-010-760,LAB_RESULTS,EP-IND-05745
BC-05746,2026-01-01 13:43:25+00:00,0,IOMT-037,S-IOMT-037-761,IMAGING,EP-IND-05746
BC-05747,2026-01-01 13:43:28+00:00,0,IOMT-017,S-IOMT-017-762,EHR_WRITE,EP-IND-05747
BC-05748,2026-01-01 13:43:31+00:00,0,IOMT-045,S-IOMT-045-763,LAB_RESULTS,EP-IND-05748
BC-05749,2026-01-01 13:43:51+00:00,0,IOMT-042,S-IOMT-042-764,LAB_RESULTS,EP-IND-05749
BC-05750,2026-01-01 13:44:02+00:00,0,IOMT-045,S-IOMT-045-765,EHR_READ,EP-IND-05750
BC-05751,2026-01-01 13:44:03+00:00,0,IOMT-048,S-IOMT-048-766,EHR_WRITE,EP-IND-05751
BC-05752,2026-01-01 13:44:19+00:00,0,IOMT-048,S-IOMT-048-767,LAB_RESULTS,EP-IND-05752
BC-05753,2026-01-01 13:44:30+00:00,0,IOMT-020,S-IOMT-020-768,EHR_READ,EP-IND-05753
BC-05754,2026-01-01 13:44:39+00:00,0,IOMT-000,S-IOMT-000-769,RESEARCH,EP-IND-05754
BC-05755,2026-01-01 13:44:50+00:00,0,IOMT-045,S-IOMT-045-770,EHR_WRITE,EP-IND-05755
BC-05756,2026-01-01 13:44:59+00:00,0,IOMT-017,S-IOMT-017-771,EHR_WRITE,EP-IND-05756
BC-05757,2026-01-01 13:45:05+00:00,0,IOMT-007,S-IOMT-007-772,EHR_WRITE,EP-IND-05757
BC-05758,2026-01-01 13:45:10+00:00,0,IOMT-011,S-IOMT-011-773,RESEARCH,EP-IND-05758
BC-05759,2026-01-01 13:45:15+00:00,0,IOMT-007,S-IOMT-007-774,RESEARCH,EP-IND-05759
BC-05760,2026-01-01 13:45:17+00:00,0,IOMT-008,S-IOMT-008-775,IMAGING,EP-IND-05760
BC-05761,2026-01-01 13:45:21+00:00,0,IOMT-003,S-IOMT-003-776,RESEARCH,EP-IND-05761
BC-05762,2026-01-01 13:45:22+00:00,0,IOMT-040,S-IOMT-040-777,IMAGING,EP-IND-05762
BC-05763,2026-01-01 13:45:24+00:00,0,IOMT-029,S-IOMT-029-778,IMAGING,EP-IND-05763
BC-05764,2026-01-01 13:45:37+00:00,0,IOMT-047,S-IOMT-047-779,RESEARCH,EP-IND-05764
BC-05765,2026-01-01 13:45:38+00:00,0,IOMT-021,S-IOMT-021-780,IMAGING,EP-IND-05765
BC-05766,2026-01-01 13:45:39+00:00,0,IOMT-031,S-IOMT-031-781,RESEARCH,EP-IND-05766
BC-05767,2026-01-01 13:45:43+00:00,0,IOMT-012,S-IOMT-012-782,EHR_READ,EP-IND-05767
BC-05768,2026-01-01 13:46:06+00:00,0,IOMT-048,S-IOMT-048-783,EHR_WRITE,EP-IND-05768
BC-05769,2026-01-01 13:46:15+00:00,0,IOMT-030,S-IOMT-030-784,LAB_RESULTS,EP-IND-05769
BC-05770,2026-01-01 13:46:16+00:00,0,IOMT-000,S-IOMT-000-785,EHR_WRITE,EP-IND-05770
BC-05771,2026-01-01 13:46:22+00:00,0,IOMT-039,S-IOMT-039-786,EHR_WRITE,EP-IND-05771
BC-05772,2026-01-01 13:46:26+00:00,0,IOMT-002,S-IOMT-002-787,EHR_WRITE,EP-IND-05772
BC-05773,2026-01-01 13:46:33+00:00,0,IOMT-000,S-IOMT-000-788,RESEARCH,EP-IND-05773
BC-05774,2026-01-01 13:46:45+00:00,0,IOMT-025,S-IOMT-025-789,IMAGING,EP-IND-05774
BC-05775,2026-01-01 13:46:46+00:00,0,IOMT-017,S-IOMT-017-790,IMAGING,EP-IND-05775
BC-05776,2026-01-01 13:46:48+00:00,0,IOMT-024,S-IOMT-024-791,RESEARCH,EP-IND-05776
BC-05777,2026-01-01 13:46:52+00:00,0,IOMT-043,S-IOMT-043-792,LAB_RESULTS,EP-IND-05777
BC-05778,2026-01-01 13:47:00+00:00,0,IOMT-001,S-IOMT-001-793,EHR_WRITE,EP-IND-05778
BC-05779,2026-01-01 13:47:00+00:00,0,IOMT-014,S-IOMT-014-794,EHR_READ,EP-IND-05779
BC-05780,2026-01-01 13:47:03+00:00,0,IOMT-040,S-IOMT-040-795,EHR_READ,EP-IND-05780
BC-05781,2026-01-01 13:47:18+00:00,0,IOMT-027,S-IOMT-027-796,IMAGING,EP-IND-05781
BC-05782,2026-01-01 13:47:23+00:00,0,IOMT-020,S-IOMT-020-797,EHR_WRITE,EP-IND-05782
BC-05783,2026-01-01 13:47:30+00:00,0,IOMT-049,S-IOMT-049-798,EHR_READ,EP-IND-05783
BC-05784,2026-01-01 13:47:38+00:00,0,IOMT-013,S-IOMT-013-799,IMAGING,EP-IND-05784
BC-05785,2026-01-01 13:47:45+00:00,0,IOMT-018,S-IOMT-018-800,IMAGING,EP-IND-05785
BC-05786,2026-01-01 13:47:55+00:00,0,IOMT-005,S-IOMT-005-801,EHR_WRITE,EP-IND-05786
BC-05787,2026-01-01 13:47:58+00:00,0,IOMT-048,S-IOMT-048-802,RESEARCH,EP-IND-05787
BC-05788,2026-01-01 13:47:58+00:00,0,IOMT-011,S-IOMT-011-803,LAB_RESULTS,EP-IND-05788
BC-05789,2026-01-01 13:48:00+00:00,0,IOMT-014,S-IOMT-014-804,EHR_WRITE,EP-IND-05789
BC-05790,2026-01-01 13:48:05+00:00,0,IOMT-021,S-IOMT-021-805,EHR_WRITE,EP-IND-05790
BC-05791,2026-01-01 13:48:05+00:00,0,IOMT-011,S-IOMT-011-806,RESEARCH,EP-IND-05791
BC-05792,2026-01-01 13:48:07+00:00,0,IOMT-003,S-IOMT-003-807,LAB_RESULTS,EP-IND-05792
BC-05793,2026-01-01 13:48:15+00:00,0,IOMT-015,S-IOMT-015-808,EHR_READ,EP-IND-05793
BC-05794,2026-01-01 13:48:47+00:00,0,IOMT-000,S-IOMT-000-809,RESEARCH,EP-IND-05794
BC-05795,2026-01-01 13:48:48+00:00,0,IOMT-038,S-IOMT-038-810,EHR_READ,EP-IND-05795
BC-05796,2026-01-01 13:48:53+00:00,0,IOMT-031,S-IOMT-031-811,LAB_RESULTS,EP-IND-05796
BC-05797,2026-01-01 13:48:55+00:00,0,IOMT-032,S-IOMT-032-812,EHR_WRITE,EP-IND-05797
BC-05798,2026-01-01 13:49:18+00:00,0,IOMT-013,S-IOMT-013-813,LAB_RESULTS,EP-IND-05798
BC-05799,2026-01-01 13:49:23+00:00,0,IOMT-027,S-IOMT-027-814,LAB_RESULTS,EP-IND-05799
BC-05800,2026-01-01 13:49:35+00:00,0,IOMT-000,S-IOMT-000-815,EHR_WRITE,EP-IND-05800
BC-05801,2026-01-01 13:49:47+00:00,0,IOMT-017,S-IOMT-017-816,RESEARCH,EP-IND-05801
BC-05802,2026-01-01 13:49:51+00:00,0,IOMT-044,S-IOMT-044-817,RESEARCH,EP-IND-05802
BC-05803,2026-01-01 13:49:59+00:00,0,IOMT-025,S-IOMT-025-818,IMAGING,EP-IND-05803
BC-05804,2026-01-01 13:50:10+00:00,0,IOMT-031,S-IOMT-031-819,EHR_READ,EP-IND-05804
BC-05805,2026-01-01 13:50:20+00:00,0,IOMT-044,S-IOMT-044-820,EHR_WRITE,EP-IND-05805
BC-05806,2026-01-01 13:50:48+00:00,0,IOMT-006,S-IOMT-006-821,EHR_WRITE,EP-IND-05806
BC-05807,2026-01-01 13:51:03+00:00,0,IOMT-016,S-IOMT-016-822,EHR_WRITE,EP-IND-05807
BC-05808,2026-01-01 13:51:04+00:00,0,IOMT-011,S-IOMT-011-823,EHR_READ,EP-IND-05808
BC-05809,2026-01-01 13:51:14+00:00,0,IOMT-002,S-IOMT-002-824,EHR_READ,EP-IND-05809
BC-05810,2026-01-01 13:52:03+00:00,0,IOMT-005,S-IOMT-005-825,RESEARCH,EP-IND-05810
BC-05811,2026-01-01 13:52:15+00:00,0,IOMT-018,S-IOMT-018-826,EHR_WRITE,EP-IND-05811
BC-05812,2026-01-01 13:52:51+00:00,0,IOMT-017,S-IOMT-017-827,EHR_READ,EP-IND-05812
BC-05813,2026-01-01 13:52:51+00:00,0,IOMT-018,S-IOMT-018-828,IMAGING,EP-IND-05813
BC-05814,2026-01-01 13:52:52+00:00,0,IOMT-036,S-IOMT-036-829,EHR_READ,EP-IND-05814
BC-05815,2026-01-01 13:53:06+00:00,0,IOMT-020,S-IOMT-020-830,RESEARCH,EP-IND-05815
BC-05816,2026-01-01 13:53:33+00:00,0,IOMT-039,S-IOMT-039-831,EHR_WRITE,EP-IND-05816
BC-05817,2026-01-01 13:53:50+00:00,0,IOMT-044,S-IOMT-044-832,EHR_WRITE,EP-IND-05817
BC-05818,2026-01-01 13:54:05+00:00,0,IOMT-013,S-IOMT-013-833,LAB_RESULTS,EP-IND-05818
BC-05819,2026-01-01 13:54:07+00:00,0,IOMT-011,S-IOMT-011-834,RESEARCH,EP-IND-05819
BC-05820,2026-01-01 13:54:14+00:00,0,IOMT-005,S-IOMT-005-835,EHR_WRITE,EP-IND-05820
BC-05821,2026-01-01 13:54:19+00:00,0,IOMT-023,S-IOMT-023-836,EHR_READ,EP-IND-05821
BC-05822,2026-01-01 13:54:27+00:00,0,IOMT-005,S-IOMT-005-837,EHR_READ,EP-IND-05822
BC-05823,2026-01-01 13:54:30+00:00,0,IOMT-023,S-IOMT-023-838,LAB_RESULTS,EP-IND-05823
BC-05824,2026-01-01 13:54:31+00:00,0,IOMT-004,S-IOMT-004-839,EHR_WRITE,EP-IND-05824
BC-05825,2026-01-01 13:54:34+00:00,0,IOMT-002,S-IOMT-002-840,LAB_RESULTS,EP-IND-05825
BC-05826,2026-01-01 13:54:41+00:00,0,IOMT-004,S-IOMT-004-841,EHR_WRITE,EP-IND-05826
BC-05827,2026-01-01 13:54:54+00:00,0,IOMT-023,S-IOMT-023-842,EHR_WRITE,EP-IND-05827
BC-05828,2026-01-01 13:54:58+00:00,0,IOMT-049,S-IOMT-049-843,RESEARCH,EP-IND-05828
BC-05829,2026-01-01 13:55:01+00:00,0,IOMT-018,S-IOMT-018-844,RESEARCH,EP-IND-05829
BC-05830,2026-01-01 13:55:08+00:00,0,IOMT-017,S-IOMT-017-845,RESEARCH,EP-IND-05830
BC-05831,2026-01-01 13:55:11+00:00,0,IOMT-020,S-IOMT-020-846,IMAGING,EP-IND-05831
BC-05832,2026-01-01 13:55:13+00:00,0,IOMT-021,S-IOMT-021-847,RESEARCH,EP-IND-05832
BC-05833,2026-01-01 13:55:23+00:00,0,IOMT-037,S-IOMT-037-848,IMAGING,EP-IND-05833
BC-05834,2026-01-01 13:55:24+00:00,0,IOMT-008,S-IOMT-008-849,IMAGING,EP-IND-05834
BC-05835,2026-01-01 13:55:30+00:00,0,IOMT-017,S-IOMT-017-850,RESEARCH,EP-IND-05835
BC-05836,2026-01-01 13:55:31+00:00,0,IOMT-024,S-IOMT-024-851,EHR_READ,EP-IND-05836
BC-05837,2026-01-01 13:56:38+00:00,0,IOMT-010,S-IOMT-010-852,LAB_RESULTS,EP-IND-05837
BC-05838,2026-01-01 13:56:52+00:00,0,IOMT-000,S-IOMT-000-853,RESEARCH,EP-IND-05838
BC-05839,2026-01-01 13:57:09+00:00,0,IOMT-031,S-IOMT-031-854,RESEARCH,EP-IND-05839
BC-05840,2026-01-01 13:57:29+00:00,0,IOMT-016,S-IOMT-016-855,LAB_RESULTS,EP-IND-05840
BC-05841,2026-01-01 13:57:42+00:00,0,IOMT-024,S-IOMT-024-856,RESEARCH,EP-IND-05841
BC-05842,2026-01-01 13:57:43+00:00,0,IOMT-029,S-IOMT-029-857,LAB_RESULTS,EP-IND-05842
BC-05843,2026-01-01 13:57:46+00:00,0,IOMT-029,S-IOMT-029-858,IMAGING,EP-IND-05843
BC-05844,2026-01-01 13:57:52+00:00,1,IOMT-020,S-IOMT-020-859,EHR_READ,EP-IND-05844
BC-05845,2026-01-01 13:57:57+00:00,0,IOMT-021,S-IOMT-021-860,EHR_WRITE,EP-IND-05845
BC-05846,2026-01-01 13:58:04+00:00,0,IOMT-022,S-IOMT-022-861,LAB_RESULTS,EP-IND-05846
BC-05847,2026-01-01 13:58:11+00:00,0,IOMT-010,S-IOMT-010-862,EHR_WRITE,EP-IND-05847
BC-05848,2026-01-01 13:58:33+00:00,0,IOMT-002,S-IOMT-002-863,LAB_RESULTS,EP-IND-05848
BC-05849,2026-01-01 13:58:33+00:00,0,IOMT-045,S-IOMT-045-864,IMAGING,EP-IND-05849
BC-05850,2026-01-01 13:58:34+00:00,0,IOMT-011,S-IOMT-011-865,LAB_RESULTS,EP-IND-05850
BC-05851,2026-01-01 13:58:46+00:00,0,IOMT-022,S-IOMT-022-866,EHR_WRITE,EP-IND-05851
BC-05852,2026-01-01 13:58:50+00:00,0,IOMT-012,S-IOMT-012-867,RESEARCH,EP-IND-05852
BC-05853,2026-01-01 13:58:53+00:00,0,IOMT-012,S-IOMT-012-868,RESEARCH,EP-IND-05853
BC-05854,2026-01-01 13:59:09+00:00,0,IOMT-036,S-IOMT-036-869,IMAGING,EP-IND-05854
BC-05855,2026-01-01 13:59:22+00:00,0,IOMT-019,S-IOMT-019-870,EHR_WRITE,EP-IND-05855
BC-05856,2026-01-01 13:59:47+00:00,0,IOMT-013,S-IOMT-013-871,EHR_READ,EP-IND-05856
BC-05857,2026-01-01 13:59:56+00:00,0,IOMT-008,S-IOMT-008-872,EHR_READ,EP-IND-05857
BC-05858,2026-01-01 14:00:19+00:00,0,IOMT-049,S-IOMT-049-873,LAB_RESULTS,EP-IND-05858
BC-05859,2026-01-01 14:00:23+00:00,0,IOMT-007,S-IOMT-007-874,EHR_READ,EP-IND-05859
BC-05860,2026-01-01 14:00:35+00:00,0,IOMT-004,S-IOMT-004-875,IMAGING,EP-IND-05860
BC-05861,2026-01-01 14:01:08+00:00,0,IOMT-039,S-IOMT-039-876,EHR_READ,EP-IND-05861
BC-05862,2026-01-01 14:01:13+00:00,0,IOMT-031,S-IOMT-031-877,RESEARCH,EP-IND-05862
BC-05863,2026-01-01 14:01:20+00:00,0,IOMT-039,S-IOMT-039-878,LAB_RESULTS,EP-IND-05863
BC-05864,2026-01-01 14:01:24+00:00,0,IOMT-030,S-IOMT-030-879,RESEARCH,EP-IND-05864
BC-05865,2026-01-01 14:01:25+00:00,0,IOMT-016,S-IOMT-016-880,EHR_READ,EP-IND-05865
BC-05866,2026-01-01 14:01:38+00:00,0,IOMT-040,S-IOMT-040-881,EHR_WRITE,EP-IND-05866
BC-05867,2026-01-01 14:01:42+00:00,0,IOMT-020,S-IOMT-020-882,RESEARCH,EP-IND-05867
BC-05868,2026-01-01 14:01:44+00:00,0,IOMT-041,S-IOMT-041-883,EHR_READ,EP-IND-05868
BC-05869,2026-01-01 14:02:22+00:00,0,IOMT-010,S-IOMT-010-884,LAB_RESULTS,EP-IND-05869
BC-05870,2026-01-01 14:02:38+00:00,0,IOMT-007,S-IOMT-007-885,LAB_RESULTS,EP-IND-05870
BC-05871,2026-01-01 14:03:03+00:00,0,IOMT-001,S-IOMT-001-886,EHR_READ,EP-IND-05871
BC-05872,2026-01-01 14:03:15+00:00,0,IOMT-049,S-IOMT-049-887,EHR_READ,EP-IND-05872
BC-05873,2026-01-01 14:03:17+00:00,0,IOMT-049,S-IOMT-049-888,RESEARCH,EP-IND-05873
BC-05874,2026-01-01 14:03:23+00:00,0,IOMT-010,S-IOMT-010-889,RESEARCH,EP-IND-05874
BC-05875,2026-01-01 14:03:29+00:00,0,IOMT-016,S-IOMT-016-890,RESEARCH,EP-IND-05875
BC-05876,2026-01-01 14:03:36+00:00,0,IOMT-024,S-IOMT-024-891,LAB_RESULTS,EP-IND-05876
BC-05877,2026-01-01 14:03:41+00:00,0,IOMT-034,S-IOMT-034-892,RESEARCH,EP-IND-05877
BC-05878,2026-01-01 14:03:48+00:00,0,IOMT-020,S-IOMT-020-893,IMAGING,EP-IND-05878
BC-05879,2026-01-01 14:03:49+00:00,0,IOMT-030,S-IOMT-030-894,RESEARCH,EP-IND-05879
BC-05880,2026-01-01 14:03:54+00:00,0,IOMT-012,S-IOMT-012-895,EHR_READ,EP-IND-05880
BC-05881,2026-01-01 14:03:55+00:00,0,IOMT-035,S-IOMT-035-896,EHR_READ,EP-IND-05881
BC-05882,2026-01-01 14:04:04+00:00,0,IOMT-033,S-IOMT-033-897,LAB_RESULTS,EP-IND-05882
BC-05883,2026-01-01 14:04:51+00:00,0,IOMT-017,S-IOMT-017-898,EHR_READ,EP-IND-05883
BC-05884,2026-01-01 14:05:00+00:00,0,IOMT-026,S-IOMT-026-899,RESEARCH,EP-IND-05884
BC-05885,2026-01-01 14:05:29+00:00,0,IOMT-009,S-IOMT-009-900,RESEARCH,EP-IND-05885
BC-05886,2026-01-01 14:05:36+00:00,0,IOMT-013,S-IOMT-013-901,EHR_READ,EP-IND-05886
BC-05887,2026-01-01 14:05:39+00:00,0,IOMT-008,S-IOMT-008-902,RESEARCH,EP-IND-05887
BC-05888,2026-01-01 14:05:44+00:00,0,IOMT-038,S-IOMT-038-903,IMAGING,EP-IND-05888
BC-05889,2026-01-01 14:05:47+00:00,0,IOMT-037,S-IOMT-037-904,LAB_RESULTS,EP-IND-05889
BC-05890,2026-01-01 14:05:53+00:00,0,IOMT-019,S-IOMT-019-905,LAB_RESULTS,EP-IND-05890
BC-05891,2026-01-01 14:05:54+00:00,0,IOMT-010,S-IOMT-010-906,IMAGING,EP-IND-05891
BC-05892,2026-01-01 14:06:13+00:00,0,IOMT-046,S-IOMT-046-907,IMAGING,EP-IND-05892
BC-05893,2026-01-01 14:06:21+00:00,0,IOMT-026,S-IOMT-026-908,LAB_RESULTS,EP-IND-05893
BC-05894,2026-01-01 14:06:52+00:00,0,IOMT-015,S-IOMT-015-909,EHR_READ,EP-IND-05894
BC-05895,2026-01-01 14:07:06+00:00,0,IOMT-014,S-IOMT-014-910,RESEARCH,EP-IND-05895
BC-05896,2026-01-01 14:07:14+00:00,0,IOMT-007,S-IOMT-007-911,EHR_READ,EP-IND-05896
BC-05897,2026-01-01 14:07:14+00:00,0,IOMT-024,S-IOMT-024-912,RESEARCH,EP-IND-05897
BC-05898,2026-01-01 14:07:33+00:00,0,IOMT-029,S-IOMT-029-913,EHR_READ,EP-IND-05898
BC-05899,2026-01-01 14:08:14+00:00,0,IOMT-029,S-IOMT-029-914,IMAGING,EP-IND-05899
BC-05900,2026-01-01 14:08:22+00:00,0,IOMT-012,S-IOMT-012-915,LAB_RESULTS,EP-IND-05900
BC-05901,2026-01-01 14:08:27+00:00,0,IOMT-037,S-IOMT-037-916,RESEARCH,EP-IND-05901
BC-05902,2026-01-01 14:09:16+00:00,0,IOMT-023,S-IOMT-023-917,LAB_RESULTS,EP-IND-05902
BC-05903,2026-01-01 14:09:53+00:00,0,IOMT-041,S-IOMT-041-918,RESEARCH,EP-IND-05903
BC-05904,2026-01-01 14:09:56+00:00,0,IOMT-042,S-IOMT-042-919,IMAGING,EP-IND-05904
BC-05905,2026-01-01 14:10:12+00:00,0,IOMT-032,S-IOMT-032-920,IMAGING,EP-IND-05905
BC-05906,2026-01-01 14:10:14+00:00,0,IOMT-020,S-IOMT-020-921,RESEARCH,EP-IND-05906
BC-05907,2026-01-01 14:10:18+00:00,0,IOMT-024,S-IOMT-024-922,LAB_RESULTS,EP-IND-05907
BC-05908,2026-01-01 14:10:22+00:00,0,IOMT-008,S-IOMT-008-923,EHR_WRITE,EP-IND-05908
BC-05909,2026-01-01 14:10:29+00:00,0,IOMT-035,S-IOMT-035-924,EHR_WRITE,EP-IND-05909
BC-05910,2026-01-01 14:10:51+00:00,0,IOMT-001,S-IOMT-001-925,LAB_RESULTS,EP-IND-05910
BC-05911,2026-01-01 14:10:57+00:00,0,IOMT-004,S-IOMT-004-926,LAB_RESULTS,EP-IND-05911
BC-05912,2026-01-01 14:11:01+00:00,0,IOMT-045,S-IOMT-045-927,EHR_READ,EP-IND-05912
BC-05913,2026-01-01 14:11:07+00:00,0,IOMT-020,S-IOMT-020-928,LAB_RESULTS,EP-IND-05913
BC-05914,2026-01-01 14:11:15+00:00,0,IOMT-016,S-IOMT-016-929,EHR_READ,EP-IND-05914
BC-05915,2026-01-01 14:11:29+00:00,0,IOMT-018,S-IOMT-018-930,LAB_RESULTS,EP-IND-05915
BC-05916,2026-01-01 14:11:58+00:00,0,IOMT-038,S-IOMT-038-931,LAB_RESULTS,EP-IND-05916
BC-05917,2026-01-01 14:11:59+00:00,0,IOMT-017,S-IOMT-017-932,LAB_RESULTS,EP-IND-05917
BC-05918,2026-01-01 14:12:03+00:00,0,IOMT-032,S-IOMT-032-933,LAB_RESULTS,EP-IND-05918
BC-05919,2026-01-01 14:12:07+00:00,0,IOMT-021,S-IOMT-021-934,LAB_RESULTS,EP-IND-05919
BC-05920,2026-01-01 14:12:14+00:00,0,IOMT-025,S-IOMT-025-935,IMAGING,EP-IND-05920
BC-05921,2026-01-01 14:12:14+00:00,0,IOMT-000,S-IOMT-000-936,IMAGING,EP-IND-05921
BC-05922,2026-01-01 14:12:18+00:00,0,IOMT-012,S-IOMT-012-937,EHR_READ,EP-IND-05922
BC-05923,2026-01-01 14:12:44+00:00,0,IOMT-011,S-IOMT-011-938,IMAGING,EP-IND-05923
BC-05924,2026-01-01 14:12:52+00:00,0,IOMT-025,S-IOMT-025-939,LAB_RESULTS,EP-IND-05924
BC-05925,2026-01-01 14:13:03+00:00,0,IOMT-036,S-IOMT-036-940,IMAGING,EP-IND-05925
BC-05926,2026-01-01 14:13:16+00:00,0,IOMT-022,S-IOMT-022-941,EHR_WRITE,EP-IND-05926
BC-05927,2026-01-01 14:13:33+00:00,0,IOMT-028,S-IOMT-028-942,RESEARCH,EP-IND-05927
BC-05928,2026-01-01 14:13:40+00:00,0,IOMT-005,S-IOMT-005-943,RESEARCH,EP-IND-05928
BC-05929,2026-01-01 14:14:05+00:00,0,IOMT-011,S-IOMT-011-944,IMAGING,EP-IND-05929
BC-05930,2026-01-01 14:14:06+00:00,0,IOMT-049,S-IOMT-049-945,EHR_READ,EP-IND-05930
BC-05931,2026-01-01 14:14:17+00:00,0,IOMT-015,S-IOMT-015-946,EHR_READ,EP-IND-05931
BC-05932,2026-01-01 14:14:28+00:00,0,IOMT-020,S-IOMT-020-947,IMAGING,EP-IND-05932
BC-05933,2026-01-01 14:14:32+00:00,0,IOMT-016,S-IOMT-016-948,EHR_READ,EP-IND-05933
BC-05934,2026-01-01 14:14:52+00:00,0,IOMT-030,S-IOMT-030-949,IMAGING,EP-IND-05934
BC-05935,2026-01-01 14:15:02+00:00,0,IOMT-009,S-IOMT-009-950,EHR_WRITE,EP-IND-05935
BC-05936,2026-01-01 14:15:03+00:00,0,IOMT-002,S-IOMT-002-951,IMAGING,EP-IND-05936
BC-05937,2026-01-01 14:15:08+00:00,0,IOMT-004,S-IOMT-004-952,EHR_READ,EP-IND-05937
BC-05938,2026-01-01 14:15:10+00:00,0,IOMT-001,S-IOMT-001-953,EHR_WRITE,EP-IND-05938
BC-05939,2026-01-01 14:15:18+00:00,0,IOMT-008,S-IOMT-008-954,LAB_RESULTS,EP-IND-05939
BC-05940,2026-01-01 14:15:38+00:00,0,IOMT-019,S-IOMT-019-955,IMAGING,EP-IND-05940
BC-05941,2026-01-01 14:15:43+00:00,0,IOMT-028,S-IOMT-028-956,EHR_WRITE,EP-IND-05941
BC-05942,2026-01-01 14:15:47+00:00,0,IOMT-012,S-IOMT-012-957,EHR_WRITE,EP-IND-05942
BC-05943,2026-01-01 14:16:00+00:00,0,IOMT-006,S-IOMT-006-958,RESEARCH,EP-IND-05943
BC-05944,2026-01-01 14:16:02+00:00,0,IOMT-013,S-IOMT-013-959,IMAGING,EP-IND-05944
BC-05945,2026-01-01 14:16:19+00:00,0,IOMT-027,S-IOMT-027-960,LAB_RESULTS,EP-IND-05945
BC-05946,2026-01-01 14:16:20+00:00,0,IOMT-016,S-IOMT-016-961,LAB_RESULTS,EP-IND-05946
BC-05947,2026-01-01 14:16:28+00:00,0,IOMT-047,S-IOMT-047-962,IMAGING,EP-IND-05947
BC-05948,2026-01-01 14:16:51+00:00,0,IOMT-048,S-IOMT-048-963,EHR_READ,EP-IND-05948
BC-05949,2026-01-01 14:17:02+00:00,0,IOMT-005,S-IOMT-005-964,LAB_RESULTS,EP-IND-05949
BC-05950,2026-01-01 14:17:13+00:00,0,IOMT-047,S-IOMT-047-965,IMAGING,EP-IND-05950
BC-05951,2026-01-01 14:17:16+00:00,0,IOMT-020,S-IOMT-020-966,EHR_WRITE,EP-IND-05951
BC-05952,2026-01-01 14:17:27+00:00,0,IOMT-029,S-IOMT-029-967,EHR_WRITE,EP-IND-05952
BC-05953,2026-01-01 14:17:29+00:00,0,IOMT-035,S-IOMT-035-968,EHR_WRITE,EP-IND-05953
BC-05954,2026-01-01 14:17:34+00:00,0,IOMT-037,S-IOMT-037-969,LAB_RESULTS,EP-IND-05954
BC-05955,2026-01-01 14:17:37+00:00,0,IOMT-037,S-IOMT-037-970,EHR_WRITE,EP-IND-05955
BC-05956,2026-01-01 14:17:44+00:00,0,IOMT-042,S-IOMT-042-971,EHR_READ,EP-IND-05956
BC-05957,2026-01-01 14:17:47+00:00,0,IOMT-009,S-IOMT-009-972,RESEARCH,EP-IND-05957
BC-05958,2026-01-01 14:17:56+00:00,0,IOMT-040,S-IOMT-040-973,IMAGING,EP-IND-05958
BC-05959,2026-01-01 14:18:06+00:00,0,IOMT-031,S-IOMT-031-974,LAB_RESULTS,EP-IND-05959
BC-05960,2026-01-01 14:18:20+00:00,0,IOMT-040,S-IOMT-040-975,LAB_RESULTS,EP-IND-05960
BC-05961,2026-01-01 14:18:41+00:00,0,IOMT-006,S-IOMT-006-976,EHR_READ,EP-IND-05961
BC-05962,2026-01-01 14:18:55+00:00,0,IOMT-045,S-IOMT-045-977,IMAGING,EP-IND-05962
BC-05963,2026-01-01 14:19:20+00:00,0,IOMT-038,S-IOMT-038-978,LAB_RESULTS,EP-IND-05963
BC-05964,2026-01-01 14:19:21+00:00,0,IOMT-033,S-IOMT-033-979,EHR_WRITE,EP-IND-05964
BC-05965,2026-01-01 14:19:27+00:00,0,IOMT-039,S-IOMT-039-980,LAB_RESULTS,EP-IND-05965
BC-05966,2026-01-01 14:19:37+00:00,0,IOMT-012,S-IOMT-012-981,RESEARCH,EP-IND-05966
BC-05967,2026-01-01 14:19:38+00:00,0,IOMT-043,S-IOMT-043-982,IMAGING,EP-IND-05967
BC-05968,2026-01-01 14:19:41+00:00,0,IOMT-005,S-IOMT-005-983,EHR_READ,EP-IND-05968
BC-05969,2026-01-01 14:19:43+00:00,0,IOMT-006,S-IOMT-006-984,RESEARCH,EP-IND-05969
BC-05970,2026-01-01 14:20:05+00:00,0,IOMT-040,S-IOMT-040-985,LAB_RESULTS,EP-IND-05970
BC-05971,2026-01-01 14:20:09+00:00,0,IOMT-010,S-IOMT-010-986,EHR_READ,EP-IND-05971
BC-05972,2026-01-01 14:20:11+00:00,0,IOMT-000,S-IOMT-000-987,IMAGING,EP-IND-05972
BC-05973,2026-01-01 14:20:29+00:00,0,IOMT-000,S-IOMT-000-988,IMAGING,EP-IND-05973
BC-05974,2026-01-01 14:20:35+00:00,0,IOMT-021,S-IOMT-021-989,IMAGING,EP-IND-05974
BC-05975,2026-01-01 14:20:38+00:00,0,IOMT-017,S-IOMT-017-990,RESEARCH,EP-IND-05975
BC-05976,2026-01-01 14:20:40+00:00,0,IOMT-046,S-IOMT-046-991,IMAGING,EP-IND-05976
BC-05977,2026-01-01 14:20:48+00:00,0,IOMT-047,S-IOMT-047-992,EHR_READ,EP-IND-05977
BC-05978,2026-01-01 14:20:54+00:00,0,IOMT-045,S-IOMT-045-993,EHR_READ,EP-IND-05978
BC-05979,2026-01-01 14:21:00+00:00,0,IOMT-043,S-IOMT-043-994,IMAGING,EP-IND-05979
BC-05980,2026-01-01 14:21:02+00:00,0,IOMT-006,S-IOMT-006-995,RESEARCH,EP-IND-05980
BC-05981,2026-01-01 14:21:10+00:00,0,IOMT-008,S-IOMT-008-996,IMAGING,EP-IND-05981
BC-05982,2026-01-01 14:21:17+00:00,0,IOMT-045,S-IOMT-045-0,EHR_READ,EP-IND-05982
BC-05983,2026-01-01 14:21:17+00:00,0,IOMT-039,S-IOMT-039-1,IMAGING,EP-IND-05983
BC-05984,2026-01-01 14:21:20+00:00,0,IOMT-041,S-IOMT-041-2,RESEARCH,EP-IND-05984
BC-05985,2026-01-01 14:21:21+00:00,0,IOMT-040,S-IOMT-040-3,LAB_RESULTS,EP-IND-05985
BC-05986,2026-01-01 14:21:25+00:00,0,IOMT-048,S-IOMT-048-4,RESEARCH,EP-IND-05986
BC-05987,2026-01-01 14:21:28+00:00,0,IOMT-034,S-IOMT-034-5,EHR_WRITE,EP-IND-05987
BC-05988,2026-01-01 14:21:41+00:00,0,IOMT-027,S-IOMT-027-6,EHR_WRITE,EP-IND-05988
BC-05989,2026-01-01 14:21:43+00:00,0,IOMT-033,S-IOMT-033-7,RESEARCH,EP-IND-05989
BC-05990,2026-01-01 14:22:12+00:00,0,IOMT-002,S-IOMT-002-8,LAB_RESULTS,EP-IND-05990
BC-05991,2026-01-01 14:22:24+00:00,0,IOMT-038,S-IOMT-038-9,EHR_READ,EP-IND-05991
BC-05992,2026-01-01 14:22:41+00:00,0,IOMT-042,S-IOMT-042-10,EHR_WRITE,EP-IND-05992
BC-05993,2026-01-01 14:22:46+00:00,0,IOMT-015,S-IOMT-015-11,IMAGING,EP-IND-05993
BC-05994,2026-01-01 14:22:53+00:00,0,IOMT-016,S-IOMT-016-12,IMAGING,EP-IND-05994
BC-05995,2026-01-01 14:22:58+00:00,0,IOMT-009,S-IOMT-009-13,LAB_RESULTS,EP-IND-05995
BC-05996,2026-01-01 14:23:00+00:00,0,IOMT-043,S-IOMT-043-14,EHR_WRITE,EP-IND-05996
BC-05997,2026-01-01 14:23:05+00:00,0,IOMT-015,S-IOMT-015-15,RESEARCH,EP-IND-05997
BC-05998,2026-01-01 14:23:08+00:00,0,IOMT-001,S-IOMT-001-16,EHR_WRITE,EP-IND-05998
BC-05999,2026-01-01 14:23:17+00:00,0,IOMT-019,S-IOMT-019-17,EHR_WRITE,EP-IND-05999
BC-06000,2026-01-01 14:23:25+00:00,0,IOMT-040,S-IOMT-040-18,EHR_WRITE,EP-IND-06000
BC-06001,2026-01-01 14:23:41+00:00,0,IOMT-012,S-IOMT-012-19,EHR_WRITE,EP-IND-06001
BC-06002,2026-01-01 14:23:43+00:00,0,IOMT-010,S-IOMT-010-20,EHR_WRITE,EP-IND-06002
BC-06003,2026-01-01 14:23:48+00:00,0,IOMT-035,S-IOMT-035-21,IMAGING,EP-IND-06003
BC-06004,2026-01-01 14:23:54+00:00,0,IOMT-034,S-IOMT-034-22,EHR_WRITE,EP-IND-06004
BC-06005,2026-01-01 14:24:14+00:00,0,IOMT-029,S-IOMT-029-23,RESEARCH,EP-IND-06005
BC-06006,2026-01-01 14:24:44+00:00,0,IOMT-033,S-IOMT-033-24,RESEARCH,EP-IND-06006
BC-06007,2026-01-01 14:24:56+00:00,0,IOMT-011,S-IOMT-011-25,LAB_RESULTS,EP-IND-06007
BC-06008,2026-01-01 14:25:05+00:00,0,IOMT-002,S-IOMT-002-26,RESEARCH,EP-IND-06008
BC-06009,2026-01-01 14:25:09+00:00,0,IOMT-044,S-IOMT-044-27,EHR_READ,EP-IND-06009
BC-06010,2026-01-01 14:25:12+00:00,0,IOMT-016,S-IOMT-016-28,IMAGING,EP-IND-06010
BC-06011,2026-01-01 14:25:16+00:00,0,IOMT-024,S-IOMT-024-29,EHR_READ,EP-IND-06011
BC-06012,2026-01-01 14:25:34+00:00,0,IOMT-016,S-IOMT-016-30,EHR_READ,EP-IND-06012
BC-06013,2026-01-01 14:25:35+00:00,0,IOMT-016,S-IOMT-016-31,IMAGING,EP-IND-06013
BC-06014,2026-01-01 14:25:36+00:00,0,IOMT-033,S-IOMT-033-32,EHR_READ,EP-IND-06014
BC-06015,2026-01-01 14:25:37+00:00,0,IOMT-011,S-IOMT-011-33,EHR_READ,EP-IND-06015
BC-06016,2026-01-01 14:25:37+00:00,0,IOMT-047,S-IOMT-047-34,LAB_RESULTS,EP-IND-06016
BC-06017,2026-01-01 14:25:39+00:00,0,IOMT-027,S-IOMT-027-35,EHR_READ,EP-IND-06017
BC-06018,2026-01-01 14:25:51+00:00,0,IOMT-029,S-IOMT-029-36,LAB_RESULTS,EP-IND-06018
BC-06019,2026-01-01 14:26:18+00:00,0,IOMT-036,S-IOMT-036-37,LAB_RESULTS,EP-IND-06019
BC-06020,2026-01-01 14:26:19+00:00,0,IOMT-036,S-IOMT-036-38,EHR_WRITE,EP-IND-06020
BC-06021,2026-01-01 14:26:25+00:00,0,IOMT-019,S-IOMT-019-39,EHR_READ,EP-IND-06021
BC-06022,2026-01-01 14:26:27+00:00,0,IOMT-016,S-IOMT-016-40,RESEARCH,EP-IND-06022
BC-06023,2026-01-01 14:26:27+00:00,0,IOMT-042,S-IOMT-042-41,IMAGING,EP-IND-06023
BC-06024,2026-01-01 14:26:28+00:00,0,IOMT-000,S-IOMT-000-42,EHR_WRITE,EP-IND-06024
BC-06025,2026-01-01 14:26:54+00:00,0,IOMT-017,S-IOMT-017-43,IMAGING,EP-IND-06025
BC-06026,2026-01-01 14:26:55+00:00,0,IOMT-023,S-IOMT-023-44,EHR_READ,EP-IND-06026
BC-06027,2026-01-01 14:27:03+00:00,0,IOMT-023,S-IOMT-023-45,IMAGING,EP-IND-06027
BC-06028,2026-01-01 14:27:12+00:00,1,IOMT-021,S-IOMT-021-46,LAB_RESULTS,EP-IND-06028
BC-06029,2026-01-01 14:27:19+00:00,0,IOMT-005,S-IOMT-005-47,LAB_RESULTS,EP-IND-06029
BC-06030,2026-01-01 14:27:31+00:00,0,IOMT-049,S-IOMT-049-48,EHR_WRITE,EP-IND-06030
BC-06031,2026-01-01 14:27:33+00:00,0,IOMT-001,S-IOMT-001-49,IMAGING,EP-IND-06031
BC-06032,2026-01-01 14:27:52+00:00,0,IOMT-046,S-IOMT-046-50,IMAGING,EP-IND-06032
BC-06033,2026-01-01 14:27:54+00:00,0,IOMT-044,S-IOMT-044-51,EHR_WRITE,EP-IND-06033
BC-06034,2026-01-01 14:27:57+00:00,0,IOMT-026,S-IOMT-026-52,EHR_READ,EP-IND-06034
BC-06035,2026-01-01 14:28:10+00:00,0,IOMT-041,S-IOMT-041-53,EHR_WRITE,EP-IND-06035
BC-06036,2026-01-01 14:28:28+00:00,0,IOMT-000,S-IOMT-000-54,IMAGING,EP-IND-06036
BC-06037,2026-01-01 14:28:49+00:00,0,IOMT-049,S-IOMT-049-55,IMAGING,EP-IND-06037
BC-06038,2026-01-01 14:28:49+00:00,0,IOMT-020,S-IOMT-020-56,LAB_RESULTS,EP-IND-06038
BC-06039,2026-01-01 14:28:54+00:00,0,IOMT-019,S-IOMT-019-57,LAB_RESULTS,EP-IND-06039
BC-06040,2026-01-01 14:29:21+00:00,0,IOMT-010,S-IOMT-010-58,EHR_WRITE,EP-IND-06040
BC-06041,2026-01-01 14:29:24+00:00,0,IOMT-008,S-IOMT-008-59,IMAGING,EP-IND-06041
BC-06042,2026-01-01 14:29:44+00:00,0,IOMT-015,S-IOMT-015-60,IMAGING,EP-IND-06042
BC-06043,2026-01-01 14:29:48+00:00,0,IOMT-006,S-IOMT-006-61,IMAGING,EP-IND-06043
BC-06044,2026-01-01 14:29:58+00:00,0,IOMT-029,S-IOMT-029-62,IMAGING,EP-IND-06044
BC-06045,2026-01-01 14:30:06+00:00,0,IOMT-015,S-IOMT-015-63,IMAGING,EP-IND-06045
BC-06046,2026-01-01 14:30:11+00:00,0,IOMT-030,S-IOMT-030-64,RESEARCH,EP-IND-06046
BC-06047,2026-01-01 14:30:31+00:00,0,IOMT-000,S-IOMT-000-65,EHR_READ,EP-IND-06047
BC-06048,2026-01-01 14:30:34+00:00,0,IOMT-030,S-IOMT-030-66,EHR_WRITE,EP-IND-06048
BC-06049,2026-01-01 14:30:35+00:00,0,IOMT-003,S-IOMT-003-67,EHR_WRITE,EP-IND-06049
BC-06050,2026-01-01 14:30:38+00:00,0,IOMT-038,S-IOMT-038-68,LAB_RESULTS,EP-IND-06050
BC-06051,2026-01-01 14:30:46+00:00,0,IOMT-024,S-IOMT-024-69,EHR_WRITE,EP-IND-06051
BC-06052,2026-01-01 14:30:53+00:00,0,IOMT-035,S-IOMT-035-70,RESEARCH,EP-IND-06052
BC-06053,2026-01-01 14:30:54+00:00,0,IOMT-024,S-IOMT-024-71,EHR_WRITE,EP-IND-06053
BC-06054,2026-01-01 14:31:07+00:00,0,IOMT-013,S-IOMT-013-72,EHR_WRITE,EP-IND-06054
BC-06055,2026-01-01 14:31:09+00:00,0,IOMT-003,S-IOMT-003-73,EHR_READ,EP-IND-06055
BC-06056,2026-01-01 14:31:13+00:00,0,IOMT-018,S-IOMT-018-74,IMAGING,EP-IND-06056
BC-06057,2026-01-01 14:31:14+00:00,0,IOMT-008,S-IOMT-008-75,RESEARCH,EP-IND-06057
BC-06058,2026-01-01 14:31:27+00:00,0,IOMT-012,S-IOMT-012-76,EHR_WRITE,EP-IND-06058
BC-06059,2026-01-01 14:31:38+00:00,0,IOMT-012,S-IOMT-012-77,IMAGING,EP-IND-06059
BC-06060,2026-01-01 14:31:39+00:00,0,IOMT-009,S-IOMT-009-78,LAB_RESULTS,EP-IND-06060
BC-06061,2026-01-01 14:31:45+00:00,0,IOMT-030,S-IOMT-030-79,EHR_WRITE,EP-IND-06061
BC-06062,2026-01-01 14:31:46+00:00,0,IOMT-036,S-IOMT-036-80,LAB_RESULTS,EP-IND-06062
BC-06063,2026-01-01 14:31:48+00:00,0,IOMT-041,S-IOMT-041-81,IMAGING,EP-IND-06063
BC-06064,2026-01-01 14:31:57+00:00,0,IOMT-010,S-IOMT-010-82,LAB_RESULTS,EP-IND-06064
BC-06065,2026-01-01 14:32:06+00:00,0,IOMT-048,S-IOMT-048-83,RESEARCH,EP-IND-06065
BC-06066,2026-01-01 14:32:30+00:00,0,IOMT-039,S-IOMT-039-84,EHR_WRITE,EP-IND-06066
BC-06067,2026-01-01 14:32:59+00:00,0,IOMT-036,S-IOMT-036-85,EHR_READ,EP-IND-06067
BC-06068,2026-01-01 14:33:01+00:00,0,IOMT-025,S-IOMT-025-86,RESEARCH,EP-IND-06068
BC-06069,2026-01-01 14:33:12+00:00,0,IOMT-038,S-IOMT-038-87,IMAGING,EP-IND-06069
BC-06070,2026-01-01 14:33:15+00:00,0,IOMT-026,S-IOMT-026-88,EHR_READ,EP-IND-06070
BC-06071,2026-01-01 14:33:19+00:00,0,IOMT-023,S-IOMT-023-89,EHR_WRITE,EP-IND-06071
BC-06072,2026-01-01 14:33:21+00:00,1,IOMT-026,S-IOMT-026-90,IMAGING,EP-IND-06072
BC-06073,2026-01-01 14:33:26+00:00,0,IOMT-004,S-IOMT-004-91,IMAGING,EP-IND-06073
BC-06074,2026-01-01 14:33:31+00:00,0,IOMT-036,S-IOMT-036-92,LAB_RESULTS,EP-IND-06074
BC-06075,2026-01-01 14:33:45+00:00,1,IOMT-009,S-IOMT-009-93,EHR_WRITE,EP-IND-06075
BC-06076,2026-01-01 14:33:47+00:00,0,IOMT-014,S-IOMT-014-94,EHR_WRITE,EP-IND-06076
BC-06077,2026-01-01 14:33:49+00:00,0,IOMT-044,S-IOMT-044-95,RESEARCH,EP-IND-06077
BC-06078,2026-01-01 14:33:53+00:00,0,IOMT-009,S-IOMT-009-96,EHR_WRITE,EP-IND-06078
BC-06079,2026-01-01 14:34:03+00:00,0,IOMT-025,S-IOMT-025-97,LAB_RESULTS,EP-IND-06079
BC-06080,2026-01-01 14:34:27+00:00,0,IOMT-001,S-IOMT-001-98,LAB_RESULTS,EP-IND-06080
BC-06081,2026-01-01 14:34:44+00:00,1,IOMT-020,S-IOMT-020-99,EHR_WRITE,EP-IND-06081
BC-06082,2026-01-01 14:34:56+00:00,0,IOMT-030,S-IOMT-030-100,LAB_RESULTS,EP-IND-06082
BC-06083,2026-01-01 14:34:56+00:00,0,IOMT-046,S-IOMT-046-101,IMAGING,EP-IND-06083
BC-06084,2026-01-01 14:35:33+00:00,0,IOMT-039,S-IOMT-039-102,EHR_WRITE,EP-IND-06084
BC-06085,2026-01-01 14:36:03+00:00,0,IOMT-024,S-IOMT-024-103,LAB_RESULTS,EP-IND-06085
BC-06086,2026-01-01 14:36:08+00:00,0,IOMT-023,S-IOMT-023-104,EHR_READ,EP-IND-06086
BC-06087,2026-01-01 14:36:16+00:00,0,IOMT-000,S-IOMT-000-105,IMAGING,EP-IND-06087
BC-06088,2026-01-01 14:36:26+00:00,0,IOMT-017,S-IOMT-017-106,LAB_RESULTS,EP-IND-06088
BC-06089,2026-01-01 14:36:28+00:00,0,IOMT-017,S-IOMT-017-107,EHR_WRITE,EP-IND-06089
BC-06090,2026-01-01 14:36:32+00:00,0,IOMT-012,S-IOMT-012-108,EHR_READ,EP-IND-06090
BC-06091,2026-01-01 14:36:34+00:00,0,IOMT-016,S-IOMT-016-109,EHR_WRITE,EP-IND-06091
BC-06092,2026-01-01 14:36:43+00:00,0,IOMT-025,S-IOMT-025-110,IMAGING,EP-IND-06092
BC-06093,2026-01-01 14:36:44+00:00,1,IOMT-014,S-IOMT-014-111,IMAGING,EP-IND-06093
BC-06094,2026-01-01 14:36:44+00:00,0,IOMT-046,S-IOMT-046-112,EHR_WRITE,EP-IND-06094
BC-06095,2026-01-01 14:36:46+00:00,0,IOMT-020,S-IOMT-020-113,RESEARCH,EP-IND-06095
BC-06096,2026-01-01 14:36:46+00:00,0,IOMT-020,S-IOMT-020-114,LAB_RESULTS,EP-IND-06096
BC-06097,2026-01-01 14:36:52+00:00,1,IOMT-044,S-IOMT-044-115,EHR_READ,EP-IND-06097
BC-06098,2026-01-01 14:36:53+00:00,0,IOMT-027,S-IOMT-027-116,RESEARCH,EP-IND-06098
BC-06099,2026-01-01 14:37:01+00:00,0,IOMT-040,S-IOMT-040-117,EHR_WRITE,EP-IND-06099
BC-06100,2026-01-01 14:37:15+00:00,0,IOMT-026,S-IOMT-026-118,RESEARCH,EP-IND-06100
BC-06101,2026-01-01 14:37:18+00:00,0,IOMT-035,S-IOMT-035-119,RESEARCH,EP-IND-06101
BC-06102,2026-01-01 14:37:22+00:00,0,IOMT-003,S-IOMT-003-120,EHR_WRITE,EP-IND-06102
BC-06103,2026-01-01 14:37:29+00:00,0,IOMT-001,S-IOMT-001-121,EHR_WRITE,EP-IND-06103
BC-06104,2026-01-01 14:37:32+00:00,0,IOMT-033,S-IOMT-033-122,RESEARCH,EP-IND-06104
BC-06105,2026-01-01 14:37:43+00:00,0,IOMT-022,S-IOMT-022-123,IMAGING,EP-IND-06105
BC-06106,2026-01-01 14:37:44+00:00,0,IOMT-024,S-IOMT-024-124,IMAGING,EP-IND-06106
BC-06107,2026-01-01 14:37:55+00:00,0,IOMT-044,S-IOMT-044-125,LAB_RESULTS,EP-IND-06107
BC-06108,2026-01-01 14:37:59+00:00,0,IOMT-041,S-IOMT-041-126,IMAGING,EP-IND-06108
BC-06109,2026-01-01 14:38:20+00:00,0,IOMT-004,S-IOMT-004-127,EHR_READ,EP-IND-06109
BC-06110,2026-01-01 14:38:38+00:00,0,IOMT-002,S-IOMT-002-128,EHR_WRITE,EP-IND-06110
BC-06111,2026-01-01 14:38:40+00:00,0,IOMT-010,S-IOMT-010-129,IMAGING,EP-IND-06111
BC-06112,2026-01-01 14:38:50+00:00,0,IOMT-042,S-IOMT-042-130,IMAGING,EP-IND-06112
BC-06113,2026-01-01 14:38:53+00:00,0,IOMT-023,S-IOMT-023-131,LAB_RESULTS,EP-IND-06113
BC-06114,2026-01-01 14:38:56+00:00,0,IOMT-012,S-IOMT-012-132,EHR_READ,EP-IND-06114
BC-06115,2026-01-01 14:38:59+00:00,0,IOMT-034,S-IOMT-034-133,LAB_RESULTS,EP-IND-06115
BC-06116,2026-01-01 14:39:06+00:00,0,IOMT-020,S-IOMT-020-134,EHR_READ,EP-IND-06116
BC-06117,2026-01-01 14:39:11+00:00,0,IOMT-039,S-IOMT-039-135,IMAGING,EP-IND-06117
BC-06118,2026-01-01 14:39:42+00:00,0,IOMT-001,S-IOMT-001-136,EHR_WRITE,EP-IND-06118
BC-06119,2026-01-01 14:40:29+00:00,0,IOMT-001,S-IOMT-001-137,RESEARCH,EP-IND-06119
BC-06120,2026-01-01 14:40:31+00:00,0,IOMT-045,S-IOMT-045-138,RESEARCH,EP-IND-06120
BC-06121,2026-01-01 14:40:36+00:00,0,IOMT-039,S-IOMT-039-139,RESEARCH,EP-IND-06121
BC-06122,2026-01-01 14:40:39+00:00,0,IOMT-030,S-IOMT-030-140,LAB_RESULTS,EP-IND-06122
BC-06123,2026-01-01 14:40:41+00:00,0,IOMT-015,S-IOMT-015-141,LAB_RESULTS,EP-IND-06123
BC-06124,2026-01-01 14:41:18+00:00,0,IOMT-034,S-IOMT-034-142,EHR_WRITE,EP-IND-06124
BC-06125,2026-01-01 14:41:22+00:00,0,IOMT-021,S-IOMT-021-143,RESEARCH,EP-IND-06125
BC-06126,2026-01-01 14:41:29+00:00,0,IOMT-047,S-IOMT-047-144,EHR_WRITE,EP-IND-06126
BC-06127,2026-01-01 14:41:32+00:00,0,IOMT-037,S-IOMT-037-145,EHR_READ,EP-IND-06127
BC-06128,2026-01-01 14:41:35+00:00,0,IOMT-005,S-IOMT-005-146,RESEARCH,EP-IND-06128
BC-06129,2026-01-01 14:41:37+00:00,0,IOMT-026,S-IOMT-026-147,EHR_WRITE,EP-IND-06129
BC-06130,2026-01-01 14:41:42+00:00,0,IOMT-045,S-IOMT-045-148,LAB_RESULTS,EP-IND-06130
BC-06131,2026-01-01 14:42:03+00:00,0,IOMT-017,S-IOMT-017-149,EHR_READ,EP-IND-06131
BC-06132,2026-01-01 14:42:03+00:00,0,IOMT-037,S-IOMT-037-150,LAB_RESULTS,EP-IND-06132
BC-06133,2026-01-01 14:42:05+00:00,0,IOMT-019,S-IOMT-019-151,EHR_READ,EP-IND-06133
BC-06134,2026-01-01 14:42:10+00:00,0,IOMT-031,S-IOMT-031-152,IMAGING,EP-IND-06134
BC-06135,2026-01-01 14:42:35+00:00,0,IOMT-001,S-IOMT-001-153,IMAGING,EP-IND-06135
BC-06136,2026-01-01 14:42:49+00:00,0,IOMT-032,S-IOMT-032-154,IMAGING,EP-IND-06136
BC-06137,2026-01-01 14:42:49+00:00,0,IOMT-043,S-IOMT-043-155,EHR_WRITE,EP-IND-06137
BC-06138,2026-01-01 14:42:50+00:00,1,IOMT-006,S-IOMT-006-156,EHR_WRITE,EP-IND-06138
BC-06139,2026-01-01 14:42:50+00:00,0,IOMT-038,S-IOMT-038-157,LAB_RESULTS,EP-IND-06139
BC-06140,2026-01-01 14:42:56+00:00,0,IOMT-045,S-IOMT-045-158,EHR_WRITE,EP-IND-06140
BC-06141,2026-01-01 14:42:56+00:00,0,IOMT-027,S-IOMT-027-159,IMAGING,EP-IND-06141
BC-06142,2026-01-01 14:43:01+00:00,0,IOMT-001,S-IOMT-001-160,EHR_READ,EP-IND-06142
BC-06143,2026-01-01 14:43:09+00:00,0,IOMT-038,S-IOMT-038-161,EHR_READ,EP-IND-06143
BC-06144,2026-01-01 14:43:19+00:00,0,IOMT-009,S-IOMT-009-162,LAB_RESULTS,EP-IND-06144
BC-06145,2026-01-01 14:43:26+00:00,0,IOMT-012,S-IOMT-012-163,IMAGING,EP-IND-06145
BC-06146,2026-01-01 14:43:33+00:00,0,IOMT-048,S-IOMT-048-164,EHR_WRITE,EP-IND-06146
BC-06147,2026-01-01 14:43:36+00:00,0,IOMT-033,S-IOMT-033-165,EHR_WRITE,EP-IND-06147
BC-06148,2026-01-01 14:43:39+00:00,0,IOMT-033,S-IOMT-033-166,LAB_RESULTS,EP-IND-06148
BC-06149,2026-01-01 14:43:45+00:00,0,IOMT-044,S-IOMT-044-167,LAB_RESULTS,EP-IND-06149
BC-06150,2026-01-01 14:43:56+00:00,0,IOMT-049,S-IOMT-049-168,IMAGING,EP-IND-06150
BC-06151,2026-01-01 14:44:27+00:00,0,IOMT-043,S-IOMT-043-169,EHR_READ,EP-IND-06151
BC-06152,2026-01-01 14:45:01+00:00,0,IOMT-022,S-IOMT-022-170,EHR_READ,EP-IND-06152
BC-06153,2026-01-01 14:45:07+00:00,0,IOMT-035,S-IOMT-035-171,EHR_READ,EP-IND-06153
BC-06154,2026-01-01 14:45:08+00:00,0,IOMT-021,S-IOMT-021-172,RESEARCH,EP-IND-06154
BC-06155,2026-01-01 14:45:08+00:00,0,IOMT-005,S-IOMT-005-173,EHR_READ,EP-IND-06155
BC-06156,2026-01-01 14:45:13+00:00,0,IOMT-042,S-IOMT-042-174,EHR_READ,EP-IND-06156
BC-06157,2026-01-01 14:45:16+00:00,0,IOMT-002,S-IOMT-002-175,IMAGING,EP-IND-06157
BC-06158,2026-01-01 14:45:18+00:00,0,IOMT-025,S-IOMT-025-176,EHR_WRITE,EP-IND-06158
BC-06159,2026-01-01 14:45:18+00:00,0,IOMT-001,S-IOMT-001-177,IMAGING,EP-IND-06159
BC-06160,2026-01-01 14:45:26+00:00,0,IOMT-000,S-IOMT-000-178,IMAGING,EP-IND-06160
BC-06161,2026-01-01 14:45:42+00:00,0,IOMT-020,S-IOMT-020-179,RESEARCH,EP-IND-06161
BC-06162,2026-01-01 14:45:43+00:00,0,IOMT-015,S-IOMT-015-180,RESEARCH,EP-IND-06162
BC-06163,2026-01-01 14:46:05+00:00,0,IOMT-026,S-IOMT-026-181,EHR_WRITE,EP-IND-06163
BC-06164,2026-01-01 14:46:12+00:00,0,IOMT-040,S-IOMT-040-182,LAB_RESULTS,EP-IND-06164
BC-06165,2026-01-01 14:46:45+00:00,0,IOMT-000,S-IOMT-000-183,LAB_RESULTS,EP-IND-06165
BC-06166,2026-01-01 14:46:47+00:00,0,IOMT-030,S-IOMT-030-184,IMAGING,EP-IND-06166
BC-06167,2026-01-01 14:46:56+00:00,0,IOMT-033,S-IOMT-033-185,EHR_READ,EP-IND-06167
BC-06168,2026-01-01 14:47:02+00:00,0,IOMT-027,S-IOMT-027-186,IMAGING,EP-IND-06168
BC-06169,2026-01-01 14:47:16+00:00,0,IOMT-007,S-IOMT-007-187,LAB_RESULTS,EP-IND-06169
BC-06170,2026-01-01 14:47:27+00:00,0,IOMT-022,S-IOMT-022-188,EHR_WRITE,EP-IND-06170
BC-06171,2026-01-01 14:47:29+00:00,0,IOMT-013,S-IOMT-013-189,EHR_READ,EP-IND-06171
BC-06172,2026-01-01 14:47:31+00:00,0,IOMT-043,S-IOMT-043-190,RESEARCH,EP-IND-06172
BC-06173,2026-01-01 14:47:33+00:00,0,IOMT-004,S-IOMT-004-191,LAB_RESULTS,EP-IND-06173
BC-06174,2026-01-01 14:47:33+00:00,0,IOMT-022,S-IOMT-022-192,EHR_READ,EP-IND-06174
BC-06175,2026-01-01 14:47:42+00:00,0,IOMT-004,S-IOMT-004-193,RESEARCH,EP-IND-06175
BC-06176,2026-01-01 14:47:44+00:00,0,IOMT-034,S-IOMT-034-194,EHR_READ,EP-IND-06176
BC-06177,2026-01-01 14:47:44+00:00,0,IOMT-006,S-IOMT-006-195,RESEARCH,EP-IND-06177
BC-06178,2026-01-01 14:48:04+00:00,0,IOMT-023,S-IOMT-023-196,RESEARCH,EP-IND-06178
BC-06179,2026-01-01 14:48:13+00:00,0,IOMT-017,S-IOMT-017-197,EHR_WRITE,EP-IND-06179
BC-06180,2026-01-01 14:48:23+00:00,0,IOMT-022,S-IOMT-022-198,EHR_READ,EP-IND-06180
BC-06181,2026-01-01 14:48:35+00:00,0,IOMT-029,S-IOMT-029-199,EHR_READ,EP-IND-06181
BC-06182,2026-01-01 14:48:53+00:00,0,IOMT-028,S-IOMT-028-200,EHR_WRITE,EP-IND-06182
BC-06183,2026-01-01 14:48:56+00:00,0,IOMT-011,S-IOMT-011-201,RESEARCH,EP-IND-06183
BC-06184,2026-01-01 14:48:59+00:00,0,IOMT-045,S-IOMT-045-202,EHR_READ,EP-IND-06184
BC-06185,2026-01-01 14:48:59+00:00,0,IOMT-010,S-IOMT-010-203,RESEARCH,EP-IND-06185
BC-06186,2026-01-01 14:49:01+00:00,0,IOMT-041,S-IOMT-041-204,IMAGING,EP-IND-06186
BC-06187,2026-01-01 14:49:11+00:00,1,IOMT-021,S-IOMT-021-205,IMAGING,EP-IND-06187
BC-06188,2026-01-01 14:49:16+00:00,0,IOMT-018,S-IOMT-018-206,EHR_READ,EP-IND-06188
BC-06189,2026-01-01 14:49:25+00:00,0,IOMT-046,S-IOMT-046-207,LAB_RESULTS,EP-IND-06189
BC-06190,2026-01-01 14:49:28+00:00,0,IOMT-022,S-IOMT-022-208,IMAGING,EP-IND-06190
BC-06191,2026-01-01 14:49:55+00:00,0,IOMT-039,S-IOMT-039-209,EHR_READ,EP-IND-06191
BC-06192,2026-01-01 14:50:25+00:00,0,IOMT-034,S-IOMT-034-210,IMAGING,EP-IND-06192
BC-06193,2026-01-01 14:50:27+00:00,0,IOMT-014,S-IOMT-014-211,EHR_READ,EP-IND-06193
BC-06194,2026-01-01 14:50:29+00:00,0,IOMT-029,S-IOMT-029-212,EHR_WRITE,EP-IND-06194
BC-06195,2026-01-01 14:50:33+00:00,0,IOMT-044,S-IOMT-044-213,RESEARCH,EP-IND-06195
BC-06196,2026-01-01 14:50:45+00:00,0,IOMT-020,S-IOMT-020-214,RESEARCH,EP-IND-06196
BC-06197,2026-01-01 14:50:54+00:00,0,IOMT-048,S-IOMT-048-215,IMAGING,EP-IND-06197
BC-06198,2026-01-01 14:50:54+00:00,0,IOMT-047,S-IOMT-047-216,LAB_RESULTS,EP-IND-06198
BC-06199,2026-01-01 14:50:55+00:00,0,IOMT-002,S-IOMT-002-217,IMAGING,EP-IND-06199
BC-06200,2026-01-01 14:51:03+00:00,0,IOMT-041,S-IOMT-041-218,LAB_RESULTS,EP-IND-06200
BC-06201,2026-01-01 14:51:09+00:00,0,IOMT-017,S-IOMT-017-219,LAB_RESULTS,EP-IND-06201
BC-06202,2026-01-01 14:51:18+00:00,0,IOMT-038,S-IOMT-038-220,EHR_READ,EP-IND-06202
BC-06203,2026-01-01 14:51:38+00:00,0,IOMT-046,S-IOMT-046-221,RESEARCH,EP-IND-06203
BC-06204,2026-01-01 14:51:45+00:00,0,IOMT-043,S-IOMT-043-222,RESEARCH,EP-IND-06204
BC-06205,2026-01-01 14:51:47+00:00,0,IOMT-002,S-IOMT-002-223,RESEARCH,EP-IND-06205
BC-06206,2026-01-01 14:51:54+00:00,0,IOMT-012,S-IOMT-012-224,IMAGING,EP-IND-06206
BC-06207,2026-01-01 14:51:58+00:00,0,IOMT-027,S-IOMT-027-225,LAB_RESULTS,EP-IND-06207
BC-06208,2026-01-01 14:52:05+00:00,1,IOMT-000,S-IOMT-000-226,IMAGING,EP-IND-06208
BC-06209,2026-01-01 14:52:10+00:00,0,IOMT-030,S-IOMT-030-227,IMAGING,EP-IND-06209
BC-06210,2026-01-01 14:52:13+00:00,0,IOMT-027,S-IOMT-027-228,IMAGING,EP-IND-06210
BC-06211,2026-01-01 14:52:15+00:00,0,IOMT-018,S-IOMT-018-229,LAB_RESULTS,EP-IND-06211
BC-06212,2026-01-01 14:52:16+00:00,1,IOMT-011,S-IOMT-011-230,EHR_READ,EP-IND-06212
BC-06213,2026-01-01 14:52:24+00:00,0,IOMT-031,S-IOMT-031-231,EHR_WRITE,EP-IND-06213
BC-06214,2026-01-01 14:52:56+00:00,0,IOMT-002,S-IOMT-002-232,EHR_READ,EP-IND-06214
BC-06215,2026-01-01 14:53:01+00:00,0,IOMT-014,S-IOMT-014-233,LAB_RESULTS,EP-IND-06215
BC-06216,2026-01-01 14:53:32+00:00,0,IOMT-039,S-IOMT-039-234,EHR_READ,EP-IND-06216
BC-06217,2026-01-01 14:53:48+00:00,0,IOMT-006,S-IOMT-006-235,EHR_READ,EP-IND-06217
BC-06218,2026-01-01 14:53:50+00:00,0,IOMT-045,S-IOMT-045-236,IMAGING,EP-IND-06218
BC-06219,2026-01-01 14:53:59+00:00,0,IOMT-003,S-IOMT-003-237,IMAGING,EP-IND-06219
BC-06220,2026-01-01 14:54:00+00:00,0,IOMT-009,S-IOMT-009-238,LAB_RESULTS,EP-IND-06220
BC-06221,2026-01-01 14:54:12+00:00,0,IOMT-021,S-IOMT-021-239,LAB_RESULTS,EP-IND-06221
BC-06222,2026-01-01 14:54:15+00:00,0,IOMT-020,S-IOMT-020-240,IMAGING,EP-IND-06222
BC-06223,2026-01-01 14:54:33+00:00,0,IOMT-025,S-IOMT-025-241,IMAGING,EP-IND-06223
BC-06224,2026-01-01 14:54:39+00:00,0,IOMT-025,S-IOMT-025-242,EHR_WRITE,EP-IND-06224
BC-06225,2026-01-01 14:54:44+00:00,0,IOMT-029,S-IOMT-029-243,EHR_READ,EP-IND-06225
BC-06226,2026-01-01 14:54:45+00:00,0,IOMT-007,S-IOMT-007-244,EHR_WRITE,EP-IND-06226
BC-06227,2026-01-01 14:54:55+00:00,0,IOMT-035,S-IOMT-035-245,EHR_WRITE,EP-IND-06227
BC-06228,2026-01-01 14:55:00+00:00,0,IOMT-040,S-IOMT-040-246,EHR_READ,EP-IND-06228
BC-06229,2026-01-01 14:55:06+00:00,0,IOMT-011,S-IOMT-011-247,EHR_READ,EP-IND-06229
BC-06230,2026-01-01 14:55:07+00:00,0,IOMT-000,S-IOMT-000-248,IMAGING,EP-IND-06230
BC-06231,2026-01-01 14:55:21+00:00,0,IOMT-016,S-IOMT-016-249,IMAGING,EP-IND-06231
BC-06232,2026-01-01 14:55:30+00:00,0,IOMT-023,S-IOMT-023-250,EHR_WRITE,EP-IND-06232
BC-06233,2026-01-01 14:55:36+00:00,0,IOMT-033,S-IOMT-033-251,EHR_READ,EP-IND-06233
BC-06234,2026-01-01 14:55:42+00:00,0,IOMT-043,S-IOMT-043-252,LAB_RESULTS,EP-IND-06234
BC-06235,2026-01-01 14:56:32+00:00,0,IOMT-017,S-IOMT-017-253,EHR_READ,EP-IND-06235
BC-06236,2026-01-01 14:56:41+00:00,0,IOMT-046,S-IOMT-046-254,RESEARCH,EP-IND-06236
BC-06237,2026-01-01 14:56:43+00:00,0,IOMT-004,S-IOMT-004-255,EHR_READ,EP-IND-06237
BC-06238,2026-01-01 14:56:47+00:00,0,IOMT-039,S-IOMT-039-256,IMAGING,EP-IND-06238
BC-06239,2026-01-01 14:56:59+00:00,0,IOMT-022,S-IOMT-022-257,LAB_RESULTS,EP-IND-06239
BC-06240,2026-01-01 14:57:20+00:00,0,IOMT-035,S-IOMT-035-258,RESEARCH,EP-IND-06240
BC-06241,2026-01-01 14:57:21+00:00,0,IOMT-028,S-IOMT-028-259,RESEARCH,EP-IND-06241
BC-06242,2026-01-01 14:57:45+00:00,0,IOMT-013,S-IOMT-013-260,EHR_WRITE,EP-IND-06242
BC-06243,2026-01-01 14:57:48+00:00,0,IOMT-015,S-IOMT-015-261,LAB_RESULTS,EP-IND-06243
BC-06244,2026-01-01 14:57:58+00:00,0,IOMT-037,S-IOMT-037-262,IMAGING,EP-IND-06244
BC-06245,2026-01-01 14:58:05+00:00,0,IOMT-031,S-IOMT-031-263,IMAGING,EP-IND-06245
BC-06246,2026-01-01 14:58:06+00:00,0,IOMT-018,S-IOMT-018-264,EHR_READ,EP-IND-06246
BC-06247,2026-01-01 14:58:07+00:00,0,IOMT-017,S-IOMT-017-265,EHR_WRITE,EP-IND-06247
BC-06248,2026-01-01 14:58:08+00:00,0,IOMT-019,S-IOMT-019-266,RESEARCH,EP-IND-06248
BC-06249,2026-01-01 14:58:22+00:00,0,IOMT-003,S-IOMT-003-267,LAB_RESULTS,EP-IND-06249
BC-06250,2026-01-01 14:58:33+00:00,0,IOMT-023,S-IOMT-023-268,IMAGING,EP-IND-06250
BC-06251,2026-01-01 14:59:15+00:00,0,IOMT-044,S-IOMT-044-269,LAB_RESULTS,EP-IND-06251
BC-06252,2026-01-01 14:59:29+00:00,0,IOMT-046,S-IOMT-046-270,EHR_WRITE,EP-IND-06252
BC-06253,2026-01-01 14:59:38+00:00,0,IOMT-045,S-IOMT-045-271,LAB_RESULTS,EP-IND-06253
BC-06254,2026-01-01 14:59:45+00:00,0,IOMT-008,S-IOMT-008-272,RESEARCH,EP-IND-06254
BC-06255,2026-01-01 14:59:49+00:00,0,IOMT-048,S-IOMT-048-273,EHR_READ,EP-IND-06255
BC-06256,2026-01-01 14:59:49+00:00,0,IOMT-007,S-IOMT-007-274,LAB_RESULTS,EP-IND-06256
BC-06257,2026-01-01 14:59:51+00:00,0,IOMT-041,S-IOMT-041-275,LAB_RESULTS,EP-IND-06257
BC-06258,2026-01-01 14:59:53+00:00,0,IOMT-009,S-IOMT-009-276,RESEARCH,EP-IND-06258
BC-06259,2026-01-01 15:00:17+00:00,0,IOMT-044,S-IOMT-044-277,EHR_READ,EP-IND-06259
BC-06260,2026-01-01 15:00:34+00:00,0,IOMT-018,S-IOMT-018-278,LAB_RESULTS,EP-IND-06260
BC-06261,2026-01-01 15:00:47+00:00,0,IOMT-034,S-IOMT-034-279,EHR_READ,EP-IND-06261
BC-06262,2026-01-01 15:00:54+00:00,0,IOMT-009,S-IOMT-009-280,IMAGING,EP-IND-06262
BC-06263,2026-01-01 15:01:05+00:00,0,IOMT-007,S-IOMT-007-281,LAB_RESULTS,EP-IND-06263
BC-06264,2026-01-01 15:01:13+00:00,0,IOMT-032,S-IOMT-032-282,EHR_WRITE,EP-IND-06264
BC-06265,2026-01-01 15:01:17+00:00,0,IOMT-005,S-IOMT-005-283,IMAGING,EP-IND-06265
BC-06266,2026-01-01 15:01:28+00:00,0,IOMT-047,S-IOMT-047-284,EHR_WRITE,EP-IND-06266
BC-06267,2026-01-01 15:01:38+00:00,0,IOMT-036,S-IOMT-036-285,EHR_WRITE,EP-IND-06267
BC-06268,2026-01-01 15:02:38+00:00,0,IOMT-026,S-IOMT-026-286,EHR_READ,EP-IND-06268
BC-06269,2026-01-01 15:02:45+00:00,0,IOMT-044,S-IOMT-044-287,IMAGING,EP-IND-06269
BC-06270,2026-01-01 15:02:48+00:00,0,IOMT-028,S-IOMT-028-288,EHR_READ,EP-IND-06270
BC-06271,2026-01-01 15:02:59+00:00,0,IOMT-042,S-IOMT-042-289,RESEARCH,EP-IND-06271
BC-06272,2026-01-01 15:03:09+00:00,0,IOMT-027,S-IOMT-027-290,IMAGING,EP-IND-06272
BC-06273,2026-01-01 15:03:21+00:00,0,IOMT-039,S-IOMT-039-291,EHR_READ,EP-IND-06273
BC-06274,2026-01-01 15:03:25+00:00,0,IOMT-032,S-IOMT-032-292,LAB_RESULTS,EP-IND-06274
BC-06275,2026-01-01 15:03:27+00:00,0,IOMT-016,S-IOMT-016-293,RESEARCH,EP-IND-06275
BC-06276,2026-01-01 15:03:41+00:00,0,IOMT-027,S-IOMT-027-294,EHR_READ,EP-IND-06276
BC-06277,2026-01-01 15:03:52+00:00,0,IOMT-009,S-IOMT-009-295,EHR_READ,EP-IND-06277
BC-06278,2026-01-01 15:03:55+00:00,0,IOMT-043,S-IOMT-043-296,EHR_READ,EP-IND-06278
BC-06279,2026-01-01 15:03:57+00:00,0,IOMT-022,S-IOMT-022-297,EHR_READ,EP-IND-06279
BC-06280,2026-01-01 15:03:57+00:00,0,IOMT-042,S-IOMT-042-298,EHR_WRITE,EP-IND-06280
BC-06281,2026-01-01 15:04:21+00:00,0,IOMT-002,S-IOMT-002-299,RESEARCH,EP-IND-06281
BC-06282,2026-01-01 15:05:04+00:00,0,IOMT-020,S-IOMT-020-300,RESEARCH,EP-IND-06282
BC-06283,2026-01-01 15:05:20+00:00,0,IOMT-029,S-IOMT-029-301,EHR_WRITE,EP-IND-06283
BC-06284,2026-01-01 15:05:25+00:00,0,IOMT-015,S-IOMT-015-302,EHR_WRITE,EP-IND-06284
BC-06285,2026-01-01 15:05:29+00:00,0,IOMT-015,S-IOMT-015-303,LAB_RESULTS,EP-IND-06285
BC-06286,2026-01-01 15:05:31+00:00,0,IOMT-038,S-IOMT-038-304,RESEARCH,EP-IND-06286
BC-06287,2026-01-01 15:05:40+00:00,0,IOMT-028,S-IOMT-028-305,EHR_READ,EP-IND-06287
BC-06288,2026-01-01 15:05:45+00:00,0,IOMT-039,S-IOMT-039-306,EHR_READ,EP-IND-06288
BC-06289,2026-01-01 15:05:54+00:00,0,IOMT-019,S-IOMT-019-307,EHR_READ,EP-IND-06289
BC-06290,2026-01-01 15:05:54+00:00,0,IOMT-049,S-IOMT-049-308,LAB_RESULTS,EP-IND-06290
BC-06291,2026-01-01 15:05:58+00:00,0,IOMT-017,S-IOMT-017-309,LAB_RESULTS,EP-IND-06291
BC-06292,2026-01-01 15:06:12+00:00,0,IOMT-012,S-IOMT-012-310,RESEARCH,EP-IND-06292
BC-06293,2026-01-01 15:06:35+00:00,0,IOMT-046,S-IOMT-046-311,IMAGING,EP-IND-06293
BC-06294,2026-01-01 15:06:36+00:00,0,IOMT-021,S-IOMT-021-312,IMAGING,EP-IND-06294
BC-06295,2026-01-01 15:06:37+00:00,0,IOMT-027,S-IOMT-027-313,EHR_READ,EP-IND-06295
BC-06296,2026-01-01 15:06:52+00:00,0,IOMT-043,S-IOMT-043-314,EHR_WRITE,EP-IND-06296
BC-06297,2026-01-01 15:06:53+00:00,0,IOMT-034,S-IOMT-034-315,LAB_RESULTS,EP-IND-06297
BC-06298,2026-01-01 15:06:53+00:00,0,IOMT-048,S-IOMT-048-316,IMAGING,EP-IND-06298
BC-06299,2026-01-01 15:06:58+00:00,0,IOMT-012,S-IOMT-012-317,EHR_WRITE,EP-IND-06299
BC-06300,2026-01-01 15:07:02+00:00,0,IOMT-040,S-IOMT-040-318,EHR_WRITE,EP-IND-06300
BC-06301,2026-01-01 15:07:06+00:00,0,IOMT-032,S-IOMT-032-319,IMAGING,EP-IND-06301
BC-06302,2026-01-01 15:07:06+00:00,0,IOMT-016,S-IOMT-016-320,LAB_RESULTS,EP-IND-06302
BC-06303,2026-01-01 15:07:34+00:00,0,IOMT-015,S-IOMT-015-321,IMAGING,EP-IND-06303
BC-06304,2026-01-01 15:07:52+00:00,0,IOMT-021,S-IOMT-021-322,EHR_READ,EP-IND-06304
BC-06305,2026-01-01 15:07:55+00:00,0,IOMT-009,S-IOMT-009-323,LAB_RESULTS,EP-IND-06305
BC-06306,2026-01-01 15:08:25+00:00,0,IOMT-031,S-IOMT-031-324,IMAGING,EP-IND-06306
BC-06307,2026-01-01 15:08:36+00:00,0,IOMT-042,S-IOMT-042-325,IMAGING,EP-IND-06307
BC-06308,2026-01-01 15:08:51+00:00,0,IOMT-047,S-IOMT-047-326,EHR_READ,EP-IND-06308
BC-06309,2026-01-01 15:08:51+00:00,0,IOMT-048,S-IOMT-048-327,EHR_WRITE,EP-IND-06309
BC-06310,2026-01-01 15:08:54+00:00,0,IOMT-013,S-IOMT-013-328,IMAGING,EP-IND-06310
BC-06311,2026-01-01 15:08:54+00:00,0,IOMT-045,S-IOMT-045-329,LAB_RESULTS,EP-IND-06311
BC-06312,2026-01-01 15:08:55+00:00,0,IOMT-008,S-IOMT-008-330,EHR_WRITE,EP-IND-06312
BC-06313,2026-01-01 15:09:00+00:00,0,IOMT-007,S-IOMT-007-331,IMAGING,EP-IND-06313
BC-06314,2026-01-01 15:09:12+00:00,0,IOMT-006,S-IOMT-006-332,EHR_WRITE,EP-IND-06314
BC-06315,2026-01-01 15:09:12+00:00,0,IOMT-039,S-IOMT-039-333,EHR_WRITE,EP-IND-06315
BC-06316,2026-01-01 15:09:29+00:00,0,IOMT-011,S-IOMT-011-334,EHR_READ,EP-IND-06316
BC-06317,2026-01-01 15:09:30+00:00,0,IOMT-014,S-IOMT-014-335,RESEARCH,EP-IND-06317
BC-06318,2026-01-01 15:09:35+00:00,0,IOMT-038,S-IOMT-038-336,EHR_WRITE,EP-IND-06318
BC-06319,2026-01-01 15:09:45+00:00,0,IOMT-016,S-IOMT-016-337,LAB_RESULTS,EP-IND-06319
BC-06320,2026-01-01 15:09:48+00:00,0,IOMT-008,S-IOMT-008-338,RESEARCH,EP-IND-06320
BC-06321,2026-01-01 15:09:54+00:00,0,IOMT-007,S-IOMT-007-339,RESEARCH,EP-IND-06321
BC-06322,2026-01-01 15:09:55+00:00,0,IOMT-034,S-IOMT-034-340,IMAGING,EP-IND-06322
BC-06323,2026-01-01 15:10:04+00:00,0,IOMT-010,S-IOMT-010-341,RESEARCH,EP-IND-06323
BC-06324,2026-01-01 15:10:07+00:00,0,IOMT-048,S-IOMT-048-342,EHR_WRITE,EP-IND-06324
BC-06325,2026-01-01 15:10:09+00:00,0,IOMT-015,S-IOMT-015-343,RESEARCH,EP-IND-06325
BC-06326,2026-01-01 15:10:10+00:00,0,IOMT-023,S-IOMT-023-344,LAB_RESULTS,EP-IND-06326
BC-06327,2026-01-01 15:10:29+00:00,0,IOMT-003,S-IOMT-003-345,LAB_RESULTS,EP-IND-06327
BC-06328,2026-01-01 15:10:31+00:00,0,IOMT-030,S-IOMT-030-346,EHR_WRITE,EP-IND-06328
BC-06329,2026-01-01 15:10:37+00:00,0,IOMT-024,S-IOMT-024-347,LAB_RESULTS,EP-IND-06329
BC-06330,2026-01-01 15:10:39+00:00,0,IOMT-049,S-IOMT-049-348,IMAGING,EP-IND-06330
BC-06331,2026-01-01 15:10:59+00:00,0,IOMT-019,S-IOMT-019-349,IMAGING,EP-IND-06331
BC-06332,2026-01-01 15:11:22+00:00,0,IOMT-032,S-IOMT-032-350,LAB_RESULTS,EP-IND-06332
BC-06333,2026-01-01 15:11:23+00:00,0,IOMT-048,S-IOMT-048-351,EHR_WRITE,EP-IND-06333
BC-06334,2026-01-01 15:11:25+00:00,0,IOMT-025,S-IOMT-025-352,IMAGING,EP-IND-06334
BC-06335,2026-01-01 15:11:30+00:00,0,IOMT-007,S-IOMT-007-353,RESEARCH,EP-IND-06335
BC-06336,2026-01-01 15:11:34+00:00,0,IOMT-048,S-IOMT-048-354,RESEARCH,EP-IND-06336
BC-06337,2026-01-01 15:11:38+00:00,0,IOMT-043,S-IOMT-043-355,EHR_WRITE,EP-IND-06337
BC-06338,2026-01-01 15:11:47+00:00,0,IOMT-027,S-IOMT-027-356,IMAGING,EP-IND-06338
BC-06339,2026-01-01 15:11:50+00:00,0,IOMT-001,S-IOMT-001-357,IMAGING,EP-IND-06339
BC-06340,2026-01-01 15:12:01+00:00,0,IOMT-036,S-IOMT-036-358,IMAGING,EP-IND-06340
BC-06341,2026-01-01 15:12:03+00:00,0,IOMT-028,S-IOMT-028-359,EHR_READ,EP-IND-06341
BC-06342,2026-01-01 15:12:15+00:00,0,IOMT-014,S-IOMT-014-360,EHR_WRITE,EP-IND-06342
BC-06343,2026-01-01 15:12:21+00:00,0,IOMT-022,S-IOMT-022-361,LAB_RESULTS,EP-IND-06343
BC-06344,2026-01-01 15:12:41+00:00,0,IOMT-011,S-IOMT-011-362,LAB_RESULTS,EP-IND-06344
BC-06345,2026-01-01 15:12:42+00:00,0,IOMT-031,S-IOMT-031-363,EHR_WRITE,EP-IND-06345
BC-06346,2026-01-01 15:12:48+00:00,0,IOMT-038,S-IOMT-038-364,RESEARCH,EP-IND-06346
BC-06347,2026-01-01 15:13:05+00:00,0,IOMT-005,S-IOMT-005-365,IMAGING,EP-IND-06347
BC-06348,2026-01-01 15:13:25+00:00,0,IOMT-049,S-IOMT-049-366,EHR_READ,EP-IND-06348
BC-06349,2026-01-01 15:13:27+00:00,0,IOMT-018,S-IOMT-018-367,EHR_READ,EP-IND-06349
BC-06350,2026-01-01 15:14:04+00:00,0,IOMT-044,S-IOMT-044-368,EHR_WRITE,EP-IND-06350
BC-06351,2026-01-01 15:14:07+00:00,0,IOMT-035,S-IOMT-035-369,LAB_RESULTS,EP-IND-06351
BC-06352,2026-01-01 15:14:17+00:00,0,IOMT-027,S-IOMT-027-370,IMAGING,EP-IND-06352
BC-06353,2026-01-01 15:14:18+00:00,0,IOMT-037,S-IOMT-037-371,EHR_WRITE,EP-IND-06353
BC-06354,2026-01-01 15:14:44+00:00,0,IOMT-000,S-IOMT-000-372,EHR_READ,EP-IND-06354
BC-06355,2026-01-01 15:15:38+00:00,0,IOMT-038,S-IOMT-038-373,EHR_READ,EP-IND-06355
BC-06356,2026-01-01 15:15:41+00:00,0,IOMT-036,S-IOMT-036-374,RESEARCH,EP-IND-06356
BC-06357,2026-01-01 15:15:48+00:00,0,IOMT-015,S-IOMT-015-375,IMAGING,EP-IND-06357
BC-06358,2026-01-01 15:15:54+00:00,0,IOMT-023,S-IOMT-023-376,EHR_READ,EP-IND-06358
BC-06359,2026-01-01 15:15:58+00:00,0,IOMT-046,S-IOMT-046-377,RESEARCH,EP-IND-06359
BC-06360,2026-01-01 15:16:05+00:00,0,IOMT-005,S-IOMT-005-378,IMAGING,EP-IND-06360
BC-06361,2026-01-01 15:16:09+00:00,0,IOMT-044,S-IOMT-044-379,IMAGING,EP-IND-06361
BC-06362,2026-01-01 15:16:19+00:00,0,IOMT-042,S-IOMT-042-380,EHR_WRITE,EP-IND-06362
BC-06363,2026-01-01 15:16:26+00:00,0,IOMT-007,S-IOMT-007-381,RESEARCH,EP-IND-06363
BC-06364,2026-01-01 15:16:35+00:00,0,IOMT-020,S-IOMT-020-382,LAB_RESULTS,EP-IND-06364
BC-06365,2026-01-01 15:16:40+00:00,0,IOMT-001,S-IOMT-001-383,IMAGING,EP-IND-06365
BC-06366,2026-01-01 15:16:41+00:00,0,IOMT-022,S-IOMT-022-384,EHR_READ,EP-IND-06366
BC-06367,2026-01-01 15:16:51+00:00,0,IOMT-048,S-IOMT-048-385,LAB_RESULTS,EP-IND-06367
BC-06368,2026-01-01 15:16:57+00:00,0,IOMT-031,S-IOMT-031-386,RESEARCH,EP-IND-06368
BC-06369,2026-01-01 15:17:01+00:00,0,IOMT-033,S-IOMT-033-387,EHR_WRITE,EP-IND-06369
BC-06370,2026-01-01 15:17:10+00:00,0,IOMT-004,S-IOMT-004-388,EHR_WRITE,EP-IND-06370
BC-06371,2026-01-01 15:17:29+00:00,0,IOMT-038,S-IOMT-038-389,EHR_WRITE,EP-IND-06371
BC-06372,2026-01-01 15:17:44+00:00,0,IOMT-025,S-IOMT-025-390,LAB_RESULTS,EP-IND-06372
BC-06373,2026-01-01 15:18:03+00:00,0,IOMT-017,S-IOMT-017-391,IMAGING,EP-IND-06373
BC-06374,2026-01-01 15:18:06+00:00,0,IOMT-012,S-IOMT-012-392,IMAGING,EP-IND-06374
BC-06375,2026-01-01 15:18:09+00:00,0,IOMT-010,S-IOMT-010-393,RESEARCH,EP-IND-06375
BC-06376,2026-01-01 15:18:11+00:00,0,IOMT-023,S-IOMT-023-394,LAB_RESULTS,EP-IND-06376
BC-06377,2026-01-01 15:18:12+00:00,0,IOMT-012,S-IOMT-012-395,IMAGING,EP-IND-06377
BC-06378,2026-01-01 15:18:17+00:00,0,IOMT-003,S-IOMT-003-396,IMAGING,EP-IND-06378
BC-06379,2026-01-01 15:18:26+00:00,0,IOMT-021,S-IOMT-021-397,LAB_RESULTS,EP-IND-06379
BC-06380,2026-01-01 15:18:31+00:00,0,IOMT-039,S-IOMT-039-398,RESEARCH,EP-IND-06380
BC-06381,2026-01-01 15:18:53+00:00,0,IOMT-034,S-IOMT-034-399,EHR_READ,EP-IND-06381
BC-06382,2026-01-01 15:19:31+00:00,0,IOMT-017,S-IOMT-017-400,EHR_WRITE,EP-IND-06382
BC-06383,2026-01-01 15:19:40+00:00,0,IOMT-045,S-IOMT-045-401,EHR_WRITE,EP-IND-06383
BC-06384,2026-01-01 15:20:11+00:00,0,IOMT-016,S-IOMT-016-402,RESEARCH,EP-IND-06384
BC-06385,2026-01-01 15:20:29+00:00,0,IOMT-046,S-IOMT-046-403,EHR_READ,EP-IND-06385
BC-06386,2026-01-01 15:20:36+00:00,0,IOMT-012,S-IOMT-012-404,IMAGING,EP-IND-06386
BC-06387,2026-01-01 15:20:46+00:00,0,IOMT-037,S-IOMT-037-405,LAB_RESULTS,EP-IND-06387
BC-06388,2026-01-01 15:20:47+00:00,0,IOMT-003,S-IOMT-003-406,RESEARCH,EP-IND-06388
BC-06389,2026-01-01 15:20:54+00:00,0,IOMT-027,S-IOMT-027-407,IMAGING,EP-IND-06389
BC-06390,2026-01-01 15:21:02+00:00,0,IOMT-023,S-IOMT-023-408,EHR_WRITE,EP-IND-06390
BC-06391,2026-01-01 15:21:03+00:00,0,IOMT-047,S-IOMT-047-409,LAB_RESULTS,EP-IND-06391
BC-06392,2026-01-01 15:21:04+00:00,0,IOMT-015,S-IOMT-015-410,EHR_READ,EP-IND-06392
BC-06393,2026-01-01 15:21:04+00:00,0,IOMT-021,S-IOMT-021-411,EHR_READ,EP-IND-06393
BC-06394,2026-01-01 15:21:04+00:00,0,IOMT-027,S-IOMT-027-412,LAB_RESULTS,EP-IND-06394
BC-06395,2026-01-01 15:21:04+00:00,0,IOMT-028,S-IOMT-028-413,EHR_READ,EP-IND-06395
BC-06396,2026-01-01 15:21:13+00:00,0,IOMT-017,S-IOMT-017-414,EHR_WRITE,EP-IND-06396
BC-06397,2026-01-01 15:21:13+00:00,0,IOMT-035,S-IOMT-035-415,IMAGING,EP-IND-06397
BC-06398,2026-01-01 15:21:31+00:00,0,IOMT-007,S-IOMT-007-416,EHR_WRITE,EP-IND-06398
BC-06399,2026-01-01 15:22:04+00:00,0,IOMT-001,S-IOMT-001-417,EHR_WRITE,EP-IND-06399
BC-06400,2026-01-01 15:22:20+00:00,0,IOMT-033,S-IOMT-033-418,LAB_RESULTS,EP-IND-06400
BC-06401,2026-01-01 15:22:21+00:00,1,IOMT-013,S-IOMT-013-419,RESEARCH,EP-IND-06401
BC-06402,2026-01-01 15:22:28+00:00,0,IOMT-001,S-IOMT-001-420,EHR_WRITE,EP-IND-06402
BC-06403,2026-01-01 15:22:30+00:00,0,IOMT-010,S-IOMT-010-421,EHR_READ,EP-IND-06403
BC-06404,2026-01-01 15:22:35+00:00,0,IOMT-039,S-IOMT-039-422,EHR_WRITE,EP-IND-06404
BC-06405,2026-01-01 15:22:41+00:00,0,IOMT-048,S-IOMT-048-423,RESEARCH,EP-IND-06405
BC-06406,2026-01-01 15:22:48+00:00,0,IOMT-001,S-IOMT-001-424,LAB_RESULTS,EP-IND-06406
BC-06407,2026-01-01 15:22:48+00:00,0,IOMT-047,S-IOMT-047-425,IMAGING,EP-IND-06407
BC-06408,2026-01-01 15:22:57+00:00,0,IOMT-046,S-IOMT-046-426,LAB_RESULTS,EP-IND-06408
BC-06409,2026-01-01 15:23:10+00:00,0,IOMT-006,S-IOMT-006-427,IMAGING,EP-IND-06409
BC-06410,2026-01-01 15:23:11+00:00,0,IOMT-011,S-IOMT-011-428,LAB_RESULTS,EP-IND-06410
BC-06411,2026-01-01 15:23:21+00:00,0,IOMT-016,S-IOMT-016-429,RESEARCH,EP-IND-06411
BC-06412,2026-01-01 15:23:24+00:00,0,IOMT-024,S-IOMT-024-430,LAB_RESULTS,EP-IND-06412
BC-06413,2026-01-01 15:23:26+00:00,0,IOMT-026,S-IOMT-026-431,IMAGING,EP-IND-06413
BC-06414,2026-01-01 15:23:30+00:00,0,IOMT-048,S-IOMT-048-432,EHR_READ,EP-IND-06414
BC-06415,2026-01-01 15:23:34+00:00,0,IOMT-023,S-IOMT-023-433,EHR_READ,EP-IND-06415
BC-06416,2026-01-01 15:23:40+00:00,0,IOMT-026,S-IOMT-026-434,EHR_WRITE,EP-IND-06416
BC-06417,2026-01-01 15:23:43+00:00,0,IOMT-012,S-IOMT-012-435,LAB_RESULTS,EP-IND-06417
BC-06418,2026-01-01 15:23:47+00:00,0,IOMT-048,S-IOMT-048-436,EHR_READ,EP-IND-06418
BC-06419,2026-01-01 15:24:00+00:00,0,IOMT-007,S-IOMT-007-437,EHR_WRITE,EP-IND-06419
BC-06420,2026-01-01 15:24:27+00:00,0,IOMT-025,S-IOMT-025-438,IMAGING,EP-IND-06420
BC-06421,2026-01-01 15:25:16+00:00,0,IOMT-014,S-IOMT-014-439,RESEARCH,EP-IND-06421
BC-06422,2026-01-01 15:25:17+00:00,0,IOMT-003,S-IOMT-003-440,RESEARCH,EP-IND-06422
BC-06423,2026-01-01 15:25:37+00:00,0,IOMT-047,S-IOMT-047-441,EHR_READ,EP-IND-06423
BC-06424,2026-01-01 15:25:38+00:00,0,IOMT-023,S-IOMT-023-442,EHR_WRITE,EP-IND-06424
BC-06425,2026-01-01 15:25:46+00:00,0,IOMT-001,S-IOMT-001-443,EHR_READ,EP-IND-06425
BC-06426,2026-01-01 15:25:51+00:00,0,IOMT-006,S-IOMT-006-444,EHR_WRITE,EP-IND-06426
BC-06427,2026-01-01 15:25:51+00:00,0,IOMT-000,S-IOMT-000-445,RESEARCH,EP-IND-06427
BC-06428,2026-01-01 15:26:44+00:00,0,IOMT-031,S-IOMT-031-446,IMAGING,EP-IND-06428
BC-06429,2026-01-01 15:26:44+00:00,0,IOMT-033,S-IOMT-033-447,LAB_RESULTS,EP-IND-06429
BC-06430,2026-01-01 15:26:55+00:00,0,IOMT-016,S-IOMT-016-448,EHR_WRITE,EP-IND-06430
BC-06431,2026-01-01 15:27:02+00:00,0,IOMT-011,S-IOMT-011-449,EHR_WRITE,EP-IND-06431
BC-06432,2026-01-01 15:27:18+00:00,0,IOMT-016,S-IOMT-016-450,EHR_READ,EP-IND-06432
BC-06433,2026-01-01 15:27:20+00:00,0,IOMT-043,S-IOMT-043-451,EHR_READ,EP-IND-06433
BC-06434,2026-01-01 15:27:59+00:00,0,IOMT-018,S-IOMT-018-452,RESEARCH,EP-IND-06434
BC-06435,2026-01-01 15:28:03+00:00,0,IOMT-026,S-IOMT-026-453,EHR_READ,EP-IND-06435
BC-06436,2026-01-01 15:28:07+00:00,0,IOMT-029,S-IOMT-029-454,IMAGING,EP-IND-06436
BC-06437,2026-01-01 15:28:21+00:00,0,IOMT-012,S-IOMT-012-455,LAB_RESULTS,EP-IND-06437
BC-06438,2026-01-01 15:28:23+00:00,0,IOMT-012,S-IOMT-012-456,IMAGING,EP-IND-06438
BC-06439,2026-01-01 15:28:55+00:00,0,IOMT-048,S-IOMT-048-457,LAB_RESULTS,EP-IND-06439
BC-06440,2026-01-01 15:28:57+00:00,0,IOMT-040,S-IOMT-040-458,EHR_READ,EP-IND-06440
BC-06441,2026-01-01 15:29:07+00:00,0,IOMT-033,S-IOMT-033-459,LAB_RESULTS,EP-IND-06441
BC-06442,2026-01-01 15:29:17+00:00,0,IOMT-040,S-IOMT-040-460,IMAGING,EP-IND-06442
BC-06443,2026-01-01 15:29:25+00:00,0,IOMT-004,S-IOMT-004-461,IMAGING,EP-IND-06443
BC-06444,2026-01-01 15:29:39+00:00,0,IOMT-038,S-IOMT-038-462,RESEARCH,EP-IND-06444
BC-06445,2026-01-01 15:29:53+00:00,0,IOMT-017,S-IOMT-017-463,EHR_READ,EP-IND-06445
BC-06446,2026-01-01 15:29:59+00:00,0,IOMT-005,S-IOMT-005-464,IMAGING,EP-IND-06446
BC-06447,2026-01-01 15:30:00+00:00,1,IOMT-031,S-IOMT-031-465,LAB_RESULTS,EP-IND-06447
BC-06448,2026-01-01 15:30:05+00:00,0,IOMT-027,S-IOMT-027-466,LAB_RESULTS,EP-IND-06448
BC-06449,2026-01-01 15:30:18+00:00,0,IOMT-035,S-IOMT-035-467,EHR_WRITE,EP-IND-06449
BC-06450,2026-01-01 15:30:26+00:00,0,IOMT-002,S-IOMT-002-468,IMAGING,EP-IND-06450
BC-06451,2026-01-01 15:30:27+00:00,0,IOMT-002,S-IOMT-002-469,RESEARCH,EP-IND-06451
BC-06452,2026-01-01 15:30:33+00:00,0,IOMT-015,S-IOMT-015-470,EHR_READ,EP-IND-06452
BC-06453,2026-01-01 15:30:35+00:00,0,IOMT-023,S-IOMT-023-471,LAB_RESULTS,EP-IND-06453
BC-06454,2026-01-01 15:30:36+00:00,0,IOMT-015,S-IOMT-015-472,LAB_RESULTS,EP-IND-06454
BC-06455,2026-01-01 15:30:37+00:00,0,IOMT-032,S-IOMT-032-473,EHR_READ,EP-IND-06455
BC-06456,2026-01-01 15:30:45+00:00,0,IOMT-009,S-IOMT-009-474,IMAGING,EP-IND-06456
BC-06457,2026-01-01 15:30:57+00:00,0,IOMT-038,S-IOMT-038-475,EHR_READ,EP-IND-06457
BC-06458,2026-01-01 15:31:04+00:00,0,IOMT-044,S-IOMT-044-476,IMAGING,EP-IND-06458
BC-06459,2026-01-01 15:31:04+00:00,0,IOMT-039,S-IOMT-039-477,LAB_RESULTS,EP-IND-06459
BC-06460,2026-01-01 15:31:09+00:00,0,IOMT-017,S-IOMT-017-478,EHR_WRITE,EP-IND-06460
BC-06461,2026-01-01 15:31:35+00:00,0,IOMT-042,S-IOMT-042-479,EHR_WRITE,EP-IND-06461
BC-06462,2026-01-01 15:31:39+00:00,0,IOMT-006,S-IOMT-006-480,IMAGING,EP-IND-06462
BC-06463,2026-01-01 15:31:42+00:00,0,IOMT-019,S-IOMT-019-481,EHR_READ,EP-IND-06463
BC-06464,2026-01-01 15:31:48+00:00,0,IOMT-027,S-IOMT-027-482,LAB_RESULTS,EP-IND-06464
BC-06465,2026-01-01 15:32:06+00:00,0,IOMT-030,S-IOMT-030-483,LAB_RESULTS,EP-IND-06465
BC-06466,2026-01-01 15:32:09+00:00,0,IOMT-004,S-IOMT-004-484,EHR_READ,EP-IND-06466
BC-06467,2026-01-01 15:32:15+00:00,0,IOMT-011,S-IOMT-011-485,EHR_WRITE,EP-IND-06467
BC-06468,2026-01-01 15:32:18+00:00,0,IOMT-005,S-IOMT-005-486,LAB_RESULTS,EP-IND-06468
BC-06469,2026-01-01 15:32:24+00:00,0,IOMT-022,S-IOMT-022-487,IMAGING,EP-IND-06469
BC-06470,2026-01-01 15:32:49+00:00,0,IOMT-029,S-IOMT-029-488,EHR_WRITE,EP-IND-06470
BC-06471,2026-01-01 15:32:52+00:00,0,IOMT-016,S-IOMT-016-489,EHR_WRITE,EP-IND-06471
BC-06472,2026-01-01 15:33:05+00:00,0,IOMT-010,S-IOMT-010-490,IMAGING,EP-IND-06472
BC-06473,2026-01-01 15:33:11+00:00,0,IOMT-038,S-IOMT-038-491,IMAGING,EP-IND-06473
BC-06474,2026-01-01 15:33:52+00:00,0,IOMT-036,S-IOMT-036-492,LAB_RESULTS,EP-IND-06474
BC-06475,2026-01-01 15:34:12+00:00,0,IOMT-045,S-IOMT-045-493,EHR_READ,EP-IND-06475
BC-06476,2026-01-01 15:34:24+00:00,0,IOMT-032,S-IOMT-032-494,RESEARCH,EP-IND-06476
BC-06477,2026-01-01 15:34:31+00:00,0,IOMT-038,S-IOMT-038-495,LAB_RESULTS,EP-IND-06477
BC-06478,2026-01-01 15:34:35+00:00,0,IOMT-004,S-IOMT-004-496,EHR_WRITE,EP-IND-06478
BC-06479,2026-01-01 15:34:43+00:00,0,IOMT-048,S-IOMT-048-497,EHR_READ,EP-IND-06479
BC-06480,2026-01-01 15:34:50+00:00,0,IOMT-037,S-IOMT-037-498,RESEARCH,EP-IND-06480
BC-06481,2026-01-01 15:34:55+00:00,0,IOMT-017,S-IOMT-017-499,LAB_RESULTS,EP-IND-06481
BC-06482,2026-01-01 15:34:55+00:00,0,IOMT-007,S-IOMT-007-500,EHR_WRITE,EP-IND-06482
BC-06483,2026-01-01 15:35:07+00:00,1,IOMT-013,S-IOMT-013-501,IMAGING,EP-IND-06483
BC-06484,2026-01-01 15:35:16+00:00,0,IOMT-001,S-IOMT-001-502,RESEARCH,EP-IND-06484
BC-06485,2026-01-01 15:35:16+00:00,0,IOMT-022,S-IOMT-022-503,EHR_READ,EP-IND-06485
BC-06486,2026-01-01 15:35:18+00:00,0,IOMT-015,S-IOMT-015-504,LAB_RESULTS,EP-IND-06486
BC-06487,2026-01-01 15:35:26+00:00,0,IOMT-045,S-IOMT-045-505,RESEARCH,EP-IND-06487
BC-06488,2026-01-01 15:35:32+00:00,0,IOMT-013,S-IOMT-013-506,RESEARCH,EP-IND-06488
BC-06489,2026-01-01 15:35:35+00:00,0,IOMT-034,S-IOMT-034-507,EHR_WRITE,EP-IND-06489
BC-06490,2026-01-01 15:35:43+00:00,0,IOMT-002,S-IOMT-002-508,RESEARCH,EP-IND-06490
BC-06491,2026-01-01 15:35:43+00:00,0,IOMT-031,S-IOMT-031-509,EHR_READ,EP-IND-06491
BC-06492,2026-01-01 15:35:58+00:00,0,IOMT-020,S-IOMT-020-510,RESEARCH,EP-IND-06492
BC-06493,2026-01-01 15:36:10+00:00,0,IOMT-032,S-IOMT-032-511,IMAGING,EP-IND-06493
BC-06494,2026-01-01 15:36:15+00:00,0,IOMT-039,S-IOMT-039-512,EHR_READ,EP-IND-06494
BC-06495,2026-01-01 15:36:16+00:00,0,IOMT-007,S-IOMT-007-513,LAB_RESULTS,EP-IND-06495
BC-06496,2026-01-01 15:36:20+00:00,0,IOMT-004,S-IOMT-004-514,IMAGING,EP-IND-06496
BC-06497,2026-01-01 15:36:27+00:00,0,IOMT-014,S-IOMT-014-515,EHR_READ,EP-IND-06497
BC-06498,2026-01-01 15:36:27+00:00,0,IOMT-018,S-IOMT-018-516,IMAGING,EP-IND-06498
BC-06499,2026-01-01 15:36:53+00:00,0,IOMT-020,S-IOMT-020-517,IMAGING,EP-IND-06499
BC-06500,2026-01-01 15:37:12+00:00,0,IOMT-037,S-IOMT-037-518,LAB_RESULTS,EP-IND-06500
BC-06501,2026-01-01 15:37:28+00:00,0,IOMT-031,S-IOMT-031-519,RESEARCH,EP-IND-06501
BC-06502,2026-01-01 15:37:42+00:00,0,IOMT-001,S-IOMT-001-520,LAB_RESULTS,EP-IND-06502
BC-06503,2026-01-01 15:37:49+00:00,0,IOMT-047,S-IOMT-047-521,IMAGING,EP-IND-06503
BC-06504,2026-01-01 15:37:59+00:00,0,IOMT-040,S-IOMT-040-522,IMAGING,EP-IND-06504
BC-06505,2026-01-01 15:38:03+00:00,0,IOMT-010,S-IOMT-010-523,IMAGING,EP-IND-06505
BC-06506,2026-01-01 15:38:15+00:00,0,IOMT-049,S-IOMT-049-524,EHR_WRITE,EP-IND-06506
BC-06507,2026-01-01 15:38:28+00:00,0,IOMT-029,S-IOMT-029-525,LAB_RESULTS,EP-IND-06507
BC-06508,2026-01-01 15:38:39+00:00,0,IOMT-014,S-IOMT-014-526,EHR_READ,EP-IND-06508
BC-06509,2026-01-01 15:39:10+00:00,0,IOMT-019,S-IOMT-019-527,LAB_RESULTS,EP-IND-06509
BC-06510,2026-01-01 15:39:23+00:00,0,IOMT-024,S-IOMT-024-528,LAB_RESULTS,EP-IND-06510
BC-06511,2026-01-01 15:39:35+00:00,0,IOMT-009,S-IOMT-009-529,IMAGING,EP-IND-06511
BC-06512,2026-01-01 15:39:42+00:00,0,IOMT-017,S-IOMT-017-530,RESEARCH,EP-IND-06512
BC-06513,2026-01-01 15:39:45+00:00,0,IOMT-043,S-IOMT-043-531,EHR_WRITE,EP-IND-06513
BC-06514,2026-01-01 15:40:00+00:00,0,IOMT-022,S-IOMT-022-532,IMAGING,EP-IND-06514
BC-06515,2026-01-01 15:40:13+00:00,0,IOMT-012,S-IOMT-012-533,RESEARCH,EP-IND-06515
BC-06516,2026-01-01 15:40:14+00:00,0,IOMT-016,S-IOMT-016-534,EHR_READ,EP-IND-06516
BC-06517,2026-01-01 15:40:30+00:00,0,IOMT-009,S-IOMT-009-535,IMAGING,EP-IND-06517
BC-06518,2026-01-01 15:40:34+00:00,0,IOMT-002,S-IOMT-002-536,EHR_READ,EP-IND-06518
BC-06519,2026-01-01 15:40:38+00:00,0,IOMT-006,S-IOMT-006-537,RESEARCH,EP-IND-06519
BC-06520,2026-01-01 15:40:42+00:00,0,IOMT-042,S-IOMT-042-538,EHR_WRITE,EP-IND-06520
BC-06521,2026-01-01 15:40:42+00:00,0,IOMT-047,S-IOMT-047-539,RESEARCH,EP-IND-06521
BC-06522,2026-01-01 15:40:48+00:00,0,IOMT-034,S-IOMT-034-540,LAB_RESULTS,EP-IND-06522
BC-06523,2026-01-01 15:40:59+00:00,0,IOMT-042,S-IOMT-042-541,EHR_READ,EP-IND-06523
BC-06524,2026-01-01 15:41:01+00:00,0,IOMT-035,S-IOMT-035-542,RESEARCH,EP-IND-06524
BC-06525,2026-01-01 15:41:11+00:00,0,IOMT-000,S-IOMT-000-543,RESEARCH,EP-IND-06525
BC-06526,2026-01-01 15:41:18+00:00,0,IOMT-045,S-IOMT-045-544,EHR_WRITE,EP-IND-06526
BC-06527,2026-01-01 15:41:21+00:00,0,IOMT-004,S-IOMT-004-545,EHR_READ,EP-IND-06527
BC-06528,2026-01-01 15:41:25+00:00,0,IOMT-002,S-IOMT-002-546,IMAGING,EP-IND-06528
BC-06529,2026-01-01 15:41:29+00:00,0,IOMT-047,S-IOMT-047-547,EHR_READ,EP-IND-06529
BC-06530,2026-01-01 15:41:29+00:00,0,IOMT-036,S-IOMT-036-548,EHR_WRITE,EP-IND-06530
BC-06531,2026-01-01 15:41:37+00:00,0,IOMT-015,S-IOMT-015-549,RESEARCH,EP-IND-06531
BC-06532,2026-01-01 15:41:41+00:00,0,IOMT-047,S-IOMT-047-550,LAB_RESULTS,EP-IND-06532
BC-06533,2026-01-01 15:41:51+00:00,0,IOMT-010,S-IOMT-010-551,LAB_RESULTS,EP-IND-06533
BC-06534,2026-01-01 15:41:57+00:00,0,IOMT-042,S-IOMT-042-552,LAB_RESULTS,EP-IND-06534
BC-06535,2026-01-01 15:42:04+00:00,0,IOMT-018,S-IOMT-018-553,RESEARCH,EP-IND-06535
BC-06536,2026-01-01 15:42:15+00:00,0,IOMT-019,S-IOMT-019-554,LAB_RESULTS,EP-IND-06536
BC-06537,2026-01-01 15:42:19+00:00,0,IOMT-033,S-IOMT-033-555,IMAGING,EP-IND-06537
BC-06538,2026-01-01 15:42:22+00:00,0,IOMT-043,S-IOMT-043-556,EHR_READ,EP-IND-06538
BC-06539,2026-01-01 15:42:57+00:00,0,IOMT-044,S-IOMT-044-557,IMAGING,EP-IND-06539
BC-06540,2026-01-01 15:43:03+00:00,0,IOMT-022,S-IOMT-022-558,LAB_RESULTS,EP-IND-06540
BC-06541,2026-01-01 15:43:19+00:00,0,IOMT-035,S-IOMT-035-559,EHR_WRITE,EP-IND-06541
BC-06542,2026-01-01 15:43:25+00:00,0,IOMT-017,S-IOMT-017-560,EHR_WRITE,EP-IND-06542
BC-06543,2026-01-01 15:43:42+00:00,0,IOMT-047,S-IOMT-047-561,EHR_READ,EP-IND-06543
BC-06544,2026-01-01 15:43:57+00:00,0,IOMT-035,S-IOMT-035-562,RESEARCH,EP-IND-06544
BC-06545,2026-01-01 15:44:00+00:00,0,IOMT-045,S-IOMT-045-563,EHR_READ,EP-IND-06545
BC-06546,2026-01-01 15:44:16+00:00,0,IOMT-044,S-IOMT-044-564,EHR_READ,EP-IND-06546
BC-06547,2026-01-01 15:44:29+00:00,0,IOMT-019,S-IOMT-019-565,IMAGING,EP-IND-06547
BC-06548,2026-01-01 15:44:31+00:00,0,IOMT-007,S-IOMT-007-566,RESEARCH,EP-IND-06548
BC-06549,2026-01-01 15:44:52+00:00,0,IOMT-049,S-IOMT-049-567,RESEARCH,EP-IND-06549
BC-06550,2026-01-01 15:45:01+00:00,0,IOMT-028,S-IOMT-028-568,RESEARCH,EP-IND-06550
BC-06551,2026-01-01 15:45:02+00:00,0,IOMT-034,S-IOMT-034-569,EHR_WRITE,EP-IND-06551
BC-06552,2026-01-01 15:45:06+00:00,0,IOMT-018,S-IOMT-018-570,IMAGING,EP-IND-06552
BC-06553,2026-01-01 15:45:14+00:00,0,IOMT-047,S-IOMT-047-571,RESEARCH,EP-IND-06553
BC-06554,2026-01-01 15:45:18+00:00,0,IOMT-027,S-IOMT-027-572,IMAGING,EP-IND-06554
BC-06555,2026-01-01 15:45:32+00:00,0,IOMT-033,S-IOMT-033-573,RESEARCH,EP-IND-06555
BC-06556,2026-01-01 15:45:37+00:00,0,IOMT-019,S-IOMT-019-574,EHR_READ,EP-IND-06556
BC-06557,2026-01-01 15:45:40+00:00,0,IOMT-032,S-IOMT-032-575,IMAGING,EP-IND-06557
BC-06558,2026-01-01 15:45:43+00:00,0,IOMT-032,S-IOMT-032-576,EHR_WRITE,EP-IND-06558
BC-06559,2026-01-01 15:45:47+00:00,0,IOMT-014,S-IOMT-014-577,IMAGING,EP-IND-06559
BC-06560,2026-01-01 15:45:58+00:00,1,IOMT-030,S-IOMT-030-578,EHR_READ,EP-IND-06560
BC-06561,2026-01-01 15:46:03+00:00,0,IOMT-022,S-IOMT-022-579,IMAGING,EP-IND-06561
BC-06562,2026-01-01 15:46:08+00:00,0,IOMT-026,S-IOMT-026-580,IMAGING,EP-IND-06562
BC-06563,2026-01-01 15:46:16+00:00,0,IOMT-009,S-IOMT-009-581,EHR_READ,EP-IND-06563
BC-06564,2026-01-01 15:46:33+00:00,0,IOMT-047,S-IOMT-047-582,LAB_RESULTS,EP-IND-06564
BC-06565,2026-01-01 15:46:34+00:00,1,IOMT-032,S-IOMT-032-583,IMAGING,EP-IND-06565
BC-06566,2026-01-01 15:46:36+00:00,0,IOMT-004,S-IOMT-004-584,LAB_RESULTS,EP-IND-06566
BC-06567,2026-01-01 15:46:45+00:00,0,IOMT-013,S-IOMT-013-585,RESEARCH,EP-IND-06567
BC-06568,2026-01-01 15:47:05+00:00,0,IOMT-016,S-IOMT-016-586,EHR_WRITE,EP-IND-06568
BC-06569,2026-01-01 15:47:09+00:00,0,IOMT-013,S-IOMT-013-587,IMAGING,EP-IND-06569
BC-06570,2026-01-01 15:47:12+00:00,0,IOMT-018,S-IOMT-018-588,EHR_WRITE,EP-IND-06570
BC-06571,2026-01-01 15:47:15+00:00,0,IOMT-002,S-IOMT-002-589,RESEARCH,EP-IND-06571
BC-06572,2026-01-01 15:47:19+00:00,0,IOMT-031,S-IOMT-031-590,RESEARCH,EP-IND-06572
BC-06573,2026-01-01 15:47:25+00:00,0,IOMT-022,S-IOMT-022-591,EHR_READ,EP-IND-06573
BC-06574,2026-01-01 15:47:38+00:00,0,IOMT-010,S-IOMT-010-592,EHR_READ,EP-IND-06574
BC-06575,2026-01-01 15:47:50+00:00,0,IOMT-028,S-IOMT-028-593,IMAGING,EP-IND-06575
BC-06576,2026-01-01 15:48:00+00:00,0,IOMT-032,S-IOMT-032-594,EHR_READ,EP-IND-06576
BC-06577,2026-01-01 15:48:14+00:00,0,IOMT-036,S-IOMT-036-595,EHR_READ,EP-IND-06577
BC-06578,2026-01-01 15:48:28+00:00,0,IOMT-019,S-IOMT-019-596,LAB_RESULTS,EP-IND-06578
BC-06579,2026-01-01 15:48:38+00:00,0,IOMT-027,S-IOMT-027-597,IMAGING,EP-IND-06579
BC-06580,2026-01-01 15:48:43+00:00,0,IOMT-000,S-IOMT-000-598,IMAGING,EP-IND-06580
BC-06581,2026-01-01 15:48:44+00:00,0,IOMT-045,S-IOMT-045-599,EHR_WRITE,EP-IND-06581
BC-06582,2026-01-01 15:48:48+00:00,0,IOMT-021,S-IOMT-021-600,EHR_READ,EP-IND-06582
BC-06583,2026-01-01 15:48:50+00:00,0,IOMT-040,S-IOMT-040-601,EHR_READ,EP-IND-06583
BC-06584,2026-01-01 15:48:51+00:00,0,IOMT-002,S-IOMT-002-602,LAB_RESULTS,EP-IND-06584
BC-06585,2026-01-01 15:48:53+00:00,0,IOMT-028,S-IOMT-028-603,EHR_WRITE,EP-IND-06585
BC-06586,2026-01-01 15:49:38+00:00,0,IOMT-021,S-IOMT-021-604,RESEARCH,EP-IND-06586
BC-06587,2026-01-01 15:49:42+00:00,0,IOMT-045,S-IOMT-045-605,EHR_READ,EP-IND-06587
BC-06588,2026-01-01 15:49:42+00:00,0,IOMT-030,S-IOMT-030-606,IMAGING,EP-IND-06588
BC-06589,2026-01-01 15:49:56+00:00,0,IOMT-012,S-IOMT-012-607,RESEARCH,EP-IND-06589
BC-06590,2026-01-01 15:50:15+00:00,0,IOMT-036,S-IOMT-036-608,IMAGING,EP-IND-06590
BC-06591,2026-01-01 15:50:27+00:00,0,IOMT-027,S-IOMT-027-609,LAB_RESULTS,EP-IND-06591
BC-06592,2026-01-01 15:50:31+00:00,0,IOMT-038,S-IOMT-038-610,IMAGING,EP-IND-06592
BC-06593,2026-01-01 15:50:46+00:00,0,IOMT-003,S-IOMT-003-611,IMAGING,EP-IND-06593
BC-06594,2026-01-01 15:50:48+00:00,0,IOMT-042,S-IOMT-042-612,IMAGING,EP-IND-06594
BC-06595,2026-01-01 15:51:14+00:00,0,IOMT-013,S-IOMT-013-613,RESEARCH,EP-IND-06595
BC-06596,2026-01-01 15:51:20+00:00,0,IOMT-004,S-IOMT-004-614,IMAGING,EP-IND-06596
BC-06597,2026-01-01 15:51:28+00:00,0,IOMT-043,S-IOMT-043-615,EHR_WRITE,EP-IND-06597
BC-06598,2026-01-01 15:51:36+00:00,0,IOMT-038,S-IOMT-038-616,EHR_WRITE,EP-IND-06598
BC-06599,2026-01-01 15:51:40+00:00,0,IOMT-028,S-IOMT-028-617,EHR_READ,EP-IND-06599
BC-06600,2026-01-01 15:51:42+00:00,1,IOMT-018,S-IOMT-018-618,IMAGING,EP-IND-06600
BC-06601,2026-01-01 15:51:51+00:00,0,IOMT-009,S-IOMT-009-619,EHR_READ,EP-IND-06601
BC-06602,2026-01-01 15:52:01+00:00,0,IOMT-038,S-IOMT-038-620,EHR_READ,EP-IND-06602
BC-06603,2026-01-01 15:52:08+00:00,0,IOMT-016,S-IOMT-016-621,EHR_WRITE,EP-IND-06603
BC-06604,2026-01-01 15:52:09+00:00,0,IOMT-025,S-IOMT-025-622,IMAGING,EP-IND-06604
BC-06605,2026-01-01 15:52:33+00:00,0,IOMT-048,S-IOMT-048-623,EHR_READ,EP-IND-06605
BC-06606,2026-01-01 15:52:39+00:00,0,IOMT-034,S-IOMT-034-624,RESEARCH,EP-IND-06606
BC-06607,2026-01-01 15:52:52+00:00,0,IOMT-017,S-IOMT-017-625,LAB_RESULTS,EP-IND-06607
BC-06608,2026-01-01 15:53:07+00:00,0,IOMT-042,S-IOMT-042-626,LAB_RESULTS,EP-IND-06608
BC-06609,2026-01-01 15:53:11+00:00,0,IOMT-008,S-IOMT-008-627,LAB_RESULTS,EP-IND-06609
BC-06610,2026-01-01 15:53:24+00:00,0,IOMT-039,S-IOMT-039-628,RESEARCH,EP-IND-06610
BC-06611,2026-01-01 15:53:36+00:00,0,IOMT-000,S-IOMT-000-629,EHR_WRITE,EP-IND-06611
BC-06612,2026-01-01 15:54:00+00:00,0,IOMT-042,S-IOMT-042-630,EHR_WRITE,EP-IND-06612
BC-06613,2026-01-01 15:54:14+00:00,0,IOMT-030,S-IOMT-030-631,EHR_READ,EP-IND-06613
BC-06614,2026-01-01 15:54:17+00:00,0,IOMT-020,S-IOMT-020-632,EHR_WRITE,EP-IND-06614
BC-06615,2026-01-01 15:54:22+00:00,0,IOMT-036,S-IOMT-036-633,RESEARCH,EP-IND-06615
BC-06616,2026-01-01 15:54:23+00:00,0,IOMT-019,S-IOMT-019-634,RESEARCH,EP-IND-06616
BC-06617,2026-01-01 15:54:24+00:00,0,IOMT-014,S-IOMT-014-635,EHR_READ,EP-IND-06617
BC-06618,2026-01-01 15:54:25+00:00,0,IOMT-025,S-IOMT-025-636,EHR_READ,EP-IND-06618
BC-06619,2026-01-01 15:54:34+00:00,0,IOMT-028,S-IOMT-028-637,EHR_READ,EP-IND-06619
BC-06620,2026-01-01 15:54:52+00:00,0,IOMT-048,S-IOMT-048-638,LAB_RESULTS,EP-IND-06620
BC-06621,2026-01-01 15:54:52+00:00,0,IOMT-049,S-IOMT-049-639,IMAGING,EP-IND-06621
BC-06622,2026-01-01 15:54:56+00:00,0,IOMT-004,S-IOMT-004-640,EHR_READ,EP-IND-06622
BC-06623,2026-01-01 15:55:11+00:00,0,IOMT-003,S-IOMT-003-641,LAB_RESULTS,EP-IND-06623
BC-06624,2026-01-01 15:55:12+00:00,0,IOMT-006,S-IOMT-006-642,LAB_RESULTS,EP-IND-06624
BC-06625,2026-01-01 15:55:36+00:00,0,IOMT-003,S-IOMT-003-643,EHR_WRITE,EP-IND-06625
BC-06626,2026-01-01 15:55:38+00:00,0,IOMT-022,S-IOMT-022-644,EHR_READ,EP-IND-06626
BC-06627,2026-01-01 15:55:46+00:00,0,IOMT-024,S-IOMT-024-645,EHR_WRITE,EP-IND-06627
BC-06628,2026-01-01 15:56:00+00:00,0,IOMT-000,S-IOMT-000-646,EHR_READ,EP-IND-06628
BC-06629,2026-01-01 15:56:10+00:00,0,IOMT-016,S-IOMT-016-647,LAB_RESULTS,EP-IND-06629
BC-06630,2026-01-01 15:56:21+00:00,0,IOMT-029,S-IOMT-029-648,EHR_WRITE,EP-IND-06630
BC-06631,2026-01-01 15:56:46+00:00,0,IOMT-046,S-IOMT-046-649,EHR_READ,EP-IND-06631
BC-06632,2026-01-01 15:57:02+00:00,0,IOMT-025,S-IOMT-025-650,LAB_RESULTS,EP-IND-06632
BC-06633,2026-01-01 15:57:19+00:00,0,IOMT-043,S-IOMT-043-651,LAB_RESULTS,EP-IND-06633
BC-06634,2026-01-01 15:57:19+00:00,0,IOMT-031,S-IOMT-031-652,RESEARCH,EP-IND-06634
BC-06635,2026-01-01 15:57:45+00:00,0,IOMT-022,S-IOMT-022-653,RESEARCH,EP-IND-06635
BC-06636,2026-01-01 15:57:50+00:00,0,IOMT-023,S-IOMT-023-654,IMAGING,EP-IND-06636
BC-06637,2026-01-01 15:57:51+00:00,0,IOMT-032,S-IOMT-032-655,EHR_READ,EP-IND-06637
BC-06638,2026-01-01 15:58:07+00:00,0,IOMT-006,S-IOMT-006-656,EHR_READ,EP-IND-06638
BC-06639,2026-01-01 15:58:19+00:00,0,IOMT-016,S-IOMT-016-657,EHR_WRITE,EP-IND-06639
BC-06640,2026-01-01 15:58:19+00:00,0,IOMT-047,S-IOMT-047-658,EHR_READ,EP-IND-06640
BC-06641,2026-01-01 15:58:30+00:00,0,IOMT-031,S-IOMT-031-659,RESEARCH,EP-IND-06641
BC-06642,2026-01-01 15:58:37+00:00,0,IOMT-015,S-IOMT-015-660,EHR_READ,EP-IND-06642
BC-06643,2026-01-01 15:58:43+00:00,0,IOMT-011,S-IOMT-011-661,LAB_RESULTS,EP-IND-06643
BC-06644,2026-01-01 15:58:44+00:00,0,IOMT-049,S-IOMT-049-662,EHR_READ,EP-IND-06644
BC-06645,2026-01-01 15:58:47+00:00,1,IOMT-025,S-IOMT-025-663,LAB_RESULTS,EP-IND-06645
BC-06646,2026-01-01 15:58:51+00:00,0,IOMT-037,S-IOMT-037-664,EHR_READ,EP-IND-06646
BC-06647,2026-01-01 15:59:04+00:00,0,IOMT-049,S-IOMT-049-665,EHR_READ,EP-IND-06647
BC-06648,2026-01-01 15:59:20+00:00,0,IOMT-022,S-IOMT-022-666,RESEARCH,EP-IND-06648
BC-06649,2026-01-01 15:59:22+00:00,0,IOMT-045,S-IOMT-045-667,EHR_WRITE,EP-IND-06649
BC-06650,2026-01-01 15:59:25+00:00,0,IOMT-001,S-IOMT-001-668,EHR_READ,EP-IND-06650
BC-06651,2026-01-01 15:59:27+00:00,0,IOMT-041,S-IOMT-041-669,EHR_READ,EP-IND-06651
BC-06652,2026-01-01 15:59:28+00:00,0,IOMT-039,S-IOMT-039-670,EHR_READ,EP-IND-06652
BC-06653,2026-01-01 15:59:28+00:00,0,IOMT-029,S-IOMT-029-671,LAB_RESULTS,EP-IND-06653
BC-06654,2026-01-01 15:59:32+00:00,0,IOMT-048,S-IOMT-048-672,RESEARCH,EP-IND-06654
BC-06655,2026-01-01 16:00:03+00:00,0,IOMT-037,S-IOMT-037-673,EHR_WRITE,EP-IND-06655
BC-06656,2026-01-01 16:00:09+00:00,0,IOMT-000,S-IOMT-000-674,EHR_WRITE,EP-IND-06656
BC-06657,2026-01-01 16:00:10+00:00,1,IOMT-010,S-IOMT-010-675,LAB_RESULTS,EP-IND-06657
BC-06658,2026-01-01 16:00:11+00:00,0,IOMT-025,S-IOMT-025-676,RESEARCH,EP-IND-06658
BC-06659,2026-01-01 16:00:24+00:00,0,IOMT-033,S-IOMT-033-677,EHR_READ,EP-IND-06659
BC-06660,2026-01-01 16:00:28+00:00,0,IOMT-047,S-IOMT-047-678,LAB_RESULTS,EP-IND-06660
BC-06661,2026-01-01 16:00:28+00:00,0,IOMT-024,S-IOMT-024-679,EHR_WRITE,EP-IND-06661
BC-06662,2026-01-01 16:00:41+00:00,0,IOMT-031,S-IOMT-031-680,EHR_READ,EP-IND-06662
BC-06663,2026-01-01 16:00:42+00:00,0,IOMT-008,S-IOMT-008-681,EHR_WRITE,EP-IND-06663
BC-06664,2026-01-01 16:00:51+00:00,0,IOMT-044,S-IOMT-044-682,RESEARCH,EP-IND-06664
BC-06665,2026-01-01 16:00:59+00:00,0,IOMT-000,S-IOMT-000-683,LAB_RESULTS,EP-IND-06665
BC-06666,2026-01-01 16:01:18+00:00,0,IOMT-049,S-IOMT-049-684,EHR_WRITE,EP-IND-06666
BC-06667,2026-01-01 16:01:41+00:00,0,IOMT-000,S-IOMT-000-685,EHR_WRITE,EP-IND-06667
BC-06668,2026-01-01 16:01:45+00:00,0,IOMT-046,S-IOMT-046-686,LAB_RESULTS,EP-IND-06668
BC-06669,2026-01-01 16:01:52+00:00,0,IOMT-004,S-IOMT-004-687,LAB_RESULTS,EP-IND-06669
BC-06670,2026-01-01 16:02:06+00:00,0,IOMT-009,S-IOMT-009-688,LAB_RESULTS,EP-IND-06670
BC-06671,2026-01-01 16:02:08+00:00,0,IOMT-037,S-IOMT-037-689,LAB_RESULTS,EP-IND-06671
BC-06672,2026-01-01 16:02:09+00:00,0,IOMT-039,S-IOMT-039-690,RESEARCH,EP-IND-06672
BC-06673,2026-01-01 16:02:11+00:00,0,IOMT-015,S-IOMT-015-691,EHR_READ,EP-IND-06673
BC-06674,2026-01-01 16:02:14+00:00,0,IOMT-032,S-IOMT-032-692,IMAGING,EP-IND-06674
BC-06675,2026-01-01 16:02:21+00:00,0,IOMT-026,S-IOMT-026-693,EHR_WRITE,EP-IND-06675
BC-06676,2026-01-01 16:02:29+00:00,0,IOMT-037,S-IOMT-037-694,LAB_RESULTS,EP-IND-06676
BC-06677,2026-01-01 16:02:44+00:00,0,IOMT-040,S-IOMT-040-695,EHR_WRITE,EP-IND-06677
BC-06678,2026-01-01 16:02:59+00:00,0,IOMT-048,S-IOMT-048-696,IMAGING,EP-IND-06678
BC-06679,2026-01-01 16:03:02+00:00,0,IOMT-019,S-IOMT-019-697,IMAGING,EP-IND-06679
BC-06680,2026-01-01 16:03:14+00:00,0,IOMT-047,S-IOMT-047-698,EHR_WRITE,EP-IND-06680
BC-06681,2026-01-01 16:03:17+00:00,0,IOMT-017,S-IOMT-017-699,IMAGING,EP-IND-06681
BC-06682,2026-01-01 16:03:32+00:00,0,IOMT-047,S-IOMT-047-700,EHR_WRITE,EP-IND-06682
BC-06683,2026-01-01 16:03:54+00:00,0,IOMT-000,S-IOMT-000-701,EHR_WRITE,EP-IND-06683
BC-06684,2026-01-01 16:03:58+00:00,0,IOMT-007,S-IOMT-007-702,LAB_RESULTS,EP-IND-06684
BC-06685,2026-01-01 16:04:07+00:00,0,IOMT-026,S-IOMT-026-703,LAB_RESULTS,EP-IND-06685
BC-06686,2026-01-01 16:04:10+00:00,0,IOMT-044,S-IOMT-044-704,IMAGING,EP-IND-06686
BC-06687,2026-01-01 16:04:13+00:00,0,IOMT-039,S-IOMT-039-705,EHR_WRITE,EP-IND-06687
BC-06688,2026-01-01 16:04:56+00:00,0,IOMT-027,S-IOMT-027-706,RESEARCH,EP-IND-06688
BC-06689,2026-01-01 16:05:14+00:00,0,IOMT-028,S-IOMT-028-707,RESEARCH,EP-IND-06689
BC-06690,2026-01-01 16:05:16+00:00,0,IOMT-012,S-IOMT-012-708,IMAGING,EP-IND-06690
BC-06691,2026-01-01 16:05:18+00:00,0,IOMT-024,S-IOMT-024-709,LAB_RESULTS,EP-IND-06691
BC-06692,2026-01-01 16:05:31+00:00,0,IOMT-025,S-IOMT-025-710,LAB_RESULTS,EP-IND-06692
BC-06693,2026-01-01 16:05:40+00:00,0,IOMT-016,S-IOMT-016-711,IMAGING,EP-IND-06693
BC-06694,2026-01-01 16:05:58+00:00,0,IOMT-048,S-IOMT-048-712,RESEARCH,EP-IND-06694
BC-06695,2026-01-01 16:06:21+00:00,0,IOMT-041,S-IOMT-041-713,RESEARCH,EP-IND-06695
BC-06696,2026-01-01 16:06:28+00:00,0,IOMT-011,S-IOMT-011-714,EHR_WRITE,EP-IND-06696
BC-06697,2026-01-01 16:06:34+00:00,0,IOMT-013,S-IOMT-013-715,EHR_WRITE,EP-IND-06697
BC-06698,2026-01-01 16:06:36+00:00,0,IOMT-018,S-IOMT-018-716,EHR_READ,EP-IND-06698
BC-06699,2026-01-01 16:06:44+00:00,0,IOMT-049,S-IOMT-049-717,RESEARCH,EP-IND-06699
BC-06700,2026-01-01 16:06:58+00:00,0,IOMT-047,S-IOMT-047-718,RESEARCH,EP-IND-06700
BC-06701,2026-01-01 16:07:06+00:00,0,IOMT-040,S-IOMT-040-719,EHR_READ,EP-IND-06701
BC-06702,2026-01-01 16:07:09+00:00,0,IOMT-047,S-IOMT-047-720,IMAGING,EP-IND-06702
BC-06703,2026-01-01 16:08:17+00:00,0,IOMT-009,S-IOMT-009-721,EHR_READ,EP-IND-06703
BC-06704,2026-01-01 16:08:35+00:00,0,IOMT-046,S-IOMT-046-722,IMAGING,EP-IND-06704
BC-06705,2026-01-01 16:08:45+00:00,0,IOMT-024,S-IOMT-024-723,RESEARCH,EP-IND-06705
BC-06706,2026-01-01 16:08:49+00:00,0,IOMT-038,S-IOMT-038-724,LAB_RESULTS,EP-IND-06706
BC-06707,2026-01-01 16:08:59+00:00,0,IOMT-004,S-IOMT-004-725,EHR_READ,EP-IND-06707
BC-06708,2026-01-01 16:09:02+00:00,0,IOMT-044,S-IOMT-044-726,IMAGING,EP-IND-06708
BC-06709,2026-01-01 16:09:05+00:00,0,IOMT-031,S-IOMT-031-727,LAB_RESULTS,EP-IND-06709
BC-06710,2026-01-01 16:09:07+00:00,0,IOMT-010,S-IOMT-010-728,EHR_WRITE,EP-IND-06710
BC-06711,2026-01-01 16:09:23+00:00,0,IOMT-028,S-IOMT-028-729,EHR_WRITE,EP-IND-06711
BC-06712,2026-01-01 16:09:27+00:00,0,IOMT-028,S-IOMT-028-730,EHR_WRITE,EP-IND-06712
BC-06713,2026-01-01 16:09:28+00:00,0,IOMT-024,S-IOMT-024-731,RESEARCH,EP-IND-06713
BC-06714,2026-01-01 16:09:28+00:00,0,IOMT-025,S-IOMT-025-732,EHR_WRITE,EP-IND-06714
BC-06715,2026-01-01 16:09:29+00:00,0,IOMT-036,S-IOMT-036-733,LAB_RESULTS,EP-IND-06715
BC-06716,2026-01-01 16:09:40+00:00,0,IOMT-013,S-IOMT-013-734,RESEARCH,EP-IND-06716
BC-06717,2026-01-01 16:09:41+00:00,0,IOMT-049,S-IOMT-049-735,IMAGING,EP-IND-06717
BC-06718,2026-01-01 16:09:43+00:00,0,IOMT-025,S-IOMT-025-736,EHR_READ,EP-IND-06718
BC-06719,2026-01-01 16:09:48+00:00,0,IOMT-026,S-IOMT-026-737,RESEARCH,EP-IND-06719
BC-06720,2026-01-01 16:09:52+00:00,0,IOMT-019,S-IOMT-019-738,RESEARCH,EP-IND-06720
BC-06721,2026-01-01 16:09:54+00:00,0,IOMT-005,S-IOMT-005-739,LAB_RESULTS,EP-IND-06721
BC-06722,2026-01-01 16:09:55+00:00,0,IOMT-013,S-IOMT-013-740,IMAGING,EP-IND-06722
BC-06723,2026-01-01 16:09:56+00:00,0,IOMT-017,S-IOMT-017-741,IMAGING,EP-IND-06723
BC-06724,2026-01-01 16:10:01+00:00,0,IOMT-017,S-IOMT-017-742,IMAGING,EP-IND-06724
BC-06725,2026-01-01 16:10:28+00:00,0,IOMT-047,S-IOMT-047-743,RESEARCH,EP-IND-06725
BC-06726,2026-01-01 16:10:42+00:00,0,IOMT-035,S-IOMT-035-744,IMAGING,EP-IND-06726
BC-06727,2026-01-01 16:10:45+00:00,0,IOMT-004,S-IOMT-004-745,EHR_READ,EP-IND-06727
BC-06728,2026-01-01 16:10:51+00:00,0,IOMT-004,S-IOMT-004-746,RESEARCH,EP-IND-06728
BC-06729,2026-01-01 16:10:54+00:00,0,IOMT-033,S-IOMT-033-747,LAB_RESULTS,EP-IND-06729
BC-06730,2026-01-01 16:11:04+00:00,0,IOMT-035,S-IOMT-035-748,EHR_WRITE,EP-IND-06730
BC-06731,2026-01-01 16:11:07+00:00,0,IOMT-048,S-IOMT-048-749,IMAGING,EP-IND-06731
BC-06732,2026-01-01 16:12:05+00:00,0,IOMT-026,S-IOMT-026-750,LAB_RESULTS,EP-IND-06732
BC-06733,2026-01-01 16:12:06+00:00,0,IOMT-040,S-IOMT-040-751,EHR_WRITE,EP-IND-06733
BC-06734,2026-01-01 16:12:09+00:00,0,IOMT-032,S-IOMT-032-752,IMAGING,EP-IND-06734
BC-06735,2026-01-01 16:12:10+00:00,0,IOMT-036,S-IOMT-036-753,EHR_WRITE,EP-IND-06735
BC-06736,2026-01-01 16:12:13+00:00,0,IOMT-029,S-IOMT-029-754,IMAGING,EP-IND-06736
BC-06737,2026-01-01 16:12:28+00:00,0,IOMT-006,S-IOMT-006-755,EHR_WRITE,EP-IND-06737
BC-06738,2026-01-01 16:12:30+00:00,0,IOMT-029,S-IOMT-029-756,RESEARCH,EP-IND-06738
BC-06739,2026-01-01 16:12:31+00:00,0,IOMT-023,S-IOMT-023-757,IMAGING,EP-IND-06739
BC-06740,2026-01-01 16:12:35+00:00,0,IOMT-036,S-IOMT-036-758,LAB_RESULTS,EP-IND-06740
BC-06741,2026-01-01 16:12:43+00:00,0,IOMT-043,S-IOMT-043-759,EHR_READ,EP-IND-06741
BC-06742,2026-01-01 16:12:44+00:00,0,IOMT-041,S-IOMT-041-760,EHR_WRITE,EP-IND-06742
BC-06743,2026-01-01 16:12:50+00:00,0,IOMT-000,S-IOMT-000-761,EHR_WRITE,EP-IND-06743
BC-06744,2026-01-01 16:12:54+00:00,0,IOMT-042,S-IOMT-042-762,LAB_RESULTS,EP-IND-06744
BC-06745,2026-01-01 16:13:01+00:00,0,IOMT-013,S-IOMT-013-763,LAB_RESULTS,EP-IND-06745
BC-06746,2026-01-01 16:13:15+00:00,0,IOMT-009,S-IOMT-009-764,RESEARCH,EP-IND-06746
BC-06747,2026-01-01 16:13:18+00:00,0,IOMT-039,S-IOMT-039-765,EHR_READ,EP-IND-06747
BC-06748,2026-01-01 16:13:21+00:00,0,IOMT-047,S-IOMT-047-766,LAB_RESULTS,EP-IND-06748
BC-06749,2026-01-01 16:13:22+00:00,0,IOMT-047,S-IOMT-047-767,IMAGING,EP-IND-06749
BC-06750,2026-01-01 16:13:56+00:00,0,IOMT-015,S-IOMT-015-768,EHR_WRITE,EP-IND-06750
BC-06751,2026-01-01 16:14:02+00:00,0,IOMT-044,S-IOMT-044-769,RESEARCH,EP-IND-06751
BC-06752,2026-01-01 16:14:48+00:00,0,IOMT-018,S-IOMT-018-770,EHR_WRITE,EP-IND-06752
BC-06753,2026-01-01 16:15:11+00:00,0,IOMT-017,S-IOMT-017-771,LAB_RESULTS,EP-IND-06753
BC-06754,2026-01-01 16:15:13+00:00,1,IOMT-032,S-IOMT-032-772,EHR_READ,EP-IND-06754
BC-06755,2026-01-01 16:15:15+00:00,0,IOMT-010,S-IOMT-010-773,IMAGING,EP-IND-06755
BC-06756,2026-01-01 16:15:17+00:00,0,IOMT-021,S-IOMT-021-774,EHR_READ,EP-IND-06756
BC-06757,2026-01-01 16:15:31+00:00,0,IOMT-023,S-IOMT-023-775,IMAGING,EP-IND-06757
BC-06758,2026-01-01 16:15:37+00:00,0,IOMT-017,S-IOMT-017-776,IMAGING,EP-IND-06758
BC-06759,2026-01-01 16:15:53+00:00,0,IOMT-018,S-IOMT-018-777,EHR_READ,EP-IND-06759
BC-06760,2026-01-01 16:15:56+00:00,0,IOMT-044,S-IOMT-044-778,RESEARCH,EP-IND-06760
BC-06761,2026-01-01 16:16:03+00:00,0,IOMT-014,S-IOMT-014-779,IMAGING,EP-IND-06761
BC-06762,2026-01-01 16:16:08+00:00,0,IOMT-040,S-IOMT-040-780,LAB_RESULTS,EP-IND-06762
BC-06763,2026-01-01 16:16:15+00:00,0,IOMT-044,S-IOMT-044-781,RESEARCH,EP-IND-06763
BC-06764,2026-01-01 16:16:16+00:00,0,IOMT-019,S-IOMT-019-782,LAB_RESULTS,EP-IND-06764
BC-06765,2026-01-01 16:16:22+00:00,0,IOMT-003,S-IOMT-003-783,IMAGING,EP-IND-06765
BC-06766,2026-01-01 16:16:23+00:00,0,IOMT-039,S-IOMT-039-784,IMAGING,EP-IND-06766
BC-06767,2026-01-01 16:16:23+00:00,0,IOMT-011,S-IOMT-011-785,EHR_WRITE,EP-IND-06767
BC-06768,2026-01-01 16:16:26+00:00,0,IOMT-038,S-IOMT-038-786,IMAGING,EP-IND-06768
BC-06769,2026-01-01 16:17:03+00:00,0,IOMT-038,S-IOMT-038-787,IMAGING,EP-IND-06769
BC-06770,2026-01-01 16:17:20+00:00,0,IOMT-005,S-IOMT-005-788,LAB_RESULTS,EP-IND-06770
BC-06771,2026-01-01 16:17:21+00:00,0,IOMT-027,S-IOMT-027-789,EHR_WRITE,EP-IND-06771
BC-06772,2026-01-01 16:17:21+00:00,0,IOMT-028,S-IOMT-028-790,EHR_READ,EP-IND-06772
BC-06773,2026-01-01 16:17:29+00:00,0,IOMT-034,S-IOMT-034-791,IMAGING,EP-IND-06773
BC-06774,2026-01-01 16:17:37+00:00,0,IOMT-013,S-IOMT-013-792,EHR_READ,EP-IND-06774
BC-06775,2026-01-01 16:17:39+00:00,0,IOMT-041,S-IOMT-041-793,EHR_READ,EP-IND-06775
BC-06776,2026-01-01 16:17:42+00:00,0,IOMT-023,S-IOMT-023-794,IMAGING,EP-IND-06776
BC-06777,2026-01-01 16:17:43+00:00,0,IOMT-014,S-IOMT-014-795,EHR_READ,EP-IND-06777
BC-06778,2026-01-01 16:17:56+00:00,0,IOMT-048,S-IOMT-048-796,EHR_READ,EP-IND-06778
BC-06779,2026-01-01 16:18:00+00:00,0,IOMT-016,S-IOMT-016-797,EHR_WRITE,EP-IND-06779
BC-06780,2026-01-01 16:18:02+00:00,0,IOMT-010,S-IOMT-010-798,IMAGING,EP-IND-06780
BC-06781,2026-01-01 16:18:06+00:00,0,IOMT-047,S-IOMT-047-799,RESEARCH,EP-IND-06781
BC-06782,2026-01-01 16:18:08+00:00,0,IOMT-027,S-IOMT-027-800,RESEARCH,EP-IND-06782
BC-06783,2026-01-01 16:18:10+00:00,0,IOMT-022,S-IOMT-022-801,LAB_RESULTS,EP-IND-06783
BC-06784,2026-01-01 16:18:53+00:00,0,IOMT-001,S-IOMT-001-802,EHR_WRITE,EP-IND-06784
BC-06785,2026-01-01 16:19:15+00:00,0,IOMT-027,S-IOMT-027-803,EHR_READ,EP-IND-06785
BC-06786,2026-01-01 16:19:21+00:00,0,IOMT-010,S-IOMT-010-804,LAB_RESULTS,EP-IND-06786
BC-06787,2026-01-01 16:19:24+00:00,0,IOMT-011,S-IOMT-011-805,RESEARCH,EP-IND-06787
BC-06788,2026-01-01 16:19:52+00:00,0,IOMT-000,S-IOMT-000-806,LAB_RESULTS,EP-IND-06788
BC-06789,2026-01-01 16:19:52+00:00,0,IOMT-006,S-IOMT-006-807,EHR_READ,EP-IND-06789
BC-06790,2026-01-01 16:20:58+00:00,0,IOMT-040,S-IOMT-040-808,RESEARCH,EP-IND-06790
BC-06791,2026-01-01 16:21:07+00:00,0,IOMT-039,S-IOMT-039-809,LAB_RESULTS,EP-IND-06791
BC-06792,2026-01-01 16:21:09+00:00,0,IOMT-000,S-IOMT-000-810,EHR_READ,EP-IND-06792
BC-06793,2026-01-01 16:21:15+00:00,0,IOMT-021,S-IOMT-021-811,IMAGING,EP-IND-06793
BC-06794,2026-01-01 16:21:17+00:00,0,IOMT-022,S-IOMT-022-812,EHR_READ,EP-IND-06794
BC-06795,2026-01-01 16:21:22+00:00,0,IOMT-004,S-IOMT-004-813,RESEARCH,EP-IND-06795
BC-06796,2026-01-01 16:21:37+00:00,0,IOMT-014,S-IOMT-014-814,LAB_RESULTS,EP-IND-06796
BC-06797,2026-01-01 16:21:55+00:00,0,IOMT-034,S-IOMT-034-815,IMAGING,EP-IND-06797
BC-06798,2026-01-01 16:21:56+00:00,0,IOMT-045,S-IOMT-045-816,IMAGING,EP-IND-06798
BC-06799,2026-01-01 16:22:01+00:00,0,IOMT-013,S-IOMT-013-817,EHR_WRITE,EP-IND-06799
BC-06800,2026-01-01 16:22:26+00:00,0,IOMT-049,S-IOMT-049-818,RESEARCH,EP-IND-06800
BC-06801,2026-01-01 16:22:30+00:00,0,IOMT-049,S-IOMT-049-819,EHR_WRITE,EP-IND-06801
BC-06802,2026-01-01 16:22:56+00:00,0,IOMT-047,S-IOMT-047-820,RESEARCH,EP-IND-06802
BC-06803,2026-01-01 16:23:02+00:00,0,IOMT-023,S-IOMT-023-821,EHR_WRITE,EP-IND-06803
BC-06804,2026-01-01 16:23:11+00:00,0,IOMT-000,S-IOMT-000-822,EHR_READ,EP-IND-06804
BC-06805,2026-01-01 16:23:17+00:00,0,IOMT-013,S-IOMT-013-823,RESEARCH,EP-IND-06805
BC-06806,2026-01-01 16:23:28+00:00,0,IOMT-047,S-IOMT-047-824,LAB_RESULTS,EP-IND-06806
BC-06807,2026-01-01 16:23:31+00:00,0,IOMT-007,S-IOMT-007-825,EHR_WRITE,EP-IND-06807
BC-06808,2026-01-01 16:23:38+00:00,0,IOMT-030,S-IOMT-030-826,EHR_WRITE,EP-IND-06808
BC-06809,2026-01-01 16:23:44+00:00,0,IOMT-009,S-IOMT-009-827,LAB_RESULTS,EP-IND-06809
BC-06810,2026-01-01 16:23:58+00:00,0,IOMT-042,S-IOMT-042-828,EHR_READ,EP-IND-06810
BC-06811,2026-01-01 16:24:06+00:00,0,IOMT-013,S-IOMT-013-829,RESEARCH,EP-IND-06811
BC-06812,2026-01-01 16:24:30+00:00,0,IOMT-011,S-IOMT-011-830,EHR_READ,EP-IND-06812
BC-06813,2026-01-01 16:24:37+00:00,0,IOMT-027,S-IOMT-027-831,EHR_WRITE,EP-IND-06813
BC-06814,2026-01-01 16:24:39+00:00,0,IOMT-046,S-IOMT-046-832,EHR_READ,EP-IND-06814
BC-06815,2026-01-01 16:24:53+00:00,0,IOMT-037,S-IOMT-037-833,EHR_READ,EP-IND-06815
BC-06816,2026-01-01 16:25:14+00:00,0,IOMT-023,S-IOMT-023-834,EHR_READ,EP-IND-06816
BC-06817,2026-01-01 16:25:22+00:00,0,IOMT-032,S-IOMT-032-835,LAB_RESULTS,EP-IND-06817
BC-06818,2026-01-01 16:25:27+00:00,0,IOMT-007,S-IOMT-007-836,IMAGING,EP-IND-06818
BC-06819,2026-01-01 16:25:31+00:00,0,IOMT-041,S-IOMT-041-837,EHR_WRITE,EP-IND-06819
BC-06820,2026-01-01 16:25:43+00:00,0,IOMT-028,S-IOMT-028-838,EHR_WRITE,EP-IND-06820
BC-06821,2026-01-01 16:25:45+00:00,0,IOMT-042,S-IOMT-042-839,IMAGING,EP-IND-06821
BC-06822,2026-01-01 16:25:49+00:00,0,IOMT-044,S-IOMT-044-840,LAB_RESULTS,EP-IND-06822
BC-06823,2026-01-01 16:25:51+00:00,0,IOMT-033,S-IOMT-033-841,RESEARCH,EP-IND-06823
BC-06824,2026-01-01 16:25:51+00:00,0,IOMT-005,S-IOMT-005-842,RESEARCH,EP-IND-06824
BC-06825,2026-01-01 16:25:56+00:00,0,IOMT-017,S-IOMT-017-843,RESEARCH,EP-IND-06825
BC-06826,2026-01-01 16:25:57+00:00,0,IOMT-030,S-IOMT-030-844,IMAGING,EP-IND-06826
BC-06827,2026-01-01 16:26:01+00:00,0,IOMT-014,S-IOMT-014-845,EHR_WRITE,EP-IND-06827
BC-06828,2026-01-01 16:26:16+00:00,0,IOMT-029,S-IOMT-029-846,EHR_WRITE,EP-IND-06828
BC-06829,2026-01-01 16:27:08+00:00,0,IOMT-036,S-IOMT-036-847,IMAGING,EP-IND-06829
BC-06830,2026-01-01 16:27:11+00:00,0,IOMT-046,S-IOMT-046-848,IMAGING,EP-IND-06830
BC-06831,2026-01-01 16:27:25+00:00,0,IOMT-032,S-IOMT-032-849,IMAGING,EP-IND-06831
BC-06832,2026-01-01 16:27:26+00:00,1,IOMT-007,S-IOMT-007-850,RESEARCH,EP-IND-06832
BC-06833,2026-01-01 16:27:45+00:00,0,IOMT-039,S-IOMT-039-851,EHR_WRITE,EP-IND-06833
BC-06834,2026-01-01 16:28:23+00:00,0,IOMT-025,S-IOMT-025-852,EHR_READ,EP-IND-06834
BC-06835,2026-01-01 16:28:29+00:00,0,IOMT-038,S-IOMT-038-853,RESEARCH,EP-IND-06835
BC-06836,2026-01-01 16:28:41+00:00,0,IOMT-041,S-IOMT-041-854,IMAGING,EP-IND-06836
BC-06837,2026-01-01 16:29:02+00:00,0,IOMT-028,S-IOMT-028-855,LAB_RESULTS,EP-IND-06837
BC-06838,2026-01-01 16:29:12+00:00,0,IOMT-013,S-IOMT-013-856,RESEARCH,EP-IND-06838
BC-06839,2026-01-01 16:29:18+00:00,0,IOMT-020,S-IOMT-020-857,EHR_WRITE,EP-IND-06839
BC-06840,2026-01-01 16:29:32+00:00,0,IOMT-043,S-IOMT-043-858,LAB_RESULTS,EP-IND-06840
BC-06841,2026-01-01 16:29:33+00:00,1,IOMT-023,S-IOMT-023-859,EHR_WRITE,EP-IND-06841
BC-06842,2026-01-01 16:29:38+00:00,0,IOMT-005,S-IOMT-005-860,LAB_RESULTS,EP-IND-06842
BC-06843,2026-01-01 16:29:47+00:00,1,IOMT-044,S-IOMT-044-861,LAB_RESULTS,EP-IND-06843
BC-06844,2026-01-01 16:29:48+00:00,0,IOMT-049,S-IOMT-049-862,IMAGING,EP-IND-06844
BC-06845,2026-01-01 16:30:14+00:00,0,IOMT-040,S-IOMT-040-863,LAB_RESULTS,EP-IND-06845
BC-06846,2026-01-01 16:30:28+00:00,0,IOMT-034,S-IOMT-034-864,RESEARCH,EP-IND-06846
BC-06847,2026-01-01 16:30:41+00:00,0,IOMT-027,S-IOMT-027-865,EHR_WRITE,EP-IND-06847
BC-06848,2026-01-01 16:31:17+00:00,0,IOMT-039,S-IOMT-039-866,RESEARCH,EP-IND-06848
BC-06849,2026-01-01 16:31:18+00:00,0,IOMT-020,S-IOMT-020-867,IMAGING,EP-IND-06849
BC-06850,2026-01-01 16:31:31+00:00,0,IOMT-048,S-IOMT-048-868,RESEARCH,EP-IND-06850
BC-06851,2026-01-01 16:31:57+00:00,0,IOMT-038,S-IOMT-038-869,EHR_READ,EP-IND-06851
BC-06852,2026-01-01 16:31:59+00:00,0,IOMT-034,S-IOMT-034-870,LAB_RESULTS,EP-IND-06852
BC-06853,2026-01-01 16:32:16+00:00,0,IOMT-048,S-IOMT-048-871,EHR_READ,EP-IND-06853
BC-06854,2026-01-01 16:32:24+00:00,0,IOMT-037,S-IOMT-037-872,RESEARCH,EP-IND-06854
BC-06855,2026-01-01 16:32:26+00:00,0,IOMT-027,S-IOMT-027-873,EHR_READ,EP-IND-06855
BC-06856,2026-01-01 16:32:27+00:00,0,IOMT-004,S-IOMT-004-874,EHR_READ,EP-IND-06856
BC-06857,2026-01-01 16:32:42+00:00,0,IOMT-032,S-IOMT-032-875,EHR_READ,EP-IND-06857
BC-06858,2026-01-01 16:32:48+00:00,0,IOMT-005,S-IOMT-005-876,RESEARCH,EP-IND-06858
BC-06859,2026-01-01 16:32:49+00:00,0,IOMT-011,S-IOMT-011-877,LAB_RESULTS,EP-IND-06859
BC-06860,2026-01-01 16:32:49+00:00,0,IOMT-011,S-IOMT-011-878,EHR_WRITE,EP-IND-06860
BC-06861,2026-01-01 16:32:52+00:00,0,IOMT-024,S-IOMT-024-879,IMAGING,EP-IND-06861
BC-06862,2026-01-01 16:32:56+00:00,0,IOMT-000,S-IOMT-000-880,LAB_RESULTS,EP-IND-06862
BC-06863,2026-01-01 16:32:58+00:00,0,IOMT-026,S-IOMT-026-881,IMAGING,EP-IND-06863
BC-06864,2026-01-01 16:33:04+00:00,0,IOMT-023,S-IOMT-023-882,LAB_RESULTS,EP-IND-06864
BC-06865,2026-01-01 16:33:33+00:00,0,IOMT-004,S-IOMT-004-883,EHR_READ,EP-IND-06865
BC-06866,2026-01-01 16:33:40+00:00,0,IOMT-022,S-IOMT-022-884,EHR_READ,EP-IND-06866
BC-06867,2026-01-01 16:33:43+00:00,0,IOMT-005,S-IOMT-005-885,RESEARCH,EP-IND-06867
BC-06868,2026-01-01 16:33:50+00:00,0,IOMT-031,S-IOMT-031-886,EHR_WRITE,EP-IND-06868
BC-06869,2026-01-01 16:34:04+00:00,0,IOMT-005,S-IOMT-005-887,EHR_WRITE,EP-IND-06869
BC-06870,2026-01-01 16:34:06+00:00,0,IOMT-023,S-IOMT-023-888,EHR_WRITE,EP-IND-06870
BC-06871,2026-01-01 16:34:10+00:00,0,IOMT-020,S-IOMT-020-889,EHR_WRITE,EP-IND-06871
BC-06872,2026-01-01 16:34:11+00:00,0,IOMT-026,S-IOMT-026-890,LAB_RESULTS,EP-IND-06872
BC-06873,2026-01-01 16:34:22+00:00,0,IOMT-018,S-IOMT-018-891,RESEARCH,EP-IND-06873
BC-06874,2026-01-01 16:34:23+00:00,0,IOMT-048,S-IOMT-048-892,LAB_RESULTS,EP-IND-06874
BC-06875,2026-01-01 16:34:46+00:00,0,IOMT-037,S-IOMT-037-893,EHR_READ,EP-IND-06875
BC-06876,2026-01-01 16:34:52+00:00,0,IOMT-016,S-IOMT-016-894,IMAGING,EP-IND-06876
BC-06877,2026-01-01 16:35:05+00:00,0,IOMT-021,S-IOMT-021-895,EHR_WRITE,EP-IND-06877
BC-06878,2026-01-01 16:35:21+00:00,0,IOMT-027,S-IOMT-027-896,EHR_READ,EP-IND-06878
BC-06879,2026-01-01 16:35:21+00:00,0,IOMT-043,S-IOMT-043-897,EHR_READ,EP-IND-06879
BC-06880,2026-01-01 16:35:25+00:00,0,IOMT-015,S-IOMT-015-898,LAB_RESULTS,EP-IND-06880
BC-06881,2026-01-01 16:35:26+00:00,0,IOMT-023,S-IOMT-023-899,IMAGING,EP-IND-06881
BC-06882,2026-01-01 16:35:28+00:00,0,IOMT-048,S-IOMT-048-900,RESEARCH,EP-IND-06882
BC-06883,2026-01-01 16:35:31+00:00,0,IOMT-034,S-IOMT-034-901,RESEARCH,EP-IND-06883
BC-06884,2026-01-01 16:35:41+00:00,0,IOMT-046,S-IOMT-046-902,EHR_READ,EP-IND-06884
BC-06885,2026-01-01 16:35:43+00:00,0,IOMT-010,S-IOMT-010-903,LAB_RESULTS,EP-IND-06885
BC-06886,2026-01-01 16:35:45+00:00,0,IOMT-010,S-IOMT-010-904,IMAGING,EP-IND-06886
BC-06887,2026-01-01 16:35:47+00:00,0,IOMT-043,S-IOMT-043-905,RESEARCH,EP-IND-06887
BC-06888,2026-01-01 16:35:51+00:00,0,IOMT-001,S-IOMT-001-906,IMAGING,EP-IND-06888
BC-06889,2026-01-01 16:35:56+00:00,0,IOMT-037,S-IOMT-037-907,EHR_READ,EP-IND-06889
BC-06890,2026-01-01 16:36:01+00:00,0,IOMT-031,S-IOMT-031-908,IMAGING,EP-IND-06890
BC-06891,2026-01-01 16:36:03+00:00,0,IOMT-044,S-IOMT-044-909,IMAGING,EP-IND-06891
BC-06892,2026-01-01 16:36:24+00:00,0,IOMT-022,S-IOMT-022-910,IMAGING,EP-IND-06892
BC-06893,2026-01-01 16:36:25+00:00,0,IOMT-011,S-IOMT-011-911,IMAGING,EP-IND-06893
BC-06894,2026-01-01 16:36:31+00:00,0,IOMT-023,S-IOMT-023-912,LAB_RESULTS,EP-IND-06894
BC-06895,2026-01-01 16:36:34+00:00,0,IOMT-021,S-IOMT-021-913,RESEARCH,EP-IND-06895
BC-06896,2026-01-01 16:36:57+00:00,0,IOMT-022,S-IOMT-022-914,EHR_WRITE,EP-IND-06896
BC-06897,2026-01-01 16:37:01+00:00,0,IOMT-042,S-IOMT-042-915,IMAGING,EP-IND-06897
BC-06898,2026-01-01 16:37:29+00:00,0,IOMT-002,S-IOMT-002-916,IMAGING,EP-IND-06898
BC-06899,2026-01-01 16:37:32+00:00,0,IOMT-024,S-IOMT-024-917,RESEARCH,EP-IND-06899
BC-06900,2026-01-01 16:37:38+00:00,0,IOMT-014,S-IOMT-014-918,LAB_RESULTS,EP-IND-06900
BC-06901,2026-01-01 16:37:50+00:00,0,IOMT-022,S-IOMT-022-919,EHR_WRITE,EP-IND-06901
BC-06902,2026-01-01 16:37:55+00:00,0,IOMT-022,S-IOMT-022-920,IMAGING,EP-IND-06902
BC-06903,2026-01-01 16:38:13+00:00,0,IOMT-014,S-IOMT-014-921,RESEARCH,EP-IND-06903
BC-06904,2026-01-01 16:38:36+00:00,0,IOMT-028,S-IOMT-028-922,EHR_READ,EP-IND-06904
BC-06905,2026-01-01 16:38:43+00:00,0,IOMT-034,S-IOMT-034-923,EHR_WRITE,EP-IND-06905
BC-06906,2026-01-01 16:38:52+00:00,0,IOMT-020,S-IOMT-020-924,EHR_WRITE,EP-IND-06906
BC-06907,2026-01-01 16:39:01+00:00,0,IOMT-018,S-IOMT-018-925,IMAGING,EP-IND-06907
BC-06908,2026-01-01 16:39:03+00:00,0,IOMT-010,S-IOMT-010-926,IMAGING,EP-IND-06908
BC-06909,2026-01-01 16:39:04+00:00,0,IOMT-040,S-IOMT-040-927,RESEARCH,EP-IND-06909
BC-06910,2026-01-01 16:39:29+00:00,0,IOMT-025,S-IOMT-025-928,EHR_READ,EP-IND-06910
BC-06911,2026-01-01 16:39:44+00:00,0,IOMT-027,S-IOMT-027-929,IMAGING,EP-IND-06911
BC-06912,2026-01-01 16:39:56+00:00,0,IOMT-014,S-IOMT-014-930,EHR_WRITE,EP-IND-06912
BC-06913,2026-01-01 16:39:58+00:00,0,IOMT-030,S-IOMT-030-931,EHR_WRITE,EP-IND-06913
BC-06914,2026-01-01 16:40:01+00:00,0,IOMT-038,S-IOMT-038-932,EHR_READ,EP-IND-06914
BC-06915,2026-01-01 16:40:03+00:00,0,IOMT-008,S-IOMT-008-933,LAB_RESULTS,EP-IND-06915
BC-06916,2026-01-01 16:40:08+00:00,0,IOMT-043,S-IOMT-043-934,EHR_READ,EP-IND-06916
BC-06917,2026-01-01 16:40:15+00:00,0,IOMT-028,S-IOMT-028-935,LAB_RESULTS,EP-IND-06917
BC-06918,2026-01-01 16:40:17+00:00,0,IOMT-031,S-IOMT-031-936,EHR_WRITE,EP-IND-06918
BC-06919,2026-01-01 16:40:23+00:00,0,IOMT-022,S-IOMT-022-937,LAB_RESULTS,EP-IND-06919
BC-06920,2026-01-01 16:40:36+00:00,0,IOMT-031,S-IOMT-031-938,IMAGING,EP-IND-06920
BC-06921,2026-01-01 16:40:39+00:00,0,IOMT-038,S-IOMT-038-939,RESEARCH,EP-IND-06921
BC-06922,2026-01-01 16:40:47+00:00,0,IOMT-017,S-IOMT-017-940,RESEARCH,EP-IND-06922
BC-06923,2026-01-01 16:40:59+00:00,0,IOMT-006,S-IOMT-006-941,IMAGING,EP-IND-06923
BC-06924,2026-01-01 16:41:20+00:00,0,IOMT-011,S-IOMT-011-942,EHR_WRITE,EP-IND-06924
BC-06925,2026-01-01 16:41:23+00:00,0,IOMT-017,S-IOMT-017-943,EHR_WRITE,EP-IND-06925
BC-06926,2026-01-01 16:41:50+00:00,0,IOMT-049,S-IOMT-049-944,LAB_RESULTS,EP-IND-06926
BC-06927,2026-01-01 16:41:53+00:00,0,IOMT-011,S-IOMT-011-945,EHR_WRITE,EP-IND-06927
BC-06928,2026-01-01 16:41:59+00:00,0,IOMT-035,S-IOMT-035-946,RESEARCH,EP-IND-06928
BC-06929,2026-01-01 16:42:01+00:00,0,IOMT-017,S-IOMT-017-947,LAB_RESULTS,EP-IND-06929
BC-06930,2026-01-01 16:42:07+00:00,0,IOMT-025,S-IOMT-025-948,LAB_RESULTS,EP-IND-06930
BC-06931,2026-01-01 16:42:37+00:00,0,IOMT-015,S-IOMT-015-949,EHR_WRITE,EP-IND-06931
BC-06932,2026-01-01 16:43:07+00:00,0,IOMT-031,S-IOMT-031-950,IMAGING,EP-IND-06932
BC-06933,2026-01-01 16:43:07+00:00,0,IOMT-014,S-IOMT-014-951,IMAGING,EP-IND-06933
BC-06934,2026-01-01 16:43:15+00:00,0,IOMT-003,S-IOMT-003-952,EHR_WRITE,EP-IND-06934
BC-06935,2026-01-01 16:43:43+00:00,0,IOMT-043,S-IOMT-043-953,EHR_READ,EP-IND-06935
BC-06936,2026-01-01 16:43:48+00:00,0,IOMT-037,S-IOMT-037-954,RESEARCH,EP-IND-06936
BC-06937,2026-01-01 16:43:52+00:00,0,IOMT-029,S-IOMT-029-955,RESEARCH,EP-IND-06937
BC-06938,2026-01-01 16:43:57+00:00,0,IOMT-024,S-IOMT-024-956,RESEARCH,EP-IND-06938
BC-06939,2026-01-01 16:44:02+00:00,0,IOMT-014,S-IOMT-014-957,LAB_RESULTS,EP-IND-06939
BC-06940,2026-01-01 16:44:14+00:00,0,IOMT-026,S-IOMT-026-958,EHR_WRITE,EP-IND-06940
BC-06941,2026-01-01 16:44:23+00:00,0,IOMT-041,S-IOMT-041-959,RESEARCH,EP-IND-06941
BC-06942,2026-01-01 16:44:25+00:00,0,IOMT-049,S-IOMT-049-960,IMAGING,EP-IND-06942
BC-06943,2026-01-01 16:44:36+00:00,0,IOMT-019,S-IOMT-019-961,RESEARCH,EP-IND-06943
BC-06944,2026-01-01 16:44:44+00:00,0,IOMT-006,S-IOMT-006-962,RESEARCH,EP-IND-06944
BC-06945,2026-01-01 16:44:52+00:00,0,IOMT-038,S-IOMT-038-963,LAB_RESULTS,EP-IND-06945
BC-06946,2026-01-01 16:45:08+00:00,0,IOMT-046,S-IOMT-046-964,EHR_WRITE,EP-IND-06946
BC-06947,2026-01-01 16:45:20+00:00,0,IOMT-025,S-IOMT-025-965,RESEARCH,EP-IND-06947
BC-06948,2026-01-01 16:45:25+00:00,0,IOMT-039,S-IOMT-039-966,EHR_WRITE,EP-IND-06948
BC-06949,2026-01-01 16:46:02+00:00,0,IOMT-007,S-IOMT-007-967,LAB_RESULTS,EP-IND-06949
BC-06950,2026-01-01 16:46:08+00:00,0,IOMT-027,S-IOMT-027-968,EHR_WRITE,EP-IND-06950
BC-06951,2026-01-01 16:46:23+00:00,0,IOMT-046,S-IOMT-046-969,RESEARCH,EP-IND-06951
BC-06952,2026-01-01 16:46:30+00:00,0,IOMT-049,S-IOMT-049-970,IMAGING,EP-IND-06952
BC-06953,2026-01-01 16:46:33+00:00,0,IOMT-022,S-IOMT-022-971,IMAGING,EP-IND-06953
BC-06954,2026-01-01 16:46:34+00:00,0,IOMT-004,S-IOMT-004-972,IMAGING,EP-IND-06954
BC-06955,2026-01-01 16:46:40+00:00,0,IOMT-006,S-IOMT-006-973,RESEARCH,EP-IND-06955
BC-06956,2026-01-01 16:46:41+00:00,0,IOMT-036,S-IOMT-036-974,EHR_WRITE,EP-IND-06956
BC-06957,2026-01-01 16:46:55+00:00,0,IOMT-007,S-IOMT-007-975,IMAGING,EP-IND-06957
BC-06958,2026-01-01 16:47:00+00:00,0,IOMT-042,S-IOMT-042-976,RESEARCH,EP-IND-06958
BC-06959,2026-01-01 16:47:03+00:00,0,IOMT-041,S-IOMT-041-977,EHR_WRITE,EP-IND-06959
BC-06960,2026-01-01 16:47:12+00:00,0,IOMT-038,S-IOMT-038-978,IMAGING,EP-IND-06960
BC-06961,2026-01-01 16:47:15+00:00,0,IOMT-044,S-IOMT-044-979,EHR_WRITE,EP-IND-06961
BC-06962,2026-01-01 16:47:16+00:00,0,IOMT-044,S-IOMT-044-980,RESEARCH,EP-IND-06962
BC-06963,2026-01-01 16:47:28+00:00,0,IOMT-023,S-IOMT-023-981,LAB_RESULTS,EP-IND-06963
BC-06964,2026-01-01 16:47:31+00:00,0,IOMT-006,S-IOMT-006-982,EHR_WRITE,EP-IND-06964
BC-06965,2026-01-01 16:47:48+00:00,0,IOMT-024,S-IOMT-024-983,EHR_WRITE,EP-IND-06965
BC-06966,2026-01-01 16:48:08+00:00,0,IOMT-013,S-IOMT-013-984,EHR_READ,EP-IND-06966
BC-06967,2026-01-01 16:48:11+00:00,0,IOMT-038,S-IOMT-038-985,RESEARCH,EP-IND-06967
BC-06968,2026-01-01 16:48:27+00:00,0,IOMT-027,S-IOMT-027-986,EHR_WRITE,EP-IND-06968
BC-06969,2026-01-01 16:48:35+00:00,0,IOMT-044,S-IOMT-044-987,EHR_WRITE,EP-IND-06969
BC-06970,2026-01-01 16:48:37+00:00,0,IOMT-004,S-IOMT-004-988,IMAGING,EP-IND-06970
BC-06971,2026-01-01 16:49:04+00:00,0,IOMT-011,S-IOMT-011-989,EHR_READ,EP-IND-06971
BC-06972,2026-01-01 16:49:06+00:00,0,IOMT-029,S-IOMT-029-990,RESEARCH,EP-IND-06972
BC-06973,2026-01-01 16:49:08+00:00,0,IOMT-015,S-IOMT-015-991,EHR_WRITE,EP-IND-06973
BC-06974,2026-01-01 16:49:25+00:00,0,IOMT-042,S-IOMT-042-992,RESEARCH,EP-IND-06974
BC-06975,2026-01-01 16:49:32+00:00,0,IOMT-032,S-IOMT-032-993,IMAGING,EP-IND-06975
BC-06976,2026-01-01 16:49:37+00:00,1,IOMT-020,S-IOMT-020-994,IMAGING,EP-IND-06976
BC-06977,2026-01-01 16:49:37+00:00,0,IOMT-013,S-IOMT-013-995,IMAGING,EP-IND-06977
BC-06978,2026-01-01 16:49:46+00:00,0,IOMT-045,S-IOMT-045-996,LAB_RESULTS,EP-IND-06978
BC-06979,2026-01-01 16:49:53+00:00,0,IOMT-012,S-IOMT-012-0,EHR_READ,EP-IND-06979
BC-06980,2026-01-01 16:50:25+00:00,0,IOMT-013,S-IOMT-013-1,RESEARCH,EP-IND-06980
BC-06981,2026-01-01 16:50:47+00:00,0,IOMT-035,S-IOMT-035-2,LAB_RESULTS,EP-IND-06981
BC-06982,2026-01-01 16:50:58+00:00,0,IOMT-030,S-IOMT-030-3,IMAGING,EP-IND-06982
BC-06983,2026-01-01 16:51:03+00:00,0,IOMT-008,S-IOMT-008-4,EHR_WRITE,EP-IND-06983
BC-06984,2026-01-01 16:51:31+00:00,0,IOMT-025,S-IOMT-025-5,EHR_WRITE,EP-IND-06984
BC-06985,2026-01-01 16:51:39+00:00,0,IOMT-043,S-IOMT-043-6,LAB_RESULTS,EP-IND-06985
BC-06986,2026-01-01 16:51:46+00:00,0,IOMT-017,S-IOMT-017-7,LAB_RESULTS,EP-IND-06986
BC-06987,2026-01-01 16:51:55+00:00,0,IOMT-026,S-IOMT-026-8,LAB_RESULTS,EP-IND-06987
BC-06988,2026-01-01 16:52:14+00:00,0,IOMT-037,S-IOMT-037-9,EHR_WRITE,EP-IND-06988
BC-06989,2026-01-01 16:52:25+00:00,0,IOMT-003,S-IOMT-003-10,EHR_READ,EP-IND-06989
BC-06990,2026-01-01 16:52:30+00:00,0,IOMT-041,S-IOMT-041-11,LAB_RESULTS,EP-IND-06990
BC-06991,2026-01-01 16:52:55+00:00,0,IOMT-045,S-IOMT-045-12,IMAGING,EP-IND-06991
BC-06992,2026-01-01 16:53:29+00:00,0,IOMT-030,S-IOMT-030-13,LAB_RESULTS,EP-IND-06992
BC-06993,2026-01-01 16:53:29+00:00,0,IOMT-033,S-IOMT-033-14,LAB_RESULTS,EP-IND-06993
BC-06994,2026-01-01 16:53:31+00:00,0,IOMT-019,S-IOMT-019-15,LAB_RESULTS,EP-IND-06994
BC-06995,2026-01-01 16:53:37+00:00,0,IOMT-028,S-IOMT-028-16,EHR_READ,EP-IND-06995
BC-06996,2026-01-01 16:53:40+00:00,0,IOMT-009,S-IOMT-009-17,EHR_WRITE,EP-IND-06996
BC-06997,2026-01-01 16:53:43+00:00,0,IOMT-023,S-IOMT-023-18,LAB_RESULTS,EP-IND-06997
BC-06998,2026-01-01 16:53:46+00:00,0,IOMT-044,S-IOMT-044-19,IMAGING,EP-IND-06998
BC-06999,2026-01-01 16:54:03+00:00,0,IOMT-000,S-IOMT-000-20,RESEARCH,EP-IND-06999
BC-07000,2026-01-01 16:54:06+00:00,0,IOMT-017,S-IOMT-017-21,EHR_WRITE,EP-IND-07000
BC-07001,2026-01-01 16:54:07+00:00,0,IOMT-047,S-IOMT-047-22,RESEARCH,EP-IND-07001
BC-07002,2026-01-01 16:54:34+00:00,0,IOMT-040,S-IOMT-040-23,RESEARCH,EP-IND-07002
BC-07003,2026-01-01 16:54:38+00:00,0,IOMT-039,S-IOMT-039-24,EHR_WRITE,EP-IND-07003
BC-07004,2026-01-01 16:54:43+00:00,0,IOMT-006,S-IOMT-006-25,IMAGING,EP-IND-07004
BC-07005,2026-01-01 16:54:46+00:00,0,IOMT-047,S-IOMT-047-26,RESEARCH,EP-IND-07005
BC-07006,2026-01-01 16:55:20+00:00,0,IOMT-035,S-IOMT-035-27,EHR_READ,EP-IND-07006
BC-07007,2026-01-01 16:55:34+00:00,0,IOMT-016,S-IOMT-016-28,EHR_WRITE,EP-IND-07007
BC-07008,2026-01-01 16:55:54+00:00,0,IOMT-012,S-IOMT-012-29,RESEARCH,EP-IND-07008
BC-07009,2026-01-01 16:55:55+00:00,0,IOMT-008,S-IOMT-008-30,RESEARCH,EP-IND-07009
BC-07010,2026-01-01 16:56:01+00:00,0,IOMT-035,S-IOMT-035-31,EHR_READ,EP-IND-07010
BC-07011,2026-01-01 16:56:24+00:00,0,IOMT-009,S-IOMT-009-32,EHR_READ,EP-IND-07011
BC-07012,2026-01-01 16:56:32+00:00,0,IOMT-019,S-IOMT-019-33,LAB_RESULTS,EP-IND-07012
BC-07013,2026-01-01 16:56:33+00:00,0,IOMT-011,S-IOMT-011-34,EHR_WRITE,EP-IND-07013
BC-07014,2026-01-01 16:56:42+00:00,0,IOMT-036,S-IOMT-036-35,IMAGING,EP-IND-07014
BC-07015,2026-01-01 16:56:45+00:00,0,IOMT-024,S-IOMT-024-36,EHR_WRITE,EP-IND-07015
BC-07016,2026-01-01 16:56:48+00:00,0,IOMT-043,S-IOMT-043-37,EHR_READ,EP-IND-07016
BC-07017,2026-01-01 16:56:55+00:00,0,IOMT-025,S-IOMT-025-38,LAB_RESULTS,EP-IND-07017
BC-07018,2026-01-01 16:56:59+00:00,1,IOMT-031,S-IOMT-031-39,LAB_RESULTS,EP-IND-07018
BC-07019,2026-01-01 16:57:00+00:00,0,IOMT-048,S-IOMT-048-40,EHR_READ,EP-IND-07019
BC-07020,2026-01-01 16:57:15+00:00,0,IOMT-025,S-IOMT-025-41,EHR_READ,EP-IND-07020
BC-07021,2026-01-01 16:57:27+00:00,0,IOMT-024,S-IOMT-024-42,RESEARCH,EP-IND-07021
BC-07022,2026-01-01 16:57:39+00:00,0,IOMT-046,S-IOMT-046-43,LAB_RESULTS,EP-IND-07022
BC-07023,2026-01-01 16:57:45+00:00,0,IOMT-048,S-IOMT-048-44,EHR_READ,EP-IND-07023
BC-07024,2026-01-01 16:57:49+00:00,0,IOMT-036,S-IOMT-036-45,EHR_WRITE,EP-IND-07024
BC-07025,2026-01-01 16:57:57+00:00,0,IOMT-037,S-IOMT-037-46,RESEARCH,EP-IND-07025
BC-07026,2026-01-01 16:58:01+00:00,0,IOMT-007,S-IOMT-007-47,EHR_WRITE,EP-IND-07026
BC-07027,2026-01-01 16:58:04+00:00,0,IOMT-048,S-IOMT-048-48,IMAGING,EP-IND-07027
BC-07028,2026-01-01 16:58:09+00:00,0,IOMT-026,S-IOMT-026-49,RESEARCH,EP-IND-07028
BC-07029,2026-01-01 16:58:17+00:00,0,IOMT-004,S-IOMT-004-50,IMAGING,EP-IND-07029
BC-07030,2026-01-01 16:58:18+00:00,0,IOMT-017,S-IOMT-017-51,EHR_READ,EP-IND-07030
BC-07031,2026-01-01 16:58:20+00:00,0,IOMT-005,S-IOMT-005-52,IMAGING,EP-IND-07031
BC-07032,2026-01-01 16:58:22+00:00,0,IOMT-018,S-IOMT-018-53,LAB_RESULTS,EP-IND-07032
BC-07033,2026-01-01 16:58:26+00:00,0,IOMT-010,S-IOMT-010-54,LAB_RESULTS,EP-IND-07033
BC-07034,2026-01-01 16:58:31+00:00,0,IOMT-029,S-IOMT-029-55,LAB_RESULTS,EP-IND-07034
BC-07035,2026-01-01 16:58:33+00:00,0,IOMT-008,S-IOMT-008-56,RESEARCH,EP-IND-07035
BC-07036,2026-01-01 16:58:42+00:00,0,IOMT-033,S-IOMT-033-57,EHR_READ,EP-IND-07036
BC-07037,2026-01-01 16:58:47+00:00,0,IOMT-009,S-IOMT-009-58,LAB_RESULTS,EP-IND-07037
BC-07038,2026-01-01 16:58:49+00:00,0,IOMT-041,S-IOMT-041-59,LAB_RESULTS,EP-IND-07038
BC-07039,2026-01-01 16:59:00+00:00,0,IOMT-017,S-IOMT-017-60,IMAGING,EP-IND-07039
BC-07040,2026-01-01 16:59:02+00:00,0,IOMT-043,S-IOMT-043-61,EHR_WRITE,EP-IND-07040
BC-07041,2026-01-01 16:59:09+00:00,0,IOMT-023,S-IOMT-023-62,EHR_WRITE,EP-IND-07041
BC-07042,2026-01-01 16:59:13+00:00,0,IOMT-016,S-IOMT-016-63,EHR_READ,EP-IND-07042
BC-07043,2026-01-01 16:59:20+00:00,0,IOMT-002,S-IOMT-002-64,IMAGING,EP-IND-07043
BC-07044,2026-01-01 16:59:25+00:00,0,IOMT-024,S-IOMT-024-65,LAB_RESULTS,EP-IND-07044
BC-07045,2026-01-01 16:59:55+00:00,0,IOMT-016,S-IOMT-016-66,EHR_WRITE,EP-IND-07045
BC-07046,2026-01-01 17:00:09+00:00,0,IOMT-006,S-IOMT-006-67,LAB_RESULTS,EP-IND-07046
BC-07047,2026-01-01 17:00:14+00:00,0,IOMT-037,S-IOMT-037-68,EHR_READ,EP-IND-07047
BC-07048,2026-01-01 17:00:20+00:00,0,IOMT-016,S-IOMT-016-69,EHR_READ,EP-IND-07048
BC-07049,2026-01-01 17:00:36+00:00,0,IOMT-042,S-IOMT-042-70,EHR_WRITE,EP-IND-07049
BC-07050,2026-01-01 17:00:37+00:00,0,IOMT-016,S-IOMT-016-71,EHR_READ,EP-IND-07050
BC-07051,2026-01-01 17:00:43+00:00,1,IOMT-040,S-IOMT-040-72,RESEARCH,EP-IND-07051
BC-07052,2026-01-01 17:00:47+00:00,0,IOMT-039,S-IOMT-039-73,IMAGING,EP-IND-07052
BC-07053,2026-01-01 17:00:48+00:00,0,IOMT-034,S-IOMT-034-74,RESEARCH,EP-IND-07053
BC-07054,2026-01-01 17:00:54+00:00,0,IOMT-029,S-IOMT-029-75,EHR_READ,EP-IND-07054
BC-07055,2026-01-01 17:01:06+00:00,0,IOMT-021,S-IOMT-021-76,IMAGING,EP-IND-07055
BC-07056,2026-01-01 17:01:09+00:00,0,IOMT-003,S-IOMT-003-77,IMAGING,EP-IND-07056
BC-07057,2026-01-01 17:01:13+00:00,0,IOMT-046,S-IOMT-046-78,IMAGING,EP-IND-07057
BC-07058,2026-01-01 17:01:14+00:00,0,IOMT-005,S-IOMT-005-79,EHR_WRITE,EP-IND-07058
BC-07059,2026-01-01 17:01:22+00:00,0,IOMT-004,S-IOMT-004-80,EHR_READ,EP-IND-07059
BC-07060,2026-01-01 17:01:30+00:00,0,IOMT-028,S-IOMT-028-81,EHR_WRITE,EP-IND-07060
BC-07061,2026-01-01 17:01:43+00:00,0,IOMT-002,S-IOMT-002-82,EHR_READ,EP-IND-07061
BC-07062,2026-01-01 17:01:44+00:00,0,IOMT-017,S-IOMT-017-83,RESEARCH,EP-IND-07062
BC-07063,2026-01-01 17:01:57+00:00,0,IOMT-023,S-IOMT-023-84,LAB_RESULTS,EP-IND-07063
BC-07064,2026-01-01 17:02:02+00:00,0,IOMT-009,S-IOMT-009-85,EHR_READ,EP-IND-07064
BC-07065,2026-01-01 17:02:17+00:00,0,IOMT-013,S-IOMT-013-86,EHR_WRITE,EP-IND-07065
BC-07066,2026-01-01 17:02:18+00:00,0,IOMT-032,S-IOMT-032-87,LAB_RESULTS,EP-IND-07066
BC-07067,2026-01-01 17:02:51+00:00,0,IOMT-010,S-IOMT-010-88,RESEARCH,EP-IND-07067
BC-07068,2026-01-01 17:02:55+00:00,0,IOMT-013,S-IOMT-013-89,IMAGING,EP-IND-07068
BC-07069,2026-01-01 17:03:00+00:00,0,IOMT-019,S-IOMT-019-90,LAB_RESULTS,EP-IND-07069
BC-07070,2026-01-01 17:03:07+00:00,0,IOMT-010,S-IOMT-010-91,EHR_WRITE,EP-IND-07070
BC-07071,2026-01-01 17:03:32+00:00,0,IOMT-041,S-IOMT-041-92,IMAGING,EP-IND-07071
BC-07072,2026-01-01 17:03:47+00:00,0,IOMT-022,S-IOMT-022-93,EHR_READ,EP-IND-07072
BC-07073,2026-01-01 17:03:50+00:00,0,IOMT-032,S-IOMT-032-94,EHR_WRITE,EP-IND-07073
BC-07074,2026-01-01 17:03:50+00:00,0,IOMT-008,S-IOMT-008-95,IMAGING,EP-IND-07074
BC-07075,2026-01-01 17:03:52+00:00,0,IOMT-041,S-IOMT-041-96,EHR_WRITE,EP-IND-07075
BC-07076,2026-01-01 17:04:05+00:00,0,IOMT-022,S-IOMT-022-97,EHR_READ,EP-IND-07076
BC-07077,2026-01-01 17:04:14+00:00,0,IOMT-046,S-IOMT-046-98,IMAGING,EP-IND-07077
BC-07078,2026-01-01 17:04:14+00:00,0,IOMT-029,S-IOMT-029-99,EHR_READ,EP-IND-07078
BC-07079,2026-01-01 17:04:19+00:00,0,IOMT-036,S-IOMT-036-100,EHR_READ,EP-IND-07079
BC-07080,2026-01-01 17:04:21+00:00,0,IOMT-002,S-IOMT-002-101,LAB_RESULTS,EP-IND-07080
BC-07081,2026-01-01 17:04:32+00:00,0,IOMT-016,S-IOMT-016-102,EHR_READ,EP-IND-07081
BC-07082,2026-01-01 17:04:34+00:00,0,IOMT-015,S-IOMT-015-103,IMAGING,EP-IND-07082
BC-07083,2026-01-01 17:04:34+00:00,0,IOMT-014,S-IOMT-014-104,IMAGING,EP-IND-07083
BC-07084,2026-01-01 17:04:37+00:00,0,IOMT-005,S-IOMT-005-105,LAB_RESULTS,EP-IND-07084
BC-07085,2026-01-01 17:04:38+00:00,0,IOMT-026,S-IOMT-026-106,LAB_RESULTS,EP-IND-07085
BC-07086,2026-01-01 17:04:47+00:00,0,IOMT-004,S-IOMT-004-107,IMAGING,EP-IND-07086
BC-07087,2026-01-01 17:04:54+00:00,0,IOMT-018,S-IOMT-018-108,EHR_READ,EP-IND-07087
BC-07088,2026-01-01 17:05:01+00:00,0,IOMT-022,S-IOMT-022-109,EHR_WRITE,EP-IND-07088
BC-07089,2026-01-01 17:05:01+00:00,0,IOMT-030,S-IOMT-030-110,IMAGING,EP-IND-07089
BC-07090,2026-01-01 17:05:02+00:00,0,IOMT-009,S-IOMT-009-111,EHR_READ,EP-IND-07090
BC-07091,2026-01-01 17:05:06+00:00,0,IOMT-029,S-IOMT-029-112,EHR_WRITE,EP-IND-07091
BC-07092,2026-01-01 17:05:09+00:00,0,IOMT-043,S-IOMT-043-113,RESEARCH,EP-IND-07092
BC-07093,2026-01-01 17:05:12+00:00,0,IOMT-009,S-IOMT-009-114,EHR_WRITE,EP-IND-07093
BC-07094,2026-01-01 17:05:47+00:00,0,IOMT-043,S-IOMT-043-115,RESEARCH,EP-IND-07094
BC-07095,2026-01-01 17:05:54+00:00,0,IOMT-014,S-IOMT-014-116,LAB_RESULTS,EP-IND-07095
BC-07096,2026-01-01 17:06:21+00:00,0,IOMT-041,S-IOMT-041-117,EHR_READ,EP-IND-07096
BC-07097,2026-01-01 17:06:27+00:00,0,IOMT-009,S-IOMT-009-118,EHR_READ,EP-IND-07097
BC-07098,2026-01-01 17:06:29+00:00,0,IOMT-001,S-IOMT-001-119,IMAGING,EP-IND-07098
BC-07099,2026-01-01 17:06:34+00:00,0,IOMT-030,S-IOMT-030-120,EHR_WRITE,EP-IND-07099
BC-07100,2026-01-01 17:06:46+00:00,0,IOMT-047,S-IOMT-047-121,EHR_WRITE,EP-IND-07100
BC-07101,2026-01-01 17:06:48+00:00,0,IOMT-014,S-IOMT-014-122,LAB_RESULTS,EP-IND-07101
BC-07102,2026-01-01 17:06:51+00:00,0,IOMT-006,S-IOMT-006-123,EHR_WRITE,EP-IND-07102
BC-07103,2026-01-01 17:06:52+00:00,0,IOMT-001,S-IOMT-001-124,EHR_READ,EP-IND-07103
BC-07104,2026-01-01 17:06:52+00:00,0,IOMT-004,S-IOMT-004-125,EHR_WRITE,EP-IND-07104
BC-07105,2026-01-01 17:06:59+00:00,0,IOMT-003,S-IOMT-003-126,EHR_READ,EP-IND-07105
BC-07106,2026-01-01 17:07:04+00:00,0,IOMT-027,S-IOMT-027-127,LAB_RESULTS,EP-IND-07106
BC-07107,2026-01-01 17:07:06+00:00,0,IOMT-041,S-IOMT-041-128,LAB_RESULTS,EP-IND-07107
BC-07108,2026-01-01 17:07:06+00:00,0,IOMT-032,S-IOMT-032-129,EHR_WRITE,EP-IND-07108
BC-07109,2026-01-01 17:07:42+00:00,0,IOMT-031,S-IOMT-031-130,LAB_RESULTS,EP-IND-07109
BC-07110,2026-01-01 17:07:48+00:00,0,IOMT-018,S-IOMT-018-131,RESEARCH,EP-IND-07110
BC-07111,2026-01-01 17:07:48+00:00,0,IOMT-047,S-IOMT-047-132,IMAGING,EP-IND-07111
BC-07112,2026-01-01 17:08:00+00:00,0,IOMT-033,S-IOMT-033-133,EHR_WRITE,EP-IND-07112
BC-07113,2026-01-01 17:08:01+00:00,0,IOMT-015,S-IOMT-015-134,EHR_READ,EP-IND-07113
BC-07114,2026-01-01 17:08:07+00:00,0,IOMT-009,S-IOMT-009-135,IMAGING,EP-IND-07114
BC-07115,2026-01-01 17:08:14+00:00,0,IOMT-017,S-IOMT-017-136,EHR_READ,EP-IND-07115
BC-07116,2026-01-01 17:08:21+00:00,0,IOMT-012,S-IOMT-012-137,EHR_WRITE,EP-IND-07116
BC-07117,2026-01-01 17:08:26+00:00,0,IOMT-015,S-IOMT-015-138,RESEARCH,EP-IND-07117
BC-07118,2026-01-01 17:08:34+00:00,0,IOMT-019,S-IOMT-019-139,RESEARCH,EP-IND-07118
BC-07119,2026-01-01 17:08:35+00:00,0,IOMT-001,S-IOMT-001-140,LAB_RESULTS,EP-IND-07119
BC-07120,2026-01-01 17:08:40+00:00,0,IOMT-008,S-IOMT-008-141,IMAGING,EP-IND-07120
BC-07121,2026-01-01 17:08:50+00:00,0,IOMT-025,S-IOMT-025-142,EHR_READ,EP-IND-07121
BC-07122,2026-01-01 17:09:07+00:00,0,IOMT-005,S-IOMT-005-143,EHR_READ,EP-IND-07122
BC-07123,2026-01-01 17:09:12+00:00,0,IOMT-032,S-IOMT-032-144,EHR_WRITE,EP-IND-07123
BC-07124,2026-01-01 17:09:13+00:00,0,IOMT-039,S-IOMT-039-145,LAB_RESULTS,EP-IND-07124
BC-07125,2026-01-01 17:09:26+00:00,0,IOMT-031,S-IOMT-031-146,LAB_RESULTS,EP-IND-07125
BC-07126,2026-01-01 17:09:36+00:00,0,IOMT-010,S-IOMT-010-147,EHR_READ,EP-IND-07126
BC-07127,2026-01-01 17:09:43+00:00,0,IOMT-043,S-IOMT-043-148,EHR_WRITE,EP-IND-07127
BC-07128,2026-01-01 17:09:45+00:00,0,IOMT-015,S-IOMT-015-149,EHR_READ,EP-IND-07128
BC-07129,2026-01-01 17:10:06+00:00,0,IOMT-047,S-IOMT-047-150,EHR_WRITE,EP-IND-07129
BC-07130,2026-01-01 17:10:06+00:00,0,IOMT-032,S-IOMT-032-151,EHR_WRITE,EP-IND-07130
BC-07131,2026-01-01 17:10:13+00:00,0,IOMT-019,S-IOMT-019-152,EHR_WRITE,EP-IND-07131
BC-07132,2026-01-01 17:10:19+00:00,0,IOMT-032,S-IOMT-032-153,RESEARCH,EP-IND-07132
BC-07133,2026-01-01 17:10:20+00:00,0,IOMT-010,S-IOMT-010-154,EHR_WRITE,EP-IND-07133
BC-07134,2026-01-01 17:10:29+00:00,1,IOMT-028,S-IOMT-028-155,IMAGING,EP-IND-07134
BC-07135,2026-01-01 17:10:34+00:00,0,IOMT-016,S-IOMT-016-156,EHR_READ,EP-IND-07135
BC-07136,2026-01-01 17:10:40+00:00,0,IOMT-002,S-IOMT-002-157,RESEARCH,EP-IND-07136
BC-07137,2026-01-01 17:10:41+00:00,0,IOMT-007,S-IOMT-007-158,EHR_READ,EP-IND-07137
BC-07138,2026-01-01 17:10:44+00:00,0,IOMT-040,S-IOMT-040-159,IMAGING,EP-IND-07138
BC-07139,2026-01-01 17:10:51+00:00,0,IOMT-046,S-IOMT-046-160,EHR_READ,EP-IND-07139
BC-07140,2026-01-01 17:10:55+00:00,0,IOMT-043,S-IOMT-043-161,IMAGING,EP-IND-07140
BC-07141,2026-01-01 17:10:56+00:00,0,IOMT-021,S-IOMT-021-162,LAB_RESULTS,EP-IND-07141
BC-07142,2026-01-01 17:10:59+00:00,0,IOMT-032,S-IOMT-032-163,EHR_READ,EP-IND-07142
BC-07143,2026-01-01 17:11:00+00:00,0,IOMT-033,S-IOMT-033-164,LAB_RESULTS,EP-IND-07143
BC-07144,2026-01-01 17:11:12+00:00,0,IOMT-033,S-IOMT-033-165,RESEARCH,EP-IND-07144
BC-07145,2026-01-01 17:11:14+00:00,0,IOMT-005,S-IOMT-005-166,EHR_WRITE,EP-IND-07145
BC-07146,2026-01-01 17:11:22+00:00,0,IOMT-049,S-IOMT-049-167,EHR_WRITE,EP-IND-07146
BC-07147,2026-01-01 17:11:33+00:00,0,IOMT-010,S-IOMT-010-168,LAB_RESULTS,EP-IND-07147
BC-07148,2026-01-01 17:11:39+00:00,0,IOMT-039,S-IOMT-039-169,RESEARCH,EP-IND-07148
BC-07149,2026-01-01 17:11:53+00:00,0,IOMT-015,S-IOMT-015-170,EHR_READ,EP-IND-07149
BC-07150,2026-01-01 17:12:19+00:00,0,IOMT-010,S-IOMT-010-171,RESEARCH,EP-IND-07150
BC-07151,2026-01-01 17:12:23+00:00,0,IOMT-030,S-IOMT-030-172,IMAGING,EP-IND-07151
BC-07152,2026-01-01 17:12:31+00:00,0,IOMT-029,S-IOMT-029-173,IMAGING,EP-IND-07152
BC-07153,2026-01-01 17:12:31+00:00,0,IOMT-031,S-IOMT-031-174,IMAGING,EP-IND-07153
BC-07154,2026-01-01 17:12:33+00:00,0,IOMT-038,S-IOMT-038-175,IMAGING,EP-IND-07154
BC-07155,2026-01-01 17:12:44+00:00,0,IOMT-019,S-IOMT-019-176,LAB_RESULTS,EP-IND-07155
BC-07156,2026-01-01 17:12:44+00:00,0,IOMT-023,S-IOMT-023-177,EHR_WRITE,EP-IND-07156
BC-07157,2026-01-01 17:12:49+00:00,0,IOMT-019,S-IOMT-019-178,EHR_READ,EP-IND-07157
BC-07158,2026-01-01 17:12:59+00:00,0,IOMT-019,S-IOMT-019-179,LAB_RESULTS,EP-IND-07158
BC-07159,2026-01-01 17:13:00+00:00,0,IOMT-041,S-IOMT-041-180,EHR_READ,EP-IND-07159
BC-07160,2026-01-01 17:13:04+00:00,0,IOMT-046,S-IOMT-046-181,RESEARCH,EP-IND-07160
BC-07161,2026-01-01 17:13:13+00:00,0,IOMT-021,S-IOMT-021-182,EHR_READ,EP-IND-07161
BC-07162,2026-01-01 17:13:18+00:00,0,IOMT-049,S-IOMT-049-183,EHR_WRITE,EP-IND-07162
BC-07163,2026-01-01 17:13:23+00:00,0,IOMT-042,S-IOMT-042-184,EHR_READ,EP-IND-07163
BC-07164,2026-01-01 17:13:52+00:00,0,IOMT-024,S-IOMT-024-185,EHR_WRITE,EP-IND-07164
BC-07165,2026-01-01 17:14:01+00:00,0,IOMT-003,S-IOMT-003-186,RESEARCH,EP-IND-07165
BC-07166,2026-01-01 17:14:04+00:00,0,IOMT-016,S-IOMT-016-187,IMAGING,EP-IND-07166
BC-07167,2026-01-01 17:14:12+00:00,0,IOMT-045,S-IOMT-045-188,EHR_READ,EP-IND-07167
BC-07168,2026-01-01 17:14:15+00:00,0,IOMT-032,S-IOMT-032-189,LAB_RESULTS,EP-IND-07168
BC-07169,2026-01-01 17:14:18+00:00,0,IOMT-020,S-IOMT-020-190,EHR_READ,EP-IND-07169
BC-07170,2026-01-01 17:14:19+00:00,0,IOMT-001,S-IOMT-001-191,EHR_READ,EP-IND-07170
BC-07171,2026-01-01 17:14:38+00:00,0,IOMT-032,S-IOMT-032-192,IMAGING,EP-IND-07171
BC-07172,2026-01-01 17:14:43+00:00,0,IOMT-029,S-IOMT-029-193,RESEARCH,EP-IND-07172
BC-07173,2026-01-01 17:14:48+00:00,0,IOMT-000,S-IOMT-000-194,LAB_RESULTS,EP-IND-07173
BC-07174,2026-01-01 17:14:50+00:00,0,IOMT-012,S-IOMT-012-195,EHR_WRITE,EP-IND-07174
BC-07175,2026-01-01 17:15:13+00:00,0,IOMT-049,S-IOMT-049-196,RESEARCH,EP-IND-07175
BC-07176,2026-01-01 17:15:22+00:00,0,IOMT-037,S-IOMT-037-197,EHR_WRITE,EP-IND-07176
BC-07177,2026-01-01 17:15:36+00:00,0,IOMT-037,S-IOMT-037-198,RESEARCH,EP-IND-07177
BC-07178,2026-01-01 17:15:37+00:00,0,IOMT-021,S-IOMT-021-199,RESEARCH,EP-IND-07178
BC-07179,2026-01-01 17:15:43+00:00,0,IOMT-024,S-IOMT-024-200,LAB_RESULTS,EP-IND-07179
BC-07180,2026-01-01 17:15:58+00:00,0,IOMT-020,S-IOMT-020-201,EHR_READ,EP-IND-07180
BC-07181,2026-01-01 17:15:58+00:00,0,IOMT-032,S-IOMT-032-202,EHR_WRITE,EP-IND-07181
BC-07182,2026-01-01 17:16:08+00:00,0,IOMT-028,S-IOMT-028-203,IMAGING,EP-IND-07182
BC-07183,2026-01-01 17:16:17+00:00,0,IOMT-043,S-IOMT-043-204,LAB_RESULTS,EP-IND-07183
BC-07184,2026-01-01 17:16:43+00:00,0,IOMT-046,S-IOMT-046-205,IMAGING,EP-IND-07184
BC-07185,2026-01-01 17:16:52+00:00,0,IOMT-036,S-IOMT-036-206,RESEARCH,EP-IND-07185
BC-07186,2026-01-01 17:16:54+00:00,0,IOMT-044,S-IOMT-044-207,LAB_RESULTS,EP-IND-07186
BC-07187,2026-01-01 17:16:55+00:00,0,IOMT-021,S-IOMT-021-208,EHR_WRITE,EP-IND-07187
BC-07188,2026-01-01 17:17:09+00:00,0,IOMT-025,S-IOMT-025-209,EHR_READ,EP-IND-07188
BC-07189,2026-01-01 17:17:14+00:00,1,IOMT-027,S-IOMT-027-210,EHR_READ,EP-IND-07189
BC-07190,2026-01-01 17:17:14+00:00,0,IOMT-020,S-IOMT-020-211,EHR_WRITE,EP-IND-07190
BC-07191,2026-01-01 17:17:43+00:00,0,IOMT-007,S-IOMT-007-212,EHR_READ,EP-IND-07191
BC-07192,2026-01-01 17:18:26+00:00,0,IOMT-045,S-IOMT-045-213,EHR_READ,EP-IND-07192
BC-07193,2026-01-01 17:18:28+00:00,0,IOMT-035,S-IOMT-035-214,EHR_READ,EP-IND-07193
BC-07194,2026-01-01 17:19:29+00:00,0,IOMT-001,S-IOMT-001-215,EHR_READ,EP-IND-07194
BC-07195,2026-01-01 17:19:29+00:00,0,IOMT-001,S-IOMT-001-216,RESEARCH,EP-IND-07195
BC-07196,2026-01-01 17:20:00+00:00,0,IOMT-004,S-IOMT-004-217,EHR_WRITE,EP-IND-07196
BC-07197,2026-01-01 17:20:10+00:00,0,IOMT-041,S-IOMT-041-218,EHR_WRITE,EP-IND-07197
BC-07198,2026-01-01 17:20:14+00:00,1,IOMT-029,S-IOMT-029-219,IMAGING,EP-IND-07198
BC-07199,2026-01-01 17:20:17+00:00,0,IOMT-036,S-IOMT-036-220,IMAGING,EP-IND-07199
BC-07200,2026-01-01 17:20:23+00:00,0,IOMT-022,S-IOMT-022-221,LAB_RESULTS,EP-IND-07200
BC-07201,2026-01-01 17:20:28+00:00,0,IOMT-020,S-IOMT-020-222,EHR_WRITE,EP-IND-07201
BC-07202,2026-01-01 17:20:52+00:00,0,IOMT-007,S-IOMT-007-223,RESEARCH,EP-IND-07202
BC-07203,2026-01-01 17:20:56+00:00,0,IOMT-044,S-IOMT-044-224,EHR_WRITE,EP-IND-07203
BC-07204,2026-01-01 17:21:08+00:00,0,IOMT-013,S-IOMT-013-225,RESEARCH,EP-IND-07204
BC-07205,2026-01-01 17:21:18+00:00,0,IOMT-042,S-IOMT-042-226,IMAGING,EP-IND-07205
BC-07206,2026-01-01 17:21:36+00:00,0,IOMT-024,S-IOMT-024-227,EHR_READ,EP-IND-07206
BC-07207,2026-01-01 17:21:43+00:00,0,IOMT-017,S-IOMT-017-228,IMAGING,EP-IND-07207
BC-07208,2026-01-01 17:21:47+00:00,0,IOMT-004,S-IOMT-004-229,LAB_RESULTS,EP-IND-07208
BC-07209,2026-01-01 17:22:09+00:00,0,IOMT-017,S-IOMT-017-230,RESEARCH,EP-IND-07209
BC-07210,2026-01-01 17:22:16+00:00,0,IOMT-013,S-IOMT-013-231,IMAGING,EP-IND-07210
BC-07211,2026-01-01 17:22:20+00:00,0,IOMT-013,S-IOMT-013-232,IMAGING,EP-IND-07211
BC-07212,2026-01-01 17:22:27+00:00,0,IOMT-035,S-IOMT-035-233,RESEARCH,EP-IND-07212
BC-07213,2026-01-01 17:22:28+00:00,0,IOMT-044,S-IOMT-044-234,IMAGING,EP-IND-07213
BC-07214,2026-01-01 17:22:29+00:00,0,IOMT-010,S-IOMT-010-235,IMAGING,EP-IND-07214
BC-07215,2026-01-01 17:22:35+00:00,0,IOMT-039,S-IOMT-039-236,EHR_READ,EP-IND-07215
BC-07216,2026-01-01 17:22:39+00:00,0,IOMT-048,S-IOMT-048-237,EHR_WRITE,EP-IND-07216
BC-07217,2026-01-01 17:22:41+00:00,0,IOMT-017,S-IOMT-017-238,IMAGING,EP-IND-07217
BC-07218,2026-01-01 17:22:50+00:00,0,IOMT-016,S-IOMT-016-239,EHR_READ,EP-IND-07218
BC-07219,2026-01-01 17:22:59+00:00,0,IOMT-006,S-IOMT-006-240,LAB_RESULTS,EP-IND-07219
BC-07220,2026-01-01 17:22:59+00:00,0,IOMT-047,S-IOMT-047-241,RESEARCH,EP-IND-07220
BC-07221,2026-01-01 17:23:01+00:00,0,IOMT-035,S-IOMT-035-242,EHR_WRITE,EP-IND-07221
BC-07222,2026-01-01 17:23:10+00:00,0,IOMT-043,S-IOMT-043-243,EHR_WRITE,EP-IND-07222
BC-07223,2026-01-01 17:23:14+00:00,0,IOMT-017,S-IOMT-017-244,EHR_READ,EP-IND-07223
BC-07224,2026-01-01 17:23:20+00:00,0,IOMT-031,S-IOMT-031-245,LAB_RESULTS,EP-IND-07224
BC-07225,2026-01-01 17:23:26+00:00,0,IOMT-011,S-IOMT-011-246,IMAGING,EP-IND-07225
BC-07226,2026-01-01 17:23:41+00:00,0,IOMT-024,S-IOMT-024-247,EHR_WRITE,EP-IND-07226
BC-07227,2026-01-01 17:23:43+00:00,0,IOMT-040,S-IOMT-040-248,LAB_RESULTS,EP-IND-07227
BC-07228,2026-01-01 17:23:55+00:00,0,IOMT-034,S-IOMT-034-249,EHR_WRITE,EP-IND-07228
BC-07229,2026-01-01 17:24:12+00:00,0,IOMT-007,S-IOMT-007-250,EHR_READ,EP-IND-07229
BC-07230,2026-01-01 17:24:23+00:00,0,IOMT-010,S-IOMT-010-251,EHR_READ,EP-IND-07230
BC-07231,2026-01-01 17:24:37+00:00,0,IOMT-027,S-IOMT-027-252,EHR_WRITE,EP-IND-07231
BC-07232,2026-01-01 17:24:46+00:00,1,IOMT-035,S-IOMT-035-253,EHR_READ,EP-IND-07232
BC-07233,2026-01-01 17:25:08+00:00,0,IOMT-015,S-IOMT-015-254,RESEARCH,EP-IND-07233
BC-07234,2026-01-01 17:25:26+00:00,0,IOMT-017,S-IOMT-017-255,IMAGING,EP-IND-07234
BC-07235,2026-01-01 17:25:28+00:00,0,IOMT-009,S-IOMT-009-256,EHR_WRITE,EP-IND-07235
BC-07236,2026-01-01 17:25:38+00:00,0,IOMT-008,S-IOMT-008-257,LAB_RESULTS,EP-IND-07236
BC-07237,2026-01-01 17:26:09+00:00,0,IOMT-032,S-IOMT-032-258,RESEARCH,EP-IND-07237
BC-07238,2026-01-01 17:26:12+00:00,0,IOMT-046,S-IOMT-046-259,IMAGING,EP-IND-07238
BC-07239,2026-01-01 17:26:12+00:00,0,IOMT-032,S-IOMT-032-260,RESEARCH,EP-IND-07239
BC-07240,2026-01-01 17:26:13+00:00,0,IOMT-046,S-IOMT-046-261,EHR_READ,EP-IND-07240
BC-07241,2026-01-01 17:26:14+00:00,0,IOMT-025,S-IOMT-025-262,EHR_READ,EP-IND-07241
BC-07242,2026-01-01 17:26:25+00:00,0,IOMT-016,S-IOMT-016-263,RESEARCH,EP-IND-07242
BC-07243,2026-01-01 17:26:29+00:00,0,IOMT-022,S-IOMT-022-264,IMAGING,EP-IND-07243
BC-07244,2026-01-01 17:26:38+00:00,0,IOMT-002,S-IOMT-002-265,EHR_READ,EP-IND-07244
BC-07245,2026-01-01 17:26:43+00:00,0,IOMT-035,S-IOMT-035-266,IMAGING,EP-IND-07245
BC-07246,2026-01-01 17:26:43+00:00,0,IOMT-009,S-IOMT-009-267,RESEARCH,EP-IND-07246
BC-07247,2026-01-01 17:26:50+00:00,0,IOMT-001,S-IOMT-001-268,RESEARCH,EP-IND-07247
BC-07248,2026-01-01 17:26:50+00:00,0,IOMT-035,S-IOMT-035-269,RESEARCH,EP-IND-07248
BC-07249,2026-01-01 17:26:51+00:00,0,IOMT-043,S-IOMT-043-270,EHR_READ,EP-IND-07249
BC-07250,2026-01-01 17:26:52+00:00,0,IOMT-038,S-IOMT-038-271,EHR_READ,EP-IND-07250
BC-07251,2026-01-01 17:26:59+00:00,0,IOMT-024,S-IOMT-024-272,EHR_WRITE,EP-IND-07251
BC-07252,2026-01-01 17:27:32+00:00,0,IOMT-017,S-IOMT-017-273,IMAGING,EP-IND-07252
BC-07253,2026-01-01 17:27:43+00:00,0,IOMT-011,S-IOMT-011-274,LAB_RESULTS,EP-IND-07253
BC-07254,2026-01-01 17:27:46+00:00,0,IOMT-015,S-IOMT-015-275,IMAGING,EP-IND-07254
BC-07255,2026-01-01 17:27:51+00:00,0,IOMT-013,S-IOMT-013-276,EHR_READ,EP-IND-07255
BC-07256,2026-01-01 17:27:55+00:00,0,IOMT-042,S-IOMT-042-277,LAB_RESULTS,EP-IND-07256
BC-07257,2026-01-01 17:28:05+00:00,0,IOMT-048,S-IOMT-048-278,EHR_READ,EP-IND-07257
BC-07258,2026-01-01 17:28:09+00:00,0,IOMT-000,S-IOMT-000-279,EHR_READ,EP-IND-07258
BC-07259,2026-01-01 17:28:14+00:00,0,IOMT-012,S-IOMT-012-280,RESEARCH,EP-IND-07259
BC-07260,2026-01-01 17:28:18+00:00,0,IOMT-028,S-IOMT-028-281,EHR_WRITE,EP-IND-07260
BC-07261,2026-01-01 17:28:21+00:00,0,IOMT-001,S-IOMT-001-282,EHR_WRITE,EP-IND-07261
BC-07262,2026-01-01 17:28:27+00:00,0,IOMT-029,S-IOMT-029-283,IMAGING,EP-IND-07262
BC-07263,2026-01-01 17:28:34+00:00,0,IOMT-032,S-IOMT-032-284,IMAGING,EP-IND-07263
BC-07264,2026-01-01 17:28:54+00:00,0,IOMT-049,S-IOMT-049-285,EHR_WRITE,EP-IND-07264
BC-07265,2026-01-01 17:28:58+00:00,0,IOMT-005,S-IOMT-005-286,IMAGING,EP-IND-07265
BC-07266,2026-01-01 17:29:14+00:00,0,IOMT-005,S-IOMT-005-287,EHR_READ,EP-IND-07266
BC-07267,2026-01-01 17:29:26+00:00,0,IOMT-012,S-IOMT-012-288,LAB_RESULTS,EP-IND-07267
BC-07268,2026-01-01 17:29:29+00:00,0,IOMT-038,S-IOMT-038-289,LAB_RESULTS,EP-IND-07268
BC-07269,2026-01-01 17:29:37+00:00,0,IOMT-036,S-IOMT-036-290,RESEARCH,EP-IND-07269
BC-07270,2026-01-01 17:29:37+00:00,0,IOMT-008,S-IOMT-008-291,LAB_RESULTS,EP-IND-07270
BC-07271,2026-01-01 17:29:41+00:00,0,IOMT-009,S-IOMT-009-292,LAB_RESULTS,EP-IND-07271
BC-07272,2026-01-01 17:29:41+00:00,0,IOMT-023,S-IOMT-023-293,EHR_READ,EP-IND-07272
BC-07273,2026-01-01 17:29:51+00:00,1,IOMT-018,S-IOMT-018-294,EHR_READ,EP-IND-07273
BC-07274,2026-01-01 17:29:57+00:00,0,IOMT-034,S-IOMT-034-295,RESEARCH,EP-IND-07274
BC-07275,2026-01-01 17:29:58+00:00,0,IOMT-049,S-IOMT-049-296,EHR_WRITE,EP-IND-07275
BC-07276,2026-01-01 17:30:06+00:00,0,IOMT-005,S-IOMT-005-297,LAB_RESULTS,EP-IND-07276
BC-07277,2026-01-01 17:30:07+00:00,0,IOMT-036,S-IOMT-036-298,LAB_RESULTS,EP-IND-07277
BC-07278,2026-01-01 17:30:19+00:00,0,IOMT-036,S-IOMT-036-299,RESEARCH,EP-IND-07278
BC-07279,2026-01-01 17:30:35+00:00,0,IOMT-049,S-IOMT-049-300,RESEARCH,EP-IND-07279
BC-07280,2026-01-01 17:30:37+00:00,0,IOMT-036,S-IOMT-036-301,LAB_RESULTS,EP-IND-07280
BC-07281,2026-01-01 17:30:38+00:00,0,IOMT-012,S-IOMT-012-302,RESEARCH,EP-IND-07281
BC-07282,2026-01-01 17:30:40+00:00,0,IOMT-038,S-IOMT-038-303,EHR_READ,EP-IND-07282
BC-07283,2026-01-01 17:30:49+00:00,0,IOMT-030,S-IOMT-030-304,IMAGING,EP-IND-07283
BC-07284,2026-01-01 17:31:24+00:00,0,IOMT-048,S-IOMT-048-305,LAB_RESULTS,EP-IND-07284
BC-07285,2026-01-01 17:31:34+00:00,0,IOMT-000,S-IOMT-000-306,LAB_RESULTS,EP-IND-07285
BC-07286,2026-01-01 17:31:45+00:00,0,IOMT-037,S-IOMT-037-307,LAB_RESULTS,EP-IND-07286
BC-07287,2026-01-01 17:31:46+00:00,0,IOMT-034,S-IOMT-034-308,LAB_RESULTS,EP-IND-07287
BC-07288,2026-01-01 17:31:49+00:00,0,IOMT-012,S-IOMT-012-309,IMAGING,EP-IND-07288
BC-07289,2026-01-01 17:31:50+00:00,0,IOMT-008,S-IOMT-008-310,LAB_RESULTS,EP-IND-07289
BC-07290,2026-01-01 17:31:56+00:00,0,IOMT-004,S-IOMT-004-311,RESEARCH,EP-IND-07290
BC-07291,2026-01-01 17:32:00+00:00,0,IOMT-021,S-IOMT-021-312,RESEARCH,EP-IND-07291
BC-07292,2026-01-01 17:32:05+00:00,0,IOMT-033,S-IOMT-033-313,EHR_WRITE,EP-IND-07292
BC-07293,2026-01-01 17:32:13+00:00,0,IOMT-002,S-IOMT-002-314,LAB_RESULTS,EP-IND-07293
BC-07294,2026-01-01 17:32:15+00:00,0,IOMT-031,S-IOMT-031-315,EHR_WRITE,EP-IND-07294
BC-07295,2026-01-01 17:32:16+00:00,0,IOMT-021,S-IOMT-021-316,LAB_RESULTS,EP-IND-07295
BC-07296,2026-01-01 17:32:32+00:00,0,IOMT-026,S-IOMT-026-317,IMAGING,EP-IND-07296
BC-07297,2026-01-01 17:32:40+00:00,0,IOMT-012,S-IOMT-012-318,LAB_RESULTS,EP-IND-07297
BC-07298,2026-01-01 17:32:41+00:00,0,IOMT-047,S-IOMT-047-319,LAB_RESULTS,EP-IND-07298
BC-07299,2026-01-01 17:32:41+00:00,0,IOMT-022,S-IOMT-022-320,EHR_READ,EP-IND-07299
BC-07300,2026-01-01 17:32:48+00:00,0,IOMT-013,S-IOMT-013-321,EHR_WRITE,EP-IND-07300
BC-07301,2026-01-01 17:32:50+00:00,0,IOMT-045,S-IOMT-045-322,RESEARCH,EP-IND-07301
BC-07302,2026-01-01 17:33:07+00:00,0,IOMT-005,S-IOMT-005-323,EHR_WRITE,EP-IND-07302
BC-07303,2026-01-01 17:33:21+00:00,0,IOMT-027,S-IOMT-027-324,IMAGING,EP-IND-07303
BC-07304,2026-01-01 17:33:27+00:00,0,IOMT-039,S-IOMT-039-325,IMAGING,EP-IND-07304
BC-07305,2026-01-01 17:33:29+00:00,0,IOMT-017,S-IOMT-017-326,RESEARCH,EP-IND-07305
BC-07306,2026-01-01 17:33:40+00:00,0,IOMT-013,S-IOMT-013-327,EHR_WRITE,EP-IND-07306
BC-07307,2026-01-01 17:33:45+00:00,0,IOMT-020,S-IOMT-020-328,RESEARCH,EP-IND-07307
BC-07308,2026-01-01 17:33:47+00:00,1,IOMT-045,S-IOMT-045-329,EHR_READ,EP-IND-07308
BC-07309,2026-01-01 17:33:48+00:00,0,IOMT-010,S-IOMT-010-330,EHR_WRITE,EP-IND-07309
BC-07310,2026-01-01 17:33:54+00:00,0,IOMT-049,S-IOMT-049-331,RESEARCH,EP-IND-07310
BC-07311,2026-01-01 17:34:01+00:00,0,IOMT-044,S-IOMT-044-332,RESEARCH,EP-IND-07311
BC-07312,2026-01-01 17:34:09+00:00,0,IOMT-044,S-IOMT-044-333,EHR_WRITE,EP-IND-07312
BC-07313,2026-01-01 17:34:13+00:00,0,IOMT-002,S-IOMT-002-334,EHR_READ,EP-IND-07313
BC-07314,2026-01-01 17:34:19+00:00,0,IOMT-008,S-IOMT-008-335,EHR_WRITE,EP-IND-07314
BC-07315,2026-01-01 17:34:32+00:00,0,IOMT-011,S-IOMT-011-336,IMAGING,EP-IND-07315
BC-07316,2026-01-01 17:34:46+00:00,0,IOMT-048,S-IOMT-048-337,IMAGING,EP-IND-07316
BC-07317,2026-01-01 17:34:50+00:00,0,IOMT-028,S-IOMT-028-338,RESEARCH,EP-IND-07317
BC-07318,2026-01-01 17:34:57+00:00,0,IOMT-011,S-IOMT-011-339,IMAGING,EP-IND-07318
BC-07319,2026-01-01 17:35:09+00:00,0,IOMT-002,S-IOMT-002-340,IMAGING,EP-IND-07319
BC-07320,2026-01-01 17:35:18+00:00,0,IOMT-042,S-IOMT-042-341,LAB_RESULTS,EP-IND-07320
BC-07321,2026-01-01 17:35:18+00:00,0,IOMT-002,S-IOMT-002-342,IMAGING,EP-IND-07321
BC-07322,2026-01-01 17:35:20+00:00,0,IOMT-040,S-IOMT-040-343,EHR_READ,EP-IND-07322
BC-07323,2026-01-01 17:35:21+00:00,0,IOMT-015,S-IOMT-015-344,LAB_RESULTS,EP-IND-07323
BC-07324,2026-01-01 17:35:25+00:00,0,IOMT-031,S-IOMT-031-345,LAB_RESULTS,EP-IND-07324
BC-07325,2026-01-01 17:35:40+00:00,0,IOMT-020,S-IOMT-020-346,IMAGING,EP-IND-07325
BC-07326,2026-01-01 17:35:43+00:00,0,IOMT-028,S-IOMT-028-347,RESEARCH,EP-IND-07326
BC-07327,2026-01-01 17:35:47+00:00,0,IOMT-017,S-IOMT-017-348,EHR_READ,EP-IND-07327
BC-07328,2026-01-01 17:35:48+00:00,0,IOMT-037,S-IOMT-037-349,EHR_READ,EP-IND-07328
BC-07329,2026-01-01 17:35:56+00:00,0,IOMT-048,S-IOMT-048-350,EHR_WRITE,EP-IND-07329
BC-07330,2026-01-01 17:36:13+00:00,0,IOMT-006,S-IOMT-006-351,RESEARCH,EP-IND-07330
BC-07331,2026-01-01 17:36:13+00:00,0,IOMT-017,S-IOMT-017-352,IMAGING,EP-IND-07331
BC-07332,2026-01-01 17:36:20+00:00,0,IOMT-024,S-IOMT-024-353,IMAGING,EP-IND-07332
BC-07333,2026-01-01 17:36:42+00:00,0,IOMT-039,S-IOMT-039-354,LAB_RESULTS,EP-IND-07333
BC-07334,2026-01-01 17:36:53+00:00,0,IOMT-005,S-IOMT-005-355,RESEARCH,EP-IND-07334
BC-07335,2026-01-01 17:36:56+00:00,0,IOMT-034,S-IOMT-034-356,EHR_READ,EP-IND-07335
BC-07336,2026-01-01 17:37:01+00:00,0,IOMT-007,S-IOMT-007-357,IMAGING,EP-IND-07336
BC-07337,2026-01-01 17:37:01+00:00,0,IOMT-014,S-IOMT-014-358,EHR_READ,EP-IND-07337
BC-07338,2026-01-01 17:37:19+00:00,0,IOMT-044,S-IOMT-044-359,EHR_WRITE,EP-IND-07338
BC-07339,2026-01-01 17:37:24+00:00,0,IOMT-028,S-IOMT-028-360,RESEARCH,EP-IND-07339
BC-07340,2026-01-01 17:37:27+00:00,0,IOMT-018,S-IOMT-018-361,EHR_WRITE,EP-IND-07340
BC-07341,2026-01-01 17:37:29+00:00,0,IOMT-046,S-IOMT-046-362,LAB_RESULTS,EP-IND-07341
BC-07342,2026-01-01 17:37:56+00:00,0,IOMT-039,S-IOMT-039-363,EHR_WRITE,EP-IND-07342
BC-07343,2026-01-01 17:38:02+00:00,0,IOMT-035,S-IOMT-035-364,EHR_READ,EP-IND-07343
BC-07344,2026-01-01 17:38:08+00:00,0,IOMT-006,S-IOMT-006-365,RESEARCH,EP-IND-07344
BC-07345,2026-01-01 17:38:10+00:00,0,IOMT-037,S-IOMT-037-366,IMAGING,EP-IND-07345
BC-07346,2026-01-01 17:38:12+00:00,0,IOMT-025,S-IOMT-025-367,EHR_READ,EP-IND-07346
BC-07347,2026-01-01 17:38:26+00:00,0,IOMT-031,S-IOMT-031-368,LAB_RESULTS,EP-IND-07347
BC-07348,2026-01-01 17:38:39+00:00,0,IOMT-032,S-IOMT-032-369,EHR_WRITE,EP-IND-07348
BC-07349,2026-01-01 17:38:58+00:00,0,IOMT-046,S-IOMT-046-370,EHR_READ,EP-IND-07349
BC-07350,2026-01-01 17:38:59+00:00,0,IOMT-016,S-IOMT-016-371,LAB_RESULTS,EP-IND-07350
BC-07351,2026-01-01 17:39:06+00:00,0,IOMT-018,S-IOMT-018-372,LAB_RESULTS,EP-IND-07351
BC-07352,2026-01-01 17:39:23+00:00,0,IOMT-034,S-IOMT-034-373,EHR_WRITE,EP-IND-07352
BC-07353,2026-01-01 17:40:19+00:00,0,IOMT-049,S-IOMT-049-374,LAB_RESULTS,EP-IND-07353
BC-07354,2026-01-01 17:40:25+00:00,0,IOMT-040,S-IOMT-040-375,RESEARCH,EP-IND-07354
BC-07355,2026-01-01 17:40:31+00:00,0,IOMT-030,S-IOMT-030-376,RESEARCH,EP-IND-07355
BC-07356,2026-01-01 17:40:56+00:00,0,IOMT-011,S-IOMT-011-377,LAB_RESULTS,EP-IND-07356
BC-07357,2026-01-01 17:41:08+00:00,0,IOMT-045,S-IOMT-045-378,RESEARCH,EP-IND-07357
BC-07358,2026-01-01 17:41:11+00:00,0,IOMT-018,S-IOMT-018-379,EHR_WRITE,EP-IND-07358
BC-07359,2026-01-01 17:41:33+00:00,0,IOMT-000,S-IOMT-000-380,RESEARCH,EP-IND-07359
BC-07360,2026-01-01 17:41:42+00:00,0,IOMT-020,S-IOMT-020-381,IMAGING,EP-IND-07360
BC-07361,2026-01-01 17:41:53+00:00,0,IOMT-017,S-IOMT-017-382,EHR_READ,EP-IND-07361
BC-07362,2026-01-01 17:41:58+00:00,0,IOMT-004,S-IOMT-004-383,RESEARCH,EP-IND-07362
BC-07363,2026-01-01 17:42:01+00:00,0,IOMT-046,S-IOMT-046-384,LAB_RESULTS,EP-IND-07363
BC-07364,2026-01-01 17:42:14+00:00,0,IOMT-000,S-IOMT-000-385,EHR_WRITE,EP-IND-07364
BC-07365,2026-01-01 17:42:16+00:00,0,IOMT-041,S-IOMT-041-386,EHR_READ,EP-IND-07365
BC-07366,2026-01-01 17:42:38+00:00,0,IOMT-035,S-IOMT-035-387,IMAGING,EP-IND-07366
BC-07367,2026-01-01 17:42:39+00:00,0,IOMT-029,S-IOMT-029-388,LAB_RESULTS,EP-IND-07367
BC-07368,2026-01-01 17:42:43+00:00,0,IOMT-004,S-IOMT-004-389,LAB_RESULTS,EP-IND-07368
BC-07369,2026-01-01 17:42:45+00:00,0,IOMT-023,S-IOMT-023-390,EHR_READ,EP-IND-07369
BC-07370,2026-01-01 17:42:58+00:00,0,IOMT-045,S-IOMT-045-391,EHR_READ,EP-IND-07370
BC-07371,2026-01-01 17:43:08+00:00,0,IOMT-027,S-IOMT-027-392,LAB_RESULTS,EP-IND-07371
BC-07372,2026-01-01 17:43:09+00:00,0,IOMT-003,S-IOMT-003-393,RESEARCH,EP-IND-07372
BC-07373,2026-01-01 17:43:20+00:00,0,IOMT-002,S-IOMT-002-394,RESEARCH,EP-IND-07373
BC-07374,2026-01-01 17:43:21+00:00,0,IOMT-007,S-IOMT-007-395,EHR_READ,EP-IND-07374
BC-07375,2026-01-01 17:43:35+00:00,0,IOMT-024,S-IOMT-024-396,EHR_WRITE,EP-IND-07375
BC-07376,2026-01-01 17:43:36+00:00,0,IOMT-016,S-IOMT-016-397,LAB_RESULTS,EP-IND-07376
BC-07377,2026-01-01 17:43:38+00:00,0,IOMT-010,S-IOMT-010-398,EHR_READ,EP-IND-07377
BC-07378,2026-01-01 17:43:38+00:00,0,IOMT-016,S-IOMT-016-399,EHR_WRITE,EP-IND-07378
BC-07379,2026-01-01 17:43:46+00:00,0,IOMT-022,S-IOMT-022-400,EHR_WRITE,EP-IND-07379
BC-07380,2026-01-01 17:43:54+00:00,0,IOMT-045,S-IOMT-045-401,IMAGING,EP-IND-07380
BC-07381,2026-01-01 17:44:01+00:00,0,IOMT-030,S-IOMT-030-402,LAB_RESULTS,EP-IND-07381
BC-07382,2026-01-01 17:44:15+00:00,0,IOMT-008,S-IOMT-008-403,LAB_RESULTS,EP-IND-07382
BC-07383,2026-01-01 17:44:19+00:00,0,IOMT-034,S-IOMT-034-404,IMAGING,EP-IND-07383
BC-07384,2026-01-01 17:44:20+00:00,0,IOMT-040,S-IOMT-040-405,IMAGING,EP-IND-07384
BC-07385,2026-01-01 17:45:02+00:00,0,IOMT-024,S-IOMT-024-406,LAB_RESULTS,EP-IND-07385
BC-07386,2026-01-01 17:45:07+00:00,0,IOMT-030,S-IOMT-030-407,EHR_WRITE,EP-IND-07386
BC-07387,2026-01-01 17:45:19+00:00,0,IOMT-048,S-IOMT-048-408,RESEARCH,EP-IND-07387
BC-07388,2026-01-01 17:45:24+00:00,0,IOMT-001,S-IOMT-001-409,EHR_READ,EP-IND-07388
BC-07389,2026-01-01 17:45:25+00:00,0,IOMT-013,S-IOMT-013-410,IMAGING,EP-IND-07389
BC-07390,2026-01-01 17:45:28+00:00,0,IOMT-011,S-IOMT-011-411,EHR_READ,EP-IND-07390
BC-07391,2026-01-01 17:45:28+00:00,0,IOMT-022,S-IOMT-022-412,IMAGING,EP-IND-07391
BC-07392,2026-01-01 17:45:55+00:00,0,IOMT-041,S-IOMT-041-413,LAB_RESULTS,EP-IND-07392
BC-07393,2026-01-01 17:46:45+00:00,0,IOMT-047,S-IOMT-047-414,EHR_WRITE,EP-IND-07393
BC-07394,2026-01-01 17:46:47+00:00,0,IOMT-021,S-IOMT-021-415,EHR_WRITE,EP-IND-07394
BC-07395,2026-01-01 17:46:56+00:00,0,IOMT-035,S-IOMT-035-416,LAB_RESULTS,EP-IND-07395
BC-07396,2026-01-01 17:47:10+00:00,0,IOMT-010,S-IOMT-010-417,EHR_WRITE,EP-IND-07396
BC-07397,2026-01-01 17:47:14+00:00,0,IOMT-045,S-IOMT-045-418,LAB_RESULTS,EP-IND-07397
BC-07398,2026-01-01 17:47:30+00:00,0,IOMT-026,S-IOMT-026-419,RESEARCH,EP-IND-07398
BC-07399,2026-01-01 17:47:54+00:00,0,IOMT-012,S-IOMT-012-420,EHR_READ,EP-IND-07399
BC-07400,2026-01-01 17:48:19+00:00,0,IOMT-034,S-IOMT-034-421,LAB_RESULTS,EP-IND-07400
BC-07401,2026-01-01 17:48:38+00:00,0,IOMT-039,S-IOMT-039-422,RESEARCH,EP-IND-07401
BC-07402,2026-01-01 17:48:49+00:00,0,IOMT-037,S-IOMT-037-423,LAB_RESULTS,EP-IND-07402
BC-07403,2026-01-01 17:48:55+00:00,0,IOMT-008,S-IOMT-008-424,LAB_RESULTS,EP-IND-07403
BC-07404,2026-01-01 17:49:03+00:00,0,IOMT-013,S-IOMT-013-425,LAB_RESULTS,EP-IND-07404
BC-07405,2026-01-01 17:49:14+00:00,0,IOMT-049,S-IOMT-049-426,LAB_RESULTS,EP-IND-07405
BC-07406,2026-01-01 17:49:16+00:00,0,IOMT-024,S-IOMT-024-427,EHR_READ,EP-IND-07406
BC-07407,2026-01-01 17:49:38+00:00,0,IOMT-038,S-IOMT-038-428,LAB_RESULTS,EP-IND-07407
BC-07408,2026-01-01 17:49:55+00:00,0,IOMT-031,S-IOMT-031-429,EHR_READ,EP-IND-07408
BC-07409,2026-01-01 17:50:00+00:00,0,IOMT-014,S-IOMT-014-430,EHR_READ,EP-IND-07409
BC-07410,2026-01-01 17:50:02+00:00,0,IOMT-004,S-IOMT-004-431,EHR_READ,EP-IND-07410
BC-07411,2026-01-01 17:50:04+00:00,0,IOMT-044,S-IOMT-044-432,LAB_RESULTS,EP-IND-07411
BC-07412,2026-01-01 17:50:20+00:00,0,IOMT-009,S-IOMT-009-433,LAB_RESULTS,EP-IND-07412
BC-07413,2026-01-01 17:50:20+00:00,0,IOMT-000,S-IOMT-000-434,LAB_RESULTS,EP-IND-07413
BC-07414,2026-01-01 17:50:22+00:00,0,IOMT-002,S-IOMT-002-435,LAB_RESULTS,EP-IND-07414
BC-07415,2026-01-01 17:50:41+00:00,0,IOMT-027,S-IOMT-027-436,LAB_RESULTS,EP-IND-07415
BC-07416,2026-01-01 17:50:54+00:00,0,IOMT-008,S-IOMT-008-437,LAB_RESULTS,EP-IND-07416
BC-07417,2026-01-01 17:50:54+00:00,0,IOMT-010,S-IOMT-010-438,LAB_RESULTS,EP-IND-07417
BC-07418,2026-01-01 17:51:03+00:00,0,IOMT-038,S-IOMT-038-439,LAB_RESULTS,EP-IND-07418
BC-07419,2026-01-01 17:51:04+00:00,0,IOMT-011,S-IOMT-011-440,LAB_RESULTS,EP-IND-07419
BC-07420,2026-01-01 17:51:10+00:00,0,IOMT-038,S-IOMT-038-441,RESEARCH,EP-IND-07420
BC-07421,2026-01-01 17:51:21+00:00,0,IOMT-025,S-IOMT-025-442,LAB_RESULTS,EP-IND-07421
BC-07422,2026-01-01 17:51:21+00:00,1,IOMT-025,S-IOMT-025-443,LAB_RESULTS,EP-IND-07422
BC-07423,2026-01-01 17:51:25+00:00,0,IOMT-021,S-IOMT-021-444,RESEARCH,EP-IND-07423
BC-07424,2026-01-01 17:51:59+00:00,0,IOMT-004,S-IOMT-004-445,EHR_READ,EP-IND-07424
BC-07425,2026-01-01 17:52:06+00:00,0,IOMT-023,S-IOMT-023-446,EHR_WRITE,EP-IND-07425
BC-07426,2026-01-01 17:52:10+00:00,0,IOMT-031,S-IOMT-031-447,EHR_READ,EP-IND-07426
BC-07427,2026-01-01 17:52:24+00:00,0,IOMT-013,S-IOMT-013-448,LAB_RESULTS,EP-IND-07427
BC-07428,2026-01-01 17:52:28+00:00,0,IOMT-010,S-IOMT-010-449,LAB_RESULTS,EP-IND-07428
BC-07429,2026-01-01 17:52:33+00:00,0,IOMT-020,S-IOMT-020-450,IMAGING,EP-IND-07429
BC-07430,2026-01-01 17:52:40+00:00,0,IOMT-017,S-IOMT-017-451,LAB_RESULTS,EP-IND-07430
BC-07431,2026-01-01 17:53:09+00:00,0,IOMT-004,S-IOMT-004-452,EHR_WRITE,EP-IND-07431
BC-07432,2026-01-01 17:53:10+00:00,0,IOMT-040,S-IOMT-040-453,RESEARCH,EP-IND-07432
BC-07433,2026-01-01 17:53:15+00:00,0,IOMT-048,S-IOMT-048-454,RESEARCH,EP-IND-07433
BC-07434,2026-01-01 17:53:22+00:00,0,IOMT-046,S-IOMT-046-455,LAB_RESULTS,EP-IND-07434
BC-07435,2026-01-01 17:53:34+00:00,0,IOMT-003,S-IOMT-003-456,EHR_READ,EP-IND-07435
BC-07436,2026-01-01 17:53:55+00:00,0,IOMT-011,S-IOMT-011-457,LAB_RESULTS,EP-IND-07436
BC-07437,2026-01-01 17:54:00+00:00,0,IOMT-030,S-IOMT-030-458,RESEARCH,EP-IND-07437
BC-07438,2026-01-01 17:54:01+00:00,0,IOMT-025,S-IOMT-025-459,EHR_WRITE,EP-IND-07438
BC-07439,2026-01-01 17:54:02+00:00,0,IOMT-025,S-IOMT-025-460,LAB_RESULTS,EP-IND-07439
BC-07440,2026-01-01 17:54:14+00:00,0,IOMT-008,S-IOMT-008-461,EHR_READ,EP-IND-07440
BC-07441,2026-01-01 17:54:34+00:00,0,IOMT-034,S-IOMT-034-462,IMAGING,EP-IND-07441
BC-07442,2026-01-01 17:54:51+00:00,0,IOMT-006,S-IOMT-006-463,EHR_READ,EP-IND-07442
BC-07443,2026-01-01 17:54:56+00:00,0,IOMT-042,S-IOMT-042-464,EHR_READ,EP-IND-07443
BC-07444,2026-01-01 17:55:02+00:00,0,IOMT-047,S-IOMT-047-465,LAB_RESULTS,EP-IND-07444
BC-07445,2026-01-01 17:55:11+00:00,0,IOMT-033,S-IOMT-033-466,EHR_READ,EP-IND-07445
BC-07446,2026-01-01 17:55:11+00:00,0,IOMT-048,S-IOMT-048-467,IMAGING,EP-IND-07446
BC-07447,2026-01-01 17:55:18+00:00,0,IOMT-038,S-IOMT-038-468,RESEARCH,EP-IND-07447
BC-07448,2026-01-01 17:55:24+00:00,0,IOMT-028,S-IOMT-028-469,IMAGING,EP-IND-07448
BC-07449,2026-01-01 17:55:24+00:00,0,IOMT-028,S-IOMT-028-470,LAB_RESULTS,EP-IND-07449
BC-07450,2026-01-01 17:55:32+00:00,0,IOMT-012,S-IOMT-012-471,LAB_RESULTS,EP-IND-07450
BC-07451,2026-01-01 17:55:41+00:00,0,IOMT-004,S-IOMT-004-472,RESEARCH,EP-IND-07451
BC-07452,2026-01-01 17:55:48+00:00,0,IOMT-005,S-IOMT-005-473,RESEARCH,EP-IND-07452
BC-07453,2026-01-01 17:55:51+00:00,0,IOMT-039,S-IOMT-039-474,LAB_RESULTS,EP-IND-07453
BC-07454,2026-01-01 17:55:51+00:00,0,IOMT-000,S-IOMT-000-475,EHR_WRITE,EP-IND-07454
BC-07455,2026-01-01 17:55:53+00:00,0,IOMT-018,S-IOMT-018-476,RESEARCH,EP-IND-07455
BC-07456,2026-01-01 17:55:55+00:00,1,IOMT-007,S-IOMT-007-477,IMAGING,EP-IND-07456
BC-07457,2026-01-01 17:55:56+00:00,0,IOMT-036,S-IOMT-036-478,EHR_WRITE,EP-IND-07457
BC-07458,2026-01-01 17:55:57+00:00,0,IOMT-048,S-IOMT-048-479,IMAGING,EP-IND-07458
BC-07459,2026-01-01 17:56:03+00:00,0,IOMT-005,S-IOMT-005-480,EHR_READ,EP-IND-07459
BC-07460,2026-01-01 17:56:06+00:00,0,IOMT-020,S-IOMT-020-481,LAB_RESULTS,EP-IND-07460
BC-07461,2026-01-01 17:56:07+00:00,0,IOMT-002,S-IOMT-002-482,EHR_WRITE,EP-IND-07461
BC-07462,2026-01-01 17:56:13+00:00,0,IOMT-027,S-IOMT-027-483,EHR_READ,EP-IND-07462
BC-07463,2026-01-01 17:56:17+00:00,0,IOMT-031,S-IOMT-031-484,EHR_WRITE,EP-IND-07463
BC-07464,2026-01-01 17:56:26+00:00,0,IOMT-024,S-IOMT-024-485,EHR_WRITE,EP-IND-07464
BC-07465,2026-01-01 17:56:34+00:00,0,IOMT-012,S-IOMT-012-486,IMAGING,EP-IND-07465
BC-07466,2026-01-01 17:56:38+00:00,0,IOMT-027,S-IOMT-027-487,EHR_READ,EP-IND-07466
BC-07467,2026-01-01 17:56:40+00:00,0,IOMT-001,S-IOMT-001-488,RESEARCH,EP-IND-07467
BC-07468,2026-01-01 17:56:42+00:00,0,IOMT-002,S-IOMT-002-489,IMAGING,EP-IND-07468
BC-07469,2026-01-01 17:56:44+00:00,0,IOMT-046,S-IOMT-046-490,RESEARCH,EP-IND-07469
BC-07470,2026-01-01 17:56:54+00:00,0,IOMT-023,S-IOMT-023-491,LAB_RESULTS,EP-IND-07470
BC-07471,2026-01-01 17:56:56+00:00,0,IOMT-036,S-IOMT-036-492,RESEARCH,EP-IND-07471
BC-07472,2026-01-01 17:57:29+00:00,0,IOMT-003,S-IOMT-003-493,LAB_RESULTS,EP-IND-07472
BC-07473,2026-01-01 17:57:45+00:00,0,IOMT-005,S-IOMT-005-494,IMAGING,EP-IND-07473
BC-07474,2026-01-01 17:57:51+00:00,0,IOMT-025,S-IOMT-025-495,EHR_WRITE,EP-IND-07474
BC-07475,2026-01-01 17:58:01+00:00,0,IOMT-046,S-IOMT-046-496,LAB_RESULTS,EP-IND-07475
BC-07476,2026-01-01 17:58:08+00:00,0,IOMT-017,S-IOMT-017-497,EHR_READ,EP-IND-07476
BC-07477,2026-01-01 17:58:15+00:00,0,IOMT-043,S-IOMT-043-498,RESEARCH,EP-IND-07477
BC-07478,2026-01-01 17:58:26+00:00,0,IOMT-022,S-IOMT-022-499,IMAGING,EP-IND-07478
BC-07479,2026-01-01 17:58:28+00:00,0,IOMT-045,S-IOMT-045-500,RESEARCH,EP-IND-07479
BC-07480,2026-01-01 17:58:29+00:00,0,IOMT-028,S-IOMT-028-501,LAB_RESULTS,EP-IND-07480
BC-07481,2026-01-01 17:58:37+00:00,0,IOMT-023,S-IOMT-023-502,LAB_RESULTS,EP-IND-07481
BC-07482,2026-01-01 17:58:37+00:00,0,IOMT-013,S-IOMT-013-503,RESEARCH,EP-IND-07482
BC-07483,2026-01-01 17:58:38+00:00,0,IOMT-039,S-IOMT-039-504,IMAGING,EP-IND-07483
BC-07484,2026-01-01 17:58:42+00:00,0,IOMT-030,S-IOMT-030-505,IMAGING,EP-IND-07484
BC-07485,2026-01-01 17:59:11+00:00,0,IOMT-031,S-IOMT-031-506,EHR_READ,EP-IND-07485
BC-07486,2026-01-01 17:59:16+00:00,0,IOMT-041,S-IOMT-041-507,EHR_WRITE,EP-IND-07486
BC-07487,2026-01-01 17:59:16+00:00,0,IOMT-034,S-IOMT-034-508,RESEARCH,EP-IND-07487
BC-07488,2026-01-01 17:59:31+00:00,0,IOMT-035,S-IOMT-035-509,EHR_READ,EP-IND-07488
BC-07489,2026-01-01 17:59:37+00:00,0,IOMT-047,S-IOMT-047-510,RESEARCH,EP-IND-07489
BC-07490,2026-01-01 17:59:40+00:00,0,IOMT-013,S-IOMT-013-511,RESEARCH,EP-IND-07490
BC-07491,2026-01-01 17:59:46+00:00,0,IOMT-037,S-IOMT-037-512,RESEARCH,EP-IND-07491
BC-07492,2026-01-01 18:00:05+00:00,0,IOMT-010,S-IOMT-010-513,EHR_READ,EP-IND-07492
BC-07493,2026-01-01 18:00:09+00:00,0,IOMT-011,S-IOMT-011-514,LAB_RESULTS,EP-IND-07493
BC-07494,2026-01-01 18:00:16+00:00,0,IOMT-014,S-IOMT-014-515,EHR_READ,EP-IND-07494
BC-07495,2026-01-01 18:00:21+00:00,0,IOMT-028,S-IOMT-028-516,IMAGING,EP-IND-07495
BC-07496,2026-01-01 18:00:37+00:00,0,IOMT-001,S-IOMT-001-517,IMAGING,EP-IND-07496
BC-07497,2026-01-01 18:00:42+00:00,0,IOMT-042,S-IOMT-042-518,RESEARCH,EP-IND-07497
BC-07498,2026-01-01 18:01:19+00:00,0,IOMT-020,S-IOMT-020-519,LAB_RESULTS,EP-IND-07498
BC-07499,2026-01-01 18:01:23+00:00,0,IOMT-030,S-IOMT-030-520,EHR_WRITE,EP-IND-07499
BC-07500,2026-01-01 18:01:24+00:00,0,IOMT-047,S-IOMT-047-521,RESEARCH,EP-IND-07500
BC-07501,2026-01-01 18:01:26+00:00,0,IOMT-016,S-IOMT-016-522,LAB_RESULTS,EP-IND-07501
BC-07502,2026-01-01 18:01:44+00:00,0,IOMT-018,S-IOMT-018-523,RESEARCH,EP-IND-07502
BC-07503,2026-01-01 18:01:54+00:00,0,IOMT-008,S-IOMT-008-524,EHR_WRITE,EP-IND-07503
BC-07504,2026-01-01 18:01:59+00:00,0,IOMT-031,S-IOMT-031-525,EHR_READ,EP-IND-07504
BC-07505,2026-01-01 18:02:05+00:00,1,IOMT-049,S-IOMT-049-526,EHR_READ,EP-IND-07505
BC-07506,2026-01-01 18:02:45+00:00,0,IOMT-039,S-IOMT-039-527,EHR_WRITE,EP-IND-07506
BC-07507,2026-01-01 18:02:51+00:00,0,IOMT-042,S-IOMT-042-528,EHR_WRITE,EP-IND-07507
BC-07508,2026-01-01 18:02:51+00:00,0,IOMT-033,S-IOMT-033-529,RESEARCH,EP-IND-07508
BC-07509,2026-01-01 18:02:51+00:00,0,IOMT-024,S-IOMT-024-530,IMAGING,EP-IND-07509
BC-07510,2026-01-01 18:02:57+00:00,0,IOMT-026,S-IOMT-026-531,EHR_WRITE,EP-IND-07510
BC-07511,2026-01-01 18:02:58+00:00,0,IOMT-019,S-IOMT-019-532,EHR_WRITE,EP-IND-07511
BC-07512,2026-01-01 18:03:18+00:00,0,IOMT-046,S-IOMT-046-533,IMAGING,EP-IND-07512
BC-07513,2026-01-01 18:04:06+00:00,0,IOMT-009,S-IOMT-009-534,EHR_WRITE,EP-IND-07513
BC-07514,2026-01-01 18:04:10+00:00,0,IOMT-012,S-IOMT-012-535,IMAGING,EP-IND-07514
BC-07515,2026-01-01 18:04:32+00:00,0,IOMT-015,S-IOMT-015-536,RESEARCH,EP-IND-07515
BC-07516,2026-01-01 18:04:46+00:00,0,IOMT-046,S-IOMT-046-537,EHR_READ,EP-IND-07516
BC-07517,2026-01-01 18:04:55+00:00,0,IOMT-038,S-IOMT-038-538,EHR_READ,EP-IND-07517
BC-07518,2026-01-01 18:04:59+00:00,0,IOMT-006,S-IOMT-006-539,IMAGING,EP-IND-07518
BC-07519,2026-01-01 18:05:20+00:00,0,IOMT-024,S-IOMT-024-540,RESEARCH,EP-IND-07519
BC-07520,2026-01-01 18:05:22+00:00,0,IOMT-045,S-IOMT-045-541,IMAGING,EP-IND-07520
BC-07521,2026-01-01 18:05:24+00:00,0,IOMT-040,S-IOMT-040-542,IMAGING,EP-IND-07521
BC-07522,2026-01-01 18:05:27+00:00,0,IOMT-034,S-IOMT-034-543,RESEARCH,EP-IND-07522
BC-07523,2026-01-01 18:05:28+00:00,0,IOMT-023,S-IOMT-023-544,LAB_RESULTS,EP-IND-07523
BC-07524,2026-01-01 18:05:31+00:00,0,IOMT-040,S-IOMT-040-545,IMAGING,EP-IND-07524
BC-07525,2026-01-01 18:05:40+00:00,0,IOMT-012,S-IOMT-012-546,LAB_RESULTS,EP-IND-07525
BC-07526,2026-01-01 18:05:45+00:00,0,IOMT-001,S-IOMT-001-547,IMAGING,EP-IND-07526
BC-07527,2026-01-01 18:05:54+00:00,0,IOMT-018,S-IOMT-018-548,EHR_READ,EP-IND-07527
BC-07528,2026-01-01 18:05:56+00:00,0,IOMT-048,S-IOMT-048-549,IMAGING,EP-IND-07528
BC-07529,2026-01-01 18:05:58+00:00,0,IOMT-028,S-IOMT-028-550,EHR_WRITE,EP-IND-07529
BC-07530,2026-01-01 18:06:05+00:00,0,IOMT-035,S-IOMT-035-551,LAB_RESULTS,EP-IND-07530
BC-07531,2026-01-01 18:06:19+00:00,0,IOMT-033,S-IOMT-033-552,IMAGING,EP-IND-07531
BC-07532,2026-01-01 18:06:24+00:00,0,IOMT-048,S-IOMT-048-553,IMAGING,EP-IND-07532
BC-07533,2026-01-01 18:06:25+00:00,0,IOMT-049,S-IOMT-049-554,RESEARCH,EP-IND-07533
BC-07534,2026-01-01 18:06:27+00:00,0,IOMT-009,S-IOMT-009-555,EHR_READ,EP-IND-07534
BC-07535,2026-01-01 18:06:38+00:00,0,IOMT-002,S-IOMT-002-556,LAB_RESULTS,EP-IND-07535
BC-07536,2026-01-01 18:06:43+00:00,0,IOMT-037,S-IOMT-037-557,EHR_WRITE,EP-IND-07536
BC-07537,2026-01-01 18:06:44+00:00,0,IOMT-047,S-IOMT-047-558,RESEARCH,EP-IND-07537
BC-07538,2026-01-01 18:06:58+00:00,0,IOMT-010,S-IOMT-010-559,IMAGING,EP-IND-07538
BC-07539,2026-01-01 18:07:01+00:00,0,IOMT-044,S-IOMT-044-560,RESEARCH,EP-IND-07539
BC-07540,2026-01-01 18:07:17+00:00,0,IOMT-005,S-IOMT-005-561,IMAGING,EP-IND-07540
BC-07541,2026-01-01 18:07:22+00:00,0,IOMT-009,S-IOMT-009-562,EHR_READ,EP-IND-07541
BC-07542,2026-01-01 18:07:23+00:00,0,IOMT-017,S-IOMT-017-563,EHR_WRITE,EP-IND-07542
BC-07543,2026-01-01 18:07:36+00:00,0,IOMT-029,S-IOMT-029-564,IMAGING,EP-IND-07543
BC-07544,2026-01-01 18:07:52+00:00,0,IOMT-034,S-IOMT-034-565,RESEARCH,EP-IND-07544
BC-07545,2026-01-01 18:07:52+00:00,0,IOMT-048,S-IOMT-048-566,RESEARCH,EP-IND-07545
BC-07546,2026-01-01 18:08:08+00:00,0,IOMT-029,S-IOMT-029-567,LAB_RESULTS,EP-IND-07546
BC-07547,2026-01-01 18:08:12+00:00,0,IOMT-015,S-IOMT-015-568,EHR_WRITE,EP-IND-07547
BC-07548,2026-01-01 18:08:42+00:00,0,IOMT-043,S-IOMT-043-569,EHR_WRITE,EP-IND-07548
BC-07549,2026-01-01 18:08:46+00:00,0,IOMT-029,S-IOMT-029-570,EHR_WRITE,EP-IND-07549
BC-07550,2026-01-01 18:08:46+00:00,0,IOMT-020,S-IOMT-020-571,IMAGING,EP-IND-07550
BC-07551,2026-01-01 18:08:55+00:00,0,IOMT-036,S-IOMT-036-572,IMAGING,EP-IND-07551
BC-07552,2026-01-01 18:09:00+00:00,0,IOMT-033,S-IOMT-033-573,LAB_RESULTS,EP-IND-07552
BC-07553,2026-01-01 18:09:00+00:00,0,IOMT-034,S-IOMT-034-574,RESEARCH,EP-IND-07553
BC-07554,2026-01-01 18:09:03+00:00,0,IOMT-022,S-IOMT-022-575,RESEARCH,EP-IND-07554
BC-07555,2026-01-01 18:09:12+00:00,0,IOMT-004,S-IOMT-004-576,EHR_READ,EP-IND-07555
BC-07556,2026-01-01 18:09:19+00:00,0,IOMT-029,S-IOMT-029-577,LAB_RESULTS,EP-IND-07556
BC-07557,2026-01-01 18:09:26+00:00,0,IOMT-041,S-IOMT-041-578,LAB_RESULTS,EP-IND-07557
BC-07558,2026-01-01 18:09:33+00:00,0,IOMT-003,S-IOMT-003-579,LAB_RESULTS,EP-IND-07558
BC-07559,2026-01-01 18:09:40+00:00,0,IOMT-019,S-IOMT-019-580,EHR_WRITE,EP-IND-07559
BC-07560,2026-01-01 18:10:18+00:00,0,IOMT-038,S-IOMT-038-581,IMAGING,EP-IND-07560
BC-07561,2026-01-01 18:10:20+00:00,0,IOMT-027,S-IOMT-027-582,EHR_WRITE,EP-IND-07561
BC-07562,2026-01-01 18:10:21+00:00,0,IOMT-036,S-IOMT-036-583,RESEARCH,EP-IND-07562
BC-07563,2026-01-01 18:10:48+00:00,0,IOMT-002,S-IOMT-002-584,LAB_RESULTS,EP-IND-07563
BC-07564,2026-01-01 18:10:56+00:00,0,IOMT-012,S-IOMT-012-585,EHR_READ,EP-IND-07564
BC-07565,2026-01-01 18:10:56+00:00,0,IOMT-007,S-IOMT-007-586,LAB_RESULTS,EP-IND-07565
BC-07566,2026-01-01 18:11:13+00:00,0,IOMT-008,S-IOMT-008-587,EHR_READ,EP-IND-07566
BC-07567,2026-01-01 18:11:22+00:00,0,IOMT-013,S-IOMT-013-588,RESEARCH,EP-IND-07567
BC-07568,2026-01-01 18:11:30+00:00,0,IOMT-018,S-IOMT-018-589,IMAGING,EP-IND-07568
BC-07569,2026-01-01 18:11:37+00:00,0,IOMT-026,S-IOMT-026-590,LAB_RESULTS,EP-IND-07569
BC-07570,2026-01-01 18:11:42+00:00,0,IOMT-009,S-IOMT-009-591,EHR_WRITE,EP-IND-07570
BC-07571,2026-01-01 18:11:50+00:00,0,IOMT-039,S-IOMT-039-592,EHR_READ,EP-IND-07571
BC-07572,2026-01-01 18:11:59+00:00,0,IOMT-009,S-IOMT-009-593,LAB_RESULTS,EP-IND-07572
BC-07573,2026-01-01 18:12:04+00:00,0,IOMT-014,S-IOMT-014-594,IMAGING,EP-IND-07573
BC-07574,2026-01-01 18:12:20+00:00,0,IOMT-040,S-IOMT-040-595,IMAGING,EP-IND-07574
BC-07575,2026-01-01 18:12:20+00:00,0,IOMT-019,S-IOMT-019-596,EHR_READ,EP-IND-07575
BC-07576,2026-01-01 18:12:21+00:00,0,IOMT-015,S-IOMT-015-597,LAB_RESULTS,EP-IND-07576
BC-07577,2026-01-01 18:12:24+00:00,0,IOMT-040,S-IOMT-040-598,RESEARCH,EP-IND-07577
BC-07578,2026-01-01 18:12:47+00:00,0,IOMT-046,S-IOMT-046-599,EHR_WRITE,EP-IND-07578
BC-07579,2026-01-01 18:12:48+00:00,1,IOMT-033,S-IOMT-033-600,EHR_READ,EP-IND-07579
BC-07580,2026-01-01 18:12:49+00:00,0,IOMT-035,S-IOMT-035-601,LAB_RESULTS,EP-IND-07580
BC-07581,2026-01-01 18:12:50+00:00,0,IOMT-001,S-IOMT-001-602,LAB_RESULTS,EP-IND-07581
BC-07582,2026-01-01 18:12:59+00:00,0,IOMT-030,S-IOMT-030-603,RESEARCH,EP-IND-07582
BC-07583,2026-01-01 18:13:05+00:00,0,IOMT-037,S-IOMT-037-604,EHR_WRITE,EP-IND-07583
BC-07584,2026-01-01 18:13:11+00:00,0,IOMT-029,S-IOMT-029-605,IMAGING,EP-IND-07584
BC-07585,2026-01-01 18:13:15+00:00,0,IOMT-033,S-IOMT-033-606,RESEARCH,EP-IND-07585
BC-07586,2026-01-01 18:13:26+00:00,0,IOMT-009,S-IOMT-009-607,EHR_WRITE,EP-IND-07586
BC-07587,2026-01-01 18:13:38+00:00,0,IOMT-026,S-IOMT-026-608,IMAGING,EP-IND-07587
BC-07588,2026-01-01 18:13:44+00:00,0,IOMT-036,S-IOMT-036-609,EHR_WRITE,EP-IND-07588
BC-07589,2026-01-01 18:13:48+00:00,0,IOMT-045,S-IOMT-045-610,LAB_RESULTS,EP-IND-07589
BC-07590,2026-01-01 18:14:00+00:00,0,IOMT-014,S-IOMT-014-611,EHR_READ,EP-IND-07590
BC-07591,2026-01-01 18:14:21+00:00,1,IOMT-031,S-IOMT-031-612,EHR_WRITE,EP-IND-07591
BC-07592,2026-01-01 18:14:24+00:00,0,IOMT-014,S-IOMT-014-613,EHR_READ,EP-IND-07592
BC-07593,2026-01-01 18:14:41+00:00,0,IOMT-025,S-IOMT-025-614,LAB_RESULTS,EP-IND-07593
BC-07594,2026-01-01 18:14:43+00:00,0,IOMT-042,S-IOMT-042-615,RESEARCH,EP-IND-07594
BC-07595,2026-01-01 18:14:44+00:00,0,IOMT-040,S-IOMT-040-616,EHR_WRITE,EP-IND-07595
BC-07596,2026-01-01 18:15:00+00:00,0,IOMT-009,S-IOMT-009-617,RESEARCH,EP-IND-07596
BC-07597,2026-01-01 18:15:05+00:00,0,IOMT-026,S-IOMT-026-618,LAB_RESULTS,EP-IND-07597
BC-07598,2026-01-01 18:15:28+00:00,0,IOMT-043,S-IOMT-043-619,EHR_READ,EP-IND-07598
BC-07599,2026-01-01 18:15:37+00:00,0,IOMT-031,S-IOMT-031-620,IMAGING,EP-IND-07599
BC-07600,2026-01-01 18:15:43+00:00,0,IOMT-044,S-IOMT-044-621,IMAGING,EP-IND-07600
BC-07601,2026-01-01 18:15:50+00:00,0,IOMT-026,S-IOMT-026-622,EHR_READ,EP-IND-07601
BC-07602,2026-01-01 18:15:55+00:00,0,IOMT-002,S-IOMT-002-623,IMAGING,EP-IND-07602
BC-07603,2026-01-01 18:15:59+00:00,0,IOMT-001,S-IOMT-001-624,EHR_WRITE,EP-IND-07603
BC-07604,2026-01-01 18:16:10+00:00,0,IOMT-035,S-IOMT-035-625,RESEARCH,EP-IND-07604
BC-07605,2026-01-01 18:16:13+00:00,0,IOMT-008,S-IOMT-008-626,RESEARCH,EP-IND-07605
BC-07606,2026-01-01 18:16:20+00:00,0,IOMT-030,S-IOMT-030-627,IMAGING,EP-IND-07606
BC-07607,2026-01-01 18:16:34+00:00,0,IOMT-040,S-IOMT-040-628,EHR_WRITE,EP-IND-07607
BC-07608,2026-01-01 18:16:35+00:00,0,IOMT-006,S-IOMT-006-629,LAB_RESULTS,EP-IND-07608
BC-07609,2026-01-01 18:16:36+00:00,0,IOMT-007,S-IOMT-007-630,RESEARCH,EP-IND-07609
BC-07610,2026-01-01 18:17:11+00:00,0,IOMT-010,S-IOMT-010-631,EHR_WRITE,EP-IND-07610
BC-07611,2026-01-01 18:17:17+00:00,0,IOMT-007,S-IOMT-007-632,LAB_RESULTS,EP-IND-07611
BC-07612,2026-01-01 18:17:22+00:00,0,IOMT-000,S-IOMT-000-633,EHR_WRITE,EP-IND-07612
BC-07613,2026-01-01 18:17:36+00:00,0,IOMT-025,S-IOMT-025-634,LAB_RESULTS,EP-IND-07613
BC-07614,2026-01-01 18:17:47+00:00,0,IOMT-025,S-IOMT-025-635,LAB_RESULTS,EP-IND-07614
BC-07615,2026-01-01 18:18:15+00:00,0,IOMT-049,S-IOMT-049-636,LAB_RESULTS,EP-IND-07615
BC-07616,2026-01-01 18:18:21+00:00,0,IOMT-033,S-IOMT-033-637,IMAGING,EP-IND-07616
BC-07617,2026-01-01 18:18:28+00:00,0,IOMT-013,S-IOMT-013-638,EHR_READ,EP-IND-07617
BC-07618,2026-01-01 18:19:01+00:00,0,IOMT-028,S-IOMT-028-639,EHR_READ,EP-IND-07618
BC-07619,2026-01-01 18:19:10+00:00,0,IOMT-027,S-IOMT-027-640,EHR_WRITE,EP-IND-07619
BC-07620,2026-01-01 18:19:21+00:00,0,IOMT-035,S-IOMT-035-641,RESEARCH,EP-IND-07620
BC-07621,2026-01-01 18:19:25+00:00,0,IOMT-044,S-IOMT-044-642,EHR_READ,EP-IND-07621
BC-07622,2026-01-01 18:19:28+00:00,0,IOMT-034,S-IOMT-034-643,RESEARCH,EP-IND-07622
BC-07623,2026-01-01 18:19:34+00:00,0,IOMT-007,S-IOMT-007-644,EHR_WRITE,EP-IND-07623
BC-07624,2026-01-01 18:19:36+00:00,0,IOMT-033,S-IOMT-033-645,RESEARCH,EP-IND-07624
BC-07625,2026-01-01 18:19:46+00:00,0,IOMT-045,S-IOMT-045-646,EHR_READ,EP-IND-07625
BC-07626,2026-01-01 18:19:50+00:00,0,IOMT-026,S-IOMT-026-647,LAB_RESULTS,EP-IND-07626
BC-07627,2026-01-01 18:19:54+00:00,1,IOMT-042,S-IOMT-042-648,LAB_RESULTS,EP-IND-07627
BC-07628,2026-01-01 18:19:56+00:00,0,IOMT-046,S-IOMT-046-649,LAB_RESULTS,EP-IND-07628
BC-07629,2026-01-01 18:20:05+00:00,0,IOMT-020,S-IOMT-020-650,RESEARCH,EP-IND-07629
BC-07630,2026-01-01 18:20:05+00:00,0,IOMT-033,S-IOMT-033-651,RESEARCH,EP-IND-07630
BC-07631,2026-01-01 18:20:16+00:00,0,IOMT-026,S-IOMT-026-652,RESEARCH,EP-IND-07631
BC-07632,2026-01-01 18:20:22+00:00,0,IOMT-041,S-IOMT-041-653,LAB_RESULTS,EP-IND-07632
BC-07633,2026-01-01 18:20:39+00:00,0,IOMT-001,S-IOMT-001-654,IMAGING,EP-IND-07633
BC-07634,2026-01-01 18:20:48+00:00,0,IOMT-011,S-IOMT-011-655,EHR_READ,EP-IND-07634
BC-07635,2026-01-01 18:20:51+00:00,0,IOMT-049,S-IOMT-049-656,EHR_WRITE,EP-IND-07635
BC-07636,2026-01-01 18:20:56+00:00,0,IOMT-026,S-IOMT-026-657,EHR_WRITE,EP-IND-07636
BC-07637,2026-01-01 18:20:59+00:00,0,IOMT-022,S-IOMT-022-658,IMAGING,EP-IND-07637
BC-07638,2026-01-01 18:21:01+00:00,0,IOMT-029,S-IOMT-029-659,EHR_WRITE,EP-IND-07638
BC-07639,2026-01-01 18:21:07+00:00,1,IOMT-044,S-IOMT-044-660,LAB_RESULTS,EP-IND-07639
BC-07640,2026-01-01 18:21:17+00:00,0,IOMT-018,S-IOMT-018-661,EHR_READ,EP-IND-07640
BC-07641,2026-01-01 18:21:19+00:00,0,IOMT-031,S-IOMT-031-662,EHR_READ,EP-IND-07641
BC-07642,2026-01-01 18:21:23+00:00,0,IOMT-016,S-IOMT-016-663,IMAGING,EP-IND-07642
BC-07643,2026-01-01 18:21:37+00:00,0,IOMT-027,S-IOMT-027-664,EHR_READ,EP-IND-07643
BC-07644,2026-01-01 18:22:14+00:00,0,IOMT-001,S-IOMT-001-665,RESEARCH,EP-IND-07644
BC-07645,2026-01-01 18:22:17+00:00,0,IOMT-024,S-IOMT-024-666,LAB_RESULTS,EP-IND-07645
BC-07646,2026-01-01 18:22:26+00:00,0,IOMT-030,S-IOMT-030-667,EHR_WRITE,EP-IND-07646
BC-07647,2026-01-01 18:22:47+00:00,0,IOMT-037,S-IOMT-037-668,EHR_READ,EP-IND-07647
BC-07648,2026-01-01 18:23:07+00:00,0,IOMT-038,S-IOMT-038-669,EHR_WRITE,EP-IND-07648
BC-07649,2026-01-01 18:23:11+00:00,0,IOMT-034,S-IOMT-034-670,RESEARCH,EP-IND-07649
BC-07650,2026-01-01 18:23:15+00:00,0,IOMT-027,S-IOMT-027-671,EHR_READ,EP-IND-07650
BC-07651,2026-01-01 18:23:23+00:00,0,IOMT-037,S-IOMT-037-672,RESEARCH,EP-IND-07651
BC-07652,2026-01-01 18:23:24+00:00,0,IOMT-044,S-IOMT-044-673,LAB_RESULTS,EP-IND-07652
BC-07653,2026-01-01 18:23:34+00:00,0,IOMT-012,S-IOMT-012-674,IMAGING,EP-IND-07653
BC-07654,2026-01-01 18:23:37+00:00,0,IOMT-014,S-IOMT-014-675,LAB_RESULTS,EP-IND-07654
BC-07655,2026-01-01 18:23:40+00:00,0,IOMT-028,S-IOMT-028-676,EHR_READ,EP-IND-07655
BC-07656,2026-01-01 18:23:49+00:00,0,IOMT-044,S-IOMT-044-677,LAB_RESULTS,EP-IND-07656
BC-07657,2026-01-01 18:23:53+00:00,0,IOMT-027,S-IOMT-027-678,EHR_WRITE,EP-IND-07657
BC-07658,2026-01-01 18:23:55+00:00,0,IOMT-035,S-IOMT-035-679,RESEARCH,EP-IND-07658
BC-07659,2026-01-01 18:24:02+00:00,0,IOMT-039,S-IOMT-039-680,IMAGING,EP-IND-07659
BC-07660,2026-01-01 18:24:08+00:00,0,IOMT-015,S-IOMT-015-681,EHR_READ,EP-IND-07660
BC-07661,2026-01-01 18:24:23+00:00,0,IOMT-043,S-IOMT-043-682,EHR_READ,EP-IND-07661
BC-07662,2026-01-01 18:24:29+00:00,0,IOMT-049,S-IOMT-049-683,RESEARCH,EP-IND-07662
BC-07663,2026-01-01 18:24:34+00:00,0,IOMT-008,S-IOMT-008-684,IMAGING,EP-IND-07663
BC-07664,2026-01-01 18:24:35+00:00,0,IOMT-006,S-IOMT-006-685,RESEARCH,EP-IND-07664
BC-07665,2026-01-01 18:24:45+00:00,0,IOMT-047,S-IOMT-047-686,RESEARCH,EP-IND-07665
BC-07666,2026-01-01 18:24:56+00:00,0,IOMT-028,S-IOMT-028-687,LAB_RESULTS,EP-IND-07666
BC-07667,2026-01-01 18:25:00+00:00,0,IOMT-046,S-IOMT-046-688,RESEARCH,EP-IND-07667
BC-07668,2026-01-01 18:25:02+00:00,0,IOMT-013,S-IOMT-013-689,LAB_RESULTS,EP-IND-07668
BC-07669,2026-01-01 18:25:05+00:00,0,IOMT-042,S-IOMT-042-690,IMAGING,EP-IND-07669
BC-07670,2026-01-01 18:25:20+00:00,0,IOMT-013,S-IOMT-013-691,LAB_RESULTS,EP-IND-07670
BC-07671,2026-01-01 18:25:28+00:00,0,IOMT-008,S-IOMT-008-692,RESEARCH,EP-IND-07671
BC-07672,2026-01-01 18:25:33+00:00,0,IOMT-021,S-IOMT-021-693,EHR_WRITE,EP-IND-07672
BC-07673,2026-01-01 18:25:34+00:00,0,IOMT-001,S-IOMT-001-694,IMAGING,EP-IND-07673
BC-07674,2026-01-01 18:25:37+00:00,0,IOMT-028,S-IOMT-028-695,EHR_WRITE,EP-IND-07674
BC-07675,2026-01-01 18:25:39+00:00,0,IOMT-024,S-IOMT-024-696,RESEARCH,EP-IND-07675
BC-07676,2026-01-01 18:25:41+00:00,0,IOMT-034,S-IOMT-034-697,IMAGING,EP-IND-07676
BC-07677,2026-01-01 18:26:01+00:00,0,IOMT-014,S-IOMT-014-698,EHR_WRITE,EP-IND-07677
BC-07678,2026-01-01 18:26:12+00:00,0,IOMT-023,S-IOMT-023-699,IMAGING,EP-IND-07678
BC-07679,2026-01-01 18:26:16+00:00,0,IOMT-030,S-IOMT-030-700,LAB_RESULTS,EP-IND-07679
BC-07680,2026-01-01 18:26:18+00:00,0,IOMT-025,S-IOMT-025-701,RESEARCH,EP-IND-07680
BC-07681,2026-01-01 18:26:57+00:00,0,IOMT-016,S-IOMT-016-702,RESEARCH,EP-IND-07681
BC-07682,2026-01-01 18:27:05+00:00,0,IOMT-041,S-IOMT-041-703,IMAGING,EP-IND-07682
BC-07683,2026-01-01 18:27:06+00:00,0,IOMT-029,S-IOMT-029-704,EHR_READ,EP-IND-07683
BC-07684,2026-01-01 18:27:45+00:00,0,IOMT-019,S-IOMT-019-705,LAB_RESULTS,EP-IND-07684
BC-07685,2026-01-01 18:27:46+00:00,0,IOMT-007,S-IOMT-007-706,LAB_RESULTS,EP-IND-07685
BC-07686,2026-01-01 18:27:52+00:00,0,IOMT-007,S-IOMT-007-707,IMAGING,EP-IND-07686
BC-07687,2026-01-01 18:27:58+00:00,0,IOMT-000,S-IOMT-000-708,LAB_RESULTS,EP-IND-07687
BC-07688,2026-01-01 18:28:10+00:00,0,IOMT-032,S-IOMT-032-709,RESEARCH,EP-IND-07688
BC-07689,2026-01-01 18:28:11+00:00,0,IOMT-035,S-IOMT-035-710,LAB_RESULTS,EP-IND-07689
BC-07690,2026-01-01 18:28:19+00:00,0,IOMT-030,S-IOMT-030-711,IMAGING,EP-IND-07690
BC-07691,2026-01-01 18:28:37+00:00,0,IOMT-027,S-IOMT-027-712,EHR_WRITE,EP-IND-07691
BC-07692,2026-01-01 18:28:58+00:00,0,IOMT-012,S-IOMT-012-713,RESEARCH,EP-IND-07692
BC-07693,2026-01-01 18:29:00+00:00,0,IOMT-040,S-IOMT-040-714,RESEARCH,EP-IND-07693
BC-07694,2026-01-01 18:29:08+00:00,0,IOMT-007,S-IOMT-007-715,EHR_WRITE,EP-IND-07694
BC-07695,2026-01-01 18:29:26+00:00,0,IOMT-046,S-IOMT-046-716,EHR_READ,EP-IND-07695
BC-07696,2026-01-01 18:29:41+00:00,0,IOMT-043,S-IOMT-043-717,EHR_WRITE,EP-IND-07696
BC-07697,2026-01-01 18:29:42+00:00,0,IOMT-031,S-IOMT-031-718,EHR_WRITE,EP-IND-07697
BC-07698,2026-01-01 18:29:52+00:00,0,IOMT-024,S-IOMT-024-719,EHR_READ,EP-IND-07698
BC-07699,2026-01-01 18:29:57+00:00,0,IOMT-024,S-IOMT-024-720,RESEARCH,EP-IND-07699
BC-07700,2026-01-01 18:30:07+00:00,0,IOMT-018,S-IOMT-018-721,EHR_WRITE,EP-IND-07700
BC-07701,2026-01-01 18:31:07+00:00,0,IOMT-046,S-IOMT-046-722,EHR_READ,EP-IND-07701
BC-07702,2026-01-01 18:31:40+00:00,0,IOMT-019,S-IOMT-019-723,EHR_WRITE,EP-IND-07702
BC-07703,2026-01-01 18:31:43+00:00,0,IOMT-002,S-IOMT-002-724,IMAGING,EP-IND-07703
BC-07704,2026-01-01 18:31:49+00:00,0,IOMT-000,S-IOMT-000-725,LAB_RESULTS,EP-IND-07704
BC-07705,2026-01-01 18:31:59+00:00,0,IOMT-000,S-IOMT-000-726,EHR_READ,EP-IND-07705
BC-07706,2026-01-01 18:32:10+00:00,0,IOMT-038,S-IOMT-038-727,LAB_RESULTS,EP-IND-07706
BC-07707,2026-01-01 18:32:19+00:00,0,IOMT-045,S-IOMT-045-728,IMAGING,EP-IND-07707
BC-07708,2026-01-01 18:32:20+00:00,0,IOMT-043,S-IOMT-043-729,RESEARCH,EP-IND-07708
BC-07709,2026-01-01 18:32:34+00:00,0,IOMT-037,S-IOMT-037-730,EHR_READ,EP-IND-07709
BC-07710,2026-01-01 18:32:49+00:00,0,IOMT-013,S-IOMT-013-731,EHR_READ,EP-IND-07710
BC-07711,2026-01-01 18:32:51+00:00,0,IOMT-045,S-IOMT-045-732,LAB_RESULTS,EP-IND-07711
BC-07712,2026-01-01 18:32:52+00:00,0,IOMT-041,S-IOMT-041-733,RESEARCH,EP-IND-07712
BC-07713,2026-01-01 18:33:08+00:00,0,IOMT-018,S-IOMT-018-734,IMAGING,EP-IND-07713
BC-07714,2026-01-01 18:33:16+00:00,0,IOMT-029,S-IOMT-029-735,LAB_RESULTS,EP-IND-07714
BC-07715,2026-01-01 18:33:17+00:00,0,IOMT-005,S-IOMT-005-736,LAB_RESULTS,EP-IND-07715
BC-07716,2026-01-01 18:33:26+00:00,0,IOMT-038,S-IOMT-038-737,LAB_RESULTS,EP-IND-07716
BC-07717,2026-01-01 18:33:39+00:00,0,IOMT-021,S-IOMT-021-738,LAB_RESULTS,EP-IND-07717
BC-07718,2026-01-01 18:33:48+00:00,0,IOMT-045,S-IOMT-045-739,LAB_RESULTS,EP-IND-07718
BC-07719,2026-01-01 18:34:03+00:00,0,IOMT-015,S-IOMT-015-740,IMAGING,EP-IND-07719
BC-07720,2026-01-01 18:34:09+00:00,0,IOMT-014,S-IOMT-014-741,EHR_READ,EP-IND-07720
BC-07721,2026-01-01 18:34:26+00:00,0,IOMT-002,S-IOMT-002-742,RESEARCH,EP-IND-07721
BC-07722,2026-01-01 18:34:26+00:00,0,IOMT-038,S-IOMT-038-743,EHR_READ,EP-IND-07722
BC-07723,2026-01-01 18:34:27+00:00,0,IOMT-005,S-IOMT-005-744,RESEARCH,EP-IND-07723
BC-07724,2026-01-01 18:34:31+00:00,0,IOMT-046,S-IOMT-046-745,IMAGING,EP-IND-07724
BC-07725,2026-01-01 18:34:32+00:00,0,IOMT-049,S-IOMT-049-746,IMAGING,EP-IND-07725
BC-07726,2026-01-01 18:34:51+00:00,0,IOMT-029,S-IOMT-029-747,LAB_RESULTS,EP-IND-07726
BC-07727,2026-01-01 18:35:13+00:00,0,IOMT-036,S-IOMT-036-748,RESEARCH,EP-IND-07727
BC-07728,2026-01-01 18:35:14+00:00,0,IOMT-007,S-IOMT-007-749,LAB_RESULTS,EP-IND-07728
BC-07729,2026-01-01 18:35:34+00:00,0,IOMT-015,S-IOMT-015-750,LAB_RESULTS,EP-IND-07729
BC-07730,2026-01-01 18:35:48+00:00,0,IOMT-030,S-IOMT-030-751,EHR_WRITE,EP-IND-07730
BC-07731,2026-01-01 18:35:51+00:00,0,IOMT-044,S-IOMT-044-752,EHR_WRITE,EP-IND-07731
BC-07732,2026-01-01 18:35:58+00:00,0,IOMT-012,S-IOMT-012-753,EHR_WRITE,EP-IND-07732
BC-07733,2026-01-01 18:36:17+00:00,0,IOMT-044,S-IOMT-044-754,EHR_WRITE,EP-IND-07733
BC-07734,2026-01-01 18:36:21+00:00,0,IOMT-021,S-IOMT-021-755,IMAGING,EP-IND-07734
BC-07735,2026-01-01 18:36:21+00:00,1,IOMT-008,S-IOMT-008-756,IMAGING,EP-IND-07735
BC-07736,2026-01-01 18:36:36+00:00,0,IOMT-016,S-IOMT-016-757,EHR_WRITE,EP-IND-07736
BC-07737,2026-01-01 18:36:57+00:00,0,IOMT-019,S-IOMT-019-758,IMAGING,EP-IND-07737
BC-07738,2026-01-01 18:37:06+00:00,0,IOMT-042,S-IOMT-042-759,EHR_READ,EP-IND-07738
BC-07739,2026-01-01 18:37:15+00:00,0,IOMT-006,S-IOMT-006-760,EHR_READ,EP-IND-07739
BC-07740,2026-01-01 18:37:35+00:00,0,IOMT-023,S-IOMT-023-761,IMAGING,EP-IND-07740
BC-07741,2026-01-01 18:37:40+00:00,0,IOMT-011,S-IOMT-011-762,EHR_READ,EP-IND-07741
BC-07742,2026-01-01 18:37:49+00:00,0,IOMT-035,S-IOMT-035-763,LAB_RESULTS,EP-IND-07742
BC-07743,2026-01-01 18:37:55+00:00,0,IOMT-001,S-IOMT-001-764,EHR_WRITE,EP-IND-07743
BC-07744,2026-01-01 18:37:55+00:00,0,IOMT-027,S-IOMT-027-765,LAB_RESULTS,EP-IND-07744
BC-07745,2026-01-01 18:38:04+00:00,0,IOMT-046,S-IOMT-046-766,LAB_RESULTS,EP-IND-07745
BC-07746,2026-01-01 18:38:28+00:00,0,IOMT-032,S-IOMT-032-767,EHR_WRITE,EP-IND-07746
BC-07747,2026-01-01 18:38:33+00:00,0,IOMT-013,S-IOMT-013-768,EHR_WRITE,EP-IND-07747
BC-07748,2026-01-01 18:38:34+00:00,0,IOMT-033,S-IOMT-033-769,RESEARCH,EP-IND-07748
BC-07749,2026-01-01 18:38:50+00:00,0,IOMT-039,S-IOMT-039-770,RESEARCH,EP-IND-07749
BC-07750,2026-01-01 18:38:55+00:00,0,IOMT-042,S-IOMT-042-771,IMAGING,EP-IND-07750
BC-07751,2026-01-01 18:39:08+00:00,0,IOMT-042,S-IOMT-042-772,IMAGING,EP-IND-07751
BC-07752,2026-01-01 18:39:09+00:00,0,IOMT-035,S-IOMT-035-773,LAB_RESULTS,EP-IND-07752
BC-07753,2026-01-01 18:39:11+00:00,0,IOMT-007,S-IOMT-007-774,LAB_RESULTS,EP-IND-07753
BC-07754,2026-01-01 18:39:21+00:00,0,IOMT-045,S-IOMT-045-775,IMAGING,EP-IND-07754
BC-07755,2026-01-01 18:39:22+00:00,0,IOMT-015,S-IOMT-015-776,RESEARCH,EP-IND-07755
BC-07756,2026-01-01 18:39:25+00:00,0,IOMT-028,S-IOMT-028-777,RESEARCH,EP-IND-07756
BC-07757,2026-01-01 18:39:27+00:00,0,IOMT-019,S-IOMT-019-778,RESEARCH,EP-IND-07757
BC-07758,2026-01-01 18:39:29+00:00,0,IOMT-045,S-IOMT-045-779,RESEARCH,EP-IND-07758
BC-07759,2026-01-01 18:39:35+00:00,0,IOMT-048,S-IOMT-048-780,EHR_READ,EP-IND-07759
BC-07760,2026-01-01 18:39:48+00:00,0,IOMT-032,S-IOMT-032-781,EHR_WRITE,EP-IND-07760
BC-07761,2026-01-01 18:39:49+00:00,0,IOMT-032,S-IOMT-032-782,EHR_WRITE,EP-IND-07761
BC-07762,2026-01-01 18:39:51+00:00,0,IOMT-000,S-IOMT-000-783,EHR_WRITE,EP-IND-07762
BC-07763,2026-01-01 18:40:02+00:00,0,IOMT-022,S-IOMT-022-784,EHR_WRITE,EP-IND-07763
BC-07764,2026-01-01 18:40:06+00:00,0,IOMT-001,S-IOMT-001-785,EHR_READ,EP-IND-07764
BC-07765,2026-01-01 18:40:25+00:00,0,IOMT-042,S-IOMT-042-786,RESEARCH,EP-IND-07765
BC-07766,2026-01-01 18:40:31+00:00,0,IOMT-013,S-IOMT-013-787,RESEARCH,EP-IND-07766
BC-07767,2026-01-01 18:40:44+00:00,0,IOMT-048,S-IOMT-048-788,IMAGING,EP-IND-07767
BC-07768,2026-01-01 18:40:52+00:00,0,IOMT-019,S-IOMT-019-789,EHR_WRITE,EP-IND-07768
BC-07769,2026-01-01 18:40:52+00:00,0,IOMT-030,S-IOMT-030-790,EHR_READ,EP-IND-07769
BC-07770,2026-01-01 18:41:37+00:00,0,IOMT-001,S-IOMT-001-791,EHR_READ,EP-IND-07770
BC-07771,2026-01-01 18:41:39+00:00,0,IOMT-048,S-IOMT-048-792,RESEARCH,EP-IND-07771
BC-07772,2026-01-01 18:41:50+00:00,0,IOMT-028,S-IOMT-028-793,RESEARCH,EP-IND-07772
BC-07773,2026-01-01 18:41:58+00:00,0,IOMT-013,S-IOMT-013-794,EHR_READ,EP-IND-07773
BC-07774,2026-01-01 18:42:07+00:00,0,IOMT-002,S-IOMT-002-795,RESEARCH,EP-IND-07774
BC-07775,2026-01-01 18:42:12+00:00,0,IOMT-047,S-IOMT-047-796,LAB_RESULTS,EP-IND-07775
BC-07776,2026-01-01 18:42:24+00:00,0,IOMT-032,S-IOMT-032-797,RESEARCH,EP-IND-07776
BC-07777,2026-01-01 18:42:26+00:00,0,IOMT-018,S-IOMT-018-798,EHR_READ,EP-IND-07777
BC-07778,2026-01-01 18:42:36+00:00,0,IOMT-030,S-IOMT-030-799,IMAGING,EP-IND-07778
BC-07779,2026-01-01 18:42:39+00:00,0,IOMT-015,S-IOMT-015-800,EHR_WRITE,EP-IND-07779
BC-07780,2026-01-01 18:42:40+00:00,0,IOMT-030,S-IOMT-030-801,IMAGING,EP-IND-07780
BC-07781,2026-01-01 18:42:47+00:00,0,IOMT-048,S-IOMT-048-802,EHR_WRITE,EP-IND-07781
BC-07782,2026-01-01 18:42:48+00:00,0,IOMT-018,S-IOMT-018-803,LAB_RESULTS,EP-IND-07782
BC-07783,2026-01-01 18:42:54+00:00,0,IOMT-029,S-IOMT-029-804,LAB_RESULTS,EP-IND-07783
BC-07784,2026-01-01 18:42:56+00:00,0,IOMT-043,S-IOMT-043-805,EHR_WRITE,EP-IND-07784
BC-07785,2026-01-01 18:43:06+00:00,0,IOMT-047,S-IOMT-047-806,RESEARCH,EP-IND-07785
BC-07786,2026-01-01 18:43:07+00:00,0,IOMT-020,S-IOMT-020-807,EHR_WRITE,EP-IND-07786
BC-07787,2026-01-01 18:43:14+00:00,0,IOMT-049,S-IOMT-049-808,EHR_READ,EP-IND-07787
BC-07788,2026-01-01 18:43:17+00:00,0,IOMT-029,S-IOMT-029-809,RESEARCH,EP-IND-07788
BC-07789,2026-01-01 18:43:39+00:00,0,IOMT-039,S-IOMT-039-810,LAB_RESULTS,EP-IND-07789
BC-07790,2026-01-01 18:43:47+00:00,0,IOMT-024,S-IOMT-024-811,RESEARCH,EP-IND-07790
BC-07791,2026-01-01 18:43:54+00:00,0,IOMT-024,S-IOMT-024-812,RESEARCH,EP-IND-07791
BC-07792,2026-01-01 18:44:00+00:00,0,IOMT-026,S-IOMT-026-813,RESEARCH,EP-IND-07792
BC-07793,2026-01-01 18:44:05+00:00,0,IOMT-049,S-IOMT-049-814,EHR_WRITE,EP-IND-07793
BC-07794,2026-01-01 18:44:07+00:00,0,IOMT-046,S-IOMT-046-815,EHR_WRITE,EP-IND-07794
BC-07795,2026-01-01 18:44:09+00:00,0,IOMT-038,S-IOMT-038-816,LAB_RESULTS,EP-IND-07795
BC-07796,2026-01-01 18:44:10+00:00,0,IOMT-010,S-IOMT-010-817,RESEARCH,EP-IND-07796
BC-07797,2026-01-01 18:44:20+00:00,0,IOMT-007,S-IOMT-007-818,EHR_WRITE,EP-IND-07797
BC-07798,2026-01-01 18:44:50+00:00,0,IOMT-014,S-IOMT-014-819,EHR_WRITE,EP-IND-07798
BC-07799,2026-01-01 18:44:51+00:00,0,IOMT-048,S-IOMT-048-820,RESEARCH,EP-IND-07799
BC-07800,2026-01-01 18:45:00+00:00,0,IOMT-026,S-IOMT-026-821,EHR_WRITE,EP-IND-07800
BC-07801,2026-01-01 18:45:05+00:00,0,IOMT-025,S-IOMT-025-822,EHR_WRITE,EP-IND-07801
BC-07802,2026-01-01 18:45:09+00:00,0,IOMT-025,S-IOMT-025-823,EHR_READ,EP-IND-07802
BC-07803,2026-01-01 18:45:15+00:00,0,IOMT-027,S-IOMT-027-824,RESEARCH,EP-IND-07803
BC-07804,2026-01-01 18:45:15+00:00,0,IOMT-042,S-IOMT-042-825,LAB_RESULTS,EP-IND-07804
BC-07805,2026-01-01 18:45:24+00:00,0,IOMT-030,S-IOMT-030-826,EHR_READ,EP-IND-07805
BC-07806,2026-01-01 18:45:33+00:00,0,IOMT-021,S-IOMT-021-827,EHR_READ,EP-IND-07806
BC-07807,2026-01-01 18:45:42+00:00,0,IOMT-035,S-IOMT-035-828,LAB_RESULTS,EP-IND-07807
BC-07808,2026-01-01 18:45:46+00:00,0,IOMT-018,S-IOMT-018-829,IMAGING,EP-IND-07808
BC-07809,2026-01-01 18:45:47+00:00,0,IOMT-012,S-IOMT-012-830,EHR_WRITE,EP-IND-07809
BC-07810,2026-01-01 18:45:54+00:00,0,IOMT-021,S-IOMT-021-831,RESEARCH,EP-IND-07810
BC-07811,2026-01-01 18:45:59+00:00,0,IOMT-046,S-IOMT-046-832,LAB_RESULTS,EP-IND-07811
BC-07812,2026-01-01 18:46:04+00:00,0,IOMT-047,S-IOMT-047-833,LAB_RESULTS,EP-IND-07812
BC-07813,2026-01-01 18:46:23+00:00,0,IOMT-024,S-IOMT-024-834,LAB_RESULTS,EP-IND-07813
BC-07814,2026-01-01 18:46:25+00:00,0,IOMT-011,S-IOMT-011-835,EHR_READ,EP-IND-07814
BC-07815,2026-01-01 18:46:31+00:00,0,IOMT-033,S-IOMT-033-836,EHR_READ,EP-IND-07815
BC-07816,2026-01-01 18:46:38+00:00,0,IOMT-023,S-IOMT-023-837,IMAGING,EP-IND-07816
BC-07817,2026-01-01 18:46:42+00:00,0,IOMT-036,S-IOMT-036-838,IMAGING,EP-IND-07817
BC-07818,2026-01-01 18:46:48+00:00,0,IOMT-020,S-IOMT-020-839,RESEARCH,EP-IND-07818
BC-07819,2026-01-01 18:47:10+00:00,0,IOMT-038,S-IOMT-038-840,LAB_RESULTS,EP-IND-07819
BC-07820,2026-01-01 18:47:16+00:00,0,IOMT-018,S-IOMT-018-841,RESEARCH,EP-IND-07820
BC-07821,2026-01-01 18:47:21+00:00,0,IOMT-048,S-IOMT-048-842,LAB_RESULTS,EP-IND-07821
BC-07822,2026-01-01 18:47:21+00:00,0,IOMT-045,S-IOMT-045-843,IMAGING,EP-IND-07822
BC-07823,2026-01-01 18:47:22+00:00,0,IOMT-038,S-IOMT-038-844,EHR_READ,EP-IND-07823
BC-07824,2026-01-01 18:47:25+00:00,0,IOMT-040,S-IOMT-040-845,EHR_READ,EP-IND-07824
BC-07825,2026-01-01 18:47:44+00:00,0,IOMT-046,S-IOMT-046-846,IMAGING,EP-IND-07825
BC-07826,2026-01-01 18:47:58+00:00,0,IOMT-000,S-IOMT-000-847,EHR_WRITE,EP-IND-07826
BC-07827,2026-01-01 18:48:09+00:00,0,IOMT-049,S-IOMT-049-848,EHR_WRITE,EP-IND-07827
BC-07828,2026-01-01 18:48:11+00:00,0,IOMT-028,S-IOMT-028-849,LAB_RESULTS,EP-IND-07828
BC-07829,2026-01-01 18:48:12+00:00,0,IOMT-048,S-IOMT-048-850,LAB_RESULTS,EP-IND-07829
BC-07830,2026-01-01 18:48:23+00:00,0,IOMT-049,S-IOMT-049-851,EHR_WRITE,EP-IND-07830
BC-07831,2026-01-01 18:48:27+00:00,0,IOMT-023,S-IOMT-023-852,LAB_RESULTS,EP-IND-07831
BC-07832,2026-01-01 18:48:29+00:00,0,IOMT-043,S-IOMT-043-853,EHR_READ,EP-IND-07832
BC-07833,2026-01-01 18:48:31+00:00,0,IOMT-030,S-IOMT-030-854,EHR_WRITE,EP-IND-07833
BC-07834,2026-01-01 18:48:32+00:00,0,IOMT-046,S-IOMT-046-855,EHR_WRITE,EP-IND-07834
BC-07835,2026-01-01 18:48:32+00:00,0,IOMT-014,S-IOMT-014-856,IMAGING,EP-IND-07835
BC-07836,2026-01-01 18:48:33+00:00,0,IOMT-024,S-IOMT-024-857,RESEARCH,EP-IND-07836
BC-07837,2026-01-01 18:48:48+00:00,0,IOMT-022,S-IOMT-022-858,IMAGING,EP-IND-07837
BC-07838,2026-01-01 18:48:51+00:00,0,IOMT-009,S-IOMT-009-859,EHR_WRITE,EP-IND-07838
BC-07839,2026-01-01 18:48:55+00:00,0,IOMT-021,S-IOMT-021-860,LAB_RESULTS,EP-IND-07839
BC-07840,2026-01-01 18:48:55+00:00,0,IOMT-008,S-IOMT-008-861,IMAGING,EP-IND-07840
BC-07841,2026-01-01 18:48:56+00:00,0,IOMT-007,S-IOMT-007-862,EHR_READ,EP-IND-07841
BC-07842,2026-01-01 18:49:08+00:00,0,IOMT-002,S-IOMT-002-863,IMAGING,EP-IND-07842
BC-07843,2026-01-01 18:49:11+00:00,0,IOMT-037,S-IOMT-037-864,LAB_RESULTS,EP-IND-07843
BC-07844,2026-01-01 18:49:12+00:00,0,IOMT-025,S-IOMT-025-865,LAB_RESULTS,EP-IND-07844
BC-07845,2026-01-01 18:49:23+00:00,0,IOMT-041,S-IOMT-041-866,LAB_RESULTS,EP-IND-07845
BC-07846,2026-01-01 18:49:26+00:00,0,IOMT-000,S-IOMT-000-867,IMAGING,EP-IND-07846
BC-07847,2026-01-01 18:49:31+00:00,0,IOMT-029,S-IOMT-029-868,LAB_RESULTS,EP-IND-07847
BC-07848,2026-01-01 18:49:37+00:00,0,IOMT-012,S-IOMT-012-869,RESEARCH,EP-IND-07848
BC-07849,2026-01-01 18:49:46+00:00,0,IOMT-024,S-IOMT-024-870,LAB_RESULTS,EP-IND-07849
BC-07850,2026-01-01 18:49:51+00:00,0,IOMT-015,S-IOMT-015-871,RESEARCH,EP-IND-07850
BC-07851,2026-01-01 18:50:24+00:00,0,IOMT-045,S-IOMT-045-872,EHR_WRITE,EP-IND-07851
BC-07852,2026-01-01 18:50:27+00:00,0,IOMT-003,S-IOMT-003-873,LAB_RESULTS,EP-IND-07852
BC-07853,2026-01-01 18:50:36+00:00,0,IOMT-027,S-IOMT-027-874,EHR_WRITE,EP-IND-07853
BC-07854,2026-01-01 18:50:37+00:00,0,IOMT-033,S-IOMT-033-875,EHR_WRITE,EP-IND-07854
BC-07855,2026-01-01 18:50:49+00:00,0,IOMT-048,S-IOMT-048-876,EHR_READ,EP-IND-07855
BC-07856,2026-01-01 18:50:56+00:00,0,IOMT-014,S-IOMT-014-877,IMAGING,EP-IND-07856
BC-07857,2026-01-01 18:51:03+00:00,0,IOMT-008,S-IOMT-008-878,RESEARCH,EP-IND-07857
BC-07858,2026-01-01 18:51:03+00:00,0,IOMT-031,S-IOMT-031-879,LAB_RESULTS,EP-IND-07858
BC-07859,2026-01-01 18:51:07+00:00,0,IOMT-018,S-IOMT-018-880,IMAGING,EP-IND-07859
BC-07860,2026-01-01 18:51:15+00:00,0,IOMT-032,S-IOMT-032-881,RESEARCH,EP-IND-07860
BC-07861,2026-01-01 18:51:50+00:00,0,IOMT-000,S-IOMT-000-882,LAB_RESULTS,EP-IND-07861
BC-07862,2026-01-01 18:52:12+00:00,0,IOMT-017,S-IOMT-017-883,IMAGING,EP-IND-07862
BC-07863,2026-01-01 18:52:22+00:00,0,IOMT-049,S-IOMT-049-884,LAB_RESULTS,EP-IND-07863
BC-07864,2026-01-01 18:52:46+00:00,0,IOMT-046,S-IOMT-046-885,LAB_RESULTS,EP-IND-07864
BC-07865,2026-01-01 18:52:49+00:00,0,IOMT-006,S-IOMT-006-886,EHR_WRITE,EP-IND-07865
BC-07866,2026-01-01 18:52:51+00:00,0,IOMT-032,S-IOMT-032-887,LAB_RESULTS,EP-IND-07866
BC-07867,2026-01-01 18:52:58+00:00,0,IOMT-042,S-IOMT-042-888,IMAGING,EP-IND-07867
BC-07868,2026-01-01 18:53:01+00:00,0,IOMT-023,S-IOMT-023-889,RESEARCH,EP-IND-07868
BC-07869,2026-01-01 18:53:02+00:00,0,IOMT-016,S-IOMT-016-890,RESEARCH,EP-IND-07869
BC-07870,2026-01-01 18:53:09+00:00,0,IOMT-048,S-IOMT-048-891,EHR_READ,EP-IND-07870
BC-07871,2026-01-01 18:53:23+00:00,0,IOMT-013,S-IOMT-013-892,EHR_READ,EP-IND-07871
BC-07872,2026-01-01 18:53:25+00:00,0,IOMT-029,S-IOMT-029-893,EHR_WRITE,EP-IND-07872
BC-07873,2026-01-01 18:53:41+00:00,0,IOMT-008,S-IOMT-008-894,LAB_RESULTS,EP-IND-07873
BC-07874,2026-01-01 18:53:51+00:00,0,IOMT-031,S-IOMT-031-895,EHR_WRITE,EP-IND-07874
BC-07875,2026-01-01 18:53:57+00:00,0,IOMT-014,S-IOMT-014-896,RESEARCH,EP-IND-07875
BC-07876,2026-01-01 18:53:57+00:00,0,IOMT-027,S-IOMT-027-897,EHR_WRITE,EP-IND-07876
BC-07877,2026-01-01 18:53:59+00:00,0,IOMT-001,S-IOMT-001-898,EHR_WRITE,EP-IND-07877
BC-07878,2026-01-01 18:54:17+00:00,0,IOMT-032,S-IOMT-032-899,RESEARCH,EP-IND-07878
BC-07879,2026-01-01 18:54:24+00:00,0,IOMT-024,S-IOMT-024-900,LAB_RESULTS,EP-IND-07879
BC-07880,2026-01-01 18:54:38+00:00,0,IOMT-024,S-IOMT-024-901,EHR_WRITE,EP-IND-07880
BC-07881,2026-01-01 18:54:43+00:00,0,IOMT-022,S-IOMT-022-902,EHR_WRITE,EP-IND-07881
BC-07882,2026-01-01 18:54:51+00:00,0,IOMT-012,S-IOMT-012-903,EHR_WRITE,EP-IND-07882
BC-07883,2026-01-01 18:54:54+00:00,0,IOMT-033,S-IOMT-033-904,RESEARCH,EP-IND-07883
BC-07884,2026-01-01 18:54:55+00:00,0,IOMT-009,S-IOMT-009-905,EHR_WRITE,EP-IND-07884
BC-07885,2026-01-01 18:54:58+00:00,0,IOMT-033,S-IOMT-033-906,RESEARCH,EP-IND-07885
BC-07886,2026-01-01 18:55:04+00:00,0,IOMT-025,S-IOMT-025-907,LAB_RESULTS,EP-IND-07886
BC-07887,2026-01-01 18:55:24+00:00,0,IOMT-020,S-IOMT-020-908,EHR_READ,EP-IND-07887
BC-07888,2026-01-01 18:55:25+00:00,0,IOMT-004,S-IOMT-004-909,IMAGING,EP-IND-07888
BC-07889,2026-01-01 18:55:47+00:00,0,IOMT-046,S-IOMT-046-910,IMAGING,EP-IND-07889
BC-07890,2026-01-01 18:56:16+00:00,0,IOMT-004,S-IOMT-004-911,IMAGING,EP-IND-07890
BC-07891,2026-01-01 18:56:16+00:00,0,IOMT-041,S-IOMT-041-912,EHR_WRITE,EP-IND-07891
BC-07892,2026-01-01 18:56:41+00:00,0,IOMT-005,S-IOMT-005-913,RESEARCH,EP-IND-07892
BC-07893,2026-01-01 18:56:52+00:00,1,IOMT-035,S-IOMT-035-914,RESEARCH,EP-IND-07893
BC-07894,2026-01-01 18:57:01+00:00,0,IOMT-026,S-IOMT-026-915,IMAGING,EP-IND-07894
BC-07895,2026-01-01 18:57:07+00:00,0,IOMT-037,S-IOMT-037-916,LAB_RESULTS,EP-IND-07895
BC-07896,2026-01-01 18:57:17+00:00,0,IOMT-023,S-IOMT-023-917,LAB_RESULTS,EP-IND-07896
BC-07897,2026-01-01 18:57:21+00:00,0,IOMT-010,S-IOMT-010-918,IMAGING,EP-IND-07897
BC-07898,2026-01-01 18:57:22+00:00,0,IOMT-044,S-IOMT-044-919,EHR_WRITE,EP-IND-07898
BC-07899,2026-01-01 18:57:25+00:00,0,IOMT-031,S-IOMT-031-920,EHR_READ,EP-IND-07899
BC-07900,2026-01-01 18:57:25+00:00,0,IOMT-037,S-IOMT-037-921,EHR_READ,EP-IND-07900
BC-07901,2026-01-01 18:57:26+00:00,0,IOMT-012,S-IOMT-012-922,IMAGING,EP-IND-07901
BC-07902,2026-01-01 18:57:27+00:00,0,IOMT-048,S-IOMT-048-923,LAB_RESULTS,EP-IND-07902
BC-07903,2026-01-01 18:57:35+00:00,0,IOMT-040,S-IOMT-040-924,LAB_RESULTS,EP-IND-07903
BC-07904,2026-01-01 18:57:37+00:00,0,IOMT-049,S-IOMT-049-925,EHR_READ,EP-IND-07904
BC-07905,2026-01-01 18:57:43+00:00,0,IOMT-015,S-IOMT-015-926,LAB_RESULTS,EP-IND-07905
BC-07906,2026-01-01 18:57:53+00:00,0,IOMT-010,S-IOMT-010-927,EHR_WRITE,EP-IND-07906
BC-07907,2026-01-01 18:57:57+00:00,0,IOMT-048,S-IOMT-048-928,LAB_RESULTS,EP-IND-07907
BC-07908,2026-01-01 18:58:00+00:00,0,IOMT-023,S-IOMT-023-929,RESEARCH,EP-IND-07908
BC-07909,2026-01-01 18:58:22+00:00,0,IOMT-004,S-IOMT-004-930,EHR_WRITE,EP-IND-07909
BC-07910,2026-01-01 18:58:29+00:00,0,IOMT-015,S-IOMT-015-931,IMAGING,EP-IND-07910
BC-07911,2026-01-01 18:58:47+00:00,0,IOMT-008,S-IOMT-008-932,LAB_RESULTS,EP-IND-07911
BC-07912,2026-01-01 18:59:06+00:00,0,IOMT-032,S-IOMT-032-933,IMAGING,EP-IND-07912
BC-07913,2026-01-01 18:59:23+00:00,1,IOMT-017,S-IOMT-017-934,EHR_WRITE,EP-IND-07913
BC-07914,2026-01-01 18:59:23+00:00,0,IOMT-013,S-IOMT-013-935,EHR_WRITE,EP-IND-07914
BC-07915,2026-01-01 18:59:26+00:00,0,IOMT-008,S-IOMT-008-936,LAB_RESULTS,EP-IND-07915
BC-07916,2026-01-01 18:59:40+00:00,0,IOMT-024,S-IOMT-024-937,EHR_READ,EP-IND-07916
BC-07917,2026-01-01 18:59:44+00:00,0,IOMT-027,S-IOMT-027-938,IMAGING,EP-IND-07917
BC-07918,2026-01-01 19:00:01+00:00,0,IOMT-012,S-IOMT-012-939,IMAGING,EP-IND-07918
BC-07919,2026-01-01 19:00:03+00:00,0,IOMT-016,S-IOMT-016-940,RESEARCH,EP-IND-07919
BC-07920,2026-01-01 19:00:06+00:00,0,IOMT-029,S-IOMT-029-941,EHR_WRITE,EP-IND-07920
BC-07921,2026-01-01 19:00:10+00:00,0,IOMT-004,S-IOMT-004-942,IMAGING,EP-IND-07921
BC-07922,2026-01-01 19:00:23+00:00,0,IOMT-005,S-IOMT-005-943,RESEARCH,EP-IND-07922
BC-07923,2026-01-01 19:00:27+00:00,0,IOMT-025,S-IOMT-025-944,EHR_WRITE,EP-IND-07923
BC-07924,2026-01-01 19:00:29+00:00,0,IOMT-044,S-IOMT-044-945,EHR_READ,EP-IND-07924
BC-07925,2026-01-01 19:00:34+00:00,0,IOMT-043,S-IOMT-043-946,IMAGING,EP-IND-07925
BC-07926,2026-01-01 19:00:37+00:00,0,IOMT-043,S-IOMT-043-947,EHR_WRITE,EP-IND-07926
BC-07927,2026-01-01 19:00:41+00:00,0,IOMT-047,S-IOMT-047-948,EHR_READ,EP-IND-07927
BC-07928,2026-01-01 19:00:41+00:00,0,IOMT-037,S-IOMT-037-949,RESEARCH,EP-IND-07928
BC-07929,2026-01-01 19:00:44+00:00,0,IOMT-033,S-IOMT-033-950,EHR_READ,EP-IND-07929
BC-07930,2026-01-01 19:00:46+00:00,0,IOMT-029,S-IOMT-029-951,IMAGING,EP-IND-07930
BC-07931,2026-01-01 19:00:47+00:00,0,IOMT-007,S-IOMT-007-952,EHR_WRITE,EP-IND-07931
BC-07932,2026-01-01 19:00:49+00:00,0,IOMT-027,S-IOMT-027-953,LAB_RESULTS,EP-IND-07932
BC-07933,2026-01-01 19:01:08+00:00,0,IOMT-013,S-IOMT-013-954,LAB_RESULTS,EP-IND-07933
BC-07934,2026-01-01 19:01:16+00:00,0,IOMT-030,S-IOMT-030-955,RESEARCH,EP-IND-07934
BC-07935,2026-01-01 19:01:21+00:00,0,IOMT-014,S-IOMT-014-956,EHR_READ,EP-IND-07935
BC-07936,2026-01-01 19:01:35+00:00,0,IOMT-013,S-IOMT-013-957,RESEARCH,EP-IND-07936
BC-07937,2026-01-01 19:01:47+00:00,0,IOMT-036,S-IOMT-036-958,IMAGING,EP-IND-07937
BC-07938,2026-01-01 19:01:50+00:00,0,IOMT-022,S-IOMT-022-959,LAB_RESULTS,EP-IND-07938
BC-07939,2026-01-01 19:01:50+00:00,0,IOMT-001,S-IOMT-001-960,RESEARCH,EP-IND-07939
BC-07940,2026-01-01 19:01:56+00:00,0,IOMT-005,S-IOMT-005-961,RESEARCH,EP-IND-07940
BC-07941,2026-01-01 19:01:57+00:00,0,IOMT-039,S-IOMT-039-962,LAB_RESULTS,EP-IND-07941
BC-07942,2026-01-01 19:02:09+00:00,0,IOMT-046,S-IOMT-046-963,EHR_READ,EP-IND-07942
BC-07943,2026-01-01 19:02:10+00:00,1,IOMT-029,S-IOMT-029-964,IMAGING,EP-IND-07943
BC-07944,2026-01-01 19:02:17+00:00,0,IOMT-000,S-IOMT-000-965,IMAGING,EP-IND-07944
BC-07945,2026-01-01 19:02:26+00:00,0,IOMT-016,S-IOMT-016-966,RESEARCH,EP-IND-07945
BC-07946,2026-01-01 19:02:42+00:00,0,IOMT-047,S-IOMT-047-967,RESEARCH,EP-IND-07946
BC-07947,2026-01-01 19:02:49+00:00,0,IOMT-013,S-IOMT-013-968,LAB_RESULTS,EP-IND-07947
BC-07948,2026-01-01 19:02:52+00:00,0,IOMT-007,S-IOMT-007-969,EHR_READ,EP-IND-07948
BC-07949,2026-01-01 19:02:59+00:00,0,IOMT-013,S-IOMT-013-970,EHR_READ,EP-IND-07949
BC-07950,2026-01-01 19:02:59+00:00,0,IOMT-006,S-IOMT-006-971,IMAGING,EP-IND-07950
BC-07951,2026-01-01 19:03:13+00:00,0,IOMT-040,S-IOMT-040-972,IMAGING,EP-IND-07951
BC-07952,2026-01-01 19:03:20+00:00,0,IOMT-040,S-IOMT-040-973,EHR_READ,EP-IND-07952
BC-07953,2026-01-01 19:03:29+00:00,0,IOMT-027,S-IOMT-027-974,EHR_READ,EP-IND-07953
BC-07954,2026-01-01 19:03:34+00:00,0,IOMT-047,S-IOMT-047-975,EHR_WRITE,EP-IND-07954
BC-07955,2026-01-01 19:03:52+00:00,0,IOMT-038,S-IOMT-038-976,IMAGING,EP-IND-07955
BC-07956,2026-01-01 19:03:59+00:00,0,IOMT-037,S-IOMT-037-977,EHR_WRITE,EP-IND-07956
BC-07957,2026-01-01 19:04:15+00:00,0,IOMT-036,S-IOMT-036-978,EHR_READ,EP-IND-07957
BC-07958,2026-01-01 19:04:19+00:00,0,IOMT-016,S-IOMT-016-979,EHR_READ,EP-IND-07958
BC-07959,2026-01-01 19:04:27+00:00,0,IOMT-007,S-IOMT-007-980,RESEARCH,EP-IND-07959
BC-07960,2026-01-01 19:04:29+00:00,0,IOMT-027,S-IOMT-027-981,IMAGING,EP-IND-07960
BC-07961,2026-01-01 19:04:36+00:00,0,IOMT-002,S-IOMT-002-982,EHR_WRITE,EP-IND-07961
BC-07962,2026-01-01 19:04:37+00:00,0,IOMT-004,S-IOMT-004-983,RESEARCH,EP-IND-07962
BC-07963,2026-01-01 19:04:55+00:00,0,IOMT-035,S-IOMT-035-984,EHR_READ,EP-IND-07963
BC-07964,2026-01-01 19:04:58+00:00,0,IOMT-005,S-IOMT-005-985,IMAGING,EP-IND-07964
BC-07965,2026-01-01 19:05:00+00:00,0,IOMT-014,S-IOMT-014-986,LAB_RESULTS,EP-IND-07965
BC-07966,2026-01-01 19:05:09+00:00,0,IOMT-035,S-IOMT-035-987,IMAGING,EP-IND-07966
BC-07967,2026-01-01 19:05:30+00:00,0,IOMT-015,S-IOMT-015-988,EHR_WRITE,EP-IND-07967
BC-07968,2026-01-01 19:05:52+00:00,0,IOMT-014,S-IOMT-014-989,RESEARCH,EP-IND-07968
BC-07969,2026-01-01 19:05:52+00:00,0,IOMT-018,S-IOMT-018-990,IMAGING,EP-IND-07969
BC-07970,2026-01-01 19:05:53+00:00,0,IOMT-015,S-IOMT-015-991,RESEARCH,EP-IND-07970
BC-07971,2026-01-01 19:06:07+00:00,0,IOMT-019,S-IOMT-019-992,EHR_READ,EP-IND-07971
BC-07972,2026-01-01 19:06:07+00:00,0,IOMT-032,S-IOMT-032-993,RESEARCH,EP-IND-07972
BC-07973,2026-01-01 19:06:39+00:00,0,IOMT-020,S-IOMT-020-994,LAB_RESULTS,EP-IND-07973
BC-07974,2026-01-01 19:07:23+00:00,0,IOMT-028,S-IOMT-028-995,EHR_WRITE,EP-IND-07974
BC-07975,2026-01-01 19:07:27+00:00,0,IOMT-043,S-IOMT-043-996,RESEARCH,EP-IND-07975
BC-07976,2026-01-01 19:07:28+00:00,0,IOMT-019,S-IOMT-019-0,EHR_READ,EP-IND-07976
BC-07977,2026-01-01 19:07:32+00:00,0,IOMT-020,S-IOMT-020-1,EHR_READ,EP-IND-07977
BC-07978,2026-01-01 19:07:33+00:00,0,IOMT-018,S-IOMT-018-2,EHR_READ,EP-IND-07978
BC-07979,2026-01-01 19:07:34+00:00,0,IOMT-045,S-IOMT-045-3,IMAGING,EP-IND-07979
BC-07980,2026-01-01 19:07:36+00:00,0,IOMT-035,S-IOMT-035-4,EHR_WRITE,EP-IND-07980
BC-07981,2026-01-01 19:07:52+00:00,0,IOMT-021,S-IOMT-021-5,IMAGING,EP-IND-07981
BC-07982,2026-01-01 19:07:54+00:00,0,IOMT-004,S-IOMT-004-6,EHR_READ,EP-IND-07982
BC-07983,2026-01-01 19:07:57+00:00,0,IOMT-038,S-IOMT-038-7,LAB_RESULTS,EP-IND-07983
BC-07984,2026-01-01 19:08:00+00:00,0,IOMT-024,S-IOMT-024-8,RESEARCH,EP-IND-07984
BC-07985,2026-01-01 19:08:09+00:00,0,IOMT-035,S-IOMT-035-9,RESEARCH,EP-IND-07985
BC-07986,2026-01-01 19:08:13+00:00,0,IOMT-008,S-IOMT-008-10,IMAGING,EP-IND-07986
BC-07987,2026-01-01 19:09:19+00:00,0,IOMT-029,S-IOMT-029-11,EHR_WRITE,EP-IND-07987
BC-07988,2026-01-01 19:09:22+00:00,0,IOMT-021,S-IOMT-021-12,EHR_WRITE,EP-IND-07988
BC-07989,2026-01-01 19:09:34+00:00,0,IOMT-008,S-IOMT-008-13,EHR_READ,EP-IND-07989
BC-07990,2026-01-01 19:09:36+00:00,0,IOMT-003,S-IOMT-003-14,IMAGING,EP-IND-07990
BC-07991,2026-01-01 19:09:44+00:00,0,IOMT-048,S-IOMT-048-15,LAB_RESULTS,EP-IND-07991
BC-07992,2026-01-01 19:09:47+00:00,0,IOMT-004,S-IOMT-004-16,RESEARCH,EP-IND-07992
BC-07993,2026-01-01 19:09:49+00:00,0,IOMT-011,S-IOMT-011-17,IMAGING,EP-IND-07993
BC-07994,2026-01-01 19:09:49+00:00,0,IOMT-003,S-IOMT-003-18,RESEARCH,EP-IND-07994
BC-07995,2026-01-01 19:10:04+00:00,0,IOMT-034,S-IOMT-034-19,IMAGING,EP-IND-07995
BC-07996,2026-01-01 19:10:05+00:00,0,IOMT-010,S-IOMT-010-20,IMAGING,EP-IND-07996
BC-07997,2026-01-01 19:10:21+00:00,0,IOMT-032,S-IOMT-032-21,IMAGING,EP-IND-07997
BC-07998,2026-01-01 19:10:46+00:00,0,IOMT-034,S-IOMT-034-22,EHR_READ,EP-IND-07998
BC-07999,2026-01-01 19:10:51+00:00,0,IOMT-010,S-IOMT-010-23,RESEARCH,EP-IND-07999
BC-08000,2026-01-01 19:11:11+00:00,0,IOMT-026,S-IOMT-026-24,RESEARCH,EP-IND-08000
BC-08001,2026-01-01 19:11:19+00:00,0,IOMT-024,S-IOMT-024-25,EHR_WRITE,EP-IND-08001
BC-08002,2026-01-01 19:11:24+00:00,0,IOMT-017,S-IOMT-017-26,IMAGING,EP-IND-08002
BC-08003,2026-01-01 19:11:59+00:00,0,IOMT-002,S-IOMT-002-27,EHR_WRITE,EP-IND-08003
BC-08004,2026-01-01 19:12:01+00:00,0,IOMT-029,S-IOMT-029-28,RESEARCH,EP-IND-08004
BC-08005,2026-01-01 19:12:12+00:00,0,IOMT-047,S-IOMT-047-29,RESEARCH,EP-IND-08005
BC-08006,2026-01-01 19:12:14+00:00,0,IOMT-029,S-IOMT-029-30,LAB_RESULTS,EP-IND-08006
BC-08007,2026-01-01 19:12:19+00:00,0,IOMT-011,S-IOMT-011-31,EHR_READ,EP-IND-08007
BC-08008,2026-01-01 19:12:23+00:00,0,IOMT-030,S-IOMT-030-32,EHR_READ,EP-IND-08008
BC-08009,2026-01-01 19:12:24+00:00,0,IOMT-036,S-IOMT-036-33,LAB_RESULTS,EP-IND-08009
BC-08010,2026-01-01 19:12:28+00:00,0,IOMT-039,S-IOMT-039-34,EHR_WRITE,EP-IND-08010
BC-08011,2026-01-01 19:12:32+00:00,0,IOMT-040,S-IOMT-040-35,IMAGING,EP-IND-08011
BC-08012,2026-01-01 19:12:49+00:00,0,IOMT-032,S-IOMT-032-36,EHR_READ,EP-IND-08012
BC-08013,2026-01-01 19:12:54+00:00,0,IOMT-002,S-IOMT-002-37,LAB_RESULTS,EP-IND-08013
BC-08014,2026-01-01 19:12:56+00:00,1,IOMT-016,S-IOMT-016-38,LAB_RESULTS,EP-IND-08014
BC-08015,2026-01-01 19:13:04+00:00,0,IOMT-016,S-IOMT-016-39,EHR_READ,EP-IND-08015
BC-08016,2026-01-01 19:13:06+00:00,0,IOMT-005,S-IOMT-005-40,EHR_WRITE,EP-IND-08016
BC-08017,2026-01-01 19:13:14+00:00,0,IOMT-040,S-IOMT-040-41,RESEARCH,EP-IND-08017
BC-08018,2026-01-01 19:13:17+00:00,0,IOMT-031,S-IOMT-031-42,LAB_RESULTS,EP-IND-08018
BC-08019,2026-01-01 19:13:17+00:00,0,IOMT-023,S-IOMT-023-43,EHR_WRITE,EP-IND-08019
BC-08020,2026-01-01 19:13:24+00:00,0,IOMT-035,S-IOMT-035-44,IMAGING,EP-IND-08020
BC-08021,2026-01-01 19:13:24+00:00,0,IOMT-006,S-IOMT-006-45,EHR_READ,EP-IND-08021
BC-08022,2026-01-01 19:13:28+00:00,0,IOMT-005,S-IOMT-005-46,LAB_RESULTS,EP-IND-08022
BC-08023,2026-01-01 19:13:32+00:00,0,IOMT-015,S-IOMT-015-47,EHR_WRITE,EP-IND-08023
BC-08024,2026-01-01 19:13:47+00:00,0,IOMT-008,S-IOMT-008-48,LAB_RESULTS,EP-IND-08024
BC-08025,2026-01-01 19:14:15+00:00,0,IOMT-026,S-IOMT-026-49,EHR_READ,EP-IND-08025
BC-08026,2026-01-01 19:14:22+00:00,0,IOMT-045,S-IOMT-045-50,LAB_RESULTS,EP-IND-08026
BC-08027,2026-01-01 19:14:50+00:00,0,IOMT-016,S-IOMT-016-51,IMAGING,EP-IND-08027
BC-08028,2026-01-01 19:14:57+00:00,0,IOMT-041,S-IOMT-041-52,RESEARCH,EP-IND-08028
BC-08029,2026-01-01 19:15:43+00:00,0,IOMT-042,S-IOMT-042-53,EHR_WRITE,EP-IND-08029
BC-08030,2026-01-01 19:15:45+00:00,0,IOMT-003,S-IOMT-003-54,EHR_WRITE,EP-IND-08030
BC-08031,2026-01-01 19:15:54+00:00,0,IOMT-008,S-IOMT-008-55,RESEARCH,EP-IND-08031
BC-08032,2026-01-01 19:16:02+00:00,0,IOMT-001,S-IOMT-001-56,RESEARCH,EP-IND-08032
BC-08033,2026-01-01 19:16:03+00:00,0,IOMT-010,S-IOMT-010-57,IMAGING,EP-IND-08033
BC-08034,2026-01-01 19:16:12+00:00,0,IOMT-019,S-IOMT-019-58,EHR_READ,EP-IND-08034
BC-08035,2026-01-01 19:16:16+00:00,0,IOMT-000,S-IOMT-000-59,RESEARCH,EP-IND-08035
BC-08036,2026-01-01 19:16:17+00:00,0,IOMT-032,S-IOMT-032-60,EHR_WRITE,EP-IND-08036
BC-08037,2026-01-01 19:16:21+00:00,0,IOMT-012,S-IOMT-012-61,LAB_RESULTS,EP-IND-08037
BC-08038,2026-01-01 19:16:28+00:00,0,IOMT-044,S-IOMT-044-62,LAB_RESULTS,EP-IND-08038
BC-08039,2026-01-01 19:16:35+00:00,0,IOMT-048,S-IOMT-048-63,EHR_READ,EP-IND-08039
BC-08040,2026-01-01 19:16:40+00:00,0,IOMT-017,S-IOMT-017-64,EHR_READ,EP-IND-08040
BC-08041,2026-01-01 19:16:45+00:00,0,IOMT-021,S-IOMT-021-65,EHR_READ,EP-IND-08041
BC-08042,2026-01-01 19:16:51+00:00,0,IOMT-038,S-IOMT-038-66,RESEARCH,EP-IND-08042
BC-08043,2026-01-01 19:16:57+00:00,0,IOMT-008,S-IOMT-008-67,LAB_RESULTS,EP-IND-08043
BC-08044,2026-01-01 19:16:59+00:00,0,IOMT-016,S-IOMT-016-68,EHR_READ,EP-IND-08044
BC-08045,2026-01-01 19:17:10+00:00,0,IOMT-047,S-IOMT-047-69,RESEARCH,EP-IND-08045
BC-08046,2026-01-01 19:17:23+00:00,0,IOMT-020,S-IOMT-020-70,RESEARCH,EP-IND-08046
BC-08047,2026-01-01 19:17:38+00:00,0,IOMT-003,S-IOMT-003-71,EHR_WRITE,EP-IND-08047
BC-08048,2026-01-01 19:18:54+00:00,0,IOMT-032,S-IOMT-032-72,EHR_WRITE,EP-IND-08048
BC-08049,2026-01-01 19:19:02+00:00,0,IOMT-035,S-IOMT-035-73,LAB_RESULTS,EP-IND-08049
BC-08050,2026-01-01 19:19:07+00:00,0,IOMT-002,S-IOMT-002-74,IMAGING,EP-IND-08050
BC-08051,2026-01-01 19:19:11+00:00,0,IOMT-034,S-IOMT-034-75,IMAGING,EP-IND-08051
BC-08052,2026-01-01 19:19:19+00:00,0,IOMT-043,S-IOMT-043-76,IMAGING,EP-IND-08052
BC-08053,2026-01-01 19:19:28+00:00,0,IOMT-030,S-IOMT-030-77,EHR_WRITE,EP-IND-08053
BC-08054,2026-01-01 19:19:30+00:00,0,IOMT-007,S-IOMT-007-78,EHR_READ,EP-IND-08054
BC-08055,2026-01-01 19:19:42+00:00,0,IOMT-024,S-IOMT-024-79,LAB_RESULTS,EP-IND-08055
BC-08056,2026-01-01 19:19:46+00:00,0,IOMT-041,S-IOMT-041-80,RESEARCH,EP-IND-08056
BC-08057,2026-01-01 19:20:06+00:00,0,IOMT-018,S-IOMT-018-81,RESEARCH,EP-IND-08057
BC-08058,2026-01-01 19:20:12+00:00,0,IOMT-005,S-IOMT-005-82,EHR_READ,EP-IND-08058
BC-08059,2026-01-01 19:20:20+00:00,0,IOMT-041,S-IOMT-041-83,EHR_READ,EP-IND-08059
BC-08060,2026-01-01 19:20:22+00:00,0,IOMT-018,S-IOMT-018-84,EHR_WRITE,EP-IND-08060
BC-08061,2026-01-01 19:20:22+00:00,0,IOMT-028,S-IOMT-028-85,EHR_READ,EP-IND-08061
BC-08062,2026-01-01 19:20:24+00:00,0,IOMT-037,S-IOMT-037-86,LAB_RESULTS,EP-IND-08062
BC-08063,2026-01-01 19:20:26+00:00,0,IOMT-027,S-IOMT-027-87,RESEARCH,EP-IND-08063
BC-08064,2026-01-01 19:20:28+00:00,0,IOMT-042,S-IOMT-042-88,LAB_RESULTS,EP-IND-08064
BC-08065,2026-01-01 19:20:31+00:00,0,IOMT-038,S-IOMT-038-89,RESEARCH,EP-IND-08065
BC-08066,2026-01-01 19:20:35+00:00,0,IOMT-024,S-IOMT-024-90,EHR_READ,EP-IND-08066
BC-08067,2026-01-01 19:20:46+00:00,0,IOMT-036,S-IOMT-036-91,IMAGING,EP-IND-08067
BC-08068,2026-01-01 19:20:49+00:00,0,IOMT-011,S-IOMT-011-92,EHR_WRITE,EP-IND-08068
BC-08069,2026-01-01 19:20:58+00:00,0,IOMT-026,S-IOMT-026-93,EHR_READ,EP-IND-08069
BC-08070,2026-01-01 19:21:02+00:00,0,IOMT-042,S-IOMT-042-94,EHR_WRITE,EP-IND-08070
BC-08071,2026-01-01 19:21:06+00:00,0,IOMT-033,S-IOMT-033-95,LAB_RESULTS,EP-IND-08071
BC-08072,2026-01-01 19:21:22+00:00,0,IOMT-038,S-IOMT-038-96,IMAGING,EP-IND-08072
BC-08073,2026-01-01 19:21:26+00:00,0,IOMT-049,S-IOMT-049-97,EHR_READ,EP-IND-08073
BC-08074,2026-01-01 19:21:41+00:00,0,IOMT-005,S-IOMT-005-98,EHR_WRITE,EP-IND-08074
BC-08075,2026-01-01 19:21:42+00:00,0,IOMT-045,S-IOMT-045-99,IMAGING,EP-IND-08075
BC-08076,2026-01-01 19:21:43+00:00,0,IOMT-012,S-IOMT-012-100,IMAGING,EP-IND-08076
BC-08077,2026-01-01 19:21:48+00:00,0,IOMT-003,S-IOMT-003-101,IMAGING,EP-IND-08077
BC-08078,2026-01-01 19:22:26+00:00,0,IOMT-007,S-IOMT-007-102,RESEARCH,EP-IND-08078
BC-08079,2026-01-01 19:22:28+00:00,0,IOMT-011,S-IOMT-011-103,IMAGING,EP-IND-08079
BC-08080,2026-01-01 19:22:42+00:00,0,IOMT-002,S-IOMT-002-104,RESEARCH,EP-IND-08080
BC-08081,2026-01-01 19:22:53+00:00,0,IOMT-040,S-IOMT-040-105,LAB_RESULTS,EP-IND-08081
BC-08082,2026-01-01 19:22:59+00:00,0,IOMT-039,S-IOMT-039-106,LAB_RESULTS,EP-IND-08082
BC-08083,2026-01-01 19:23:05+00:00,0,IOMT-029,S-IOMT-029-107,EHR_READ,EP-IND-08083
BC-08084,2026-01-01 19:23:06+00:00,0,IOMT-049,S-IOMT-049-108,EHR_WRITE,EP-IND-08084
BC-08085,2026-01-01 19:23:22+00:00,0,IOMT-028,S-IOMT-028-109,EHR_WRITE,EP-IND-08085
BC-08086,2026-01-01 19:23:23+00:00,0,IOMT-019,S-IOMT-019-110,EHR_READ,EP-IND-08086
BC-08087,2026-01-01 19:23:24+00:00,0,IOMT-023,S-IOMT-023-111,EHR_WRITE,EP-IND-08087
BC-08088,2026-01-01 19:23:37+00:00,0,IOMT-043,S-IOMT-043-112,RESEARCH,EP-IND-08088
BC-08089,2026-01-01 19:23:39+00:00,0,IOMT-001,S-IOMT-001-113,EHR_READ,EP-IND-08089
BC-08090,2026-01-01 19:23:44+00:00,0,IOMT-047,S-IOMT-047-114,IMAGING,EP-IND-08090
BC-08091,2026-01-01 19:23:51+00:00,0,IOMT-046,S-IOMT-046-115,EHR_WRITE,EP-IND-08091
BC-08092,2026-01-01 19:23:52+00:00,0,IOMT-006,S-IOMT-006-116,EHR_WRITE,EP-IND-08092
BC-08093,2026-01-01 19:24:16+00:00,0,IOMT-035,S-IOMT-035-117,RESEARCH,EP-IND-08093
BC-08094,2026-01-01 19:24:24+00:00,0,IOMT-024,S-IOMT-024-118,IMAGING,EP-IND-08094
BC-08095,2026-01-01 19:24:35+00:00,0,IOMT-012,S-IOMT-012-119,RESEARCH,EP-IND-08095
BC-08096,2026-01-01 19:25:09+00:00,0,IOMT-031,S-IOMT-031-120,IMAGING,EP-IND-08096
BC-08097,2026-01-01 19:25:18+00:00,0,IOMT-032,S-IOMT-032-121,RESEARCH,EP-IND-08097
BC-08098,2026-01-01 19:25:29+00:00,0,IOMT-019,S-IOMT-019-122,LAB_RESULTS,EP-IND-08098
BC-08099,2026-01-01 19:25:46+00:00,0,IOMT-006,S-IOMT-006-123,LAB_RESULTS,EP-IND-08099
BC-08100,2026-01-01 19:25:58+00:00,0,IOMT-020,S-IOMT-020-124,LAB_RESULTS,EP-IND-08100
BC-08101,2026-01-01 19:26:04+00:00,0,IOMT-000,S-IOMT-000-125,IMAGING,EP-IND-08101
BC-08102,2026-01-01 19:26:07+00:00,0,IOMT-036,S-IOMT-036-126,RESEARCH,EP-IND-08102
BC-08103,2026-01-01 19:26:08+00:00,0,IOMT-048,S-IOMT-048-127,RESEARCH,EP-IND-08103
BC-08104,2026-01-01 19:26:17+00:00,0,IOMT-040,S-IOMT-040-128,IMAGING,EP-IND-08104
BC-08105,2026-01-01 19:26:18+00:00,0,IOMT-014,S-IOMT-014-129,EHR_WRITE,EP-IND-08105
BC-08106,2026-01-01 19:26:27+00:00,0,IOMT-042,S-IOMT-042-130,IMAGING,EP-IND-08106
BC-08107,2026-01-01 19:26:28+00:00,0,IOMT-017,S-IOMT-017-131,EHR_WRITE,EP-IND-08107
BC-08108,2026-01-01 19:26:37+00:00,0,IOMT-043,S-IOMT-043-132,EHR_READ,EP-IND-08108
BC-08109,2026-01-01 19:26:37+00:00,0,IOMT-021,S-IOMT-021-133,EHR_WRITE,EP-IND-08109
BC-08110,2026-01-01 19:26:48+00:00,0,IOMT-015,S-IOMT-015-134,RESEARCH,EP-IND-08110
BC-08111,2026-01-01 19:26:56+00:00,0,IOMT-024,S-IOMT-024-135,IMAGING,EP-IND-08111
BC-08112,2026-01-01 19:27:00+00:00,0,IOMT-015,S-IOMT-015-136,EHR_WRITE,EP-IND-08112
BC-08113,2026-01-01 19:27:12+00:00,0,IOMT-042,S-IOMT-042-137,EHR_READ,EP-IND-08113
BC-08114,2026-01-01 19:27:20+00:00,0,IOMT-011,S-IOMT-011-138,IMAGING,EP-IND-08114
BC-08115,2026-01-01 19:27:37+00:00,0,IOMT-028,S-IOMT-028-139,EHR_READ,EP-IND-08115
BC-08116,2026-01-01 19:27:46+00:00,0,IOMT-013,S-IOMT-013-140,EHR_READ,EP-IND-08116
BC-08117,2026-01-01 19:27:46+00:00,0,IOMT-023,S-IOMT-023-141,IMAGING,EP-IND-08117
BC-08118,2026-01-01 19:27:55+00:00,0,IOMT-013,S-IOMT-013-142,EHR_WRITE,EP-IND-08118
BC-08119,2026-01-01 19:27:57+00:00,1,IOMT-034,S-IOMT-034-143,LAB_RESULTS,EP-IND-08119
BC-08120,2026-01-01 19:28:23+00:00,0,IOMT-025,S-IOMT-025-144,EHR_WRITE,EP-IND-08120
BC-08121,2026-01-01 19:28:25+00:00,0,IOMT-042,S-IOMT-042-145,RESEARCH,EP-IND-08121
BC-08122,2026-01-01 19:28:26+00:00,0,IOMT-048,S-IOMT-048-146,LAB_RESULTS,EP-IND-08122
BC-08123,2026-01-01 19:28:34+00:00,0,IOMT-006,S-IOMT-006-147,EHR_WRITE,EP-IND-08123
BC-08124,2026-01-01 19:28:35+00:00,0,IOMT-038,S-IOMT-038-148,IMAGING,EP-IND-08124
BC-08125,2026-01-01 19:28:36+00:00,1,IOMT-010,S-IOMT-010-149,EHR_READ,EP-IND-08125
BC-08126,2026-01-01 19:29:07+00:00,0,IOMT-033,S-IOMT-033-150,EHR_WRITE,EP-IND-08126
BC-08127,2026-01-01 19:29:10+00:00,0,IOMT-036,S-IOMT-036-151,IMAGING,EP-IND-08127
BC-08128,2026-01-01 19:29:13+00:00,0,IOMT-008,S-IOMT-008-152,EHR_WRITE,EP-IND-08128
BC-08129,2026-01-01 19:29:13+00:00,0,IOMT-042,S-IOMT-042-153,EHR_READ,EP-IND-08129
BC-08130,2026-01-01 19:29:22+00:00,0,IOMT-015,S-IOMT-015-154,IMAGING,EP-IND-08130
BC-08131,2026-01-01 19:29:23+00:00,0,IOMT-039,S-IOMT-039-155,IMAGING,EP-IND-08131
BC-08132,2026-01-01 19:29:25+00:00,0,IOMT-016,S-IOMT-016-156,EHR_WRITE,EP-IND-08132
BC-08133,2026-01-01 19:29:32+00:00,0,IOMT-017,S-IOMT-017-157,IMAGING,EP-IND-08133
BC-08134,2026-01-01 19:29:39+00:00,0,IOMT-048,S-IOMT-048-158,RESEARCH,EP-IND-08134
BC-08135,2026-01-01 19:29:46+00:00,0,IOMT-044,S-IOMT-044-159,EHR_READ,EP-IND-08135
BC-08136,2026-01-01 19:29:47+00:00,0,IOMT-038,S-IOMT-038-160,IMAGING,EP-IND-08136
BC-08137,2026-01-01 19:29:58+00:00,0,IOMT-004,S-IOMT-004-161,LAB_RESULTS,EP-IND-08137
BC-08138,2026-01-01 19:30:06+00:00,0,IOMT-003,S-IOMT-003-162,EHR_READ,EP-IND-08138
BC-08139,2026-01-01 19:30:24+00:00,0,IOMT-008,S-IOMT-008-163,EHR_WRITE,EP-IND-08139
BC-08140,2026-01-01 19:30:34+00:00,0,IOMT-006,S-IOMT-006-164,EHR_READ,EP-IND-08140
BC-08141,2026-01-01 19:31:00+00:00,0,IOMT-018,S-IOMT-018-165,RESEARCH,EP-IND-08141
BC-08142,2026-01-01 19:31:04+00:00,0,IOMT-002,S-IOMT-002-166,EHR_WRITE,EP-IND-08142
BC-08143,2026-01-01 19:31:16+00:00,0,IOMT-036,S-IOMT-036-167,IMAGING,EP-IND-08143
BC-08144,2026-01-01 19:31:18+00:00,0,IOMT-019,S-IOMT-019-168,LAB_RESULTS,EP-IND-08144
BC-08145,2026-01-01 19:31:28+00:00,1,IOMT-007,S-IOMT-007-169,LAB_RESULTS,EP-IND-08145
BC-08146,2026-01-01 19:31:51+00:00,0,IOMT-009,S-IOMT-009-170,EHR_WRITE,EP-IND-08146
BC-08147,2026-01-01 19:31:55+00:00,0,IOMT-004,S-IOMT-004-171,IMAGING,EP-IND-08147
BC-08148,2026-01-01 19:32:18+00:00,1,IOMT-021,S-IOMT-021-172,LAB_RESULTS,EP-IND-08148
BC-08149,2026-01-01 19:32:49+00:00,0,IOMT-042,S-IOMT-042-173,EHR_READ,EP-IND-08149
BC-08150,2026-01-01 19:33:06+00:00,0,IOMT-044,S-IOMT-044-174,RESEARCH,EP-IND-08150
BC-08151,2026-01-01 19:33:20+00:00,0,IOMT-033,S-IOMT-033-175,IMAGING,EP-IND-08151
BC-08152,2026-01-01 19:33:27+00:00,0,IOMT-042,S-IOMT-042-176,IMAGING,EP-IND-08152
BC-08153,2026-01-01 19:33:58+00:00,0,IOMT-018,S-IOMT-018-177,EHR_READ,EP-IND-08153
BC-08154,2026-01-01 19:34:01+00:00,0,IOMT-019,S-IOMT-019-178,LAB_RESULTS,EP-IND-08154
BC-08155,2026-01-01 19:34:03+00:00,0,IOMT-049,S-IOMT-049-179,LAB_RESULTS,EP-IND-08155
BC-08156,2026-01-01 19:34:05+00:00,0,IOMT-039,S-IOMT-039-180,EHR_WRITE,EP-IND-08156
BC-08157,2026-01-01 19:34:26+00:00,0,IOMT-005,S-IOMT-005-181,EHR_READ,EP-IND-08157
BC-08158,2026-01-01 19:34:28+00:00,0,IOMT-020,S-IOMT-020-182,LAB_RESULTS,EP-IND-08158
BC-08159,2026-01-01 19:34:29+00:00,0,IOMT-002,S-IOMT-002-183,RESEARCH,EP-IND-08159
BC-08160,2026-01-01 19:34:42+00:00,0,IOMT-040,S-IOMT-040-184,RESEARCH,EP-IND-08160
BC-08161,2026-01-01 19:34:52+00:00,0,IOMT-037,S-IOMT-037-185,EHR_READ,EP-IND-08161
BC-08162,2026-01-01 19:34:53+00:00,0,IOMT-004,S-IOMT-004-186,IMAGING,EP-IND-08162
BC-08163,2026-01-01 19:34:55+00:00,0,IOMT-038,S-IOMT-038-187,LAB_RESULTS,EP-IND-08163
BC-08164,2026-01-01 19:34:58+00:00,0,IOMT-037,S-IOMT-037-188,LAB_RESULTS,EP-IND-08164
BC-08165,2026-01-01 19:35:06+00:00,0,IOMT-048,S-IOMT-048-189,EHR_READ,EP-IND-08165
BC-08166,2026-01-01 19:35:09+00:00,0,IOMT-015,S-IOMT-015-190,EHR_READ,EP-IND-08166
BC-08167,2026-01-01 19:35:12+00:00,0,IOMT-030,S-IOMT-030-191,RESEARCH,EP-IND-08167
BC-08168,2026-01-01 19:35:37+00:00,0,IOMT-023,S-IOMT-023-192,EHR_READ,EP-IND-08168
BC-08169,2026-01-01 19:35:57+00:00,0,IOMT-000,S-IOMT-000-193,EHR_READ,EP-IND-08169
BC-08170,2026-01-01 19:35:57+00:00,0,IOMT-030,S-IOMT-030-194,RESEARCH,EP-IND-08170
BC-08171,2026-01-01 19:36:02+00:00,0,IOMT-027,S-IOMT-027-195,IMAGING,EP-IND-08171
BC-08172,2026-01-01 19:36:41+00:00,0,IOMT-025,S-IOMT-025-196,EHR_READ,EP-IND-08172
BC-08173,2026-01-01 19:36:59+00:00,0,IOMT-013,S-IOMT-013-197,RESEARCH,EP-IND-08173
BC-08174,2026-01-01 19:36:59+00:00,0,IOMT-008,S-IOMT-008-198,LAB_RESULTS,EP-IND-08174
BC-08175,2026-01-01 19:37:15+00:00,0,IOMT-032,S-IOMT-032-199,EHR_WRITE,EP-IND-08175
BC-08176,2026-01-01 19:37:24+00:00,0,IOMT-029,S-IOMT-029-200,IMAGING,EP-IND-08176
BC-08177,2026-01-01 19:37:30+00:00,0,IOMT-012,S-IOMT-012-201,LAB_RESULTS,EP-IND-08177
BC-08178,2026-01-01 19:37:30+00:00,0,IOMT-016,S-IOMT-016-202,LAB_RESULTS,EP-IND-08178
BC-08179,2026-01-01 19:37:31+00:00,0,IOMT-027,S-IOMT-027-203,EHR_WRITE,EP-IND-08179
BC-08180,2026-01-01 19:37:41+00:00,0,IOMT-041,S-IOMT-041-204,IMAGING,EP-IND-08180
BC-08181,2026-01-01 19:37:42+00:00,0,IOMT-012,S-IOMT-012-205,LAB_RESULTS,EP-IND-08181
BC-08182,2026-01-01 19:37:53+00:00,0,IOMT-006,S-IOMT-006-206,LAB_RESULTS,EP-IND-08182
BC-08183,2026-01-01 19:37:58+00:00,0,IOMT-044,S-IOMT-044-207,IMAGING,EP-IND-08183
BC-08184,2026-01-01 19:38:06+00:00,0,IOMT-031,S-IOMT-031-208,EHR_WRITE,EP-IND-08184
BC-08185,2026-01-01 19:38:12+00:00,0,IOMT-027,S-IOMT-027-209,EHR_READ,EP-IND-08185
BC-08186,2026-01-01 19:38:19+00:00,0,IOMT-007,S-IOMT-007-210,EHR_READ,EP-IND-08186
BC-08187,2026-01-01 19:38:20+00:00,0,IOMT-024,S-IOMT-024-211,RESEARCH,EP-IND-08187
BC-08188,2026-01-01 19:38:58+00:00,0,IOMT-024,S-IOMT-024-212,EHR_READ,EP-IND-08188
BC-08189,2026-01-01 19:38:59+00:00,0,IOMT-013,S-IOMT-013-213,EHR_READ,EP-IND-08189
BC-08190,2026-01-01 19:39:00+00:00,0,IOMT-035,S-IOMT-035-214,EHR_READ,EP-IND-08190
BC-08191,2026-01-01 19:39:02+00:00,0,IOMT-011,S-IOMT-011-215,RESEARCH,EP-IND-08191
BC-08192,2026-01-01 19:39:09+00:00,0,IOMT-033,S-IOMT-033-216,EHR_WRITE,EP-IND-08192
BC-08193,2026-01-01 19:39:29+00:00,0,IOMT-016,S-IOMT-016-217,EHR_WRITE,EP-IND-08193
BC-08194,2026-01-01 19:39:52+00:00,0,IOMT-007,S-IOMT-007-218,RESEARCH,EP-IND-08194
BC-08195,2026-01-01 19:39:58+00:00,0,IOMT-033,S-IOMT-033-219,RESEARCH,EP-IND-08195
BC-08196,2026-01-01 19:40:00+00:00,0,IOMT-029,S-IOMT-029-220,LAB_RESULTS,EP-IND-08196
BC-08197,2026-01-01 19:40:45+00:00,0,IOMT-006,S-IOMT-006-221,LAB_RESULTS,EP-IND-08197
BC-08198,2026-01-01 19:40:50+00:00,0,IOMT-020,S-IOMT-020-222,IMAGING,EP-IND-08198
BC-08199,2026-01-01 19:40:57+00:00,0,IOMT-032,S-IOMT-032-223,IMAGING,EP-IND-08199
BC-08200,2026-01-01 19:41:00+00:00,0,IOMT-015,S-IOMT-015-224,RESEARCH,EP-IND-08200
BC-08201,2026-01-01 19:41:00+00:00,0,IOMT-041,S-IOMT-041-225,RESEARCH,EP-IND-08201
BC-08202,2026-01-01 19:41:10+00:00,0,IOMT-000,S-IOMT-000-226,IMAGING,EP-IND-08202
BC-08203,2026-01-01 19:41:16+00:00,0,IOMT-004,S-IOMT-004-227,LAB_RESULTS,EP-IND-08203
BC-08204,2026-01-01 19:41:24+00:00,0,IOMT-032,S-IOMT-032-228,RESEARCH,EP-IND-08204
BC-08205,2026-01-01 19:41:27+00:00,0,IOMT-005,S-IOMT-005-229,LAB_RESULTS,EP-IND-08205
BC-08206,2026-01-01 19:41:37+00:00,0,IOMT-001,S-IOMT-001-230,EHR_WRITE,EP-IND-08206
BC-08207,2026-01-01 19:41:49+00:00,0,IOMT-002,S-IOMT-002-231,IMAGING,EP-IND-08207
BC-08208,2026-01-01 19:41:58+00:00,0,IOMT-028,S-IOMT-028-232,IMAGING,EP-IND-08208
BC-08209,2026-01-01 19:42:02+00:00,0,IOMT-036,S-IOMT-036-233,IMAGING,EP-IND-08209
BC-08210,2026-01-01 19:42:12+00:00,0,IOMT-008,S-IOMT-008-234,LAB_RESULTS,EP-IND-08210
BC-08211,2026-01-01 19:42:16+00:00,0,IOMT-034,S-IOMT-034-235,EHR_READ,EP-IND-08211
BC-08212,2026-01-01 19:42:52+00:00,0,IOMT-029,S-IOMT-029-236,EHR_WRITE,EP-IND-08212
BC-08213,2026-01-01 19:43:04+00:00,0,IOMT-014,S-IOMT-014-237,LAB_RESULTS,EP-IND-08213
BC-08214,2026-01-01 19:43:09+00:00,0,IOMT-040,S-IOMT-040-238,RESEARCH,EP-IND-08214
BC-08215,2026-01-01 19:43:12+00:00,0,IOMT-006,S-IOMT-006-239,EHR_WRITE,EP-IND-08215
BC-08216,2026-01-01 19:43:29+00:00,0,IOMT-008,S-IOMT-008-240,RESEARCH,EP-IND-08216
BC-08217,2026-01-01 19:43:37+00:00,0,IOMT-003,S-IOMT-003-241,EHR_READ,EP-IND-08217
BC-08218,2026-01-01 19:43:50+00:00,0,IOMT-029,S-IOMT-029-242,EHR_WRITE,EP-IND-08218
BC-08219,2026-01-01 19:43:52+00:00,0,IOMT-027,S-IOMT-027-243,RESEARCH,EP-IND-08219
BC-08220,2026-01-01 19:44:09+00:00,0,IOMT-047,S-IOMT-047-244,IMAGING,EP-IND-08220
BC-08221,2026-01-01 19:44:10+00:00,0,IOMT-048,S-IOMT-048-245,EHR_READ,EP-IND-08221
BC-08222,2026-01-01 19:44:11+00:00,0,IOMT-009,S-IOMT-009-246,RESEARCH,EP-IND-08222
BC-08223,2026-01-01 19:44:11+00:00,0,IOMT-000,S-IOMT-000-247,IMAGING,EP-IND-08223
BC-08224,2026-01-01 19:44:12+00:00,0,IOMT-020,S-IOMT-020-248,EHR_WRITE,EP-IND-08224
BC-08225,2026-01-01 19:44:17+00:00,0,IOMT-008,S-IOMT-008-249,IMAGING,EP-IND-08225
BC-08226,2026-01-01 19:44:25+00:00,0,IOMT-023,S-IOMT-023-250,IMAGING,EP-IND-08226
BC-08227,2026-01-01 19:44:26+00:00,0,IOMT-011,S-IOMT-011-251,EHR_WRITE,EP-IND-08227
BC-08228,2026-01-01 19:44:33+00:00,0,IOMT-034,S-IOMT-034-252,RESEARCH,EP-IND-08228
BC-08229,2026-01-01 19:44:33+00:00,0,IOMT-009,S-IOMT-009-253,EHR_READ,EP-IND-08229
BC-08230,2026-01-01 19:44:42+00:00,0,IOMT-007,S-IOMT-007-254,EHR_WRITE,EP-IND-08230
BC-08231,2026-01-01 19:44:46+00:00,0,IOMT-018,S-IOMT-018-255,IMAGING,EP-IND-08231
BC-08232,2026-01-01 19:45:04+00:00,0,IOMT-029,S-IOMT-029-256,IMAGING,EP-IND-08232
BC-08233,2026-01-01 19:45:06+00:00,0,IOMT-039,S-IOMT-039-257,RESEARCH,EP-IND-08233
BC-08234,2026-01-01 19:45:10+00:00,0,IOMT-045,S-IOMT-045-258,IMAGING,EP-IND-08234
BC-08235,2026-01-01 19:45:16+00:00,0,IOMT-006,S-IOMT-006-259,IMAGING,EP-IND-08235
BC-08236,2026-01-01 19:45:32+00:00,0,IOMT-039,S-IOMT-039-260,EHR_WRITE,EP-IND-08236
BC-08237,2026-01-01 19:45:45+00:00,0,IOMT-037,S-IOMT-037-261,EHR_READ,EP-IND-08237
BC-08238,2026-01-01 19:45:53+00:00,0,IOMT-046,S-IOMT-046-262,EHR_READ,EP-IND-08238
BC-08239,2026-01-01 19:46:03+00:00,0,IOMT-007,S-IOMT-007-263,LAB_RESULTS,EP-IND-08239
BC-08240,2026-01-01 19:46:13+00:00,0,IOMT-045,S-IOMT-045-264,IMAGING,EP-IND-08240
BC-08241,2026-01-01 19:46:26+00:00,0,IOMT-017,S-IOMT-017-265,EHR_WRITE,EP-IND-08241
BC-08242,2026-01-01 19:46:44+00:00,0,IOMT-005,S-IOMT-005-266,RESEARCH,EP-IND-08242
BC-08243,2026-01-01 19:47:07+00:00,0,IOMT-031,S-IOMT-031-267,EHR_READ,EP-IND-08243
BC-08244,2026-01-01 19:47:09+00:00,0,IOMT-031,S-IOMT-031-268,LAB_RESULTS,EP-IND-08244
BC-08245,2026-01-01 19:47:19+00:00,0,IOMT-041,S-IOMT-041-269,IMAGING,EP-IND-08245
BC-08246,2026-01-01 19:47:20+00:00,0,IOMT-034,S-IOMT-034-270,IMAGING,EP-IND-08246
BC-08247,2026-01-01 19:47:22+00:00,0,IOMT-025,S-IOMT-025-271,LAB_RESULTS,EP-IND-08247
BC-08248,2026-01-01 19:47:24+00:00,0,IOMT-025,S-IOMT-025-272,LAB_RESULTS,EP-IND-08248
BC-08249,2026-01-01 19:47:41+00:00,0,IOMT-020,S-IOMT-020-273,IMAGING,EP-IND-08249
BC-08250,2026-01-01 19:47:50+00:00,0,IOMT-039,S-IOMT-039-274,EHR_READ,EP-IND-08250
BC-08251,2026-01-01 19:47:56+00:00,0,IOMT-003,S-IOMT-003-275,EHR_WRITE,EP-IND-08251
BC-08252,2026-01-01 19:47:57+00:00,0,IOMT-021,S-IOMT-021-276,LAB_RESULTS,EP-IND-08252
BC-08253,2026-01-01 19:48:14+00:00,0,IOMT-022,S-IOMT-022-277,EHR_WRITE,EP-IND-08253
BC-08254,2026-01-01 19:48:21+00:00,0,IOMT-007,S-IOMT-007-278,EHR_READ,EP-IND-08254
BC-08255,2026-01-01 19:48:33+00:00,0,IOMT-009,S-IOMT-009-279,IMAGING,EP-IND-08255
BC-08256,2026-01-01 19:48:38+00:00,0,IOMT-049,S-IOMT-049-280,RESEARCH,EP-IND-08256
BC-08257,2026-01-01 19:48:38+00:00,0,IOMT-036,S-IOMT-036-281,LAB_RESULTS,EP-IND-08257
BC-08258,2026-01-01 19:48:49+00:00,0,IOMT-015,S-IOMT-015-282,IMAGING,EP-IND-08258
BC-08259,2026-01-01 19:49:27+00:00,0,IOMT-004,S-IOMT-004-283,EHR_READ,EP-IND-08259
BC-08260,2026-01-01 19:49:27+00:00,0,IOMT-002,S-IOMT-002-284,IMAGING,EP-IND-08260
BC-08261,2026-01-01 19:49:45+00:00,0,IOMT-043,S-IOMT-043-285,EHR_READ,EP-IND-08261
BC-08262,2026-01-01 19:49:48+00:00,0,IOMT-028,S-IOMT-028-286,IMAGING,EP-IND-08262
BC-08263,2026-01-01 19:49:50+00:00,0,IOMT-039,S-IOMT-039-287,EHR_READ,EP-IND-08263
BC-08264,2026-01-01 19:49:56+00:00,0,IOMT-047,S-IOMT-047-288,LAB_RESULTS,EP-IND-08264
BC-08265,2026-01-01 19:50:07+00:00,0,IOMT-039,S-IOMT-039-289,RESEARCH,EP-IND-08265
BC-08266,2026-01-01 19:50:11+00:00,0,IOMT-044,S-IOMT-044-290,IMAGING,EP-IND-08266
BC-08267,2026-01-01 19:50:23+00:00,0,IOMT-033,S-IOMT-033-291,LAB_RESULTS,EP-IND-08267
BC-08268,2026-01-01 19:50:23+00:00,1,IOMT-007,S-IOMT-007-292,LAB_RESULTS,EP-IND-08268
BC-08269,2026-01-01 19:50:27+00:00,0,IOMT-012,S-IOMT-012-293,EHR_READ,EP-IND-08269
BC-08270,2026-01-01 19:50:32+00:00,0,IOMT-043,S-IOMT-043-294,LAB_RESULTS,EP-IND-08270
BC-08271,2026-01-01 19:50:35+00:00,0,IOMT-031,S-IOMT-031-295,RESEARCH,EP-IND-08271
BC-08272,2026-01-01 19:50:44+00:00,0,IOMT-040,S-IOMT-040-296,RESEARCH,EP-IND-08272
BC-08273,2026-01-01 19:50:52+00:00,0,IOMT-007,S-IOMT-007-297,EHR_WRITE,EP-IND-08273
BC-08274,2026-01-01 19:50:54+00:00,0,IOMT-013,S-IOMT-013-298,LAB_RESULTS,EP-IND-08274
BC-08275,2026-01-01 19:50:55+00:00,0,IOMT-043,S-IOMT-043-299,LAB_RESULTS,EP-IND-08275
BC-08276,2026-01-01 19:50:57+00:00,0,IOMT-020,S-IOMT-020-300,LAB_RESULTS,EP-IND-08276
BC-08277,2026-01-01 19:51:16+00:00,0,IOMT-037,S-IOMT-037-301,EHR_WRITE,EP-IND-08277
BC-08278,2026-01-01 19:51:17+00:00,0,IOMT-021,S-IOMT-021-302,EHR_READ,EP-IND-08278
BC-08279,2026-01-01 19:51:27+00:00,0,IOMT-047,S-IOMT-047-303,EHR_WRITE,EP-IND-08279
BC-08280,2026-01-01 19:51:34+00:00,0,IOMT-040,S-IOMT-040-304,LAB_RESULTS,EP-IND-08280
BC-08281,2026-01-01 19:51:37+00:00,0,IOMT-029,S-IOMT-029-305,RESEARCH,EP-IND-08281
BC-08282,2026-01-01 19:51:39+00:00,0,IOMT-007,S-IOMT-007-306,EHR_WRITE,EP-IND-08282
BC-08283,2026-01-01 19:51:39+00:00,0,IOMT-046,S-IOMT-046-307,RESEARCH,EP-IND-08283
BC-08284,2026-01-01 19:51:49+00:00,0,IOMT-032,S-IOMT-032-308,LAB_RESULTS,EP-IND-08284
BC-08285,2026-01-01 19:51:49+00:00,0,IOMT-019,S-IOMT-019-309,LAB_RESULTS,EP-IND-08285
BC-08286,2026-01-01 19:51:49+00:00,0,IOMT-028,S-IOMT-028-310,RESEARCH,EP-IND-08286
BC-08287,2026-01-01 19:51:51+00:00,0,IOMT-014,S-IOMT-014-311,LAB_RESULTS,EP-IND-08287
BC-08288,2026-01-01 19:52:01+00:00,0,IOMT-003,S-IOMT-003-312,IMAGING,EP-IND-08288
BC-08289,2026-01-01 19:52:04+00:00,0,IOMT-029,S-IOMT-029-313,EHR_WRITE,EP-IND-08289
BC-08290,2026-01-01 19:52:09+00:00,0,IOMT-010,S-IOMT-010-314,EHR_READ,EP-IND-08290
BC-08291,2026-01-01 19:52:20+00:00,0,IOMT-044,S-IOMT-044-315,RESEARCH,EP-IND-08291
BC-08292,2026-01-01 19:52:27+00:00,0,IOMT-021,S-IOMT-021-316,IMAGING,EP-IND-08292
BC-08293,2026-01-01 19:52:38+00:00,0,IOMT-037,S-IOMT-037-317,IMAGING,EP-IND-08293
BC-08294,2026-01-01 19:52:51+00:00,0,IOMT-015,S-IOMT-015-318,LAB_RESULTS,EP-IND-08294
BC-08295,2026-01-01 19:52:55+00:00,0,IOMT-022,S-IOMT-022-319,EHR_WRITE,EP-IND-08295
BC-08296,2026-01-01 19:52:59+00:00,0,IOMT-046,S-IOMT-046-320,LAB_RESULTS,EP-IND-08296
BC-08297,2026-01-01 19:53:42+00:00,0,IOMT-021,S-IOMT-021-321,RESEARCH,EP-IND-08297
BC-08298,2026-01-01 19:53:48+00:00,0,IOMT-021,S-IOMT-021-322,RESEARCH,EP-IND-08298
BC-08299,2026-01-01 19:54:20+00:00,1,IOMT-001,S-IOMT-001-323,EHR_READ,EP-IND-08299
BC-08300,2026-01-01 19:54:22+00:00,0,IOMT-009,S-IOMT-009-324,RESEARCH,EP-IND-08300
BC-08301,2026-01-01 19:54:28+00:00,0,IOMT-027,S-IOMT-027-325,RESEARCH,EP-IND-08301
BC-08302,2026-01-01 19:55:04+00:00,0,IOMT-039,S-IOMT-039-326,RESEARCH,EP-IND-08302
BC-08303,2026-01-01 19:55:05+00:00,0,IOMT-028,S-IOMT-028-327,EHR_WRITE,EP-IND-08303
BC-08304,2026-01-01 19:55:05+00:00,0,IOMT-046,S-IOMT-046-328,LAB_RESULTS,EP-IND-08304
BC-08305,2026-01-01 19:55:11+00:00,1,IOMT-049,S-IOMT-049-329,EHR_WRITE,EP-IND-08305
BC-08306,2026-01-01 19:55:18+00:00,0,IOMT-028,S-IOMT-028-330,EHR_READ,EP-IND-08306
BC-08307,2026-01-01 19:55:31+00:00,0,IOMT-009,S-IOMT-009-331,EHR_READ,EP-IND-08307
BC-08308,2026-01-01 19:55:32+00:00,0,IOMT-000,S-IOMT-000-332,EHR_READ,EP-IND-08308
BC-08309,2026-01-01 19:56:15+00:00,0,IOMT-044,S-IOMT-044-333,RESEARCH,EP-IND-08309
BC-08310,2026-01-01 19:56:19+00:00,0,IOMT-013,S-IOMT-013-334,IMAGING,EP-IND-08310
BC-08311,2026-01-01 19:56:23+00:00,0,IOMT-025,S-IOMT-025-335,IMAGING,EP-IND-08311
BC-08312,2026-01-01 19:56:39+00:00,0,IOMT-010,S-IOMT-010-336,RESEARCH,EP-IND-08312
BC-08313,2026-01-01 19:56:50+00:00,0,IOMT-010,S-IOMT-010-337,EHR_WRITE,EP-IND-08313
BC-08314,2026-01-01 19:57:00+00:00,0,IOMT-013,S-IOMT-013-338,LAB_RESULTS,EP-IND-08314
BC-08315,2026-01-01 19:57:03+00:00,0,IOMT-027,S-IOMT-027-339,IMAGING,EP-IND-08315
BC-08316,2026-01-01 19:57:10+00:00,0,IOMT-008,S-IOMT-008-340,IMAGING,EP-IND-08316
BC-08317,2026-01-01 19:57:35+00:00,0,IOMT-033,S-IOMT-033-341,IMAGING,EP-IND-08317
BC-08318,2026-01-01 19:57:44+00:00,0,IOMT-006,S-IOMT-006-342,EHR_READ,EP-IND-08318
BC-08319,2026-01-01 19:57:46+00:00,0,IOMT-010,S-IOMT-010-343,LAB_RESULTS,EP-IND-08319
BC-08320,2026-01-01 19:58:04+00:00,0,IOMT-041,S-IOMT-041-344,EHR_WRITE,EP-IND-08320
BC-08321,2026-01-01 19:58:04+00:00,0,IOMT-049,S-IOMT-049-345,IMAGING,EP-IND-08321
BC-08322,2026-01-01 19:58:19+00:00,0,IOMT-002,S-IOMT-002-346,IMAGING,EP-IND-08322
BC-08323,2026-01-01 19:58:20+00:00,0,IOMT-044,S-IOMT-044-347,LAB_RESULTS,EP-IND-08323
BC-08324,2026-01-01 19:58:42+00:00,0,IOMT-011,S-IOMT-011-348,EHR_READ,EP-IND-08324
BC-08325,2026-01-01 19:58:48+00:00,0,IOMT-037,S-IOMT-037-349,IMAGING,EP-IND-08325
BC-08326,2026-01-01 19:58:50+00:00,0,IOMT-034,S-IOMT-034-350,IMAGING,EP-IND-08326
BC-08327,2026-01-01 19:59:05+00:00,0,IOMT-028,S-IOMT-028-351,RESEARCH,EP-IND-08327
BC-08328,2026-01-01 19:59:10+00:00,0,IOMT-029,S-IOMT-029-352,EHR_READ,EP-IND-08328
BC-08329,2026-01-01 19:59:16+00:00,0,IOMT-047,S-IOMT-047-353,RESEARCH,EP-IND-08329
BC-08330,2026-01-01 19:59:17+00:00,0,IOMT-013,S-IOMT-013-354,EHR_WRITE,EP-IND-08330
BC-08331,2026-01-01 19:59:26+00:00,0,IOMT-046,S-IOMT-046-355,EHR_WRITE,EP-IND-08331
BC-08332,2026-01-01 19:59:35+00:00,0,IOMT-001,S-IOMT-001-356,IMAGING,EP-IND-08332
BC-08333,2026-01-01 19:59:48+00:00,0,IOMT-038,S-IOMT-038-357,EHR_READ,EP-IND-08333
BC-08334,2026-01-01 20:00:01+00:00,0,IOMT-004,S-IOMT-004-358,EHR_WRITE,EP-IND-08334
BC-08335,2026-01-01 20:00:09+00:00,0,IOMT-007,S-IOMT-007-359,EHR_WRITE,EP-IND-08335
BC-08336,2026-01-01 20:00:19+00:00,0,IOMT-019,S-IOMT-019-360,EHR_READ,EP-IND-08336
BC-08337,2026-01-01 20:00:21+00:00,0,IOMT-048,S-IOMT-048-361,IMAGING,EP-IND-08337
BC-08338,2026-01-01 20:00:22+00:00,0,IOMT-042,S-IOMT-042-362,RESEARCH,EP-IND-08338
BC-08339,2026-01-01 20:00:22+00:00,0,IOMT-039,S-IOMT-039-363,LAB_RESULTS,EP-IND-08339
BC-08340,2026-01-01 20:00:23+00:00,0,IOMT-022,S-IOMT-022-364,RESEARCH,EP-IND-08340
BC-08341,2026-01-01 20:00:38+00:00,0,IOMT-049,S-IOMT-049-365,RESEARCH,EP-IND-08341
BC-08342,2026-01-01 20:00:47+00:00,0,IOMT-027,S-IOMT-027-366,RESEARCH,EP-IND-08342
BC-08343,2026-01-01 20:00:55+00:00,0,IOMT-001,S-IOMT-001-367,IMAGING,EP-IND-08343
BC-08344,2026-01-01 20:00:56+00:00,0,IOMT-020,S-IOMT-020-368,EHR_WRITE,EP-IND-08344
BC-08345,2026-01-01 20:01:07+00:00,0,IOMT-020,S-IOMT-020-369,EHR_READ,EP-IND-08345
BC-08346,2026-01-01 20:01:19+00:00,0,IOMT-038,S-IOMT-038-370,IMAGING,EP-IND-08346
BC-08347,2026-01-01 20:01:40+00:00,0,IOMT-029,S-IOMT-029-371,RESEARCH,EP-IND-08347
BC-08348,2026-01-01 20:01:40+00:00,0,IOMT-003,S-IOMT-003-372,EHR_READ,EP-IND-08348
BC-08349,2026-01-01 20:01:50+00:00,0,IOMT-042,S-IOMT-042-373,RESEARCH,EP-IND-08349
BC-08350,2026-01-01 20:01:57+00:00,0,IOMT-033,S-IOMT-033-374,LAB_RESULTS,EP-IND-08350
BC-08351,2026-01-01 20:02:24+00:00,0,IOMT-012,S-IOMT-012-375,RESEARCH,EP-IND-08351
BC-08352,2026-01-01 20:02:31+00:00,0,IOMT-028,S-IOMT-028-376,IMAGING,EP-IND-08352
BC-08353,2026-01-01 20:02:34+00:00,0,IOMT-036,S-IOMT-036-377,EHR_WRITE,EP-IND-08353
BC-08354,2026-01-01 20:02:42+00:00,0,IOMT-023,S-IOMT-023-378,IMAGING,EP-IND-08354
BC-08355,2026-01-01 20:02:46+00:00,0,IOMT-005,S-IOMT-005-379,RESEARCH,EP-IND-08355
BC-08356,2026-01-01 20:02:47+00:00,0,IOMT-011,S-IOMT-011-380,IMAGING,EP-IND-08356
BC-08357,2026-01-01 20:02:49+00:00,0,IOMT-032,S-IOMT-032-381,IMAGING,EP-IND-08357
BC-08358,2026-01-01 20:02:51+00:00,0,IOMT-006,S-IOMT-006-382,EHR_READ,EP-IND-08358
BC-08359,2026-01-01 20:02:54+00:00,0,IOMT-004,S-IOMT-004-383,IMAGING,EP-IND-08359
BC-08360,2026-01-01 20:02:55+00:00,0,IOMT-035,S-IOMT-035-384,RESEARCH,EP-IND-08360
BC-08361,2026-01-01 20:03:00+00:00,0,IOMT-044,S-IOMT-044-385,IMAGING,EP-IND-08361
BC-08362,2026-01-01 20:03:04+00:00,0,IOMT-042,S-IOMT-042-386,IMAGING,EP-IND-08362
BC-08363,2026-01-01 20:03:08+00:00,0,IOMT-011,S-IOMT-011-387,RESEARCH,EP-IND-08363
BC-08364,2026-01-01 20:03:15+00:00,0,IOMT-003,S-IOMT-003-388,LAB_RESULTS,EP-IND-08364
BC-08365,2026-01-01 20:03:33+00:00,0,IOMT-019,S-IOMT-019-389,EHR_READ,EP-IND-08365
BC-08366,2026-01-01 20:03:36+00:00,0,IOMT-042,S-IOMT-042-390,LAB_RESULTS,EP-IND-08366
BC-08367,2026-01-01 20:03:44+00:00,0,IOMT-030,S-IOMT-030-391,EHR_READ,EP-IND-08367
BC-08368,2026-01-01 20:03:52+00:00,0,IOMT-011,S-IOMT-011-392,EHR_READ,EP-IND-08368
BC-08369,2026-01-01 20:03:55+00:00,0,IOMT-018,S-IOMT-018-393,RESEARCH,EP-IND-08369
BC-08370,2026-01-01 20:04:06+00:00,0,IOMT-044,S-IOMT-044-394,IMAGING,EP-IND-08370
BC-08371,2026-01-01 20:04:13+00:00,0,IOMT-042,S-IOMT-042-395,IMAGING,EP-IND-08371
BC-08372,2026-01-01 20:04:35+00:00,0,IOMT-013,S-IOMT-013-396,EHR_WRITE,EP-IND-08372
BC-08373,2026-01-01 20:04:40+00:00,0,IOMT-017,S-IOMT-017-397,LAB_RESULTS,EP-IND-08373
BC-08374,2026-01-01 20:04:44+00:00,0,IOMT-013,S-IOMT-013-398,EHR_READ,EP-IND-08374
BC-08375,2026-01-01 20:04:47+00:00,0,IOMT-033,S-IOMT-033-399,RESEARCH,EP-IND-08375
BC-08376,2026-01-01 20:05:03+00:00,1,IOMT-022,S-IOMT-022-400,RESEARCH,EP-IND-08376
BC-08377,2026-01-01 20:05:25+00:00,0,IOMT-044,S-IOMT-044-401,IMAGING,EP-IND-08377
BC-08378,2026-01-01 20:05:31+00:00,0,IOMT-006,S-IOMT-006-402,LAB_RESULTS,EP-IND-08378
BC-08379,2026-01-01 20:05:48+00:00,0,IOMT-005,S-IOMT-005-403,RESEARCH,EP-IND-08379
BC-08380,2026-01-01 20:05:57+00:00,0,IOMT-027,S-IOMT-027-404,RESEARCH,EP-IND-08380
BC-08381,2026-01-01 20:06:43+00:00,0,IOMT-049,S-IOMT-049-405,EHR_READ,EP-IND-08381
BC-08382,2026-01-01 20:06:47+00:00,0,IOMT-000,S-IOMT-000-406,RESEARCH,EP-IND-08382
BC-08383,2026-01-01 20:07:01+00:00,0,IOMT-006,S-IOMT-006-407,EHR_WRITE,EP-IND-08383
BC-08384,2026-01-01 20:07:10+00:00,0,IOMT-014,S-IOMT-014-408,LAB_RESULTS,EP-IND-08384
BC-08385,2026-01-01 20:07:13+00:00,0,IOMT-040,S-IOMT-040-409,IMAGING,EP-IND-08385
BC-08386,2026-01-01 20:07:40+00:00,0,IOMT-021,S-IOMT-021-410,EHR_WRITE,EP-IND-08386
BC-08387,2026-01-01 20:07:42+00:00,0,IOMT-034,S-IOMT-034-411,EHR_READ,EP-IND-08387
BC-08388,2026-01-01 20:07:48+00:00,0,IOMT-009,S-IOMT-009-412,LAB_RESULTS,EP-IND-08388
BC-08389,2026-01-01 20:07:54+00:00,0,IOMT-015,S-IOMT-015-413,EHR_READ,EP-IND-08389
BC-08390,2026-01-01 20:08:05+00:00,0,IOMT-037,S-IOMT-037-414,EHR_WRITE,EP-IND-08390
BC-08391,2026-01-01 20:08:07+00:00,0,IOMT-045,S-IOMT-045-415,EHR_WRITE,EP-IND-08391
BC-08392,2026-01-01 20:08:12+00:00,0,IOMT-003,S-IOMT-003-416,LAB_RESULTS,EP-IND-08392
BC-08393,2026-01-01 20:08:23+00:00,0,IOMT-025,S-IOMT-025-417,IMAGING,EP-IND-08393
BC-08394,2026-01-01 20:08:54+00:00,0,IOMT-007,S-IOMT-007-418,EHR_WRITE,EP-IND-08394
BC-08395,2026-01-01 20:08:57+00:00,0,IOMT-018,S-IOMT-018-419,RESEARCH,EP-IND-08395
BC-08396,2026-01-01 20:09:02+00:00,0,IOMT-023,S-IOMT-023-420,RESEARCH,EP-IND-08396
BC-08397,2026-01-01 20:09:03+00:00,0,IOMT-033,S-IOMT-033-421,EHR_READ,EP-IND-08397
BC-08398,2026-01-01 20:09:10+00:00,1,IOMT-009,S-IOMT-009-422,EHR_WRITE,EP-IND-08398
BC-08399,2026-01-01 20:09:12+00:00,0,IOMT-013,S-IOMT-013-423,IMAGING,EP-IND-08399
BC-08400,2026-01-01 20:09:15+00:00,0,IOMT-042,S-IOMT-042-424,LAB_RESULTS,EP-IND-08400
BC-08401,2026-01-01 20:09:16+00:00,0,IOMT-000,S-IOMT-000-425,LAB_RESULTS,EP-IND-08401
BC-08402,2026-01-01 20:09:28+00:00,0,IOMT-016,S-IOMT-016-426,EHR_WRITE,EP-IND-08402
BC-08403,2026-01-01 20:09:36+00:00,0,IOMT-030,S-IOMT-030-427,EHR_READ,EP-IND-08403
BC-08404,2026-01-01 20:09:39+00:00,0,IOMT-045,S-IOMT-045-428,EHR_WRITE,EP-IND-08404
BC-08405,2026-01-01 20:09:39+00:00,0,IOMT-009,S-IOMT-009-429,EHR_WRITE,EP-IND-08405
BC-08406,2026-01-01 20:09:51+00:00,0,IOMT-000,S-IOMT-000-430,EHR_READ,EP-IND-08406
BC-08407,2026-01-01 20:10:17+00:00,0,IOMT-007,S-IOMT-007-431,EHR_WRITE,EP-IND-08407
BC-08408,2026-01-01 20:10:20+00:00,0,IOMT-047,S-IOMT-047-432,RESEARCH,EP-IND-08408
BC-08409,2026-01-01 20:10:38+00:00,0,IOMT-017,S-IOMT-017-433,EHR_WRITE,EP-IND-08409
BC-08410,2026-01-01 20:10:41+00:00,0,IOMT-019,S-IOMT-019-434,EHR_WRITE,EP-IND-08410
BC-08411,2026-01-01 20:10:42+00:00,0,IOMT-004,S-IOMT-004-435,IMAGING,EP-IND-08411
BC-08412,2026-01-01 20:11:00+00:00,0,IOMT-038,S-IOMT-038-436,EHR_READ,EP-IND-08412
BC-08413,2026-01-01 20:11:12+00:00,0,IOMT-034,S-IOMT-034-437,LAB_RESULTS,EP-IND-08413
BC-08414,2026-01-01 20:11:16+00:00,0,IOMT-015,S-IOMT-015-438,LAB_RESULTS,EP-IND-08414
BC-08415,2026-01-01 20:11:24+00:00,0,IOMT-047,S-IOMT-047-439,LAB_RESULTS,EP-IND-08415
BC-08416,2026-01-01 20:11:26+00:00,0,IOMT-022,S-IOMT-022-440,EHR_WRITE,EP-IND-08416
BC-08417,2026-01-01 20:11:39+00:00,0,IOMT-032,S-IOMT-032-441,EHR_WRITE,EP-IND-08417
BC-08418,2026-01-01 20:12:04+00:00,0,IOMT-039,S-IOMT-039-442,IMAGING,EP-IND-08418
BC-08419,2026-01-01 20:12:15+00:00,0,IOMT-012,S-IOMT-012-443,RESEARCH,EP-IND-08419
BC-08420,2026-01-01 20:12:15+00:00,0,IOMT-035,S-IOMT-035-444,EHR_READ,EP-IND-08420
BC-08421,2026-01-01 20:12:19+00:00,0,IOMT-043,S-IOMT-043-445,IMAGING,EP-IND-08421
BC-08422,2026-01-01 20:12:21+00:00,0,IOMT-001,S-IOMT-001-446,EHR_WRITE,EP-IND-08422
BC-08423,2026-01-01 20:12:23+00:00,0,IOMT-008,S-IOMT-008-447,LAB_RESULTS,EP-IND-08423
BC-08424,2026-01-01 20:12:26+00:00,0,IOMT-035,S-IOMT-035-448,EHR_WRITE,EP-IND-08424
BC-08425,2026-01-01 20:12:32+00:00,0,IOMT-008,S-IOMT-008-449,EHR_WRITE,EP-IND-08425
BC-08426,2026-01-01 20:12:33+00:00,0,IOMT-031,S-IOMT-031-450,RESEARCH,EP-IND-08426
BC-08427,2026-01-01 20:12:38+00:00,0,IOMT-014,S-IOMT-014-451,EHR_READ,EP-IND-08427
BC-08428,2026-01-01 20:12:45+00:00,0,IOMT-047,S-IOMT-047-452,LAB_RESULTS,EP-IND-08428
BC-08429,2026-01-01 20:12:46+00:00,0,IOMT-015,S-IOMT-015-453,LAB_RESULTS,EP-IND-08429
BC-08430,2026-01-01 20:12:53+00:00,0,IOMT-033,S-IOMT-033-454,RESEARCH,EP-IND-08430
BC-08431,2026-01-01 20:13:03+00:00,0,IOMT-036,S-IOMT-036-455,IMAGING,EP-IND-08431
BC-08432,2026-01-01 20:13:04+00:00,0,IOMT-022,S-IOMT-022-456,RESEARCH,EP-IND-08432
BC-08433,2026-01-01 20:13:14+00:00,0,IOMT-020,S-IOMT-020-457,EHR_WRITE,EP-IND-08433
BC-08434,2026-01-01 20:13:25+00:00,0,IOMT-014,S-IOMT-014-458,EHR_READ,EP-IND-08434
BC-08435,2026-01-01 20:13:26+00:00,0,IOMT-016,S-IOMT-016-459,RESEARCH,EP-IND-08435
BC-08436,2026-01-01 20:13:34+00:00,0,IOMT-011,S-IOMT-011-460,LAB_RESULTS,EP-IND-08436
BC-08437,2026-01-01 20:13:39+00:00,0,IOMT-027,S-IOMT-027-461,IMAGING,EP-IND-08437
BC-08438,2026-01-01 20:13:40+00:00,0,IOMT-010,S-IOMT-010-462,EHR_READ,EP-IND-08438
BC-08439,2026-01-01 20:13:45+00:00,0,IOMT-043,S-IOMT-043-463,EHR_WRITE,EP-IND-08439
BC-08440,2026-01-01 20:13:52+00:00,0,IOMT-046,S-IOMT-046-464,EHR_READ,EP-IND-08440
BC-08441,2026-01-01 20:14:06+00:00,0,IOMT-032,S-IOMT-032-465,LAB_RESULTS,EP-IND-08441
BC-08442,2026-01-01 20:14:15+00:00,0,IOMT-001,S-IOMT-001-466,EHR_WRITE,EP-IND-08442
BC-08443,2026-01-01 20:14:18+00:00,0,IOMT-012,S-IOMT-012-467,EHR_READ,EP-IND-08443
BC-08444,2026-01-01 20:14:20+00:00,0,IOMT-020,S-IOMT-020-468,EHR_READ,EP-IND-08444
BC-08445,2026-01-01 20:14:23+00:00,0,IOMT-038,S-IOMT-038-469,EHR_WRITE,EP-IND-08445
BC-08446,2026-01-01 20:14:52+00:00,0,IOMT-047,S-IOMT-047-470,LAB_RESULTS,EP-IND-08446
BC-08447,2026-01-01 20:14:59+00:00,0,IOMT-029,S-IOMT-029-471,EHR_READ,EP-IND-08447
BC-08448,2026-01-01 20:15:08+00:00,0,IOMT-006,S-IOMT-006-472,EHR_READ,EP-IND-08448
BC-08449,2026-01-01 20:15:16+00:00,0,IOMT-033,S-IOMT-033-473,RESEARCH,EP-IND-08449
BC-08450,2026-01-01 20:15:16+00:00,0,IOMT-002,S-IOMT-002-474,EHR_WRITE,EP-IND-08450
BC-08451,2026-01-01 20:15:23+00:00,0,IOMT-015,S-IOMT-015-475,EHR_READ,EP-IND-08451
BC-08452,2026-01-01 20:15:25+00:00,0,IOMT-042,S-IOMT-042-476,LAB_RESULTS,EP-IND-08452
BC-08453,2026-01-01 20:15:28+00:00,0,IOMT-013,S-IOMT-013-477,EHR_READ,EP-IND-08453
BC-08454,2026-01-01 20:15:34+00:00,0,IOMT-012,S-IOMT-012-478,RESEARCH,EP-IND-08454
BC-08455,2026-01-01 20:15:36+00:00,0,IOMT-026,S-IOMT-026-479,IMAGING,EP-IND-08455
BC-08456,2026-01-01 20:15:43+00:00,0,IOMT-031,S-IOMT-031-480,EHR_WRITE,EP-IND-08456
BC-08457,2026-01-01 20:15:46+00:00,0,IOMT-049,S-IOMT-049-481,EHR_WRITE,EP-IND-08457
BC-08458,2026-01-01 20:16:07+00:00,1,IOMT-005,S-IOMT-005-482,LAB_RESULTS,EP-IND-08458
BC-08459,2026-01-01 20:16:34+00:00,0,IOMT-005,S-IOMT-005-483,IMAGING,EP-IND-08459
BC-08460,2026-01-01 20:16:40+00:00,0,IOMT-026,S-IOMT-026-484,EHR_WRITE,EP-IND-08460
BC-08461,2026-01-01 20:17:01+00:00,0,IOMT-040,S-IOMT-040-485,EHR_WRITE,EP-IND-08461
BC-08462,2026-01-01 20:17:21+00:00,0,IOMT-014,S-IOMT-014-486,LAB_RESULTS,EP-IND-08462
BC-08463,2026-01-01 20:17:25+00:00,0,IOMT-026,S-IOMT-026-487,LAB_RESULTS,EP-IND-08463
BC-08464,2026-01-01 20:17:33+00:00,0,IOMT-043,S-IOMT-043-488,EHR_WRITE,EP-IND-08464
BC-08465,2026-01-01 20:17:55+00:00,0,IOMT-026,S-IOMT-026-489,EHR_WRITE,EP-IND-08465
BC-08466,2026-01-01 20:18:21+00:00,0,IOMT-034,S-IOMT-034-490,RESEARCH,EP-IND-08466
BC-08467,2026-01-01 20:18:24+00:00,0,IOMT-002,S-IOMT-002-491,EHR_WRITE,EP-IND-08467
BC-08468,2026-01-01 20:18:58+00:00,0,IOMT-013,S-IOMT-013-492,EHR_WRITE,EP-IND-08468
BC-08469,2026-01-01 20:19:20+00:00,0,IOMT-048,S-IOMT-048-493,IMAGING,EP-IND-08469
BC-08470,2026-01-01 20:19:20+00:00,0,IOMT-015,S-IOMT-015-494,IMAGING,EP-IND-08470
BC-08471,2026-01-01 20:19:26+00:00,0,IOMT-013,S-IOMT-013-495,RESEARCH,EP-IND-08471
BC-08472,2026-01-01 20:19:33+00:00,0,IOMT-044,S-IOMT-044-496,EHR_READ,EP-IND-08472
BC-08473,2026-01-01 20:19:33+00:00,0,IOMT-018,S-IOMT-018-497,LAB_RESULTS,EP-IND-08473
BC-08474,2026-01-01 20:19:40+00:00,0,IOMT-001,S-IOMT-001-498,LAB_RESULTS,EP-IND-08474
BC-08475,2026-01-01 20:19:50+00:00,0,IOMT-025,S-IOMT-025-499,LAB_RESULTS,EP-IND-08475
BC-08476,2026-01-01 20:20:00+00:00,0,IOMT-018,S-IOMT-018-500,EHR_READ,EP-IND-08476
BC-08477,2026-01-01 20:20:03+00:00,0,IOMT-021,S-IOMT-021-501,EHR_WRITE,EP-IND-08477
BC-08478,2026-01-01 20:20:10+00:00,0,IOMT-020,S-IOMT-020-502,RESEARCH,EP-IND-08478
BC-08479,2026-01-01 20:20:14+00:00,0,IOMT-037,S-IOMT-037-503,RESEARCH,EP-IND-08479
BC-08480,2026-01-01 20:20:25+00:00,0,IOMT-018,S-IOMT-018-504,LAB_RESULTS,EP-IND-08480
BC-08481,2026-01-01 20:20:34+00:00,0,IOMT-047,S-IOMT-047-505,RESEARCH,EP-IND-08481
BC-08482,2026-01-01 20:20:42+00:00,0,IOMT-011,S-IOMT-011-506,LAB_RESULTS,EP-IND-08482
BC-08483,2026-01-01 20:20:43+00:00,0,IOMT-022,S-IOMT-022-507,EHR_WRITE,EP-IND-08483
BC-08484,2026-01-01 20:20:58+00:00,0,IOMT-041,S-IOMT-041-508,IMAGING,EP-IND-08484
BC-08485,2026-01-01 20:21:02+00:00,0,IOMT-019,S-IOMT-019-509,EHR_WRITE,EP-IND-08485
BC-08486,2026-01-01 20:21:07+00:00,0,IOMT-033,S-IOMT-033-510,EHR_READ,EP-IND-08486
BC-08487,2026-01-01 20:21:20+00:00,0,IOMT-032,S-IOMT-032-511,IMAGING,EP-IND-08487
BC-08488,2026-01-01 20:21:21+00:00,0,IOMT-010,S-IOMT-010-512,EHR_WRITE,EP-IND-08488
BC-08489,2026-01-01 20:21:44+00:00,0,IOMT-015,S-IOMT-015-513,LAB_RESULTS,EP-IND-08489
BC-08490,2026-01-01 20:21:47+00:00,0,IOMT-009,S-IOMT-009-514,LAB_RESULTS,EP-IND-08490
BC-08491,2026-01-01 20:21:55+00:00,0,IOMT-043,S-IOMT-043-515,IMAGING,EP-IND-08491
BC-08492,2026-01-01 20:22:04+00:00,0,IOMT-037,S-IOMT-037-516,EHR_READ,EP-IND-08492
BC-08493,2026-01-01 20:22:13+00:00,0,IOMT-032,S-IOMT-032-517,EHR_READ,EP-IND-08493
BC-08494,2026-01-01 20:22:17+00:00,0,IOMT-031,S-IOMT-031-518,EHR_WRITE,EP-IND-08494
BC-08495,2026-01-01 20:22:18+00:00,0,IOMT-021,S-IOMT-021-519,RESEARCH,EP-IND-08495
BC-08496,2026-01-01 20:22:20+00:00,0,IOMT-032,S-IOMT-032-520,IMAGING,EP-IND-08496
BC-08497,2026-01-01 20:22:30+00:00,0,IOMT-034,S-IOMT-034-521,RESEARCH,EP-IND-08497
BC-08498,2026-01-01 20:22:39+00:00,0,IOMT-015,S-IOMT-015-522,LAB_RESULTS,EP-IND-08498
BC-08499,2026-01-01 20:22:51+00:00,0,IOMT-017,S-IOMT-017-523,LAB_RESULTS,EP-IND-08499
BC-08500,2026-01-01 20:22:57+00:00,0,IOMT-029,S-IOMT-029-524,IMAGING,EP-IND-08500
BC-08501,2026-01-01 20:23:13+00:00,0,IOMT-003,S-IOMT-003-525,EHR_WRITE,EP-IND-08501
BC-08502,2026-01-01 20:23:16+00:00,0,IOMT-027,S-IOMT-027-526,LAB_RESULTS,EP-IND-08502
BC-08503,2026-01-01 20:23:24+00:00,0,IOMT-026,S-IOMT-026-527,EHR_WRITE,EP-IND-08503
BC-08504,2026-01-01 20:23:40+00:00,0,IOMT-013,S-IOMT-013-528,IMAGING,EP-IND-08504
BC-08505,2026-01-01 20:23:50+00:00,0,IOMT-021,S-IOMT-021-529,EHR_READ,EP-IND-08505
BC-08506,2026-01-01 20:24:04+00:00,0,IOMT-026,S-IOMT-026-530,EHR_READ,EP-IND-08506
BC-08507,2026-01-01 20:24:28+00:00,0,IOMT-015,S-IOMT-015-531,LAB_RESULTS,EP-IND-08507
BC-08508,2026-01-01 20:24:29+00:00,0,IOMT-022,S-IOMT-022-532,RESEARCH,EP-IND-08508
BC-08509,2026-01-01 20:24:38+00:00,0,IOMT-030,S-IOMT-030-533,LAB_RESULTS,EP-IND-08509
BC-08510,2026-01-01 20:24:39+00:00,0,IOMT-020,S-IOMT-020-534,IMAGING,EP-IND-08510
BC-08511,2026-01-01 20:24:44+00:00,0,IOMT-014,S-IOMT-014-535,IMAGING,EP-IND-08511
BC-08512,2026-01-01 20:24:44+00:00,0,IOMT-001,S-IOMT-001-536,RESEARCH,EP-IND-08512
BC-08513,2026-01-01 20:24:45+00:00,0,IOMT-048,S-IOMT-048-537,EHR_WRITE,EP-IND-08513
BC-08514,2026-01-01 20:24:47+00:00,0,IOMT-015,S-IOMT-015-538,IMAGING,EP-IND-08514
BC-08515,2026-01-01 20:24:52+00:00,0,IOMT-003,S-IOMT-003-539,IMAGING,EP-IND-08515
BC-08516,2026-01-01 20:25:06+00:00,0,IOMT-045,S-IOMT-045-540,EHR_READ,EP-IND-08516
BC-08517,2026-01-01 20:25:11+00:00,0,IOMT-010,S-IOMT-010-541,IMAGING,EP-IND-08517
BC-08518,2026-01-01 20:25:14+00:00,0,IOMT-003,S-IOMT-003-542,EHR_READ,EP-IND-08518
BC-08519,2026-01-01 20:25:21+00:00,0,IOMT-038,S-IOMT-038-543,RESEARCH,EP-IND-08519
BC-08520,2026-01-01 20:25:39+00:00,0,IOMT-006,S-IOMT-006-544,LAB_RESULTS,EP-IND-08520
BC-08521,2026-01-01 20:25:42+00:00,0,IOMT-041,S-IOMT-041-545,RESEARCH,EP-IND-08521
BC-08522,2026-01-01 20:25:48+00:00,0,IOMT-020,S-IOMT-020-546,RESEARCH,EP-IND-08522
BC-08523,2026-01-01 20:25:50+00:00,0,IOMT-049,S-IOMT-049-547,IMAGING,EP-IND-08523
BC-08524,2026-01-01 20:25:59+00:00,0,IOMT-021,S-IOMT-021-548,LAB_RESULTS,EP-IND-08524
BC-08525,2026-01-01 20:26:00+00:00,0,IOMT-015,S-IOMT-015-549,IMAGING,EP-IND-08525
BC-08526,2026-01-01 20:26:04+00:00,0,IOMT-048,S-IOMT-048-550,IMAGING,EP-IND-08526
BC-08527,2026-01-01 20:26:13+00:00,0,IOMT-032,S-IOMT-032-551,EHR_READ,EP-IND-08527
BC-08528,2026-01-01 20:26:21+00:00,0,IOMT-001,S-IOMT-001-552,RESEARCH,EP-IND-08528
BC-08529,2026-01-01 20:26:22+00:00,0,IOMT-017,S-IOMT-017-553,RESEARCH,EP-IND-08529
BC-08530,2026-01-01 20:26:37+00:00,0,IOMT-000,S-IOMT-000-554,EHR_WRITE,EP-IND-08530
BC-08531,2026-01-01 20:26:49+00:00,1,IOMT-035,S-IOMT-035-555,RESEARCH,EP-IND-08531
BC-08532,2026-01-01 20:26:56+00:00,0,IOMT-007,S-IOMT-007-556,IMAGING,EP-IND-08532
BC-08533,2026-01-01 20:26:59+00:00,0,IOMT-012,S-IOMT-012-557,EHR_WRITE,EP-IND-08533
BC-08534,2026-01-01 20:27:14+00:00,0,IOMT-045,S-IOMT-045-558,EHR_READ,EP-IND-08534
BC-08535,2026-01-01 20:27:16+00:00,0,IOMT-042,S-IOMT-042-559,IMAGING,EP-IND-08535
BC-08536,2026-01-01 20:27:29+00:00,0,IOMT-028,S-IOMT-028-560,IMAGING,EP-IND-08536
BC-08537,2026-01-01 20:27:35+00:00,0,IOMT-002,S-IOMT-002-561,LAB_RESULTS,EP-IND-08537
BC-08538,2026-01-01 20:27:40+00:00,1,IOMT-027,S-IOMT-027-562,LAB_RESULTS,EP-IND-08538
BC-08539,2026-01-01 20:27:49+00:00,0,IOMT-034,S-IOMT-034-563,EHR_WRITE,EP-IND-08539
BC-08540,2026-01-01 20:27:56+00:00,0,IOMT-038,S-IOMT-038-564,LAB_RESULTS,EP-IND-08540
BC-08541,2026-01-01 20:28:01+00:00,0,IOMT-049,S-IOMT-049-565,IMAGING,EP-IND-08541
BC-08542,2026-01-01 20:28:11+00:00,0,IOMT-001,S-IOMT-001-566,EHR_READ,EP-IND-08542
BC-08543,2026-01-01 20:28:15+00:00,0,IOMT-041,S-IOMT-041-567,EHR_READ,EP-IND-08543
BC-08544,2026-01-01 20:28:41+00:00,0,IOMT-023,S-IOMT-023-568,LAB_RESULTS,EP-IND-08544
BC-08545,2026-01-01 20:28:42+00:00,0,IOMT-016,S-IOMT-016-569,IMAGING,EP-IND-08545
BC-08546,2026-01-01 20:28:43+00:00,0,IOMT-005,S-IOMT-005-570,IMAGING,EP-IND-08546
BC-08547,2026-01-01 20:28:52+00:00,0,IOMT-000,S-IOMT-000-571,IMAGING,EP-IND-08547
BC-08548,2026-01-01 20:28:53+00:00,0,IOMT-030,S-IOMT-030-572,RESEARCH,EP-IND-08548
BC-08549,2026-01-01 20:28:56+00:00,0,IOMT-042,S-IOMT-042-573,RESEARCH,EP-IND-08549
BC-08550,2026-01-01 20:28:57+00:00,0,IOMT-005,S-IOMT-005-574,RESEARCH,EP-IND-08550
BC-08551,2026-01-01 20:29:00+00:00,0,IOMT-007,S-IOMT-007-575,EHR_WRITE,EP-IND-08551
BC-08552,2026-01-01 20:29:08+00:00,0,IOMT-003,S-IOMT-003-576,EHR_READ,EP-IND-08552
BC-08553,2026-01-01 20:29:17+00:00,0,IOMT-035,S-IOMT-035-577,RESEARCH,EP-IND-08553
BC-08554,2026-01-01 20:29:30+00:00,1,IOMT-002,S-IOMT-002-578,RESEARCH,EP-IND-08554
BC-08555,2026-01-01 20:29:32+00:00,0,IOMT-034,S-IOMT-034-579,EHR_WRITE,EP-IND-08555
BC-08556,2026-01-01 20:29:35+00:00,0,IOMT-025,S-IOMT-025-580,RESEARCH,EP-IND-08556
BC-08557,2026-01-01 20:29:37+00:00,0,IOMT-029,S-IOMT-029-581,RESEARCH,EP-IND-08557
BC-08558,2026-01-01 20:29:42+00:00,0,IOMT-049,S-IOMT-049-582,IMAGING,EP-IND-08558
BC-08559,2026-01-01 20:29:44+00:00,0,IOMT-009,S-IOMT-009-583,LAB_RESULTS,EP-IND-08559
BC-08560,2026-01-01 20:29:46+00:00,0,IOMT-018,S-IOMT-018-584,RESEARCH,EP-IND-08560
BC-08561,2026-01-01 20:29:47+00:00,0,IOMT-042,S-IOMT-042-585,EHR_WRITE,EP-IND-08561
BC-08562,2026-01-01 20:29:50+00:00,0,IOMT-040,S-IOMT-040-586,LAB_RESULTS,EP-IND-08562
BC-08563,2026-01-01 20:29:58+00:00,0,IOMT-017,S-IOMT-017-587,RESEARCH,EP-IND-08563
BC-08564,2026-01-01 20:29:58+00:00,0,IOMT-042,S-IOMT-042-588,LAB_RESULTS,EP-IND-08564
BC-08565,2026-01-01 20:30:00+00:00,0,IOMT-021,S-IOMT-021-589,IMAGING,EP-IND-08565
BC-08566,2026-01-01 20:30:03+00:00,0,IOMT-027,S-IOMT-027-590,EHR_READ,EP-IND-08566
BC-08567,2026-01-01 20:30:31+00:00,0,IOMT-045,S-IOMT-045-591,LAB_RESULTS,EP-IND-08567
BC-08568,2026-01-01 20:30:38+00:00,0,IOMT-001,S-IOMT-001-592,IMAGING,EP-IND-08568
BC-08569,2026-01-01 20:30:55+00:00,0,IOMT-045,S-IOMT-045-593,EHR_WRITE,EP-IND-08569
BC-08570,2026-01-01 20:31:13+00:00,0,IOMT-029,S-IOMT-029-594,RESEARCH,EP-IND-08570
BC-08571,2026-01-01 20:31:38+00:00,0,IOMT-003,S-IOMT-003-595,IMAGING,EP-IND-08571
BC-08572,2026-01-01 20:31:45+00:00,0,IOMT-046,S-IOMT-046-596,LAB_RESULTS,EP-IND-08572
BC-08573,2026-01-01 20:31:46+00:00,0,IOMT-011,S-IOMT-011-597,IMAGING,EP-IND-08573
BC-08574,2026-01-01 20:31:47+00:00,0,IOMT-024,S-IOMT-024-598,IMAGING,EP-IND-08574
BC-08575,2026-01-01 20:31:59+00:00,0,IOMT-013,S-IOMT-013-599,IMAGING,EP-IND-08575
BC-08576,2026-01-01 20:32:20+00:00,0,IOMT-048,S-IOMT-048-600,IMAGING,EP-IND-08576
BC-08577,2026-01-01 20:32:21+00:00,0,IOMT-025,S-IOMT-025-601,LAB_RESULTS,EP-IND-08577
BC-08578,2026-01-01 20:32:29+00:00,0,IOMT-035,S-IOMT-035-602,EHR_WRITE,EP-IND-08578
BC-08579,2026-01-01 20:32:54+00:00,0,IOMT-009,S-IOMT-009-603,IMAGING,EP-IND-08579
BC-08580,2026-01-01 20:33:04+00:00,0,IOMT-000,S-IOMT-000-604,RESEARCH,EP-IND-08580
BC-08581,2026-01-01 20:33:07+00:00,0,IOMT-037,S-IOMT-037-605,LAB_RESULTS,EP-IND-08581
BC-08582,2026-01-01 20:33:19+00:00,0,IOMT-025,S-IOMT-025-606,LAB_RESULTS,EP-IND-08582
BC-08583,2026-01-01 20:33:21+00:00,0,IOMT-008,S-IOMT-008-607,RESEARCH,EP-IND-08583
BC-08584,2026-01-01 20:33:22+00:00,0,IOMT-047,S-IOMT-047-608,RESEARCH,EP-IND-08584
BC-08585,2026-01-01 20:33:24+00:00,0,IOMT-049,S-IOMT-049-609,IMAGING,EP-IND-08585
BC-08586,2026-01-01 20:33:25+00:00,0,IOMT-042,S-IOMT-042-610,EHR_WRITE,EP-IND-08586
BC-08587,2026-01-01 20:33:25+00:00,0,IOMT-032,S-IOMT-032-611,IMAGING,EP-IND-08587
BC-08588,2026-01-01 20:33:35+00:00,0,IOMT-031,S-IOMT-031-612,EHR_READ,EP-IND-08588
BC-08589,2026-01-01 20:33:38+00:00,0,IOMT-040,S-IOMT-040-613,LAB_RESULTS,EP-IND-08589
BC-08590,2026-01-01 20:33:40+00:00,0,IOMT-039,S-IOMT-039-614,LAB_RESULTS,EP-IND-08590
BC-08591,2026-01-01 20:33:43+00:00,0,IOMT-043,S-IOMT-043-615,LAB_RESULTS,EP-IND-08591
BC-08592,2026-01-01 20:34:09+00:00,0,IOMT-049,S-IOMT-049-616,EHR_READ,EP-IND-08592
BC-08593,2026-01-01 20:34:13+00:00,0,IOMT-047,S-IOMT-047-617,IMAGING,EP-IND-08593
BC-08594,2026-01-01 20:34:14+00:00,0,IOMT-021,S-IOMT-021-618,LAB_RESULTS,EP-IND-08594
BC-08595,2026-01-01 20:34:15+00:00,0,IOMT-046,S-IOMT-046-619,LAB_RESULTS,EP-IND-08595
BC-08596,2026-01-01 20:34:39+00:00,0,IOMT-025,S-IOMT-025-620,RESEARCH,EP-IND-08596
BC-08597,2026-01-01 20:34:39+00:00,0,IOMT-014,S-IOMT-014-621,EHR_READ,EP-IND-08597
BC-08598,2026-01-01 20:34:44+00:00,0,IOMT-036,S-IOMT-036-622,IMAGING,EP-IND-08598
BC-08599,2026-01-01 20:35:00+00:00,0,IOMT-024,S-IOMT-024-623,RESEARCH,EP-IND-08599
BC-08600,2026-01-01 20:35:17+00:00,0,IOMT-000,S-IOMT-000-624,LAB_RESULTS,EP-IND-08600
BC-08601,2026-01-01 20:35:20+00:00,0,IOMT-017,S-IOMT-017-625,EHR_READ,EP-IND-08601
BC-08602,2026-01-01 20:35:26+00:00,0,IOMT-037,S-IOMT-037-626,RESEARCH,EP-IND-08602
BC-08603,2026-01-01 20:35:28+00:00,0,IOMT-039,S-IOMT-039-627,EHR_WRITE,EP-IND-08603
BC-08604,2026-01-01 20:35:43+00:00,0,IOMT-005,S-IOMT-005-628,EHR_READ,EP-IND-08604
BC-08605,2026-01-01 20:35:46+00:00,0,IOMT-037,S-IOMT-037-629,LAB_RESULTS,EP-IND-08605
BC-08606,2026-01-01 20:36:05+00:00,0,IOMT-023,S-IOMT-023-630,IMAGING,EP-IND-08606
BC-08607,2026-01-01 20:36:10+00:00,0,IOMT-015,S-IOMT-015-631,RESEARCH,EP-IND-08607
BC-08608,2026-01-01 20:36:10+00:00,0,IOMT-038,S-IOMT-038-632,IMAGING,EP-IND-08608
BC-08609,2026-01-01 20:36:13+00:00,0,IOMT-022,S-IOMT-022-633,EHR_WRITE,EP-IND-08609
BC-08610,2026-01-01 20:36:18+00:00,0,IOMT-005,S-IOMT-005-634,EHR_WRITE,EP-IND-08610
BC-08611,2026-01-01 20:36:26+00:00,0,IOMT-002,S-IOMT-002-635,RESEARCH,EP-IND-08611
BC-08612,2026-01-01 20:36:27+00:00,0,IOMT-049,S-IOMT-049-636,LAB_RESULTS,EP-IND-08612
BC-08613,2026-01-01 20:36:48+00:00,0,IOMT-030,S-IOMT-030-637,IMAGING,EP-IND-08613
BC-08614,2026-01-01 20:37:02+00:00,0,IOMT-037,S-IOMT-037-638,LAB_RESULTS,EP-IND-08614
BC-08615,2026-01-01 20:37:08+00:00,0,IOMT-000,S-IOMT-000-639,RESEARCH,EP-IND-08615
BC-08616,2026-01-01 20:37:24+00:00,0,IOMT-005,S-IOMT-005-640,LAB_RESULTS,EP-IND-08616
BC-08617,2026-01-01 20:37:24+00:00,1,IOMT-041,S-IOMT-041-641,IMAGING,EP-IND-08617
BC-08618,2026-01-01 20:37:26+00:00,0,IOMT-014,S-IOMT-014-642,LAB_RESULTS,EP-IND-08618
BC-08619,2026-01-01 20:38:00+00:00,0,IOMT-032,S-IOMT-032-643,RESEARCH,EP-IND-08619
BC-08620,2026-01-01 20:38:12+00:00,0,IOMT-032,S-IOMT-032-644,IMAGING,EP-IND-08620
BC-08621,2026-01-01 20:38:15+00:00,0,IOMT-025,S-IOMT-025-645,IMAGING,EP-IND-08621
BC-08622,2026-01-01 20:38:21+00:00,0,IOMT-045,S-IOMT-045-646,EHR_READ,EP-IND-08622
BC-08623,2026-01-01 20:38:23+00:00,0,IOMT-006,S-IOMT-006-647,EHR_READ,EP-IND-08623
BC-08624,2026-01-01 20:38:26+00:00,0,IOMT-006,S-IOMT-006-648,RESEARCH,EP-IND-08624
BC-08625,2026-01-01 20:38:32+00:00,0,IOMT-028,S-IOMT-028-649,EHR_READ,EP-IND-08625
BC-08626,2026-01-01 20:38:38+00:00,0,IOMT-030,S-IOMT-030-650,RESEARCH,EP-IND-08626
BC-08627,2026-01-01 20:38:38+00:00,0,IOMT-034,S-IOMT-034-651,EHR_READ,EP-IND-08627
BC-08628,2026-01-01 20:38:44+00:00,0,IOMT-042,S-IOMT-042-652,IMAGING,EP-IND-08628
BC-08629,2026-01-01 20:38:46+00:00,0,IOMT-014,S-IOMT-014-653,IMAGING,EP-IND-08629
BC-08630,2026-01-01 20:39:00+00:00,0,IOMT-043,S-IOMT-043-654,RESEARCH,EP-IND-08630
BC-08631,2026-01-01 20:39:31+00:00,0,IOMT-009,S-IOMT-009-655,EHR_READ,EP-IND-08631
BC-08632,2026-01-01 20:39:34+00:00,0,IOMT-004,S-IOMT-004-656,EHR_WRITE,EP-IND-08632
BC-08633,2026-01-01 20:39:38+00:00,0,IOMT-000,S-IOMT-000-657,EHR_READ,EP-IND-08633
BC-08634,2026-01-01 20:39:42+00:00,0,IOMT-031,S-IOMT-031-658,IMAGING,EP-IND-08634
BC-08635,2026-01-01 20:39:48+00:00,0,IOMT-019,S-IOMT-019-659,LAB_RESULTS,EP-IND-08635
BC-08636,2026-01-01 20:39:55+00:00,0,IOMT-012,S-IOMT-012-660,EHR_WRITE,EP-IND-08636
BC-08637,2026-01-01 20:39:55+00:00,0,IOMT-003,S-IOMT-003-661,EHR_READ,EP-IND-08637
BC-08638,2026-01-01 20:40:13+00:00,0,IOMT-046,S-IOMT-046-662,IMAGING,EP-IND-08638
BC-08639,2026-01-01 20:40:15+00:00,0,IOMT-036,S-IOMT-036-663,RESEARCH,EP-IND-08639
BC-08640,2026-01-01 20:40:42+00:00,0,IOMT-003,S-IOMT-003-664,LAB_RESULTS,EP-IND-08640
BC-08641,2026-01-01 20:40:44+00:00,0,IOMT-024,S-IOMT-024-665,LAB_RESULTS,EP-IND-08641
BC-08642,2026-01-01 20:40:51+00:00,0,IOMT-013,S-IOMT-013-666,EHR_WRITE,EP-IND-08642
BC-08643,2026-01-01 20:40:51+00:00,0,IOMT-018,S-IOMT-018-667,IMAGING,EP-IND-08643
BC-08644,2026-01-01 20:40:51+00:00,0,IOMT-038,S-IOMT-038-668,IMAGING,EP-IND-08644
BC-08645,2026-01-01 20:40:53+00:00,0,IOMT-010,S-IOMT-010-669,EHR_WRITE,EP-IND-08645
BC-08646,2026-01-01 20:40:55+00:00,0,IOMT-021,S-IOMT-021-670,EHR_WRITE,EP-IND-08646
BC-08647,2026-01-01 20:40:55+00:00,0,IOMT-035,S-IOMT-035-671,RESEARCH,EP-IND-08647
BC-08648,2026-01-01 20:41:08+00:00,0,IOMT-033,S-IOMT-033-672,IMAGING,EP-IND-08648
BC-08649,2026-01-01 20:41:15+00:00,0,IOMT-022,S-IOMT-022-673,LAB_RESULTS,EP-IND-08649
BC-08650,2026-01-01 20:41:40+00:00,0,IOMT-030,S-IOMT-030-674,RESEARCH,EP-IND-08650
BC-08651,2026-01-01 20:41:41+00:00,0,IOMT-008,S-IOMT-008-675,EHR_WRITE,EP-IND-08651
BC-08652,2026-01-01 20:41:43+00:00,0,IOMT-006,S-IOMT-006-676,EHR_WRITE,EP-IND-08652
BC-08653,2026-01-01 20:41:58+00:00,0,IOMT-046,S-IOMT-046-677,LAB_RESULTS,EP-IND-08653
BC-08654,2026-01-01 20:42:19+00:00,0,IOMT-019,S-IOMT-019-678,LAB_RESULTS,EP-IND-08654
BC-08655,2026-01-01 20:42:30+00:00,0,IOMT-010,S-IOMT-010-679,EHR_READ,EP-IND-08655
BC-08656,2026-01-01 20:42:36+00:00,0,IOMT-030,S-IOMT-030-680,RESEARCH,EP-IND-08656
BC-08657,2026-01-01 20:42:43+00:00,0,IOMT-021,S-IOMT-021-681,LAB_RESULTS,EP-IND-08657
BC-08658,2026-01-01 20:42:46+00:00,0,IOMT-004,S-IOMT-004-682,LAB_RESULTS,EP-IND-08658
BC-08659,2026-01-01 20:43:01+00:00,0,IOMT-008,S-IOMT-008-683,IMAGING,EP-IND-08659
BC-08660,2026-01-01 20:43:02+00:00,0,IOMT-036,S-IOMT-036-684,LAB_RESULTS,EP-IND-08660
BC-08661,2026-01-01 20:43:26+00:00,0,IOMT-014,S-IOMT-014-685,EHR_WRITE,EP-IND-08661
BC-08662,2026-01-01 20:43:26+00:00,0,IOMT-011,S-IOMT-011-686,IMAGING,EP-IND-08662
BC-08663,2026-01-01 20:43:37+00:00,0,IOMT-040,S-IOMT-040-687,LAB_RESULTS,EP-IND-08663
BC-08664,2026-01-01 20:43:43+00:00,0,IOMT-018,S-IOMT-018-688,EHR_WRITE,EP-IND-08664
BC-08665,2026-01-01 20:44:10+00:00,0,IOMT-029,S-IOMT-029-689,EHR_READ,EP-IND-08665
BC-08666,2026-01-01 20:44:15+00:00,0,IOMT-020,S-IOMT-020-690,RESEARCH,EP-IND-08666
BC-08667,2026-01-01 20:44:24+00:00,0,IOMT-039,S-IOMT-039-691,EHR_READ,EP-IND-08667
BC-08668,2026-01-01 20:44:35+00:00,0,IOMT-032,S-IOMT-032-692,EHR_WRITE,EP-IND-08668
BC-08669,2026-01-01 20:45:25+00:00,0,IOMT-008,S-IOMT-008-693,RESEARCH,EP-IND-08669
BC-08670,2026-01-01 20:45:35+00:00,0,IOMT-029,S-IOMT-029-694,EHR_WRITE,EP-IND-08670
BC-08671,2026-01-01 20:45:48+00:00,0,IOMT-022,S-IOMT-022-695,IMAGING,EP-IND-08671
BC-08672,2026-01-01 20:45:54+00:00,0,IOMT-021,S-IOMT-021-696,RESEARCH,EP-IND-08672
BC-08673,2026-01-01 20:45:57+00:00,0,IOMT-027,S-IOMT-027-697,IMAGING,EP-IND-08673
BC-08674,2026-01-01 20:46:10+00:00,0,IOMT-023,S-IOMT-023-698,EHR_READ,EP-IND-08674
BC-08675,2026-01-01 20:46:20+00:00,0,IOMT-017,S-IOMT-017-699,IMAGING,EP-IND-08675
BC-08676,2026-01-01 20:46:25+00:00,0,IOMT-003,S-IOMT-003-700,EHR_WRITE,EP-IND-08676
BC-08677,2026-01-01 20:46:33+00:00,0,IOMT-017,S-IOMT-017-701,EHR_READ,EP-IND-08677
BC-08678,2026-01-01 20:46:54+00:00,0,IOMT-024,S-IOMT-024-702,EHR_WRITE,EP-IND-08678
BC-08679,2026-01-01 20:47:35+00:00,0,IOMT-025,S-IOMT-025-703,EHR_WRITE,EP-IND-08679
BC-08680,2026-01-01 20:47:44+00:00,0,IOMT-046,S-IOMT-046-704,RESEARCH,EP-IND-08680
BC-08681,2026-01-01 20:47:55+00:00,0,IOMT-005,S-IOMT-005-705,IMAGING,EP-IND-08681
BC-08682,2026-01-01 20:48:02+00:00,0,IOMT-033,S-IOMT-033-706,RESEARCH,EP-IND-08682
BC-08683,2026-01-01 20:48:05+00:00,0,IOMT-015,S-IOMT-015-707,RESEARCH,EP-IND-08683
BC-08684,2026-01-01 20:48:13+00:00,0,IOMT-011,S-IOMT-011-708,EHR_WRITE,EP-IND-08684
BC-08685,2026-01-01 20:48:16+00:00,0,IOMT-046,S-IOMT-046-709,IMAGING,EP-IND-08685
BC-08686,2026-01-01 20:48:19+00:00,0,IOMT-027,S-IOMT-027-710,EHR_WRITE,EP-IND-08686
BC-08687,2026-01-01 20:48:20+00:00,0,IOMT-044,S-IOMT-044-711,RESEARCH,EP-IND-08687
BC-08688,2026-01-01 20:48:27+00:00,0,IOMT-017,S-IOMT-017-712,EHR_READ,EP-IND-08688
BC-08689,2026-01-01 20:48:28+00:00,0,IOMT-040,S-IOMT-040-713,RESEARCH,EP-IND-08689
BC-08690,2026-01-01 20:49:05+00:00,0,IOMT-006,S-IOMT-006-714,RESEARCH,EP-IND-08690
BC-08691,2026-01-01 20:49:07+00:00,0,IOMT-015,S-IOMT-015-715,EHR_WRITE,EP-IND-08691
BC-08692,2026-01-01 20:49:08+00:00,0,IOMT-024,S-IOMT-024-716,LAB_RESULTS,EP-IND-08692
BC-08693,2026-01-01 20:49:08+00:00,0,IOMT-018,S-IOMT-018-717,EHR_READ,EP-IND-08693
BC-08694,2026-01-01 20:49:28+00:00,0,IOMT-016,S-IOMT-016-718,EHR_READ,EP-IND-08694
BC-08695,2026-01-01 20:49:51+00:00,0,IOMT-035,S-IOMT-035-719,IMAGING,EP-IND-08695
BC-08696,2026-01-01 20:49:51+00:00,0,IOMT-003,S-IOMT-003-720,RESEARCH,EP-IND-08696
BC-08697,2026-01-01 20:49:57+00:00,0,IOMT-020,S-IOMT-020-721,EHR_READ,EP-IND-08697
BC-08698,2026-01-01 20:49:58+00:00,0,IOMT-018,S-IOMT-018-722,IMAGING,EP-IND-08698
BC-08699,2026-01-01 20:50:09+00:00,0,IOMT-005,S-IOMT-005-723,EHR_READ,EP-IND-08699
BC-08700,2026-01-01 20:50:17+00:00,0,IOMT-038,S-IOMT-038-724,EHR_WRITE,EP-IND-08700
BC-08701,2026-01-01 20:50:26+00:00,0,IOMT-000,S-IOMT-000-725,IMAGING,EP-IND-08701
BC-08702,2026-01-01 20:50:37+00:00,0,IOMT-025,S-IOMT-025-726,EHR_READ,EP-IND-08702
BC-08703,2026-01-01 20:51:00+00:00,0,IOMT-007,S-IOMT-007-727,LAB_RESULTS,EP-IND-08703
BC-08704,2026-01-01 20:51:02+00:00,0,IOMT-022,S-IOMT-022-728,RESEARCH,EP-IND-08704
BC-08705,2026-01-01 20:51:06+00:00,0,IOMT-026,S-IOMT-026-729,EHR_READ,EP-IND-08705
BC-08706,2026-01-01 20:51:35+00:00,0,IOMT-025,S-IOMT-025-730,EHR_READ,EP-IND-08706
BC-08707,2026-01-01 20:51:35+00:00,0,IOMT-032,S-IOMT-032-731,EHR_WRITE,EP-IND-08707
BC-08708,2026-01-01 20:51:53+00:00,0,IOMT-017,S-IOMT-017-732,RESEARCH,EP-IND-08708
BC-08709,2026-01-01 20:52:27+00:00,0,IOMT-022,S-IOMT-022-733,EHR_WRITE,EP-IND-08709
BC-08710,2026-01-01 20:52:57+00:00,0,IOMT-033,S-IOMT-033-734,IMAGING,EP-IND-08710
BC-08711,2026-01-01 20:53:25+00:00,0,IOMT-013,S-IOMT-013-735,RESEARCH,EP-IND-08711
BC-08712,2026-01-01 20:53:33+00:00,0,IOMT-001,S-IOMT-001-736,RESEARCH,EP-IND-08712
BC-08713,2026-01-01 20:53:46+00:00,0,IOMT-033,S-IOMT-033-737,EHR_READ,EP-IND-08713
BC-08714,2026-01-01 20:53:52+00:00,0,IOMT-030,S-IOMT-030-738,RESEARCH,EP-IND-08714
BC-08715,2026-01-01 20:53:57+00:00,0,IOMT-016,S-IOMT-016-739,LAB_RESULTS,EP-IND-08715
BC-08716,2026-01-01 20:54:10+00:00,0,IOMT-010,S-IOMT-010-740,RESEARCH,EP-IND-08716
BC-08717,2026-01-01 20:54:33+00:00,0,IOMT-047,S-IOMT-047-741,IMAGING,EP-IND-08717
BC-08718,2026-01-01 20:54:42+00:00,0,IOMT-000,S-IOMT-000-742,EHR_WRITE,EP-IND-08718
BC-08719,2026-01-01 20:54:59+00:00,0,IOMT-044,S-IOMT-044-743,EHR_WRITE,EP-IND-08719
BC-08720,2026-01-01 20:55:15+00:00,0,IOMT-033,S-IOMT-033-744,EHR_READ,EP-IND-08720
BC-08721,2026-01-01 20:55:19+00:00,0,IOMT-045,S-IOMT-045-745,IMAGING,EP-IND-08721
BC-08722,2026-01-01 20:55:19+00:00,0,IOMT-039,S-IOMT-039-746,RESEARCH,EP-IND-08722
BC-08723,2026-01-01 20:55:26+00:00,0,IOMT-004,S-IOMT-004-747,RESEARCH,EP-IND-08723
BC-08724,2026-01-01 20:55:37+00:00,0,IOMT-023,S-IOMT-023-748,IMAGING,EP-IND-08724
BC-08725,2026-01-01 20:55:39+00:00,0,IOMT-043,S-IOMT-043-749,RESEARCH,EP-IND-08725
BC-08726,2026-01-01 20:55:42+00:00,0,IOMT-025,S-IOMT-025-750,IMAGING,EP-IND-08726
BC-08727,2026-01-01 20:55:48+00:00,0,IOMT-026,S-IOMT-026-751,IMAGING,EP-IND-08727
BC-08728,2026-01-01 20:55:59+00:00,0,IOMT-047,S-IOMT-047-752,EHR_WRITE,EP-IND-08728
BC-08729,2026-01-01 20:56:05+00:00,0,IOMT-001,S-IOMT-001-753,EHR_READ,EP-IND-08729
BC-08730,2026-01-01 20:56:12+00:00,0,IOMT-013,S-IOMT-013-754,EHR_READ,EP-IND-08730
BC-08731,2026-01-01 20:56:27+00:00,0,IOMT-023,S-IOMT-023-755,EHR_WRITE,EP-IND-08731
BC-08732,2026-01-01 20:56:47+00:00,0,IOMT-009,S-IOMT-009-756,LAB_RESULTS,EP-IND-08732
BC-08733,2026-01-01 20:56:48+00:00,0,IOMT-011,S-IOMT-011-757,EHR_WRITE,EP-IND-08733
BC-08734,2026-01-01 20:56:51+00:00,0,IOMT-027,S-IOMT-027-758,RESEARCH,EP-IND-08734
BC-08735,2026-01-01 20:56:56+00:00,0,IOMT-006,S-IOMT-006-759,RESEARCH,EP-IND-08735
BC-08736,2026-01-01 20:56:58+00:00,0,IOMT-009,S-IOMT-009-760,RESEARCH,EP-IND-08736
BC-08737,2026-01-01 20:57:11+00:00,0,IOMT-032,S-IOMT-032-761,RESEARCH,EP-IND-08737
BC-08738,2026-01-01 20:57:16+00:00,0,IOMT-047,S-IOMT-047-762,EHR_WRITE,EP-IND-08738
BC-08739,2026-01-01 20:57:18+00:00,0,IOMT-019,S-IOMT-019-763,RESEARCH,EP-IND-08739
BC-08740,2026-01-01 20:57:21+00:00,0,IOMT-009,S-IOMT-009-764,RESEARCH,EP-IND-08740
BC-08741,2026-01-01 20:57:26+00:00,1,IOMT-044,S-IOMT-044-765,EHR_READ,EP-IND-08741
BC-08742,2026-01-01 20:57:29+00:00,0,IOMT-035,S-IOMT-035-766,EHR_WRITE,EP-IND-08742
BC-08743,2026-01-01 20:57:35+00:00,0,IOMT-034,S-IOMT-034-767,EHR_WRITE,EP-IND-08743
BC-08744,2026-01-01 20:57:44+00:00,0,IOMT-023,S-IOMT-023-768,RESEARCH,EP-IND-08744
BC-08745,2026-01-01 20:57:44+00:00,0,IOMT-007,S-IOMT-007-769,LAB_RESULTS,EP-IND-08745
BC-08746,2026-01-01 20:57:51+00:00,0,IOMT-014,S-IOMT-014-770,EHR_READ,EP-IND-08746
BC-08747,2026-01-01 20:57:53+00:00,0,IOMT-026,S-IOMT-026-771,EHR_WRITE,EP-IND-08747
BC-08748,2026-01-01 20:57:54+00:00,0,IOMT-022,S-IOMT-022-772,IMAGING,EP-IND-08748
BC-08749,2026-01-01 20:57:55+00:00,0,IOMT-003,S-IOMT-003-773,RESEARCH,EP-IND-08749
BC-08750,2026-01-01 20:57:56+00:00,0,IOMT-031,S-IOMT-031-774,RESEARCH,EP-IND-08750
BC-08751,2026-01-01 20:58:02+00:00,0,IOMT-003,S-IOMT-003-775,EHR_WRITE,EP-IND-08751
BC-08752,2026-01-01 20:58:06+00:00,0,IOMT-041,S-IOMT-041-776,IMAGING,EP-IND-08752
BC-08753,2026-01-01 20:58:14+00:00,0,IOMT-029,S-IOMT-029-777,EHR_READ,EP-IND-08753
BC-08754,2026-01-01 20:58:14+00:00,0,IOMT-036,S-IOMT-036-778,IMAGING,EP-IND-08754
BC-08755,2026-01-01 20:58:20+00:00,0,IOMT-022,S-IOMT-022-779,RESEARCH,EP-IND-08755
BC-08756,2026-01-01 20:58:20+00:00,0,IOMT-017,S-IOMT-017-780,IMAGING,EP-IND-08756
BC-08757,2026-01-01 20:58:41+00:00,0,IOMT-039,S-IOMT-039-781,IMAGING,EP-IND-08757
BC-08758,2026-01-01 20:58:48+00:00,0,IOMT-049,S-IOMT-049-782,EHR_WRITE,EP-IND-08758
BC-08759,2026-01-01 20:58:49+00:00,0,IOMT-045,S-IOMT-045-783,IMAGING,EP-IND-08759
BC-08760,2026-01-01 20:58:53+00:00,0,IOMT-007,S-IOMT-007-784,RESEARCH,EP-IND-08760
BC-08761,2026-01-01 20:58:54+00:00,0,IOMT-011,S-IOMT-011-785,EHR_WRITE,EP-IND-08761
BC-08762,2026-01-01 20:59:00+00:00,0,IOMT-020,S-IOMT-020-786,RESEARCH,EP-IND-08762
BC-08763,2026-01-01 20:59:27+00:00,0,IOMT-025,S-IOMT-025-787,RESEARCH,EP-IND-08763
BC-08764,2026-01-01 20:59:32+00:00,0,IOMT-039,S-IOMT-039-788,RESEARCH,EP-IND-08764
BC-08765,2026-01-01 20:59:36+00:00,0,IOMT-044,S-IOMT-044-789,RESEARCH,EP-IND-08765
BC-08766,2026-01-01 20:59:39+00:00,0,IOMT-006,S-IOMT-006-790,IMAGING,EP-IND-08766
BC-08767,2026-01-01 21:00:07+00:00,0,IOMT-029,S-IOMT-029-791,EHR_READ,EP-IND-08767
BC-08768,2026-01-01 21:00:11+00:00,0,IOMT-019,S-IOMT-019-792,LAB_RESULTS,EP-IND-08768
BC-08769,2026-01-01 21:00:45+00:00,0,IOMT-020,S-IOMT-020-793,EHR_WRITE,EP-IND-08769
BC-08770,2026-01-01 21:00:48+00:00,0,IOMT-037,S-IOMT-037-794,EHR_READ,EP-IND-08770
BC-08771,2026-01-01 21:01:03+00:00,0,IOMT-046,S-IOMT-046-795,RESEARCH,EP-IND-08771
BC-08772,2026-01-01 21:01:21+00:00,0,IOMT-005,S-IOMT-005-796,IMAGING,EP-IND-08772
BC-08773,2026-01-01 21:01:24+00:00,0,IOMT-006,S-IOMT-006-797,LAB_RESULTS,EP-IND-08773
BC-08774,2026-01-01 21:01:25+00:00,0,IOMT-039,S-IOMT-039-798,LAB_RESULTS,EP-IND-08774
BC-08775,2026-01-01 21:01:38+00:00,0,IOMT-012,S-IOMT-012-799,RESEARCH,EP-IND-08775
BC-08776,2026-01-01 21:01:45+00:00,0,IOMT-029,S-IOMT-029-800,EHR_WRITE,EP-IND-08776
BC-08777,2026-01-01 21:01:47+00:00,0,IOMT-009,S-IOMT-009-801,EHR_READ,EP-IND-08777
BC-08778,2026-01-01 21:01:53+00:00,0,IOMT-004,S-IOMT-004-802,LAB_RESULTS,EP-IND-08778
BC-08779,2026-01-01 21:01:56+00:00,0,IOMT-037,S-IOMT-037-803,RESEARCH,EP-IND-08779
BC-08780,2026-01-01 21:02:01+00:00,0,IOMT-036,S-IOMT-036-804,LAB_RESULTS,EP-IND-08780
BC-08781,2026-01-01 21:02:06+00:00,0,IOMT-013,S-IOMT-013-805,EHR_WRITE,EP-IND-08781
BC-08782,2026-01-01 21:02:06+00:00,0,IOMT-001,S-IOMT-001-806,IMAGING,EP-IND-08782
BC-08783,2026-01-01 21:02:07+00:00,0,IOMT-048,S-IOMT-048-807,RESEARCH,EP-IND-08783
BC-08784,2026-01-01 21:02:08+00:00,1,IOMT-037,S-IOMT-037-808,RESEARCH,EP-IND-08784
BC-08785,2026-01-01 21:02:23+00:00,0,IOMT-004,S-IOMT-004-809,LAB_RESULTS,EP-IND-08785
BC-08786,2026-01-01 21:02:23+00:00,0,IOMT-028,S-IOMT-028-810,EHR_WRITE,EP-IND-08786
BC-08787,2026-01-01 21:02:50+00:00,0,IOMT-036,S-IOMT-036-811,EHR_READ,EP-IND-08787
BC-08788,2026-01-01 21:02:55+00:00,0,IOMT-019,S-IOMT-019-812,IMAGING,EP-IND-08788
BC-08789,2026-01-01 21:03:01+00:00,0,IOMT-000,S-IOMT-000-813,RESEARCH,EP-IND-08789
BC-08790,2026-01-01 21:03:15+00:00,0,IOMT-024,S-IOMT-024-814,EHR_WRITE,EP-IND-08790
BC-08791,2026-01-01 21:03:16+00:00,0,IOMT-039,S-IOMT-039-815,IMAGING,EP-IND-08791
BC-08792,2026-01-01 21:03:26+00:00,0,IOMT-020,S-IOMT-020-816,RESEARCH,EP-IND-08792
BC-08793,2026-01-01 21:03:33+00:00,0,IOMT-019,S-IOMT-019-817,IMAGING,EP-IND-08793
BC-08794,2026-01-01 21:03:51+00:00,0,IOMT-043,S-IOMT-043-818,EHR_WRITE,EP-IND-08794
BC-08795,2026-01-01 21:03:53+00:00,0,IOMT-038,S-IOMT-038-819,RESEARCH,EP-IND-08795
BC-08796,2026-01-01 21:04:09+00:00,0,IOMT-002,S-IOMT-002-820,IMAGING,EP-IND-08796
BC-08797,2026-01-01 21:04:23+00:00,0,IOMT-020,S-IOMT-020-821,IMAGING,EP-IND-08797
BC-08798,2026-01-01 21:04:31+00:00,0,IOMT-049,S-IOMT-049-822,IMAGING,EP-IND-08798
BC-08799,2026-01-01 21:04:51+00:00,0,IOMT-033,S-IOMT-033-823,EHR_WRITE,EP-IND-08799
BC-08800,2026-01-01 21:04:53+00:00,0,IOMT-011,S-IOMT-011-824,EHR_READ,EP-IND-08800
BC-08801,2026-01-01 21:05:02+00:00,0,IOMT-047,S-IOMT-047-825,IMAGING,EP-IND-08801
BC-08802,2026-01-01 21:05:03+00:00,0,IOMT-013,S-IOMT-013-826,RESEARCH,EP-IND-08802
BC-08803,2026-01-01 21:05:18+00:00,0,IOMT-021,S-IOMT-021-827,IMAGING,EP-IND-08803
BC-08804,2026-01-01 21:05:35+00:00,0,IOMT-019,S-IOMT-019-828,EHR_WRITE,EP-IND-08804
BC-08805,2026-01-01 21:05:47+00:00,0,IOMT-034,S-IOMT-034-829,IMAGING,EP-IND-08805
BC-08806,2026-01-01 21:05:48+00:00,0,IOMT-038,S-IOMT-038-830,IMAGING,EP-IND-08806
BC-08807,2026-01-01 21:05:51+00:00,0,IOMT-018,S-IOMT-018-831,EHR_READ,EP-IND-08807
BC-08808,2026-01-01 21:05:53+00:00,0,IOMT-042,S-IOMT-042-832,EHR_READ,EP-IND-08808
BC-08809,2026-01-01 21:06:02+00:00,0,IOMT-016,S-IOMT-016-833,EHR_WRITE,EP-IND-08809
BC-08810,2026-01-01 21:06:15+00:00,0,IOMT-028,S-IOMT-028-834,IMAGING,EP-IND-08810
BC-08811,2026-01-01 21:06:22+00:00,0,IOMT-005,S-IOMT-005-835,EHR_READ,EP-IND-08811
BC-08812,2026-01-01 21:06:36+00:00,0,IOMT-026,S-IOMT-026-836,LAB_RESULTS,EP-IND-08812
BC-08813,2026-01-01 21:07:41+00:00,0,IOMT-012,S-IOMT-012-837,LAB_RESULTS,EP-IND-08813
BC-08814,2026-01-01 21:07:42+00:00,0,IOMT-002,S-IOMT-002-838,LAB_RESULTS,EP-IND-08814
BC-08815,2026-01-01 21:07:46+00:00,0,IOMT-010,S-IOMT-010-839,EHR_WRITE,EP-IND-08815
BC-08816,2026-01-01 21:07:49+00:00,0,IOMT-049,S-IOMT-049-840,IMAGING,EP-IND-08816
BC-08817,2026-01-01 21:07:55+00:00,0,IOMT-016,S-IOMT-016-841,LAB_RESULTS,EP-IND-08817
BC-08818,2026-01-01 21:08:00+00:00,0,IOMT-009,S-IOMT-009-842,LAB_RESULTS,EP-IND-08818
BC-08819,2026-01-01 21:08:00+00:00,0,IOMT-004,S-IOMT-004-843,EHR_WRITE,EP-IND-08819
BC-08820,2026-01-01 21:08:03+00:00,0,IOMT-043,S-IOMT-043-844,EHR_WRITE,EP-IND-08820
BC-08821,2026-01-01 21:08:04+00:00,0,IOMT-005,S-IOMT-005-845,IMAGING,EP-IND-08821
BC-08822,2026-01-01 21:08:54+00:00,0,IOMT-043,S-IOMT-043-846,EHR_READ,EP-IND-08822
BC-08823,2026-01-01 21:08:57+00:00,0,IOMT-005,S-IOMT-005-847,LAB_RESULTS,EP-IND-08823
BC-08824,2026-01-01 21:08:59+00:00,0,IOMT-029,S-IOMT-029-848,IMAGING,EP-IND-08824
BC-08825,2026-01-01 21:09:07+00:00,0,IOMT-024,S-IOMT-024-849,EHR_WRITE,EP-IND-08825
BC-08826,2026-01-01 21:09:11+00:00,0,IOMT-019,S-IOMT-019-850,LAB_RESULTS,EP-IND-08826
BC-08827,2026-01-01 21:10:09+00:00,0,IOMT-003,S-IOMT-003-851,IMAGING,EP-IND-08827
BC-08828,2026-01-01 21:10:27+00:00,0,IOMT-004,S-IOMT-004-852,LAB_RESULTS,EP-IND-08828
BC-08829,2026-01-01 21:10:49+00:00,0,IOMT-019,S-IOMT-019-853,EHR_WRITE,EP-IND-08829
BC-08830,2026-01-01 21:11:07+00:00,0,IOMT-013,S-IOMT-013-854,RESEARCH,EP-IND-08830
BC-08831,2026-01-01 21:11:18+00:00,0,IOMT-039,S-IOMT-039-855,IMAGING,EP-IND-08831
BC-08832,2026-01-01 21:11:21+00:00,0,IOMT-043,S-IOMT-043-856,RESEARCH,EP-IND-08832
BC-08833,2026-01-01 21:11:36+00:00,0,IOMT-030,S-IOMT-030-857,EHR_WRITE,EP-IND-08833
BC-08834,2026-01-01 21:11:38+00:00,0,IOMT-026,S-IOMT-026-858,EHR_WRITE,EP-IND-08834
BC-08835,2026-01-01 21:11:38+00:00,0,IOMT-009,S-IOMT-009-859,EHR_READ,EP-IND-08835
BC-08836,2026-01-01 21:11:40+00:00,0,IOMT-003,S-IOMT-003-860,RESEARCH,EP-IND-08836
BC-08837,2026-01-01 21:11:52+00:00,0,IOMT-046,S-IOMT-046-861,RESEARCH,EP-IND-08837
BC-08838,2026-01-01 21:12:31+00:00,0,IOMT-000,S-IOMT-000-862,IMAGING,EP-IND-08838
BC-08839,2026-01-01 21:12:41+00:00,0,IOMT-035,S-IOMT-035-863,RESEARCH,EP-IND-08839
BC-08840,2026-01-01 21:12:46+00:00,0,IOMT-004,S-IOMT-004-864,EHR_READ,EP-IND-08840
BC-08841,2026-01-01 21:13:04+00:00,0,IOMT-022,S-IOMT-022-865,EHR_WRITE,EP-IND-08841
BC-08842,2026-01-01 21:13:23+00:00,0,IOMT-033,S-IOMT-033-866,EHR_READ,EP-IND-08842
BC-08843,2026-01-01 21:13:25+00:00,0,IOMT-001,S-IOMT-001-867,LAB_RESULTS,EP-IND-08843
BC-08844,2026-01-01 21:13:39+00:00,0,IOMT-030,S-IOMT-030-868,RESEARCH,EP-IND-08844
BC-08845,2026-01-01 21:13:48+00:00,0,IOMT-007,S-IOMT-007-869,RESEARCH,EP-IND-08845
BC-08846,2026-01-01 21:13:57+00:00,0,IOMT-008,S-IOMT-008-870,IMAGING,EP-IND-08846
BC-08847,2026-01-01 21:14:02+00:00,0,IOMT-030,S-IOMT-030-871,EHR_READ,EP-IND-08847
BC-08848,2026-01-01 21:14:03+00:00,0,IOMT-043,S-IOMT-043-872,IMAGING,EP-IND-08848
BC-08849,2026-01-01 21:14:03+00:00,0,IOMT-024,S-IOMT-024-873,EHR_WRITE,EP-IND-08849
BC-08850,2026-01-01 21:14:08+00:00,0,IOMT-041,S-IOMT-041-874,IMAGING,EP-IND-08850
BC-08851,2026-01-01 21:14:15+00:00,0,IOMT-023,S-IOMT-023-875,LAB_RESULTS,EP-IND-08851
BC-08852,2026-01-01 21:14:32+00:00,0,IOMT-028,S-IOMT-028-876,EHR_READ,EP-IND-08852
BC-08853,2026-01-01 21:14:34+00:00,0,IOMT-039,S-IOMT-039-877,IMAGING,EP-IND-08853
BC-08854,2026-01-01 21:14:41+00:00,0,IOMT-037,S-IOMT-037-878,EHR_READ,EP-IND-08854
BC-08855,2026-01-01 21:14:54+00:00,0,IOMT-038,S-IOMT-038-879,EHR_READ,EP-IND-08855
BC-08856,2026-01-01 21:14:57+00:00,0,IOMT-020,S-IOMT-020-880,LAB_RESULTS,EP-IND-08856
BC-08857,2026-01-01 21:15:29+00:00,1,IOMT-012,S-IOMT-012-881,LAB_RESULTS,EP-IND-08857
BC-08858,2026-01-01 21:15:31+00:00,0,IOMT-036,S-IOMT-036-882,RESEARCH,EP-IND-08858
BC-08859,2026-01-01 21:15:31+00:00,0,IOMT-033,S-IOMT-033-883,EHR_WRITE,EP-IND-08859
BC-08860,2026-01-01 21:15:49+00:00,1,IOMT-022,S-IOMT-022-884,RESEARCH,EP-IND-08860
BC-08861,2026-01-01 21:15:53+00:00,0,IOMT-038,S-IOMT-038-885,EHR_WRITE,EP-IND-08861
BC-08862,2026-01-01 21:15:57+00:00,0,IOMT-011,S-IOMT-011-886,IMAGING,EP-IND-08862
BC-08863,2026-01-01 21:16:07+00:00,0,IOMT-038,S-IOMT-038-887,EHR_READ,EP-IND-08863
BC-08864,2026-01-01 21:16:14+00:00,0,IOMT-037,S-IOMT-037-888,LAB_RESULTS,EP-IND-08864
BC-08865,2026-01-01 21:16:26+00:00,0,IOMT-034,S-IOMT-034-889,EHR_READ,EP-IND-08865
BC-08866,2026-01-01 21:16:26+00:00,0,IOMT-041,S-IOMT-041-890,RESEARCH,EP-IND-08866
BC-08867,2026-01-01 21:16:44+00:00,0,IOMT-010,S-IOMT-010-891,EHR_WRITE,EP-IND-08867
BC-08868,2026-01-01 21:16:52+00:00,0,IOMT-009,S-IOMT-009-892,IMAGING,EP-IND-08868
BC-08869,2026-01-01 21:17:10+00:00,0,IOMT-039,S-IOMT-039-893,RESEARCH,EP-IND-08869
BC-08870,2026-01-01 21:17:34+00:00,0,IOMT-000,S-IOMT-000-894,LAB_RESULTS,EP-IND-08870
BC-08871,2026-01-01 21:17:46+00:00,0,IOMT-010,S-IOMT-010-895,RESEARCH,EP-IND-08871
BC-08872,2026-01-01 21:17:47+00:00,0,IOMT-026,S-IOMT-026-896,RESEARCH,EP-IND-08872
BC-08873,2026-01-01 21:17:49+00:00,0,IOMT-045,S-IOMT-045-897,IMAGING,EP-IND-08873
BC-08874,2026-01-01 21:18:21+00:00,0,IOMT-042,S-IOMT-042-898,EHR_WRITE,EP-IND-08874
BC-08875,2026-01-01 21:18:52+00:00,0,IOMT-035,S-IOMT-035-899,EHR_READ,EP-IND-08875
BC-08876,2026-01-01 21:18:53+00:00,0,IOMT-039,S-IOMT-039-900,IMAGING,EP-IND-08876
BC-08877,2026-01-01 21:18:55+00:00,0,IOMT-003,S-IOMT-003-901,IMAGING,EP-IND-08877
BC-08878,2026-01-01 21:18:56+00:00,0,IOMT-035,S-IOMT-035-902,IMAGING,EP-IND-08878
BC-08879,2026-01-01 21:19:28+00:00,0,IOMT-002,S-IOMT-002-903,IMAGING,EP-IND-08879
BC-08880,2026-01-01 21:19:41+00:00,0,IOMT-032,S-IOMT-032-904,LAB_RESULTS,EP-IND-08880
BC-08881,2026-01-01 21:19:53+00:00,0,IOMT-020,S-IOMT-020-905,EHR_READ,EP-IND-08881
BC-08882,2026-01-01 21:20:01+00:00,0,IOMT-039,S-IOMT-039-906,IMAGING,EP-IND-08882
BC-08883,2026-01-01 21:20:41+00:00,0,IOMT-014,S-IOMT-014-907,IMAGING,EP-IND-08883
BC-08884,2026-01-01 21:20:43+00:00,0,IOMT-024,S-IOMT-024-908,IMAGING,EP-IND-08884
BC-08885,2026-01-01 21:20:43+00:00,0,IOMT-007,S-IOMT-007-909,EHR_READ,EP-IND-08885
BC-08886,2026-01-01 21:20:53+00:00,0,IOMT-026,S-IOMT-026-910,IMAGING,EP-IND-08886
BC-08887,2026-01-01 21:21:13+00:00,0,IOMT-034,S-IOMT-034-911,LAB_RESULTS,EP-IND-08887
BC-08888,2026-01-01 21:21:14+00:00,0,IOMT-039,S-IOMT-039-912,RESEARCH,EP-IND-08888
BC-08889,2026-01-01 21:21:22+00:00,0,IOMT-020,S-IOMT-020-913,LAB_RESULTS,EP-IND-08889
BC-08890,2026-01-01 21:21:23+00:00,0,IOMT-038,S-IOMT-038-914,EHR_WRITE,EP-IND-08890
BC-08891,2026-01-01 21:21:28+00:00,0,IOMT-012,S-IOMT-012-915,LAB_RESULTS,EP-IND-08891
BC-08892,2026-01-01 21:21:37+00:00,0,IOMT-021,S-IOMT-021-916,IMAGING,EP-IND-08892
BC-08893,2026-01-01 21:21:46+00:00,0,IOMT-023,S-IOMT-023-917,RESEARCH,EP-IND-08893
BC-08894,2026-01-01 21:21:51+00:00,0,IOMT-025,S-IOMT-025-918,EHR_READ,EP-IND-08894
BC-08895,2026-01-01 21:21:52+00:00,0,IOMT-044,S-IOMT-044-919,LAB_RESULTS,EP-IND-08895
BC-08896,2026-01-01 21:22:08+00:00,0,IOMT-020,S-IOMT-020-920,EHR_WRITE,EP-IND-08896
BC-08897,2026-01-01 21:22:34+00:00,0,IOMT-036,S-IOMT-036-921,EHR_READ,EP-IND-08897
BC-08898,2026-01-01 21:22:59+00:00,0,IOMT-047,S-IOMT-047-922,EHR_READ,EP-IND-08898
BC-08899,2026-01-01 21:22:59+00:00,0,IOMT-039,S-IOMT-039-923,LAB_RESULTS,EP-IND-08899
BC-08900,2026-01-01 21:23:02+00:00,0,IOMT-030,S-IOMT-030-924,RESEARCH,EP-IND-08900
BC-08901,2026-01-01 21:23:11+00:00,0,IOMT-010,S-IOMT-010-925,LAB_RESULTS,EP-IND-08901
BC-08902,2026-01-01 21:23:12+00:00,0,IOMT-036,S-IOMT-036-926,LAB_RESULTS,EP-IND-08902
BC-08903,2026-01-01 21:23:29+00:00,0,IOMT-021,S-IOMT-021-927,EHR_READ,EP-IND-08903
BC-08904,2026-01-01 21:23:31+00:00,0,IOMT-010,S-IOMT-010-928,RESEARCH,EP-IND-08904
BC-08905,2026-01-01 21:23:37+00:00,0,IOMT-003,S-IOMT-003-929,RESEARCH,EP-IND-08905
BC-08906,2026-01-01 21:23:54+00:00,0,IOMT-006,S-IOMT-006-930,EHR_READ,EP-IND-08906
BC-08907,2026-01-01 21:24:06+00:00,0,IOMT-012,S-IOMT-012-931,EHR_WRITE,EP-IND-08907
BC-08908,2026-01-01 21:24:13+00:00,0,IOMT-049,S-IOMT-049-932,IMAGING,EP-IND-08908
BC-08909,2026-01-01 21:24:32+00:00,0,IOMT-021,S-IOMT-021-933,EHR_READ,EP-IND-08909
BC-08910,2026-01-01 21:24:34+00:00,0,IOMT-006,S-IOMT-006-934,RESEARCH,EP-IND-08910
BC-08911,2026-01-01 21:24:34+00:00,0,IOMT-000,S-IOMT-000-935,RESEARCH,EP-IND-08911
BC-08912,2026-01-01 21:24:36+00:00,0,IOMT-002,S-IOMT-002-936,RESEARCH,EP-IND-08912
BC-08913,2026-01-01 21:24:55+00:00,0,IOMT-029,S-IOMT-029-937,EHR_READ,EP-IND-08913
BC-08914,2026-01-01 21:25:13+00:00,0,IOMT-016,S-IOMT-016-938,LAB_RESULTS,EP-IND-08914
BC-08915,2026-01-01 21:25:21+00:00,0,IOMT-039,S-IOMT-039-939,IMAGING,EP-IND-08915
BC-08916,2026-01-01 21:25:25+00:00,0,IOMT-038,S-IOMT-038-940,IMAGING,EP-IND-08916
BC-08917,2026-01-01 21:25:29+00:00,0,IOMT-001,S-IOMT-001-941,EHR_READ,EP-IND-08917
BC-08918,2026-01-01 21:25:36+00:00,0,IOMT-049,S-IOMT-049-942,IMAGING,EP-IND-08918
BC-08919,2026-01-01 21:25:37+00:00,0,IOMT-027,S-IOMT-027-943,EHR_READ,EP-IND-08919
BC-08920,2026-01-01 21:25:48+00:00,0,IOMT-029,S-IOMT-029-944,EHR_READ,EP-IND-08920
BC-08921,2026-01-01 21:25:53+00:00,0,IOMT-026,S-IOMT-026-945,IMAGING,EP-IND-08921
BC-08922,2026-01-01 21:26:13+00:00,0,IOMT-002,S-IOMT-002-946,LAB_RESULTS,EP-IND-08922
BC-08923,2026-01-01 21:26:19+00:00,0,IOMT-000,S-IOMT-000-947,LAB_RESULTS,EP-IND-08923
BC-08924,2026-01-01 21:26:28+00:00,0,IOMT-027,S-IOMT-027-948,LAB_RESULTS,EP-IND-08924
BC-08925,2026-01-01 21:26:29+00:00,0,IOMT-024,S-IOMT-024-949,RESEARCH,EP-IND-08925
BC-08926,2026-01-01 21:26:52+00:00,0,IOMT-030,S-IOMT-030-950,RESEARCH,EP-IND-08926
BC-08927,2026-01-01 21:27:10+00:00,0,IOMT-047,S-IOMT-047-951,EHR_WRITE,EP-IND-08927
BC-08928,2026-01-01 21:27:15+00:00,0,IOMT-002,S-IOMT-002-952,IMAGING,EP-IND-08928
BC-08929,2026-01-01 21:27:21+00:00,0,IOMT-006,S-IOMT-006-953,RESEARCH,EP-IND-08929
BC-08930,2026-01-01 21:27:22+00:00,0,IOMT-042,S-IOMT-042-954,RESEARCH,EP-IND-08930
BC-08931,2026-01-01 21:27:22+00:00,0,IOMT-042,S-IOMT-042-955,RESEARCH,EP-IND-08931
BC-08932,2026-01-01 21:27:27+00:00,0,IOMT-023,S-IOMT-023-956,EHR_READ,EP-IND-08932
BC-08933,2026-01-01 21:27:31+00:00,0,IOMT-008,S-IOMT-008-957,RESEARCH,EP-IND-08933
BC-08934,2026-01-01 21:27:46+00:00,0,IOMT-022,S-IOMT-022-958,RESEARCH,EP-IND-08934
BC-08935,2026-01-01 21:27:48+00:00,0,IOMT-037,S-IOMT-037-959,RESEARCH,EP-IND-08935
BC-08936,2026-01-01 21:27:49+00:00,0,IOMT-006,S-IOMT-006-960,RESEARCH,EP-IND-08936
BC-08937,2026-01-01 21:28:13+00:00,0,IOMT-001,S-IOMT-001-961,EHR_WRITE,EP-IND-08937
BC-08938,2026-01-01 21:28:21+00:00,0,IOMT-020,S-IOMT-020-962,LAB_RESULTS,EP-IND-08938
BC-08939,2026-01-01 21:28:24+00:00,0,IOMT-009,S-IOMT-009-963,IMAGING,EP-IND-08939
BC-08940,2026-01-01 21:28:41+00:00,0,IOMT-006,S-IOMT-006-964,EHR_WRITE,EP-IND-08940
BC-08941,2026-01-01 21:28:50+00:00,0,IOMT-016,S-IOMT-016-965,EHR_READ,EP-IND-08941
BC-08942,2026-01-01 21:28:59+00:00,0,IOMT-031,S-IOMT-031-966,RESEARCH,EP-IND-08942
BC-08943,2026-01-01 21:29:12+00:00,0,IOMT-021,S-IOMT-021-967,RESEARCH,EP-IND-08943
BC-08944,2026-01-01 21:29:15+00:00,0,IOMT-045,S-IOMT-045-968,EHR_READ,EP-IND-08944
BC-08945,2026-01-01 21:29:18+00:00,0,IOMT-016,S-IOMT-016-969,RESEARCH,EP-IND-08945
BC-08946,2026-01-01 21:29:29+00:00,0,IOMT-044,S-IOMT-044-970,EHR_READ,EP-IND-08946
BC-08947,2026-01-01 21:29:30+00:00,0,IOMT-012,S-IOMT-012-971,RESEARCH,EP-IND-08947
BC-08948,2026-01-01 21:29:53+00:00,0,IOMT-045,S-IOMT-045-972,EHR_READ,EP-IND-08948
BC-08949,2026-01-01 21:29:57+00:00,0,IOMT-037,S-IOMT-037-973,LAB_RESULTS,EP-IND-08949
BC-08950,2026-01-01 21:29:57+00:00,0,IOMT-037,S-IOMT-037-974,EHR_READ,EP-IND-08950
BC-08951,2026-01-01 21:30:01+00:00,0,IOMT-031,S-IOMT-031-975,EHR_WRITE,EP-IND-08951
BC-08952,2026-01-01 21:30:09+00:00,0,IOMT-046,S-IOMT-046-976,RESEARCH,EP-IND-08952
BC-08953,2026-01-01 21:30:16+00:00,0,IOMT-047,S-IOMT-047-977,EHR_READ,EP-IND-08953
BC-08954,2026-01-01 21:30:19+00:00,0,IOMT-015,S-IOMT-015-978,IMAGING,EP-IND-08954
BC-08955,2026-01-01 21:30:19+00:00,0,IOMT-006,S-IOMT-006-979,IMAGING,EP-IND-08955
BC-08956,2026-01-01 21:30:22+00:00,0,IOMT-033,S-IOMT-033-980,RESEARCH,EP-IND-08956
BC-08957,2026-01-01 21:30:28+00:00,0,IOMT-026,S-IOMT-026-981,LAB_RESULTS,EP-IND-08957
BC-08958,2026-01-01 21:30:38+00:00,0,IOMT-032,S-IOMT-032-982,EHR_READ,EP-IND-08958
BC-08959,2026-01-01 21:30:46+00:00,0,IOMT-039,S-IOMT-039-983,LAB_RESULTS,EP-IND-08959
BC-08960,2026-01-01 21:30:54+00:00,0,IOMT-029,S-IOMT-029-984,EHR_WRITE,EP-IND-08960
BC-08961,2026-01-01 21:30:58+00:00,0,IOMT-014,S-IOMT-014-985,IMAGING,EP-IND-08961
BC-08962,2026-01-01 21:31:06+00:00,0,IOMT-033,S-IOMT-033-986,IMAGING,EP-IND-08962
BC-08963,2026-01-01 21:31:07+00:00,0,IOMT-000,S-IOMT-000-987,RESEARCH,EP-IND-08963
BC-08964,2026-01-01 21:31:10+00:00,0,IOMT-010,S-IOMT-010-988,LAB_RESULTS,EP-IND-08964
BC-08965,2026-01-01 21:31:15+00:00,0,IOMT-039,S-IOMT-039-989,EHR_READ,EP-IND-08965
BC-08966,2026-01-01 21:31:24+00:00,0,IOMT-020,S-IOMT-020-990,IMAGING,EP-IND-08966
BC-08967,2026-01-01 21:31:31+00:00,0,IOMT-042,S-IOMT-042-991,EHR_WRITE,EP-IND-08967
BC-08968,2026-01-01 21:31:38+00:00,0,IOMT-011,S-IOMT-011-992,EHR_WRITE,EP-IND-08968
BC-08969,2026-01-01 21:31:46+00:00,0,IOMT-049,S-IOMT-049-993,LAB_RESULTS,EP-IND-08969
BC-08970,2026-01-01 21:31:55+00:00,0,IOMT-007,S-IOMT-007-994,LAB_RESULTS,EP-IND-08970
BC-08971,2026-01-01 21:32:04+00:00,0,IOMT-021,S-IOMT-021-995,IMAGING,EP-IND-08971
BC-08972,2026-01-01 21:32:05+00:00,0,IOMT-016,S-IOMT-016-996,RESEARCH,EP-IND-08972
BC-08973,2026-01-01 21:32:05+00:00,0,IOMT-007,S-IOMT-007-0,EHR_READ,EP-IND-08973
BC-08974,2026-01-01 21:32:38+00:00,0,IOMT-036,S-IOMT-036-1,EHR_READ,EP-IND-08974
BC-08975,2026-01-01 21:32:41+00:00,0,IOMT-038,S-IOMT-038-2,RESEARCH,EP-IND-08975
BC-08976,2026-01-01 21:32:43+00:00,0,IOMT-021,S-IOMT-021-3,EHR_READ,EP-IND-08976
BC-08977,2026-01-01 21:32:43+00:00,0,IOMT-031,S-IOMT-031-4,LAB_RESULTS,EP-IND-08977
BC-08978,2026-01-01 21:32:50+00:00,0,IOMT-032,S-IOMT-032-5,EHR_READ,EP-IND-08978
BC-08979,2026-01-01 21:33:19+00:00,0,IOMT-017,S-IOMT-017-6,LAB_RESULTS,EP-IND-08979
BC-08980,2026-01-01 21:33:28+00:00,0,IOMT-038,S-IOMT-038-7,RESEARCH,EP-IND-08980
BC-08981,2026-01-01 21:33:43+00:00,0,IOMT-006,S-IOMT-006-8,EHR_WRITE,EP-IND-08981
BC-08982,2026-01-01 21:33:56+00:00,0,IOMT-011,S-IOMT-011-9,EHR_WRITE,EP-IND-08982
BC-08983,2026-01-01 21:34:09+00:00,0,IOMT-001,S-IOMT-001-10,IMAGING,EP-IND-08983
BC-08984,2026-01-01 21:34:11+00:00,0,IOMT-027,S-IOMT-027-11,RESEARCH,EP-IND-08984
BC-08985,2026-01-01 21:34:15+00:00,0,IOMT-000,S-IOMT-000-12,LAB_RESULTS,EP-IND-08985
BC-08986,2026-01-01 21:34:25+00:00,0,IOMT-002,S-IOMT-002-13,LAB_RESULTS,EP-IND-08986
BC-08987,2026-01-01 21:34:27+00:00,0,IOMT-013,S-IOMT-013-14,EHR_WRITE,EP-IND-08987
BC-08988,2026-01-01 21:34:34+00:00,0,IOMT-011,S-IOMT-011-15,LAB_RESULTS,EP-IND-08988
BC-08989,2026-01-01 21:34:40+00:00,0,IOMT-049,S-IOMT-049-16,EHR_READ,EP-IND-08989
BC-08990,2026-01-01 21:34:57+00:00,0,IOMT-000,S-IOMT-000-17,EHR_WRITE,EP-IND-08990
BC-08991,2026-01-01 21:35:16+00:00,0,IOMT-005,S-IOMT-005-18,IMAGING,EP-IND-08991
BC-08992,2026-01-01 21:35:18+00:00,0,IOMT-045,S-IOMT-045-19,EHR_WRITE,EP-IND-08992
BC-08993,2026-01-01 21:35:21+00:00,0,IOMT-025,S-IOMT-025-20,LAB_RESULTS,EP-IND-08993
BC-08994,2026-01-01 21:35:29+00:00,0,IOMT-008,S-IOMT-008-21,EHR_READ,EP-IND-08994
BC-08995,2026-01-01 21:35:32+00:00,0,IOMT-025,S-IOMT-025-22,RESEARCH,EP-IND-08995
BC-08996,2026-01-01 21:35:33+00:00,0,IOMT-008,S-IOMT-008-23,RESEARCH,EP-IND-08996
BC-08997,2026-01-01 21:35:37+00:00,0,IOMT-018,S-IOMT-018-24,RESEARCH,EP-IND-08997
BC-08998,2026-01-01 21:35:40+00:00,0,IOMT-025,S-IOMT-025-25,IMAGING,EP-IND-08998
BC-08999,2026-01-01 21:36:26+00:00,0,IOMT-030,S-IOMT-030-26,EHR_WRITE,EP-IND-08999
BC-09000,2026-01-01 21:36:40+00:00,0,IOMT-042,S-IOMT-042-27,IMAGING,EP-IND-09000
BC-09001,2026-01-01 21:36:48+00:00,0,IOMT-029,S-IOMT-029-28,LAB_RESULTS,EP-IND-09001
BC-09002,2026-01-01 21:36:48+00:00,0,IOMT-036,S-IOMT-036-29,EHR_WRITE,EP-IND-09002
BC-09003,2026-01-01 21:37:04+00:00,0,IOMT-034,S-IOMT-034-30,IMAGING,EP-IND-09003
BC-09004,2026-01-01 21:37:16+00:00,0,IOMT-010,S-IOMT-010-31,EHR_READ,EP-IND-09004
BC-09005,2026-01-01 21:37:22+00:00,0,IOMT-032,S-IOMT-032-32,IMAGING,EP-IND-09005
BC-09006,2026-01-01 21:37:27+00:00,0,IOMT-031,S-IOMT-031-33,EHR_WRITE,EP-IND-09006
BC-09007,2026-01-01 21:37:28+00:00,0,IOMT-046,S-IOMT-046-34,IMAGING,EP-IND-09007
BC-09008,2026-01-01 21:37:41+00:00,0,IOMT-028,S-IOMT-028-35,LAB_RESULTS,EP-IND-09008
BC-09009,2026-01-01 21:37:41+00:00,0,IOMT-034,S-IOMT-034-36,LAB_RESULTS,EP-IND-09009
BC-09010,2026-01-01 21:37:50+00:00,0,IOMT-029,S-IOMT-029-37,EHR_WRITE,EP-IND-09010
BC-09011,2026-01-01 21:37:54+00:00,0,IOMT-036,S-IOMT-036-38,EHR_WRITE,EP-IND-09011
BC-09012,2026-01-01 21:37:58+00:00,0,IOMT-022,S-IOMT-022-39,IMAGING,EP-IND-09012
BC-09013,2026-01-01 21:38:14+00:00,0,IOMT-004,S-IOMT-004-40,IMAGING,EP-IND-09013
BC-09014,2026-01-01 21:38:19+00:00,0,IOMT-025,S-IOMT-025-41,RESEARCH,EP-IND-09014
BC-09015,2026-01-01 21:38:23+00:00,0,IOMT-007,S-IOMT-007-42,IMAGING,EP-IND-09015
BC-09016,2026-01-01 21:38:25+00:00,0,IOMT-038,S-IOMT-038-43,EHR_READ,EP-IND-09016
BC-09017,2026-01-01 21:38:44+00:00,0,IOMT-044,S-IOMT-044-44,EHR_READ,EP-IND-09017
BC-09018,2026-01-01 21:38:50+00:00,0,IOMT-006,S-IOMT-006-45,IMAGING,EP-IND-09018
BC-09019,2026-01-01 21:38:51+00:00,0,IOMT-048,S-IOMT-048-46,EHR_WRITE,EP-IND-09019
BC-09020,2026-01-01 21:38:58+00:00,0,IOMT-003,S-IOMT-003-47,RESEARCH,EP-IND-09020
BC-09021,2026-01-01 21:39:03+00:00,0,IOMT-011,S-IOMT-011-48,LAB_RESULTS,EP-IND-09021
BC-09022,2026-01-01 21:39:06+00:00,0,IOMT-040,S-IOMT-040-49,LAB_RESULTS,EP-IND-09022
BC-09023,2026-01-01 21:39:10+00:00,0,IOMT-009,S-IOMT-009-50,IMAGING,EP-IND-09023
BC-09024,2026-01-01 21:39:17+00:00,0,IOMT-008,S-IOMT-008-51,EHR_WRITE,EP-IND-09024
BC-09025,2026-01-01 21:39:44+00:00,0,IOMT-029,S-IOMT-029-52,LAB_RESULTS,EP-IND-09025
BC-09026,2026-01-01 21:39:48+00:00,0,IOMT-039,S-IOMT-039-53,LAB_RESULTS,EP-IND-09026
BC-09027,2026-01-01 21:39:48+00:00,0,IOMT-027,S-IOMT-027-54,EHR_WRITE,EP-IND-09027
BC-09028,2026-01-01 21:39:51+00:00,0,IOMT-046,S-IOMT-046-55,RESEARCH,EP-IND-09028
BC-09029,2026-01-01 21:40:15+00:00,0,IOMT-037,S-IOMT-037-56,IMAGING,EP-IND-09029
BC-09030,2026-01-01 21:40:33+00:00,0,IOMT-023,S-IOMT-023-57,IMAGING,EP-IND-09030
BC-09031,2026-01-01 21:40:36+00:00,0,IOMT-028,S-IOMT-028-58,RESEARCH,EP-IND-09031
BC-09032,2026-01-01 21:40:48+00:00,0,IOMT-028,S-IOMT-028-59,EHR_WRITE,EP-IND-09032
BC-09033,2026-01-01 21:41:12+00:00,0,IOMT-009,S-IOMT-009-60,EHR_READ,EP-IND-09033
BC-09034,2026-01-01 21:41:15+00:00,0,IOMT-017,S-IOMT-017-61,RESEARCH,EP-IND-09034
BC-09035,2026-01-01 21:41:17+00:00,0,IOMT-041,S-IOMT-041-62,LAB_RESULTS,EP-IND-09035
BC-09036,2026-01-01 21:41:22+00:00,0,IOMT-034,S-IOMT-034-63,LAB_RESULTS,EP-IND-09036
BC-09037,2026-01-01 21:41:35+00:00,0,IOMT-043,S-IOMT-043-64,RESEARCH,EP-IND-09037
BC-09038,2026-01-01 21:41:47+00:00,0,IOMT-037,S-IOMT-037-65,IMAGING,EP-IND-09038
BC-09039,2026-01-01 21:41:50+00:00,0,IOMT-007,S-IOMT-007-66,IMAGING,EP-IND-09039
BC-09040,2026-01-01 21:41:50+00:00,0,IOMT-003,S-IOMT-003-67,EHR_WRITE,EP-IND-09040
BC-09041,2026-01-01 21:41:53+00:00,0,IOMT-012,S-IOMT-012-68,EHR_WRITE,EP-IND-09041
BC-09042,2026-01-01 21:41:57+00:00,0,IOMT-009,S-IOMT-009-69,RESEARCH,EP-IND-09042
BC-09043,2026-01-01 21:42:01+00:00,0,IOMT-049,S-IOMT-049-70,IMAGING,EP-IND-09043
BC-09044,2026-01-01 21:42:20+00:00,0,IOMT-015,S-IOMT-015-71,LAB_RESULTS,EP-IND-09044
BC-09045,2026-01-01 21:42:31+00:00,0,IOMT-021,S-IOMT-021-72,LAB_RESULTS,EP-IND-09045
BC-09046,2026-01-01 21:42:37+00:00,0,IOMT-036,S-IOMT-036-73,IMAGING,EP-IND-09046
BC-09047,2026-01-01 21:42:37+00:00,0,IOMT-041,S-IOMT-041-74,LAB_RESULTS,EP-IND-09047
BC-09048,2026-01-01 21:42:51+00:00,0,IOMT-044,S-IOMT-044-75,EHR_READ,EP-IND-09048
BC-09049,2026-01-01 21:42:58+00:00,0,IOMT-044,S-IOMT-044-76,EHR_READ,EP-IND-09049
BC-09050,2026-01-01 21:43:02+00:00,0,IOMT-034,S-IOMT-034-77,LAB_RESULTS,EP-IND-09050
BC-09051,2026-01-01 21:43:06+00:00,0,IOMT-030,S-IOMT-030-78,LAB_RESULTS,EP-IND-09051
BC-09052,2026-01-01 21:43:08+00:00,0,IOMT-048,S-IOMT-048-79,EHR_READ,EP-IND-09052
BC-09053,2026-01-01 21:43:18+00:00,0,IOMT-039,S-IOMT-039-80,EHR_READ,EP-IND-09053
BC-09054,2026-01-01 21:43:35+00:00,0,IOMT-025,S-IOMT-025-81,EHR_READ,EP-IND-09054
BC-09055,2026-01-01 21:43:37+00:00,0,IOMT-018,S-IOMT-018-82,RESEARCH,EP-IND-09055
BC-09056,2026-01-01 21:43:38+00:00,0,IOMT-044,S-IOMT-044-83,RESEARCH,EP-IND-09056
BC-09057,2026-01-01 21:43:51+00:00,0,IOMT-022,S-IOMT-022-84,IMAGING,EP-IND-09057
BC-09058,2026-01-01 21:43:58+00:00,0,IOMT-049,S-IOMT-049-85,LAB_RESULTS,EP-IND-09058
BC-09059,2026-01-01 21:43:58+00:00,0,IOMT-016,S-IOMT-016-86,RESEARCH,EP-IND-09059
BC-09060,2026-01-01 21:44:01+00:00,0,IOMT-042,S-IOMT-042-87,EHR_WRITE,EP-IND-09060
BC-09061,2026-01-01 21:44:10+00:00,0,IOMT-003,S-IOMT-003-88,EHR_WRITE,EP-IND-09061
BC-09062,2026-01-01 21:44:21+00:00,0,IOMT-010,S-IOMT-010-89,RESEARCH,EP-IND-09062
BC-09063,2026-01-01 21:44:21+00:00,0,IOMT-035,S-IOMT-035-90,EHR_WRITE,EP-IND-09063
BC-09064,2026-01-01 21:44:30+00:00,0,IOMT-009,S-IOMT-009-91,LAB_RESULTS,EP-IND-09064
BC-09065,2026-01-01 21:44:56+00:00,0,IOMT-028,S-IOMT-028-92,EHR_WRITE,EP-IND-09065
BC-09066,2026-01-01 21:45:11+00:00,0,IOMT-025,S-IOMT-025-93,LAB_RESULTS,EP-IND-09066
BC-09067,2026-01-01 21:45:18+00:00,0,IOMT-012,S-IOMT-012-94,EHR_WRITE,EP-IND-09067
BC-09068,2026-01-01 21:45:26+00:00,0,IOMT-048,S-IOMT-048-95,EHR_READ,EP-IND-09068
BC-09069,2026-01-01 21:45:49+00:00,0,IOMT-008,S-IOMT-008-96,EHR_WRITE,EP-IND-09069
BC-09070,2026-01-01 21:45:52+00:00,0,IOMT-047,S-IOMT-047-97,RESEARCH,EP-IND-09070
BC-09071,2026-01-01 21:45:54+00:00,0,IOMT-037,S-IOMT-037-98,EHR_READ,EP-IND-09071
BC-09072,2026-01-01 21:46:00+00:00,0,IOMT-038,S-IOMT-038-99,LAB_RESULTS,EP-IND-09072
BC-09073,2026-01-01 21:46:06+00:00,0,IOMT-023,S-IOMT-023-100,EHR_READ,EP-IND-09073
BC-09074,2026-01-01 21:46:18+00:00,0,IOMT-012,S-IOMT-012-101,RESEARCH,EP-IND-09074
BC-09075,2026-01-01 21:46:24+00:00,1,IOMT-041,S-IOMT-041-102,RESEARCH,EP-IND-09075
BC-09076,2026-01-01 21:46:31+00:00,0,IOMT-013,S-IOMT-013-103,IMAGING,EP-IND-09076
BC-09077,2026-01-01 21:46:46+00:00,0,IOMT-049,S-IOMT-049-104,LAB_RESULTS,EP-IND-09077
BC-09078,2026-01-01 21:46:51+00:00,0,IOMT-035,S-IOMT-035-105,LAB_RESULTS,EP-IND-09078
BC-09079,2026-01-01 21:46:57+00:00,0,IOMT-043,S-IOMT-043-106,EHR_READ,EP-IND-09079
BC-09080,2026-01-01 21:47:00+00:00,1,IOMT-015,S-IOMT-015-107,RESEARCH,EP-IND-09080
BC-09081,2026-01-01 21:47:04+00:00,0,IOMT-015,S-IOMT-015-108,RESEARCH,EP-IND-09081
BC-09082,2026-01-01 21:47:12+00:00,0,IOMT-006,S-IOMT-006-109,EHR_READ,EP-IND-09082
BC-09083,2026-01-01 21:47:36+00:00,0,IOMT-000,S-IOMT-000-110,RESEARCH,EP-IND-09083
BC-09084,2026-01-01 21:47:58+00:00,0,IOMT-034,S-IOMT-034-111,LAB_RESULTS,EP-IND-09084
BC-09085,2026-01-01 21:47:58+00:00,0,IOMT-013,S-IOMT-013-112,EHR_WRITE,EP-IND-09085
BC-09086,2026-01-01 21:48:05+00:00,0,IOMT-016,S-IOMT-016-113,IMAGING,EP-IND-09086
BC-09087,2026-01-01 21:48:19+00:00,0,IOMT-005,S-IOMT-005-114,EHR_READ,EP-IND-09087
BC-09088,2026-01-01 21:48:19+00:00,0,IOMT-021,S-IOMT-021-115,LAB_RESULTS,EP-IND-09088
BC-09089,2026-01-01 21:48:22+00:00,0,IOMT-041,S-IOMT-041-116,IMAGING,EP-IND-09089
BC-09090,2026-01-01 21:48:23+00:00,0,IOMT-030,S-IOMT-030-117,EHR_WRITE,EP-IND-09090
BC-09091,2026-01-01 21:48:30+00:00,0,IOMT-013,S-IOMT-013-118,IMAGING,EP-IND-09091
BC-09092,2026-01-01 21:48:32+00:00,0,IOMT-001,S-IOMT-001-119,IMAGING,EP-IND-09092
BC-09093,2026-01-01 21:48:37+00:00,0,IOMT-025,S-IOMT-025-120,RESEARCH,EP-IND-09093
BC-09094,2026-01-01 21:48:38+00:00,0,IOMT-012,S-IOMT-012-121,EHR_READ,EP-IND-09094
BC-09095,2026-01-01 21:48:44+00:00,0,IOMT-049,S-IOMT-049-122,IMAGING,EP-IND-09095
BC-09096,2026-01-01 21:48:48+00:00,0,IOMT-041,S-IOMT-041-123,LAB_RESULTS,EP-IND-09096
BC-09097,2026-01-01 21:49:00+00:00,0,IOMT-008,S-IOMT-008-124,IMAGING,EP-IND-09097
BC-09098,2026-01-01 21:49:22+00:00,0,IOMT-021,S-IOMT-021-125,LAB_RESULTS,EP-IND-09098
BC-09099,2026-01-01 21:49:38+00:00,0,IOMT-022,S-IOMT-022-126,EHR_WRITE,EP-IND-09099
BC-09100,2026-01-01 21:49:43+00:00,0,IOMT-021,S-IOMT-021-127,RESEARCH,EP-IND-09100
BC-09101,2026-01-01 21:49:50+00:00,0,IOMT-022,S-IOMT-022-128,LAB_RESULTS,EP-IND-09101
BC-09102,2026-01-01 21:50:02+00:00,0,IOMT-043,S-IOMT-043-129,RESEARCH,EP-IND-09102
BC-09103,2026-01-01 21:50:10+00:00,0,IOMT-006,S-IOMT-006-130,LAB_RESULTS,EP-IND-09103
BC-09104,2026-01-01 21:50:23+00:00,0,IOMT-019,S-IOMT-019-131,EHR_WRITE,EP-IND-09104
BC-09105,2026-01-01 21:50:34+00:00,0,IOMT-025,S-IOMT-025-132,IMAGING,EP-IND-09105
BC-09106,2026-01-01 21:50:48+00:00,0,IOMT-032,S-IOMT-032-133,EHR_READ,EP-IND-09106
BC-09107,2026-01-01 21:50:51+00:00,0,IOMT-039,S-IOMT-039-134,IMAGING,EP-IND-09107
BC-09108,2026-01-01 21:51:12+00:00,0,IOMT-009,S-IOMT-009-135,RESEARCH,EP-IND-09108
BC-09109,2026-01-01 21:51:17+00:00,0,IOMT-023,S-IOMT-023-136,LAB_RESULTS,EP-IND-09109
BC-09110,2026-01-01 21:51:29+00:00,0,IOMT-026,S-IOMT-026-137,RESEARCH,EP-IND-09110
BC-09111,2026-01-01 21:51:50+00:00,0,IOMT-041,S-IOMT-041-138,IMAGING,EP-IND-09111
BC-09112,2026-01-01 21:52:21+00:00,0,IOMT-032,S-IOMT-032-139,RESEARCH,EP-IND-09112
BC-09113,2026-01-01 21:52:30+00:00,0,IOMT-042,S-IOMT-042-140,IMAGING,EP-IND-09113
BC-09114,2026-01-01 21:52:45+00:00,0,IOMT-005,S-IOMT-005-141,RESEARCH,EP-IND-09114
BC-09115,2026-01-01 21:52:55+00:00,0,IOMT-015,S-IOMT-015-142,EHR_READ,EP-IND-09115
BC-09116,2026-01-01 21:52:55+00:00,0,IOMT-016,S-IOMT-016-143,EHR_READ,EP-IND-09116
BC-09117,2026-01-01 21:53:10+00:00,0,IOMT-008,S-IOMT-008-144,EHR_READ,EP-IND-09117
BC-09118,2026-01-01 21:53:10+00:00,0,IOMT-021,S-IOMT-021-145,IMAGING,EP-IND-09118
BC-09119,2026-01-01 21:53:25+00:00,0,IOMT-044,S-IOMT-044-146,EHR_WRITE,EP-IND-09119
BC-09120,2026-01-01 21:53:37+00:00,0,IOMT-017,S-IOMT-017-147,LAB_RESULTS,EP-IND-09120
BC-09121,2026-01-01 21:53:45+00:00,0,IOMT-025,S-IOMT-025-148,EHR_READ,EP-IND-09121
BC-09122,2026-01-01 21:54:03+00:00,0,IOMT-005,S-IOMT-005-149,LAB_RESULTS,EP-IND-09122
BC-09123,2026-01-01 21:54:07+00:00,0,IOMT-019,S-IOMT-019-150,LAB_RESULTS,EP-IND-09123
BC-09124,2026-01-01 21:54:22+00:00,0,IOMT-032,S-IOMT-032-151,LAB_RESULTS,EP-IND-09124
BC-09125,2026-01-01 21:54:28+00:00,0,IOMT-037,S-IOMT-037-152,RESEARCH,EP-IND-09125
BC-09126,2026-01-01 21:54:33+00:00,0,IOMT-027,S-IOMT-027-153,RESEARCH,EP-IND-09126
BC-09127,2026-01-01 21:54:34+00:00,0,IOMT-022,S-IOMT-022-154,LAB_RESULTS,EP-IND-09127
BC-09128,2026-01-01 21:54:40+00:00,0,IOMT-044,S-IOMT-044-155,EHR_READ,EP-IND-09128
BC-09129,2026-01-01 21:54:44+00:00,0,IOMT-032,S-IOMT-032-156,LAB_RESULTS,EP-IND-09129
BC-09130,2026-01-01 21:54:56+00:00,0,IOMT-025,S-IOMT-025-157,RESEARCH,EP-IND-09130
BC-09131,2026-01-01 21:55:01+00:00,0,IOMT-037,S-IOMT-037-158,EHR_READ,EP-IND-09131
BC-09132,2026-01-01 21:55:03+00:00,0,IOMT-019,S-IOMT-019-159,EHR_WRITE,EP-IND-09132
BC-09133,2026-01-01 21:55:17+00:00,0,IOMT-034,S-IOMT-034-160,LAB_RESULTS,EP-IND-09133
BC-09134,2026-01-01 21:55:18+00:00,0,IOMT-043,S-IOMT-043-161,EHR_READ,EP-IND-09134
BC-09135,2026-01-01 21:55:19+00:00,0,IOMT-027,S-IOMT-027-162,IMAGING,EP-IND-09135
BC-09136,2026-01-01 21:55:32+00:00,0,IOMT-018,S-IOMT-018-163,LAB_RESULTS,EP-IND-09136
BC-09137,2026-01-01 21:55:41+00:00,0,IOMT-047,S-IOMT-047-164,EHR_READ,EP-IND-09137
BC-09138,2026-01-01 21:55:41+00:00,0,IOMT-013,S-IOMT-013-165,RESEARCH,EP-IND-09138
BC-09139,2026-01-01 21:55:47+00:00,0,IOMT-001,S-IOMT-001-166,RESEARCH,EP-IND-09139
BC-09140,2026-01-01 21:55:59+00:00,0,IOMT-009,S-IOMT-009-167,RESEARCH,EP-IND-09140
BC-09141,2026-01-01 21:56:04+00:00,0,IOMT-036,S-IOMT-036-168,EHR_READ,EP-IND-09141
BC-09142,2026-01-01 21:56:11+00:00,0,IOMT-007,S-IOMT-007-169,EHR_WRITE,EP-IND-09142
BC-09143,2026-01-01 21:56:19+00:00,0,IOMT-024,S-IOMT-024-170,EHR_WRITE,EP-IND-09143
BC-09144,2026-01-01 21:56:26+00:00,0,IOMT-021,S-IOMT-021-171,EHR_READ,EP-IND-09144
BC-09145,2026-01-01 21:56:30+00:00,0,IOMT-017,S-IOMT-017-172,EHR_WRITE,EP-IND-09145
BC-09146,2026-01-01 21:56:39+00:00,0,IOMT-026,S-IOMT-026-173,IMAGING,EP-IND-09146
BC-09147,2026-01-01 21:56:45+00:00,0,IOMT-046,S-IOMT-046-174,LAB_RESULTS,EP-IND-09147
BC-09148,2026-01-01 21:56:47+00:00,0,IOMT-032,S-IOMT-032-175,LAB_RESULTS,EP-IND-09148
BC-09149,2026-01-01 21:56:57+00:00,0,IOMT-015,S-IOMT-015-176,EHR_WRITE,EP-IND-09149
BC-09150,2026-01-01 21:57:00+00:00,0,IOMT-041,S-IOMT-041-177,EHR_WRITE,EP-IND-09150
BC-09151,2026-01-01 21:57:01+00:00,0,IOMT-045,S-IOMT-045-178,EHR_READ,EP-IND-09151
BC-09152,2026-01-01 21:57:27+00:00,0,IOMT-009,S-IOMT-009-179,EHR_WRITE,EP-IND-09152
BC-09153,2026-01-01 21:57:45+00:00,0,IOMT-008,S-IOMT-008-180,LAB_RESULTS,EP-IND-09153
BC-09154,2026-01-01 21:57:51+00:00,0,IOMT-007,S-IOMT-007-181,EHR_WRITE,EP-IND-09154
BC-09155,2026-01-01 21:58:28+00:00,0,IOMT-014,S-IOMT-014-182,EHR_READ,EP-IND-09155
BC-09156,2026-01-01 21:58:38+00:00,0,IOMT-047,S-IOMT-047-183,EHR_READ,EP-IND-09156
BC-09157,2026-01-01 21:59:00+00:00,0,IOMT-042,S-IOMT-042-184,IMAGING,EP-IND-09157
BC-09158,2026-01-01 21:59:02+00:00,0,IOMT-027,S-IOMT-027-185,EHR_READ,EP-IND-09158
BC-09159,2026-01-01 21:59:32+00:00,0,IOMT-007,S-IOMT-007-186,RESEARCH,EP-IND-09159
BC-09160,2026-01-01 21:59:37+00:00,0,IOMT-020,S-IOMT-020-187,RESEARCH,EP-IND-09160
BC-09161,2026-01-01 21:59:39+00:00,0,IOMT-045,S-IOMT-045-188,EHR_WRITE,EP-IND-09161
BC-09162,2026-01-01 21:59:48+00:00,0,IOMT-046,S-IOMT-046-189,LAB_RESULTS,EP-IND-09162
BC-09163,2026-01-01 21:59:50+00:00,0,IOMT-032,S-IOMT-032-190,LAB_RESULTS,EP-IND-09163
BC-09164,2026-01-01 21:59:51+00:00,0,IOMT-046,S-IOMT-046-191,RESEARCH,EP-IND-09164
BC-09165,2026-01-01 22:00:00+00:00,0,IOMT-015,S-IOMT-015-192,RESEARCH,EP-IND-09165
BC-09166,2026-01-01 22:00:13+00:00,0,IOMT-031,S-IOMT-031-193,IMAGING,EP-IND-09166
BC-09167,2026-01-01 22:00:20+00:00,0,IOMT-015,S-IOMT-015-194,EHR_WRITE,EP-IND-09167
BC-09168,2026-01-01 22:00:25+00:00,0,IOMT-003,S-IOMT-003-195,IMAGING,EP-IND-09168
BC-09169,2026-01-01 22:00:50+00:00,0,IOMT-006,S-IOMT-006-196,LAB_RESULTS,EP-IND-09169
BC-09170,2026-01-01 22:00:52+00:00,0,IOMT-039,S-IOMT-039-197,IMAGING,EP-IND-09170
BC-09171,2026-01-01 22:00:56+00:00,0,IOMT-002,S-IOMT-002-198,EHR_READ,EP-IND-09171
BC-09172,2026-01-01 22:00:58+00:00,0,IOMT-020,S-IOMT-020-199,LAB_RESULTS,EP-IND-09172
BC-09173,2026-01-01 22:01:03+00:00,0,IOMT-042,S-IOMT-042-200,RESEARCH,EP-IND-09173
BC-09174,2026-01-01 22:01:42+00:00,1,IOMT-045,S-IOMT-045-201,IMAGING,EP-IND-09174
BC-09175,2026-01-01 22:01:47+00:00,0,IOMT-018,S-IOMT-018-202,EHR_READ,EP-IND-09175
BC-09176,2026-01-01 22:01:52+00:00,0,IOMT-047,S-IOMT-047-203,EHR_WRITE,EP-IND-09176
BC-09177,2026-01-01 22:02:09+00:00,0,IOMT-022,S-IOMT-022-204,EHR_READ,EP-IND-09177
BC-09178,2026-01-01 22:02:15+00:00,0,IOMT-016,S-IOMT-016-205,RESEARCH,EP-IND-09178
BC-09179,2026-01-01 22:02:28+00:00,0,IOMT-023,S-IOMT-023-206,EHR_WRITE,EP-IND-09179
BC-09180,2026-01-01 22:02:36+00:00,0,IOMT-039,S-IOMT-039-207,LAB_RESULTS,EP-IND-09180
BC-09181,2026-01-01 22:02:47+00:00,0,IOMT-014,S-IOMT-014-208,EHR_READ,EP-IND-09181
BC-09182,2026-01-01 22:02:48+00:00,0,IOMT-030,S-IOMT-030-209,LAB_RESULTS,EP-IND-09182
BC-09183,2026-01-01 22:03:11+00:00,0,IOMT-049,S-IOMT-049-210,EHR_READ,EP-IND-09183
BC-09184,2026-01-01 22:03:39+00:00,0,IOMT-009,S-IOMT-009-211,LAB_RESULTS,EP-IND-09184
BC-09185,2026-01-01 22:03:46+00:00,0,IOMT-036,S-IOMT-036-212,EHR_READ,EP-IND-09185
BC-09186,2026-01-01 22:03:58+00:00,0,IOMT-000,S-IOMT-000-213,EHR_READ,EP-IND-09186
BC-09187,2026-01-01 22:04:03+00:00,0,IOMT-041,S-IOMT-041-214,LAB_RESULTS,EP-IND-09187
BC-09188,2026-01-01 22:04:03+00:00,0,IOMT-043,S-IOMT-043-215,EHR_READ,EP-IND-09188
BC-09189,2026-01-01 22:04:06+00:00,0,IOMT-017,S-IOMT-017-216,EHR_READ,EP-IND-09189
BC-09190,2026-01-01 22:04:12+00:00,0,IOMT-030,S-IOMT-030-217,LAB_RESULTS,EP-IND-09190
BC-09191,2026-01-01 22:04:23+00:00,0,IOMT-018,S-IOMT-018-218,RESEARCH,EP-IND-09191
BC-09192,2026-01-01 22:04:25+00:00,0,IOMT-013,S-IOMT-013-219,IMAGING,EP-IND-09192
BC-09193,2026-01-01 22:04:26+00:00,0,IOMT-042,S-IOMT-042-220,LAB_RESULTS,EP-IND-09193
BC-09194,2026-01-01 22:04:56+00:00,0,IOMT-012,S-IOMT-012-221,RESEARCH,EP-IND-09194
BC-09195,2026-01-01 22:05:01+00:00,0,IOMT-009,S-IOMT-009-222,EHR_WRITE,EP-IND-09195
BC-09196,2026-01-01 22:05:02+00:00,0,IOMT-018,S-IOMT-018-223,EHR_READ,EP-IND-09196
BC-09197,2026-01-01 22:05:05+00:00,0,IOMT-044,S-IOMT-044-224,IMAGING,EP-IND-09197
BC-09198,2026-01-01 22:05:27+00:00,0,IOMT-008,S-IOMT-008-225,EHR_WRITE,EP-IND-09198
BC-09199,2026-01-01 22:05:56+00:00,0,IOMT-029,S-IOMT-029-226,EHR_READ,EP-IND-09199
BC-09200,2026-01-01 22:05:58+00:00,0,IOMT-018,S-IOMT-018-227,EHR_WRITE,EP-IND-09200
BC-09201,2026-01-01 22:06:01+00:00,0,IOMT-011,S-IOMT-011-228,EHR_WRITE,EP-IND-09201
BC-09202,2026-01-01 22:06:03+00:00,0,IOMT-024,S-IOMT-024-229,EHR_READ,EP-IND-09202
BC-09203,2026-01-01 22:06:27+00:00,0,IOMT-037,S-IOMT-037-230,EHR_WRITE,EP-IND-09203
BC-09204,2026-01-01 22:06:39+00:00,0,IOMT-012,S-IOMT-012-231,EHR_READ,EP-IND-09204
BC-09205,2026-01-01 22:06:41+00:00,0,IOMT-007,S-IOMT-007-232,LAB_RESULTS,EP-IND-09205
BC-09206,2026-01-01 22:07:10+00:00,0,IOMT-002,S-IOMT-002-233,EHR_READ,EP-IND-09206
BC-09207,2026-01-01 22:07:32+00:00,0,IOMT-029,S-IOMT-029-234,EHR_WRITE,EP-IND-09207
BC-09208,2026-01-01 22:07:39+00:00,0,IOMT-028,S-IOMT-028-235,RESEARCH,EP-IND-09208
BC-09209,2026-01-01 22:07:42+00:00,0,IOMT-017,S-IOMT-017-236,EHR_WRITE,EP-IND-09209
BC-09210,2026-01-01 22:07:55+00:00,0,IOMT-016,S-IOMT-016-237,LAB_RESULTS,EP-IND-09210
BC-09211,2026-01-01 22:08:21+00:00,0,IOMT-011,S-IOMT-011-238,LAB_RESULTS,EP-IND-09211
BC-09212,2026-01-01 22:08:21+00:00,0,IOMT-025,S-IOMT-025-239,EHR_READ,EP-IND-09212
BC-09213,2026-01-01 22:08:25+00:00,0,IOMT-002,S-IOMT-002-240,RESEARCH,EP-IND-09213
BC-09214,2026-01-01 22:08:27+00:00,0,IOMT-034,S-IOMT-034-241,RESEARCH,EP-IND-09214
BC-09215,2026-01-01 22:08:35+00:00,0,IOMT-007,S-IOMT-007-242,IMAGING,EP-IND-09215
BC-09216,2026-01-01 22:08:37+00:00,0,IOMT-021,S-IOMT-021-243,IMAGING,EP-IND-09216
BC-09217,2026-01-01 22:08:40+00:00,0,IOMT-033,S-IOMT-033-244,EHR_WRITE,EP-IND-09217
BC-09218,2026-01-01 22:08:46+00:00,0,IOMT-037,S-IOMT-037-245,RESEARCH,EP-IND-09218
BC-09219,2026-01-01 22:09:05+00:00,0,IOMT-035,S-IOMT-035-246,EHR_READ,EP-IND-09219
BC-09220,2026-01-01 22:09:05+00:00,0,IOMT-027,S-IOMT-027-247,LAB_RESULTS,EP-IND-09220
BC-09221,2026-01-01 22:09:10+00:00,0,IOMT-001,S-IOMT-001-248,LAB_RESULTS,EP-IND-09221
BC-09222,2026-01-01 22:09:17+00:00,0,IOMT-040,S-IOMT-040-249,IMAGING,EP-IND-09222
BC-09223,2026-01-01 22:09:36+00:00,0,IOMT-001,S-IOMT-001-250,LAB_RESULTS,EP-IND-09223
BC-09224,2026-01-01 22:09:40+00:00,0,IOMT-028,S-IOMT-028-251,EHR_READ,EP-IND-09224
BC-09225,2026-01-01 22:09:46+00:00,0,IOMT-035,S-IOMT-035-252,IMAGING,EP-IND-09225
BC-09226,2026-01-01 22:09:57+00:00,0,IOMT-009,S-IOMT-009-253,RESEARCH,EP-IND-09226
BC-09227,2026-01-01 22:10:09+00:00,0,IOMT-014,S-IOMT-014-254,LAB_RESULTS,EP-IND-09227
BC-09228,2026-01-01 22:10:49+00:00,0,IOMT-021,S-IOMT-021-255,IMAGING,EP-IND-09228
BC-09229,2026-01-01 22:11:22+00:00,0,IOMT-037,S-IOMT-037-256,RESEARCH,EP-IND-09229
BC-09230,2026-01-01 22:11:23+00:00,1,IOMT-022,S-IOMT-022-257,IMAGING,EP-IND-09230
BC-09231,2026-01-01 22:11:29+00:00,0,IOMT-019,S-IOMT-019-258,IMAGING,EP-IND-09231
BC-09232,2026-01-01 22:11:30+00:00,0,IOMT-018,S-IOMT-018-259,EHR_READ,EP-IND-09232
BC-09233,2026-01-01 22:11:36+00:00,0,IOMT-020,S-IOMT-020-260,IMAGING,EP-IND-09233
BC-09234,2026-01-01 22:12:01+00:00,0,IOMT-017,S-IOMT-017-261,RESEARCH,EP-IND-09234
BC-09235,2026-01-01 22:12:14+00:00,0,IOMT-034,S-IOMT-034-262,EHR_READ,EP-IND-09235
BC-09236,2026-01-01 22:12:14+00:00,0,IOMT-006,S-IOMT-006-263,EHR_READ,EP-IND-09236
BC-09237,2026-01-01 22:12:25+00:00,0,IOMT-008,S-IOMT-008-264,IMAGING,EP-IND-09237
BC-09238,2026-01-01 22:12:39+00:00,0,IOMT-044,S-IOMT-044-265,IMAGING,EP-IND-09238
BC-09239,2026-01-01 22:12:40+00:00,0,IOMT-005,S-IOMT-005-266,EHR_WRITE,EP-IND-09239
BC-09240,2026-01-01 22:12:44+00:00,0,IOMT-020,S-IOMT-020-267,EHR_WRITE,EP-IND-09240
BC-09241,2026-01-01 22:13:21+00:00,0,IOMT-048,S-IOMT-048-268,IMAGING,EP-IND-09241
BC-09242,2026-01-01 22:13:28+00:00,0,IOMT-012,S-IOMT-012-269,LAB_RESULTS,EP-IND-09242
BC-09243,2026-01-01 22:13:29+00:00,0,IOMT-023,S-IOMT-023-270,RESEARCH,EP-IND-09243
BC-09244,2026-01-01 22:13:31+00:00,0,IOMT-004,S-IOMT-004-271,RESEARCH,EP-IND-09244
BC-09245,2026-01-01 22:13:36+00:00,0,IOMT-011,S-IOMT-011-272,LAB_RESULTS,EP-IND-09245
BC-09246,2026-01-01 22:13:55+00:00,1,IOMT-013,S-IOMT-013-273,IMAGING,EP-IND-09246
BC-09247,2026-01-01 22:14:04+00:00,0,IOMT-008,S-IOMT-008-274,EHR_READ,EP-IND-09247
BC-09248,2026-01-01 22:14:23+00:00,0,IOMT-022,S-IOMT-022-275,LAB_RESULTS,EP-IND-09248
BC-09249,2026-01-01 22:14:32+00:00,0,IOMT-006,S-IOMT-006-276,RESEARCH,EP-IND-09249
BC-09250,2026-01-01 22:14:38+00:00,0,IOMT-027,S-IOMT-027-277,EHR_READ,EP-IND-09250
BC-09251,2026-01-01 22:14:40+00:00,0,IOMT-031,S-IOMT-031-278,EHR_READ,EP-IND-09251
BC-09252,2026-01-01 22:14:49+00:00,0,IOMT-048,S-IOMT-048-279,EHR_WRITE,EP-IND-09252
BC-09253,2026-01-01 22:14:50+00:00,0,IOMT-035,S-IOMT-035-280,EHR_READ,EP-IND-09253
BC-09254,2026-01-01 22:14:50+00:00,0,IOMT-025,S-IOMT-025-281,IMAGING,EP-IND-09254
BC-09255,2026-01-01 22:15:37+00:00,0,IOMT-019,S-IOMT-019-282,RESEARCH,EP-IND-09255
BC-09256,2026-01-01 22:15:49+00:00,0,IOMT-008,S-IOMT-008-283,IMAGING,EP-IND-09256
BC-09257,2026-01-01 22:16:04+00:00,0,IOMT-025,S-IOMT-025-284,EHR_READ,EP-IND-09257
BC-09258,2026-01-01 22:16:22+00:00,0,IOMT-024,S-IOMT-024-285,LAB_RESULTS,EP-IND-09258
BC-09259,2026-01-01 22:16:29+00:00,0,IOMT-048,S-IOMT-048-286,RESEARCH,EP-IND-09259
BC-09260,2026-01-01 22:16:40+00:00,0,IOMT-042,S-IOMT-042-287,RESEARCH,EP-IND-09260
BC-09261,2026-01-01 22:17:02+00:00,0,IOMT-046,S-IOMT-046-288,LAB_RESULTS,EP-IND-09261
BC-09262,2026-01-01 22:17:04+00:00,0,IOMT-042,S-IOMT-042-289,RESEARCH,EP-IND-09262
BC-09263,2026-01-01 22:17:30+00:00,0,IOMT-036,S-IOMT-036-290,EHR_READ,EP-IND-09263
BC-09264,2026-01-01 22:17:39+00:00,0,IOMT-025,S-IOMT-025-291,LAB_RESULTS,EP-IND-09264
BC-09265,2026-01-01 22:17:47+00:00,0,IOMT-034,S-IOMT-034-292,LAB_RESULTS,EP-IND-09265
BC-09266,2026-01-01 22:17:49+00:00,0,IOMT-042,S-IOMT-042-293,RESEARCH,EP-IND-09266
BC-09267,2026-01-01 22:17:50+00:00,0,IOMT-048,S-IOMT-048-294,IMAGING,EP-IND-09267
BC-09268,2026-01-01 22:17:53+00:00,0,IOMT-021,S-IOMT-021-295,EHR_WRITE,EP-IND-09268
BC-09269,2026-01-01 22:18:00+00:00,0,IOMT-025,S-IOMT-025-296,EHR_WRITE,EP-IND-09269
BC-09270,2026-01-01 22:18:20+00:00,0,IOMT-049,S-IOMT-049-297,EHR_WRITE,EP-IND-09270
BC-09271,2026-01-01 22:18:27+00:00,0,IOMT-048,S-IOMT-048-298,IMAGING,EP-IND-09271
BC-09272,2026-01-01 22:18:38+00:00,0,IOMT-042,S-IOMT-042-299,RESEARCH,EP-IND-09272
BC-09273,2026-01-01 22:18:40+00:00,0,IOMT-019,S-IOMT-019-300,LAB_RESULTS,EP-IND-09273
BC-09274,2026-01-01 22:18:46+00:00,0,IOMT-012,S-IOMT-012-301,LAB_RESULTS,EP-IND-09274
BC-09275,2026-01-01 22:18:47+00:00,0,IOMT-015,S-IOMT-015-302,RESEARCH,EP-IND-09275
BC-09276,2026-01-01 22:19:02+00:00,0,IOMT-032,S-IOMT-032-303,EHR_READ,EP-IND-09276
BC-09277,2026-01-01 22:19:02+00:00,0,IOMT-026,S-IOMT-026-304,IMAGING,EP-IND-09277
BC-09278,2026-01-01 22:19:10+00:00,0,IOMT-018,S-IOMT-018-305,RESEARCH,EP-IND-09278
BC-09279,2026-01-01 22:19:13+00:00,0,IOMT-019,S-IOMT-019-306,IMAGING,EP-IND-09279
BC-09280,2026-01-01 22:19:20+00:00,0,IOMT-034,S-IOMT-034-307,IMAGING,EP-IND-09280
BC-09281,2026-01-01 22:19:40+00:00,0,IOMT-000,S-IOMT-000-308,LAB_RESULTS,EP-IND-09281
BC-09282,2026-01-01 22:19:41+00:00,0,IOMT-004,S-IOMT-004-309,LAB_RESULTS,EP-IND-09282
BC-09283,2026-01-01 22:19:41+00:00,0,IOMT-010,S-IOMT-010-310,RESEARCH,EP-IND-09283
BC-09284,2026-01-01 22:19:42+00:00,0,IOMT-002,S-IOMT-002-311,EHR_READ,EP-IND-09284
BC-09285,2026-01-01 22:19:43+00:00,0,IOMT-015,S-IOMT-015-312,EHR_READ,EP-IND-09285
BC-09286,2026-01-01 22:19:59+00:00,0,IOMT-020,S-IOMT-020-313,EHR_READ,EP-IND-09286
BC-09287,2026-01-01 22:20:15+00:00,1,IOMT-027,S-IOMT-027-314,EHR_WRITE,EP-IND-09287
BC-09288,2026-01-01 22:20:23+00:00,0,IOMT-049,S-IOMT-049-315,RESEARCH,EP-IND-09288
BC-09289,2026-01-01 22:20:30+00:00,0,IOMT-028,S-IOMT-028-316,LAB_RESULTS,EP-IND-09289
BC-09290,2026-01-01 22:21:02+00:00,0,IOMT-013,S-IOMT-013-317,LAB_RESULTS,EP-IND-09290
BC-09291,2026-01-01 22:21:04+00:00,0,IOMT-018,S-IOMT-018-318,IMAGING,EP-IND-09291
BC-09292,2026-01-01 22:21:07+00:00,0,IOMT-042,S-IOMT-042-319,IMAGING,EP-IND-09292
BC-09293,2026-01-01 22:21:11+00:00,0,IOMT-036,S-IOMT-036-320,RESEARCH,EP-IND-09293
BC-09294,2026-01-01 22:21:17+00:00,0,IOMT-006,S-IOMT-006-321,EHR_WRITE,EP-IND-09294
BC-09295,2026-01-01 22:21:18+00:00,0,IOMT-022,S-IOMT-022-322,IMAGING,EP-IND-09295
BC-09296,2026-01-01 22:21:21+00:00,0,IOMT-015,S-IOMT-015-323,RESEARCH,EP-IND-09296
BC-09297,2026-01-01 22:21:39+00:00,0,IOMT-044,S-IOMT-044-324,RESEARCH,EP-IND-09297
BC-09298,2026-01-01 22:21:42+00:00,0,IOMT-016,S-IOMT-016-325,EHR_WRITE,EP-IND-09298
BC-09299,2026-01-01 22:21:46+00:00,0,IOMT-042,S-IOMT-042-326,EHR_READ,EP-IND-09299
BC-09300,2026-01-01 22:21:47+00:00,0,IOMT-018,S-IOMT-018-327,EHR_READ,EP-IND-09300
BC-09301,2026-01-01 22:21:51+00:00,0,IOMT-000,S-IOMT-000-328,LAB_RESULTS,EP-IND-09301
BC-09302,2026-01-01 22:22:07+00:00,0,IOMT-009,S-IOMT-009-329,RESEARCH,EP-IND-09302
BC-09303,2026-01-01 22:22:16+00:00,0,IOMT-012,S-IOMT-012-330,EHR_READ,EP-IND-09303
BC-09304,2026-01-01 22:22:24+00:00,1,IOMT-046,S-IOMT-046-331,IMAGING,EP-IND-09304
BC-09305,2026-01-01 22:22:28+00:00,0,IOMT-044,S-IOMT-044-332,IMAGING,EP-IND-09305
BC-09306,2026-01-01 22:22:47+00:00,0,IOMT-004,S-IOMT-004-333,EHR_WRITE,EP-IND-09306
BC-09307,2026-01-01 22:22:49+00:00,0,IOMT-035,S-IOMT-035-334,EHR_WRITE,EP-IND-09307
BC-09308,2026-01-01 22:22:51+00:00,0,IOMT-036,S-IOMT-036-335,RESEARCH,EP-IND-09308
BC-09309,2026-01-01 22:22:54+00:00,0,IOMT-031,S-IOMT-031-336,IMAGING,EP-IND-09309
BC-09310,2026-01-01 22:22:59+00:00,0,IOMT-003,S-IOMT-003-337,IMAGING,EP-IND-09310
BC-09311,2026-01-01 22:23:02+00:00,0,IOMT-018,S-IOMT-018-338,IMAGING,EP-IND-09311
BC-09312,2026-01-01 22:23:09+00:00,0,IOMT-030,S-IOMT-030-339,EHR_WRITE,EP-IND-09312
BC-09313,2026-01-01 22:23:15+00:00,0,IOMT-019,S-IOMT-019-340,IMAGING,EP-IND-09313
BC-09314,2026-01-01 22:23:15+00:00,0,IOMT-029,S-IOMT-029-341,RESEARCH,EP-IND-09314
BC-09315,2026-01-01 22:23:18+00:00,0,IOMT-015,S-IOMT-015-342,EHR_WRITE,EP-IND-09315
BC-09316,2026-01-01 22:23:21+00:00,0,IOMT-027,S-IOMT-027-343,EHR_READ,EP-IND-09316
BC-09317,2026-01-01 22:23:29+00:00,0,IOMT-009,S-IOMT-009-344,EHR_WRITE,EP-IND-09317
BC-09318,2026-01-01 22:23:38+00:00,0,IOMT-048,S-IOMT-048-345,RESEARCH,EP-IND-09318
BC-09319,2026-01-01 22:23:44+00:00,0,IOMT-029,S-IOMT-029-346,EHR_WRITE,EP-IND-09319
BC-09320,2026-01-01 22:23:44+00:00,0,IOMT-014,S-IOMT-014-347,RESEARCH,EP-IND-09320
BC-09321,2026-01-01 22:23:46+00:00,0,IOMT-043,S-IOMT-043-348,EHR_READ,EP-IND-09321
BC-09322,2026-01-01 22:23:46+00:00,0,IOMT-021,S-IOMT-021-349,RESEARCH,EP-IND-09322
BC-09323,2026-01-01 22:23:56+00:00,0,IOMT-000,S-IOMT-000-350,LAB_RESULTS,EP-IND-09323
BC-09324,2026-01-01 22:24:12+00:00,1,IOMT-032,S-IOMT-032-351,IMAGING,EP-IND-09324
BC-09325,2026-01-01 22:24:20+00:00,0,IOMT-002,S-IOMT-002-352,IMAGING,EP-IND-09325
BC-09326,2026-01-01 22:24:27+00:00,0,IOMT-013,S-IOMT-013-353,EHR_READ,EP-IND-09326
BC-09327,2026-01-01 22:24:40+00:00,0,IOMT-012,S-IOMT-012-354,EHR_WRITE,EP-IND-09327
BC-09328,2026-01-01 22:25:02+00:00,0,IOMT-029,S-IOMT-029-355,RESEARCH,EP-IND-09328
BC-09329,2026-01-01 22:25:16+00:00,0,IOMT-033,S-IOMT-033-356,RESEARCH,EP-IND-09329
BC-09330,2026-01-01 22:25:21+00:00,0,IOMT-003,S-IOMT-003-357,RESEARCH,EP-IND-09330
BC-09331,2026-01-01 22:25:28+00:00,0,IOMT-032,S-IOMT-032-358,EHR_WRITE,EP-IND-09331
BC-09332,2026-01-01 22:25:39+00:00,0,IOMT-048,S-IOMT-048-359,IMAGING,EP-IND-09332
BC-09333,2026-01-01 22:26:01+00:00,0,IOMT-023,S-IOMT-023-360,EHR_READ,EP-IND-09333
BC-09334,2026-01-01 22:26:11+00:00,0,IOMT-034,S-IOMT-034-361,EHR_WRITE,EP-IND-09334
BC-09335,2026-01-01 22:26:16+00:00,0,IOMT-031,S-IOMT-031-362,EHR_WRITE,EP-IND-09335
BC-09336,2026-01-01 22:26:18+00:00,0,IOMT-015,S-IOMT-015-363,RESEARCH,EP-IND-09336
BC-09337,2026-01-01 22:26:28+00:00,0,IOMT-023,S-IOMT-023-364,EHR_WRITE,EP-IND-09337
BC-09338,2026-01-01 22:26:30+00:00,0,IOMT-017,S-IOMT-017-365,EHR_WRITE,EP-IND-09338
BC-09339,2026-01-01 22:26:31+00:00,0,IOMT-018,S-IOMT-018-366,RESEARCH,EP-IND-09339
BC-09340,2026-01-01 22:26:43+00:00,0,IOMT-030,S-IOMT-030-367,RESEARCH,EP-IND-09340
BC-09341,2026-01-01 22:26:44+00:00,0,IOMT-019,S-IOMT-019-368,EHR_WRITE,EP-IND-09341
BC-09342,2026-01-01 22:26:45+00:00,0,IOMT-028,S-IOMT-028-369,EHR_READ,EP-IND-09342
BC-09343,2026-01-01 22:26:47+00:00,0,IOMT-033,S-IOMT-033-370,LAB_RESULTS,EP-IND-09343
BC-09344,2026-01-01 22:26:56+00:00,0,IOMT-020,S-IOMT-020-371,RESEARCH,EP-IND-09344
BC-09345,2026-01-01 22:26:56+00:00,0,IOMT-024,S-IOMT-024-372,IMAGING,EP-IND-09345
BC-09346,2026-01-01 22:27:01+00:00,0,IOMT-017,S-IOMT-017-373,LAB_RESULTS,EP-IND-09346
BC-09347,2026-01-01 22:27:34+00:00,0,IOMT-004,S-IOMT-004-374,LAB_RESULTS,EP-IND-09347
BC-09348,2026-01-01 22:27:35+00:00,0,IOMT-017,S-IOMT-017-375,EHR_READ,EP-IND-09348
BC-09349,2026-01-01 22:27:36+00:00,0,IOMT-004,S-IOMT-004-376,IMAGING,EP-IND-09349
BC-09350,2026-01-01 22:27:40+00:00,0,IOMT-019,S-IOMT-019-377,EHR_READ,EP-IND-09350
BC-09351,2026-01-01 22:27:46+00:00,0,IOMT-009,S-IOMT-009-378,EHR_READ,EP-IND-09351
BC-09352,2026-01-01 22:27:53+00:00,0,IOMT-022,S-IOMT-022-379,EHR_READ,EP-IND-09352
BC-09353,2026-01-01 22:27:54+00:00,0,IOMT-024,S-IOMT-024-380,EHR_READ,EP-IND-09353
BC-09354,2026-01-01 22:28:06+00:00,0,IOMT-030,S-IOMT-030-381,IMAGING,EP-IND-09354
BC-09355,2026-01-01 22:28:06+00:00,0,IOMT-048,S-IOMT-048-382,EHR_WRITE,EP-IND-09355
BC-09356,2026-01-01 22:28:10+00:00,0,IOMT-037,S-IOMT-037-383,LAB_RESULTS,EP-IND-09356
BC-09357,2026-01-01 22:28:22+00:00,0,IOMT-018,S-IOMT-018-384,EHR_READ,EP-IND-09357
BC-09358,2026-01-01 22:28:24+00:00,1,IOMT-044,S-IOMT-044-385,EHR_READ,EP-IND-09358
BC-09359,2026-01-01 22:28:25+00:00,1,IOMT-008,S-IOMT-008-386,LAB_RESULTS,EP-IND-09359
BC-09360,2026-01-01 22:28:32+00:00,0,IOMT-023,S-IOMT-023-387,IMAGING,EP-IND-09360
BC-09361,2026-01-01 22:28:43+00:00,0,IOMT-013,S-IOMT-013-388,LAB_RESULTS,EP-IND-09361
BC-09362,2026-01-01 22:28:46+00:00,0,IOMT-015,S-IOMT-015-389,LAB_RESULTS,EP-IND-09362
BC-09363,2026-01-01 22:29:07+00:00,1,IOMT-038,S-IOMT-038-390,RESEARCH,EP-IND-09363
BC-09364,2026-01-01 22:29:22+00:00,0,IOMT-043,S-IOMT-043-391,LAB_RESULTS,EP-IND-09364
BC-09365,2026-01-01 22:29:26+00:00,0,IOMT-018,S-IOMT-018-392,EHR_READ,EP-IND-09365
BC-09366,2026-01-01 22:29:38+00:00,0,IOMT-005,S-IOMT-005-393,RESEARCH,EP-IND-09366
BC-09367,2026-01-01 22:30:17+00:00,0,IOMT-024,S-IOMT-024-394,EHR_READ,EP-IND-09367
BC-09368,2026-01-01 22:30:29+00:00,0,IOMT-035,S-IOMT-035-395,IMAGING,EP-IND-09368
BC-09369,2026-01-01 22:30:30+00:00,0,IOMT-005,S-IOMT-005-396,IMAGING,EP-IND-09369
BC-09370,2026-01-01 22:30:39+00:00,0,IOMT-004,S-IOMT-004-397,LAB_RESULTS,EP-IND-09370
BC-09371,2026-01-01 22:30:42+00:00,0,IOMT-032,S-IOMT-032-398,IMAGING,EP-IND-09371
BC-09372,2026-01-01 22:31:01+00:00,0,IOMT-008,S-IOMT-008-399,LAB_RESULTS,EP-IND-09372
BC-09373,2026-01-01 22:31:07+00:00,0,IOMT-045,S-IOMT-045-400,IMAGING,EP-IND-09373
BC-09374,2026-01-01 22:31:16+00:00,0,IOMT-040,S-IOMT-040-401,EHR_READ,EP-IND-09374
BC-09375,2026-01-01 22:31:20+00:00,0,IOMT-033,S-IOMT-033-402,RESEARCH,EP-IND-09375
BC-09376,2026-01-01 22:31:42+00:00,0,IOMT-041,S-IOMT-041-403,IMAGING,EP-IND-09376
BC-09377,2026-01-01 22:32:01+00:00,0,IOMT-018,S-IOMT-018-404,EHR_WRITE,EP-IND-09377
BC-09378,2026-01-01 22:32:08+00:00,0,IOMT-032,S-IOMT-032-405,LAB_RESULTS,EP-IND-09378
BC-09379,2026-01-01 22:32:22+00:00,0,IOMT-022,S-IOMT-022-406,EHR_READ,EP-IND-09379
BC-09380,2026-01-01 22:32:31+00:00,0,IOMT-048,S-IOMT-048-407,IMAGING,EP-IND-09380
BC-09381,2026-01-01 22:32:37+00:00,0,IOMT-043,S-IOMT-043-408,LAB_RESULTS,EP-IND-09381
BC-09382,2026-01-01 22:32:37+00:00,0,IOMT-007,S-IOMT-007-409,EHR_WRITE,EP-IND-09382
BC-09383,2026-01-01 22:32:52+00:00,0,IOMT-014,S-IOMT-014-410,IMAGING,EP-IND-09383
BC-09384,2026-01-01 22:33:09+00:00,0,IOMT-035,S-IOMT-035-411,LAB_RESULTS,EP-IND-09384
BC-09385,2026-01-01 22:33:17+00:00,0,IOMT-034,S-IOMT-034-412,IMAGING,EP-IND-09385
BC-09386,2026-01-01 22:33:17+00:00,0,IOMT-029,S-IOMT-029-413,RESEARCH,EP-IND-09386
BC-09387,2026-01-01 22:33:24+00:00,0,IOMT-008,S-IOMT-008-414,EHR_READ,EP-IND-09387
BC-09388,2026-01-01 22:33:42+00:00,0,IOMT-011,S-IOMT-011-415,LAB_RESULTS,EP-IND-09388
BC-09389,2026-01-01 22:33:46+00:00,0,IOMT-039,S-IOMT-039-416,LAB_RESULTS,EP-IND-09389
BC-09390,2026-01-01 22:33:57+00:00,0,IOMT-020,S-IOMT-020-417,RESEARCH,EP-IND-09390
BC-09391,2026-01-01 22:34:01+00:00,0,IOMT-035,S-IOMT-035-418,RESEARCH,EP-IND-09391
BC-09392,2026-01-01 22:34:02+00:00,0,IOMT-045,S-IOMT-045-419,RESEARCH,EP-IND-09392
BC-09393,2026-01-01 22:34:13+00:00,0,IOMT-020,S-IOMT-020-420,RESEARCH,EP-IND-09393
BC-09394,2026-01-01 22:34:24+00:00,0,IOMT-032,S-IOMT-032-421,RESEARCH,EP-IND-09394
BC-09395,2026-01-01 22:34:29+00:00,0,IOMT-029,S-IOMT-029-422,EHR_WRITE,EP-IND-09395
BC-09396,2026-01-01 22:34:43+00:00,0,IOMT-015,S-IOMT-015-423,IMAGING,EP-IND-09396
BC-09397,2026-01-01 22:34:43+00:00,0,IOMT-004,S-IOMT-004-424,EHR_READ,EP-IND-09397
BC-09398,2026-01-01 22:35:14+00:00,0,IOMT-045,S-IOMT-045-425,EHR_WRITE,EP-IND-09398
BC-09399,2026-01-01 22:35:16+00:00,0,IOMT-044,S-IOMT-044-426,RESEARCH,EP-IND-09399
BC-09400,2026-01-01 22:35:27+00:00,0,IOMT-005,S-IOMT-005-427,RESEARCH,EP-IND-09400
BC-09401,2026-01-01 22:35:55+00:00,0,IOMT-027,S-IOMT-027-428,EHR_READ,EP-IND-09401
BC-09402,2026-01-01 22:36:06+00:00,0,IOMT-043,S-IOMT-043-429,EHR_WRITE,EP-IND-09402
BC-09403,2026-01-01 22:36:16+00:00,0,IOMT-036,S-IOMT-036-430,EHR_WRITE,EP-IND-09403
BC-09404,2026-01-01 22:36:17+00:00,0,IOMT-027,S-IOMT-027-431,EHR_WRITE,EP-IND-09404
BC-09405,2026-01-01 22:36:44+00:00,0,IOMT-039,S-IOMT-039-432,LAB_RESULTS,EP-IND-09405
BC-09406,2026-01-01 22:36:44+00:00,0,IOMT-042,S-IOMT-042-433,RESEARCH,EP-IND-09406
BC-09407,2026-01-01 22:36:44+00:00,0,IOMT-002,S-IOMT-002-434,EHR_READ,EP-IND-09407
BC-09408,2026-01-01 22:36:50+00:00,0,IOMT-038,S-IOMT-038-435,IMAGING,EP-IND-09408
BC-09409,2026-01-01 22:37:07+00:00,0,IOMT-022,S-IOMT-022-436,IMAGING,EP-IND-09409
BC-09410,2026-01-01 22:37:26+00:00,0,IOMT-010,S-IOMT-010-437,EHR_READ,EP-IND-09410
BC-09411,2026-01-01 22:37:28+00:00,0,IOMT-039,S-IOMT-039-438,EHR_READ,EP-IND-09411
BC-09412,2026-01-01 22:37:38+00:00,0,IOMT-006,S-IOMT-006-439,IMAGING,EP-IND-09412
BC-09413,2026-01-01 22:37:39+00:00,0,IOMT-033,S-IOMT-033-440,EHR_READ,EP-IND-09413
BC-09414,2026-01-01 22:37:50+00:00,0,IOMT-040,S-IOMT-040-441,EHR_READ,EP-IND-09414
BC-09415,2026-01-01 22:37:51+00:00,0,IOMT-041,S-IOMT-041-442,LAB_RESULTS,EP-IND-09415
BC-09416,2026-01-01 22:37:51+00:00,0,IOMT-010,S-IOMT-010-443,EHR_READ,EP-IND-09416
BC-09417,2026-01-01 22:37:57+00:00,0,IOMT-048,S-IOMT-048-444,IMAGING,EP-IND-09417
BC-09418,2026-01-01 22:38:04+00:00,0,IOMT-034,S-IOMT-034-445,RESEARCH,EP-IND-09418
BC-09419,2026-01-01 22:38:20+00:00,0,IOMT-034,S-IOMT-034-446,RESEARCH,EP-IND-09419
BC-09420,2026-01-01 22:38:31+00:00,0,IOMT-005,S-IOMT-005-447,EHR_READ,EP-IND-09420
BC-09421,2026-01-01 22:38:54+00:00,0,IOMT-000,S-IOMT-000-448,LAB_RESULTS,EP-IND-09421
BC-09422,2026-01-01 22:38:57+00:00,0,IOMT-018,S-IOMT-018-449,RESEARCH,EP-IND-09422
BC-09423,2026-01-01 22:39:02+00:00,0,IOMT-034,S-IOMT-034-450,IMAGING,EP-IND-09423
BC-09424,2026-01-01 22:39:11+00:00,0,IOMT-031,S-IOMT-031-451,EHR_WRITE,EP-IND-09424
BC-09425,2026-01-01 22:39:19+00:00,0,IOMT-038,S-IOMT-038-452,EHR_WRITE,EP-IND-09425
BC-09426,2026-01-01 22:39:31+00:00,0,IOMT-023,S-IOMT-023-453,EHR_READ,EP-IND-09426
BC-09427,2026-01-01 22:39:36+00:00,0,IOMT-030,S-IOMT-030-454,IMAGING,EP-IND-09427
BC-09428,2026-01-01 22:39:58+00:00,0,IOMT-009,S-IOMT-009-455,EHR_READ,EP-IND-09428
BC-09429,2026-01-01 22:40:07+00:00,0,IOMT-035,S-IOMT-035-456,IMAGING,EP-IND-09429
BC-09430,2026-01-01 22:40:20+00:00,0,IOMT-018,S-IOMT-018-457,EHR_READ,EP-IND-09430
BC-09431,2026-01-01 22:40:33+00:00,0,IOMT-021,S-IOMT-021-458,RESEARCH,EP-IND-09431
BC-09432,2026-01-01 22:40:50+00:00,0,IOMT-040,S-IOMT-040-459,IMAGING,EP-IND-09432
BC-09433,2026-01-01 22:41:10+00:00,0,IOMT-021,S-IOMT-021-460,EHR_READ,EP-IND-09433
BC-09434,2026-01-01 22:41:24+00:00,0,IOMT-028,S-IOMT-028-461,RESEARCH,EP-IND-09434
BC-09435,2026-01-01 22:41:30+00:00,0,IOMT-012,S-IOMT-012-462,EHR_READ,EP-IND-09435
BC-09436,2026-01-01 22:41:39+00:00,0,IOMT-030,S-IOMT-030-463,EHR_WRITE,EP-IND-09436
BC-09437,2026-01-01 22:41:44+00:00,0,IOMT-012,S-IOMT-012-464,RESEARCH,EP-IND-09437
BC-09438,2026-01-01 22:41:47+00:00,0,IOMT-043,S-IOMT-043-465,LAB_RESULTS,EP-IND-09438
BC-09439,2026-01-01 22:42:15+00:00,0,IOMT-019,S-IOMT-019-466,RESEARCH,EP-IND-09439
BC-09440,2026-01-01 22:42:19+00:00,0,IOMT-019,S-IOMT-019-467,IMAGING,EP-IND-09440
BC-09441,2026-01-01 22:42:25+00:00,0,IOMT-014,S-IOMT-014-468,RESEARCH,EP-IND-09441
BC-09442,2026-01-01 22:42:39+00:00,0,IOMT-007,S-IOMT-007-469,EHR_WRITE,EP-IND-09442
BC-09443,2026-01-01 22:43:13+00:00,0,IOMT-019,S-IOMT-019-470,LAB_RESULTS,EP-IND-09443
BC-09444,2026-01-01 22:43:22+00:00,0,IOMT-023,S-IOMT-023-471,EHR_READ,EP-IND-09444
BC-09445,2026-01-01 22:43:29+00:00,0,IOMT-027,S-IOMT-027-472,LAB_RESULTS,EP-IND-09445
BC-09446,2026-01-01 22:43:33+00:00,0,IOMT-041,S-IOMT-041-473,EHR_READ,EP-IND-09446
BC-09447,2026-01-01 22:43:38+00:00,0,IOMT-047,S-IOMT-047-474,IMAGING,EP-IND-09447
BC-09448,2026-01-01 22:43:42+00:00,0,IOMT-025,S-IOMT-025-475,IMAGING,EP-IND-09448
BC-09449,2026-01-01 22:43:48+00:00,0,IOMT-018,S-IOMT-018-476,IMAGING,EP-IND-09449
BC-09450,2026-01-01 22:44:02+00:00,0,IOMT-040,S-IOMT-040-477,EHR_WRITE,EP-IND-09450
BC-09451,2026-01-01 22:44:08+00:00,0,IOMT-030,S-IOMT-030-478,LAB_RESULTS,EP-IND-09451
BC-09452,2026-01-01 22:44:14+00:00,0,IOMT-017,S-IOMT-017-479,EHR_READ,EP-IND-09452
BC-09453,2026-01-01 22:44:16+00:00,0,IOMT-031,S-IOMT-031-480,IMAGING,EP-IND-09453
BC-09454,2026-01-01 22:44:17+00:00,0,IOMT-032,S-IOMT-032-481,LAB_RESULTS,EP-IND-09454
BC-09455,2026-01-01 22:44:20+00:00,0,IOMT-008,S-IOMT-008-482,LAB_RESULTS,EP-IND-09455
BC-09456,2026-01-01 22:44:24+00:00,0,IOMT-016,S-IOMT-016-483,EHR_WRITE,EP-IND-09456
BC-09457,2026-01-01 22:44:29+00:00,0,IOMT-028,S-IOMT-028-484,LAB_RESULTS,EP-IND-09457
BC-09458,2026-01-01 22:44:42+00:00,0,IOMT-034,S-IOMT-034-485,EHR_WRITE,EP-IND-09458
BC-09459,2026-01-01 22:44:53+00:00,0,IOMT-045,S-IOMT-045-486,EHR_READ,EP-IND-09459
BC-09460,2026-01-01 22:44:53+00:00,0,IOMT-030,S-IOMT-030-487,IMAGING,EP-IND-09460
BC-09461,2026-01-01 22:44:55+00:00,0,IOMT-047,S-IOMT-047-488,IMAGING,EP-IND-09461
BC-09462,2026-01-01 22:45:18+00:00,0,IOMT-040,S-IOMT-040-489,EHR_READ,EP-IND-09462
BC-09463,2026-01-01 22:45:20+00:00,0,IOMT-012,S-IOMT-012-490,EHR_WRITE,EP-IND-09463
BC-09464,2026-01-01 22:45:24+00:00,0,IOMT-005,S-IOMT-005-491,IMAGING,EP-IND-09464
BC-09465,2026-01-01 22:45:27+00:00,0,IOMT-026,S-IOMT-026-492,EHR_READ,EP-IND-09465
BC-09466,2026-01-01 22:45:33+00:00,0,IOMT-010,S-IOMT-010-493,EHR_WRITE,EP-IND-09466
BC-09467,2026-01-01 22:45:38+00:00,0,IOMT-014,S-IOMT-014-494,LAB_RESULTS,EP-IND-09467
BC-09468,2026-01-01 22:45:39+00:00,0,IOMT-037,S-IOMT-037-495,LAB_RESULTS,EP-IND-09468
BC-09469,2026-01-01 22:45:47+00:00,0,IOMT-006,S-IOMT-006-496,RESEARCH,EP-IND-09469
BC-09470,2026-01-01 22:45:47+00:00,0,IOMT-030,S-IOMT-030-497,IMAGING,EP-IND-09470
BC-09471,2026-01-01 22:45:48+00:00,0,IOMT-003,S-IOMT-003-498,LAB_RESULTS,EP-IND-09471
BC-09472,2026-01-01 22:46:23+00:00,0,IOMT-019,S-IOMT-019-499,EHR_READ,EP-IND-09472
BC-09473,2026-01-01 22:46:27+00:00,0,IOMT-048,S-IOMT-048-500,EHR_READ,EP-IND-09473
BC-09474,2026-01-01 22:46:43+00:00,0,IOMT-010,S-IOMT-010-501,LAB_RESULTS,EP-IND-09474
BC-09475,2026-01-01 22:46:44+00:00,0,IOMT-034,S-IOMT-034-502,EHR_READ,EP-IND-09475
BC-09476,2026-01-01 22:46:53+00:00,0,IOMT-013,S-IOMT-013-503,EHR_WRITE,EP-IND-09476
BC-09477,2026-01-01 22:46:54+00:00,0,IOMT-045,S-IOMT-045-504,EHR_READ,EP-IND-09477
BC-09478,2026-01-01 22:47:00+00:00,0,IOMT-043,S-IOMT-043-505,EHR_WRITE,EP-IND-09478
BC-09479,2026-01-01 22:47:06+00:00,0,IOMT-014,S-IOMT-014-506,EHR_READ,EP-IND-09479
BC-09480,2026-01-01 22:47:10+00:00,0,IOMT-044,S-IOMT-044-507,LAB_RESULTS,EP-IND-09480
BC-09481,2026-01-01 22:47:42+00:00,0,IOMT-044,S-IOMT-044-508,RESEARCH,EP-IND-09481
BC-09482,2026-01-01 22:47:50+00:00,0,IOMT-005,S-IOMT-005-509,LAB_RESULTS,EP-IND-09482
BC-09483,2026-01-01 22:48:00+00:00,0,IOMT-017,S-IOMT-017-510,RESEARCH,EP-IND-09483
BC-09484,2026-01-01 22:48:04+00:00,0,IOMT-032,S-IOMT-032-511,LAB_RESULTS,EP-IND-09484
BC-09485,2026-01-01 22:48:08+00:00,0,IOMT-049,S-IOMT-049-512,LAB_RESULTS,EP-IND-09485
BC-09486,2026-01-01 22:48:16+00:00,0,IOMT-036,S-IOMT-036-513,EHR_WRITE,EP-IND-09486
BC-09487,2026-01-01 22:48:19+00:00,0,IOMT-011,S-IOMT-011-514,IMAGING,EP-IND-09487
BC-09488,2026-01-01 22:48:20+00:00,0,IOMT-033,S-IOMT-033-515,RESEARCH,EP-IND-09488
BC-09489,2026-01-01 22:48:22+00:00,0,IOMT-030,S-IOMT-030-516,LAB_RESULTS,EP-IND-09489
BC-09490,2026-01-01 22:48:42+00:00,0,IOMT-012,S-IOMT-012-517,EHR_READ,EP-IND-09490
BC-09491,2026-01-01 22:48:51+00:00,0,IOMT-046,S-IOMT-046-518,IMAGING,EP-IND-09491
BC-09492,2026-01-01 22:48:57+00:00,0,IOMT-040,S-IOMT-040-519,EHR_READ,EP-IND-09492
BC-09493,2026-01-01 22:48:58+00:00,0,IOMT-021,S-IOMT-021-520,EHR_READ,EP-IND-09493
BC-09494,2026-01-01 22:49:06+00:00,0,IOMT-020,S-IOMT-020-521,LAB_RESULTS,EP-IND-09494
BC-09495,2026-01-01 22:49:14+00:00,0,IOMT-042,S-IOMT-042-522,LAB_RESULTS,EP-IND-09495
BC-09496,2026-01-01 22:49:30+00:00,0,IOMT-034,S-IOMT-034-523,RESEARCH,EP-IND-09496
BC-09497,2026-01-01 22:49:44+00:00,0,IOMT-002,S-IOMT-002-524,EHR_WRITE,EP-IND-09497
BC-09498,2026-01-01 22:49:45+00:00,0,IOMT-045,S-IOMT-045-525,EHR_WRITE,EP-IND-09498
BC-09499,2026-01-01 22:49:58+00:00,0,IOMT-026,S-IOMT-026-526,IMAGING,EP-IND-09499
BC-09500,2026-01-01 22:49:58+00:00,0,IOMT-044,S-IOMT-044-527,IMAGING,EP-IND-09500
BC-09501,2026-01-01 22:50:06+00:00,0,IOMT-044,S-IOMT-044-528,RESEARCH,EP-IND-09501
BC-09502,2026-01-01 22:50:09+00:00,0,IOMT-012,S-IOMT-012-529,EHR_READ,EP-IND-09502
BC-09503,2026-01-01 22:50:10+00:00,0,IOMT-002,S-IOMT-002-530,LAB_RESULTS,EP-IND-09503
BC-09504,2026-01-01 22:50:32+00:00,0,IOMT-003,S-IOMT-003-531,LAB_RESULTS,EP-IND-09504
BC-09505,2026-01-01 22:50:33+00:00,0,IOMT-047,S-IOMT-047-532,EHR_READ,EP-IND-09505
BC-09506,2026-01-01 22:50:38+00:00,0,IOMT-036,S-IOMT-036-533,EHR_READ,EP-IND-09506
BC-09507,2026-01-01 22:50:43+00:00,0,IOMT-014,S-IOMT-014-534,LAB_RESULTS,EP-IND-09507
BC-09508,2026-01-01 22:50:52+00:00,0,IOMT-039,S-IOMT-039-535,EHR_READ,EP-IND-09508
BC-09509,2026-01-01 22:50:57+00:00,0,IOMT-048,S-IOMT-048-536,IMAGING,EP-IND-09509
BC-09510,2026-01-01 22:51:09+00:00,0,IOMT-031,S-IOMT-031-537,IMAGING,EP-IND-09510
BC-09511,2026-01-01 22:51:22+00:00,0,IOMT-006,S-IOMT-006-538,IMAGING,EP-IND-09511
BC-09512,2026-01-01 22:51:41+00:00,0,IOMT-030,S-IOMT-030-539,EHR_READ,EP-IND-09512
BC-09513,2026-01-01 22:52:01+00:00,0,IOMT-030,S-IOMT-030-540,IMAGING,EP-IND-09513
BC-09514,2026-01-01 22:52:03+00:00,0,IOMT-039,S-IOMT-039-541,LAB_RESULTS,EP-IND-09514
BC-09515,2026-01-01 22:52:12+00:00,0,IOMT-012,S-IOMT-012-542,IMAGING,EP-IND-09515
BC-09516,2026-01-01 22:52:24+00:00,0,IOMT-032,S-IOMT-032-543,LAB_RESULTS,EP-IND-09516
BC-09517,2026-01-01 22:52:44+00:00,0,IOMT-018,S-IOMT-018-544,EHR_WRITE,EP-IND-09517
BC-09518,2026-01-01 22:52:51+00:00,0,IOMT-018,S-IOMT-018-545,EHR_WRITE,EP-IND-09518
BC-09519,2026-01-01 22:53:19+00:00,0,IOMT-007,S-IOMT-007-546,IMAGING,EP-IND-09519
BC-09520,2026-01-01 22:53:37+00:00,0,IOMT-020,S-IOMT-020-547,LAB_RESULTS,EP-IND-09520
BC-09521,2026-01-01 22:53:44+00:00,0,IOMT-040,S-IOMT-040-548,EHR_WRITE,EP-IND-09521
BC-09522,2026-01-01 22:53:54+00:00,0,IOMT-001,S-IOMT-001-549,EHR_READ,EP-IND-09522
BC-09523,2026-01-01 22:53:57+00:00,0,IOMT-029,S-IOMT-029-550,EHR_WRITE,EP-IND-09523
BC-09524,2026-01-01 22:54:07+00:00,0,IOMT-014,S-IOMT-014-551,EHR_WRITE,EP-IND-09524
BC-09525,2026-01-01 22:54:13+00:00,0,IOMT-040,S-IOMT-040-552,LAB_RESULTS,EP-IND-09525
BC-09526,2026-01-01 22:54:31+00:00,0,IOMT-025,S-IOMT-025-553,EHR_READ,EP-IND-09526
BC-09527,2026-01-01 22:54:40+00:00,0,IOMT-010,S-IOMT-010-554,RESEARCH,EP-IND-09527
BC-09528,2026-01-01 22:54:42+00:00,0,IOMT-008,S-IOMT-008-555,LAB_RESULTS,EP-IND-09528
BC-09529,2026-01-01 22:54:43+00:00,0,IOMT-029,S-IOMT-029-556,RESEARCH,EP-IND-09529
BC-09530,2026-01-01 22:54:51+00:00,0,IOMT-048,S-IOMT-048-557,EHR_WRITE,EP-IND-09530
BC-09531,2026-01-01 22:54:51+00:00,0,IOMT-017,S-IOMT-017-558,IMAGING,EP-IND-09531
BC-09532,2026-01-01 22:54:58+00:00,0,IOMT-024,S-IOMT-024-559,EHR_READ,EP-IND-09532
BC-09533,2026-01-01 22:55:02+00:00,0,IOMT-016,S-IOMT-016-560,EHR_WRITE,EP-IND-09533
BC-09534,2026-01-01 22:55:05+00:00,0,IOMT-018,S-IOMT-018-561,IMAGING,EP-IND-09534
BC-09535,2026-01-01 22:55:05+00:00,0,IOMT-040,S-IOMT-040-562,EHR_WRITE,EP-IND-09535
BC-09536,2026-01-01 22:55:06+00:00,0,IOMT-025,S-IOMT-025-563,EHR_READ,EP-IND-09536
BC-09537,2026-01-01 22:55:17+00:00,0,IOMT-005,S-IOMT-005-564,IMAGING,EP-IND-09537
BC-09538,2026-01-01 22:55:26+00:00,0,IOMT-014,S-IOMT-014-565,LAB_RESULTS,EP-IND-09538
BC-09539,2026-01-01 22:55:30+00:00,0,IOMT-016,S-IOMT-016-566,IMAGING,EP-IND-09539
BC-09540,2026-01-01 22:55:40+00:00,0,IOMT-008,S-IOMT-008-567,RESEARCH,EP-IND-09540
BC-09541,2026-01-01 22:55:53+00:00,0,IOMT-028,S-IOMT-028-568,RESEARCH,EP-IND-09541
BC-09542,2026-01-01 22:56:01+00:00,0,IOMT-018,S-IOMT-018-569,EHR_READ,EP-IND-09542
BC-09543,2026-01-01 22:56:03+00:00,1,IOMT-000,S-IOMT-000-570,IMAGING,EP-IND-09543
BC-09544,2026-01-01 22:56:04+00:00,0,IOMT-004,S-IOMT-004-571,IMAGING,EP-IND-09544
BC-09545,2026-01-01 22:56:09+00:00,0,IOMT-026,S-IOMT-026-572,RESEARCH,EP-IND-09545
BC-09546,2026-01-01 22:56:17+00:00,0,IOMT-017,S-IOMT-017-573,IMAGING,EP-IND-09546
BC-09547,2026-01-01 22:56:26+00:00,0,IOMT-000,S-IOMT-000-574,EHR_WRITE,EP-IND-09547
BC-09548,2026-01-01 22:56:32+00:00,0,IOMT-041,S-IOMT-041-575,EHR_READ,EP-IND-09548
BC-09549,2026-01-01 22:56:43+00:00,1,IOMT-029,S-IOMT-029-576,IMAGING,EP-IND-09549
BC-09550,2026-01-01 22:56:44+00:00,0,IOMT-017,S-IOMT-017-577,EHR_READ,EP-IND-09550
BC-09551,2026-01-01 22:56:49+00:00,1,IOMT-021,S-IOMT-021-578,EHR_WRITE,EP-IND-09551
BC-09552,2026-01-01 22:56:52+00:00,0,IOMT-040,S-IOMT-040-579,RESEARCH,EP-IND-09552
BC-09553,2026-01-01 22:57:07+00:00,0,IOMT-029,S-IOMT-029-580,EHR_WRITE,EP-IND-09553
BC-09554,2026-01-01 22:57:30+00:00,0,IOMT-039,S-IOMT-039-581,EHR_WRITE,EP-IND-09554
BC-09555,2026-01-01 22:57:33+00:00,0,IOMT-005,S-IOMT-005-582,LAB_RESULTS,EP-IND-09555
BC-09556,2026-01-01 22:57:37+00:00,0,IOMT-020,S-IOMT-020-583,LAB_RESULTS,EP-IND-09556
BC-09557,2026-01-01 22:57:58+00:00,0,IOMT-015,S-IOMT-015-584,LAB_RESULTS,EP-IND-09557
BC-09558,2026-01-01 22:57:59+00:00,0,IOMT-026,S-IOMT-026-585,RESEARCH,EP-IND-09558
BC-09559,2026-01-01 22:58:05+00:00,0,IOMT-008,S-IOMT-008-586,RESEARCH,EP-IND-09559
BC-09560,2026-01-01 22:58:27+00:00,0,IOMT-030,S-IOMT-030-587,EHR_WRITE,EP-IND-09560
BC-09561,2026-01-01 22:58:27+00:00,0,IOMT-025,S-IOMT-025-588,LAB_RESULTS,EP-IND-09561
BC-09562,2026-01-01 22:58:35+00:00,1,IOMT-039,S-IOMT-039-589,LAB_RESULTS,EP-IND-09562
BC-09563,2026-01-01 22:58:44+00:00,0,IOMT-027,S-IOMT-027-590,EHR_READ,EP-IND-09563
BC-09564,2026-01-01 22:58:47+00:00,0,IOMT-004,S-IOMT-004-591,EHR_READ,EP-IND-09564
BC-09565,2026-01-01 22:59:03+00:00,0,IOMT-038,S-IOMT-038-592,LAB_RESULTS,EP-IND-09565
BC-09566,2026-01-01 22:59:03+00:00,0,IOMT-004,S-IOMT-004-593,EHR_READ,EP-IND-09566
BC-09567,2026-01-01 22:59:19+00:00,0,IOMT-042,S-IOMT-042-594,RESEARCH,EP-IND-09567
BC-09568,2026-01-01 22:59:35+00:00,0,IOMT-046,S-IOMT-046-595,EHR_WRITE,EP-IND-09568
BC-09569,2026-01-01 22:59:46+00:00,0,IOMT-029,S-IOMT-029-596,RESEARCH,EP-IND-09569
BC-09570,2026-01-01 23:00:04+00:00,0,IOMT-034,S-IOMT-034-597,EHR_WRITE,EP-IND-09570
BC-09571,2026-01-01 23:00:19+00:00,0,IOMT-023,S-IOMT-023-598,RESEARCH,EP-IND-09571
BC-09572,2026-01-01 23:00:21+00:00,0,IOMT-007,S-IOMT-007-599,EHR_WRITE,EP-IND-09572
BC-09573,2026-01-01 23:00:24+00:00,0,IOMT-048,S-IOMT-048-600,LAB_RESULTS,EP-IND-09573
BC-09574,2026-01-01 23:00:29+00:00,0,IOMT-005,S-IOMT-005-601,RESEARCH,EP-IND-09574
BC-09575,2026-01-01 23:00:30+00:00,0,IOMT-030,S-IOMT-030-602,EHR_READ,EP-IND-09575
BC-09576,2026-01-01 23:00:36+00:00,0,IOMT-040,S-IOMT-040-603,EHR_WRITE,EP-IND-09576
BC-09577,2026-01-01 23:01:12+00:00,0,IOMT-028,S-IOMT-028-604,EHR_WRITE,EP-IND-09577
BC-09578,2026-01-01 23:01:16+00:00,0,IOMT-035,S-IOMT-035-605,LAB_RESULTS,EP-IND-09578
BC-09579,2026-01-01 23:01:22+00:00,0,IOMT-006,S-IOMT-006-606,EHR_WRITE,EP-IND-09579
BC-09580,2026-01-01 23:01:33+00:00,0,IOMT-026,S-IOMT-026-607,IMAGING,EP-IND-09580
BC-09581,2026-01-01 23:01:35+00:00,0,IOMT-029,S-IOMT-029-608,LAB_RESULTS,EP-IND-09581
BC-09582,2026-01-01 23:01:47+00:00,0,IOMT-043,S-IOMT-043-609,RESEARCH,EP-IND-09582
BC-09583,2026-01-01 23:02:04+00:00,0,IOMT-039,S-IOMT-039-610,RESEARCH,EP-IND-09583
BC-09584,2026-01-01 23:02:15+00:00,0,IOMT-022,S-IOMT-022-611,EHR_WRITE,EP-IND-09584
BC-09585,2026-01-01 23:02:19+00:00,0,IOMT-043,S-IOMT-043-612,LAB_RESULTS,EP-IND-09585
BC-09586,2026-01-01 23:02:25+00:00,0,IOMT-005,S-IOMT-005-613,RESEARCH,EP-IND-09586
BC-09587,2026-01-01 23:02:28+00:00,0,IOMT-039,S-IOMT-039-614,EHR_WRITE,EP-IND-09587
BC-09588,2026-01-01 23:02:34+00:00,0,IOMT-013,S-IOMT-013-615,EHR_READ,EP-IND-09588
BC-09589,2026-01-01 23:03:05+00:00,0,IOMT-032,S-IOMT-032-616,RESEARCH,EP-IND-09589
BC-09590,2026-01-01 23:03:25+00:00,0,IOMT-001,S-IOMT-001-617,LAB_RESULTS,EP-IND-09590
BC-09591,2026-01-01 23:03:26+00:00,0,IOMT-012,S-IOMT-012-618,EHR_READ,EP-IND-09591
BC-09592,2026-01-01 23:03:44+00:00,0,IOMT-029,S-IOMT-029-619,RESEARCH,EP-IND-09592
BC-09593,2026-01-01 23:03:44+00:00,0,IOMT-004,S-IOMT-004-620,RESEARCH,EP-IND-09593
BC-09594,2026-01-01 23:03:45+00:00,0,IOMT-004,S-IOMT-004-621,LAB_RESULTS,EP-IND-09594
BC-09595,2026-01-01 23:03:45+00:00,0,IOMT-034,S-IOMT-034-622,RESEARCH,EP-IND-09595
BC-09596,2026-01-01 23:03:46+00:00,0,IOMT-036,S-IOMT-036-623,EHR_READ,EP-IND-09596
BC-09597,2026-01-01 23:03:51+00:00,0,IOMT-021,S-IOMT-021-624,IMAGING,EP-IND-09597
BC-09598,2026-01-01 23:03:55+00:00,0,IOMT-027,S-IOMT-027-625,EHR_WRITE,EP-IND-09598
BC-09599,2026-01-01 23:04:00+00:00,0,IOMT-025,S-IOMT-025-626,RESEARCH,EP-IND-09599
BC-09600,2026-01-01 23:04:11+00:00,0,IOMT-040,S-IOMT-040-627,EHR_READ,EP-IND-09600
BC-09601,2026-01-01 23:04:19+00:00,0,IOMT-022,S-IOMT-022-628,RESEARCH,EP-IND-09601
BC-09602,2026-01-01 23:04:20+00:00,0,IOMT-042,S-IOMT-042-629,RESEARCH,EP-IND-09602
BC-09603,2026-01-01 23:04:38+00:00,0,IOMT-029,S-IOMT-029-630,LAB_RESULTS,EP-IND-09603
BC-09604,2026-01-01 23:04:40+00:00,0,IOMT-017,S-IOMT-017-631,IMAGING,EP-IND-09604
BC-09605,2026-01-01 23:04:45+00:00,0,IOMT-023,S-IOMT-023-632,RESEARCH,EP-IND-09605
BC-09606,2026-01-01 23:04:48+00:00,0,IOMT-015,S-IOMT-015-633,EHR_READ,EP-IND-09606
BC-09607,2026-01-01 23:04:50+00:00,0,IOMT-043,S-IOMT-043-634,IMAGING,EP-IND-09607
BC-09608,2026-01-01 23:05:08+00:00,0,IOMT-001,S-IOMT-001-635,EHR_WRITE,EP-IND-09608
BC-09609,2026-01-01 23:05:31+00:00,0,IOMT-020,S-IOMT-020-636,EHR_READ,EP-IND-09609
BC-09610,2026-01-01 23:05:41+00:00,0,IOMT-020,S-IOMT-020-637,LAB_RESULTS,EP-IND-09610
BC-09611,2026-01-01 23:05:58+00:00,1,IOMT-004,S-IOMT-004-638,EHR_WRITE,EP-IND-09611
BC-09612,2026-01-01 23:06:15+00:00,0,IOMT-013,S-IOMT-013-639,IMAGING,EP-IND-09612
BC-09613,2026-01-01 23:06:31+00:00,0,IOMT-047,S-IOMT-047-640,IMAGING,EP-IND-09613
BC-09614,2026-01-01 23:06:32+00:00,0,IOMT-023,S-IOMT-023-641,IMAGING,EP-IND-09614
BC-09615,2026-01-01 23:06:47+00:00,0,IOMT-048,S-IOMT-048-642,EHR_READ,EP-IND-09615
BC-09616,2026-01-01 23:07:12+00:00,0,IOMT-031,S-IOMT-031-643,EHR_WRITE,EP-IND-09616
BC-09617,2026-01-01 23:07:15+00:00,0,IOMT-048,S-IOMT-048-644,IMAGING,EP-IND-09617
BC-09618,2026-01-01 23:07:20+00:00,0,IOMT-003,S-IOMT-003-645,LAB_RESULTS,EP-IND-09618
BC-09619,2026-01-01 23:07:21+00:00,0,IOMT-040,S-IOMT-040-646,IMAGING,EP-IND-09619
BC-09620,2026-01-01 23:07:28+00:00,0,IOMT-020,S-IOMT-020-647,LAB_RESULTS,EP-IND-09620
BC-09621,2026-01-01 23:07:30+00:00,0,IOMT-034,S-IOMT-034-648,EHR_WRITE,EP-IND-09621
BC-09622,2026-01-01 23:07:34+00:00,0,IOMT-030,S-IOMT-030-649,RESEARCH,EP-IND-09622
BC-09623,2026-01-01 23:07:37+00:00,0,IOMT-037,S-IOMT-037-650,EHR_WRITE,EP-IND-09623
BC-09624,2026-01-01 23:07:54+00:00,0,IOMT-034,S-IOMT-034-651,EHR_WRITE,EP-IND-09624
BC-09625,2026-01-01 23:08:30+00:00,0,IOMT-010,S-IOMT-010-652,IMAGING,EP-IND-09625
BC-09626,2026-01-01 23:08:41+00:00,0,IOMT-006,S-IOMT-006-653,IMAGING,EP-IND-09626
BC-09627,2026-01-01 23:08:44+00:00,0,IOMT-019,S-IOMT-019-654,RESEARCH,EP-IND-09627
BC-09628,2026-01-01 23:08:48+00:00,0,IOMT-014,S-IOMT-014-655,EHR_READ,EP-IND-09628
BC-09629,2026-01-01 23:08:49+00:00,0,IOMT-002,S-IOMT-002-656,EHR_READ,EP-IND-09629
BC-09630,2026-01-01 23:08:58+00:00,0,IOMT-030,S-IOMT-030-657,RESEARCH,EP-IND-09630
BC-09631,2026-01-01 23:08:59+00:00,0,IOMT-010,S-IOMT-010-658,EHR_WRITE,EP-IND-09631
BC-09632,2026-01-01 23:09:00+00:00,0,IOMT-014,S-IOMT-014-659,IMAGING,EP-IND-09632
BC-09633,2026-01-01 23:09:04+00:00,0,IOMT-015,S-IOMT-015-660,LAB_RESULTS,EP-IND-09633
BC-09634,2026-01-01 23:09:21+00:00,0,IOMT-013,S-IOMT-013-661,EHR_WRITE,EP-IND-09634
BC-09635,2026-01-01 23:09:24+00:00,0,IOMT-008,S-IOMT-008-662,LAB_RESULTS,EP-IND-09635
BC-09636,2026-01-01 23:09:26+00:00,1,IOMT-045,S-IOMT-045-663,EHR_WRITE,EP-IND-09636
BC-09637,2026-01-01 23:09:30+00:00,0,IOMT-019,S-IOMT-019-664,IMAGING,EP-IND-09637
BC-09638,2026-01-01 23:09:37+00:00,0,IOMT-034,S-IOMT-034-665,EHR_WRITE,EP-IND-09638
BC-09639,2026-01-01 23:09:39+00:00,0,IOMT-004,S-IOMT-004-666,EHR_READ,EP-IND-09639
BC-09640,2026-01-01 23:09:41+00:00,0,IOMT-045,S-IOMT-045-667,LAB_RESULTS,EP-IND-09640
BC-09641,2026-01-01 23:09:54+00:00,0,IOMT-004,S-IOMT-004-668,LAB_RESULTS,EP-IND-09641
BC-09642,2026-01-01 23:10:12+00:00,0,IOMT-042,S-IOMT-042-669,EHR_WRITE,EP-IND-09642
BC-09643,2026-01-01 23:10:16+00:00,0,IOMT-031,S-IOMT-031-670,EHR_WRITE,EP-IND-09643
BC-09644,2026-01-01 23:10:20+00:00,0,IOMT-006,S-IOMT-006-671,IMAGING,EP-IND-09644
BC-09645,2026-01-01 23:10:22+00:00,0,IOMT-029,S-IOMT-029-672,LAB_RESULTS,EP-IND-09645
BC-09646,2026-01-01 23:10:50+00:00,0,IOMT-021,S-IOMT-021-673,RESEARCH,EP-IND-09646
BC-09647,2026-01-01 23:10:50+00:00,0,IOMT-030,S-IOMT-030-674,EHR_WRITE,EP-IND-09647
BC-09648,2026-01-01 23:10:55+00:00,0,IOMT-025,S-IOMT-025-675,LAB_RESULTS,EP-IND-09648
BC-09649,2026-01-01 23:11:06+00:00,0,IOMT-049,S-IOMT-049-676,IMAGING,EP-IND-09649
BC-09650,2026-01-01 23:11:06+00:00,0,IOMT-037,S-IOMT-037-677,IMAGING,EP-IND-09650
BC-09651,2026-01-01 23:11:23+00:00,0,IOMT-014,S-IOMT-014-678,EHR_WRITE,EP-IND-09651
BC-09652,2026-01-01 23:11:34+00:00,0,IOMT-001,S-IOMT-001-679,IMAGING,EP-IND-09652
BC-09653,2026-01-01 23:11:35+00:00,0,IOMT-027,S-IOMT-027-680,LAB_RESULTS,EP-IND-09653
BC-09654,2026-01-01 23:11:43+00:00,0,IOMT-026,S-IOMT-026-681,EHR_WRITE,EP-IND-09654
BC-09655,2026-01-01 23:12:18+00:00,0,IOMT-009,S-IOMT-009-682,LAB_RESULTS,EP-IND-09655
BC-09656,2026-01-01 23:12:22+00:00,0,IOMT-032,S-IOMT-032-683,IMAGING,EP-IND-09656
BC-09657,2026-01-01 23:12:32+00:00,0,IOMT-016,S-IOMT-016-684,IMAGING,EP-IND-09657
BC-09658,2026-01-01 23:12:38+00:00,0,IOMT-037,S-IOMT-037-685,RESEARCH,EP-IND-09658
BC-09659,2026-01-01 23:13:01+00:00,0,IOMT-049,S-IOMT-049-686,EHR_WRITE,EP-IND-09659
BC-09660,2026-01-01 23:13:14+00:00,0,IOMT-023,S-IOMT-023-687,LAB_RESULTS,EP-IND-09660
BC-09661,2026-01-01 23:13:46+00:00,0,IOMT-030,S-IOMT-030-688,EHR_READ,EP-IND-09661
BC-09662,2026-01-01 23:13:48+00:00,0,IOMT-027,S-IOMT-027-689,IMAGING,EP-IND-09662
BC-09663,2026-01-01 23:14:00+00:00,0,IOMT-001,S-IOMT-001-690,IMAGING,EP-IND-09663
BC-09664,2026-01-01 23:14:02+00:00,0,IOMT-023,S-IOMT-023-691,LAB_RESULTS,EP-IND-09664
BC-09665,2026-01-01 23:14:04+00:00,0,IOMT-033,S-IOMT-033-692,LAB_RESULTS,EP-IND-09665
BC-09666,2026-01-01 23:14:14+00:00,0,IOMT-034,S-IOMT-034-693,EHR_WRITE,EP-IND-09666
BC-09667,2026-01-01 23:14:16+00:00,0,IOMT-001,S-IOMT-001-694,LAB_RESULTS,EP-IND-09667
BC-09668,2026-01-01 23:14:17+00:00,0,IOMT-042,S-IOMT-042-695,RESEARCH,EP-IND-09668
BC-09669,2026-01-01 23:14:24+00:00,0,IOMT-023,S-IOMT-023-696,EHR_READ,EP-IND-09669
BC-09670,2026-01-01 23:14:31+00:00,0,IOMT-039,S-IOMT-039-697,EHR_READ,EP-IND-09670
BC-09671,2026-01-01 23:14:56+00:00,0,IOMT-032,S-IOMT-032-698,IMAGING,EP-IND-09671
BC-09672,2026-01-01 23:15:07+00:00,0,IOMT-028,S-IOMT-028-699,EHR_READ,EP-IND-09672
BC-09673,2026-01-01 23:15:10+00:00,0,IOMT-016,S-IOMT-016-700,EHR_WRITE,EP-IND-09673
BC-09674,2026-01-01 23:15:18+00:00,0,IOMT-011,S-IOMT-011-701,EHR_WRITE,EP-IND-09674
BC-09675,2026-01-01 23:15:19+00:00,0,IOMT-001,S-IOMT-001-702,EHR_WRITE,EP-IND-09675
BC-09676,2026-01-01 23:15:34+00:00,0,IOMT-000,S-IOMT-000-703,EHR_READ,EP-IND-09676
BC-09677,2026-01-01 23:16:06+00:00,0,IOMT-012,S-IOMT-012-704,LAB_RESULTS,EP-IND-09677
BC-09678,2026-01-01 23:16:11+00:00,0,IOMT-046,S-IOMT-046-705,RESEARCH,EP-IND-09678
BC-09679,2026-01-01 23:16:24+00:00,0,IOMT-045,S-IOMT-045-706,RESEARCH,EP-IND-09679
BC-09680,2026-01-01 23:16:33+00:00,0,IOMT-013,S-IOMT-013-707,EHR_READ,EP-IND-09680
BC-09681,2026-01-01 23:16:36+00:00,0,IOMT-009,S-IOMT-009-708,EHR_WRITE,EP-IND-09681
BC-09682,2026-01-01 23:17:08+00:00,0,IOMT-004,S-IOMT-004-709,EHR_READ,EP-IND-09682
BC-09683,2026-01-01 23:17:23+00:00,0,IOMT-015,S-IOMT-015-710,RESEARCH,EP-IND-09683
BC-09684,2026-01-01 23:17:27+00:00,0,IOMT-032,S-IOMT-032-711,IMAGING,EP-IND-09684
BC-09685,2026-01-01 23:17:30+00:00,0,IOMT-032,S-IOMT-032-712,EHR_READ,EP-IND-09685
BC-09686,2026-01-01 23:17:34+00:00,0,IOMT-026,S-IOMT-026-713,IMAGING,EP-IND-09686
BC-09687,2026-01-01 23:17:36+00:00,0,IOMT-046,S-IOMT-046-714,EHR_READ,EP-IND-09687
BC-09688,2026-01-01 23:17:46+00:00,0,IOMT-008,S-IOMT-008-715,EHR_READ,EP-IND-09688
BC-09689,2026-01-01 23:17:50+00:00,0,IOMT-040,S-IOMT-040-716,LAB_RESULTS,EP-IND-09689
BC-09690,2026-01-01 23:17:56+00:00,0,IOMT-036,S-IOMT-036-717,LAB_RESULTS,EP-IND-09690
BC-09691,2026-01-01 23:17:56+00:00,0,IOMT-011,S-IOMT-011-718,LAB_RESULTS,EP-IND-09691
BC-09692,2026-01-01 23:18:03+00:00,0,IOMT-025,S-IOMT-025-719,LAB_RESULTS,EP-IND-09692
BC-09693,2026-01-01 23:18:08+00:00,0,IOMT-003,S-IOMT-003-720,RESEARCH,EP-IND-09693
BC-09694,2026-01-01 23:18:12+00:00,0,IOMT-048,S-IOMT-048-721,LAB_RESULTS,EP-IND-09694
BC-09695,2026-01-01 23:18:31+00:00,0,IOMT-028,S-IOMT-028-722,EHR_READ,EP-IND-09695
BC-09696,2026-01-01 23:18:34+00:00,0,IOMT-044,S-IOMT-044-723,RESEARCH,EP-IND-09696
BC-09697,2026-01-01 23:18:40+00:00,0,IOMT-020,S-IOMT-020-724,EHR_READ,EP-IND-09697
BC-09698,2026-01-01 23:18:51+00:00,0,IOMT-007,S-IOMT-007-725,LAB_RESULTS,EP-IND-09698
BC-09699,2026-01-01 23:18:53+00:00,0,IOMT-036,S-IOMT-036-726,EHR_READ,EP-IND-09699
BC-09700,2026-01-01 23:18:56+00:00,0,IOMT-021,S-IOMT-021-727,EHR_WRITE,EP-IND-09700
BC-09701,2026-01-01 23:18:58+00:00,0,IOMT-000,S-IOMT-000-728,IMAGING,EP-IND-09701
BC-09702,2026-01-01 23:19:14+00:00,0,IOMT-005,S-IOMT-005-729,EHR_READ,EP-IND-09702
BC-09703,2026-01-01 23:19:22+00:00,0,IOMT-017,S-IOMT-017-730,RESEARCH,EP-IND-09703
BC-09704,2026-01-01 23:19:22+00:00,0,IOMT-020,S-IOMT-020-731,LAB_RESULTS,EP-IND-09704
BC-09705,2026-01-01 23:19:32+00:00,0,IOMT-044,S-IOMT-044-732,IMAGING,EP-IND-09705
BC-09706,2026-01-01 23:19:44+00:00,0,IOMT-041,S-IOMT-041-733,IMAGING,EP-IND-09706
BC-09707,2026-01-01 23:19:45+00:00,0,IOMT-048,S-IOMT-048-734,IMAGING,EP-IND-09707
BC-09708,2026-01-01 23:19:48+00:00,0,IOMT-027,S-IOMT-027-735,RESEARCH,EP-IND-09708
BC-09709,2026-01-01 23:20:02+00:00,0,IOMT-002,S-IOMT-002-736,LAB_RESULTS,EP-IND-09709
BC-09710,2026-01-01 23:20:11+00:00,0,IOMT-015,S-IOMT-015-737,RESEARCH,EP-IND-09710
BC-09711,2026-01-01 23:20:15+00:00,0,IOMT-017,S-IOMT-017-738,EHR_READ,EP-IND-09711
BC-09712,2026-01-01 23:20:24+00:00,0,IOMT-006,S-IOMT-006-739,RESEARCH,EP-IND-09712
BC-09713,2026-01-01 23:20:35+00:00,0,IOMT-049,S-IOMT-049-740,EHR_WRITE,EP-IND-09713
BC-09714,2026-01-01 23:20:37+00:00,0,IOMT-004,S-IOMT-004-741,IMAGING,EP-IND-09714
BC-09715,2026-01-01 23:20:53+00:00,0,IOMT-031,S-IOMT-031-742,IMAGING,EP-IND-09715
BC-09716,2026-01-01 23:20:56+00:00,0,IOMT-007,S-IOMT-007-743,LAB_RESULTS,EP-IND-09716
BC-09717,2026-01-01 23:21:11+00:00,0,IOMT-043,S-IOMT-043-744,IMAGING,EP-IND-09717
BC-09718,2026-01-01 23:21:43+00:00,0,IOMT-026,S-IOMT-026-745,IMAGING,EP-IND-09718
BC-09719,2026-01-01 23:21:52+00:00,0,IOMT-044,S-IOMT-044-746,EHR_READ,EP-IND-09719
BC-09720,2026-01-01 23:22:07+00:00,1,IOMT-001,S-IOMT-001-747,IMAGING,EP-IND-09720
BC-09721,2026-01-01 23:22:11+00:00,0,IOMT-043,S-IOMT-043-748,RESEARCH,EP-IND-09721
BC-09722,2026-01-01 23:22:11+00:00,0,IOMT-023,S-IOMT-023-749,RESEARCH,EP-IND-09722
BC-09723,2026-01-01 23:22:11+00:00,0,IOMT-035,S-IOMT-035-750,IMAGING,EP-IND-09723
BC-09724,2026-01-01 23:22:12+00:00,0,IOMT-026,S-IOMT-026-751,EHR_READ,EP-IND-09724
BC-09725,2026-01-01 23:22:13+00:00,0,IOMT-027,S-IOMT-027-752,EHR_READ,EP-IND-09725
BC-09726,2026-01-01 23:22:28+00:00,0,IOMT-045,S-IOMT-045-753,EHR_READ,EP-IND-09726
BC-09727,2026-01-01 23:22:32+00:00,0,IOMT-036,S-IOMT-036-754,IMAGING,EP-IND-09727
BC-09728,2026-01-01 23:22:36+00:00,0,IOMT-040,S-IOMT-040-755,LAB_RESULTS,EP-IND-09728
BC-09729,2026-01-01 23:22:39+00:00,0,IOMT-049,S-IOMT-049-756,IMAGING,EP-IND-09729
BC-09730,2026-01-01 23:22:52+00:00,0,IOMT-009,S-IOMT-009-757,EHR_READ,EP-IND-09730
BC-09731,2026-01-01 23:22:52+00:00,0,IOMT-048,S-IOMT-048-758,IMAGING,EP-IND-09731
BC-09732,2026-01-01 23:22:55+00:00,0,IOMT-005,S-IOMT-005-759,EHR_READ,EP-IND-09732
BC-09733,2026-01-01 23:23:13+00:00,0,IOMT-000,S-IOMT-000-760,IMAGING,EP-IND-09733
BC-09734,2026-01-01 23:23:17+00:00,0,IOMT-025,S-IOMT-025-761,RESEARCH,EP-IND-09734
BC-09735,2026-01-01 23:23:19+00:00,0,IOMT-029,S-IOMT-029-762,EHR_WRITE,EP-IND-09735
BC-09736,2026-01-01 23:23:34+00:00,0,IOMT-038,S-IOMT-038-763,IMAGING,EP-IND-09736
BC-09737,2026-01-01 23:23:37+00:00,0,IOMT-027,S-IOMT-027-764,EHR_READ,EP-IND-09737
BC-09738,2026-01-01 23:24:18+00:00,0,IOMT-019,S-IOMT-019-765,IMAGING,EP-IND-09738
BC-09739,2026-01-01 23:24:21+00:00,0,IOMT-014,S-IOMT-014-766,IMAGING,EP-IND-09739
BC-09740,2026-01-01 23:24:23+00:00,0,IOMT-047,S-IOMT-047-767,IMAGING,EP-IND-09740
BC-09741,2026-01-01 23:24:33+00:00,0,IOMT-037,S-IOMT-037-768,RESEARCH,EP-IND-09741
BC-09742,2026-01-01 23:24:35+00:00,0,IOMT-037,S-IOMT-037-769,EHR_WRITE,EP-IND-09742
BC-09743,2026-01-01 23:24:41+00:00,0,IOMT-028,S-IOMT-028-770,EHR_READ,EP-IND-09743
BC-09744,2026-01-01 23:24:43+00:00,0,IOMT-018,S-IOMT-018-771,EHR_READ,EP-IND-09744
BC-09745,2026-01-01 23:24:54+00:00,0,IOMT-028,S-IOMT-028-772,LAB_RESULTS,EP-IND-09745
BC-09746,2026-01-01 23:24:55+00:00,0,IOMT-023,S-IOMT-023-773,EHR_WRITE,EP-IND-09746
BC-09747,2026-01-01 23:25:02+00:00,0,IOMT-040,S-IOMT-040-774,IMAGING,EP-IND-09747
BC-09748,2026-01-01 23:25:02+00:00,0,IOMT-014,S-IOMT-014-775,EHR_WRITE,EP-IND-09748
BC-09749,2026-01-01 23:25:06+00:00,1,IOMT-001,S-IOMT-001-776,EHR_READ,EP-IND-09749
BC-09750,2026-01-01 23:25:13+00:00,0,IOMT-044,S-IOMT-044-777,LAB_RESULTS,EP-IND-09750
BC-09751,2026-01-01 23:25:14+00:00,0,IOMT-032,S-IOMT-032-778,LAB_RESULTS,EP-IND-09751
BC-09752,2026-01-01 23:25:22+00:00,0,IOMT-002,S-IOMT-002-779,IMAGING,EP-IND-09752
BC-09753,2026-01-01 23:25:33+00:00,0,IOMT-046,S-IOMT-046-780,IMAGING,EP-IND-09753
BC-09754,2026-01-01 23:25:35+00:00,0,IOMT-030,S-IOMT-030-781,RESEARCH,EP-IND-09754
BC-09755,2026-01-01 23:25:44+00:00,0,IOMT-015,S-IOMT-015-782,RESEARCH,EP-IND-09755
BC-09756,2026-01-01 23:26:00+00:00,0,IOMT-019,S-IOMT-019-783,EHR_WRITE,EP-IND-09756
BC-09757,2026-01-01 23:26:19+00:00,0,IOMT-040,S-IOMT-040-784,EHR_READ,EP-IND-09757
BC-09758,2026-01-01 23:26:21+00:00,0,IOMT-047,S-IOMT-047-785,IMAGING,EP-IND-09758
BC-09759,2026-01-01 23:26:23+00:00,0,IOMT-039,S-IOMT-039-786,IMAGING,EP-IND-09759
BC-09760,2026-01-01 23:26:54+00:00,0,IOMT-047,S-IOMT-047-787,RESEARCH,EP-IND-09760
BC-09761,2026-01-01 23:27:20+00:00,0,IOMT-023,S-IOMT-023-788,LAB_RESULTS,EP-IND-09761
BC-09762,2026-01-01 23:27:24+00:00,0,IOMT-025,S-IOMT-025-789,EHR_READ,EP-IND-09762
BC-09763,2026-01-01 23:27:36+00:00,0,IOMT-033,S-IOMT-033-790,IMAGING,EP-IND-09763
BC-09764,2026-01-01 23:27:54+00:00,0,IOMT-023,S-IOMT-023-791,EHR_READ,EP-IND-09764
BC-09765,2026-01-01 23:27:55+00:00,0,IOMT-001,S-IOMT-001-792,EHR_READ,EP-IND-09765
BC-09766,2026-01-01 23:28:00+00:00,0,IOMT-016,S-IOMT-016-793,EHR_READ,EP-IND-09766
BC-09767,2026-01-01 23:28:08+00:00,0,IOMT-034,S-IOMT-034-794,EHR_READ,EP-IND-09767
BC-09768,2026-01-01 23:28:16+00:00,0,IOMT-000,S-IOMT-000-795,EHR_READ,EP-IND-09768
BC-09769,2026-01-01 23:28:23+00:00,0,IOMT-006,S-IOMT-006-796,EHR_WRITE,EP-IND-09769
BC-09770,2026-01-01 23:28:23+00:00,0,IOMT-043,S-IOMT-043-797,EHR_READ,EP-IND-09770
BC-09771,2026-01-01 23:28:26+00:00,0,IOMT-010,S-IOMT-010-798,EHR_WRITE,EP-IND-09771
BC-09772,2026-01-01 23:28:38+00:00,0,IOMT-003,S-IOMT-003-799,IMAGING,EP-IND-09772
BC-09773,2026-01-01 23:28:45+00:00,0,IOMT-001,S-IOMT-001-800,EHR_WRITE,EP-IND-09773
BC-09774,2026-01-01 23:28:47+00:00,0,IOMT-004,S-IOMT-004-801,EHR_WRITE,EP-IND-09774
BC-09775,2026-01-01 23:28:50+00:00,0,IOMT-033,S-IOMT-033-802,IMAGING,EP-IND-09775
BC-09776,2026-01-01 23:28:51+00:00,0,IOMT-028,S-IOMT-028-803,IMAGING,EP-IND-09776
BC-09777,2026-01-01 23:29:12+00:00,0,IOMT-009,S-IOMT-009-804,LAB_RESULTS,EP-IND-09777
BC-09778,2026-01-01 23:29:16+00:00,0,IOMT-008,S-IOMT-008-805,LAB_RESULTS,EP-IND-09778
BC-09779,2026-01-01 23:29:22+00:00,0,IOMT-004,S-IOMT-004-806,EHR_READ,EP-IND-09779
BC-09780,2026-01-01 23:29:40+00:00,0,IOMT-049,S-IOMT-049-807,EHR_WRITE,EP-IND-09780
BC-09781,2026-01-01 23:29:56+00:00,0,IOMT-009,S-IOMT-009-808,IMAGING,EP-IND-09781
BC-09782,2026-01-01 23:29:56+00:00,0,IOMT-024,S-IOMT-024-809,EHR_WRITE,EP-IND-09782
BC-09783,2026-01-01 23:30:24+00:00,0,IOMT-048,S-IOMT-048-810,LAB_RESULTS,EP-IND-09783
BC-09784,2026-01-01 23:30:36+00:00,0,IOMT-035,S-IOMT-035-811,EHR_READ,EP-IND-09784
BC-09785,2026-01-01 23:30:42+00:00,0,IOMT-046,S-IOMT-046-812,EHR_WRITE,EP-IND-09785
BC-09786,2026-01-01 23:30:58+00:00,0,IOMT-004,S-IOMT-004-813,EHR_WRITE,EP-IND-09786
BC-09787,2026-01-01 23:30:59+00:00,0,IOMT-039,S-IOMT-039-814,EHR_READ,EP-IND-09787
BC-09788,2026-01-01 23:31:01+00:00,0,IOMT-043,S-IOMT-043-815,LAB_RESULTS,EP-IND-09788
BC-09789,2026-01-01 23:31:05+00:00,0,IOMT-007,S-IOMT-007-816,RESEARCH,EP-IND-09789
BC-09790,2026-01-01 23:31:09+00:00,0,IOMT-041,S-IOMT-041-817,EHR_READ,EP-IND-09790
BC-09791,2026-01-01 23:31:15+00:00,0,IOMT-028,S-IOMT-028-818,IMAGING,EP-IND-09791
BC-09792,2026-01-01 23:31:40+00:00,0,IOMT-042,S-IOMT-042-819,EHR_WRITE,EP-IND-09792
BC-09793,2026-01-01 23:31:55+00:00,0,IOMT-020,S-IOMT-020-820,EHR_WRITE,EP-IND-09793
BC-09794,2026-01-01 23:32:03+00:00,0,IOMT-023,S-IOMT-023-821,RESEARCH,EP-IND-09794
BC-09795,2026-01-01 23:32:05+00:00,0,IOMT-043,S-IOMT-043-822,IMAGING,EP-IND-09795
BC-09796,2026-01-01 23:32:20+00:00,0,IOMT-009,S-IOMT-009-823,EHR_READ,EP-IND-09796
BC-09797,2026-01-01 23:32:44+00:00,0,IOMT-010,S-IOMT-010-824,EHR_WRITE,EP-IND-09797
BC-09798,2026-01-01 23:32:46+00:00,0,IOMT-016,S-IOMT-016-825,RESEARCH,EP-IND-09798
BC-09799,2026-01-01 23:32:50+00:00,0,IOMT-015,S-IOMT-015-826,LAB_RESULTS,EP-IND-09799
BC-09800,2026-01-01 23:33:00+00:00,0,IOMT-008,S-IOMT-008-827,EHR_READ,EP-IND-09800
BC-09801,2026-01-01 23:33:08+00:00,0,IOMT-004,S-IOMT-004-828,EHR_WRITE,EP-IND-09801
BC-09802,2026-01-01 23:33:16+00:00,0,IOMT-028,S-IOMT-028-829,EHR_WRITE,EP-IND-09802
BC-09803,2026-01-01 23:33:23+00:00,0,IOMT-037,S-IOMT-037-830,EHR_READ,EP-IND-09803
BC-09804,2026-01-01 23:33:41+00:00,0,IOMT-010,S-IOMT-010-831,EHR_WRITE,EP-IND-09804
BC-09805,2026-01-01 23:33:44+00:00,0,IOMT-034,S-IOMT-034-832,RESEARCH,EP-IND-09805
BC-09806,2026-01-01 23:34:03+00:00,0,IOMT-036,S-IOMT-036-833,IMAGING,EP-IND-09806
BC-09807,2026-01-01 23:34:08+00:00,0,IOMT-012,S-IOMT-012-834,IMAGING,EP-IND-09807
BC-09808,2026-01-01 23:34:16+00:00,0,IOMT-029,S-IOMT-029-835,EHR_READ,EP-IND-09808
BC-09809,2026-01-01 23:34:16+00:00,0,IOMT-008,S-IOMT-008-836,EHR_WRITE,EP-IND-09809
BC-09810,2026-01-01 23:34:34+00:00,0,IOMT-045,S-IOMT-045-837,RESEARCH,EP-IND-09810
BC-09811,2026-01-01 23:34:38+00:00,0,IOMT-043,S-IOMT-043-838,IMAGING,EP-IND-09811
BC-09812,2026-01-01 23:34:45+00:00,0,IOMT-022,S-IOMT-022-839,EHR_WRITE,EP-IND-09812
BC-09813,2026-01-01 23:34:46+00:00,0,IOMT-032,S-IOMT-032-840,LAB_RESULTS,EP-IND-09813
BC-09814,2026-01-01 23:34:48+00:00,0,IOMT-004,S-IOMT-004-841,RESEARCH,EP-IND-09814
BC-09815,2026-01-01 23:34:50+00:00,0,IOMT-021,S-IOMT-021-842,EHR_READ,EP-IND-09815
BC-09816,2026-01-01 23:34:57+00:00,0,IOMT-036,S-IOMT-036-843,EHR_WRITE,EP-IND-09816
BC-09817,2026-01-01 23:35:07+00:00,0,IOMT-033,S-IOMT-033-844,IMAGING,EP-IND-09817
BC-09818,2026-01-01 23:35:44+00:00,0,IOMT-046,S-IOMT-046-845,IMAGING,EP-IND-09818
BC-09819,2026-01-01 23:35:48+00:00,0,IOMT-049,S-IOMT-049-846,IMAGING,EP-IND-09819
BC-09820,2026-01-01 23:35:51+00:00,0,IOMT-013,S-IOMT-013-847,RESEARCH,EP-IND-09820
BC-09821,2026-01-01 23:36:31+00:00,0,IOMT-004,S-IOMT-004-848,RESEARCH,EP-IND-09821
BC-09822,2026-01-01 23:36:38+00:00,0,IOMT-025,S-IOMT-025-849,RESEARCH,EP-IND-09822
BC-09823,2026-01-01 23:36:57+00:00,0,IOMT-034,S-IOMT-034-850,LAB_RESULTS,EP-IND-09823
BC-09824,2026-01-01 23:37:02+00:00,1,IOMT-049,S-IOMT-049-851,EHR_READ,EP-IND-09824
BC-09825,2026-01-01 23:37:12+00:00,0,IOMT-003,S-IOMT-003-852,EHR_WRITE,EP-IND-09825
BC-09826,2026-01-01 23:37:35+00:00,0,IOMT-046,S-IOMT-046-853,EHR_READ,EP-IND-09826
BC-09827,2026-01-01 23:37:35+00:00,0,IOMT-013,S-IOMT-013-854,EHR_WRITE,EP-IND-09827
BC-09828,2026-01-01 23:37:36+00:00,0,IOMT-027,S-IOMT-027-855,IMAGING,EP-IND-09828
BC-09829,2026-01-01 23:37:42+00:00,0,IOMT-035,S-IOMT-035-856,IMAGING,EP-IND-09829
BC-09830,2026-01-01 23:37:47+00:00,0,IOMT-011,S-IOMT-011-857,RESEARCH,EP-IND-09830
BC-09831,2026-01-01 23:37:58+00:00,0,IOMT-008,S-IOMT-008-858,LAB_RESULTS,EP-IND-09831
BC-09832,2026-01-01 23:38:06+00:00,0,IOMT-025,S-IOMT-025-859,LAB_RESULTS,EP-IND-09832
BC-09833,2026-01-01 23:38:17+00:00,0,IOMT-032,S-IOMT-032-860,IMAGING,EP-IND-09833
BC-09834,2026-01-01 23:38:29+00:00,0,IOMT-031,S-IOMT-031-861,RESEARCH,EP-IND-09834
BC-09835,2026-01-01 23:38:37+00:00,0,IOMT-029,S-IOMT-029-862,RESEARCH,EP-IND-09835
BC-09836,2026-01-01 23:38:45+00:00,0,IOMT-036,S-IOMT-036-863,IMAGING,EP-IND-09836
BC-09837,2026-01-01 23:38:48+00:00,0,IOMT-003,S-IOMT-003-864,EHR_WRITE,EP-IND-09837
BC-09838,2026-01-01 23:38:52+00:00,0,IOMT-040,S-IOMT-040-865,EHR_WRITE,EP-IND-09838
BC-09839,2026-01-01 23:38:57+00:00,0,IOMT-029,S-IOMT-029-866,LAB_RESULTS,EP-IND-09839
BC-09840,2026-01-01 23:39:10+00:00,0,IOMT-038,S-IOMT-038-867,LAB_RESULTS,EP-IND-09840
BC-09841,2026-01-01 23:39:22+00:00,0,IOMT-015,S-IOMT-015-868,EHR_READ,EP-IND-09841
BC-09842,2026-01-01 23:39:30+00:00,0,IOMT-008,S-IOMT-008-869,LAB_RESULTS,EP-IND-09842
BC-09843,2026-01-01 23:39:32+00:00,0,IOMT-039,S-IOMT-039-870,EHR_READ,EP-IND-09843
BC-09844,2026-01-01 23:39:39+00:00,0,IOMT-038,S-IOMT-038-871,EHR_WRITE,EP-IND-09844
BC-09845,2026-01-01 23:39:53+00:00,0,IOMT-034,S-IOMT-034-872,RESEARCH,EP-IND-09845
BC-09846,2026-01-01 23:40:06+00:00,0,IOMT-032,S-IOMT-032-873,EHR_READ,EP-IND-09846
BC-09847,2026-01-01 23:40:10+00:00,0,IOMT-002,S-IOMT-002-874,RESEARCH,EP-IND-09847
BC-09848,2026-01-01 23:40:18+00:00,0,IOMT-037,S-IOMT-037-875,EHR_WRITE,EP-IND-09848
BC-09849,2026-01-01 23:40:33+00:00,0,IOMT-025,S-IOMT-025-876,RESEARCH,EP-IND-09849
BC-09850,2026-01-01 23:40:33+00:00,0,IOMT-005,S-IOMT-005-877,EHR_READ,EP-IND-09850
BC-09851,2026-01-01 23:40:33+00:00,0,IOMT-014,S-IOMT-014-878,EHR_WRITE,EP-IND-09851
BC-09852,2026-01-01 23:40:40+00:00,0,IOMT-007,S-IOMT-007-879,RESEARCH,EP-IND-09852
BC-09853,2026-01-01 23:40:41+00:00,0,IOMT-010,S-IOMT-010-880,EHR_READ,EP-IND-09853
BC-09854,2026-01-01 23:40:43+00:00,0,IOMT-019,S-IOMT-019-881,IMAGING,EP-IND-09854
BC-09855,2026-01-01 23:41:00+00:00,0,IOMT-022,S-IOMT-022-882,LAB_RESULTS,EP-IND-09855
BC-09856,2026-01-01 23:41:13+00:00,0,IOMT-004,S-IOMT-004-883,LAB_RESULTS,EP-IND-09856
BC-09857,2026-01-01 23:41:13+00:00,0,IOMT-018,S-IOMT-018-884,RESEARCH,EP-IND-09857
BC-09858,2026-01-01 23:41:16+00:00,0,IOMT-046,S-IOMT-046-885,EHR_WRITE,EP-IND-09858
BC-09859,2026-01-01 23:41:23+00:00,0,IOMT-020,S-IOMT-020-886,EHR_WRITE,EP-IND-09859
BC-09860,2026-01-01 23:41:42+00:00,0,IOMT-029,S-IOMT-029-887,RESEARCH,EP-IND-09860
BC-09861,2026-01-01 23:41:47+00:00,0,IOMT-014,S-IOMT-014-888,EHR_READ,EP-IND-09861
BC-09862,2026-01-01 23:41:47+00:00,0,IOMT-015,S-IOMT-015-889,IMAGING,EP-IND-09862
BC-09863,2026-01-01 23:41:55+00:00,0,IOMT-027,S-IOMT-027-890,EHR_WRITE,EP-IND-09863
BC-09864,2026-01-01 23:42:01+00:00,0,IOMT-015,S-IOMT-015-891,EHR_READ,EP-IND-09864
BC-09865,2026-01-01 23:42:01+00:00,0,IOMT-046,S-IOMT-046-892,EHR_READ,EP-IND-09865
BC-09866,2026-01-01 23:42:09+00:00,0,IOMT-007,S-IOMT-007-893,RESEARCH,EP-IND-09866
BC-09867,2026-01-01 23:42:15+00:00,0,IOMT-011,S-IOMT-011-894,EHR_WRITE,EP-IND-09867
BC-09868,2026-01-01 23:42:16+00:00,0,IOMT-042,S-IOMT-042-895,RESEARCH,EP-IND-09868
BC-09869,2026-01-01 23:42:21+00:00,0,IOMT-021,S-IOMT-021-896,EHR_READ,EP-IND-09869
BC-09870,2026-01-01 23:42:30+00:00,0,IOMT-015,S-IOMT-015-897,LAB_RESULTS,EP-IND-09870
BC-09871,2026-01-01 23:42:36+00:00,0,IOMT-027,S-IOMT-027-898,LAB_RESULTS,EP-IND-09871
BC-09872,2026-01-01 23:42:50+00:00,0,IOMT-013,S-IOMT-013-899,IMAGING,EP-IND-09872
BC-09873,2026-01-01 23:42:55+00:00,0,IOMT-008,S-IOMT-008-900,EHR_WRITE,EP-IND-09873
BC-09874,2026-01-01 23:43:03+00:00,0,IOMT-037,S-IOMT-037-901,EHR_READ,EP-IND-09874
BC-09875,2026-01-01 23:43:09+00:00,0,IOMT-045,S-IOMT-045-902,IMAGING,EP-IND-09875
BC-09876,2026-01-01 23:43:17+00:00,0,IOMT-039,S-IOMT-039-903,LAB_RESULTS,EP-IND-09876
BC-09877,2026-01-01 23:43:20+00:00,0,IOMT-017,S-IOMT-017-904,IMAGING,EP-IND-09877
BC-09878,2026-01-01 23:43:20+00:00,0,IOMT-014,S-IOMT-014-905,EHR_WRITE,EP-IND-09878
BC-09879,2026-01-01 23:43:24+00:00,0,IOMT-017,S-IOMT-017-906,EHR_READ,EP-IND-09879
BC-09880,2026-01-01 23:43:27+00:00,0,IOMT-011,S-IOMT-011-907,RESEARCH,EP-IND-09880
BC-09881,2026-01-01 23:43:29+00:00,0,IOMT-032,S-IOMT-032-908,LAB_RESULTS,EP-IND-09881
BC-09882,2026-01-01 23:43:45+00:00,0,IOMT-025,S-IOMT-025-909,IMAGING,EP-IND-09882
BC-09883,2026-01-01 23:43:58+00:00,0,IOMT-013,S-IOMT-013-910,EHR_READ,EP-IND-09883
BC-09884,2026-01-01 23:43:59+00:00,0,IOMT-002,S-IOMT-002-911,EHR_READ,EP-IND-09884
BC-09885,2026-01-01 23:44:02+00:00,0,IOMT-047,S-IOMT-047-912,LAB_RESULTS,EP-IND-09885
BC-09886,2026-01-01 23:44:04+00:00,0,IOMT-000,S-IOMT-000-913,EHR_READ,EP-IND-09886
BC-09887,2026-01-01 23:44:18+00:00,0,IOMT-002,S-IOMT-002-914,EHR_WRITE,EP-IND-09887
BC-09888,2026-01-01 23:44:23+00:00,0,IOMT-012,S-IOMT-012-915,EHR_WRITE,EP-IND-09888
BC-09889,2026-01-01 23:44:27+00:00,0,IOMT-013,S-IOMT-013-916,RESEARCH,EP-IND-09889
BC-09890,2026-01-01 23:44:31+00:00,0,IOMT-049,S-IOMT-049-917,EHR_READ,EP-IND-09890
BC-09891,2026-01-01 23:44:42+00:00,0,IOMT-001,S-IOMT-001-918,IMAGING,EP-IND-09891
BC-09892,2026-01-01 23:44:45+00:00,0,IOMT-001,S-IOMT-001-919,EHR_READ,EP-IND-09892
BC-09893,2026-01-01 23:44:54+00:00,0,IOMT-010,S-IOMT-010-920,EHR_WRITE,EP-IND-09893
BC-09894,2026-01-01 23:45:05+00:00,1,IOMT-011,S-IOMT-011-921,EHR_READ,EP-IND-09894
BC-09895,2026-01-01 23:45:31+00:00,0,IOMT-030,S-IOMT-030-922,EHR_READ,EP-IND-09895
BC-09896,2026-01-01 23:45:55+00:00,0,IOMT-031,S-IOMT-031-923,RESEARCH,EP-IND-09896
BC-09897,2026-01-01 23:45:58+00:00,0,IOMT-034,S-IOMT-034-924,EHR_WRITE,EP-IND-09897
BC-09898,2026-01-01 23:46:01+00:00,0,IOMT-031,S-IOMT-031-925,RESEARCH,EP-IND-09898
BC-09899,2026-01-01 23:46:15+00:00,0,IOMT-025,S-IOMT-025-926,IMAGING,EP-IND-09899
BC-09900,2026-01-01 23:46:15+00:00,0,IOMT-035,S-IOMT-035-927,LAB_RESULTS,EP-IND-09900
BC-09901,2026-01-01 23:46:16+00:00,0,IOMT-017,S-IOMT-017-928,EHR_READ,EP-IND-09901
BC-09902,2026-01-01 23:46:19+00:00,0,IOMT-009,S-IOMT-009-929,RESEARCH,EP-IND-09902
BC-09903,2026-01-01 23:46:40+00:00,0,IOMT-005,S-IOMT-005-930,EHR_READ,EP-IND-09903
BC-09904,2026-01-01 23:46:41+00:00,0,IOMT-027,S-IOMT-027-931,IMAGING,EP-IND-09904
BC-09905,2026-01-01 23:46:59+00:00,0,IOMT-024,S-IOMT-024-932,LAB_RESULTS,EP-IND-09905
BC-09906,2026-01-01 23:47:17+00:00,0,IOMT-024,S-IOMT-024-933,EHR_WRITE,EP-IND-09906
BC-09907,2026-01-01 23:47:29+00:00,0,IOMT-008,S-IOMT-008-934,LAB_RESULTS,EP-IND-09907
BC-09908,2026-01-01 23:47:31+00:00,0,IOMT-045,S-IOMT-045-935,EHR_WRITE,EP-IND-09908
BC-09909,2026-01-01 23:47:45+00:00,0,IOMT-010,S-IOMT-010-936,EHR_READ,EP-IND-09909
BC-09910,2026-01-01 23:47:48+00:00,0,IOMT-022,S-IOMT-022-937,EHR_WRITE,EP-IND-09910
BC-09911,2026-01-01 23:47:49+00:00,0,IOMT-040,S-IOMT-040-938,EHR_WRITE,EP-IND-09911
BC-09912,2026-01-01 23:48:27+00:00,0,IOMT-014,S-IOMT-014-939,RESEARCH,EP-IND-09912
BC-09913,2026-01-01 23:48:27+00:00,0,IOMT-014,S-IOMT-014-940,EHR_WRITE,EP-IND-09913
BC-09914,2026-01-01 23:48:31+00:00,0,IOMT-023,S-IOMT-023-941,IMAGING,EP-IND-09914
BC-09915,2026-01-01 23:48:36+00:00,0,IOMT-016,S-IOMT-016-942,IMAGING,EP-IND-09915
BC-09916,2026-01-01 23:48:41+00:00,0,IOMT-011,S-IOMT-011-943,IMAGING,EP-IND-09916
BC-09917,2026-01-01 23:48:51+00:00,0,IOMT-040,S-IOMT-040-944,LAB_RESULTS,EP-IND-09917
BC-09918,2026-01-01 23:49:11+00:00,0,IOMT-043,S-IOMT-043-945,LAB_RESULTS,EP-IND-09918
BC-09919,2026-01-01 23:49:15+00:00,0,IOMT-026,S-IOMT-026-946,RESEARCH,EP-IND-09919
BC-09920,2026-01-01 23:49:41+00:00,0,IOMT-030,S-IOMT-030-947,EHR_READ,EP-IND-09920
BC-09921,2026-01-01 23:49:57+00:00,0,IOMT-018,S-IOMT-018-948,EHR_READ,EP-IND-09921
BC-09922,2026-01-01 23:50:04+00:00,0,IOMT-006,S-IOMT-006-949,LAB_RESULTS,EP-IND-09922
BC-09923,2026-01-01 23:50:04+00:00,0,IOMT-018,S-IOMT-018-950,EHR_READ,EP-IND-09923
BC-09924,2026-01-01 23:50:04+00:00,0,IOMT-010,S-IOMT-010-951,EHR_WRITE,EP-IND-09924
BC-09925,2026-01-01 23:50:05+00:00,0,IOMT-010,S-IOMT-010-952,RESEARCH,EP-IND-09925
BC-09926,2026-01-01 23:50:09+00:00,0,IOMT-038,S-IOMT-038-953,RESEARCH,EP-IND-09926
BC-09927,2026-01-01 23:50:09+00:00,0,IOMT-021,S-IOMT-021-954,LAB_RESULTS,EP-IND-09927
BC-09928,2026-01-01 23:50:11+00:00,0,IOMT-048,S-IOMT-048-955,EHR_READ,EP-IND-09928
BC-09929,2026-01-01 23:50:11+00:00,0,IOMT-037,S-IOMT-037-956,EHR_READ,EP-IND-09929
BC-09930,2026-01-01 23:50:17+00:00,0,IOMT-016,S-IOMT-016-957,EHR_READ,EP-IND-09930
BC-09931,2026-01-01 23:50:19+00:00,0,IOMT-017,S-IOMT-017-958,EHR_READ,EP-IND-09931
BC-09932,2026-01-01 23:50:21+00:00,0,IOMT-034,S-IOMT-034-959,EHR_WRITE,EP-IND-09932
BC-09933,2026-01-01 23:50:24+00:00,0,IOMT-032,S-IOMT-032-960,IMAGING,EP-IND-09933
BC-09934,2026-01-01 23:50:33+00:00,0,IOMT-032,S-IOMT-032-961,EHR_WRITE,EP-IND-09934
BC-09935,2026-01-01 23:51:03+00:00,0,IOMT-017,S-IOMT-017-962,IMAGING,EP-IND-09935
BC-09936,2026-01-01 23:51:07+00:00,0,IOMT-031,S-IOMT-031-963,EHR_READ,EP-IND-09936
BC-09937,2026-01-01 23:51:12+00:00,0,IOMT-018,S-IOMT-018-964,IMAGING,EP-IND-09937
BC-09938,2026-01-01 23:51:12+00:00,0,IOMT-027,S-IOMT-027-965,IMAGING,EP-IND-09938
BC-09939,2026-01-01 23:51:18+00:00,0,IOMT-029,S-IOMT-029-966,EHR_WRITE,EP-IND-09939
BC-09940,2026-01-01 23:51:40+00:00,0,IOMT-000,S-IOMT-000-967,IMAGING,EP-IND-09940
BC-09941,2026-01-01 23:51:43+00:00,0,IOMT-004,S-IOMT-004-968,EHR_READ,EP-IND-09941
BC-09942,2026-01-01 23:51:48+00:00,0,IOMT-012,S-IOMT-012-969,EHR_READ,EP-IND-09942
BC-09943,2026-01-01 23:52:03+00:00,0,IOMT-031,S-IOMT-031-970,EHR_WRITE,EP-IND-09943
BC-09944,2026-01-01 23:52:09+00:00,0,IOMT-036,S-IOMT-036-971,EHR_READ,EP-IND-09944
BC-09945,2026-01-01 23:52:33+00:00,0,IOMT-047,S-IOMT-047-972,EHR_WRITE,EP-IND-09945
BC-09946,2026-01-01 23:52:36+00:00,0,IOMT-039,S-IOMT-039-973,EHR_READ,EP-IND-09946
BC-09947,2026-01-01 23:52:47+00:00,0,IOMT-007,S-IOMT-007-974,LAB_RESULTS,EP-IND-09947
BC-09948,2026-01-01 23:52:49+00:00,0,IOMT-031,S-IOMT-031-975,EHR_WRITE,EP-IND-09948
BC-09949,2026-01-01 23:52:49+00:00,0,IOMT-040,S-IOMT-040-976,IMAGING,EP-IND-09949
BC-09950,2026-01-01 23:53:02+00:00,0,IOMT-036,S-IOMT-036-977,LAB_RESULTS,EP-IND-09950
BC-09951,2026-01-01 23:53:04+00:00,0,IOMT-003,S-IOMT-003-978,EHR_READ,EP-IND-09951
BC-09952,2026-01-01 23:53:05+00:00,0,IOMT-024,S-IOMT-024-979,LAB_RESULTS,EP-IND-09952
BC-09953,2026-01-01 23:53:12+00:00,0,IOMT-017,S-IOMT-017-980,EHR_WRITE,EP-IND-09953
BC-09954,2026-01-01 23:53:13+00:00,0,IOMT-045,S-IOMT-045-981,EHR_WRITE,EP-IND-09954
BC-09955,2026-01-01 23:53:13+00:00,0,IOMT-046,S-IOMT-046-982,RESEARCH,EP-IND-09955
BC-09956,2026-01-01 23:53:18+00:00,0,IOMT-032,S-IOMT-032-983,RESEARCH,EP-IND-09956
BC-09957,2026-01-01 23:53:41+00:00,0,IOMT-041,S-IOMT-041-984,IMAGING,EP-IND-09957
BC-09958,2026-01-01 23:54:05+00:00,0,IOMT-025,S-IOMT-025-985,RESEARCH,EP-IND-09958
BC-09959,2026-01-01 23:54:11+00:00,0,IOMT-017,S-IOMT-017-986,IMAGING,EP-IND-09959
BC-09960,2026-01-01 23:54:16+00:00,0,IOMT-001,S-IOMT-001-987,LAB_RESULTS,EP-IND-09960
BC-09961,2026-01-01 23:54:17+00:00,0,IOMT-027,S-IOMT-027-988,EHR_WRITE,EP-IND-09961
BC-09962,2026-01-01 23:54:17+00:00,0,IOMT-026,S-IOMT-026-989,RESEARCH,EP-IND-09962
BC-09963,2026-01-01 23:54:27+00:00,0,IOMT-017,S-IOMT-017-990,EHR_READ,EP-IND-09963
BC-09964,2026-01-01 23:54:28+00:00,0,IOMT-019,S-IOMT-019-991,RESEARCH,EP-IND-09964
BC-09965,2026-01-01 23:54:46+00:00,0,IOMT-041,S-IOMT-041-992,EHR_WRITE,EP-IND-09965
BC-09966,2026-01-01 23:54:55+00:00,0,IOMT-024,S-IOMT-024-993,IMAGING,EP-IND-09966
BC-09967,2026-01-01 23:54:58+00:00,0,IOMT-035,S-IOMT-035-994,LAB_RESULTS,EP-IND-09967
BC-09968,2026-01-01 23:54:59+00:00,0,IOMT-046,S-IOMT-046-995,RESEARCH,EP-IND-09968
BC-09969,2026-01-01 23:55:04+00:00,0,IOMT-037,S-IOMT-037-996,IMAGING,EP-IND-09969
BC-09970,2026-01-01 23:55:05+00:00,0,IOMT-042,S-IOMT-042-0,EHR_READ,EP-IND-09970
BC-09971,2026-01-01 23:55:29+00:00,0,IOMT-002,S-IOMT-002-1,EHR_WRITE,EP-IND-09971
BC-09972,2026-01-01 23:55:32+00:00,0,IOMT-014,S-IOMT-014-2,RESEARCH,EP-IND-09972
BC-09973,2026-01-01 23:55:36+00:00,0,IOMT-033,S-IOMT-033-3,EHR_READ,EP-IND-09973
BC-09974,2026-01-01 23:55:40+00:00,0,IOMT-003,S-IOMT-003-4,EHR_READ,EP-IND-09974
BC-09975,2026-01-01 23:55:52+00:00,0,IOMT-005,S-IOMT-005-5,LAB_RESULTS,EP-IND-09975
BC-09976,2026-01-01 23:56:15+00:00,0,IOMT-016,S-IOMT-016-6,EHR_READ,EP-IND-09976
BC-09977,2026-01-01 23:56:39+00:00,0,IOMT-005,S-IOMT-005-7,RESEARCH,EP-IND-09977
BC-09978,2026-01-01 23:56:51+00:00,0,IOMT-041,S-IOMT-041-8,EHR_WRITE,EP-IND-09978
BC-09979,2026-01-01 23:56:57+00:00,0,IOMT-026,S-IOMT-026-9,EHR_WRITE,EP-IND-09979
BC-09980,2026-01-01 23:57:05+00:00,0,IOMT-025,S-IOMT-025-10,IMAGING,EP-IND-09980
BC-09981,2026-01-01 23:57:08+00:00,0,IOMT-016,S-IOMT-016-11,LAB_RESULTS,EP-IND-09981
BC-09982,2026-01-01 23:57:12+00:00,0,IOMT-043,S-IOMT-043-12,EHR_READ,EP-IND-09982
BC-09983,2026-01-01 23:57:14+00:00,0,IOMT-014,S-IOMT-014-13,LAB_RESULTS,EP-IND-09983
BC-09984,2026-01-01 23:57:18+00:00,0,IOMT-026,S-IOMT-026-14,LAB_RESULTS,EP-IND-09984
BC-09985,2026-01-01 23:57:20+00:00,0,IOMT-041,S-IOMT-041-15,EHR_WRITE,EP-IND-09985
BC-09986,2026-01-01 23:57:35+00:00,0,IOMT-007,S-IOMT-007-16,EHR_WRITE,EP-IND-09986
BC-09987,2026-01-01 23:57:40+00:00,0,IOMT-048,S-IOMT-048-17,EHR_READ,EP-IND-09987
BC-09988,2026-01-01 23:58:09+00:00,0,IOMT-005,S-IOMT-005-18,EHR_READ,EP-IND-09988
BC-09989,2026-01-01 23:58:20+00:00,0,IOMT-039,S-IOMT-039-19,IMAGING,EP-IND-09989
BC-09990,2026-01-01 23:58:28+00:00,0,IOMT-008,S-IOMT-008-20,EHR_READ,EP-IND-09990
BC-09991,2026-01-01 23:58:34+00:00,0,IOMT-034,S-IOMT-034-21,LAB_RESULTS,EP-IND-09991
BC-09992,2026-01-01 23:58:42+00:00,0,IOMT-035,S-IOMT-035-22,RESEARCH,EP-IND-09992
BC-09993,2026-01-01 23:59:01+00:00,0,IOMT-035,S-IOMT-035-23,IMAGING,EP-IND-09993
BC-09994,2026-01-01 23:59:24+00:00,0,IOMT-030,S-IOMT-030-24,EHR_READ,EP-IND-09994
BC-09995,2026-01-01 23:59:26+00:00,0,IOMT-012,S-IOMT-012-25,IMAGING,EP-IND-09995
BC-09996,2026-01-01 23:59:34+00:00,0,IOMT-024,S-IOMT-024-26,EHR_READ,EP-IND-09996
BC-09997,2026-01-01 23:59:37+00:00,0,IOMT-024,S-IOMT-024-27,IMAGING,EP-IND-09997
BC-09998,2026-01-01 23:59:43+00:00,0,IOMT-044,S-IOMT-044-28,RESEARCH,EP-IND-09998
BC-09999,2026-01-01 23:59:49+00:00,0,IOMT-003,S-IOMT-003-29,EHR_READ,EP-IND-09999
