event_id,timestamp,native_label,device_id,session_id,consent_scope,episode_id
NET-00000,2026-01-01 00:00:15+00:00,0,IOMT-010,S-IOMT-010-0,RESEARCH,EP-IND-00000
NET-00001,2026-01-01 00:00:16+00:00,0,IOMT-028,S-IOMT-028-1,EHR_WRITE,EP-IND-00001
NET-00002,2026-01-01 00:00:32+00:00,0,IOMT-040,S-IOMT-040-2,EHR_READ,EP-IND-00002
NET-00003,2026-01-01 00:00:33+00:00,0,IOMT-018,S-IOMT-018-3,IMAGING,EP-IND-00003
NET-00004,2026-01-01 00:00:44+00:00,0,IOMT-031,S-IOMT-031-4,RESEARCH,EP-IND-00004
NET-00005,2026-01-01 00:00:46+00:00,0,IOMT-047,S-IOMT-047-5,EHR_READ,EP-IND-00005
NET-00006,2026-01-01 00:01:13+00:00,0,IOMT-004,S-IOMT-004-6,LAB_RESULTS,EP-IND-00006
NET-00007,2026-01-01 00:01:33+00:00,0,IOMT-034,S-IOMT-034-7,IMAGING,EP-IND-00007
NET-00008,2026-01-01 00:01:37+00:00,0,IOMT-036,S-IOMT-036-8,LAB_RESULTS,EP-IND-00008
NET-00009,2026-01-01 00:01:49+00:00,0,IOMT-005,S-IOMT-005-9,RESEARCH,EP-IND-00009
NET-00010,2026-01-01 00:01:55+00:00,0,IOMT-042,S-IOMT-042-10,EHR_READ,EP-IND-00010
NET-00011,2026-01-01 00:02:00+00:00,0,IOMT-023,S-IOMT-023-11,IMAGING,EP-IND-00011
NET-00012,2026-01-01 00:02:30+00:00,0,IOMT-046,S-IOMT-046-12,EHR_READ,EP-IND-00012
NET-00013,2026-01-01 00:03:09+00:00,0,IOMT-043,S-IOMT-043-13,LAB_RESULTS,EP-IND-00013
NET-00014,2026-01-01 00:03:17+00:00,0,IOMT-027,S-IOMT-027-14,LAB_RESULTS,EP-IND-00014
NET-00015,2026-01-01 00:03:23+00:00,0,IOMT-046,S-IOMT-046-15,RESEARCH,EP-IND-00015
NET-00016,2026-01-01 00:03:36+00:00,0,IOMT-043,S-IOMT-043-16,IMAGING,EP-IND-00016
NET-00017,2026-01-01 00:03:48+00:00,0,IOMT-049,S-IOMT-049-17,LAB_RESULTS,EP-IND-00017
NET-00018,2026-01-01 00:03:49+00:00,0,IOMT-030,S-IOMT-030-18,LAB_RESULTS,EP-IND-00018
NET-00019,2026-01-01 00:03:56+00:00,0,IOMT-030,S-IOMT-030-19,RESEARCH,EP-IND-00019
NET-00020,2026-01-01 00:03:57+00:00,0,IOMT-030,S-IOMT-030-20,LAB_RESULTS,EP-IND-00020
NET-00021,2026-01-01 00:04:05+00:00,0,IOMT-042,S-IOMT-042-21,LAB_RESULTS,EP-IND-00021
NET-00022,2026-01-01 00:04:36+00:00,0,IOMT-049,S-IOMT-049-22,LAB_RESULTS,EP-IND-00022
NET-00023,2026-01-01 00:05:16+00:00,0,IOMT-029,S-IOMT-029-23,EHR_WRITE,EP-IND-00023
NET-00024,2026-01-01 00:05:24+00:00,0,IOMT-000,S-IOMT-000-24,LAB_RESULTS,EP-IND-00024
NET-00025,2026-01-01 00:05:42+00:00,1,IOMT-COORD-000,S-COORD-000,EHR_READ,EP-COORD-000
NET-00026,2026-01-01 00:05:49+00:00,0,IOMT-029,S-IOMT-029-26,IMAGING,EP-IND-00026
NET-00027,2026-01-01 00:05:51+00:00,0,IOMT-036,S-IOMT-036-27,EHR_WRITE,EP-IND-00027
NET-00028,2026-01-01 00:06:04+00:00,0,IOMT-039,S-IOMT-039-28,RESEARCH,EP-IND-00028
NET-00029,2026-01-01 00:06:12+00:00,0,IOMT-039,S-IOMT-039-29,LAB_RESULTS,EP-IND-00029
NET-00030,2026-01-01 00:06:25+00:00,0,IOMT-003,S-IOMT-003-30,EHR_WRITE,EP-IND-00030
NET-00031,2026-01-01 00:06:28+00:00,0,IOMT-005,S-IOMT-005-31,EHR_READ,EP-IND-00031
NET-00032,2026-01-01 00:06:29+00:00,0,IOMT-005,S-IOMT-005-32,RESEARCH,EP-IND-00032
NET-00033,2026-01-01 00:06:29+00:00,0,IOMT-011,S-IOMT-011-33,LAB_RESULTS,EP-IND-00033
NET-00034,2026-01-01 00:06:52+00:00,0,IOMT-008,S-IOMT-008-34,EHR_READ,EP-IND-00034
NET-00035,2026-01-01 00:07:06+00:00,0,IOMT-045,S-IOMT-045-35,IMAGING,EP-IND-00035
NET-00036,2026-01-01 00:07:19+00:00,0,IOMT-036,S-IOMT-036-36,RESEARCH,EP-IND-00036
NET-00037,2026-01-01 00:07:27+00:00,0,IOMT-007,S-IOMT-007-37,EHR_WRITE,EP-IND-00037
NET-00038,2026-01-01 00:07:28+00:00,0,IOMT-004,S-IOMT-004-38,IMAGING,EP-IND-00038
NET-00039,2026-01-01 00:07:45+00:00,0,IOMT-031,S-IOMT-031-39,EHR_READ,EP-IND-00039
NET-00040,2026-01-01 00:08:29+00:00,0,IOMT-019,S-IOMT-019-40,RESEARCH,EP-IND-00040
NET-00041,2026-01-01 00:08:33+00:00,0,IOMT-029,S-IOMT-029-41,RESEARCH,EP-IND-00041
NET-00042,2026-01-01 00:09:04+00:00,0,IOMT-001,S-IOMT-001-42,EHR_READ,EP-IND-00042
NET-00043,2026-01-01 00:09:16+00:00,0,IOMT-048,S-IOMT-048-43,LAB_RESULTS,EP-IND-00043
NET-00044,2026-01-01 00:09:22+00:00,0,IOMT-045,S-IOMT-045-44,EHR_READ,EP-IND-00044
NET-00045,2026-01-01 00:09:41+00:00,0,IOMT-013,S-IOMT-013-45,EHR_READ,EP-IND-00045
NET-00046,2026-01-01 00:09:41+00:00,1,IOMT-COORD-001,S-COORD-001,EHR_WRITE,EP-COORD-001
NET-00047,2026-01-01 00:09:43+00:00,0,IOMT-014,S-IOMT-014-47,IMAGING,EP-IND-00047
NET-00048,2026-01-01 00:09:49+00:00,0,IOMT-007,S-IOMT-007-48,EHR_READ,EP-IND-00048
NET-00049,2026-01-01 00:09:59+00:00,0,IOMT-027,S-IOMT-027-49,RESEARCH,EP-IND-00049
NET-00050,2026-01-01 00:10:02+00:00,0,IOMT-026,S-IOMT-026-50,EHR_WRITE,EP-IND-00050
NET-00051,2026-01-01 00:10:09+00:00,0,IOMT-037,S-IOMT-037-51,RESEARCH,EP-IND-00051
NET-00052,2026-01-01 00:10:09+00:00,0,IOMT-022,S-IOMT-022-52,RESEARCH,EP-IND-00052
NET-00053,2026-01-01 00:10:14+00:00,0,IOMT-032,S-IOMT-032-53,EHR_READ,EP-IND-00053
NET-00054,2026-01-01 00:10:47+00:00,0,IOMT-000,S-IOMT-000-54,LAB_RESULTS,EP-IND-00054
NET-00055,2026-01-01 00:10:48+00:00,0,IOMT-034,S-IOMT-034-55,IMAGING,EP-IND-00055
NET-00056,2026-01-01 00:10:51+00:00,1,IOMT-COORD-002,S-COORD-002,IMAGING,EP-COORD-002
NET-00057,2026-01-01 00:10:54+00:00,0,IOMT-036,S-IOMT-036-57,EHR_READ,EP-IND-00057
NET-00058,2026-01-01 00:11:00+00:00,0,IOMT-032,S-IOMT-032-58,LAB_RESULTS,EP-IND-00058
NET-00059,2026-01-01 00:11:07+00:00,0,IOMT-045,S-IOMT-045-59,RESEARCH,EP-IND-00059
NET-00060,2026-01-01 00:11:11+00:00,0,IOMT-048,S-IOMT-048-60,IMAGING,EP-IND-00060
NET-00061,2026-01-01 00:11:22+00:00,0,IOMT-002,S-IOMT-002-61,RESEARCH,EP-IND-00061
NET-00062,2026-01-01 00:11:35+00:00,0,IOMT-005,S-IOMT-005-62,RESEARCH,EP-IND-00062
NET-00063,2026-01-01 00:11:40+00:00,0,IOMT-032,S-IOMT-032-63,EHR_READ,EP-IND-00063
NET-00064,2026-01-01 00:12:18+00:00,0,IOMT-009,S-IOMT-009-64,IMAGING,EP-IND-00064
NET-00065,2026-01-01 00:12:31+00:00,0,IOMT-046,S-IOMT-046-65,EHR_READ,EP-IND-00065
NET-00066,2026-01-01 00:12:45+00:00,0,IOMT-020,S-IOMT-020-66,EHR_WRITE,EP-IND-00066
NET-00067,2026-01-01 00:12:47+00:00,0,IOMT-026,S-IOMT-026-67,EHR_WRITE,EP-IND-00067
NET-00068,2026-01-01 00:12:57+00:00,0,IOMT-043,S-IOMT-043-68,IMAGING,EP-IND-00068
NET-00069,2026-01-01 00:13:03+00:00,1,IOMT-COORD-003,S-COORD-003,LAB_RESULTS,EP-COORD-003
NET-00070,2026-01-01 00:13:06+00:00,0,IOMT-036,S-IOMT-036-70,EHR_READ,EP-IND-00070
NET-00071,2026-01-01 00:13:17+00:00,0,IOMT-012,S-IOMT-012-71,IMAGING,EP-IND-00071
NET-00072,2026-01-01 00:13:34+00:00,0,IOMT-009,S-IOMT-009-72,EHR_READ,EP-IND-00072
NET-00073,2026-01-01 00:13:51+00:00,0,IOMT-030,S-IOMT-030-73,EHR_WRITE,EP-IND-00073
NET-00074,2026-01-01 00:13:51+00:00,0,IOMT-009,S-IOMT-009-74,RESEARCH,EP-IND-00074
NET-00075,2026-01-01 00:14:02+00:00,0,IOMT-008,S-IOMT-008-75,RESEARCH,EP-IND-00075
NET-00076,2026-01-01 00:14:04+00:00,0,IOMT-028,S-IOMT-028-76,EHR_READ,EP-IND-00076
NET-00077,2026-01-01 00:14:04+00:00,0,IOMT-044,S-IOMT-044-77,EHR_WRITE,EP-IND-00077
NET-00078,2026-01-01 00:14:10+00:00,0,IOMT-003,S-IOMT-003-78,EHR_READ,EP-IND-00078
NET-00079,2026-01-01 00:14:13+00:00,0,IOMT-038,S-IOMT-038-79,IMAGING,EP-IND-00079
NET-00080,2026-01-01 00:14:15+00:00,0,IOMT-009,S-IOMT-009-80,RESEARCH,EP-IND-00080
NET-00081,2026-01-01 00:14:17+00:00,0,IOMT-045,S-IOMT-045-81,LAB_RESULTS,EP-IND-00081
NET-00082,2026-01-01 00:14:26+00:00,0,IOMT-008,S-IOMT-008-82,LAB_RESULTS,EP-IND-00082
NET-00083,2026-01-01 00:14:28+00:00,0,IOMT-002,S-IOMT-002-83,EHR_READ,EP-IND-00083
NET-00084,2026-01-01 00:14:32+00:00,0,IOMT-031,S-IOMT-031-84,EHR_READ,EP-IND-00084
NET-00085,2026-01-01 00:14:46+00:00,0,IOMT-000,S-IOMT-000-85,EHR_READ,EP-IND-00085
NET-00086,2026-01-01 00:15:05+00:00,0,IOMT-010,S-IOMT-010-86,IMAGING,EP-IND-00086
NET-00087,2026-01-01 00:15:27+00:00,0,IOMT-009,S-IOMT-009-87,EHR_READ,EP-IND-00087
NET-00088,2026-01-01 00:15:35+00:00,0,IOMT-007,S-IOMT-007-88,LAB_RESULTS,EP-IND-00088
NET-00089,2026-01-01 00:15:43+00:00,0,IOMT-033,S-IOMT-033-89,IMAGING,EP-IND-00089
NET-00090,2026-01-01 00:15:48+00:00,1,IOMT-COORD-004,S-COORD-004,RESEARCH,EP-COORD-004
NET-00091,2026-01-01 00:15:51+00:00,0,IOMT-037,S-IOMT-037-91,RESEARCH,EP-IND-00091
NET-00092,2026-01-01 00:15:57+00:00,0,IOMT-029,S-IOMT-029-92,RESEARCH,EP-IND-00092
NET-00093,2026-01-01 00:16:00+00:00,0,IOMT-022,S-IOMT-022-93,EHR_WRITE,EP-IND-00093
NET-00094,2026-01-01 00:16:09+00:00,0,IOMT-013,S-IOMT-013-94,IMAGING,EP-IND-00094
NET-00095,2026-01-01 00:16:11+00:00,0,IOMT-010,S-IOMT-010-95,EHR_READ,EP-IND-00095
NET-00096,2026-01-01 00:16:15+00:00,0,IOMT-012,S-IOMT-012-96,EHR_READ,EP-IND-00096
NET-00097,2026-01-01 00:16:21+00:00,0,IOMT-034,S-IOMT-034-97,EHR_WRITE,EP-IND-00097
NET-00098,2026-01-01 00:16:27+00:00,0,IOMT-008,S-IOMT-008-98,EHR_READ,EP-IND-00098
NET-00099,2026-01-01 00:16:45+00:00,0,IOMT-030,S-IOMT-030-99,RESEARCH,EP-IND-00099
NET-00100,2026-01-01 00:16:48+00:00,0,IOMT-028,S-IOMT-028-100,EHR_WRITE,EP-IND-00100
NET-00101,2026-01-01 00:16:55+00:00,0,IOMT-006,S-IOMT-006-101,RESEARCH,EP-IND-00101
NET-00102,2026-01-01 00:17:02+00:00,0,IOMT-040,S-IOMT-040-102,EHR_READ,EP-IND-00102
NET-00103,2026-01-01 00:17:11+00:00,0,IOMT-008,S-IOMT-008-103,EHR_READ,EP-IND-00103
NET-00104,2026-01-01 00:17:12+00:00,0,IOMT-032,S-IOMT-032-104,IMAGING,EP-IND-00104
NET-00105,2026-01-01 00:17:14+00:00,0,IOMT-026,S-IOMT-026-105,IMAGING,EP-IND-00105
NET-00106,2026-01-01 00:17:19+00:00,0,IOMT-009,S-IOMT-009-106,IMAGING,EP-IND-00106
NET-00107,2026-01-01 00:17:38+00:00,0,IOMT-024,S-IOMT-024-107,EHR_WRITE,EP-IND-00107
NET-00108,2026-01-01 00:17:41+00:00,1,IOMT-COORD-005,S-COORD-005,EHR_READ,EP-COORD-005
NET-00109,2026-01-01 00:18:11+00:00,0,IOMT-046,S-IOMT-046-109,LAB_RESULTS,EP-IND-00109
NET-00110,2026-01-01 00:18:27+00:00,0,IOMT-044,S-IOMT-044-110,RESEARCH,EP-IND-00110
NET-00111,2026-01-01 00:19:32+00:00,0,IOMT-030,S-IOMT-030-111,EHR_WRITE,EP-IND-00111
NET-00112,2026-01-01 00:19:39+00:00,0,IOMT-034,S-IOMT-034-112,IMAGING,EP-IND-00112
NET-00113,2026-01-01 00:19:51+00:00,0,IOMT-029,S-IOMT-029-113,LAB_RESULTS,EP-IND-00113
NET-00114,2026-01-01 00:20:10+00:00,0,IOMT-031,S-IOMT-031-114,LAB_RESULTS,EP-IND-00114
NET-00115,2026-01-01 00:20:20+00:00,0,IOMT-022,S-IOMT-022-115,RESEARCH,EP-IND-00115
NET-00116,2026-01-01 00:20:33+00:00,1,IOMT-COORD-006,S-COORD-006,EHR_WRITE,EP-COORD-006
NET-00117,2026-01-01 00:20:36+00:00,0,IOMT-041,S-IOMT-041-117,EHR_READ,EP-IND-00117
NET-00118,2026-01-01 00:20:44+00:00,0,IOMT-035,S-IOMT-035-118,IMAGING,EP-IND-00118
NET-00119,2026-01-01 00:20:48+00:00,0,IOMT-030,S-IOMT-030-119,LAB_RESULTS,EP-IND-00119
NET-00120,2026-01-01 00:21:02+00:00,0,IOMT-026,S-IOMT-026-120,EHR_READ,EP-IND-00120
NET-00121,2026-01-01 00:21:11+00:00,0,IOMT-024,S-IOMT-024-121,RESEARCH,EP-IND-00121
NET-00122,2026-01-01 00:21:19+00:00,0,IOMT-040,S-IOMT-040-122,RESEARCH,EP-IND-00122
NET-00123,2026-01-01 00:21:20+00:00,0,IOMT-035,S-IOMT-035-123,EHR_READ,EP-IND-00123
NET-00124,2026-01-01 00:21:21+00:00,0,IOMT-015,S-IOMT-015-124,EHR_WRITE,EP-IND-00124
NET-00125,2026-01-01 00:21:22+00:00,0,IOMT-039,S-IOMT-039-125,RESEARCH,EP-IND-00125
NET-00126,2026-01-01 00:21:26+00:00,0,IOMT-005,S-IOMT-005-126,EHR_WRITE,EP-IND-00126
NET-00127,2026-01-01 00:21:36+00:00,0,IOMT-046,S-IOMT-046-127,RESEARCH,EP-IND-00127
NET-00128,2026-01-01 00:21:52+00:00,0,IOMT-033,S-IOMT-033-128,IMAGING,EP-IND-00128
NET-00129,2026-01-01 00:21:55+00:00,0,IOMT-045,S-IOMT-045-129,RESEARCH,EP-IND-00129
NET-00130,2026-01-01 00:22:01+00:00,0,IOMT-007,S-IOMT-007-130,EHR_WRITE,EP-IND-00130
NET-00131,2026-01-01 00:22:04+00:00,0,IOMT-022,S-IOMT-022-131,EHR_WRITE,EP-IND-00131
NET-00132,2026-01-01 00:22:07+00:00,0,IOMT-002,S-IOMT-002-132,EHR_WRITE,EP-IND-00132
NET-00133,2026-01-01 00:22:25+00:00,0,IOMT-020,S-IOMT-020-133,LAB_RESULTS,EP-IND-00133
NET-00134,2026-01-01 00:22:27+00:00,0,IOMT-015,S-IOMT-015-134,RESEARCH,EP-IND-00134
NET-00135,2026-01-01 00:22:35+00:00,0,IOMT-005,S-IOMT-005-135,IMAGING,EP-IND-00135
NET-00136,2026-01-01 00:22:37+00:00,0,IOMT-025,S-IOMT-025-136,IMAGING,EP-IND-00136
NET-00137,2026-01-01 00:22:40+00:00,0,IOMT-024,S-IOMT-024-137,RESEARCH,EP-IND-00137
NET-00138,2026-01-01 00:22:48+00:00,1,IOMT-COORD-007,S-COORD-007,IMAGING,EP-COORD-007
NET-00139,2026-01-01 00:22:51+00:00,0,IOMT-002,S-IOMT-002-139,RESEARCH,EP-IND-00139
NET-00140,2026-01-01 00:22:52+00:00,0,IOMT-049,S-IOMT-049-140,EHR_READ,EP-IND-00140
NET-00141,2026-01-01 00:23:09+00:00,0,IOMT-043,S-IOMT-043-141,EHR_READ,EP-IND-00141
NET-00142,2026-01-01 00:23:35+00:00,0,IOMT-023,S-IOMT-023-142,EHR_READ,EP-IND-00142
NET-00143,2026-01-01 00:23:40+00:00,0,IOMT-014,S-IOMT-014-143,LAB_RESULTS,EP-IND-00143
NET-00144,2026-01-01 00:23:54+00:00,0,IOMT-032,S-IOMT-032-144,EHR_READ,EP-IND-00144
NET-00145,2026-01-01 00:24:04+00:00,0,IOMT-012,S-IOMT-012-145,RESEARCH,EP-IND-00145
NET-00146,2026-01-01 00:24:11+00:00,0,IOMT-048,S-IOMT-048-146,LAB_RESULTS,EP-IND-00146
NET-00147,2026-01-01 00:24:19+00:00,0,IOMT-015,S-IOMT-015-147,EHR_READ,EP-IND-00147
NET-00148,2026-01-01 00:24:39+00:00,0,IOMT-015,S-IOMT-015-148,EHR_READ,EP-IND-00148
NET-00149,2026-01-01 00:24:45+00:00,0,IOMT-022,S-IOMT-022-149,LAB_RESULTS,EP-IND-00149
NET-00150,2026-01-01 00:24:47+00:00,0,IOMT-006,S-IOMT-006-150,EHR_READ,EP-IND-00150
NET-00151,2026-01-01 00:25:14+00:00,0,IOMT-022,S-IOMT-022-151,EHR_WRITE,EP-IND-00151
NET-00152,2026-01-01 00:25:18+00:00,0,IOMT-044,S-IOMT-044-152,EHR_WRITE,EP-IND-00152
NET-00153,2026-01-01 00:25:21+00:00,0,IOMT-035,S-IOMT-035-153,LAB_RESULTS,EP-IND-00153
NET-00154,2026-01-01 00:25:27+00:00,0,IOMT-025,S-IOMT-025-154,IMAGING,EP-IND-00154
NET-00155,2026-01-01 00:25:53+00:00,0,IOMT-008,S-IOMT-008-155,LAB_RESULTS,EP-IND-00155
NET-00156,2026-01-01 00:25:53+00:00,0,IOMT-012,S-IOMT-012-156,EHR_WRITE,EP-IND-00156
NET-00157,2026-01-01 00:26:03+00:00,0,IOMT-028,S-IOMT-028-157,RESEARCH,EP-IND-00157
NET-00158,2026-01-01 00:26:05+00:00,0,IOMT-046,S-IOMT-046-158,EHR_WRITE,EP-IND-00158
NET-00159,2026-01-01 00:26:06+00:00,0,IOMT-000,S-IOMT-000-159,EHR_READ,EP-IND-00159
NET-00160,2026-01-01 00:26:08+00:00,0,IOMT-020,S-IOMT-020-160,EHR_READ,EP-IND-00160
NET-00161,2026-01-01 00:26:10+00:00,0,IOMT-033,S-IOMT-033-161,IMAGING,EP-IND-00161
NET-00162,2026-01-01 00:26:10+00:00,0,IOMT-035,S-IOMT-035-162,IMAGING,EP-IND-00162
NET-00163,2026-01-01 00:26:13+00:00,0,IOMT-025,S-IOMT-025-163,EHR_READ,EP-IND-00163
NET-00164,2026-01-01 00:26:20+00:00,0,IOMT-034,S-IOMT-034-164,EHR_WRITE,EP-IND-00164
NET-00165,2026-01-01 00:26:25+00:00,0,IOMT-034,S-IOMT-034-165,LAB_RESULTS,EP-IND-00165
NET-00166,2026-01-01 00:26:34+00:00,0,IOMT-024,S-IOMT-024-166,LAB_RESULTS,EP-IND-00166
NET-00167,2026-01-01 00:26:44+00:00,0,IOMT-029,S-IOMT-029-167,EHR_WRITE,EP-IND-00167
NET-00168,2026-01-01 00:26:49+00:00,0,IOMT-030,S-IOMT-030-168,RESEARCH,EP-IND-00168
NET-00169,2026-01-01 00:27:14+00:00,0,IOMT-012,S-IOMT-012-169,EHR_WRITE,EP-IND-00169
NET-00170,2026-01-01 00:27:16+00:00,0,IOMT-005,S-IOMT-005-170,LAB_RESULTS,EP-IND-00170
NET-00171,2026-01-01 00:27:19+00:00,0,IOMT-026,S-IOMT-026-171,IMAGING,EP-IND-00171
NET-00172,2026-01-01 00:27:31+00:00,0,IOMT-009,S-IOMT-009-172,LAB_RESULTS,EP-IND-00172
NET-00173,2026-01-01 00:27:40+00:00,0,IOMT-012,S-IOMT-012-173,RESEARCH,EP-IND-00173
NET-00174,2026-01-01 00:28:03+00:00,0,IOMT-038,S-IOMT-038-174,IMAGING,EP-IND-00174
NET-00175,2026-01-01 00:28:24+00:00,0,IOMT-040,S-IOMT-040-175,IMAGING,EP-IND-00175
NET-00176,2026-01-01 00:28:27+00:00,0,IOMT-029,S-IOMT-029-176,RESEARCH,EP-IND-00176
NET-00177,2026-01-01 00:28:39+00:00,0,IOMT-047,S-IOMT-047-177,LAB_RESULTS,EP-IND-00177
NET-00178,2026-01-01 00:29:16+00:00,0,IOMT-031,S-IOMT-031-178,EHR_READ,EP-IND-00178
NET-00179,2026-01-01 00:29:16+00:00,0,IOMT-000,S-IOMT-000-179,LAB_RESULTS,EP-IND-00179
NET-00180,2026-01-01 00:29:26+00:00,0,IOMT-033,S-IOMT-033-180,IMAGING,EP-IND-00180
NET-00181,2026-01-01 00:29:26+00:00,0,IOMT-019,S-IOMT-019-181,EHR_READ,EP-IND-00181
NET-00182,2026-01-01 00:29:36+00:00,0,IOMT-049,S-IOMT-049-182,LAB_RESULTS,EP-IND-00182
NET-00183,2026-01-01 00:30:01+00:00,0,IOMT-028,S-IOMT-028-183,EHR_READ,EP-IND-00183
NET-00184,2026-01-01 00:30:14+00:00,0,IOMT-031,S-IOMT-031-184,RESEARCH,EP-IND-00184
NET-00185,2026-01-01 00:30:27+00:00,0,IOMT-029,S-IOMT-029-185,EHR_READ,EP-IND-00185
NET-00186,2026-01-01 00:30:38+00:00,0,IOMT-043,S-IOMT-043-186,IMAGING,EP-IND-00186
NET-00187,2026-01-01 00:30:43+00:00,0,IOMT-000,S-IOMT-000-187,EHR_WRITE,EP-IND-00187
NET-00188,2026-01-01 00:30:53+00:00,0,IOMT-032,S-IOMT-032-188,RESEARCH,EP-IND-00188
NET-00189,2026-01-01 00:31:02+00:00,0,IOMT-049,S-IOMT-049-189,LAB_RESULTS,EP-IND-00189
NET-00190,2026-01-01 00:31:14+00:00,0,IOMT-004,S-IOMT-004-190,RESEARCH,EP-IND-00190
NET-00191,2026-01-01 00:31:17+00:00,0,IOMT-014,S-IOMT-014-191,IMAGING,EP-IND-00191
NET-00192,2026-01-01 00:31:25+00:00,0,IOMT-018,S-IOMT-018-192,EHR_READ,EP-IND-00192
NET-00193,2026-01-01 00:31:30+00:00,0,IOMT-013,S-IOMT-013-193,IMAGING,EP-IND-00193
NET-00194,2026-01-01 00:31:33+00:00,0,IOMT-003,S-IOMT-003-194,EHR_WRITE,EP-IND-00194
NET-00195,2026-01-01 00:31:41+00:00,0,IOMT-044,S-IOMT-044-195,RESEARCH,EP-IND-00195
NET-00196,2026-01-01 00:31:43+00:00,0,IOMT-006,S-IOMT-006-196,EHR_READ,EP-IND-00196
NET-00197,2026-01-01 00:31:49+00:00,0,IOMT-028,S-IOMT-028-197,IMAGING,EP-IND-00197
NET-00198,2026-01-01 00:31:55+00:00,0,IOMT-035,S-IOMT-035-198,IMAGING,EP-IND-00198
NET-00199,2026-01-01 00:32:06+00:00,0,IOMT-017,S-IOMT-017-199,IMAGING,EP-IND-00199
NET-00200,2026-01-01 00:32:19+00:00,0,IOMT-020,S-IOMT-020-200,EHR_READ,EP-IND-00200
NET-00201,2026-01-01 00:32:22+00:00,0,IOMT-020,S-IOMT-020-201,RESEARCH,EP-IND-00201
NET-00202,2026-01-01 00:32:35+00:00,0,IOMT-036,S-IOMT-036-202,EHR_WRITE,EP-IND-00202
NET-00203,2026-01-01 00:32:47+00:00,0,IOMT-042,S-IOMT-042-203,LAB_RESULTS,EP-IND-00203
NET-00204,2026-01-01 00:33:01+00:00,0,IOMT-040,S-IOMT-040-204,LAB_RESULTS,EP-IND-00204
NET-00205,2026-01-01 00:33:02+00:00,0,IOMT-049,S-IOMT-049-205,EHR_READ,EP-IND-00205
NET-00206,2026-01-01 00:33:29+00:00,0,IOMT-037,S-IOMT-037-206,LAB_RESULTS,EP-IND-00206
NET-00207,2026-01-01 00:33:33+00:00,0,IOMT-027,S-IOMT-027-207,LAB_RESULTS,EP-IND-00207
NET-00208,2026-01-01 00:33:41+00:00,0,IOMT-002,S-IOMT-002-208,RESEARCH,EP-IND-00208
NET-00209,2026-01-01 00:34:06+00:00,0,IOMT-033,S-IOMT-033-209,RESEARCH,EP-IND-00209
NET-00210,2026-01-01 00:34:09+00:00,0,IOMT-034,S-IOMT-034-210,EHR_WRITE,EP-IND-00210
NET-00211,2026-01-01 00:34:35+00:00,0,IOMT-048,S-IOMT-048-211,EHR_READ,EP-IND-00211
NET-00212,2026-01-01 00:34:37+00:00,0,IOMT-040,S-IOMT-040-212,RESEARCH,EP-IND-00212
NET-00213,2026-01-01 00:34:45+00:00,0,IOMT-003,S-IOMT-003-213,LAB_RESULTS,EP-IND-00213
NET-00214,2026-01-01 00:35:16+00:00,0,IOMT-020,S-IOMT-020-214,LAB_RESULTS,EP-IND-00214
NET-00215,2026-01-01 00:35:27+00:00,0,IOMT-048,S-IOMT-048-215,EHR_READ,EP-IND-00215
NET-00216,2026-01-01 00:35:36+00:00,0,IOMT-025,S-IOMT-025-216,LAB_RESULTS,EP-IND-00216
NET-00217,2026-01-01 00:35:44+00:00,0,IOMT-009,S-IOMT-009-217,IMAGING,EP-IND-00217
NET-00218,2026-01-01 00:36:42+00:00,0,IOMT-034,S-IOMT-034-218,LAB_RESULTS,EP-IND-00218
NET-00219,2026-01-01 00:36:59+00:00,0,IOMT-006,S-IOMT-006-219,EHR_READ,EP-IND-00219
NET-00220,2026-01-01 00:37:01+00:00,0,IOMT-045,S-IOMT-045-220,LAB_RESULTS,EP-IND-00220
NET-00221,2026-01-01 00:37:07+00:00,0,IOMT-035,S-IOMT-035-221,RESEARCH,EP-IND-00221
NET-00222,2026-01-01 00:37:09+00:00,0,IOMT-031,S-IOMT-031-222,RESEARCH,EP-IND-00222
NET-00223,2026-01-01 00:37:14+00:00,0,IOMT-043,S-IOMT-043-223,EHR_WRITE,EP-IND-00223
NET-00224,2026-01-01 00:37:17+00:00,0,IOMT-043,S-IOMT-043-224,EHR_READ,EP-IND-00224
NET-00225,2026-01-01 00:37:47+00:00,0,IOMT-020,S-IOMT-020-225,LAB_RESULTS,EP-IND-00225
NET-00226,2026-01-01 00:38:00+00:00,0,IOMT-021,S-IOMT-021-226,RESEARCH,EP-IND-00226
NET-00227,2026-01-01 00:38:01+00:00,0,IOMT-026,S-IOMT-026-227,RESEARCH,EP-IND-00227
NET-00228,2026-01-01 00:38:05+00:00,0,IOMT-040,S-IOMT-040-228,LAB_RESULTS,EP-IND-00228
NET-00229,2026-01-01 00:38:18+00:00,0,IOMT-007,S-IOMT-007-229,RESEARCH,EP-IND-00229
NET-00230,2026-01-01 00:38:21+00:00,0,IOMT-008,S-IOMT-008-230,RESEARCH,EP-IND-00230
NET-00231,2026-01-01 00:38:23+00:00,1,IOMT-COORD-008,S-COORD-008,LAB_RESULTS,EP-COORD-008
NET-00232,2026-01-01 00:38:23+00:00,0,IOMT-035,S-IOMT-035-232,RESEARCH,EP-IND-00232
NET-00233,2026-01-01 00:38:45+00:00,0,IOMT-039,S-IOMT-039-233,EHR_WRITE,EP-IND-00233
NET-00234,2026-01-01 00:39:04+00:00,0,IOMT-005,S-IOMT-005-234,IMAGING,EP-IND-00234
NET-00235,2026-01-01 00:39:27+00:00,0,IOMT-018,S-IOMT-018-235,IMAGING,EP-IND-00235
NET-00236,2026-01-01 00:40:02+00:00,0,IOMT-005,S-IOMT-005-236,RESEARCH,EP-IND-00236
NET-00237,2026-01-01 00:40:21+00:00,0,IOMT-004,S-IOMT-004-237,LAB_RESULTS,EP-IND-00237
NET-00238,2026-01-01 00:40:26+00:00,0,IOMT-005,S-IOMT-005-238,IMAGING,EP-IND-00238
NET-00239,2026-01-01 00:40:28+00:00,0,IOMT-000,S-IOMT-000-239,EHR_READ,EP-IND-00239
NET-00240,2026-01-01 00:40:45+00:00,0,IOMT-001,S-IOMT-001-240,EHR_READ,EP-IND-00240
NET-00241,2026-01-01 00:40:54+00:00,0,IOMT-009,S-IOMT-009-241,LAB_RESULTS,EP-IND-00241
NET-00242,2026-01-01 00:40:56+00:00,0,IOMT-049,S-IOMT-049-242,IMAGING,EP-IND-00242
NET-00243,2026-01-01 00:40:57+00:00,0,IOMT-009,S-IOMT-009-243,EHR_READ,EP-IND-00243
NET-00244,2026-01-01 00:41:04+00:00,0,IOMT-026,S-IOMT-026-244,LAB_RESULTS,EP-IND-00244
NET-00245,2026-01-01 00:41:06+00:00,0,IOMT-026,S-IOMT-026-245,EHR_READ,EP-IND-00245
NET-00246,2026-01-01 00:41:12+00:00,0,IOMT-028,S-IOMT-028-246,EHR_READ,EP-IND-00246
NET-00247,2026-01-01 00:41:33+00:00,0,IOMT-042,S-IOMT-042-247,IMAGING,EP-IND-00247
NET-00248,2026-01-01 00:41:42+00:00,0,IOMT-004,S-IOMT-004-248,LAB_RESULTS,EP-IND-00248
NET-00249,2026-01-01 00:41:57+00:00,0,IOMT-006,S-IOMT-006-249,LAB_RESULTS,EP-IND-00249
NET-00250,2026-01-01 00:41:58+00:00,0,IOMT-011,S-IOMT-011-250,EHR_READ,EP-IND-00250
NET-00251,2026-01-01 00:42:23+00:00,0,IOMT-009,S-IOMT-009-251,EHR_WRITE,EP-IND-00251
NET-00252,2026-01-01 00:42:25+00:00,0,IOMT-005,S-IOMT-005-252,EHR_WRITE,EP-IND-00252
NET-00253,2026-01-01 00:42:30+00:00,0,IOMT-024,S-IOMT-024-253,RESEARCH,EP-IND-00253
NET-00254,2026-01-01 00:42:42+00:00,0,IOMT-003,S-IOMT-003-254,EHR_WRITE,EP-IND-00254
NET-00255,2026-01-01 00:42:46+00:00,0,IOMT-001,S-IOMT-001-255,EHR_WRITE,EP-IND-00255
NET-00256,2026-01-01 00:42:50+00:00,0,IOMT-013,S-IOMT-013-256,RESEARCH,EP-IND-00256
NET-00257,2026-01-01 00:43:06+00:00,0,IOMT-039,S-IOMT-039-257,EHR_READ,EP-IND-00257
NET-00258,2026-01-01 00:43:08+00:00,1,IOMT-COORD-009,S-COORD-009,RESEARCH,EP-COORD-009
NET-00259,2026-01-01 00:43:14+00:00,0,IOMT-010,S-IOMT-010-259,LAB_RESULTS,EP-IND-00259
NET-00260,2026-01-01 00:43:24+00:00,0,IOMT-044,S-IOMT-044-260,IMAGING,EP-IND-00260
NET-00261,2026-01-01 00:43:40+00:00,1,IOMT-COORD-010,S-COORD-010,EHR_READ,EP-COORD-010
NET-00262,2026-01-01 00:43:54+00:00,0,IOMT-023,S-IOMT-023-262,LAB_RESULTS,EP-IND-00262
NET-00263,2026-01-01 00:44:03+00:00,0,IOMT-035,S-IOMT-035-263,IMAGING,EP-IND-00263
NET-00264,2026-01-01 00:44:06+00:00,0,IOMT-025,S-IOMT-025-264,RESEARCH,EP-IND-00264
NET-00265,2026-01-01 00:44:14+00:00,0,IOMT-030,S-IOMT-030-265,EHR_WRITE,EP-IND-00265
NET-00266,2026-01-01 00:44:16+00:00,0,IOMT-004,S-IOMT-004-266,IMAGING,EP-IND-00266
NET-00267,2026-01-01 00:44:25+00:00,0,IOMT-038,S-IOMT-038-267,RESEARCH,EP-IND-00267
NET-00268,2026-01-01 00:44:26+00:00,0,IOMT-001,S-IOMT-001-268,RESEARCH,EP-IND-00268
NET-00269,2026-01-01 00:44:37+00:00,0,IOMT-031,S-IOMT-031-269,EHR_READ,EP-IND-00269
NET-00270,2026-01-01 00:44:41+00:00,0,IOMT-026,S-IOMT-026-270,IMAGING,EP-IND-00270
NET-00271,2026-01-01 00:45:03+00:00,0,IOMT-017,S-IOMT-017-271,IMAGING,EP-IND-00271
NET-00272,2026-01-01 00:45:05+00:00,0,IOMT-030,S-IOMT-030-272,IMAGING,EP-IND-00272
NET-00273,2026-01-01 00:45:11+00:00,0,IOMT-042,S-IOMT-042-273,EHR_READ,EP-IND-00273
NET-00274,2026-01-01 00:45:28+00:00,0,IOMT-005,S-IOMT-005-274,IMAGING,EP-IND-00274
NET-00275,2026-01-01 00:45:34+00:00,0,IOMT-001,S-IOMT-001-275,RESEARCH,EP-IND-00275
NET-00276,2026-01-01 00:45:44+00:00,0,IOMT-000,S-IOMT-000-276,EHR_READ,EP-IND-00276
NET-00277,2026-01-01 00:45:51+00:00,0,IOMT-040,S-IOMT-040-277,LAB_RESULTS,EP-IND-00277
NET-00278,2026-01-01 00:46:11+00:00,0,IOMT-041,S-IOMT-041-278,LAB_RESULTS,EP-IND-00278
NET-00279,2026-01-01 00:46:12+00:00,0,IOMT-049,S-IOMT-049-279,RESEARCH,EP-IND-00279
NET-00280,2026-01-01 00:46:16+00:00,0,IOMT-026,S-IOMT-026-280,RESEARCH,EP-IND-00280
NET-00281,2026-01-01 00:46:24+00:00,1,IOMT-COORD-011,S-COORD-011,EHR_WRITE,EP-COORD-011
NET-00282,2026-01-01 00:46:44+00:00,0,IOMT-001,S-IOMT-001-282,LAB_RESULTS,EP-IND-00282
NET-00283,2026-01-01 00:46:52+00:00,0,IOMT-011,S-IOMT-011-283,EHR_WRITE,EP-IND-00283
NET-00284,2026-01-01 00:46:54+00:00,0,IOMT-014,S-IOMT-014-284,IMAGING,EP-IND-00284
NET-00285,2026-01-01 00:46:55+00:00,0,IOMT-003,S-IOMT-003-285,RESEARCH,EP-IND-00285
NET-00286,2026-01-01 00:47:09+00:00,0,IOMT-000,S-IOMT-000-286,EHR_WRITE,EP-IND-00286
NET-00287,2026-01-01 00:47:15+00:00,0,IOMT-017,S-IOMT-017-287,IMAGING,EP-IND-00287
NET-00288,2026-01-01 00:47:20+00:00,0,IOMT-020,S-IOMT-020-288,RESEARCH,EP-IND-00288
NET-00289,2026-01-01 00:47:36+00:00,0,IOMT-021,S-IOMT-021-289,EHR_WRITE,EP-IND-00289
NET-00290,2026-01-01 00:48:18+00:00,0,IOMT-037,S-IOMT-037-290,LAB_RESULTS,EP-IND-00290
NET-00291,2026-01-01 00:48:18+00:00,0,IOMT-016,S-IOMT-016-291,EHR_WRITE,EP-IND-00291
NET-00292,2026-01-01 00:48:43+00:00,1,IOMT-COORD-012,S-COORD-012,IMAGING,EP-COORD-012
NET-00293,2026-01-01 00:48:44+00:00,0,IOMT-020,S-IOMT-020-293,EHR_READ,EP-IND-00293
NET-00294,2026-01-01 00:48:53+00:00,0,IOMT-029,S-IOMT-029-294,EHR_READ,EP-IND-00294
NET-00295,2026-01-01 00:48:59+00:00,0,IOMT-023,S-IOMT-023-295,EHR_WRITE,EP-IND-00295
NET-00296,2026-01-01 00:49:11+00:00,0,IOMT-043,S-IOMT-043-296,IMAGING,EP-IND-00296
NET-00297,2026-01-01 00:49:15+00:00,0,IOMT-042,S-IOMT-042-297,EHR_WRITE,EP-IND-00297
NET-00298,2026-01-01 00:49:34+00:00,0,IOMT-033,S-IOMT-033-298,EHR_READ,EP-IND-00298
NET-00299,2026-01-01 00:49:49+00:00,0,IOMT-009,S-IOMT-009-299,EHR_READ,EP-IND-00299
NET-00300,2026-01-01 00:49:57+00:00,1,IOMT-COORD-013,S-COORD-013,LAB_RESULTS,EP-COORD-013
NET-00301,2026-01-01 00:50:08+00:00,1,IOMT-COORD-014,S-COORD-014,RESEARCH,EP-COORD-014
NET-00302,2026-01-01 00:50:11+00:00,0,IOMT-025,S-IOMT-025-302,EHR_READ,EP-IND-00302
NET-00303,2026-01-01 00:50:12+00:00,0,IOMT-049,S-IOMT-049-303,IMAGING,EP-IND-00303
NET-00304,2026-01-01 00:50:14+00:00,0,IOMT-033,S-IOMT-033-304,EHR_WRITE,EP-IND-00304
NET-00305,2026-01-01 00:50:15+00:00,0,IOMT-030,S-IOMT-030-305,LAB_RESULTS,EP-IND-00305
NET-00306,2026-01-01 00:50:26+00:00,0,IOMT-017,S-IOMT-017-306,IMAGING,EP-IND-00306
NET-00307,2026-01-01 00:50:30+00:00,0,IOMT-037,S-IOMT-037-307,EHR_READ,EP-IND-00307
NET-00308,2026-01-01 00:50:31+00:00,0,IOMT-001,S-IOMT-001-308,RESEARCH,EP-IND-00308
NET-00309,2026-01-01 00:50:32+00:00,0,IOMT-020,S-IOMT-020-309,LAB_RESULTS,EP-IND-00309
NET-00310,2026-01-01 00:50:35+00:00,0,IOMT-012,S-IOMT-012-310,RESEARCH,EP-IND-00310
NET-00311,2026-01-01 00:50:47+00:00,0,IOMT-029,S-IOMT-029-311,LAB_RESULTS,EP-IND-00311
NET-00312,2026-01-01 00:51:02+00:00,0,IOMT-001,S-IOMT-001-312,LAB_RESULTS,EP-IND-00312
NET-00313,2026-01-01 00:51:02+00:00,0,IOMT-036,S-IOMT-036-313,EHR_READ,EP-IND-00313
NET-00314,2026-01-01 00:51:22+00:00,0,IOMT-042,S-IOMT-042-314,IMAGING,EP-IND-00314
NET-00315,2026-01-01 00:51:41+00:00,0,IOMT-025,S-IOMT-025-315,EHR_READ,EP-IND-00315
NET-00316,2026-01-01 00:51:43+00:00,0,IOMT-033,S-IOMT-033-316,LAB_RESULTS,EP-IND-00316
NET-00317,2026-01-01 00:52:12+00:00,0,IOMT-016,S-IOMT-016-317,RESEARCH,EP-IND-00317
NET-00318,2026-01-01 00:52:22+00:00,0,IOMT-031,S-IOMT-031-318,EHR_WRITE,EP-IND-00318
NET-00319,2026-01-01 00:52:33+00:00,0,IOMT-047,S-IOMT-047-319,EHR_READ,EP-IND-00319
NET-00320,2026-01-01 00:52:35+00:00,0,IOMT-001,S-IOMT-001-320,EHR_WRITE,EP-IND-00320
NET-00321,2026-01-01 00:52:36+00:00,0,IOMT-034,S-IOMT-034-321,EHR_WRITE,EP-IND-00321
NET-00322,2026-01-01 00:52:37+00:00,0,IOMT-028,S-IOMT-028-322,EHR_READ,EP-IND-00322
NET-00323,2026-01-01 00:52:46+00:00,0,IOMT-006,S-IOMT-006-323,LAB_RESULTS,EP-IND-00323
NET-00324,2026-01-01 00:52:51+00:00,0,IOMT-020,S-IOMT-020-324,IMAGING,EP-IND-00324
NET-00325,2026-01-01 00:52:52+00:00,0,IOMT-023,S-IOMT-023-325,IMAGING,EP-IND-00325
NET-00326,2026-01-01 00:52:53+00:00,0,IOMT-047,S-IOMT-047-326,IMAGING,EP-IND-00326
NET-00327,2026-01-01 00:52:58+00:00,0,IOMT-008,S-IOMT-008-327,EHR_READ,EP-IND-00327
NET-00328,2026-01-01 00:53:12+00:00,0,IOMT-021,S-IOMT-021-328,IMAGING,EP-IND-00328
NET-00329,2026-01-01 00:53:14+00:00,0,IOMT-022,S-IOMT-022-329,IMAGING,EP-IND-00329
NET-00330,2026-01-01 00:53:16+00:00,1,IOMT-COORD-015,S-COORD-015,EHR_READ,EP-COORD-015
NET-00331,2026-01-01 00:53:16+00:00,0,IOMT-019,S-IOMT-019-331,EHR_READ,EP-IND-00331
NET-00332,2026-01-01 00:53:18+00:00,0,IOMT-015,S-IOMT-015-332,RESEARCH,EP-IND-00332
NET-00333,2026-01-01 00:53:22+00:00,0,IOMT-009,S-IOMT-009-333,EHR_WRITE,EP-IND-00333
NET-00334,2026-01-01 00:53:49+00:00,0,IOMT-006,S-IOMT-006-334,EHR_WRITE,EP-IND-00334
NET-00335,2026-01-01 00:53:56+00:00,0,IOMT-045,S-IOMT-045-335,IMAGING,EP-IND-00335
NET-00336,2026-01-01 00:54:15+00:00,0,IOMT-024,S-IOMT-024-336,LAB_RESULTS,EP-IND-00336
NET-00337,2026-01-01 00:54:37+00:00,0,IOMT-022,S-IOMT-022-337,EHR_WRITE,EP-IND-00337
NET-00338,2026-01-01 00:54:43+00:00,0,IOMT-006,S-IOMT-006-338,EHR_READ,EP-IND-00338
NET-00339,2026-01-01 00:54:44+00:00,0,IOMT-032,S-IOMT-032-339,RESEARCH,EP-IND-00339
NET-00340,2026-01-01 00:55:02+00:00,0,IOMT-045,S-IOMT-045-340,LAB_RESULTS,EP-IND-00340
NET-00341,2026-01-01 00:55:04+00:00,0,IOMT-013,S-IOMT-013-341,IMAGING,EP-IND-00341
NET-00342,2026-01-01 00:55:16+00:00,0,IOMT-017,S-IOMT-017-342,EHR_READ,EP-IND-00342
NET-00343,2026-01-01 00:55:16+00:00,0,IOMT-030,S-IOMT-030-343,EHR_READ,EP-IND-00343
NET-00344,2026-01-01 00:55:18+00:00,0,IOMT-048,S-IOMT-048-344,RESEARCH,EP-IND-00344
NET-00345,2026-01-01 00:55:21+00:00,0,IOMT-024,S-IOMT-024-345,LAB_RESULTS,EP-IND-00345
NET-00346,2026-01-01 00:55:22+00:00,0,IOMT-018,S-IOMT-018-346,LAB_RESULTS,EP-IND-00346
NET-00347,2026-01-01 00:55:46+00:00,0,IOMT-038,S-IOMT-038-347,RESEARCH,EP-IND-00347
NET-00348,2026-01-01 00:55:48+00:00,0,IOMT-019,S-IOMT-019-348,RESEARCH,EP-IND-00348
NET-00349,2026-01-01 00:55:55+00:00,0,IOMT-002,S-IOMT-002-349,RESEARCH,EP-IND-00349
NET-00350,2026-01-01 00:56:02+00:00,0,IOMT-010,S-IOMT-010-350,IMAGING,EP-IND-00350
NET-00351,2026-01-01 00:56:17+00:00,0,IOMT-033,S-IOMT-033-351,LAB_RESULTS,EP-IND-00351
NET-00352,2026-01-01 00:56:20+00:00,0,IOMT-015,S-IOMT-015-352,IMAGING,EP-IND-00352
NET-00353,2026-01-01 00:56:23+00:00,0,IOMT-009,S-IOMT-009-353,EHR_WRITE,EP-IND-00353
NET-00354,2026-01-01 00:56:28+00:00,0,IOMT-033,S-IOMT-033-354,IMAGING,EP-IND-00354
NET-00355,2026-01-01 00:56:34+00:00,0,IOMT-013,S-IOMT-013-355,RESEARCH,EP-IND-00355
NET-00356,2026-01-01 00:56:42+00:00,0,IOMT-004,S-IOMT-004-356,LAB_RESULTS,EP-IND-00356
NET-00357,2026-01-01 00:56:58+00:00,0,IOMT-021,S-IOMT-021-357,EHR_WRITE,EP-IND-00357
NET-00358,2026-01-01 00:57:04+00:00,0,IOMT-046,S-IOMT-046-358,IMAGING,EP-IND-00358
NET-00359,2026-01-01 00:57:14+00:00,0,IOMT-024,S-IOMT-024-359,EHR_READ,EP-IND-00359
NET-00360,2026-01-01 00:57:21+00:00,0,IOMT-028,S-IOMT-028-360,EHR_WRITE,EP-IND-00360
NET-00361,2026-01-01 00:57:35+00:00,0,IOMT-021,S-IOMT-021-361,IMAGING,EP-IND-00361
NET-00362,2026-01-01 00:57:44+00:00,0,IOMT-024,S-IOMT-024-362,EHR_WRITE,EP-IND-00362
NET-00363,2026-01-01 00:57:47+00:00,0,IOMT-021,S-IOMT-021-363,IMAGING,EP-IND-00363
NET-00364,2026-01-01 00:58:12+00:00,0,IOMT-018,S-IOMT-018-364,RESEARCH,EP-IND-00364
NET-00365,2026-01-01 00:58:19+00:00,0,IOMT-002,S-IOMT-002-365,LAB_RESULTS,EP-IND-00365
NET-00366,2026-01-01 00:58:20+00:00,0,IOMT-027,S-IOMT-027-366,LAB_RESULTS,EP-IND-00366
NET-00367,2026-01-01 00:58:25+00:00,0,IOMT-021,S-IOMT-021-367,IMAGING,EP-IND-00367
NET-00368,2026-01-01 00:58:36+00:00,0,IOMT-044,S-IOMT-044-368,LAB_RESULTS,EP-IND-00368
NET-00369,2026-01-01 00:58:42+00:00,0,IOMT-022,S-IOMT-022-369,EHR_READ,EP-IND-00369
NET-00370,2026-01-01 00:58:43+00:00,0,IOMT-009,S-IOMT-009-370,RESEARCH,EP-IND-00370
NET-00371,2026-01-01 00:58:46+00:00,0,IOMT-021,S-IOMT-021-371,IMAGING,EP-IND-00371
NET-00372,2026-01-01 00:58:53+00:00,0,IOMT-029,S-IOMT-029-372,LAB_RESULTS,EP-IND-00372
NET-00373,2026-01-01 00:59:19+00:00,0,IOMT-032,S-IOMT-032-373,EHR_WRITE,EP-IND-00373
NET-00374,2026-01-01 00:59:34+00:00,0,IOMT-046,S-IOMT-046-374,LAB_RESULTS,EP-IND-00374
NET-00375,2026-01-01 00:59:37+00:00,0,IOMT-025,S-IOMT-025-375,EHR_READ,EP-IND-00375
NET-00376,2026-01-01 00:59:47+00:00,0,IOMT-000,S-IOMT-000-376,IMAGING,EP-IND-00376
NET-00377,2026-01-01 01:00:06+00:00,0,IOMT-006,S-IOMT-006-377,IMAGING,EP-IND-00377
NET-00378,2026-01-01 01:00:20+00:00,0,IOMT-038,S-IOMT-038-378,LAB_RESULTS,EP-IND-00378
NET-00379,2026-01-01 01:00:22+00:00,0,IOMT-045,S-IOMT-045-379,IMAGING,EP-IND-00379
NET-00380,2026-01-01 01:00:28+00:00,0,IOMT-033,S-IOMT-033-380,EHR_WRITE,EP-IND-00380
NET-00381,2026-01-01 01:00:35+00:00,0,IOMT-030,S-IOMT-030-381,RESEARCH,EP-IND-00381
NET-00382,2026-01-01 01:00:39+00:00,0,IOMT-029,S-IOMT-029-382,RESEARCH,EP-IND-00382
NET-00383,2026-01-01 01:00:40+00:00,0,IOMT-005,S-IOMT-005-383,RESEARCH,EP-IND-00383
NET-00384,2026-01-01 01:00:42+00:00,0,IOMT-045,S-IOMT-045-384,EHR_READ,EP-IND-00384
NET-00385,2026-01-01 01:00:47+00:00,0,IOMT-007,S-IOMT-007-385,RESEARCH,EP-IND-00385
NET-00386,2026-01-01 01:00:48+00:00,0,IOMT-004,S-IOMT-004-386,EHR_READ,EP-IND-00386
NET-00387,2026-01-01 01:00:53+00:00,0,IOMT-035,S-IOMT-035-387,IMAGING,EP-IND-00387
NET-00388,2026-01-01 01:00:59+00:00,0,IOMT-038,S-IOMT-038-388,RESEARCH,EP-IND-00388
NET-00389,2026-01-01 01:01:07+00:00,0,IOMT-039,S-IOMT-039-389,LAB_RESULTS,EP-IND-00389
NET-00390,2026-01-01 01:01:47+00:00,0,IOMT-031,S-IOMT-031-390,EHR_WRITE,EP-IND-00390
NET-00391,2026-01-01 01:01:55+00:00,0,IOMT-048,S-IOMT-048-391,LAB_RESULTS,EP-IND-00391
NET-00392,2026-01-01 01:02:02+00:00,0,IOMT-024,S-IOMT-024-392,RESEARCH,EP-IND-00392
NET-00393,2026-01-01 01:02:02+00:00,0,IOMT-013,S-IOMT-013-393,LAB_RESULTS,EP-IND-00393
NET-00394,2026-01-01 01:02:04+00:00,0,IOMT-025,S-IOMT-025-394,EHR_READ,EP-IND-00394
NET-00395,2026-01-01 01:02:05+00:00,0,IOMT-044,S-IOMT-044-395,IMAGING,EP-IND-00395
NET-00396,2026-01-01 01:02:14+00:00,0,IOMT-026,S-IOMT-026-396,EHR_READ,EP-IND-00396
NET-00397,2026-01-01 01:02:16+00:00,0,IOMT-033,S-IOMT-033-397,RESEARCH,EP-IND-00397
NET-00398,2026-01-01 01:02:19+00:00,0,IOMT-038,S-IOMT-038-398,IMAGING,EP-IND-00398
NET-00399,2026-01-01 01:02:19+00:00,0,IOMT-021,S-IOMT-021-399,RESEARCH,EP-IND-00399
NET-00400,2026-01-01 01:02:20+00:00,0,IOMT-014,S-IOMT-014-400,EHR_WRITE,EP-IND-00400
NET-00401,2026-01-01 01:02:26+00:00,0,IOMT-009,S-IOMT-009-401,EHR_WRITE,EP-IND-00401
NET-00402,2026-01-01 01:02:30+00:00,0,IOMT-020,S-IOMT-020-402,EHR_WRITE,EP-IND-00402
NET-00403,2026-01-01 01:02:39+00:00,0,IOMT-030,S-IOMT-030-403,LAB_RESULTS,EP-IND-00403
NET-00404,2026-01-01 01:03:09+00:00,0,IOMT-030,S-IOMT-030-404,IMAGING,EP-IND-00404
NET-00405,2026-01-01 01:03:23+00:00,0,IOMT-016,S-IOMT-016-405,LAB_RESULTS,EP-IND-00405
NET-00406,2026-01-01 01:03:25+00:00,0,IOMT-023,S-IOMT-023-406,EHR_WRITE,EP-IND-00406
NET-00407,2026-01-01 01:03:38+00:00,0,IOMT-028,S-IOMT-028-407,IMAGING,EP-IND-00407
NET-00408,2026-01-01 01:03:48+00:00,0,IOMT-019,S-IOMT-019-408,LAB_RESULTS,EP-IND-00408
NET-00409,2026-01-01 01:03:51+00:00,0,IOMT-040,S-IOMT-040-409,LAB_RESULTS,EP-IND-00409
NET-00410,2026-01-01 01:04:03+00:00,0,IOMT-034,S-IOMT-034-410,LAB_RESULTS,EP-IND-00410
NET-00411,2026-01-01 01:04:05+00:00,0,IOMT-031,S-IOMT-031-411,EHR_READ,EP-IND-00411
NET-00412,2026-01-01 01:04:15+00:00,0,IOMT-018,S-IOMT-018-412,IMAGING,EP-IND-00412
NET-00413,2026-01-01 01:04:16+00:00,0,IOMT-029,S-IOMT-029-413,EHR_WRITE,EP-IND-00413
NET-00414,2026-01-01 01:04:24+00:00,0,IOMT-032,S-IOMT-032-414,LAB_RESULTS,EP-IND-00414
NET-00415,2026-01-01 01:04:25+00:00,0,IOMT-047,S-IOMT-047-415,IMAGING,EP-IND-00415
NET-00416,2026-01-01 01:04:26+00:00,0,IOMT-020,S-IOMT-020-416,IMAGING,EP-IND-00416
NET-00417,2026-01-01 01:04:32+00:00,0,IOMT-033,S-IOMT-033-417,EHR_WRITE,EP-IND-00417
NET-00418,2026-01-01 01:04:46+00:00,0,IOMT-001,S-IOMT-001-418,EHR_READ,EP-IND-00418
NET-00419,2026-01-01 01:04:51+00:00,0,IOMT-017,S-IOMT-017-419,IMAGING,EP-IND-00419
NET-00420,2026-01-01 01:04:56+00:00,0,IOMT-004,S-IOMT-004-420,LAB_RESULTS,EP-IND-00420
NET-00421,2026-01-01 01:04:58+00:00,0,IOMT-047,S-IOMT-047-421,RESEARCH,EP-IND-00421
NET-00422,2026-01-01 01:05:28+00:00,0,IOMT-043,S-IOMT-043-422,LAB_RESULTS,EP-IND-00422
NET-00423,2026-01-01 01:05:33+00:00,0,IOMT-015,S-IOMT-015-423,RESEARCH,EP-IND-00423
NET-00424,2026-01-01 01:05:35+00:00,0,IOMT-004,S-IOMT-004-424,EHR_READ,EP-IND-00424
NET-00425,2026-01-01 01:05:54+00:00,0,IOMT-003,S-IOMT-003-425,LAB_RESULTS,EP-IND-00425
NET-00426,2026-01-01 01:06:05+00:00,0,IOMT-049,S-IOMT-049-426,EHR_READ,EP-IND-00426
NET-00427,2026-01-01 01:06:06+00:00,1,IOMT-COORD-016,S-COORD-016,EHR_WRITE,EP-COORD-016
NET-00428,2026-01-01 01:06:07+00:00,0,IOMT-042,S-IOMT-042-428,LAB_RESULTS,EP-IND-00428
NET-00429,2026-01-01 01:06:09+00:00,1,IOMT-COORD-017,S-COORD-017,IMAGING,EP-COORD-017
NET-00430,2026-01-01 01:06:09+00:00,0,IOMT-008,S-IOMT-008-430,LAB_RESULTS,EP-IND-00430
NET-00431,2026-01-01 01:06:10+00:00,0,IOMT-025,S-IOMT-025-431,EHR_WRITE,EP-IND-00431
NET-00432,2026-01-01 01:06:13+00:00,1,IOMT-COORD-018,S-COORD-018,LAB_RESULTS,EP-COORD-018
NET-00433,2026-01-01 01:06:15+00:00,0,IOMT-034,S-IOMT-034-433,IMAGING,EP-IND-00433
NET-00434,2026-01-01 01:06:17+00:00,0,IOMT-002,S-IOMT-002-434,EHR_READ,EP-IND-00434
NET-00435,2026-01-01 01:06:41+00:00,0,IOMT-049,S-IOMT-049-435,EHR_READ,EP-IND-00435
NET-00436,2026-01-01 01:06:43+00:00,0,IOMT-006,S-IOMT-006-436,IMAGING,EP-IND-00436
NET-00437,2026-01-01 01:06:48+00:00,0,IOMT-015,S-IOMT-015-437,EHR_WRITE,EP-IND-00437
NET-00438,2026-01-01 01:06:53+00:00,0,IOMT-040,S-IOMT-040-438,RESEARCH,EP-IND-00438
NET-00439,2026-01-01 01:07:04+00:00,0,IOMT-045,S-IOMT-045-439,RESEARCH,EP-IND-00439
NET-00440,2026-01-01 01:07:20+00:00,0,IOMT-000,S-IOMT-000-440,RESEARCH,EP-IND-00440
NET-00441,2026-01-01 01:07:23+00:00,0,IOMT-024,S-IOMT-024-441,LAB_RESULTS,EP-IND-00441
NET-00442,2026-01-01 01:07:30+00:00,1,IOMT-COORD-019,S-COORD-019,RESEARCH,EP-COORD-019
NET-00443,2026-01-01 01:07:32+00:00,0,IOMT-028,S-IOMT-028-443,RESEARCH,EP-IND-00443
NET-00444,2026-01-01 01:07:42+00:00,0,IOMT-035,S-IOMT-035-444,EHR_WRITE,EP-IND-00444
NET-00445,2026-01-01 01:07:43+00:00,0,IOMT-008,S-IOMT-008-445,EHR_WRITE,EP-IND-00445
NET-00446,2026-01-01 01:07:44+00:00,0,IOMT-042,S-IOMT-042-446,LAB_RESULTS,EP-IND-00446
NET-00447,2026-01-01 01:07:47+00:00,0,IOMT-026,S-IOMT-026-447,EHR_READ,EP-IND-00447
NET-00448,2026-01-01 01:07:51+00:00,0,IOMT-013,S-IOMT-013-448,RESEARCH,EP-IND-00448
NET-00449,2026-01-01 01:07:58+00:00,0,IOMT-041,S-IOMT-041-449,IMAGING,EP-IND-00449
NET-00450,2026-01-01 01:07:58+00:00,0,IOMT-016,S-IOMT-016-450,IMAGING,EP-IND-00450
NET-00451,2026-01-01 01:08:17+00:00,0,IOMT-020,S-IOMT-020-451,RESEARCH,EP-IND-00451
NET-00452,2026-01-01 01:08:30+00:00,0,IOMT-033,S-IOMT-033-452,EHR_WRITE,EP-IND-00452
NET-00453,2026-01-01 01:08:33+00:00,0,IOMT-010,S-IOMT-010-453,EHR_READ,EP-IND-00453
NET-00454,2026-01-01 01:08:38+00:00,0,IOMT-039,S-IOMT-039-454,RESEARCH,EP-IND-00454
NET-00455,2026-01-01 01:08:43+00:00,0,IOMT-018,S-IOMT-018-455,RESEARCH,EP-IND-00455
NET-00456,2026-01-01 01:09:00+00:00,0,IOMT-025,S-IOMT-025-456,IMAGING,EP-IND-00456
NET-00457,2026-01-01 01:09:09+00:00,0,IOMT-025,S-IOMT-025-457,LAB_RESULTS,EP-IND-00457
NET-00458,2026-01-01 01:09:09+00:00,0,IOMT-003,S-IOMT-003-458,EHR_WRITE,EP-IND-00458
NET-00459,2026-01-01 01:09:35+00:00,0,IOMT-003,S-IOMT-003-459,EHR_READ,EP-IND-00459
NET-00460,2026-01-01 01:09:39+00:00,0,IOMT-016,S-IOMT-016-460,EHR_WRITE,EP-IND-00460
NET-00461,2026-01-01 01:09:39+00:00,0,IOMT-030,S-IOMT-030-461,RESEARCH,EP-IND-00461
NET-00462,2026-01-01 01:09:45+00:00,0,IOMT-027,S-IOMT-027-462,LAB_RESULTS,EP-IND-00462
NET-00463,2026-01-01 01:09:53+00:00,0,IOMT-009,S-IOMT-009-463,LAB_RESULTS,EP-IND-00463
NET-00464,2026-01-01 01:09:57+00:00,0,IOMT-049,S-IOMT-049-464,IMAGING,EP-IND-00464
NET-00465,2026-01-01 01:09:59+00:00,0,IOMT-008,S-IOMT-008-465,LAB_RESULTS,EP-IND-00465
NET-00466,2026-01-01 01:10:05+00:00,0,IOMT-048,S-IOMT-048-466,RESEARCH,EP-IND-00466
NET-00467,2026-01-01 01:10:09+00:00,0,IOMT-027,S-IOMT-027-467,LAB_RESULTS,EP-IND-00467
NET-00468,2026-01-01 01:10:21+00:00,0,IOMT-003,S-IOMT-003-468,IMAGING,EP-IND-00468
NET-00469,2026-01-01 01:10:27+00:00,0,IOMT-003,S-IOMT-003-469,IMAGING,EP-IND-00469
NET-00470,2026-01-01 01:10:29+00:00,0,IOMT-049,S-IOMT-049-470,EHR_WRITE,EP-IND-00470
NET-00471,2026-01-01 01:10:39+00:00,0,IOMT-028,S-IOMT-028-471,IMAGING,EP-IND-00471
NET-00472,2026-01-01 01:10:46+00:00,0,IOMT-025,S-IOMT-025-472,EHR_WRITE,EP-IND-00472
NET-00473,2026-01-01 01:10:57+00:00,0,IOMT-033,S-IOMT-033-473,EHR_READ,EP-IND-00473
NET-00474,2026-01-01 01:11:01+00:00,0,IOMT-033,S-IOMT-033-474,EHR_READ,EP-IND-00474
NET-00475,2026-01-01 01:11:02+00:00,0,IOMT-043,S-IOMT-043-475,IMAGING,EP-IND-00475
NET-00476,2026-01-01 01:11:03+00:00,0,IOMT-038,S-IOMT-038-476,RESEARCH,EP-IND-00476
NET-00477,2026-01-01 01:11:08+00:00,0,IOMT-043,S-IOMT-043-477,RESEARCH,EP-IND-00477
NET-00478,2026-01-01 01:11:09+00:00,0,IOMT-040,S-IOMT-040-478,EHR_WRITE,EP-IND-00478
NET-00479,2026-01-01 01:11:12+00:00,0,IOMT-023,S-IOMT-023-479,EHR_WRITE,EP-IND-00479
NET-00480,2026-01-01 01:11:32+00:00,1,IOMT-COORD-020,S-COORD-020,EHR_READ,EP-COORD-020
NET-00481,2026-01-01 01:11:42+00:00,0,IOMT-003,S-IOMT-003-481,EHR_WRITE,EP-IND-00481
NET-00482,2026-01-01 01:12:03+00:00,0,IOMT-017,S-IOMT-017-482,RESEARCH,EP-IND-00482
NET-00483,2026-01-01 01:12:06+00:00,0,IOMT-001,S-IOMT-001-483,IMAGING,EP-IND-00483
NET-00484,2026-01-01 01:12:07+00:00,1,IOMT-COORD-021,S-COORD-021,EHR_WRITE,EP-COORD-021
NET-00485,2026-01-01 01:12:13+00:00,0,IOMT-049,S-IOMT-049-485,LAB_RESULTS,EP-IND-00485
NET-00486,2026-01-01 01:12:23+00:00,0,IOMT-015,S-IOMT-015-486,LAB_RESULTS,EP-IND-00486
NET-00487,2026-01-01 01:12:24+00:00,0,IOMT-016,S-IOMT-016-487,IMAGING,EP-IND-00487
NET-00488,2026-01-01 01:12:38+00:00,0,IOMT-000,S-IOMT-000-488,IMAGING,EP-IND-00488
NET-00489,2026-01-01 01:12:58+00:00,0,IOMT-032,S-IOMT-032-489,LAB_RESULTS,EP-IND-00489
NET-00490,2026-01-01 01:12:59+00:00,0,IOMT-008,S-IOMT-008-490,LAB_RESULTS,EP-IND-00490
NET-00491,2026-01-01 01:13:00+00:00,0,IOMT-035,S-IOMT-035-491,EHR_READ,EP-IND-00491
NET-00492,2026-01-01 01:13:16+00:00,0,IOMT-021,S-IOMT-021-492,LAB_RESULTS,EP-IND-00492
NET-00493,2026-01-01 01:13:30+00:00,0,IOMT-021,S-IOMT-021-493,IMAGING,EP-IND-00493
NET-00494,2026-01-01 01:13:34+00:00,0,IOMT-002,S-IOMT-002-494,LAB_RESULTS,EP-IND-00494
NET-00495,2026-01-01 01:13:42+00:00,0,IOMT-032,S-IOMT-032-495,LAB_RESULTS,EP-IND-00495
NET-00496,2026-01-01 01:13:42+00:00,0,IOMT-019,S-IOMT-019-496,RESEARCH,EP-IND-00496
NET-00497,2026-01-01 01:14:04+00:00,0,IOMT-008,S-IOMT-008-497,EHR_WRITE,EP-IND-00497
NET-00498,2026-01-01 01:14:08+00:00,0,IOMT-032,S-IOMT-032-498,IMAGING,EP-IND-00498
NET-00499,2026-01-01 01:14:11+00:00,0,IOMT-030,S-IOMT-030-499,RESEARCH,EP-IND-00499
NET-00500,2026-01-01 01:14:27+00:00,0,IOMT-039,S-IOMT-039-500,EHR_READ,EP-IND-00500
NET-00501,2026-01-01 01:14:36+00:00,0,IOMT-026,S-IOMT-026-501,EHR_WRITE,EP-IND-00501
NET-00502,2026-01-01 01:14:37+00:00,0,IOMT-044,S-IOMT-044-502,EHR_READ,EP-IND-00502
NET-00503,2026-01-01 01:14:45+00:00,1,IOMT-COORD-022,S-COORD-022,IMAGING,EP-COORD-022
NET-00504,2026-01-01 01:14:53+00:00,0,IOMT-035,S-IOMT-035-504,EHR_READ,EP-IND-00504
NET-00505,2026-01-01 01:14:54+00:00,0,IOMT-026,S-IOMT-026-505,EHR_WRITE,EP-IND-00505
NET-00506,2026-01-01 01:14:56+00:00,0,IOMT-047,S-IOMT-047-506,IMAGING,EP-IND-00506
NET-00507,2026-01-01 01:14:59+00:00,0,IOMT-035,S-IOMT-035-507,EHR_WRITE,EP-IND-00507
NET-00508,2026-01-01 01:15:03+00:00,0,IOMT-026,S-IOMT-026-508,RESEARCH,EP-IND-00508
NET-00509,2026-01-01 01:15:04+00:00,0,IOMT-014,S-IOMT-014-509,RESEARCH,EP-IND-00509
NET-00510,2026-01-01 01:15:07+00:00,0,IOMT-019,S-IOMT-019-510,LAB_RESULTS,EP-IND-00510
NET-00511,2026-01-01 01:15:17+00:00,1,IOMT-COORD-023,S-COORD-023,LAB_RESULTS,EP-COORD-023
NET-00512,2026-01-01 01:15:20+00:00,0,IOMT-047,S-IOMT-047-512,IMAGING,EP-IND-00512
NET-00513,2026-01-01 01:15:31+00:00,0,IOMT-004,S-IOMT-004-513,RESEARCH,EP-IND-00513
NET-00514,2026-01-01 01:15:33+00:00,0,IOMT-003,S-IOMT-003-514,EHR_READ,EP-IND-00514
NET-00515,2026-01-01 01:15:36+00:00,0,IOMT-008,S-IOMT-008-515,IMAGING,EP-IND-00515
NET-00516,2026-01-01 01:15:38+00:00,0,IOMT-031,S-IOMT-031-516,IMAGING,EP-IND-00516
NET-00517,2026-01-01 01:15:40+00:00,1,IOMT-COORD-024,S-COORD-024,RESEARCH,EP-COORD-024
NET-00518,2026-01-01 01:15:47+00:00,0,IOMT-046,S-IOMT-046-518,LAB_RESULTS,EP-IND-00518
NET-00519,2026-01-01 01:15:48+00:00,0,IOMT-007,S-IOMT-007-519,IMAGING,EP-IND-00519
NET-00520,2026-01-01 01:16:11+00:00,0,IOMT-024,S-IOMT-024-520,LAB_RESULTS,EP-IND-00520
NET-00521,2026-01-01 01:16:18+00:00,0,IOMT-014,S-IOMT-014-521,EHR_READ,EP-IND-00521
NET-00522,2026-01-01 01:16:20+00:00,0,IOMT-045,S-IOMT-045-522,EHR_READ,EP-IND-00522
NET-00523,2026-01-01 01:16:26+00:00,0,IOMT-011,S-IOMT-011-523,RESEARCH,EP-IND-00523
NET-00524,2026-01-01 01:16:28+00:00,0,IOMT-033,S-IOMT-033-524,EHR_READ,EP-IND-00524
NET-00525,2026-01-01 01:16:47+00:00,0,IOMT-012,S-IOMT-012-525,LAB_RESULTS,EP-IND-00525
NET-00526,2026-01-01 01:16:57+00:00,0,IOMT-003,S-IOMT-003-526,EHR_WRITE,EP-IND-00526
NET-00527,2026-01-01 01:17:02+00:00,0,IOMT-021,S-IOMT-021-527,EHR_READ,EP-IND-00527
NET-00528,2026-01-01 01:17:04+00:00,0,IOMT-020,S-IOMT-020-528,EHR_READ,EP-IND-00528
NET-00529,2026-01-01 01:17:04+00:00,0,IOMT-027,S-IOMT-027-529,LAB_RESULTS,EP-IND-00529
NET-00530,2026-01-01 01:17:14+00:00,0,IOMT-007,S-IOMT-007-530,IMAGING,EP-IND-00530
NET-00531,2026-01-01 01:17:26+00:00,0,IOMT-043,S-IOMT-043-531,RESEARCH,EP-IND-00531
NET-00532,2026-01-01 01:17:30+00:00,0,IOMT-000,S-IOMT-000-532,EHR_READ,EP-IND-00532
NET-00533,2026-01-01 01:17:31+00:00,0,IOMT-043,S-IOMT-043-533,LAB_RESULTS,EP-IND-00533
NET-00534,2026-01-01 01:17:38+00:00,0,IOMT-004,S-IOMT-004-534,LAB_RESULTS,EP-IND-00534
NET-00535,2026-01-01 01:17:39+00:00,0,IOMT-005,S-IOMT-005-535,EHR_READ,EP-IND-00535
NET-00536,2026-01-01 01:17:42+00:00,0,IOMT-028,S-IOMT-028-536,IMAGING,EP-IND-00536
NET-00537,2026-01-01 01:17:53+00:00,0,IOMT-027,S-IOMT-027-537,LAB_RESULTS,EP-IND-00537
NET-00538,2026-01-01 01:18:04+00:00,0,IOMT-045,S-IOMT-045-538,EHR_WRITE,EP-IND-00538
NET-00539,2026-01-01 01:18:04+00:00,0,IOMT-028,S-IOMT-028-539,IMAGING,EP-IND-00539
NET-00540,2026-01-01 01:18:13+00:00,0,IOMT-043,S-IOMT-043-540,EHR_READ,EP-IND-00540
NET-00541,2026-01-01 01:18:19+00:00,0,IOMT-028,S-IOMT-028-541,LAB_RESULTS,EP-IND-00541
NET-00542,2026-01-01 01:18:26+00:00,0,IOMT-025,S-IOMT-025-542,RESEARCH,EP-IND-00542
NET-00543,2026-01-01 01:18:33+00:00,1,IOMT-COORD-025,S-COORD-025,EHR_READ,EP-COORD-025
NET-00544,2026-01-01 01:18:35+00:00,0,IOMT-009,S-IOMT-009-544,IMAGING,EP-IND-00544
NET-00545,2026-01-01 01:18:46+00:00,0,IOMT-049,S-IOMT-049-545,IMAGING,EP-IND-00545
NET-00546,2026-01-01 01:18:51+00:00,0,IOMT-006,S-IOMT-006-546,RESEARCH,EP-IND-00546
NET-00547,2026-01-01 01:19:15+00:00,0,IOMT-007,S-IOMT-007-547,EHR_READ,EP-IND-00547
NET-00548,2026-01-01 01:19:20+00:00,0,IOMT-044,S-IOMT-044-548,LAB_RESULTS,EP-IND-00548
NET-00549,2026-01-01 01:19:26+00:00,0,IOMT-024,S-IOMT-024-549,EHR_READ,EP-IND-00549
NET-00550,2026-01-01 01:19:33+00:00,0,IOMT-032,S-IOMT-032-550,LAB_RESULTS,EP-IND-00550
NET-00551,2026-01-01 01:19:35+00:00,0,IOMT-048,S-IOMT-048-551,EHR_WRITE,EP-IND-00551
NET-00552,2026-01-01 01:19:47+00:00,0,IOMT-020,S-IOMT-020-552,IMAGING,EP-IND-00552
NET-00553,2026-01-01 01:19:48+00:00,0,IOMT-040,S-IOMT-040-553,EHR_READ,EP-IND-00553
NET-00554,2026-01-01 01:19:52+00:00,0,IOMT-002,S-IOMT-002-554,IMAGING,EP-IND-00554
NET-00555,2026-01-01 01:20:14+00:00,0,IOMT-032,S-IOMT-032-555,LAB_RESULTS,EP-IND-00555
NET-00556,2026-01-01 01:20:27+00:00,0,IOMT-031,S-IOMT-031-556,IMAGING,EP-IND-00556
NET-00557,2026-01-01 01:20:30+00:00,0,IOMT-020,S-IOMT-020-557,EHR_READ,EP-IND-00557
NET-00558,2026-01-01 01:20:35+00:00,0,IOMT-032,S-IOMT-032-558,RESEARCH,EP-IND-00558
NET-00559,2026-01-01 01:20:47+00:00,0,IOMT-034,S-IOMT-034-559,EHR_READ,EP-IND-00559
NET-00560,2026-01-01 01:20:49+00:00,0,IOMT-001,S-IOMT-001-560,IMAGING,EP-IND-00560
NET-00561,2026-01-01 01:20:53+00:00,0,IOMT-003,S-IOMT-003-561,RESEARCH,EP-IND-00561
NET-00562,2026-01-01 01:20:56+00:00,0,IOMT-035,S-IOMT-035-562,RESEARCH,EP-IND-00562
NET-00563,2026-01-01 01:21:01+00:00,0,IOMT-042,S-IOMT-042-563,RESEARCH,EP-IND-00563
NET-00564,2026-01-01 01:21:06+00:00,0,IOMT-042,S-IOMT-042-564,IMAGING,EP-IND-00564
NET-00565,2026-01-01 01:21:12+00:00,0,IOMT-032,S-IOMT-032-565,RESEARCH,EP-IND-00565
NET-00566,2026-01-01 01:21:15+00:00,0,IOMT-015,S-IOMT-015-566,LAB_RESULTS,EP-IND-00566
NET-00567,2026-01-01 01:21:24+00:00,1,IOMT-COORD-026,S-COORD-026,EHR_WRITE,EP-COORD-026
NET-00568,2026-01-01 01:21:32+00:00,0,IOMT-017,S-IOMT-017-568,LAB_RESULTS,EP-IND-00568
NET-00569,2026-01-01 01:21:53+00:00,0,IOMT-036,S-IOMT-036-569,RESEARCH,EP-IND-00569
NET-00570,2026-01-01 01:22:08+00:00,0,IOMT-007,S-IOMT-007-570,LAB_RESULTS,EP-IND-00570
NET-00571,2026-01-01 01:22:31+00:00,0,IOMT-049,S-IOMT-049-571,EHR_READ,EP-IND-00571
NET-00572,2026-01-01 01:22:32+00:00,0,IOMT-016,S-IOMT-016-572,EHR_READ,EP-IND-00572
NET-00573,2026-01-01 01:22:51+00:00,0,IOMT-033,S-IOMT-033-573,LAB_RESULTS,EP-IND-00573
NET-00574,2026-01-01 01:23:07+00:00,0,IOMT-034,S-IOMT-034-574,EHR_READ,EP-IND-00574
NET-00575,2026-01-01 01:23:16+00:00,0,IOMT-040,S-IOMT-040-575,IMAGING,EP-IND-00575
NET-00576,2026-01-01 01:23:27+00:00,0,IOMT-024,S-IOMT-024-576,EHR_READ,EP-IND-00576
NET-00577,2026-01-01 01:23:44+00:00,0,IOMT-012,S-IOMT-012-577,IMAGING,EP-IND-00577
NET-00578,2026-01-01 01:23:47+00:00,0,IOMT-023,S-IOMT-023-578,EHR_READ,EP-IND-00578
NET-00579,2026-01-01 01:24:07+00:00,0,IOMT-008,S-IOMT-008-579,LAB_RESULTS,EP-IND-00579
NET-00580,2026-01-01 01:24:27+00:00,0,IOMT-026,S-IOMT-026-580,EHR_WRITE,EP-IND-00580
NET-00581,2026-01-01 01:24:27+00:00,0,IOMT-048,S-IOMT-048-581,RESEARCH,EP-IND-00581
NET-00582,2026-01-01 01:24:29+00:00,0,IOMT-033,S-IOMT-033-582,IMAGING,EP-IND-00582
NET-00583,2026-01-01 01:24:31+00:00,0,IOMT-001,S-IOMT-001-583,EHR_READ,EP-IND-00583
NET-00584,2026-01-01 01:24:41+00:00,0,IOMT-045,S-IOMT-045-584,EHR_READ,EP-IND-00584
NET-00585,2026-01-01 01:24:49+00:00,0,IOMT-022,S-IOMT-022-585,EHR_READ,EP-IND-00585
NET-00586,2026-01-01 01:24:57+00:00,0,IOMT-023,S-IOMT-023-586,EHR_READ,EP-IND-00586
NET-00587,2026-01-01 01:25:12+00:00,0,IOMT-038,S-IOMT-038-587,LAB_RESULTS,EP-IND-00587
NET-00588,2026-01-01 01:25:18+00:00,0,IOMT-020,S-IOMT-020-588,RESEARCH,EP-IND-00588
NET-00589,2026-01-01 01:25:25+00:00,0,IOMT-042,S-IOMT-042-589,LAB_RESULTS,EP-IND-00589
NET-00590,2026-01-01 01:25:25+00:00,1,IOMT-COORD-027,S-COORD-027,IMAGING,EP-COORD-027
NET-00591,2026-01-01 01:25:26+00:00,0,IOMT-045,S-IOMT-045-591,EHR_WRITE,EP-IND-00591
NET-00592,2026-01-01 01:25:30+00:00,0,IOMT-006,S-IOMT-006-592,EHR_WRITE,EP-IND-00592
NET-00593,2026-01-01 01:25:42+00:00,0,IOMT-020,S-IOMT-020-593,LAB_RESULTS,EP-IND-00593
NET-00594,2026-01-01 01:25:47+00:00,0,IOMT-025,S-IOMT-025-594,EHR_WRITE,EP-IND-00594
NET-00595,2026-01-01 01:26:03+00:00,0,IOMT-048,S-IOMT-048-595,RESEARCH,EP-IND-00595
NET-00596,2026-01-01 01:26:41+00:00,0,IOMT-018,S-IOMT-018-596,EHR_WRITE,EP-IND-00596
NET-00597,2026-01-01 01:26:49+00:00,0,IOMT-014,S-IOMT-014-597,RESEARCH,EP-IND-00597
NET-00598,2026-01-01 01:27:11+00:00,0,IOMT-005,S-IOMT-005-598,IMAGING,EP-IND-00598
NET-00599,2026-01-01 01:27:21+00:00,0,IOMT-049,S-IOMT-049-599,EHR_WRITE,EP-IND-00599
NET-00600,2026-01-01 01:27:22+00:00,0,IOMT-017,S-IOMT-017-600,EHR_WRITE,EP-IND-00600
NET-00601,2026-01-01 01:27:28+00:00,0,IOMT-007,S-IOMT-007-601,EHR_WRITE,EP-IND-00601
NET-00602,2026-01-01 01:27:32+00:00,0,IOMT-031,S-IOMT-031-602,IMAGING,EP-IND-00602
NET-00603,2026-01-01 01:27:33+00:00,0,IOMT-038,S-IOMT-038-603,EHR_READ,EP-IND-00603
NET-00604,2026-01-01 01:27:37+00:00,0,IOMT-006,S-IOMT-006-604,LAB_RESULTS,EP-IND-00604
NET-00605,2026-01-01 01:27:48+00:00,1,IOMT-COORD-028,S-COORD-028,LAB_RESULTS,EP-COORD-028
NET-00606,2026-01-01 01:27:55+00:00,1,IOMT-COORD-029,S-COORD-029,RESEARCH,EP-COORD-029
NET-00607,2026-01-01 01:27:55+00:00,0,IOMT-010,S-IOMT-010-607,RESEARCH,EP-IND-00607
NET-00608,2026-01-01 01:27:56+00:00,0,IOMT-015,S-IOMT-015-608,EHR_READ,EP-IND-00608
NET-00609,2026-01-01 01:28:07+00:00,0,IOMT-024,S-IOMT-024-609,LAB_RESULTS,EP-IND-00609
NET-00610,2026-01-01 01:28:08+00:00,0,IOMT-029,S-IOMT-029-610,EHR_WRITE,EP-IND-00610
NET-00611,2026-01-01 01:28:15+00:00,0,IOMT-047,S-IOMT-047-611,RESEARCH,EP-IND-00611
NET-00612,2026-01-01 01:28:29+00:00,0,IOMT-034,S-IOMT-034-612,RESEARCH,EP-IND-00612
NET-00613,2026-01-01 01:28:33+00:00,0,IOMT-049,S-IOMT-049-613,LAB_RESULTS,EP-IND-00613
NET-00614,2026-01-01 01:28:55+00:00,0,IOMT-020,S-IOMT-020-614,LAB_RESULTS,EP-IND-00614
NET-00615,2026-01-01 01:29:14+00:00,0,IOMT-008,S-IOMT-008-615,EHR_WRITE,EP-IND-00615
NET-00616,2026-01-01 01:29:17+00:00,0,IOMT-023,S-IOMT-023-616,EHR_WRITE,EP-IND-00616
NET-00617,2026-01-01 01:29:32+00:00,0,IOMT-044,S-IOMT-044-617,IMAGING,EP-IND-00617
NET-00618,2026-01-01 01:29:43+00:00,0,IOMT-000,S-IOMT-000-618,EHR_WRITE,EP-IND-00618
NET-00619,2026-01-01 01:29:45+00:00,0,IOMT-025,S-IOMT-025-619,EHR_WRITE,EP-IND-00619
NET-00620,2026-01-01 01:29:53+00:00,0,IOMT-021,S-IOMT-021-620,LAB_RESULTS,EP-IND-00620
NET-00621,2026-01-01 01:29:58+00:00,0,IOMT-041,S-IOMT-041-621,RESEARCH,EP-IND-00621
NET-00622,2026-01-01 01:30:01+00:00,0,IOMT-019,S-IOMT-019-622,IMAGING,EP-IND-00622
NET-00623,2026-01-01 01:30:18+00:00,0,IOMT-043,S-IOMT-043-623,RESEARCH,EP-IND-00623
NET-00624,2026-01-01 01:30:39+00:00,0,IOMT-019,S-IOMT-019-624,LAB_RESULTS,EP-IND-00624
NET-00625,2026-01-01 01:30:43+00:00,1,IOMT-COORD-030,S-COORD-030,EHR_READ,EP-COORD-030
NET-00626,2026-01-01 01:30:53+00:00,0,IOMT-034,S-IOMT-034-626,EHR_WRITE,EP-IND-00626
NET-00627,2026-01-01 01:31:15+00:00,0,IOMT-000,S-IOMT-000-627,EHR_WRITE,EP-IND-00627
NET-00628,2026-01-01 01:31:35+00:00,0,IOMT-018,S-IOMT-018-628,EHR_READ,EP-IND-00628
NET-00629,2026-01-01 01:31:35+00:00,0,IOMT-033,S-IOMT-033-629,IMAGING,EP-IND-00629
NET-00630,2026-01-01 01:31:39+00:00,0,IOMT-018,S-IOMT-018-630,IMAGING,EP-IND-00630
NET-00631,2026-01-01 01:31:43+00:00,0,IOMT-049,S-IOMT-049-631,EHR_READ,EP-IND-00631
NET-00632,2026-01-01 01:31:44+00:00,0,IOMT-040,S-IOMT-040-632,RESEARCH,EP-IND-00632
NET-00633,2026-01-01 01:31:44+00:00,0,IOMT-009,S-IOMT-009-633,RESEARCH,EP-IND-00633
NET-00634,2026-01-01 01:31:46+00:00,0,IOMT-043,S-IOMT-043-634,LAB_RESULTS,EP-IND-00634
NET-00635,2026-01-01 01:32:03+00:00,0,IOMT-009,S-IOMT-009-635,LAB_RESULTS,EP-IND-00635
NET-00636,2026-01-01 01:32:22+00:00,1,IOMT-COORD-031,S-COORD-031,EHR_WRITE,EP-COORD-031
NET-00637,2026-01-01 01:32:28+00:00,0,IOMT-038,S-IOMT-038-637,EHR_READ,EP-IND-00637
NET-00638,2026-01-01 01:32:31+00:00,0,IOMT-019,S-IOMT-019-638,LAB_RESULTS,EP-IND-00638
NET-00639,2026-01-01 01:32:36+00:00,0,IOMT-032,S-IOMT-032-639,RESEARCH,EP-IND-00639
NET-00640,2026-01-01 01:32:55+00:00,0,IOMT-038,S-IOMT-038-640,RESEARCH,EP-IND-00640
NET-00641,2026-01-01 01:33:15+00:00,0,IOMT-001,S-IOMT-001-641,IMAGING,EP-IND-00641
NET-00642,2026-01-01 01:33:17+00:00,0,IOMT-015,S-IOMT-015-642,EHR_WRITE,EP-IND-00642
NET-00643,2026-01-01 01:33:18+00:00,0,IOMT-034,S-IOMT-034-643,LAB_RESULTS,EP-IND-00643
NET-00644,2026-01-01 01:33:31+00:00,0,IOMT-013,S-IOMT-013-644,EHR_WRITE,EP-IND-00644
NET-00645,2026-01-01 01:33:44+00:00,0,IOMT-037,S-IOMT-037-645,EHR_WRITE,EP-IND-00645
NET-00646,2026-01-01 01:33:52+00:00,0,IOMT-024,S-IOMT-024-646,LAB_RESULTS,EP-IND-00646
NET-00647,2026-01-01 01:33:59+00:00,0,IOMT-018,S-IOMT-018-647,LAB_RESULTS,EP-IND-00647
NET-00648,2026-01-01 01:34:30+00:00,0,IOMT-030,S-IOMT-030-648,IMAGING,EP-IND-00648
NET-00649,2026-01-01 01:34:38+00:00,0,IOMT-021,S-IOMT-021-649,RESEARCH,EP-IND-00649
NET-00650,2026-01-01 01:34:43+00:00,0,IOMT-023,S-IOMT-023-650,EHR_READ,EP-IND-00650
NET-00651,2026-01-01 01:35:03+00:00,0,IOMT-034,S-IOMT-034-651,EHR_WRITE,EP-IND-00651
NET-00652,2026-01-01 01:35:06+00:00,0,IOMT-035,S-IOMT-035-652,IMAGING,EP-IND-00652
NET-00653,2026-01-01 01:35:47+00:00,0,IOMT-000,S-IOMT-000-653,IMAGING,EP-IND-00653
NET-00654,2026-01-01 01:35:54+00:00,1,IOMT-COORD-032,S-COORD-032,IMAGING,EP-COORD-032
NET-00655,2026-01-01 01:35:55+00:00,0,IOMT-047,S-IOMT-047-655,EHR_READ,EP-IND-00655
NET-00656,2026-01-01 01:36:13+00:00,0,IOMT-032,S-IOMT-032-656,IMAGING,EP-IND-00656
NET-00657,2026-01-01 01:36:15+00:00,0,IOMT-024,S-IOMT-024-657,IMAGING,EP-IND-00657
NET-00658,2026-01-01 01:36:30+00:00,0,IOMT-010,S-IOMT-010-658,EHR_READ,EP-IND-00658
NET-00659,2026-01-01 01:36:35+00:00,0,IOMT-042,S-IOMT-042-659,LAB_RESULTS,EP-IND-00659
NET-00660,2026-01-01 01:36:37+00:00,0,IOMT-038,S-IOMT-038-660,IMAGING,EP-IND-00660
NET-00661,2026-01-01 01:36:38+00:00,0,IOMT-019,S-IOMT-019-661,RESEARCH,EP-IND-00661
NET-00662,2026-01-01 01:36:51+00:00,0,IOMT-038,S-IOMT-038-662,IMAGING,EP-IND-00662
NET-00663,2026-01-01 01:37:07+00:00,0,IOMT-028,S-IOMT-028-663,EHR_READ,EP-IND-00663
NET-00664,2026-01-01 01:37:16+00:00,0,IOMT-016,S-IOMT-016-664,EHR_WRITE,EP-IND-00664
NET-00665,2026-01-01 01:37:19+00:00,1,IOMT-COORD-033,S-COORD-033,LAB_RESULTS,EP-COORD-033
NET-00666,2026-01-01 01:37:21+00:00,0,IOMT-039,S-IOMT-039-666,EHR_WRITE,EP-IND-00666
NET-00667,2026-01-01 01:37:33+00:00,0,IOMT-010,S-IOMT-010-667,RESEARCH,EP-IND-00667
NET-00668,2026-01-01 01:37:34+00:00,0,IOMT-028,S-IOMT-028-668,EHR_WRITE,EP-IND-00668
NET-00669,2026-01-01 01:37:37+00:00,0,IOMT-030,S-IOMT-030-669,RESEARCH,EP-IND-00669
NET-00670,2026-01-01 01:37:43+00:00,0,IOMT-005,S-IOMT-005-670,IMAGING,EP-IND-00670
NET-00671,2026-01-01 01:37:51+00:00,0,IOMT-013,S-IOMT-013-671,EHR_READ,EP-IND-00671
NET-00672,2026-01-01 01:37:55+00:00,0,IOMT-031,S-IOMT-031-672,RESEARCH,EP-IND-00672
NET-00673,2026-01-01 01:38:05+00:00,0,IOMT-032,S-IOMT-032-673,IMAGING,EP-IND-00673
NET-00674,2026-01-01 01:38:26+00:00,0,IOMT-000,S-IOMT-000-674,EHR_READ,EP-IND-00674
NET-00675,2026-01-01 01:38:29+00:00,0,IOMT-030,S-IOMT-030-675,EHR_READ,EP-IND-00675
NET-00676,2026-01-01 01:39:14+00:00,0,IOMT-026,S-IOMT-026-676,EHR_WRITE,EP-IND-00676
NET-00677,2026-01-01 01:39:21+00:00,0,IOMT-039,S-IOMT-039-677,IMAGING,EP-IND-00677
NET-00678,2026-01-01 01:39:51+00:00,0,IOMT-010,S-IOMT-010-678,EHR_WRITE,EP-IND-00678
NET-00679,2026-01-01 01:39:59+00:00,0,IOMT-022,S-IOMT-022-679,IMAGING,EP-IND-00679
NET-00680,2026-01-01 01:40:06+00:00,0,IOMT-012,S-IOMT-012-680,RESEARCH,EP-IND-00680
NET-00681,2026-01-01 01:40:12+00:00,0,IOMT-046,S-IOMT-046-681,LAB_RESULTS,EP-IND-00681
NET-00682,2026-01-01 01:40:16+00:00,0,IOMT-034,S-IOMT-034-682,IMAGING,EP-IND-00682
NET-00683,2026-01-01 01:40:19+00:00,0,IOMT-002,S-IOMT-002-683,IMAGING,EP-IND-00683
NET-00684,2026-01-01 01:40:20+00:00,0,IOMT-036,S-IOMT-036-684,EHR_READ,EP-IND-00684
NET-00685,2026-01-01 01:40:25+00:00,0,IOMT-044,S-IOMT-044-685,RESEARCH,EP-IND-00685
NET-00686,2026-01-01 01:40:48+00:00,0,IOMT-000,S-IOMT-000-686,EHR_WRITE,EP-IND-00686
NET-00687,2026-01-01 01:40:52+00:00,0,IOMT-019,S-IOMT-019-687,EHR_WRITE,EP-IND-00687
NET-00688,2026-01-01 01:41:19+00:00,0,IOMT-016,S-IOMT-016-688,LAB_RESULTS,EP-IND-00688
NET-00689,2026-01-01 01:41:31+00:00,0,IOMT-043,S-IOMT-043-689,RESEARCH,EP-IND-00689
NET-00690,2026-01-01 01:41:38+00:00,0,IOMT-032,S-IOMT-032-690,LAB_RESULTS,EP-IND-00690
NET-00691,2026-01-01 01:41:42+00:00,0,IOMT-010,S-IOMT-010-691,LAB_RESULTS,EP-IND-00691
NET-00692,2026-01-01 01:41:44+00:00,0,IOMT-020,S-IOMT-020-692,EHR_WRITE,EP-IND-00692
NET-00693,2026-01-01 01:41:45+00:00,0,IOMT-049,S-IOMT-049-693,RESEARCH,EP-IND-00693
NET-00694,2026-01-01 01:42:05+00:00,0,IOMT-004,S-IOMT-004-694,LAB_RESULTS,EP-IND-00694
NET-00695,2026-01-01 01:42:25+00:00,0,IOMT-038,S-IOMT-038-695,EHR_READ,EP-IND-00695
NET-00696,2026-01-01 01:42:28+00:00,0,IOMT-045,S-IOMT-045-696,LAB_RESULTS,EP-IND-00696
NET-00697,2026-01-01 01:42:30+00:00,0,IOMT-023,S-IOMT-023-697,EHR_WRITE,EP-IND-00697
NET-00698,2026-01-01 01:42:40+00:00,0,IOMT-038,S-IOMT-038-698,LAB_RESULTS,EP-IND-00698
NET-00699,2026-01-01 01:43:08+00:00,0,IOMT-026,S-IOMT-026-699,EHR_WRITE,EP-IND-00699
NET-00700,2026-01-01 01:43:24+00:00,0,IOMT-027,S-IOMT-027-700,LAB_RESULTS,EP-IND-00700
NET-00701,2026-01-01 01:43:30+00:00,0,IOMT-041,S-IOMT-041-701,IMAGING,EP-IND-00701
NET-00702,2026-01-01 01:43:33+00:00,0,IOMT-047,S-IOMT-047-702,LAB_RESULTS,EP-IND-00702
NET-00703,2026-01-01 01:43:55+00:00,0,IOMT-008,S-IOMT-008-703,RESEARCH,EP-IND-00703
NET-00704,2026-01-01 01:43:56+00:00,0,IOMT-016,S-IOMT-016-704,EHR_WRITE,EP-IND-00704
NET-00705,2026-01-01 01:44:07+00:00,0,IOMT-028,S-IOMT-028-705,IMAGING,EP-IND-00705
NET-00706,2026-01-01 01:44:23+00:00,1,IOMT-COORD-034,S-COORD-034,RESEARCH,EP-COORD-034
NET-00707,2026-01-01 01:44:49+00:00,0,IOMT-012,S-IOMT-012-707,RESEARCH,EP-IND-00707
NET-00708,2026-01-01 01:44:54+00:00,0,IOMT-046,S-IOMT-046-708,EHR_WRITE,EP-IND-00708
NET-00709,2026-01-01 01:45:08+00:00,0,IOMT-003,S-IOMT-003-709,EHR_WRITE,EP-IND-00709
NET-00710,2026-01-01 01:45:21+00:00,0,IOMT-032,S-IOMT-032-710,EHR_WRITE,EP-IND-00710
NET-00711,2026-01-01 01:45:21+00:00,0,IOMT-024,S-IOMT-024-711,EHR_READ,EP-IND-00711
NET-00712,2026-01-01 01:45:24+00:00,0,IOMT-019,S-IOMT-019-712,EHR_WRITE,EP-IND-00712
NET-00713,2026-01-01 01:45:36+00:00,0,IOMT-046,S-IOMT-046-713,EHR_WRITE,EP-IND-00713
NET-00714,2026-01-01 01:45:39+00:00,1,IOMT-COORD-035,S-COORD-035,EHR_READ,EP-COORD-035
NET-00715,2026-01-01 01:45:40+00:00,0,IOMT-047,S-IOMT-047-715,IMAGING,EP-IND-00715
NET-00716,2026-01-01 01:45:41+00:00,0,IOMT-035,S-IOMT-035-716,EHR_READ,EP-IND-00716
NET-00717,2026-01-01 01:45:49+00:00,0,IOMT-042,S-IOMT-042-717,EHR_WRITE,EP-IND-00717
NET-00718,2026-01-01 01:45:53+00:00,0,IOMT-024,S-IOMT-024-718,EHR_READ,EP-IND-00718
NET-00719,2026-01-01 01:46:02+00:00,0,IOMT-048,S-IOMT-048-719,LAB_RESULTS,EP-IND-00719
NET-00720,2026-01-01 01:46:13+00:00,0,IOMT-043,S-IOMT-043-720,EHR_READ,EP-IND-00720
NET-00721,2026-01-01 01:46:27+00:00,0,IOMT-013,S-IOMT-013-721,RESEARCH,EP-IND-00721
NET-00722,2026-01-01 01:46:30+00:00,0,IOMT-031,S-IOMT-031-722,LAB_RESULTS,EP-IND-00722
NET-00723,2026-01-01 01:46:40+00:00,0,IOMT-014,S-IOMT-014-723,IMAGING,EP-IND-00723
NET-00724,2026-01-01 01:46:52+00:00,0,IOMT-002,S-IOMT-002-724,LAB_RESULTS,EP-IND-00724
NET-00725,2026-01-01 01:47:30+00:00,0,IOMT-030,S-IOMT-030-725,RESEARCH,EP-IND-00725
NET-00726,2026-01-01 01:47:34+00:00,0,IOMT-017,S-IOMT-017-726,EHR_READ,EP-IND-00726
NET-00727,2026-01-01 01:47:37+00:00,0,IOMT-035,S-IOMT-035-727,EHR_READ,EP-IND-00727
NET-00728,2026-01-01 01:47:49+00:00,0,IOMT-003,S-IOMT-003-728,IMAGING,EP-IND-00728
NET-00729,2026-01-01 01:47:54+00:00,0,IOMT-049,S-IOMT-049-729,EHR_READ,EP-IND-00729
NET-00730,2026-01-01 01:48:12+00:00,0,IOMT-032,S-IOMT-032-730,EHR_READ,EP-IND-00730
NET-00731,2026-01-01 01:48:24+00:00,0,IOMT-027,S-IOMT-027-731,LAB_RESULTS,EP-IND-00731
NET-00732,2026-01-01 01:48:28+00:00,1,IOMT-COORD-036,S-COORD-036,EHR_WRITE,EP-COORD-036
NET-00733,2026-01-01 01:48:32+00:00,0,IOMT-045,S-IOMT-045-733,EHR_WRITE,EP-IND-00733
NET-00734,2026-01-01 01:48:37+00:00,0,IOMT-031,S-IOMT-031-734,EHR_READ,EP-IND-00734
NET-00735,2026-01-01 01:48:42+00:00,0,IOMT-012,S-IOMT-012-735,EHR_READ,EP-IND-00735
NET-00736,2026-01-01 01:48:45+00:00,0,IOMT-043,S-IOMT-043-736,EHR_WRITE,EP-IND-00736
NET-00737,2026-01-01 01:48:52+00:00,0,IOMT-018,S-IOMT-018-737,LAB_RESULTS,EP-IND-00737
NET-00738,2026-01-01 01:49:14+00:00,0,IOMT-039,S-IOMT-039-738,EHR_READ,EP-IND-00738
NET-00739,2026-01-01 01:49:16+00:00,0,IOMT-031,S-IOMT-031-739,EHR_READ,EP-IND-00739
NET-00740,2026-01-01 01:49:27+00:00,0,IOMT-007,S-IOMT-007-740,RESEARCH,EP-IND-00740
NET-00741,2026-01-01 01:49:27+00:00,0,IOMT-020,S-IOMT-020-741,LAB_RESULTS,EP-IND-00741
NET-00742,2026-01-01 01:49:27+00:00,1,IOMT-COORD-037,S-COORD-037,IMAGING,EP-COORD-037
NET-00743,2026-01-01 01:49:28+00:00,0,IOMT-044,S-IOMT-044-743,LAB_RESULTS,EP-IND-00743
NET-00744,2026-01-01 01:49:52+00:00,0,IOMT-037,S-IOMT-037-744,IMAGING,EP-IND-00744
NET-00745,2026-01-01 01:50:22+00:00,0,IOMT-030,S-IOMT-030-745,EHR_READ,EP-IND-00745
NET-00746,2026-01-01 01:50:23+00:00,0,IOMT-048,S-IOMT-048-746,EHR_WRITE,EP-IND-00746
NET-00747,2026-01-01 01:50:34+00:00,0,IOMT-037,S-IOMT-037-747,RESEARCH,EP-IND-00747
NET-00748,2026-01-01 01:50:37+00:00,0,IOMT-044,S-IOMT-044-748,EHR_READ,EP-IND-00748
NET-00749,2026-01-01 01:50:58+00:00,0,IOMT-023,S-IOMT-023-749,EHR_READ,EP-IND-00749
NET-00750,2026-01-01 01:51:00+00:00,0,IOMT-036,S-IOMT-036-750,EHR_READ,EP-IND-00750
NET-00751,2026-01-01 01:51:06+00:00,0,IOMT-043,S-IOMT-043-751,IMAGING,EP-IND-00751
NET-00752,2026-01-01 01:51:21+00:00,0,IOMT-040,S-IOMT-040-752,RESEARCH,EP-IND-00752
NET-00753,2026-01-01 01:51:38+00:00,0,IOMT-006,S-IOMT-006-753,RESEARCH,EP-IND-00753
NET-00754,2026-01-01 01:51:48+00:00,0,IOMT-039,S-IOMT-039-754,RESEARCH,EP-IND-00754
NET-00755,2026-01-01 01:51:52+00:00,0,IOMT-041,S-IOMT-041-755,IMAGING,EP-IND-00755
NET-00756,2026-01-01 01:51:56+00:00,0,IOMT-025,S-IOMT-025-756,IMAGING,EP-IND-00756
NET-00757,2026-01-01 01:52:10+00:00,0,IOMT-026,S-IOMT-026-757,EHR_READ,EP-IND-00757
NET-00758,2026-01-01 01:52:20+00:00,0,IOMT-021,S-IOMT-021-758,LAB_RESULTS,EP-IND-00758
NET-00759,2026-01-01 01:52:22+00:00,0,IOMT-035,S-IOMT-035-759,IMAGING,EP-IND-00759
NET-00760,2026-01-01 01:52:28+00:00,0,IOMT-042,S-IOMT-042-760,IMAGING,EP-IND-00760
NET-00761,2026-01-01 01:52:30+00:00,0,IOMT-029,S-IOMT-029-761,LAB_RESULTS,EP-IND-00761
NET-00762,2026-01-01 01:52:42+00:00,0,IOMT-004,S-IOMT-004-762,RESEARCH,EP-IND-00762
NET-00763,2026-01-01 01:52:50+00:00,0,IOMT-007,S-IOMT-007-763,RESEARCH,EP-IND-00763
NET-00764,2026-01-01 01:53:10+00:00,0,IOMT-021,S-IOMT-021-764,EHR_WRITE,EP-IND-00764
NET-00765,2026-01-01 01:53:23+00:00,0,IOMT-047,S-IOMT-047-765,EHR_WRITE,EP-IND-00765
NET-00766,2026-01-01 01:53:26+00:00,0,IOMT-011,S-IOMT-011-766,EHR_READ,EP-IND-00766
NET-00767,2026-01-01 01:53:31+00:00,0,IOMT-032,S-IOMT-032-767,EHR_READ,EP-IND-00767
NET-00768,2026-01-01 01:53:39+00:00,0,IOMT-014,S-IOMT-014-768,EHR_WRITE,EP-IND-00768
NET-00769,2026-01-01 01:53:39+00:00,0,IOMT-040,S-IOMT-040-769,LAB_RESULTS,EP-IND-00769
NET-00770,2026-01-01 01:53:41+00:00,0,IOMT-002,S-IOMT-002-770,LAB_RESULTS,EP-IND-00770
NET-00771,2026-01-01 01:54:09+00:00,1,IOMT-COORD-038,S-COORD-038,LAB_RESULTS,EP-COORD-038
NET-00772,2026-01-01 01:54:11+00:00,0,IOMT-044,S-IOMT-044-772,IMAGING,EP-IND-00772
NET-00773,2026-01-01 01:54:25+00:00,0,IOMT-021,S-IOMT-021-773,LAB_RESULTS,EP-IND-00773
NET-00774,2026-01-01 01:54:27+00:00,0,IOMT-040,S-IOMT-040-774,LAB_RESULTS,EP-IND-00774
NET-00775,2026-01-01 01:54:51+00:00,0,IOMT-048,S-IOMT-048-775,EHR_READ,EP-IND-00775
NET-00776,2026-01-01 01:55:37+00:00,0,IOMT-032,S-IOMT-032-776,IMAGING,EP-IND-00776
NET-00777,2026-01-01 01:55:46+00:00,0,IOMT-013,S-IOMT-013-777,EHR_READ,EP-IND-00777
NET-00778,2026-01-01 01:55:47+00:00,0,IOMT-031,S-IOMT-031-778,LAB_RESULTS,EP-IND-00778
NET-00779,2026-01-01 01:55:50+00:00,0,IOMT-030,S-IOMT-030-779,EHR_READ,EP-IND-00779
NET-00780,2026-01-01 01:55:51+00:00,0,IOMT-027,S-IOMT-027-780,RESEARCH,EP-IND-00780
NET-00781,2026-01-01 01:55:55+00:00,0,IOMT-041,S-IOMT-041-781,LAB_RESULTS,EP-IND-00781
NET-00782,2026-01-01 01:55:59+00:00,0,IOMT-005,S-IOMT-005-782,EHR_READ,EP-IND-00782
NET-00783,2026-01-01 01:56:41+00:00,0,IOMT-004,S-IOMT-004-783,LAB_RESULTS,EP-IND-00783
NET-00784,2026-01-01 01:56:54+00:00,0,IOMT-044,S-IOMT-044-784,RESEARCH,EP-IND-00784
NET-00785,2026-01-01 01:57:12+00:00,0,IOMT-028,S-IOMT-028-785,EHR_READ,EP-IND-00785
NET-00786,2026-01-01 01:57:16+00:00,0,IOMT-000,S-IOMT-000-786,LAB_RESULTS,EP-IND-00786
NET-00787,2026-01-01 01:57:20+00:00,0,IOMT-031,S-IOMT-031-787,EHR_WRITE,EP-IND-00787
NET-00788,2026-01-01 01:57:24+00:00,0,IOMT-015,S-IOMT-015-788,RESEARCH,EP-IND-00788
NET-00789,2026-01-01 01:57:30+00:00,0,IOMT-015,S-IOMT-015-789,EHR_WRITE,EP-IND-00789
NET-00790,2026-01-01 01:57:43+00:00,0,IOMT-026,S-IOMT-026-790,EHR_WRITE,EP-IND-00790
NET-00791,2026-01-01 01:57:45+00:00,0,IOMT-022,S-IOMT-022-791,LAB_RESULTS,EP-IND-00791
NET-00792,2026-01-01 01:57:48+00:00,0,IOMT-004,S-IOMT-004-792,RESEARCH,EP-IND-00792
NET-00793,2026-01-01 01:57:49+00:00,0,IOMT-020,S-IOMT-020-793,IMAGING,EP-IND-00793
NET-00794,2026-01-01 01:57:50+00:00,0,IOMT-001,S-IOMT-001-794,LAB_RESULTS,EP-IND-00794
NET-00795,2026-01-01 01:57:55+00:00,1,IOMT-COORD-039,S-COORD-039,RESEARCH,EP-COORD-039
NET-00796,2026-01-01 01:58:08+00:00,0,IOMT-013,S-IOMT-013-796,RESEARCH,EP-IND-00796
NET-00797,2026-01-01 01:58:11+00:00,0,IOMT-025,S-IOMT-025-797,EHR_READ,EP-IND-00797
NET-00798,2026-01-01 01:58:20+00:00,0,IOMT-020,S-IOMT-020-798,EHR_WRITE,EP-IND-00798
NET-00799,2026-01-01 01:58:23+00:00,0,IOMT-034,S-IOMT-034-799,EHR_WRITE,EP-IND-00799
NET-00800,2026-01-01 01:58:26+00:00,0,IOMT-036,S-IOMT-036-800,LAB_RESULTS,EP-IND-00800
NET-00801,2026-01-01 01:58:27+00:00,0,IOMT-013,S-IOMT-013-801,EHR_READ,EP-IND-00801
NET-00802,2026-01-01 01:58:36+00:00,0,IOMT-016,S-IOMT-016-802,IMAGING,EP-IND-00802
NET-00803,2026-01-01 01:58:39+00:00,0,IOMT-045,S-IOMT-045-803,LAB_RESULTS,EP-IND-00803
NET-00804,2026-01-01 01:58:53+00:00,1,IOMT-COORD-040,S-COORD-040,EHR_READ,EP-COORD-040
NET-00805,2026-01-01 01:58:59+00:00,0,IOMT-045,S-IOMT-045-805,RESEARCH,EP-IND-00805
NET-00806,2026-01-01 01:59:00+00:00,0,IOMT-018,S-IOMT-018-806,EHR_READ,EP-IND-00806
NET-00807,2026-01-01 01:59:13+00:00,0,IOMT-012,S-IOMT-012-807,RESEARCH,EP-IND-00807
NET-00808,2026-01-01 01:59:30+00:00,0,IOMT-005,S-IOMT-005-808,RESEARCH,EP-IND-00808
NET-00809,2026-01-01 01:59:40+00:00,0,IOMT-008,S-IOMT-008-809,RESEARCH,EP-IND-00809
NET-00810,2026-01-01 01:59:51+00:00,0,IOMT-045,S-IOMT-045-810,IMAGING,EP-IND-00810
NET-00811,2026-01-01 02:00:02+00:00,0,IOMT-000,S-IOMT-000-811,LAB_RESULTS,EP-IND-00811
NET-00812,2026-01-01 02:00:06+00:00,0,IOMT-005,S-IOMT-005-812,IMAGING,EP-IND-00812
NET-00813,2026-01-01 02:00:37+00:00,0,IOMT-035,S-IOMT-035-813,RESEARCH,EP-IND-00813
NET-00814,2026-01-01 02:00:37+00:00,0,IOMT-014,S-IOMT-014-814,LAB_RESULTS,EP-IND-00814
NET-00815,2026-01-01 02:00:43+00:00,0,IOMT-028,S-IOMT-028-815,RESEARCH,EP-IND-00815
NET-00816,2026-01-01 02:00:44+00:00,0,IOMT-024,S-IOMT-024-816,EHR_READ,EP-IND-00816
NET-00817,2026-01-01 02:01:29+00:00,0,IOMT-016,S-IOMT-016-817,EHR_READ,EP-IND-00817
NET-00818,2026-01-01 02:01:58+00:00,0,IOMT-019,S-IOMT-019-818,IMAGING,EP-IND-00818
NET-00819,2026-01-01 02:02:02+00:00,0,IOMT-020,S-IOMT-020-819,IMAGING,EP-IND-00819
NET-00820,2026-01-01 02:02:14+00:00,0,IOMT-035,S-IOMT-035-820,EHR_WRITE,EP-IND-00820
NET-00821,2026-01-01 02:02:16+00:00,1,IOMT-COORD-041,S-COORD-041,EHR_WRITE,EP-COORD-041
NET-00822,2026-01-01 02:02:18+00:00,0,IOMT-009,S-IOMT-009-822,IMAGING,EP-IND-00822
NET-00823,2026-01-01 02:02:24+00:00,0,IOMT-020,S-IOMT-020-823,LAB_RESULTS,EP-IND-00823
NET-00824,2026-01-01 02:02:26+00:00,0,IOMT-041,S-IOMT-041-824,IMAGING,EP-IND-00824
NET-00825,2026-01-01 02:02:27+00:00,0,IOMT-029,S-IOMT-029-825,EHR_WRITE,EP-IND-00825
NET-00826,2026-01-01 02:02:51+00:00,0,IOMT-024,S-IOMT-024-826,EHR_WRITE,EP-IND-00826
NET-00827,2026-01-01 02:02:59+00:00,0,IOMT-038,S-IOMT-038-827,RESEARCH,EP-IND-00827
NET-00828,2026-01-01 02:03:09+00:00,0,IOMT-014,S-IOMT-014-828,EHR_READ,EP-IND-00828
NET-00829,2026-01-01 02:03:09+00:00,0,IOMT-020,S-IOMT-020-829,EHR_READ,EP-IND-00829
NET-00830,2026-01-01 02:03:13+00:00,0,IOMT-005,S-IOMT-005-830,LAB_RESULTS,EP-IND-00830
NET-00831,2026-01-01 02:03:26+00:00,0,IOMT-018,S-IOMT-018-831,RESEARCH,EP-IND-00831
NET-00832,2026-01-01 02:03:29+00:00,0,IOMT-045,S-IOMT-045-832,RESEARCH,EP-IND-00832
NET-00833,2026-01-01 02:03:30+00:00,0,IOMT-002,S-IOMT-002-833,LAB_RESULTS,EP-IND-00833
NET-00834,2026-01-01 02:03:45+00:00,0,IOMT-013,S-IOMT-013-834,RESEARCH,EP-IND-00834
NET-00835,2026-01-01 02:03:48+00:00,0,IOMT-030,S-IOMT-030-835,IMAGING,EP-IND-00835
NET-00836,2026-01-01 02:04:09+00:00,0,IOMT-022,S-IOMT-022-836,IMAGING,EP-IND-00836
NET-00837,2026-01-01 02:04:23+00:00,0,IOMT-003,S-IOMT-003-837,IMAGING,EP-IND-00837
NET-00838,2026-01-01 02:04:31+00:00,0,IOMT-014,S-IOMT-014-838,IMAGING,EP-IND-00838
NET-00839,2026-01-01 02:04:41+00:00,0,IOMT-007,S-IOMT-007-839,IMAGING,EP-IND-00839
NET-00840,2026-01-01 02:04:42+00:00,0,IOMT-006,S-IOMT-006-840,IMAGING,EP-IND-00840
NET-00841,2026-01-01 02:04:57+00:00,0,IOMT-029,S-IOMT-029-841,IMAGING,EP-IND-00841
NET-00842,2026-01-01 02:05:09+00:00,0,IOMT-004,S-IOMT-004-842,IMAGING,EP-IND-00842
NET-00843,2026-01-01 02:05:23+00:00,0,IOMT-035,S-IOMT-035-843,EHR_WRITE,EP-IND-00843
NET-00844,2026-01-01 02:05:33+00:00,0,IOMT-025,S-IOMT-025-844,LAB_RESULTS,EP-IND-00844
NET-00845,2026-01-01 02:05:35+00:00,0,IOMT-001,S-IOMT-001-845,EHR_READ,EP-IND-00845
NET-00846,2026-01-01 02:05:56+00:00,0,IOMT-027,S-IOMT-027-846,EHR_WRITE,EP-IND-00846
NET-00847,2026-01-01 02:05:57+00:00,0,IOMT-043,S-IOMT-043-847,LAB_RESULTS,EP-IND-00847
NET-00848,2026-01-01 02:06:02+00:00,0,IOMT-046,S-IOMT-046-848,EHR_WRITE,EP-IND-00848
NET-00849,2026-01-01 02:06:18+00:00,0,IOMT-036,S-IOMT-036-849,IMAGING,EP-IND-00849
NET-00850,2026-01-01 02:06:20+00:00,0,IOMT-034,S-IOMT-034-850,RESEARCH,EP-IND-00850
NET-00851,2026-01-01 02:06:23+00:00,0,IOMT-030,S-IOMT-030-851,RESEARCH,EP-IND-00851
NET-00852,2026-01-01 02:06:26+00:00,0,IOMT-033,S-IOMT-033-852,RESEARCH,EP-IND-00852
NET-00853,2026-01-01 02:06:41+00:00,0,IOMT-032,S-IOMT-032-853,IMAGING,EP-IND-00853
NET-00854,2026-01-01 02:06:44+00:00,0,IOMT-027,S-IOMT-027-854,LAB_RESULTS,EP-IND-00854
NET-00855,2026-01-01 02:06:58+00:00,1,IOMT-COORD-042,S-COORD-042,IMAGING,EP-COORD-042
NET-00856,2026-01-01 02:07:17+00:00,0,IOMT-016,S-IOMT-016-856,RESEARCH,EP-IND-00856
NET-00857,2026-01-01 02:07:22+00:00,0,IOMT-012,S-IOMT-012-857,LAB_RESULTS,EP-IND-00857
NET-00858,2026-01-01 02:07:23+00:00,0,IOMT-011,S-IOMT-011-858,LAB_RESULTS,EP-IND-00858
NET-00859,2026-01-01 02:07:26+00:00,0,IOMT-009,S-IOMT-009-859,RESEARCH,EP-IND-00859
NET-00860,2026-01-01 02:07:27+00:00,0,IOMT-018,S-IOMT-018-860,IMAGING,EP-IND-00860
NET-00861,2026-01-01 02:07:50+00:00,0,IOMT-000,S-IOMT-000-861,EHR_WRITE,EP-IND-00861
NET-00862,2026-01-01 02:08:01+00:00,0,IOMT-014,S-IOMT-014-862,LAB_RESULTS,EP-IND-00862
NET-00863,2026-01-01 02:08:14+00:00,0,IOMT-003,S-IOMT-003-863,LAB_RESULTS,EP-IND-00863
NET-00864,2026-01-01 02:08:43+00:00,0,IOMT-010,S-IOMT-010-864,RESEARCH,EP-IND-00864
NET-00865,2026-01-01 02:08:46+00:00,0,IOMT-025,S-IOMT-025-865,EHR_READ,EP-IND-00865
NET-00866,2026-01-01 02:08:48+00:00,0,IOMT-006,S-IOMT-006-866,EHR_WRITE,EP-IND-00866
NET-00867,2026-01-01 02:08:51+00:00,1,IOMT-COORD-043,S-COORD-043,LAB_RESULTS,EP-COORD-043
NET-00868,2026-01-01 02:08:58+00:00,0,IOMT-026,S-IOMT-026-868,RESEARCH,EP-IND-00868
NET-00869,2026-01-01 02:09:04+00:00,1,IOMT-COORD-044,S-COORD-044,RESEARCH,EP-COORD-044
NET-00870,2026-01-01 02:09:11+00:00,0,IOMT-010,S-IOMT-010-870,LAB_RESULTS,EP-IND-00870
NET-00871,2026-01-01 02:09:23+00:00,0,IOMT-020,S-IOMT-020-871,EHR_WRITE,EP-IND-00871
NET-00872,2026-01-01 02:09:30+00:00,0,IOMT-031,S-IOMT-031-872,EHR_READ,EP-IND-00872
NET-00873,2026-01-01 02:09:37+00:00,0,IOMT-024,S-IOMT-024-873,IMAGING,EP-IND-00873
NET-00874,2026-01-01 02:09:43+00:00,0,IOMT-024,S-IOMT-024-874,IMAGING,EP-IND-00874
NET-00875,2026-01-01 02:09:50+00:00,0,IOMT-038,S-IOMT-038-875,EHR_READ,EP-IND-00875
NET-00876,2026-01-01 02:10:02+00:00,0,IOMT-001,S-IOMT-001-876,IMAGING,EP-IND-00876
NET-00877,2026-01-01 02:10:23+00:00,0,IOMT-040,S-IOMT-040-877,LAB_RESULTS,EP-IND-00877
NET-00878,2026-01-01 02:10:30+00:00,0,IOMT-046,S-IOMT-046-878,IMAGING,EP-IND-00878
NET-00879,2026-01-01 02:10:38+00:00,0,IOMT-040,S-IOMT-040-879,EHR_READ,EP-IND-00879
NET-00880,2026-01-01 02:10:42+00:00,0,IOMT-024,S-IOMT-024-880,RESEARCH,EP-IND-00880
NET-00881,2026-01-01 02:10:51+00:00,0,IOMT-047,S-IOMT-047-881,RESEARCH,EP-IND-00881
NET-00882,2026-01-01 02:10:53+00:00,0,IOMT-036,S-IOMT-036-882,EHR_READ,EP-IND-00882
NET-00883,2026-01-01 02:11:19+00:00,0,IOMT-036,S-IOMT-036-883,EHR_READ,EP-IND-00883
NET-00884,2026-01-01 02:11:24+00:00,0,IOMT-036,S-IOMT-036-884,EHR_WRITE,EP-IND-00884
NET-00885,2026-01-01 02:11:32+00:00,0,IOMT-018,S-IOMT-018-885,LAB_RESULTS,EP-IND-00885
NET-00886,2026-01-01 02:11:43+00:00,0,IOMT-013,S-IOMT-013-886,EHR_READ,EP-IND-00886
NET-00887,2026-01-01 02:12:05+00:00,0,IOMT-024,S-IOMT-024-887,EHR_WRITE,EP-IND-00887
NET-00888,2026-01-01 02:12:06+00:00,0,IOMT-044,S-IOMT-044-888,RESEARCH,EP-IND-00888
NET-00889,2026-01-01 02:12:25+00:00,0,IOMT-041,S-IOMT-041-889,EHR_WRITE,EP-IND-00889
NET-00890,2026-01-01 02:12:25+00:00,0,IOMT-016,S-IOMT-016-890,IMAGING,EP-IND-00890
NET-00891,2026-01-01 02:12:31+00:00,0,IOMT-025,S-IOMT-025-891,RESEARCH,EP-IND-00891
NET-00892,2026-01-01 02:12:36+00:00,0,IOMT-018,S-IOMT-018-892,EHR_WRITE,EP-IND-00892
NET-00893,2026-01-01 02:12:46+00:00,0,IOMT-021,S-IOMT-021-893,EHR_READ,EP-IND-00893
NET-00894,2026-01-01 02:13:09+00:00,0,IOMT-004,S-IOMT-004-894,RESEARCH,EP-IND-00894
NET-00895,2026-01-01 02:13:29+00:00,0,IOMT-046,S-IOMT-046-895,RESEARCH,EP-IND-00895
NET-00896,2026-01-01 02:13:31+00:00,0,IOMT-048,S-IOMT-048-896,IMAGING,EP-IND-00896
NET-00897,2026-01-01 02:13:37+00:00,0,IOMT-021,S-IOMT-021-897,EHR_READ,EP-IND-00897
NET-00898,2026-01-01 02:14:40+00:00,0,IOMT-016,S-IOMT-016-898,LAB_RESULTS,EP-IND-00898
NET-00899,2026-01-01 02:15:03+00:00,0,IOMT-002,S-IOMT-002-899,EHR_WRITE,EP-IND-00899
NET-00900,2026-01-01 02:15:23+00:00,0,IOMT-042,S-IOMT-042-900,LAB_RESULTS,EP-IND-00900
NET-00901,2026-01-01 02:15:43+00:00,0,IOMT-027,S-IOMT-027-901,IMAGING,EP-IND-00901
NET-00902,2026-01-01 02:15:45+00:00,0,IOMT-048,S-IOMT-048-902,LAB_RESULTS,EP-IND-00902
NET-00903,2026-01-01 02:15:57+00:00,0,IOMT-027,S-IOMT-027-903,EHR_WRITE,EP-IND-00903
NET-00904,2026-01-01 02:16:16+00:00,0,IOMT-045,S-IOMT-045-904,EHR_WRITE,EP-IND-00904
NET-00905,2026-01-01 02:16:18+00:00,0,IOMT-001,S-IOMT-001-905,LAB_RESULTS,EP-IND-00905
NET-00906,2026-01-01 02:16:23+00:00,0,IOMT-035,S-IOMT-035-906,LAB_RESULTS,EP-IND-00906
NET-00907,2026-01-01 02:16:26+00:00,0,IOMT-023,S-IOMT-023-907,EHR_WRITE,EP-IND-00907
NET-00908,2026-01-01 02:16:26+00:00,0,IOMT-006,S-IOMT-006-908,EHR_READ,EP-IND-00908
NET-00909,2026-01-01 02:16:35+00:00,0,IOMT-037,S-IOMT-037-909,EHR_WRITE,EP-IND-00909
NET-00910,2026-01-01 02:16:45+00:00,0,IOMT-026,S-IOMT-026-910,IMAGING,EP-IND-00910
NET-00911,2026-01-01 02:16:54+00:00,0,IOMT-034,S-IOMT-034-911,EHR_WRITE,EP-IND-00911
NET-00912,2026-01-01 02:17:11+00:00,0,IOMT-028,S-IOMT-028-912,EHR_WRITE,EP-IND-00912
NET-00913,2026-01-01 02:17:46+00:00,0,IOMT-034,S-IOMT-034-913,EHR_WRITE,EP-IND-00913
NET-00914,2026-01-01 02:17:47+00:00,0,IOMT-002,S-IOMT-002-914,EHR_READ,EP-IND-00914
NET-00915,2026-01-01 02:17:49+00:00,0,IOMT-047,S-IOMT-047-915,EHR_WRITE,EP-IND-00915
NET-00916,2026-01-01 02:18:09+00:00,0,IOMT-015,S-IOMT-015-916,RESEARCH,EP-IND-00916
NET-00917,2026-01-01 02:18:16+00:00,0,IOMT-003,S-IOMT-003-917,LAB_RESULTS,EP-IND-00917
NET-00918,2026-01-01 02:18:36+00:00,0,IOMT-007,S-IOMT-007-918,LAB_RESULTS,EP-IND-00918
NET-00919,2026-01-01 02:18:43+00:00,0,IOMT-024,S-IOMT-024-919,RESEARCH,EP-IND-00919
NET-00920,2026-01-01 02:18:45+00:00,0,IOMT-016,S-IOMT-016-920,LAB_RESULTS,EP-IND-00920
NET-00921,2026-01-01 02:19:22+00:00,0,IOMT-032,S-IOMT-032-921,LAB_RESULTS,EP-IND-00921
NET-00922,2026-01-01 02:19:27+00:00,0,IOMT-049,S-IOMT-049-922,EHR_READ,EP-IND-00922
NET-00923,2026-01-01 02:19:29+00:00,0,IOMT-002,S-IOMT-002-923,EHR_READ,EP-IND-00923
NET-00924,2026-01-01 02:19:33+00:00,0,IOMT-013,S-IOMT-013-924,RESEARCH,EP-IND-00924
NET-00925,2026-01-01 02:19:38+00:00,1,IOMT-COORD-045,S-COORD-045,EHR_READ,EP-COORD-045
NET-00926,2026-01-01 02:19:41+00:00,0,IOMT-028,S-IOMT-028-926,EHR_WRITE,EP-IND-00926
NET-00927,2026-01-01 02:19:42+00:00,0,IOMT-045,S-IOMT-045-927,RESEARCH,EP-IND-00927
NET-00928,2026-01-01 02:19:51+00:00,0,IOMT-021,S-IOMT-021-928,EHR_WRITE,EP-IND-00928
NET-00929,2026-01-01 02:19:53+00:00,0,IOMT-009,S-IOMT-009-929,EHR_READ,EP-IND-00929
NET-00930,2026-01-01 02:20:15+00:00,0,IOMT-032,S-IOMT-032-930,LAB_RESULTS,EP-IND-00930
NET-00931,2026-01-01 02:20:38+00:00,0,IOMT-049,S-IOMT-049-931,IMAGING,EP-IND-00931
NET-00932,2026-01-01 02:20:47+00:00,0,IOMT-004,S-IOMT-004-932,LAB_RESULTS,EP-IND-00932
NET-00933,2026-01-01 02:20:48+00:00,0,IOMT-022,S-IOMT-022-933,LAB_RESULTS,EP-IND-00933
NET-00934,2026-01-01 02:20:48+00:00,0,IOMT-010,S-IOMT-010-934,EHR_WRITE,EP-IND-00934
NET-00935,2026-01-01 02:20:49+00:00,0,IOMT-033,S-IOMT-033-935,EHR_READ,EP-IND-00935
NET-00936,2026-01-01 02:20:57+00:00,0,IOMT-047,S-IOMT-047-936,LAB_RESULTS,EP-IND-00936
NET-00937,2026-01-01 02:20:57+00:00,0,IOMT-049,S-IOMT-049-937,RESEARCH,EP-IND-00937
NET-00938,2026-01-01 02:20:58+00:00,0,IOMT-016,S-IOMT-016-938,IMAGING,EP-IND-00938
NET-00939,2026-01-01 02:21:07+00:00,0,IOMT-015,S-IOMT-015-939,IMAGING,EP-IND-00939
NET-00940,2026-01-01 02:21:16+00:00,0,IOMT-020,S-IOMT-020-940,RESEARCH,EP-IND-00940
NET-00941,2026-01-01 02:21:27+00:00,0,IOMT-003,S-IOMT-003-941,EHR_READ,EP-IND-00941
NET-00942,2026-01-01 02:21:46+00:00,0,IOMT-001,S-IOMT-001-942,LAB_RESULTS,EP-IND-00942
NET-00943,2026-01-01 02:21:50+00:00,0,IOMT-000,S-IOMT-000-943,EHR_READ,EP-IND-00943
NET-00944,2026-01-01 02:22:00+00:00,0,IOMT-035,S-IOMT-035-944,EHR_READ,EP-IND-00944
NET-00945,2026-01-01 02:22:14+00:00,0,IOMT-016,S-IOMT-016-945,EHR_READ,EP-IND-00945
NET-00946,2026-01-01 02:22:16+00:00,0,IOMT-020,S-IOMT-020-946,RESEARCH,EP-IND-00946
NET-00947,2026-01-01 02:22:22+00:00,0,IOMT-011,S-IOMT-011-947,IMAGING,EP-IND-00947
NET-00948,2026-01-01 02:22:31+00:00,0,IOMT-031,S-IOMT-031-948,RESEARCH,EP-IND-00948
NET-00949,2026-01-01 02:22:56+00:00,0,IOMT-004,S-IOMT-004-949,RESEARCH,EP-IND-00949
NET-00950,2026-01-01 02:22:58+00:00,0,IOMT-035,S-IOMT-035-950,LAB_RESULTS,EP-IND-00950
NET-00951,2026-01-01 02:23:00+00:00,0,IOMT-048,S-IOMT-048-951,EHR_WRITE,EP-IND-00951
NET-00952,2026-01-01 02:23:14+00:00,0,IOMT-017,S-IOMT-017-952,IMAGING,EP-IND-00952
NET-00953,2026-01-01 02:23:31+00:00,0,IOMT-016,S-IOMT-016-953,IMAGING,EP-IND-00953
NET-00954,2026-01-01 02:23:33+00:00,0,IOMT-018,S-IOMT-018-954,IMAGING,EP-IND-00954
NET-00955,2026-01-01 02:24:00+00:00,0,IOMT-020,S-IOMT-020-955,IMAGING,EP-IND-00955
NET-00956,2026-01-01 02:24:25+00:00,0,IOMT-040,S-IOMT-040-956,EHR_READ,EP-IND-00956
NET-00957,2026-01-01 02:24:27+00:00,0,IOMT-038,S-IOMT-038-957,EHR_READ,EP-IND-00957
NET-00958,2026-01-01 02:24:40+00:00,0,IOMT-031,S-IOMT-031-958,EHR_WRITE,EP-IND-00958
NET-00959,2026-01-01 02:24:47+00:00,0,IOMT-012,S-IOMT-012-959,EHR_READ,EP-IND-00959
NET-00960,2026-01-01 02:24:55+00:00,1,IOMT-COORD-046,S-COORD-046,EHR_WRITE,EP-COORD-046
NET-00961,2026-01-01 02:24:56+00:00,0,IOMT-044,S-IOMT-044-961,RESEARCH,EP-IND-00961
NET-00962,2026-01-01 02:25:09+00:00,0,IOMT-003,S-IOMT-003-962,EHR_READ,EP-IND-00962
NET-00963,2026-01-01 02:25:13+00:00,0,IOMT-046,S-IOMT-046-963,RESEARCH,EP-IND-00963
NET-00964,2026-01-01 02:25:18+00:00,0,IOMT-030,S-IOMT-030-964,RESEARCH,EP-IND-00964
NET-00965,2026-01-01 02:25:25+00:00,0,IOMT-013,S-IOMT-013-965,IMAGING,EP-IND-00965
NET-00966,2026-01-01 02:25:32+00:00,1,IOMT-039,S-IOMT-039-966,EHR_WRITE,EP-IND-00966
NET-00967,2026-01-01 02:25:39+00:00,0,IOMT-032,S-IOMT-032-967,IMAGING,EP-IND-00967
NET-00968,2026-01-01 02:25:49+00:00,0,IOMT-018,S-IOMT-018-968,IMAGING,EP-IND-00968
NET-00969,2026-01-01 02:25:49+00:00,0,IOMT-010,S-IOMT-010-969,LAB_RESULTS,EP-IND-00969
NET-00970,2026-01-01 02:25:51+00:00,0,IOMT-033,S-IOMT-033-970,EHR_WRITE,EP-IND-00970
NET-00971,2026-01-01 02:25:52+00:00,0,IOMT-048,S-IOMT-048-971,EHR_WRITE,EP-IND-00971
NET-00972,2026-01-01 02:25:58+00:00,0,IOMT-047,S-IOMT-047-972,RESEARCH,EP-IND-00972
NET-00973,2026-01-01 02:26:20+00:00,1,IOMT-021,S-IOMT-021-973,LAB_RESULTS,EP-IND-00973
NET-00974,2026-01-01 02:26:21+00:00,0,IOMT-028,S-IOMT-028-974,IMAGING,EP-IND-00974
NET-00975,2026-01-01 02:26:28+00:00,0,IOMT-010,S-IOMT-010-975,EHR_READ,EP-IND-00975
NET-00976,2026-01-01 02:26:32+00:00,0,IOMT-024,S-IOMT-024-976,RESEARCH,EP-IND-00976
NET-00977,2026-01-01 02:26:50+00:00,0,IOMT-024,S-IOMT-024-977,RESEARCH,EP-IND-00977
NET-00978,2026-01-01 02:27:05+00:00,0,IOMT-034,S-IOMT-034-978,EHR_READ,EP-IND-00978
NET-00979,2026-01-01 02:27:06+00:00,0,IOMT-028,S-IOMT-028-979,EHR_READ,EP-IND-00979
NET-00980,2026-01-01 02:27:18+00:00,0,IOMT-030,S-IOMT-030-980,IMAGING,EP-IND-00980
NET-00981,2026-01-01 02:27:19+00:00,0,IOMT-023,S-IOMT-023-981,LAB_RESULTS,EP-IND-00981
NET-00982,2026-01-01 02:27:55+00:00,0,IOMT-040,S-IOMT-040-982,RESEARCH,EP-IND-00982
NET-00983,2026-01-01 02:28:19+00:00,0,IOMT-025,S-IOMT-025-983,IMAGING,EP-IND-00983
NET-00984,2026-01-01 02:28:35+00:00,0,IOMT-040,S-IOMT-040-984,RESEARCH,EP-IND-00984
NET-00985,2026-01-01 02:28:38+00:00,0,IOMT-005,S-IOMT-005-985,EHR_READ,EP-IND-00985
NET-00986,2026-01-01 02:28:42+00:00,0,IOMT-014,S-IOMT-014-986,IMAGING,EP-IND-00986
NET-00987,2026-01-01 02:28:48+00:00,0,IOMT-038,S-IOMT-038-987,LAB_RESULTS,EP-IND-00987
NET-00988,2026-01-01 02:28:53+00:00,1,IOMT-017,S-IOMT-017-988,IMAGING,EP-IND-00988
NET-00989,2026-01-01 02:28:57+00:00,0,IOMT-017,S-IOMT-017-989,RESEARCH,EP-IND-00989
NET-00990,2026-01-01 02:28:58+00:00,0,IOMT-031,S-IOMT-031-990,EHR_WRITE,EP-IND-00990
NET-00991,2026-01-01 02:28:59+00:00,1,IOMT-045,S-IOMT-045-991,IMAGING,EP-IND-00991
NET-00992,2026-01-01 02:29:23+00:00,0,IOMT-036,S-IOMT-036-992,RESEARCH,EP-IND-00992
NET-00993,2026-01-01 02:29:48+00:00,0,IOMT-005,S-IOMT-005-993,IMAGING,EP-IND-00993
NET-00994,2026-01-01 02:29:57+00:00,0,IOMT-031,S-IOMT-031-994,IMAGING,EP-IND-00994
NET-00995,2026-01-01 02:30:05+00:00,1,IOMT-036,S-IOMT-036-995,EHR_READ,EP-IND-00995
NET-00996,2026-01-01 02:30:09+00:00,0,IOMT-015,S-IOMT-015-996,EHR_READ,EP-IND-00996
NET-00997,2026-01-01 02:30:24+00:00,0,IOMT-002,S-IOMT-002-0,EHR_WRITE,EP-IND-00997
NET-00998,2026-01-01 02:30:27+00:00,0,IOMT-006,S-IOMT-006-1,EHR_READ,EP-IND-00998
NET-00999,2026-01-01 02:30:28+00:00,0,IOMT-008,S-IOMT-008-2,LAB_RESULTS,EP-IND-00999
NET-01000,2026-01-01 02:30:33+00:00,0,IOMT-026,S-IOMT-026-3,LAB_RESULTS,EP-IND-01000
NET-01001,2026-01-01 02:30:37+00:00,0,IOMT-036,S-IOMT-036-4,EHR_READ,EP-IND-01001
NET-01002,2026-01-01 02:30:37+00:00,0,IOMT-037,S-IOMT-037-5,EHR_READ,EP-IND-01002
NET-01003,2026-01-01 02:30:48+00:00,0,IOMT-016,S-IOMT-016-6,EHR_WRITE,EP-IND-01003
NET-01004,2026-01-01 02:31:04+00:00,0,IOMT-028,S-IOMT-028-7,EHR_READ,EP-IND-01004
NET-01005,2026-01-01 02:31:08+00:00,0,IOMT-045,S-IOMT-045-8,EHR_READ,EP-IND-01005
NET-01006,2026-01-01 02:31:22+00:00,0,IOMT-022,S-IOMT-022-9,RESEARCH,EP-IND-01006
NET-01007,2026-01-01 02:31:33+00:00,0,IOMT-030,S-IOMT-030-10,LAB_RESULTS,EP-IND-01007
NET-01008,2026-01-01 02:31:48+00:00,0,IOMT-013,S-IOMT-013-11,EHR_WRITE,EP-IND-01008
NET-01009,2026-01-01 02:32:00+00:00,0,IOMT-041,S-IOMT-041-12,RESEARCH,EP-IND-01009
NET-01010,2026-01-01 02:32:02+00:00,0,IOMT-009,S-IOMT-009-13,LAB_RESULTS,EP-IND-01010
NET-01011,2026-01-01 02:32:03+00:00,0,IOMT-046,S-IOMT-046-14,IMAGING,EP-IND-01011
NET-01012,2026-01-01 02:32:30+00:00,0,IOMT-018,S-IOMT-018-15,IMAGING,EP-IND-01012
NET-01013,2026-01-01 02:32:38+00:00,0,IOMT-001,S-IOMT-001-16,RESEARCH,EP-IND-01013
NET-01014,2026-01-01 02:32:44+00:00,0,IOMT-024,S-IOMT-024-17,EHR_WRITE,EP-IND-01014
NET-01015,2026-01-01 02:33:14+00:00,1,IOMT-024,S-IOMT-024-18,EHR_READ,EP-IND-01015
NET-01016,2026-01-01 02:33:29+00:00,0,IOMT-039,S-IOMT-039-19,EHR_WRITE,EP-IND-01016
NET-01017,2026-01-01 02:33:30+00:00,0,IOMT-026,S-IOMT-026-20,RESEARCH,EP-IND-01017
NET-01018,2026-01-01 02:33:31+00:00,0,IOMT-006,S-IOMT-006-21,LAB_RESULTS,EP-IND-01018
NET-01019,2026-01-01 02:33:32+00:00,0,IOMT-009,S-IOMT-009-22,EHR_READ,EP-IND-01019
NET-01020,2026-01-01 02:33:46+00:00,0,IOMT-041,S-IOMT-041-23,EHR_READ,EP-IND-01020
NET-01021,2026-01-01 02:33:53+00:00,0,IOMT-049,S-IOMT-049-24,IMAGING,EP-IND-01021
NET-01022,2026-01-01 02:33:54+00:00,0,IOMT-017,S-IOMT-017-25,EHR_READ,EP-IND-01022
NET-01023,2026-01-01 02:34:15+00:00,0,IOMT-002,S-IOMT-002-26,LAB_RESULTS,EP-IND-01023
NET-01024,2026-01-01 02:34:32+00:00,0,IOMT-017,S-IOMT-017-27,EHR_READ,EP-IND-01024
NET-01025,2026-01-01 02:34:55+00:00,0,IOMT-021,S-IOMT-021-28,LAB_RESULTS,EP-IND-01025
NET-01026,2026-01-01 02:34:58+00:00,0,IOMT-009,S-IOMT-009-29,LAB_RESULTS,EP-IND-01026
NET-01027,2026-01-01 02:35:08+00:00,0,IOMT-030,S-IOMT-030-30,IMAGING,EP-IND-01027
NET-01028,2026-01-01 02:35:29+00:00,0,IOMT-022,S-IOMT-022-31,RESEARCH,EP-IND-01028
NET-01029,2026-01-01 02:35:39+00:00,1,IOMT-000,S-IOMT-000-32,IMAGING,EP-IND-01029
NET-01030,2026-01-01 02:35:45+00:00,0,IOMT-017,S-IOMT-017-33,LAB_RESULTS,EP-IND-01030
NET-01031,2026-01-01 02:35:45+00:00,0,IOMT-008,S-IOMT-008-34,RESEARCH,EP-IND-01031
NET-01032,2026-01-01 02:35:48+00:00,0,IOMT-019,S-IOMT-019-35,EHR_READ,EP-IND-01032
NET-01033,2026-01-01 02:36:07+00:00,0,IOMT-035,S-IOMT-035-36,RESEARCH,EP-IND-01033
NET-01034,2026-01-01 02:36:11+00:00,0,IOMT-019,S-IOMT-019-37,LAB_RESULTS,EP-IND-01034
NET-01035,2026-01-01 02:36:17+00:00,0,IOMT-044,S-IOMT-044-38,IMAGING,EP-IND-01035
NET-01036,2026-01-01 02:36:24+00:00,0,IOMT-018,S-IOMT-018-39,EHR_READ,EP-IND-01036
NET-01037,2026-01-01 02:36:48+00:00,0,IOMT-008,S-IOMT-008-40,IMAGING,EP-IND-01037
NET-01038,2026-01-01 02:36:56+00:00,0,IOMT-042,S-IOMT-042-41,EHR_READ,EP-IND-01038
NET-01039,2026-01-01 02:36:59+00:00,0,IOMT-020,S-IOMT-020-42,EHR_READ,EP-IND-01039
NET-01040,2026-01-01 02:37:28+00:00,0,IOMT-019,S-IOMT-019-43,LAB_RESULTS,EP-IND-01040
NET-01041,2026-01-01 02:37:34+00:00,1,IOMT-037,S-IOMT-037-44,LAB_RESULTS,EP-IND-01041
NET-01042,2026-01-01 02:37:34+00:00,0,IOMT-040,S-IOMT-040-45,EHR_WRITE,EP-IND-01042
NET-01043,2026-01-01 02:37:36+00:00,0,IOMT-038,S-IOMT-038-46,EHR_READ,EP-IND-01043
NET-01044,2026-01-01 02:37:53+00:00,0,IOMT-031,S-IOMT-031-47,EHR_WRITE,EP-IND-01044
NET-01045,2026-01-01 02:38:05+00:00,0,IOMT-042,S-IOMT-042-48,LAB_RESULTS,EP-IND-01045
NET-01046,2026-01-01 02:38:13+00:00,0,IOMT-019,S-IOMT-019-49,IMAGING,EP-IND-01046
NET-01047,2026-01-01 02:38:28+00:00,0,IOMT-026,S-IOMT-026-50,EHR_WRITE,EP-IND-01047
NET-01048,2026-01-01 02:38:51+00:00,1,IOMT-001,S-IOMT-001-51,EHR_WRITE,EP-IND-01048
NET-01049,2026-01-01 02:38:59+00:00,0,IOMT-024,S-IOMT-024-52,IMAGING,EP-IND-01049
NET-01050,2026-01-01 02:39:05+00:00,0,IOMT-021,S-IOMT-021-53,EHR_READ,EP-IND-01050
NET-01051,2026-01-01 02:39:12+00:00,0,IOMT-002,S-IOMT-002-54,IMAGING,EP-IND-01051
NET-01052,2026-01-01 02:39:15+00:00,0,IOMT-042,S-IOMT-042-55,EHR_WRITE,EP-IND-01052
NET-01053,2026-01-01 02:39:52+00:00,0,IOMT-025,S-IOMT-025-56,RESEARCH,EP-IND-01053
NET-01054,2026-01-01 02:40:01+00:00,0,IOMT-038,S-IOMT-038-57,IMAGING,EP-IND-01054
NET-01055,2026-01-01 02:40:02+00:00,0,IOMT-039,S-IOMT-039-58,LAB_RESULTS,EP-IND-01055
NET-01056,2026-01-01 02:40:06+00:00,0,IOMT-012,S-IOMT-012-59,IMAGING,EP-IND-01056
NET-01057,2026-01-01 02:40:19+00:00,0,IOMT-041,S-IOMT-041-60,LAB_RESULTS,EP-IND-01057
NET-01058,2026-01-01 02:40:25+00:00,0,IOMT-006,S-IOMT-006-61,IMAGING,EP-IND-01058
NET-01059,2026-01-01 02:40:25+00:00,0,IOMT-000,S-IOMT-000-62,RESEARCH,EP-IND-01059
NET-01060,2026-01-01 02:40:26+00:00,0,IOMT-019,S-IOMT-019-63,EHR_WRITE,EP-IND-01060
NET-01061,2026-01-01 02:40:27+00:00,0,IOMT-037,S-IOMT-037-64,EHR_WRITE,EP-IND-01061
NET-01062,2026-01-01 02:40:30+00:00,0,IOMT-025,S-IOMT-025-65,IMAGING,EP-IND-01062
NET-01063,2026-01-01 02:40:49+00:00,0,IOMT-027,S-IOMT-027-66,EHR_WRITE,EP-IND-01063
NET-01064,2026-01-01 02:40:51+00:00,0,IOMT-008,S-IOMT-008-67,EHR_WRITE,EP-IND-01064
NET-01065,2026-01-01 02:41:14+00:00,0,IOMT-016,S-IOMT-016-68,EHR_WRITE,EP-IND-01065
NET-01066,2026-01-01 02:41:16+00:00,0,IOMT-002,S-IOMT-002-69,LAB_RESULTS,EP-IND-01066
NET-01067,2026-01-01 02:41:17+00:00,0,IOMT-004,S-IOMT-004-70,EHR_READ,EP-IND-01067
NET-01068,2026-01-01 02:41:26+00:00,0,IOMT-000,S-IOMT-000-71,IMAGING,EP-IND-01068
NET-01069,2026-01-01 02:42:02+00:00,0,IOMT-031,S-IOMT-031-72,EHR_READ,EP-IND-01069
NET-01070,2026-01-01 02:42:06+00:00,0,IOMT-012,S-IOMT-012-73,RESEARCH,EP-IND-01070
NET-01071,2026-01-01 02:42:13+00:00,0,IOMT-036,S-IOMT-036-74,EHR_WRITE,EP-IND-01071
NET-01072,2026-01-01 02:42:37+00:00,0,IOMT-037,S-IOMT-037-75,RESEARCH,EP-IND-01072
NET-01073,2026-01-01 02:42:37+00:00,0,IOMT-012,S-IOMT-012-76,LAB_RESULTS,EP-IND-01073
NET-01074,2026-01-01 02:42:49+00:00,0,IOMT-039,S-IOMT-039-77,LAB_RESULTS,EP-IND-01074
NET-01075,2026-01-01 02:43:00+00:00,0,IOMT-018,S-IOMT-018-78,EHR_READ,EP-IND-01075
NET-01076,2026-01-01 02:43:06+00:00,0,IOMT-037,S-IOMT-037-79,LAB_RESULTS,EP-IND-01076
NET-01077,2026-01-01 02:43:25+00:00,0,IOMT-017,S-IOMT-017-80,IMAGING,EP-IND-01077
NET-01078,2026-01-01 02:43:35+00:00,0,IOMT-034,S-IOMT-034-81,EHR_READ,EP-IND-01078
NET-01079,2026-01-01 02:43:42+00:00,0,IOMT-000,S-IOMT-000-82,LAB_RESULTS,EP-IND-01079
NET-01080,2026-01-01 02:43:43+00:00,0,IOMT-045,S-IOMT-045-83,RESEARCH,EP-IND-01080
NET-01081,2026-01-01 02:43:44+00:00,0,IOMT-038,S-IOMT-038-84,EHR_READ,EP-IND-01081
NET-01082,2026-01-01 02:43:47+00:00,0,IOMT-041,S-IOMT-041-85,EHR_WRITE,EP-IND-01082
NET-01083,2026-01-01 02:44:35+00:00,0,IOMT-048,S-IOMT-048-86,LAB_RESULTS,EP-IND-01083
NET-01084,2026-01-01 02:44:46+00:00,0,IOMT-045,S-IOMT-045-87,EHR_WRITE,EP-IND-01084
NET-01085,2026-01-01 02:45:00+00:00,0,IOMT-021,S-IOMT-021-88,LAB_RESULTS,EP-IND-01085
NET-01086,2026-01-01 02:45:26+00:00,1,IOMT-036,S-IOMT-036-89,LAB_RESULTS,EP-IND-01086
NET-01087,2026-01-01 02:45:34+00:00,1,IOMT-032,S-IOMT-032-90,IMAGING,EP-IND-01087
NET-01088,2026-01-01 02:45:34+00:00,0,IOMT-029,S-IOMT-029-91,EHR_WRITE,EP-IND-01088
NET-01089,2026-01-01 02:45:48+00:00,0,IOMT-031,S-IOMT-031-92,LAB_RESULTS,EP-IND-01089
NET-01090,2026-01-01 02:45:49+00:00,0,IOMT-007,S-IOMT-007-93,RESEARCH,EP-IND-01090
NET-01091,2026-01-01 02:45:50+00:00,0,IOMT-009,S-IOMT-009-94,EHR_READ,EP-IND-01091
NET-01092,2026-01-01 02:46:04+00:00,1,IOMT-028,S-IOMT-028-95,LAB_RESULTS,EP-IND-01092
NET-01093,2026-01-01 02:46:14+00:00,0,IOMT-041,S-IOMT-041-96,RESEARCH,EP-IND-01093
NET-01094,2026-01-01 02:46:18+00:00,0,IOMT-015,S-IOMT-015-97,IMAGING,EP-IND-01094
NET-01095,2026-01-01 02:46:28+00:00,0,IOMT-038,S-IOMT-038-98,IMAGING,EP-IND-01095
NET-01096,2026-01-01 02:46:30+00:00,0,IOMT-048,S-IOMT-048-99,EHR_READ,EP-IND-01096
NET-01097,2026-01-01 02:46:30+00:00,1,IOMT-016,S-IOMT-016-100,EHR_READ,EP-IND-01097
NET-01098,2026-01-01 02:46:44+00:00,0,IOMT-002,S-IOMT-002-101,LAB_RESULTS,EP-IND-01098
NET-01099,2026-01-01 02:46:48+00:00,0,IOMT-014,S-IOMT-014-102,EHR_READ,EP-IND-01099
NET-01100,2026-01-01 02:46:52+00:00,0,IOMT-036,S-IOMT-036-103,EHR_READ,EP-IND-01100
NET-01101,2026-01-01 02:47:03+00:00,0,IOMT-015,S-IOMT-015-104,EHR_READ,EP-IND-01101
NET-01102,2026-01-01 02:47:05+00:00,0,IOMT-010,S-IOMT-010-105,RESEARCH,EP-IND-01102
NET-01103,2026-01-01 02:47:08+00:00,0,IOMT-001,S-IOMT-001-106,IMAGING,EP-IND-01103
NET-01104,2026-01-01 02:47:09+00:00,0,IOMT-010,S-IOMT-010-107,LAB_RESULTS,EP-IND-01104
NET-01105,2026-01-01 02:47:11+00:00,0,IOMT-004,S-IOMT-004-108,RESEARCH,EP-IND-01105
NET-01106,2026-01-01 02:47:23+00:00,0,IOMT-014,S-IOMT-014-109,EHR_READ,EP-IND-01106
NET-01107,2026-01-01 02:47:31+00:00,0,IOMT-040,S-IOMT-040-110,IMAGING,EP-IND-01107
NET-01108,2026-01-01 02:47:32+00:00,0,IOMT-000,S-IOMT-000-111,IMAGING,EP-IND-01108
NET-01109,2026-01-01 02:47:43+00:00,0,IOMT-011,S-IOMT-011-112,IMAGING,EP-IND-01109
NET-01110,2026-01-01 02:47:52+00:00,0,IOMT-008,S-IOMT-008-113,RESEARCH,EP-IND-01110
NET-01111,2026-01-01 02:47:56+00:00,0,IOMT-031,S-IOMT-031-114,RESEARCH,EP-IND-01111
NET-01112,2026-01-01 02:48:06+00:00,0,IOMT-034,S-IOMT-034-115,IMAGING,EP-IND-01112
NET-01113,2026-01-01 02:48:16+00:00,0,IOMT-007,S-IOMT-007-116,EHR_WRITE,EP-IND-01113
NET-01114,2026-01-01 02:48:21+00:00,0,IOMT-017,S-IOMT-017-117,EHR_WRITE,EP-IND-01114
NET-01115,2026-01-01 02:48:24+00:00,0,IOMT-004,S-IOMT-004-118,RESEARCH,EP-IND-01115
NET-01116,2026-01-01 02:48:30+00:00,0,IOMT-037,S-IOMT-037-119,IMAGING,EP-IND-01116
NET-01117,2026-01-01 02:48:31+00:00,0,IOMT-015,S-IOMT-015-120,EHR_READ,EP-IND-01117
NET-01118,2026-01-01 02:48:34+00:00,0,IOMT-023,S-IOMT-023-121,LAB_RESULTS,EP-IND-01118
NET-01119,2026-01-01 02:48:52+00:00,0,IOMT-035,S-IOMT-035-122,LAB_RESULTS,EP-IND-01119
NET-01120,2026-01-01 02:49:13+00:00,0,IOMT-035,S-IOMT-035-123,EHR_WRITE,EP-IND-01120
NET-01121,2026-01-01 02:49:27+00:00,0,IOMT-028,S-IOMT-028-124,EHR_WRITE,EP-IND-01121
NET-01122,2026-01-01 02:49:44+00:00,0,IOMT-046,S-IOMT-046-125,EHR_WRITE,EP-IND-01122
NET-01123,2026-01-01 02:50:05+00:00,0,IOMT-045,S-IOMT-045-126,LAB_RESULTS,EP-IND-01123
NET-01124,2026-01-01 02:50:17+00:00,0,IOMT-027,S-IOMT-027-127,EHR_WRITE,EP-IND-01124
NET-01125,2026-01-01 02:50:31+00:00,0,IOMT-018,S-IOMT-018-128,IMAGING,EP-IND-01125
NET-01126,2026-01-01 02:50:37+00:00,0,IOMT-005,S-IOMT-005-129,LAB_RESULTS,EP-IND-01126
NET-01127,2026-01-01 02:50:38+00:00,0,IOMT-025,S-IOMT-025-130,RESEARCH,EP-IND-01127
NET-01128,2026-01-01 02:51:04+00:00,0,IOMT-047,S-IOMT-047-131,EHR_WRITE,EP-IND-01128
NET-01129,2026-01-01 02:51:15+00:00,0,IOMT-003,S-IOMT-003-132,IMAGING,EP-IND-01129
NET-01130,2026-01-01 02:51:16+00:00,0,IOMT-017,S-IOMT-017-133,LAB_RESULTS,EP-IND-01130
NET-01131,2026-01-01 02:51:17+00:00,0,IOMT-039,S-IOMT-039-134,IMAGING,EP-IND-01131
NET-01132,2026-01-01 02:51:18+00:00,0,IOMT-022,S-IOMT-022-135,EHR_WRITE,EP-IND-01132
NET-01133,2026-01-01 02:51:39+00:00,0,IOMT-014,S-IOMT-014-136,RESEARCH,EP-IND-01133
NET-01134,2026-01-01 02:51:48+00:00,1,IOMT-024,S-IOMT-024-137,EHR_READ,EP-IND-01134
NET-01135,2026-01-01 02:52:02+00:00,0,IOMT-006,S-IOMT-006-138,EHR_WRITE,EP-IND-01135
NET-01136,2026-01-01 02:52:02+00:00,0,IOMT-041,S-IOMT-041-139,EHR_READ,EP-IND-01136
NET-01137,2026-01-01 02:52:10+00:00,0,IOMT-030,S-IOMT-030-140,IMAGING,EP-IND-01137
NET-01138,2026-01-01 02:53:04+00:00,0,IOMT-006,S-IOMT-006-141,IMAGING,EP-IND-01138
NET-01139,2026-01-01 02:53:05+00:00,1,IOMT-021,S-IOMT-021-142,LAB_RESULTS,EP-IND-01139
NET-01140,2026-01-01 02:53:15+00:00,0,IOMT-048,S-IOMT-048-143,EHR_READ,EP-IND-01140
NET-01141,2026-01-01 02:53:18+00:00,0,IOMT-008,S-IOMT-008-144,LAB_RESULTS,EP-IND-01141
NET-01142,2026-01-01 02:53:20+00:00,0,IOMT-010,S-IOMT-010-145,EHR_WRITE,EP-IND-01142
NET-01143,2026-01-01 02:53:30+00:00,0,IOMT-045,S-IOMT-045-146,EHR_READ,EP-IND-01143
NET-01144,2026-01-01 02:54:02+00:00,0,IOMT-021,S-IOMT-021-147,LAB_RESULTS,EP-IND-01144
NET-01145,2026-01-01 02:54:07+00:00,0,IOMT-000,S-IOMT-000-148,LAB_RESULTS,EP-IND-01145
NET-01146,2026-01-01 02:54:08+00:00,1,IOMT-038,S-IOMT-038-149,IMAGING,EP-IND-01146
NET-01147,2026-01-01 02:54:16+00:00,0,IOMT-043,S-IOMT-043-150,RESEARCH,EP-IND-01147
NET-01148,2026-01-01 02:54:25+00:00,0,IOMT-029,S-IOMT-029-151,EHR_READ,EP-IND-01148
NET-01149,2026-01-01 02:54:33+00:00,0,IOMT-045,S-IOMT-045-152,LAB_RESULTS,EP-IND-01149
NET-01150,2026-01-01 02:54:34+00:00,0,IOMT-025,S-IOMT-025-153,EHR_READ,EP-IND-01150
NET-01151,2026-01-01 02:54:37+00:00,0,IOMT-005,S-IOMT-005-154,RESEARCH,EP-IND-01151
NET-01152,2026-01-01 02:54:39+00:00,0,IOMT-048,S-IOMT-048-155,RESEARCH,EP-IND-01152
NET-01153,2026-01-01 02:54:39+00:00,0,IOMT-017,S-IOMT-017-156,LAB_RESULTS,EP-IND-01153
NET-01154,2026-01-01 02:54:42+00:00,0,IOMT-012,S-IOMT-012-157,IMAGING,EP-IND-01154
NET-01155,2026-01-01 02:55:12+00:00,0,IOMT-021,S-IOMT-021-158,LAB_RESULTS,EP-IND-01155
NET-01156,2026-01-01 02:55:16+00:00,0,IOMT-024,S-IOMT-024-159,EHR_WRITE,EP-IND-01156
NET-01157,2026-01-01 02:55:23+00:00,1,IOMT-000,S-IOMT-000-160,EHR_WRITE,EP-IND-01157
NET-01158,2026-01-01 02:55:44+00:00,0,IOMT-026,S-IOMT-026-161,RESEARCH,EP-IND-01158
NET-01159,2026-01-01 02:55:46+00:00,0,IOMT-010,S-IOMT-010-162,LAB_RESULTS,EP-IND-01159
NET-01160,2026-01-01 02:55:54+00:00,0,IOMT-021,S-IOMT-021-163,LAB_RESULTS,EP-IND-01160
NET-01161,2026-01-01 02:56:10+00:00,0,IOMT-046,S-IOMT-046-164,EHR_WRITE,EP-IND-01161
NET-01162,2026-01-01 02:56:11+00:00,0,IOMT-037,S-IOMT-037-165,LAB_RESULTS,EP-IND-01162
NET-01163,2026-01-01 02:56:21+00:00,0,IOMT-033,S-IOMT-033-166,EHR_READ,EP-IND-01163
NET-01164,2026-01-01 02:56:34+00:00,0,IOMT-009,S-IOMT-009-167,EHR_READ,EP-IND-01164
NET-01165,2026-01-01 02:56:47+00:00,0,IOMT-015,S-IOMT-015-168,IMAGING,EP-IND-01165
NET-01166,2026-01-01 02:57:06+00:00,0,IOMT-007,S-IOMT-007-169,EHR_READ,EP-IND-01166
NET-01167,2026-01-01 02:57:12+00:00,0,IOMT-041,S-IOMT-041-170,IMAGING,EP-IND-01167
NET-01168,2026-01-01 02:57:22+00:00,0,IOMT-029,S-IOMT-029-171,RESEARCH,EP-IND-01168
NET-01169,2026-01-01 02:57:30+00:00,0,IOMT-008,S-IOMT-008-172,IMAGING,EP-IND-01169
NET-01170,2026-01-01 02:57:33+00:00,0,IOMT-035,S-IOMT-035-173,IMAGING,EP-IND-01170
NET-01171,2026-01-01 02:57:37+00:00,0,IOMT-047,S-IOMT-047-174,RESEARCH,EP-IND-01171
NET-01172,2026-01-01 02:57:53+00:00,0,IOMT-004,S-IOMT-004-175,RESEARCH,EP-IND-01172
NET-01173,2026-01-01 02:58:06+00:00,0,IOMT-037,S-IOMT-037-176,LAB_RESULTS,EP-IND-01173
NET-01174,2026-01-01 02:58:25+00:00,0,IOMT-046,S-IOMT-046-177,EHR_READ,EP-IND-01174
NET-01175,2026-01-01 02:58:27+00:00,0,IOMT-042,S-IOMT-042-178,EHR_READ,EP-IND-01175
NET-01176,2026-01-01 02:58:31+00:00,0,IOMT-012,S-IOMT-012-179,IMAGING,EP-IND-01176
NET-01177,2026-01-01 02:58:33+00:00,0,IOMT-044,S-IOMT-044-180,LAB_RESULTS,EP-IND-01177
NET-01178,2026-01-01 02:58:50+00:00,0,IOMT-022,S-IOMT-022-181,RESEARCH,EP-IND-01178
NET-01179,2026-01-01 02:58:58+00:00,0,IOMT-044,S-IOMT-044-182,EHR_READ,EP-IND-01179
NET-01180,2026-01-01 02:59:00+00:00,0,IOMT-022,S-IOMT-022-183,EHR_READ,EP-IND-01180
NET-01181,2026-01-01 02:59:02+00:00,0,IOMT-036,S-IOMT-036-184,EHR_WRITE,EP-IND-01181
NET-01182,2026-01-01 02:59:22+00:00,0,IOMT-031,S-IOMT-031-185,LAB_RESULTS,EP-IND-01182
NET-01183,2026-01-01 02:59:26+00:00,0,IOMT-018,S-IOMT-018-186,LAB_RESULTS,EP-IND-01183
NET-01184,2026-01-01 02:59:30+00:00,0,IOMT-004,S-IOMT-004-187,LAB_RESULTS,EP-IND-01184
NET-01185,2026-01-01 02:59:40+00:00,0,IOMT-006,S-IOMT-006-188,RESEARCH,EP-IND-01185
NET-01186,2026-01-01 02:59:49+00:00,0,IOMT-016,S-IOMT-016-189,LAB_RESULTS,EP-IND-01186
NET-01187,2026-01-01 02:59:59+00:00,0,IOMT-038,S-IOMT-038-190,IMAGING,EP-IND-01187
NET-01188,2026-01-01 03:00:12+00:00,1,IOMT-016,S-IOMT-016-191,EHR_READ,EP-IND-01188
NET-01189,2026-01-01 03:00:18+00:00,0,IOMT-035,S-IOMT-035-192,EHR_WRITE,EP-IND-01189
NET-01190,2026-01-01 03:00:18+00:00,0,IOMT-042,S-IOMT-042-193,IMAGING,EP-IND-01190
NET-01191,2026-01-01 03:00:22+00:00,0,IOMT-018,S-IOMT-018-194,LAB_RESULTS,EP-IND-01191
NET-01192,2026-01-01 03:00:26+00:00,0,IOMT-008,S-IOMT-008-195,EHR_WRITE,EP-IND-01192
NET-01193,2026-01-01 03:00:46+00:00,0,IOMT-017,S-IOMT-017-196,LAB_RESULTS,EP-IND-01193
NET-01194,2026-01-01 03:01:00+00:00,0,IOMT-005,S-IOMT-005-197,IMAGING,EP-IND-01194
NET-01195,2026-01-01 03:01:17+00:00,0,IOMT-044,S-IOMT-044-198,EHR_READ,EP-IND-01195
NET-01196,2026-01-01 03:01:18+00:00,0,IOMT-045,S-IOMT-045-199,RESEARCH,EP-IND-01196
NET-01197,2026-01-01 03:01:26+00:00,0,IOMT-039,S-IOMT-039-200,RESEARCH,EP-IND-01197
NET-01198,2026-01-01 03:01:28+00:00,0,IOMT-042,S-IOMT-042-201,LAB_RESULTS,EP-IND-01198
NET-01199,2026-01-01 03:01:33+00:00,0,IOMT-021,S-IOMT-021-202,IMAGING,EP-IND-01199
NET-01200,2026-01-01 03:01:41+00:00,0,IOMT-019,S-IOMT-019-203,EHR_WRITE,EP-IND-01200
NET-01201,2026-01-01 03:01:45+00:00,0,IOMT-002,S-IOMT-002-204,IMAGING,EP-IND-01201
NET-01202,2026-01-01 03:01:45+00:00,0,IOMT-013,S-IOMT-013-205,IMAGING,EP-IND-01202
NET-01203,2026-01-01 03:02:17+00:00,0,IOMT-049,S-IOMT-049-206,RESEARCH,EP-IND-01203
NET-01204,2026-01-01 03:02:19+00:00,0,IOMT-039,S-IOMT-039-207,EHR_WRITE,EP-IND-01204
NET-01205,2026-01-01 03:02:19+00:00,0,IOMT-037,S-IOMT-037-208,RESEARCH,EP-IND-01205
NET-01206,2026-01-01 03:02:33+00:00,0,IOMT-048,S-IOMT-048-209,EHR_WRITE,EP-IND-01206
NET-01207,2026-01-01 03:02:41+00:00,1,IOMT-035,S-IOMT-035-210,EHR_READ,EP-IND-01207
NET-01208,2026-01-01 03:03:09+00:00,0,IOMT-032,S-IOMT-032-211,RESEARCH,EP-IND-01208
NET-01209,2026-01-01 03:03:20+00:00,0,IOMT-002,S-IOMT-002-212,LAB_RESULTS,EP-IND-01209
NET-01210,2026-01-01 03:03:28+00:00,0,IOMT-033,S-IOMT-033-213,RESEARCH,EP-IND-01210
NET-01211,2026-01-01 03:03:34+00:00,0,IOMT-039,S-IOMT-039-214,LAB_RESULTS,EP-IND-01211
NET-01212,2026-01-01 03:03:44+00:00,0,IOMT-023,S-IOMT-023-215,EHR_WRITE,EP-IND-01212
NET-01213,2026-01-01 03:03:54+00:00,0,IOMT-019,S-IOMT-019-216,RESEARCH,EP-IND-01213
NET-01214,2026-01-01 03:03:57+00:00,0,IOMT-017,S-IOMT-017-217,IMAGING,EP-IND-01214
NET-01215,2026-01-01 03:04:24+00:00,0,IOMT-041,S-IOMT-041-218,LAB_RESULTS,EP-IND-01215
NET-01216,2026-01-01 03:05:11+00:00,0,IOMT-044,S-IOMT-044-219,LAB_RESULTS,EP-IND-01216
NET-01217,2026-01-01 03:05:14+00:00,0,IOMT-018,S-IOMT-018-220,IMAGING,EP-IND-01217
NET-01218,2026-01-01 03:05:17+00:00,0,IOMT-026,S-IOMT-026-221,RESEARCH,EP-IND-01218
NET-01219,2026-01-01 03:05:36+00:00,0,IOMT-002,S-IOMT-002-222,EHR_READ,EP-IND-01219
NET-01220,2026-01-01 03:05:43+00:00,0,IOMT-008,S-IOMT-008-223,RESEARCH,EP-IND-01220
NET-01221,2026-01-01 03:05:44+00:00,0,IOMT-011,S-IOMT-011-224,LAB_RESULTS,EP-IND-01221
NET-01222,2026-01-01 03:05:46+00:00,0,IOMT-046,S-IOMT-046-225,EHR_WRITE,EP-IND-01222
NET-01223,2026-01-01 03:05:51+00:00,0,IOMT-032,S-IOMT-032-226,IMAGING,EP-IND-01223
NET-01224,2026-01-01 03:05:54+00:00,1,IOMT-006,S-IOMT-006-227,IMAGING,EP-IND-01224
NET-01225,2026-01-01 03:06:03+00:00,0,IOMT-016,S-IOMT-016-228,RESEARCH,EP-IND-01225
NET-01226,2026-01-01 03:06:05+00:00,0,IOMT-010,S-IOMT-010-229,EHR_READ,EP-IND-01226
NET-01227,2026-01-01 03:06:34+00:00,0,IOMT-015,S-IOMT-015-230,IMAGING,EP-IND-01227
NET-01228,2026-01-01 03:07:06+00:00,0,IOMT-014,S-IOMT-014-231,EHR_WRITE,EP-IND-01228
NET-01229,2026-01-01 03:07:07+00:00,0,IOMT-008,S-IOMT-008-232,RESEARCH,EP-IND-01229
NET-01230,2026-01-01 03:07:25+00:00,0,IOMT-049,S-IOMT-049-233,EHR_READ,EP-IND-01230
NET-01231,2026-01-01 03:07:30+00:00,0,IOMT-029,S-IOMT-029-234,EHR_WRITE,EP-IND-01231
NET-01232,2026-01-01 03:07:43+00:00,0,IOMT-037,S-IOMT-037-235,IMAGING,EP-IND-01232
NET-01233,2026-01-01 03:08:02+00:00,0,IOMT-030,S-IOMT-030-236,EHR_READ,EP-IND-01233
NET-01234,2026-01-01 03:08:03+00:00,0,IOMT-021,S-IOMT-021-237,RESEARCH,EP-IND-01234
NET-01235,2026-01-01 03:08:12+00:00,0,IOMT-011,S-IOMT-011-238,RESEARCH,EP-IND-01235
NET-01236,2026-01-01 03:08:13+00:00,0,IOMT-003,S-IOMT-003-239,IMAGING,EP-IND-01236
NET-01237,2026-01-01 03:08:16+00:00,0,IOMT-036,S-IOMT-036-240,LAB_RESULTS,EP-IND-01237
NET-01238,2026-01-01 03:08:18+00:00,0,IOMT-024,S-IOMT-024-241,EHR_READ,EP-IND-01238
NET-01239,2026-01-01 03:08:29+00:00,0,IOMT-002,S-IOMT-002-242,LAB_RESULTS,EP-IND-01239
NET-01240,2026-01-01 03:08:37+00:00,0,IOMT-035,S-IOMT-035-243,EHR_WRITE,EP-IND-01240
NET-01241,2026-01-01 03:08:49+00:00,0,IOMT-030,S-IOMT-030-244,RESEARCH,EP-IND-01241
NET-01242,2026-01-01 03:08:51+00:00,0,IOMT-043,S-IOMT-043-245,LAB_RESULTS,EP-IND-01242
NET-01243,2026-01-01 03:08:52+00:00,0,IOMT-020,S-IOMT-020-246,LAB_RESULTS,EP-IND-01243
NET-01244,2026-01-01 03:09:00+00:00,0,IOMT-038,S-IOMT-038-247,EHR_WRITE,EP-IND-01244
NET-01245,2026-01-01 03:09:03+00:00,0,IOMT-000,S-IOMT-000-248,EHR_READ,EP-IND-01245
NET-01246,2026-01-01 03:09:11+00:00,0,IOMT-019,S-IOMT-019-249,EHR_WRITE,EP-IND-01246
NET-01247,2026-01-01 03:09:31+00:00,0,IOMT-015,S-IOMT-015-250,EHR_READ,EP-IND-01247
NET-01248,2026-01-01 03:09:34+00:00,0,IOMT-039,S-IOMT-039-251,RESEARCH,EP-IND-01248
NET-01249,2026-01-01 03:09:35+00:00,0,IOMT-040,S-IOMT-040-252,EHR_WRITE,EP-IND-01249
NET-01250,2026-01-01 03:10:15+00:00,0,IOMT-035,S-IOMT-035-253,RESEARCH,EP-IND-01250
NET-01251,2026-01-01 03:10:21+00:00,0,IOMT-033,S-IOMT-033-254,IMAGING,EP-IND-01251
NET-01252,2026-01-01 03:10:32+00:00,0,IOMT-046,S-IOMT-046-255,EHR_WRITE,EP-IND-01252
NET-01253,2026-01-01 03:10:44+00:00,0,IOMT-048,S-IOMT-048-256,EHR_READ,EP-IND-01253
NET-01254,2026-01-01 03:10:48+00:00,0,IOMT-008,S-IOMT-008-257,RESEARCH,EP-IND-01254
NET-01255,2026-01-01 03:11:01+00:00,0,IOMT-037,S-IOMT-037-258,LAB_RESULTS,EP-IND-01255
NET-01256,2026-01-01 03:11:04+00:00,0,IOMT-033,S-IOMT-033-259,LAB_RESULTS,EP-IND-01256
NET-01257,2026-01-01 03:11:04+00:00,0,IOMT-024,S-IOMT-024-260,IMAGING,EP-IND-01257
NET-01258,2026-01-01 03:11:05+00:00,0,IOMT-042,S-IOMT-042-261,LAB_RESULTS,EP-IND-01258
NET-01259,2026-01-01 03:11:18+00:00,0,IOMT-036,S-IOMT-036-262,RESEARCH,EP-IND-01259
NET-01260,2026-01-01 03:11:42+00:00,0,IOMT-041,S-IOMT-041-263,LAB_RESULTS,EP-IND-01260
NET-01261,2026-01-01 03:11:45+00:00,0,IOMT-001,S-IOMT-001-264,IMAGING,EP-IND-01261
NET-01262,2026-01-01 03:11:52+00:00,0,IOMT-006,S-IOMT-006-265,LAB_RESULTS,EP-IND-01262
NET-01263,2026-01-01 03:12:01+00:00,1,IOMT-000,S-IOMT-000-266,RESEARCH,EP-IND-01263
NET-01264,2026-01-01 03:12:10+00:00,0,IOMT-044,S-IOMT-044-267,EHR_WRITE,EP-IND-01264
NET-01265,2026-01-01 03:12:27+00:00,0,IOMT-040,S-IOMT-040-268,EHR_WRITE,EP-IND-01265
NET-01266,2026-01-01 03:12:35+00:00,0,IOMT-027,S-IOMT-027-269,LAB_RESULTS,EP-IND-01266
NET-01267,2026-01-01 03:12:45+00:00,0,IOMT-016,S-IOMT-016-270,IMAGING,EP-IND-01267
NET-01268,2026-01-01 03:12:56+00:00,0,IOMT-021,S-IOMT-021-271,IMAGING,EP-IND-01268
NET-01269,2026-01-01 03:12:59+00:00,0,IOMT-019,S-IOMT-019-272,EHR_WRITE,EP-IND-01269
NET-01270,2026-01-01 03:13:13+00:00,0,IOMT-043,S-IOMT-043-273,EHR_WRITE,EP-IND-01270
NET-01271,2026-01-01 03:13:16+00:00,0,IOMT-048,S-IOMT-048-274,IMAGING,EP-IND-01271
NET-01272,2026-01-01 03:13:17+00:00,0,IOMT-040,S-IOMT-040-275,RESEARCH,EP-IND-01272
NET-01273,2026-01-01 03:13:20+00:00,0,IOMT-021,S-IOMT-021-276,LAB_RESULTS,EP-IND-01273
NET-01274,2026-01-01 03:13:25+00:00,0,IOMT-024,S-IOMT-024-277,EHR_READ,EP-IND-01274
NET-01275,2026-01-01 03:13:30+00:00,1,IOMT-047,S-IOMT-047-278,EHR_WRITE,EP-IND-01275
NET-01276,2026-01-01 03:13:35+00:00,1,IOMT-034,S-IOMT-034-279,EHR_WRITE,EP-IND-01276
NET-01277,2026-01-01 03:13:37+00:00,0,IOMT-012,S-IOMT-012-280,RESEARCH,EP-IND-01277
NET-01278,2026-01-01 03:13:46+00:00,0,IOMT-029,S-IOMT-029-281,EHR_WRITE,EP-IND-01278
NET-01279,2026-01-01 03:13:56+00:00,0,IOMT-039,S-IOMT-039-282,IMAGING,EP-IND-01279
NET-01280,2026-01-01 03:14:02+00:00,0,IOMT-008,S-IOMT-008-283,LAB_RESULTS,EP-IND-01280
NET-01281,2026-01-01 03:14:05+00:00,0,IOMT-002,S-IOMT-002-284,RESEARCH,EP-IND-01281
NET-01282,2026-01-01 03:14:14+00:00,0,IOMT-041,S-IOMT-041-285,RESEARCH,EP-IND-01282
NET-01283,2026-01-01 03:14:20+00:00,1,IOMT-041,S-IOMT-041-286,EHR_READ,EP-IND-01283
NET-01284,2026-01-01 03:14:23+00:00,0,IOMT-049,S-IOMT-049-287,RESEARCH,EP-IND-01284
NET-01285,2026-01-01 03:14:24+00:00,0,IOMT-004,S-IOMT-004-288,IMAGING,EP-IND-01285
NET-01286,2026-01-01 03:14:26+00:00,0,IOMT-035,S-IOMT-035-289,IMAGING,EP-IND-01286
NET-01287,2026-01-01 03:14:32+00:00,0,IOMT-037,S-IOMT-037-290,LAB_RESULTS,EP-IND-01287
NET-01288,2026-01-01 03:14:41+00:00,0,IOMT-041,S-IOMT-041-291,EHR_READ,EP-IND-01288
NET-01289,2026-01-01 03:14:41+00:00,0,IOMT-001,S-IOMT-001-292,EHR_WRITE,EP-IND-01289
NET-01290,2026-01-01 03:14:42+00:00,0,IOMT-039,S-IOMT-039-293,RESEARCH,EP-IND-01290
NET-01291,2026-01-01 03:14:42+00:00,0,IOMT-009,S-IOMT-009-294,RESEARCH,EP-IND-01291
NET-01292,2026-01-01 03:15:01+00:00,0,IOMT-009,S-IOMT-009-295,EHR_WRITE,EP-IND-01292
NET-01293,2026-01-01 03:15:08+00:00,0,IOMT-049,S-IOMT-049-296,RESEARCH,EP-IND-01293
NET-01294,2026-01-01 03:15:16+00:00,0,IOMT-011,S-IOMT-011-297,IMAGING,EP-IND-01294
NET-01295,2026-01-01 03:15:35+00:00,0,IOMT-034,S-IOMT-034-298,EHR_WRITE,EP-IND-01295
NET-01296,2026-01-01 03:15:42+00:00,1,IOMT-033,S-IOMT-033-299,EHR_WRITE,EP-IND-01296
NET-01297,2026-01-01 03:15:43+00:00,0,IOMT-014,S-IOMT-014-300,EHR_READ,EP-IND-01297
NET-01298,2026-01-01 03:15:46+00:00,0,IOMT-022,S-IOMT-022-301,IMAGING,EP-IND-01298
NET-01299,2026-01-01 03:15:56+00:00,0,IOMT-043,S-IOMT-043-302,IMAGING,EP-IND-01299
NET-01300,2026-01-01 03:15:57+00:00,0,IOMT-046,S-IOMT-046-303,EHR_WRITE,EP-IND-01300
NET-01301,2026-01-01 03:16:07+00:00,0,IOMT-010,S-IOMT-010-304,RESEARCH,EP-IND-01301
NET-01302,2026-01-01 03:16:15+00:00,0,IOMT-045,S-IOMT-045-305,RESEARCH,EP-IND-01302
NET-01303,2026-01-01 03:16:31+00:00,0,IOMT-035,S-IOMT-035-306,EHR_WRITE,EP-IND-01303
NET-01304,2026-01-01 03:16:32+00:00,1,IOMT-025,S-IOMT-025-307,EHR_READ,EP-IND-01304
NET-01305,2026-01-01 03:16:34+00:00,0,IOMT-015,S-IOMT-015-308,EHR_WRITE,EP-IND-01305
NET-01306,2026-01-01 03:16:40+00:00,0,IOMT-042,S-IOMT-042-309,EHR_READ,EP-IND-01306
NET-01307,2026-01-01 03:17:13+00:00,0,IOMT-034,S-IOMT-034-310,RESEARCH,EP-IND-01307
NET-01308,2026-01-01 03:17:24+00:00,0,IOMT-017,S-IOMT-017-311,EHR_WRITE,EP-IND-01308
NET-01309,2026-01-01 03:17:34+00:00,0,IOMT-049,S-IOMT-049-312,LAB_RESULTS,EP-IND-01309
NET-01310,2026-01-01 03:17:38+00:00,1,IOMT-042,S-IOMT-042-313,EHR_WRITE,EP-IND-01310
NET-01311,2026-01-01 03:17:40+00:00,0,IOMT-017,S-IOMT-017-314,RESEARCH,EP-IND-01311
NET-01312,2026-01-01 03:17:49+00:00,0,IOMT-048,S-IOMT-048-315,LAB_RESULTS,EP-IND-01312
NET-01313,2026-01-01 03:18:01+00:00,0,IOMT-026,S-IOMT-026-316,IMAGING,EP-IND-01313
NET-01314,2026-01-01 03:18:05+00:00,0,IOMT-032,S-IOMT-032-317,RESEARCH,EP-IND-01314
NET-01315,2026-01-01 03:18:07+00:00,0,IOMT-039,S-IOMT-039-318,EHR_READ,EP-IND-01315
NET-01316,2026-01-01 03:18:10+00:00,0,IOMT-044,S-IOMT-044-319,RESEARCH,EP-IND-01316
NET-01317,2026-01-01 03:18:15+00:00,0,IOMT-040,S-IOMT-040-320,IMAGING,EP-IND-01317
NET-01318,2026-01-01 03:18:15+00:00,0,IOMT-003,S-IOMT-003-321,IMAGING,EP-IND-01318
NET-01319,2026-01-01 03:18:41+00:00,0,IOMT-005,S-IOMT-005-322,EHR_READ,EP-IND-01319
NET-01320,2026-01-01 03:18:59+00:00,0,IOMT-040,S-IOMT-040-323,IMAGING,EP-IND-01320
NET-01321,2026-01-01 03:19:18+00:00,0,IOMT-020,S-IOMT-020-324,IMAGING,EP-IND-01321
NET-01322,2026-01-01 03:19:48+00:00,0,IOMT-041,S-IOMT-041-325,EHR_READ,EP-IND-01322
NET-01323,2026-01-01 03:19:49+00:00,0,IOMT-000,S-IOMT-000-326,EHR_READ,EP-IND-01323
NET-01324,2026-01-01 03:19:51+00:00,0,IOMT-009,S-IOMT-009-327,IMAGING,EP-IND-01324
NET-01325,2026-01-01 03:19:55+00:00,0,IOMT-041,S-IOMT-041-328,IMAGING,EP-IND-01325
NET-01326,2026-01-01 03:20:06+00:00,0,IOMT-048,S-IOMT-048-329,EHR_READ,EP-IND-01326
NET-01327,2026-01-01 03:20:06+00:00,0,IOMT-042,S-IOMT-042-330,EHR_READ,EP-IND-01327
NET-01328,2026-01-01 03:20:09+00:00,0,IOMT-047,S-IOMT-047-331,EHR_READ,EP-IND-01328
NET-01329,2026-01-01 03:21:01+00:00,0,IOMT-005,S-IOMT-005-332,EHR_WRITE,EP-IND-01329
NET-01330,2026-01-01 03:21:10+00:00,0,IOMT-011,S-IOMT-011-333,RESEARCH,EP-IND-01330
NET-01331,2026-01-01 03:21:14+00:00,0,IOMT-036,S-IOMT-036-334,EHR_READ,EP-IND-01331
NET-01332,2026-01-01 03:21:35+00:00,0,IOMT-038,S-IOMT-038-335,RESEARCH,EP-IND-01332
NET-01333,2026-01-01 03:21:42+00:00,0,IOMT-011,S-IOMT-011-336,EHR_WRITE,EP-IND-01333
NET-01334,2026-01-01 03:21:47+00:00,0,IOMT-031,S-IOMT-031-337,RESEARCH,EP-IND-01334
NET-01335,2026-01-01 03:21:55+00:00,0,IOMT-008,S-IOMT-008-338,EHR_WRITE,EP-IND-01335
NET-01336,2026-01-01 03:22:07+00:00,0,IOMT-002,S-IOMT-002-339,EHR_WRITE,EP-IND-01336
NET-01337,2026-01-01 03:22:07+00:00,0,IOMT-029,S-IOMT-029-340,EHR_READ,EP-IND-01337
NET-01338,2026-01-01 03:22:16+00:00,0,IOMT-034,S-IOMT-034-341,EHR_READ,EP-IND-01338
NET-01339,2026-01-01 03:22:22+00:00,0,IOMT-027,S-IOMT-027-342,RESEARCH,EP-IND-01339
NET-01340,2026-01-01 03:22:29+00:00,0,IOMT-010,S-IOMT-010-343,RESEARCH,EP-IND-01340
NET-01341,2026-01-01 03:22:32+00:00,0,IOMT-005,S-IOMT-005-344,LAB_RESULTS,EP-IND-01341
NET-01342,2026-01-01 03:22:52+00:00,0,IOMT-016,S-IOMT-016-345,IMAGING,EP-IND-01342
NET-01343,2026-01-01 03:23:28+00:00,0,IOMT-008,S-IOMT-008-346,EHR_READ,EP-IND-01343
NET-01344,2026-01-01 03:23:56+00:00,0,IOMT-035,S-IOMT-035-347,EHR_READ,EP-IND-01344
NET-01345,2026-01-01 03:23:56+00:00,0,IOMT-043,S-IOMT-043-348,EHR_WRITE,EP-IND-01345
NET-01346,2026-01-01 03:23:57+00:00,0,IOMT-015,S-IOMT-015-349,EHR_READ,EP-IND-01346
NET-01347,2026-01-01 03:24:08+00:00,0,IOMT-021,S-IOMT-021-350,RESEARCH,EP-IND-01347
NET-01348,2026-01-01 03:24:15+00:00,0,IOMT-032,S-IOMT-032-351,RESEARCH,EP-IND-01348
NET-01349,2026-01-01 03:24:27+00:00,1,IOMT-006,S-IOMT-006-352,EHR_WRITE,EP-IND-01349
NET-01350,2026-01-01 03:24:28+00:00,0,IOMT-035,S-IOMT-035-353,LAB_RESULTS,EP-IND-01350
NET-01351,2026-01-01 03:24:32+00:00,0,IOMT-040,S-IOMT-040-354,IMAGING,EP-IND-01351
NET-01352,2026-01-01 03:24:48+00:00,0,IOMT-016,S-IOMT-016-355,EHR_WRITE,EP-IND-01352
NET-01353,2026-01-01 03:24:53+00:00,0,IOMT-037,S-IOMT-037-356,RESEARCH,EP-IND-01353
NET-01354,2026-01-01 03:24:54+00:00,0,IOMT-029,S-IOMT-029-357,RESEARCH,EP-IND-01354
NET-01355,2026-01-01 03:24:54+00:00,0,IOMT-010,S-IOMT-010-358,EHR_WRITE,EP-IND-01355
NET-01356,2026-01-01 03:24:58+00:00,0,IOMT-036,S-IOMT-036-359,IMAGING,EP-IND-01356
NET-01357,2026-01-01 03:25:08+00:00,0,IOMT-027,S-IOMT-027-360,LAB_RESULTS,EP-IND-01357
NET-01358,2026-01-01 03:25:10+00:00,0,IOMT-027,S-IOMT-027-361,EHR_WRITE,EP-IND-01358
NET-01359,2026-01-01 03:25:23+00:00,0,IOMT-038,S-IOMT-038-362,IMAGING,EP-IND-01359
NET-01360,2026-01-01 03:25:25+00:00,0,IOMT-027,S-IOMT-027-363,IMAGING,EP-IND-01360
NET-01361,2026-01-01 03:25:35+00:00,0,IOMT-006,S-IOMT-006-364,LAB_RESULTS,EP-IND-01361
NET-01362,2026-01-01 03:25:47+00:00,0,IOMT-015,S-IOMT-015-365,EHR_READ,EP-IND-01362
NET-01363,2026-01-01 03:25:55+00:00,0,IOMT-028,S-IOMT-028-366,EHR_WRITE,EP-IND-01363
NET-01364,2026-01-01 03:25:56+00:00,0,IOMT-006,S-IOMT-006-367,LAB_RESULTS,EP-IND-01364
NET-01365,2026-01-01 03:26:12+00:00,1,IOMT-033,S-IOMT-033-368,IMAGING,EP-IND-01365
NET-01366,2026-01-01 03:26:14+00:00,0,IOMT-006,S-IOMT-006-369,LAB_RESULTS,EP-IND-01366
NET-01367,2026-01-01 03:26:17+00:00,0,IOMT-010,S-IOMT-010-370,EHR_WRITE,EP-IND-01367
NET-01368,2026-01-01 03:26:20+00:00,0,IOMT-024,S-IOMT-024-371,EHR_WRITE,EP-IND-01368
NET-01369,2026-01-01 03:26:24+00:00,0,IOMT-013,S-IOMT-013-372,EHR_WRITE,EP-IND-01369
NET-01370,2026-01-01 03:26:28+00:00,0,IOMT-032,S-IOMT-032-373,EHR_READ,EP-IND-01370
NET-01371,2026-01-01 03:26:35+00:00,0,IOMT-009,S-IOMT-009-374,IMAGING,EP-IND-01371
NET-01372,2026-01-01 03:26:45+00:00,0,IOMT-007,S-IOMT-007-375,RESEARCH,EP-IND-01372
NET-01373,2026-01-01 03:26:59+00:00,0,IOMT-030,S-IOMT-030-376,RESEARCH,EP-IND-01373
NET-01374,2026-01-01 03:27:09+00:00,0,IOMT-021,S-IOMT-021-377,RESEARCH,EP-IND-01374
NET-01375,2026-01-01 03:27:11+00:00,0,IOMT-031,S-IOMT-031-378,EHR_READ,EP-IND-01375
NET-01376,2026-01-01 03:27:39+00:00,0,IOMT-016,S-IOMT-016-379,IMAGING,EP-IND-01376
NET-01377,2026-01-01 03:27:40+00:00,0,IOMT-008,S-IOMT-008-380,RESEARCH,EP-IND-01377
NET-01378,2026-01-01 03:27:41+00:00,0,IOMT-044,S-IOMT-044-381,EHR_WRITE,EP-IND-01378
NET-01379,2026-01-01 03:27:48+00:00,0,IOMT-023,S-IOMT-023-382,IMAGING,EP-IND-01379
NET-01380,2026-01-01 03:27:50+00:00,0,IOMT-029,S-IOMT-029-383,EHR_WRITE,EP-IND-01380
NET-01381,2026-01-01 03:27:54+00:00,0,IOMT-001,S-IOMT-001-384,RESEARCH,EP-IND-01381
NET-01382,2026-01-01 03:27:57+00:00,0,IOMT-044,S-IOMT-044-385,LAB_RESULTS,EP-IND-01382
NET-01383,2026-01-01 03:28:02+00:00,0,IOMT-002,S-IOMT-002-386,RESEARCH,EP-IND-01383
NET-01384,2026-01-01 03:28:07+00:00,0,IOMT-015,S-IOMT-015-387,RESEARCH,EP-IND-01384
NET-01385,2026-01-01 03:28:14+00:00,0,IOMT-007,S-IOMT-007-388,EHR_WRITE,EP-IND-01385
NET-01386,2026-01-01 03:28:24+00:00,0,IOMT-044,S-IOMT-044-389,LAB_RESULTS,EP-IND-01386
NET-01387,2026-01-01 03:28:24+00:00,0,IOMT-013,S-IOMT-013-390,EHR_WRITE,EP-IND-01387
NET-01388,2026-01-01 03:28:28+00:00,0,IOMT-014,S-IOMT-014-391,RESEARCH,EP-IND-01388
NET-01389,2026-01-01 03:28:29+00:00,0,IOMT-004,S-IOMT-004-392,IMAGING,EP-IND-01389
NET-01390,2026-01-01 03:28:36+00:00,0,IOMT-040,S-IOMT-040-393,EHR_WRITE,EP-IND-01390
NET-01391,2026-01-01 03:28:51+00:00,0,IOMT-044,S-IOMT-044-394,LAB_RESULTS,EP-IND-01391
NET-01392,2026-01-01 03:29:07+00:00,0,IOMT-034,S-IOMT-034-395,EHR_WRITE,EP-IND-01392
NET-01393,2026-01-01 03:29:21+00:00,0,IOMT-049,S-IOMT-049-396,RESEARCH,EP-IND-01393
NET-01394,2026-01-01 03:29:44+00:00,0,IOMT-026,S-IOMT-026-397,IMAGING,EP-IND-01394
NET-01395,2026-01-01 03:30:28+00:00,0,IOMT-001,S-IOMT-001-398,EHR_WRITE,EP-IND-01395
NET-01396,2026-01-01 03:30:41+00:00,0,IOMT-008,S-IOMT-008-399,IMAGING,EP-IND-01396
NET-01397,2026-01-01 03:30:45+00:00,0,IOMT-011,S-IOMT-011-400,RESEARCH,EP-IND-01397
NET-01398,2026-01-01 03:30:55+00:00,0,IOMT-021,S-IOMT-021-401,RESEARCH,EP-IND-01398
NET-01399,2026-01-01 03:31:00+00:00,0,IOMT-021,S-IOMT-021-402,RESEARCH,EP-IND-01399
NET-01400,2026-01-01 03:31:02+00:00,0,IOMT-007,S-IOMT-007-403,RESEARCH,EP-IND-01400
NET-01401,2026-01-01 03:31:06+00:00,0,IOMT-038,S-IOMT-038-404,IMAGING,EP-IND-01401
NET-01402,2026-01-01 03:31:09+00:00,0,IOMT-044,S-IOMT-044-405,IMAGING,EP-IND-01402
NET-01403,2026-01-01 03:31:10+00:00,0,IOMT-025,S-IOMT-025-406,EHR_WRITE,EP-IND-01403
NET-01404,2026-01-01 03:31:49+00:00,0,IOMT-007,S-IOMT-007-407,IMAGING,EP-IND-01404
NET-01405,2026-01-01 03:31:56+00:00,0,IOMT-016,S-IOMT-016-408,LAB_RESULTS,EP-IND-01405
NET-01406,2026-01-01 03:32:02+00:00,0,IOMT-034,S-IOMT-034-409,LAB_RESULTS,EP-IND-01406
NET-01407,2026-01-01 03:32:03+00:00,1,IOMT-019,S-IOMT-019-410,RESEARCH,EP-IND-01407
NET-01408,2026-01-01 03:32:29+00:00,0,IOMT-006,S-IOMT-006-411,LAB_RESULTS,EP-IND-01408
NET-01409,2026-01-01 03:32:43+00:00,0,IOMT-023,S-IOMT-023-412,EHR_READ,EP-IND-01409
NET-01410,2026-01-01 03:32:44+00:00,0,IOMT-033,S-IOMT-033-413,IMAGING,EP-IND-01410
NET-01411,2026-01-01 03:32:45+00:00,0,IOMT-007,S-IOMT-007-414,EHR_WRITE,EP-IND-01411
NET-01412,2026-01-01 03:32:45+00:00,0,IOMT-035,S-IOMT-035-415,EHR_WRITE,EP-IND-01412
NET-01413,2026-01-01 03:32:51+00:00,0,IOMT-008,S-IOMT-008-416,LAB_RESULTS,EP-IND-01413
NET-01414,2026-01-01 03:32:56+00:00,0,IOMT-021,S-IOMT-021-417,EHR_READ,EP-IND-01414
NET-01415,2026-01-01 03:32:59+00:00,0,IOMT-001,S-IOMT-001-418,RESEARCH,EP-IND-01415
NET-01416,2026-01-01 03:33:06+00:00,0,IOMT-029,S-IOMT-029-419,IMAGING,EP-IND-01416
NET-01417,2026-01-01 03:33:26+00:00,0,IOMT-008,S-IOMT-008-420,RESEARCH,EP-IND-01417
NET-01418,2026-01-01 03:33:27+00:00,0,IOMT-022,S-IOMT-022-421,RESEARCH,EP-IND-01418
NET-01419,2026-01-01 03:33:32+00:00,0,IOMT-014,S-IOMT-014-422,LAB_RESULTS,EP-IND-01419
NET-01420,2026-01-01 03:33:41+00:00,0,IOMT-032,S-IOMT-032-423,EHR_READ,EP-IND-01420
NET-01421,2026-01-01 03:33:42+00:00,0,IOMT-048,S-IOMT-048-424,EHR_WRITE,EP-IND-01421
NET-01422,2026-01-01 03:33:45+00:00,0,IOMT-010,S-IOMT-010-425,IMAGING,EP-IND-01422
NET-01423,2026-01-01 03:34:01+00:00,0,IOMT-026,S-IOMT-026-426,IMAGING,EP-IND-01423
NET-01424,2026-01-01 03:34:07+00:00,0,IOMT-005,S-IOMT-005-427,EHR_READ,EP-IND-01424
NET-01425,2026-01-01 03:34:14+00:00,0,IOMT-037,S-IOMT-037-428,LAB_RESULTS,EP-IND-01425
NET-01426,2026-01-01 03:34:15+00:00,0,IOMT-016,S-IOMT-016-429,LAB_RESULTS,EP-IND-01426
NET-01427,2026-01-01 03:34:23+00:00,0,IOMT-040,S-IOMT-040-430,LAB_RESULTS,EP-IND-01427
NET-01428,2026-01-01 03:34:32+00:00,0,IOMT-021,S-IOMT-021-431,IMAGING,EP-IND-01428
NET-01429,2026-01-01 03:34:50+00:00,0,IOMT-025,S-IOMT-025-432,EHR_READ,EP-IND-01429
NET-01430,2026-01-01 03:34:58+00:00,0,IOMT-017,S-IOMT-017-433,EHR_WRITE,EP-IND-01430
NET-01431,2026-01-01 03:35:00+00:00,0,IOMT-025,S-IOMT-025-434,IMAGING,EP-IND-01431
NET-01432,2026-01-01 03:35:23+00:00,0,IOMT-007,S-IOMT-007-435,EHR_WRITE,EP-IND-01432
NET-01433,2026-01-01 03:36:14+00:00,0,IOMT-014,S-IOMT-014-436,EHR_WRITE,EP-IND-01433
NET-01434,2026-01-01 03:36:15+00:00,0,IOMT-011,S-IOMT-011-437,EHR_WRITE,EP-IND-01434
NET-01435,2026-01-01 03:36:18+00:00,0,IOMT-042,S-IOMT-042-438,LAB_RESULTS,EP-IND-01435
NET-01436,2026-01-01 03:36:22+00:00,0,IOMT-045,S-IOMT-045-439,IMAGING,EP-IND-01436
NET-01437,2026-01-01 03:36:25+00:00,0,IOMT-022,S-IOMT-022-440,EHR_READ,EP-IND-01437
NET-01438,2026-01-01 03:36:45+00:00,0,IOMT-029,S-IOMT-029-441,RESEARCH,EP-IND-01438
NET-01439,2026-01-01 03:36:58+00:00,1,IOMT-029,S-IOMT-029-442,IMAGING,EP-IND-01439
NET-01440,2026-01-01 03:37:08+00:00,0,IOMT-017,S-IOMT-017-443,EHR_READ,EP-IND-01440
NET-01441,2026-01-01 03:37:21+00:00,0,IOMT-027,S-IOMT-027-444,EHR_WRITE,EP-IND-01441
NET-01442,2026-01-01 03:37:22+00:00,0,IOMT-019,S-IOMT-019-445,LAB_RESULTS,EP-IND-01442
NET-01443,2026-01-01 03:37:32+00:00,0,IOMT-013,S-IOMT-013-446,RESEARCH,EP-IND-01443
NET-01444,2026-01-01 03:38:07+00:00,0,IOMT-022,S-IOMT-022-447,LAB_RESULTS,EP-IND-01444
NET-01445,2026-01-01 03:38:31+00:00,1,IOMT-015,S-IOMT-015-448,EHR_WRITE,EP-IND-01445
NET-01446,2026-01-01 03:38:33+00:00,0,IOMT-016,S-IOMT-016-449,LAB_RESULTS,EP-IND-01446
NET-01447,2026-01-01 03:38:34+00:00,0,IOMT-032,S-IOMT-032-450,LAB_RESULTS,EP-IND-01447
NET-01448,2026-01-01 03:38:37+00:00,0,IOMT-008,S-IOMT-008-451,LAB_RESULTS,EP-IND-01448
NET-01449,2026-01-01 03:38:45+00:00,0,IOMT-010,S-IOMT-010-452,IMAGING,EP-IND-01449
NET-01450,2026-01-01 03:38:46+00:00,0,IOMT-038,S-IOMT-038-453,EHR_READ,EP-IND-01450
NET-01451,2026-01-01 03:38:47+00:00,0,IOMT-002,S-IOMT-002-454,RESEARCH,EP-IND-01451
NET-01452,2026-01-01 03:38:53+00:00,0,IOMT-008,S-IOMT-008-455,IMAGING,EP-IND-01452
NET-01453,2026-01-01 03:39:00+00:00,0,IOMT-047,S-IOMT-047-456,EHR_WRITE,EP-IND-01453
NET-01454,2026-01-01 03:39:05+00:00,0,IOMT-026,S-IOMT-026-457,EHR_WRITE,EP-IND-01454
NET-01455,2026-01-01 03:39:32+00:00,0,IOMT-026,S-IOMT-026-458,LAB_RESULTS,EP-IND-01455
NET-01456,2026-01-01 03:39:51+00:00,0,IOMT-035,S-IOMT-035-459,EHR_WRITE,EP-IND-01456
NET-01457,2026-01-01 03:39:53+00:00,0,IOMT-022,S-IOMT-022-460,IMAGING,EP-IND-01457
NET-01458,2026-01-01 03:40:02+00:00,0,IOMT-036,S-IOMT-036-461,LAB_RESULTS,EP-IND-01458
NET-01459,2026-01-01 03:40:09+00:00,0,IOMT-044,S-IOMT-044-462,LAB_RESULTS,EP-IND-01459
NET-01460,2026-01-01 03:40:17+00:00,0,IOMT-026,S-IOMT-026-463,LAB_RESULTS,EP-IND-01460
NET-01461,2026-01-01 03:40:22+00:00,0,IOMT-010,S-IOMT-010-464,EHR_WRITE,EP-IND-01461
NET-01462,2026-01-01 03:41:11+00:00,0,IOMT-013,S-IOMT-013-465,EHR_READ,EP-IND-01462
NET-01463,2026-01-01 03:41:14+00:00,0,IOMT-004,S-IOMT-004-466,IMAGING,EP-IND-01463
NET-01464,2026-01-01 03:41:25+00:00,0,IOMT-017,S-IOMT-017-467,IMAGING,EP-IND-01464
NET-01465,2026-01-01 03:41:28+00:00,0,IOMT-034,S-IOMT-034-468,EHR_WRITE,EP-IND-01465
NET-01466,2026-01-01 03:41:43+00:00,0,IOMT-043,S-IOMT-043-469,LAB_RESULTS,EP-IND-01466
NET-01467,2026-01-01 03:41:48+00:00,0,IOMT-025,S-IOMT-025-470,EHR_READ,EP-IND-01467
NET-01468,2026-01-01 03:41:50+00:00,0,IOMT-047,S-IOMT-047-471,IMAGING,EP-IND-01468
NET-01469,2026-01-01 03:42:19+00:00,0,IOMT-046,S-IOMT-046-472,EHR_WRITE,EP-IND-01469
NET-01470,2026-01-01 03:42:23+00:00,1,IOMT-035,S-IOMT-035-473,EHR_READ,EP-IND-01470
NET-01471,2026-01-01 03:42:25+00:00,0,IOMT-000,S-IOMT-000-474,EHR_WRITE,EP-IND-01471
NET-01472,2026-01-01 03:42:27+00:00,0,IOMT-008,S-IOMT-008-475,EHR_WRITE,EP-IND-01472
NET-01473,2026-01-01 03:42:31+00:00,0,IOMT-040,S-IOMT-040-476,EHR_READ,EP-IND-01473
NET-01474,2026-01-01 03:42:39+00:00,0,IOMT-047,S-IOMT-047-477,LAB_RESULTS,EP-IND-01474
NET-01475,2026-01-01 03:42:44+00:00,0,IOMT-013,S-IOMT-013-478,LAB_RESULTS,EP-IND-01475
NET-01476,2026-01-01 03:42:49+00:00,0,IOMT-010,S-IOMT-010-479,RESEARCH,EP-IND-01476
NET-01477,2026-01-01 03:43:22+00:00,0,IOMT-025,S-IOMT-025-480,LAB_RESULTS,EP-IND-01477
NET-01478,2026-01-01 03:43:32+00:00,0,IOMT-047,S-IOMT-047-481,LAB_RESULTS,EP-IND-01478
NET-01479,2026-01-01 03:43:34+00:00,0,IOMT-010,S-IOMT-010-482,LAB_RESULTS,EP-IND-01479
NET-01480,2026-01-01 03:43:47+00:00,0,IOMT-018,S-IOMT-018-483,EHR_WRITE,EP-IND-01480
NET-01481,2026-01-01 03:43:59+00:00,0,IOMT-015,S-IOMT-015-484,LAB_RESULTS,EP-IND-01481
NET-01482,2026-01-01 03:43:59+00:00,0,IOMT-046,S-IOMT-046-485,RESEARCH,EP-IND-01482
NET-01483,2026-01-01 03:44:19+00:00,0,IOMT-024,S-IOMT-024-486,LAB_RESULTS,EP-IND-01483
NET-01484,2026-01-01 03:44:22+00:00,0,IOMT-002,S-IOMT-002-487,EHR_WRITE,EP-IND-01484
NET-01485,2026-01-01 03:44:26+00:00,0,IOMT-011,S-IOMT-011-488,IMAGING,EP-IND-01485
NET-01486,2026-01-01 03:44:44+00:00,0,IOMT-021,S-IOMT-021-489,LAB_RESULTS,EP-IND-01486
NET-01487,2026-01-01 03:44:48+00:00,0,IOMT-043,S-IOMT-043-490,EHR_WRITE,EP-IND-01487
NET-01488,2026-01-01 03:44:50+00:00,0,IOMT-039,S-IOMT-039-491,RESEARCH,EP-IND-01488
NET-01489,2026-01-01 03:44:57+00:00,0,IOMT-042,S-IOMT-042-492,EHR_READ,EP-IND-01489
NET-01490,2026-01-01 03:44:58+00:00,0,IOMT-018,S-IOMT-018-493,IMAGING,EP-IND-01490
NET-01491,2026-01-01 03:44:59+00:00,0,IOMT-009,S-IOMT-009-494,RESEARCH,EP-IND-01491
NET-01492,2026-01-01 03:45:01+00:00,0,IOMT-005,S-IOMT-005-495,LAB_RESULTS,EP-IND-01492
NET-01493,2026-01-01 03:45:17+00:00,0,IOMT-043,S-IOMT-043-496,RESEARCH,EP-IND-01493
NET-01494,2026-01-01 03:45:26+00:00,0,IOMT-039,S-IOMT-039-497,EHR_READ,EP-IND-01494
NET-01495,2026-01-01 03:45:30+00:00,0,IOMT-018,S-IOMT-018-498,RESEARCH,EP-IND-01495
NET-01496,2026-01-01 03:45:30+00:00,0,IOMT-033,S-IOMT-033-499,EHR_WRITE,EP-IND-01496
NET-01497,2026-01-01 03:45:32+00:00,0,IOMT-028,S-IOMT-028-500,EHR_READ,EP-IND-01497
NET-01498,2026-01-01 03:45:39+00:00,1,IOMT-008,S-IOMT-008-501,EHR_WRITE,EP-IND-01498
NET-01499,2026-01-01 03:45:45+00:00,0,IOMT-018,S-IOMT-018-502,RESEARCH,EP-IND-01499
NET-01500,2026-01-01 03:46:05+00:00,0,IOMT-013,S-IOMT-013-503,LAB_RESULTS,EP-IND-01500
NET-01501,2026-01-01 03:46:22+00:00,0,IOMT-036,S-IOMT-036-504,LAB_RESULTS,EP-IND-01501
NET-01502,2026-01-01 03:46:26+00:00,0,IOMT-004,S-IOMT-004-505,LAB_RESULTS,EP-IND-01502
NET-01503,2026-01-01 03:46:28+00:00,0,IOMT-031,S-IOMT-031-506,IMAGING,EP-IND-01503
NET-01504,2026-01-01 03:46:30+00:00,0,IOMT-049,S-IOMT-049-507,EHR_READ,EP-IND-01504
NET-01505,2026-01-01 03:46:39+00:00,0,IOMT-026,S-IOMT-026-508,LAB_RESULTS,EP-IND-01505
NET-01506,2026-01-01 03:46:46+00:00,0,IOMT-008,S-IOMT-008-509,IMAGING,EP-IND-01506
NET-01507,2026-01-01 03:46:52+00:00,0,IOMT-035,S-IOMT-035-510,EHR_READ,EP-IND-01507
NET-01508,2026-01-01 03:47:15+00:00,0,IOMT-013,S-IOMT-013-511,LAB_RESULTS,EP-IND-01508
NET-01509,2026-01-01 03:47:32+00:00,0,IOMT-024,S-IOMT-024-512,IMAGING,EP-IND-01509
NET-01510,2026-01-01 03:47:47+00:00,0,IOMT-027,S-IOMT-027-513,RESEARCH,EP-IND-01510
NET-01511,2026-01-01 03:47:49+00:00,0,IOMT-008,S-IOMT-008-514,RESEARCH,EP-IND-01511
NET-01512,2026-01-01 03:48:02+00:00,0,IOMT-006,S-IOMT-006-515,LAB_RESULTS,EP-IND-01512
NET-01513,2026-01-01 03:48:18+00:00,0,IOMT-019,S-IOMT-019-516,IMAGING,EP-IND-01513
NET-01514,2026-01-01 03:48:24+00:00,0,IOMT-002,S-IOMT-002-517,EHR_READ,EP-IND-01514
NET-01515,2026-01-01 03:48:27+00:00,0,IOMT-001,S-IOMT-001-518,IMAGING,EP-IND-01515
NET-01516,2026-01-01 03:48:29+00:00,0,IOMT-022,S-IOMT-022-519,IMAGING,EP-IND-01516
NET-01517,2026-01-01 03:48:33+00:00,0,IOMT-035,S-IOMT-035-520,LAB_RESULTS,EP-IND-01517
NET-01518,2026-01-01 03:48:47+00:00,0,IOMT-036,S-IOMT-036-521,EHR_READ,EP-IND-01518
NET-01519,2026-01-01 03:48:48+00:00,0,IOMT-017,S-IOMT-017-522,IMAGING,EP-IND-01519
NET-01520,2026-01-01 03:48:50+00:00,1,IOMT-015,S-IOMT-015-523,IMAGING,EP-IND-01520
NET-01521,2026-01-01 03:48:55+00:00,0,IOMT-023,S-IOMT-023-524,IMAGING,EP-IND-01521
NET-01522,2026-01-01 03:49:12+00:00,0,IOMT-037,S-IOMT-037-525,LAB_RESULTS,EP-IND-01522
NET-01523,2026-01-01 03:49:15+00:00,0,IOMT-037,S-IOMT-037-526,LAB_RESULTS,EP-IND-01523
NET-01524,2026-01-01 03:49:15+00:00,0,IOMT-024,S-IOMT-024-527,EHR_READ,EP-IND-01524
NET-01525,2026-01-01 03:49:18+00:00,0,IOMT-008,S-IOMT-008-528,EHR_READ,EP-IND-01525
NET-01526,2026-01-01 03:49:37+00:00,0,IOMT-023,S-IOMT-023-529,IMAGING,EP-IND-01526
NET-01527,2026-01-01 03:49:37+00:00,0,IOMT-041,S-IOMT-041-530,EHR_WRITE,EP-IND-01527
NET-01528,2026-01-01 03:49:38+00:00,0,IOMT-024,S-IOMT-024-531,IMAGING,EP-IND-01528
NET-01529,2026-01-01 03:49:59+00:00,0,IOMT-015,S-IOMT-015-532,IMAGING,EP-IND-01529
NET-01530,2026-01-01 03:50:07+00:00,0,IOMT-025,S-IOMT-025-533,EHR_READ,EP-IND-01530
NET-01531,2026-01-01 03:50:07+00:00,0,IOMT-002,S-IOMT-002-534,EHR_WRITE,EP-IND-01531
NET-01532,2026-01-01 03:50:15+00:00,0,IOMT-018,S-IOMT-018-535,LAB_RESULTS,EP-IND-01532
NET-01533,2026-01-01 03:50:30+00:00,0,IOMT-011,S-IOMT-011-536,RESEARCH,EP-IND-01533
NET-01534,2026-01-01 03:51:13+00:00,0,IOMT-032,S-IOMT-032-537,EHR_READ,EP-IND-01534
NET-01535,2026-01-01 03:51:24+00:00,0,IOMT-028,S-IOMT-028-538,RESEARCH,EP-IND-01535
NET-01536,2026-01-01 03:51:26+00:00,0,IOMT-049,S-IOMT-049-539,IMAGING,EP-IND-01536
NET-01537,2026-01-01 03:51:32+00:00,0,IOMT-026,S-IOMT-026-540,IMAGING,EP-IND-01537
NET-01538,2026-01-01 03:51:47+00:00,1,IOMT-027,S-IOMT-027-541,LAB_RESULTS,EP-IND-01538
NET-01539,2026-01-01 03:51:47+00:00,0,IOMT-010,S-IOMT-010-542,LAB_RESULTS,EP-IND-01539
NET-01540,2026-01-01 03:51:50+00:00,0,IOMT-023,S-IOMT-023-543,LAB_RESULTS,EP-IND-01540
NET-01541,2026-01-01 03:51:58+00:00,1,IOMT-015,S-IOMT-015-544,EHR_READ,EP-IND-01541
NET-01542,2026-01-01 03:52:18+00:00,0,IOMT-018,S-IOMT-018-545,IMAGING,EP-IND-01542
NET-01543,2026-01-01 03:52:28+00:00,0,IOMT-038,S-IOMT-038-546,EHR_WRITE,EP-IND-01543
NET-01544,2026-01-01 03:52:30+00:00,0,IOMT-022,S-IOMT-022-547,IMAGING,EP-IND-01544
NET-01545,2026-01-01 03:52:38+00:00,0,IOMT-031,S-IOMT-031-548,LAB_RESULTS,EP-IND-01545
NET-01546,2026-01-01 03:53:07+00:00,0,IOMT-027,S-IOMT-027-549,EHR_WRITE,EP-IND-01546
NET-01547,2026-01-01 03:53:12+00:00,0,IOMT-038,S-IOMT-038-550,IMAGING,EP-IND-01547
NET-01548,2026-01-01 03:53:21+00:00,0,IOMT-009,S-IOMT-009-551,RESEARCH,EP-IND-01548
NET-01549,2026-01-01 03:53:30+00:00,0,IOMT-017,S-IOMT-017-552,RESEARCH,EP-IND-01549
NET-01550,2026-01-01 03:53:37+00:00,0,IOMT-041,S-IOMT-041-553,LAB_RESULTS,EP-IND-01550
NET-01551,2026-01-01 03:53:43+00:00,0,IOMT-010,S-IOMT-010-554,EHR_READ,EP-IND-01551
NET-01552,2026-01-01 03:53:49+00:00,0,IOMT-045,S-IOMT-045-555,RESEARCH,EP-IND-01552
NET-01553,2026-01-01 03:53:50+00:00,0,IOMT-021,S-IOMT-021-556,EHR_READ,EP-IND-01553
NET-01554,2026-01-01 03:54:28+00:00,0,IOMT-047,S-IOMT-047-557,EHR_WRITE,EP-IND-01554
NET-01555,2026-01-01 03:54:35+00:00,0,IOMT-024,S-IOMT-024-558,EHR_READ,EP-IND-01555
NET-01556,2026-01-01 03:54:45+00:00,0,IOMT-034,S-IOMT-034-559,IMAGING,EP-IND-01556
NET-01557,2026-01-01 03:54:52+00:00,0,IOMT-030,S-IOMT-030-560,RESEARCH,EP-IND-01557
NET-01558,2026-01-01 03:55:06+00:00,0,IOMT-039,S-IOMT-039-561,EHR_READ,EP-IND-01558
NET-01559,2026-01-01 03:55:16+00:00,0,IOMT-040,S-IOMT-040-562,EHR_WRITE,EP-IND-01559
NET-01560,2026-01-01 03:55:20+00:00,0,IOMT-015,S-IOMT-015-563,EHR_READ,EP-IND-01560
NET-01561,2026-01-01 03:55:22+00:00,0,IOMT-002,S-IOMT-002-564,LAB_RESULTS,EP-IND-01561
NET-01562,2026-01-01 03:55:49+00:00,0,IOMT-036,S-IOMT-036-565,IMAGING,EP-IND-01562
NET-01563,2026-01-01 03:55:52+00:00,0,IOMT-019,S-IOMT-019-566,IMAGING,EP-IND-01563
NET-01564,2026-01-01 03:56:06+00:00,0,IOMT-034,S-IOMT-034-567,EHR_READ,EP-IND-01564
NET-01565,2026-01-01 03:56:22+00:00,0,IOMT-033,S-IOMT-033-568,EHR_READ,EP-IND-01565
NET-01566,2026-01-01 03:56:42+00:00,0,IOMT-003,S-IOMT-003-569,EHR_READ,EP-IND-01566
NET-01567,2026-01-01 03:56:49+00:00,0,IOMT-020,S-IOMT-020-570,EHR_READ,EP-IND-01567
NET-01568,2026-01-01 03:56:55+00:00,0,IOMT-038,S-IOMT-038-571,EHR_READ,EP-IND-01568
NET-01569,2026-01-01 03:56:56+00:00,0,IOMT-002,S-IOMT-002-572,RESEARCH,EP-IND-01569
NET-01570,2026-01-01 03:57:05+00:00,0,IOMT-015,S-IOMT-015-573,EHR_READ,EP-IND-01570
NET-01571,2026-01-01 03:57:14+00:00,0,IOMT-038,S-IOMT-038-574,EHR_WRITE,EP-IND-01571
NET-01572,2026-01-01 03:57:20+00:00,0,IOMT-047,S-IOMT-047-575,IMAGING,EP-IND-01572
NET-01573,2026-01-01 03:57:24+00:00,0,IOMT-008,S-IOMT-008-576,EHR_READ,EP-IND-01573
NET-01574,2026-01-01 03:57:43+00:00,0,IOMT-010,S-IOMT-010-577,RESEARCH,EP-IND-01574
NET-01575,2026-01-01 03:57:43+00:00,0,IOMT-042,S-IOMT-042-578,RESEARCH,EP-IND-01575
NET-01576,2026-01-01 03:57:47+00:00,0,IOMT-042,S-IOMT-042-579,EHR_READ,EP-IND-01576
NET-01577,2026-01-01 03:57:58+00:00,0,IOMT-027,S-IOMT-027-580,EHR_WRITE,EP-IND-01577
NET-01578,2026-01-01 03:57:59+00:00,0,IOMT-034,S-IOMT-034-581,EHR_READ,EP-IND-01578
NET-01579,2026-01-01 03:58:09+00:00,0,IOMT-043,S-IOMT-043-582,IMAGING,EP-IND-01579
NET-01580,2026-01-01 03:58:15+00:00,0,IOMT-035,S-IOMT-035-583,RESEARCH,EP-IND-01580
NET-01581,2026-01-01 03:58:19+00:00,0,IOMT-047,S-IOMT-047-584,RESEARCH,EP-IND-01581
NET-01582,2026-01-01 03:58:20+00:00,0,IOMT-030,S-IOMT-030-585,EHR_WRITE,EP-IND-01582
NET-01583,2026-01-01 03:58:25+00:00,0,IOMT-006,S-IOMT-006-586,EHR_READ,EP-IND-01583
NET-01584,2026-01-01 03:58:28+00:00,0,IOMT-034,S-IOMT-034-587,IMAGING,EP-IND-01584
NET-01585,2026-01-01 03:58:49+00:00,0,IOMT-042,S-IOMT-042-588,EHR_WRITE,EP-IND-01585
NET-01586,2026-01-01 03:58:50+00:00,0,IOMT-031,S-IOMT-031-589,LAB_RESULTS,EP-IND-01586
NET-01587,2026-01-01 03:59:06+00:00,0,IOMT-025,S-IOMT-025-590,LAB_RESULTS,EP-IND-01587
NET-01588,2026-01-01 03:59:09+00:00,0,IOMT-034,S-IOMT-034-591,RESEARCH,EP-IND-01588
NET-01589,2026-01-01 03:59:10+00:00,0,IOMT-018,S-IOMT-018-592,RESEARCH,EP-IND-01589
NET-01590,2026-01-01 03:59:30+00:00,0,IOMT-031,S-IOMT-031-593,LAB_RESULTS,EP-IND-01590
NET-01591,2026-01-01 03:59:37+00:00,0,IOMT-017,S-IOMT-017-594,IMAGING,EP-IND-01591
NET-01592,2026-01-01 04:00:04+00:00,0,IOMT-001,S-IOMT-001-595,EHR_READ,EP-IND-01592
NET-01593,2026-01-01 04:00:05+00:00,0,IOMT-048,S-IOMT-048-596,IMAGING,EP-IND-01593
NET-01594,2026-01-01 04:00:05+00:00,0,IOMT-028,S-IOMT-028-597,LAB_RESULTS,EP-IND-01594
NET-01595,2026-01-01 04:00:09+00:00,1,IOMT-019,S-IOMT-019-598,EHR_READ,EP-IND-01595
NET-01596,2026-01-01 04:00:17+00:00,0,IOMT-008,S-IOMT-008-599,RESEARCH,EP-IND-01596
NET-01597,2026-01-01 04:00:30+00:00,0,IOMT-029,S-IOMT-029-600,EHR_WRITE,EP-IND-01597
NET-01598,2026-01-01 04:00:32+00:00,0,IOMT-006,S-IOMT-006-601,EHR_READ,EP-IND-01598
NET-01599,2026-01-01 04:00:43+00:00,0,IOMT-043,S-IOMT-043-602,EHR_WRITE,EP-IND-01599
NET-01600,2026-01-01 04:00:53+00:00,0,IOMT-013,S-IOMT-013-603,LAB_RESULTS,EP-IND-01600
NET-01601,2026-01-01 04:00:56+00:00,0,IOMT-018,S-IOMT-018-604,RESEARCH,EP-IND-01601
NET-01602,2026-01-01 04:01:32+00:00,0,IOMT-018,S-IOMT-018-605,LAB_RESULTS,EP-IND-01602
NET-01603,2026-01-01 04:01:39+00:00,0,IOMT-049,S-IOMT-049-606,IMAGING,EP-IND-01603
NET-01604,2026-01-01 04:01:48+00:00,0,IOMT-016,S-IOMT-016-607,RESEARCH,EP-IND-01604
NET-01605,2026-01-01 04:01:52+00:00,0,IOMT-006,S-IOMT-006-608,RESEARCH,EP-IND-01605
NET-01606,2026-01-01 04:01:54+00:00,0,IOMT-047,S-IOMT-047-609,IMAGING,EP-IND-01606
NET-01607,2026-01-01 04:01:56+00:00,0,IOMT-017,S-IOMT-017-610,RESEARCH,EP-IND-01607
NET-01608,2026-01-01 04:02:00+00:00,0,IOMT-015,S-IOMT-015-611,LAB_RESULTS,EP-IND-01608
NET-01609,2026-01-01 04:02:03+00:00,0,IOMT-031,S-IOMT-031-612,EHR_WRITE,EP-IND-01609
NET-01610,2026-01-01 04:02:05+00:00,0,IOMT-018,S-IOMT-018-613,LAB_RESULTS,EP-IND-01610
NET-01611,2026-01-01 04:02:23+00:00,0,IOMT-025,S-IOMT-025-614,RESEARCH,EP-IND-01611
NET-01612,2026-01-01 04:02:23+00:00,0,IOMT-045,S-IOMT-045-615,EHR_WRITE,EP-IND-01612
NET-01613,2026-01-01 04:02:25+00:00,0,IOMT-007,S-IOMT-007-616,EHR_READ,EP-IND-01613
NET-01614,2026-01-01 04:03:46+00:00,0,IOMT-033,S-IOMT-033-617,EHR_READ,EP-IND-01614
NET-01615,2026-01-01 04:03:59+00:00,0,IOMT-006,S-IOMT-006-618,EHR_READ,EP-IND-01615
NET-01616,2026-01-01 04:04:01+00:00,0,IOMT-020,S-IOMT-020-619,EHR_WRITE,EP-IND-01616
NET-01617,2026-01-01 04:04:03+00:00,0,IOMT-017,S-IOMT-017-620,IMAGING,EP-IND-01617
NET-01618,2026-01-01 04:04:04+00:00,0,IOMT-003,S-IOMT-003-621,RESEARCH,EP-IND-01618
NET-01619,2026-01-01 04:04:10+00:00,0,IOMT-008,S-IOMT-008-622,RESEARCH,EP-IND-01619
NET-01620,2026-01-01 04:04:15+00:00,0,IOMT-033,S-IOMT-033-623,EHR_WRITE,EP-IND-01620
NET-01621,2026-01-01 04:04:19+00:00,0,IOMT-008,S-IOMT-008-624,RESEARCH,EP-IND-01621
NET-01622,2026-01-01 04:04:35+00:00,0,IOMT-002,S-IOMT-002-625,EHR_READ,EP-IND-01622
NET-01623,2026-01-01 04:04:56+00:00,0,IOMT-008,S-IOMT-008-626,RESEARCH,EP-IND-01623
NET-01624,2026-01-01 04:04:58+00:00,0,IOMT-039,S-IOMT-039-627,RESEARCH,EP-IND-01624
NET-01625,2026-01-01 04:05:10+00:00,0,IOMT-026,S-IOMT-026-628,IMAGING,EP-IND-01625
NET-01626,2026-01-01 04:05:10+00:00,0,IOMT-026,S-IOMT-026-629,EHR_READ,EP-IND-01626
NET-01627,2026-01-01 04:05:18+00:00,0,IOMT-011,S-IOMT-011-630,EHR_WRITE,EP-IND-01627
NET-01628,2026-01-01 04:05:30+00:00,0,IOMT-024,S-IOMT-024-631,LAB_RESULTS,EP-IND-01628
NET-01629,2026-01-01 04:05:31+00:00,0,IOMT-039,S-IOMT-039-632,EHR_WRITE,EP-IND-01629
NET-01630,2026-01-01 04:05:41+00:00,0,IOMT-048,S-IOMT-048-633,RESEARCH,EP-IND-01630
NET-01631,2026-01-01 04:05:45+00:00,0,IOMT-003,S-IOMT-003-634,EHR_WRITE,EP-IND-01631
NET-01632,2026-01-01 04:05:47+00:00,0,IOMT-017,S-IOMT-017-635,EHR_WRITE,EP-IND-01632
NET-01633,2026-01-01 04:05:53+00:00,0,IOMT-032,S-IOMT-032-636,LAB_RESULTS,EP-IND-01633
NET-01634,2026-01-01 04:06:21+00:00,0,IOMT-020,S-IOMT-020-637,RESEARCH,EP-IND-01634
NET-01635,2026-01-01 04:06:32+00:00,0,IOMT-012,S-IOMT-012-638,RESEARCH,EP-IND-01635
NET-01636,2026-01-01 04:06:39+00:00,0,IOMT-031,S-IOMT-031-639,EHR_WRITE,EP-IND-01636
NET-01637,2026-01-01 04:06:47+00:00,1,IOMT-017,S-IOMT-017-640,IMAGING,EP-IND-01637
NET-01638,2026-01-01 04:06:59+00:00,0,IOMT-021,S-IOMT-021-641,RESEARCH,EP-IND-01638
NET-01639,2026-01-01 04:07:04+00:00,0,IOMT-016,S-IOMT-016-642,LAB_RESULTS,EP-IND-01639
NET-01640,2026-01-01 04:07:15+00:00,0,IOMT-037,S-IOMT-037-643,IMAGING,EP-IND-01640
NET-01641,2026-01-01 04:07:40+00:00,0,IOMT-004,S-IOMT-004-644,LAB_RESULTS,EP-IND-01641
NET-01642,2026-01-01 04:07:42+00:00,0,IOMT-010,S-IOMT-010-645,EHR_WRITE,EP-IND-01642
NET-01643,2026-01-01 04:07:54+00:00,0,IOMT-003,S-IOMT-003-646,EHR_WRITE,EP-IND-01643
NET-01644,2026-01-01 04:08:01+00:00,0,IOMT-035,S-IOMT-035-647,LAB_RESULTS,EP-IND-01644
NET-01645,2026-01-01 04:08:07+00:00,0,IOMT-021,S-IOMT-021-648,LAB_RESULTS,EP-IND-01645
NET-01646,2026-01-01 04:08:10+00:00,0,IOMT-038,S-IOMT-038-649,EHR_READ,EP-IND-01646
NET-01647,2026-01-01 04:08:13+00:00,0,IOMT-042,S-IOMT-042-650,RESEARCH,EP-IND-01647
NET-01648,2026-01-01 04:08:46+00:00,0,IOMT-028,S-IOMT-028-651,LAB_RESULTS,EP-IND-01648
NET-01649,2026-01-01 04:08:47+00:00,0,IOMT-001,S-IOMT-001-652,LAB_RESULTS,EP-IND-01649
NET-01650,2026-01-01 04:08:51+00:00,0,IOMT-005,S-IOMT-005-653,EHR_READ,EP-IND-01650
NET-01651,2026-01-01 04:08:52+00:00,0,IOMT-045,S-IOMT-045-654,EHR_WRITE,EP-IND-01651
NET-01652,2026-01-01 04:08:57+00:00,0,IOMT-049,S-IOMT-049-655,IMAGING,EP-IND-01652
NET-01653,2026-01-01 04:09:22+00:00,1,IOMT-041,S-IOMT-041-656,EHR_WRITE,EP-IND-01653
NET-01654,2026-01-01 04:09:26+00:00,0,IOMT-000,S-IOMT-000-657,IMAGING,EP-IND-01654
NET-01655,2026-01-01 04:10:03+00:00,0,IOMT-014,S-IOMT-014-658,EHR_WRITE,EP-IND-01655
NET-01656,2026-01-01 04:10:04+00:00,0,IOMT-026,S-IOMT-026-659,EHR_WRITE,EP-IND-01656
NET-01657,2026-01-01 04:10:07+00:00,0,IOMT-028,S-IOMT-028-660,IMAGING,EP-IND-01657
NET-01658,2026-01-01 04:10:19+00:00,0,IOMT-019,S-IOMT-019-661,EHR_READ,EP-IND-01658
NET-01659,2026-01-01 04:10:21+00:00,0,IOMT-019,S-IOMT-019-662,EHR_WRITE,EP-IND-01659
NET-01660,2026-01-01 04:10:32+00:00,0,IOMT-015,S-IOMT-015-663,RESEARCH,EP-IND-01660
NET-01661,2026-01-01 04:10:34+00:00,0,IOMT-049,S-IOMT-049-664,EHR_WRITE,EP-IND-01661
NET-01662,2026-01-01 04:10:34+00:00,0,IOMT-014,S-IOMT-014-665,IMAGING,EP-IND-01662
NET-01663,2026-01-01 04:10:35+00:00,0,IOMT-036,S-IOMT-036-666,EHR_READ,EP-IND-01663
NET-01664,2026-01-01 04:10:35+00:00,0,IOMT-043,S-IOMT-043-667,IMAGING,EP-IND-01664
NET-01665,2026-01-01 04:11:02+00:00,0,IOMT-005,S-IOMT-005-668,EHR_READ,EP-IND-01665
NET-01666,2026-01-01 04:11:20+00:00,0,IOMT-026,S-IOMT-026-669,LAB_RESULTS,EP-IND-01666
NET-01667,2026-01-01 04:11:22+00:00,0,IOMT-028,S-IOMT-028-670,LAB_RESULTS,EP-IND-01667
NET-01668,2026-01-01 04:11:34+00:00,0,IOMT-006,S-IOMT-006-671,IMAGING,EP-IND-01668
NET-01669,2026-01-01 04:11:34+00:00,0,IOMT-009,S-IOMT-009-672,RESEARCH,EP-IND-01669
NET-01670,2026-01-01 04:11:46+00:00,0,IOMT-025,S-IOMT-025-673,LAB_RESULTS,EP-IND-01670
NET-01671,2026-01-01 04:11:51+00:00,0,IOMT-001,S-IOMT-001-674,LAB_RESULTS,EP-IND-01671
NET-01672,2026-01-01 04:11:51+00:00,0,IOMT-033,S-IOMT-033-675,LAB_RESULTS,EP-IND-01672
NET-01673,2026-01-01 04:11:58+00:00,0,IOMT-038,S-IOMT-038-676,IMAGING,EP-IND-01673
NET-01674,2026-01-01 04:11:59+00:00,0,IOMT-019,S-IOMT-019-677,EHR_WRITE,EP-IND-01674
NET-01675,2026-01-01 04:12:13+00:00,0,IOMT-024,S-IOMT-024-678,EHR_WRITE,EP-IND-01675
NET-01676,2026-01-01 04:12:15+00:00,0,IOMT-009,S-IOMT-009-679,EHR_WRITE,EP-IND-01676
NET-01677,2026-01-01 04:12:20+00:00,0,IOMT-013,S-IOMT-013-680,EHR_READ,EP-IND-01677
NET-01678,2026-01-01 04:12:35+00:00,0,IOMT-011,S-IOMT-011-681,EHR_WRITE,EP-IND-01678
NET-01679,2026-01-01 04:12:53+00:00,0,IOMT-013,S-IOMT-013-682,EHR_READ,EP-IND-01679
NET-01680,2026-01-01 04:12:54+00:00,0,IOMT-025,S-IOMT-025-683,LAB_RESULTS,EP-IND-01680
NET-01681,2026-01-01 04:13:13+00:00,0,IOMT-006,S-IOMT-006-684,EHR_WRITE,EP-IND-01681
NET-01682,2026-01-01 04:13:28+00:00,0,IOMT-005,S-IOMT-005-685,EHR_READ,EP-IND-01682
NET-01683,2026-01-01 04:13:37+00:00,0,IOMT-025,S-IOMT-025-686,RESEARCH,EP-IND-01683
NET-01684,2026-01-01 04:13:41+00:00,0,IOMT-014,S-IOMT-014-687,RESEARCH,EP-IND-01684
NET-01685,2026-01-01 04:13:43+00:00,0,IOMT-024,S-IOMT-024-688,IMAGING,EP-IND-01685
NET-01686,2026-01-01 04:14:04+00:00,0,IOMT-035,S-IOMT-035-689,IMAGING,EP-IND-01686
NET-01687,2026-01-01 04:14:25+00:00,0,IOMT-045,S-IOMT-045-690,IMAGING,EP-IND-01687
NET-01688,2026-01-01 04:14:28+00:00,0,IOMT-048,S-IOMT-048-691,RESEARCH,EP-IND-01688
NET-01689,2026-01-01 04:14:35+00:00,1,IOMT-042,S-IOMT-042-692,RESEARCH,EP-IND-01689
NET-01690,2026-01-01 04:14:39+00:00,0,IOMT-047,S-IOMT-047-693,EHR_WRITE,EP-IND-01690
NET-01691,2026-01-01 04:14:43+00:00,0,IOMT-018,S-IOMT-018-694,EHR_WRITE,EP-IND-01691
NET-01692,2026-01-01 04:14:45+00:00,1,IOMT-039,S-IOMT-039-695,LAB_RESULTS,EP-IND-01692
NET-01693,2026-01-01 04:14:47+00:00,0,IOMT-002,S-IOMT-002-696,EHR_READ,EP-IND-01693
NET-01694,2026-01-01 04:14:49+00:00,0,IOMT-036,S-IOMT-036-697,EHR_WRITE,EP-IND-01694
NET-01695,2026-01-01 04:14:57+00:00,0,IOMT-049,S-IOMT-049-698,EHR_READ,EP-IND-01695
NET-01696,2026-01-01 04:15:11+00:00,0,IOMT-001,S-IOMT-001-699,EHR_WRITE,EP-IND-01696
NET-01697,2026-01-01 04:15:26+00:00,0,IOMT-024,S-IOMT-024-700,LAB_RESULTS,EP-IND-01697
NET-01698,2026-01-01 04:15:48+00:00,0,IOMT-035,S-IOMT-035-701,EHR_WRITE,EP-IND-01698
NET-01699,2026-01-01 04:15:58+00:00,0,IOMT-024,S-IOMT-024-702,LAB_RESULTS,EP-IND-01699
NET-01700,2026-01-01 04:16:01+00:00,0,IOMT-003,S-IOMT-003-703,EHR_WRITE,EP-IND-01700
NET-01701,2026-01-01 04:16:06+00:00,0,IOMT-038,S-IOMT-038-704,LAB_RESULTS,EP-IND-01701
NET-01702,2026-01-01 04:16:15+00:00,0,IOMT-030,S-IOMT-030-705,LAB_RESULTS,EP-IND-01702
NET-01703,2026-01-01 04:16:25+00:00,0,IOMT-036,S-IOMT-036-706,EHR_READ,EP-IND-01703
NET-01704,2026-01-01 04:16:51+00:00,0,IOMT-017,S-IOMT-017-707,IMAGING,EP-IND-01704
NET-01705,2026-01-01 04:16:56+00:00,1,IOMT-009,S-IOMT-009-708,IMAGING,EP-IND-01705
NET-01706,2026-01-01 04:17:04+00:00,0,IOMT-042,S-IOMT-042-709,LAB_RESULTS,EP-IND-01706
NET-01707,2026-01-01 04:17:20+00:00,0,IOMT-013,S-IOMT-013-710,EHR_WRITE,EP-IND-01707
NET-01708,2026-01-01 04:17:28+00:00,0,IOMT-001,S-IOMT-001-711,LAB_RESULTS,EP-IND-01708
NET-01709,2026-01-01 04:17:39+00:00,0,IOMT-000,S-IOMT-000-712,EHR_WRITE,EP-IND-01709
NET-01710,2026-01-01 04:17:41+00:00,0,IOMT-047,S-IOMT-047-713,LAB_RESULTS,EP-IND-01710
NET-01711,2026-01-01 04:17:59+00:00,0,IOMT-011,S-IOMT-011-714,LAB_RESULTS,EP-IND-01711
NET-01712,2026-01-01 04:18:10+00:00,0,IOMT-041,S-IOMT-041-715,EHR_READ,EP-IND-01712
NET-01713,2026-01-01 04:18:25+00:00,0,IOMT-023,S-IOMT-023-716,LAB_RESULTS,EP-IND-01713
NET-01714,2026-01-01 04:19:00+00:00,0,IOMT-022,S-IOMT-022-717,EHR_WRITE,EP-IND-01714
NET-01715,2026-01-01 04:19:18+00:00,0,IOMT-025,S-IOMT-025-718,IMAGING,EP-IND-01715
NET-01716,2026-01-01 04:19:55+00:00,0,IOMT-025,S-IOMT-025-719,IMAGING,EP-IND-01716
NET-01717,2026-01-01 04:20:05+00:00,0,IOMT-049,S-IOMT-049-720,IMAGING,EP-IND-01717
NET-01718,2026-01-01 04:20:08+00:00,0,IOMT-023,S-IOMT-023-721,EHR_READ,EP-IND-01718
NET-01719,2026-01-01 04:20:20+00:00,0,IOMT-022,S-IOMT-022-722,EHR_WRITE,EP-IND-01719
NET-01720,2026-01-01 04:20:21+00:00,0,IOMT-001,S-IOMT-001-723,EHR_WRITE,EP-IND-01720
NET-01721,2026-01-01 04:20:27+00:00,0,IOMT-027,S-IOMT-027-724,IMAGING,EP-IND-01721
NET-01722,2026-01-01 04:20:33+00:00,0,IOMT-016,S-IOMT-016-725,LAB_RESULTS,EP-IND-01722
NET-01723,2026-01-01 04:20:43+00:00,0,IOMT-048,S-IOMT-048-726,EHR_WRITE,EP-IND-01723
NET-01724,2026-01-01 04:21:01+00:00,0,IOMT-048,S-IOMT-048-727,LAB_RESULTS,EP-IND-01724
NET-01725,2026-01-01 04:21:04+00:00,0,IOMT-009,S-IOMT-009-728,IMAGING,EP-IND-01725
NET-01726,2026-01-01 04:21:11+00:00,0,IOMT-023,S-IOMT-023-729,LAB_RESULTS,EP-IND-01726
NET-01727,2026-01-01 04:21:11+00:00,0,IOMT-037,S-IOMT-037-730,LAB_RESULTS,EP-IND-01727
NET-01728,2026-01-01 04:21:17+00:00,0,IOMT-033,S-IOMT-033-731,IMAGING,EP-IND-01728
NET-01729,2026-01-01 04:21:19+00:00,0,IOMT-019,S-IOMT-019-732,LAB_RESULTS,EP-IND-01729
NET-01730,2026-01-01 04:21:38+00:00,0,IOMT-023,S-IOMT-023-733,EHR_READ,EP-IND-01730
NET-01731,2026-01-01 04:21:44+00:00,0,IOMT-036,S-IOMT-036-734,IMAGING,EP-IND-01731
NET-01732,2026-01-01 04:21:46+00:00,0,IOMT-026,S-IOMT-026-735,IMAGING,EP-IND-01732
NET-01733,2026-01-01 04:21:58+00:00,0,IOMT-031,S-IOMT-031-736,EHR_WRITE,EP-IND-01733
NET-01734,2026-01-01 04:22:06+00:00,0,IOMT-028,S-IOMT-028-737,EHR_READ,EP-IND-01734
NET-01735,2026-01-01 04:22:08+00:00,0,IOMT-041,S-IOMT-041-738,RESEARCH,EP-IND-01735
NET-01736,2026-01-01 04:22:21+00:00,0,IOMT-003,S-IOMT-003-739,EHR_WRITE,EP-IND-01736
NET-01737,2026-01-01 04:22:32+00:00,1,IOMT-011,S-IOMT-011-740,RESEARCH,EP-IND-01737
NET-01738,2026-01-01 04:22:39+00:00,0,IOMT-034,S-IOMT-034-741,EHR_READ,EP-IND-01738
NET-01739,2026-01-01 04:23:13+00:00,0,IOMT-012,S-IOMT-012-742,EHR_READ,EP-IND-01739
NET-01740,2026-01-01 04:23:28+00:00,0,IOMT-008,S-IOMT-008-743,LAB_RESULTS,EP-IND-01740
NET-01741,2026-01-01 04:23:28+00:00,0,IOMT-045,S-IOMT-045-744,RESEARCH,EP-IND-01741
NET-01742,2026-01-01 04:23:35+00:00,0,IOMT-020,S-IOMT-020-745,RESEARCH,EP-IND-01742
NET-01743,2026-01-01 04:24:02+00:00,0,IOMT-001,S-IOMT-001-746,EHR_WRITE,EP-IND-01743
NET-01744,2026-01-01 04:24:05+00:00,0,IOMT-008,S-IOMT-008-747,LAB_RESULTS,EP-IND-01744
NET-01745,2026-01-01 04:24:06+00:00,0,IOMT-044,S-IOMT-044-748,RESEARCH,EP-IND-01745
NET-01746,2026-01-01 04:24:28+00:00,0,IOMT-039,S-IOMT-039-749,EHR_READ,EP-IND-01746
NET-01747,2026-01-01 04:24:43+00:00,0,IOMT-049,S-IOMT-049-750,EHR_WRITE,EP-IND-01747
NET-01748,2026-01-01 04:24:45+00:00,1,IOMT-022,S-IOMT-022-751,EHR_WRITE,EP-IND-01748
NET-01749,2026-01-01 04:25:13+00:00,0,IOMT-000,S-IOMT-000-752,LAB_RESULTS,EP-IND-01749
NET-01750,2026-01-01 04:25:14+00:00,0,IOMT-021,S-IOMT-021-753,IMAGING,EP-IND-01750
NET-01751,2026-01-01 04:25:23+00:00,0,IOMT-034,S-IOMT-034-754,RESEARCH,EP-IND-01751
NET-01752,2026-01-01 04:25:35+00:00,0,IOMT-046,S-IOMT-046-755,EHR_WRITE,EP-IND-01752
NET-01753,2026-01-01 04:25:59+00:00,0,IOMT-014,S-IOMT-014-756,LAB_RESULTS,EP-IND-01753
NET-01754,2026-01-01 04:26:35+00:00,0,IOMT-017,S-IOMT-017-757,EHR_WRITE,EP-IND-01754
NET-01755,2026-01-01 04:26:41+00:00,0,IOMT-006,S-IOMT-006-758,LAB_RESULTS,EP-IND-01755
NET-01756,2026-01-01 04:26:54+00:00,0,IOMT-047,S-IOMT-047-759,EHR_WRITE,EP-IND-01756
NET-01757,2026-01-01 04:27:04+00:00,0,IOMT-041,S-IOMT-041-760,LAB_RESULTS,EP-IND-01757
NET-01758,2026-01-01 04:27:04+00:00,0,IOMT-003,S-IOMT-003-761,EHR_READ,EP-IND-01758
NET-01759,2026-01-01 04:27:07+00:00,0,IOMT-048,S-IOMT-048-762,LAB_RESULTS,EP-IND-01759
NET-01760,2026-01-01 04:27:14+00:00,0,IOMT-025,S-IOMT-025-763,EHR_WRITE,EP-IND-01760
NET-01761,2026-01-01 04:27:21+00:00,0,IOMT-008,S-IOMT-008-764,IMAGING,EP-IND-01761
NET-01762,2026-01-01 04:27:25+00:00,0,IOMT-023,S-IOMT-023-765,EHR_READ,EP-IND-01762
NET-01763,2026-01-01 04:27:31+00:00,0,IOMT-048,S-IOMT-048-766,RESEARCH,EP-IND-01763
NET-01764,2026-01-01 04:27:43+00:00,0,IOMT-018,S-IOMT-018-767,EHR_WRITE,EP-IND-01764
NET-01765,2026-01-01 04:27:45+00:00,0,IOMT-024,S-IOMT-024-768,LAB_RESULTS,EP-IND-01765
NET-01766,2026-01-01 04:28:02+00:00,0,IOMT-019,S-IOMT-019-769,EHR_READ,EP-IND-01766
NET-01767,2026-01-01 04:28:16+00:00,0,IOMT-010,S-IOMT-010-770,LAB_RESULTS,EP-IND-01767
NET-01768,2026-01-01 04:28:20+00:00,0,IOMT-029,S-IOMT-029-771,IMAGING,EP-IND-01768
NET-01769,2026-01-01 04:28:22+00:00,0,IOMT-008,S-IOMT-008-772,LAB_RESULTS,EP-IND-01769
NET-01770,2026-01-01 04:28:39+00:00,0,IOMT-005,S-IOMT-005-773,RESEARCH,EP-IND-01770
NET-01771,2026-01-01 04:28:42+00:00,0,IOMT-006,S-IOMT-006-774,IMAGING,EP-IND-01771
NET-01772,2026-01-01 04:28:50+00:00,0,IOMT-000,S-IOMT-000-775,EHR_WRITE,EP-IND-01772
NET-01773,2026-01-01 04:28:52+00:00,0,IOMT-006,S-IOMT-006-776,LAB_RESULTS,EP-IND-01773
NET-01774,2026-01-01 04:28:54+00:00,0,IOMT-037,S-IOMT-037-777,IMAGING,EP-IND-01774
NET-01775,2026-01-01 04:29:04+00:00,0,IOMT-045,S-IOMT-045-778,EHR_WRITE,EP-IND-01775
NET-01776,2026-01-01 04:29:10+00:00,0,IOMT-024,S-IOMT-024-779,LAB_RESULTS,EP-IND-01776
NET-01777,2026-01-01 04:29:42+00:00,0,IOMT-035,S-IOMT-035-780,LAB_RESULTS,EP-IND-01777
NET-01778,2026-01-01 04:29:42+00:00,0,IOMT-031,S-IOMT-031-781,LAB_RESULTS,EP-IND-01778
NET-01779,2026-01-01 04:29:44+00:00,0,IOMT-019,S-IOMT-019-782,IMAGING,EP-IND-01779
NET-01780,2026-01-01 04:29:46+00:00,0,IOMT-015,S-IOMT-015-783,RESEARCH,EP-IND-01780
NET-01781,2026-01-01 04:29:51+00:00,0,IOMT-015,S-IOMT-015-784,IMAGING,EP-IND-01781
NET-01782,2026-01-01 04:29:53+00:00,0,IOMT-008,S-IOMT-008-785,IMAGING,EP-IND-01782
NET-01783,2026-01-01 04:29:56+00:00,0,IOMT-022,S-IOMT-022-786,LAB_RESULTS,EP-IND-01783
NET-01784,2026-01-01 04:30:05+00:00,0,IOMT-011,S-IOMT-011-787,RESEARCH,EP-IND-01784
NET-01785,2026-01-01 04:30:06+00:00,0,IOMT-000,S-IOMT-000-788,EHR_WRITE,EP-IND-01785
NET-01786,2026-01-01 04:30:12+00:00,0,IOMT-040,S-IOMT-040-789,EHR_WRITE,EP-IND-01786
NET-01787,2026-01-01 04:30:14+00:00,0,IOMT-034,S-IOMT-034-790,EHR_READ,EP-IND-01787
NET-01788,2026-01-01 04:30:26+00:00,0,IOMT-023,S-IOMT-023-791,LAB_RESULTS,EP-IND-01788
NET-01789,2026-01-01 04:30:34+00:00,0,IOMT-031,S-IOMT-031-792,LAB_RESULTS,EP-IND-01789
NET-01790,2026-01-01 04:30:41+00:00,0,IOMT-010,S-IOMT-010-793,EHR_WRITE,EP-IND-01790
NET-01791,2026-01-01 04:30:42+00:00,0,IOMT-003,S-IOMT-003-794,RESEARCH,EP-IND-01791
NET-01792,2026-01-01 04:30:44+00:00,0,IOMT-044,S-IOMT-044-795,LAB_RESULTS,EP-IND-01792
NET-01793,2026-01-01 04:30:53+00:00,0,IOMT-005,S-IOMT-005-796,LAB_RESULTS,EP-IND-01793
NET-01794,2026-01-01 04:31:18+00:00,0,IOMT-018,S-IOMT-018-797,LAB_RESULTS,EP-IND-01794
NET-01795,2026-01-01 04:31:26+00:00,0,IOMT-016,S-IOMT-016-798,IMAGING,EP-IND-01795
NET-01796,2026-01-01 04:31:50+00:00,0,IOMT-032,S-IOMT-032-799,EHR_READ,EP-IND-01796
NET-01797,2026-01-01 04:31:55+00:00,0,IOMT-019,S-IOMT-019-800,LAB_RESULTS,EP-IND-01797
NET-01798,2026-01-01 04:32:11+00:00,0,IOMT-001,S-IOMT-001-801,EHR_READ,EP-IND-01798
NET-01799,2026-01-01 04:32:17+00:00,0,IOMT-000,S-IOMT-000-802,LAB_RESULTS,EP-IND-01799
NET-01800,2026-01-01 04:32:22+00:00,0,IOMT-032,S-IOMT-032-803,EHR_WRITE,EP-IND-01800
NET-01801,2026-01-01 04:32:29+00:00,0,IOMT-033,S-IOMT-033-804,EHR_WRITE,EP-IND-01801
NET-01802,2026-01-01 04:32:31+00:00,0,IOMT-017,S-IOMT-017-805,EHR_WRITE,EP-IND-01802
NET-01803,2026-01-01 04:32:44+00:00,0,IOMT-030,S-IOMT-030-806,EHR_WRITE,EP-IND-01803
NET-01804,2026-01-01 04:33:07+00:00,0,IOMT-021,S-IOMT-021-807,EHR_WRITE,EP-IND-01804
NET-01805,2026-01-01 04:33:07+00:00,0,IOMT-024,S-IOMT-024-808,LAB_RESULTS,EP-IND-01805
NET-01806,2026-01-01 04:33:08+00:00,0,IOMT-000,S-IOMT-000-809,EHR_WRITE,EP-IND-01806
NET-01807,2026-01-01 04:33:08+00:00,0,IOMT-014,S-IOMT-014-810,RESEARCH,EP-IND-01807
NET-01808,2026-01-01 04:33:12+00:00,0,IOMT-029,S-IOMT-029-811,IMAGING,EP-IND-01808
NET-01809,2026-01-01 04:33:17+00:00,0,IOMT-003,S-IOMT-003-812,EHR_WRITE,EP-IND-01809
NET-01810,2026-01-01 04:33:18+00:00,0,IOMT-001,S-IOMT-001-813,EHR_READ,EP-IND-01810
NET-01811,2026-01-01 04:33:19+00:00,0,IOMT-041,S-IOMT-041-814,EHR_WRITE,EP-IND-01811
NET-01812,2026-01-01 04:33:26+00:00,0,IOMT-034,S-IOMT-034-815,RESEARCH,EP-IND-01812
NET-01813,2026-01-01 04:33:27+00:00,0,IOMT-024,S-IOMT-024-816,EHR_READ,EP-IND-01813
NET-01814,2026-01-01 04:33:38+00:00,0,IOMT-040,S-IOMT-040-817,IMAGING,EP-IND-01814
NET-01815,2026-01-01 04:34:22+00:00,0,IOMT-014,S-IOMT-014-818,LAB_RESULTS,EP-IND-01815
NET-01816,2026-01-01 04:34:36+00:00,0,IOMT-006,S-IOMT-006-819,EHR_READ,EP-IND-01816
NET-01817,2026-01-01 04:34:42+00:00,0,IOMT-023,S-IOMT-023-820,IMAGING,EP-IND-01817
NET-01818,2026-01-01 04:34:54+00:00,0,IOMT-001,S-IOMT-001-821,LAB_RESULTS,EP-IND-01818
NET-01819,2026-01-01 04:35:04+00:00,0,IOMT-002,S-IOMT-002-822,LAB_RESULTS,EP-IND-01819
NET-01820,2026-01-01 04:35:07+00:00,0,IOMT-001,S-IOMT-001-823,EHR_READ,EP-IND-01820
NET-01821,2026-01-01 04:35:09+00:00,0,IOMT-011,S-IOMT-011-824,RESEARCH,EP-IND-01821
NET-01822,2026-01-01 04:35:31+00:00,0,IOMT-043,S-IOMT-043-825,LAB_RESULTS,EP-IND-01822
NET-01823,2026-01-01 04:35:38+00:00,0,IOMT-030,S-IOMT-030-826,EHR_WRITE,EP-IND-01823
NET-01824,2026-01-01 04:35:43+00:00,0,IOMT-008,S-IOMT-008-827,LAB_RESULTS,EP-IND-01824
NET-01825,2026-01-01 04:35:47+00:00,0,IOMT-021,S-IOMT-021-828,RESEARCH,EP-IND-01825
NET-01826,2026-01-01 04:35:50+00:00,0,IOMT-027,S-IOMT-027-829,EHR_WRITE,EP-IND-01826
NET-01827,2026-01-01 04:35:59+00:00,0,IOMT-003,S-IOMT-003-830,IMAGING,EP-IND-01827
NET-01828,2026-01-01 04:36:08+00:00,0,IOMT-000,S-IOMT-000-831,EHR_READ,EP-IND-01828
NET-01829,2026-01-01 04:36:15+00:00,1,IOMT-011,S-IOMT-011-832,EHR_WRITE,EP-IND-01829
NET-01830,2026-01-01 04:36:38+00:00,0,IOMT-017,S-IOMT-017-833,IMAGING,EP-IND-01830
NET-01831,2026-01-01 04:36:42+00:00,0,IOMT-047,S-IOMT-047-834,EHR_READ,EP-IND-01831
NET-01832,2026-01-01 04:36:52+00:00,0,IOMT-011,S-IOMT-011-835,RESEARCH,EP-IND-01832
NET-01833,2026-01-01 04:36:54+00:00,1,IOMT-036,S-IOMT-036-836,IMAGING,EP-IND-01833
NET-01834,2026-01-01 04:37:15+00:00,0,IOMT-026,S-IOMT-026-837,EHR_WRITE,EP-IND-01834
NET-01835,2026-01-01 04:37:18+00:00,0,IOMT-036,S-IOMT-036-838,RESEARCH,EP-IND-01835
NET-01836,2026-01-01 04:37:41+00:00,0,IOMT-019,S-IOMT-019-839,EHR_READ,EP-IND-01836
NET-01837,2026-01-01 04:37:43+00:00,0,IOMT-008,S-IOMT-008-840,EHR_READ,EP-IND-01837
NET-01838,2026-01-01 04:38:08+00:00,0,IOMT-000,S-IOMT-000-841,RESEARCH,EP-IND-01838
NET-01839,2026-01-01 04:38:15+00:00,0,IOMT-020,S-IOMT-020-842,LAB_RESULTS,EP-IND-01839
NET-01840,2026-01-01 04:38:43+00:00,0,IOMT-032,S-IOMT-032-843,EHR_READ,EP-IND-01840
NET-01841,2026-01-01 04:38:50+00:00,0,IOMT-016,S-IOMT-016-844,EHR_READ,EP-IND-01841
NET-01842,2026-01-01 04:38:58+00:00,0,IOMT-013,S-IOMT-013-845,RESEARCH,EP-IND-01842
NET-01843,2026-01-01 04:39:01+00:00,1,IOMT-035,S-IOMT-035-846,IMAGING,EP-IND-01843
NET-01844,2026-01-01 04:39:13+00:00,0,IOMT-016,S-IOMT-016-847,RESEARCH,EP-IND-01844
NET-01845,2026-01-01 04:39:16+00:00,0,IOMT-043,S-IOMT-043-848,EHR_READ,EP-IND-01845
NET-01846,2026-01-01 04:39:21+00:00,0,IOMT-029,S-IOMT-029-849,RESEARCH,EP-IND-01846
NET-01847,2026-01-01 04:39:26+00:00,0,IOMT-049,S-IOMT-049-850,IMAGING,EP-IND-01847
NET-01848,2026-01-01 04:39:28+00:00,0,IOMT-037,S-IOMT-037-851,LAB_RESULTS,EP-IND-01848
NET-01849,2026-01-01 04:39:30+00:00,0,IOMT-006,S-IOMT-006-852,LAB_RESULTS,EP-IND-01849
NET-01850,2026-01-01 04:39:33+00:00,0,IOMT-003,S-IOMT-003-853,RESEARCH,EP-IND-01850
NET-01851,2026-01-01 04:39:38+00:00,0,IOMT-030,S-IOMT-030-854,RESEARCH,EP-IND-01851
NET-01852,2026-01-01 04:39:49+00:00,0,IOMT-021,S-IOMT-021-855,EHR_READ,EP-IND-01852
NET-01853,2026-01-01 04:40:00+00:00,0,IOMT-048,S-IOMT-048-856,EHR_WRITE,EP-IND-01853
NET-01854,2026-01-01 04:40:01+00:00,0,IOMT-007,S-IOMT-007-857,LAB_RESULTS,EP-IND-01854
NET-01855,2026-01-01 04:40:07+00:00,0,IOMT-045,S-IOMT-045-858,EHR_READ,EP-IND-01855
NET-01856,2026-01-01 04:40:21+00:00,0,IOMT-030,S-IOMT-030-859,RESEARCH,EP-IND-01856
NET-01857,2026-01-01 04:40:27+00:00,0,IOMT-039,S-IOMT-039-860,RESEARCH,EP-IND-01857
NET-01858,2026-01-01 04:40:37+00:00,0,IOMT-024,S-IOMT-024-861,IMAGING,EP-IND-01858
NET-01859,2026-01-01 04:40:39+00:00,0,IOMT-038,S-IOMT-038-862,EHR_WRITE,EP-IND-01859
NET-01860,2026-01-01 04:40:39+00:00,0,IOMT-012,S-IOMT-012-863,LAB_RESULTS,EP-IND-01860
NET-01861,2026-01-01 04:40:45+00:00,0,IOMT-001,S-IOMT-001-864,IMAGING,EP-IND-01861
NET-01862,2026-01-01 04:40:47+00:00,0,IOMT-029,S-IOMT-029-865,EHR_READ,EP-IND-01862
NET-01863,2026-01-01 04:41:00+00:00,0,IOMT-023,S-IOMT-023-866,IMAGING,EP-IND-01863
NET-01864,2026-01-01 04:41:10+00:00,1,IOMT-004,S-IOMT-004-867,EHR_WRITE,EP-IND-01864
NET-01865,2026-01-01 04:41:20+00:00,0,IOMT-036,S-IOMT-036-868,RESEARCH,EP-IND-01865
NET-01866,2026-01-01 04:41:22+00:00,0,IOMT-028,S-IOMT-028-869,IMAGING,EP-IND-01866
NET-01867,2026-01-01 04:41:32+00:00,0,IOMT-019,S-IOMT-019-870,RESEARCH,EP-IND-01867
NET-01868,2026-01-01 04:41:38+00:00,0,IOMT-018,S-IOMT-018-871,IMAGING,EP-IND-01868
NET-01869,2026-01-01 04:41:40+00:00,0,IOMT-043,S-IOMT-043-872,EHR_READ,EP-IND-01869
NET-01870,2026-01-01 04:41:46+00:00,0,IOMT-008,S-IOMT-008-873,EHR_READ,EP-IND-01870
NET-01871,2026-01-01 04:42:10+00:00,0,IOMT-020,S-IOMT-020-874,IMAGING,EP-IND-01871
NET-01872,2026-01-01 04:42:22+00:00,0,IOMT-038,S-IOMT-038-875,RESEARCH,EP-IND-01872
NET-01873,2026-01-01 04:42:31+00:00,0,IOMT-015,S-IOMT-015-876,RESEARCH,EP-IND-01873
NET-01874,2026-01-01 04:43:02+00:00,0,IOMT-018,S-IOMT-018-877,LAB_RESULTS,EP-IND-01874
NET-01875,2026-01-01 04:43:11+00:00,0,IOMT-031,S-IOMT-031-878,RESEARCH,EP-IND-01875
NET-01876,2026-01-01 04:43:30+00:00,0,IOMT-004,S-IOMT-004-879,RESEARCH,EP-IND-01876
NET-01877,2026-01-01 04:43:31+00:00,0,IOMT-043,S-IOMT-043-880,EHR_WRITE,EP-IND-01877
NET-01878,2026-01-01 04:43:44+00:00,0,IOMT-030,S-IOMT-030-881,RESEARCH,EP-IND-01878
NET-01879,2026-01-01 04:43:47+00:00,0,IOMT-000,S-IOMT-000-882,EHR_WRITE,EP-IND-01879
NET-01880,2026-01-01 04:43:52+00:00,0,IOMT-045,S-IOMT-045-883,LAB_RESULTS,EP-IND-01880
NET-01881,2026-01-01 04:44:01+00:00,0,IOMT-010,S-IOMT-010-884,EHR_READ,EP-IND-01881
NET-01882,2026-01-01 04:44:17+00:00,0,IOMT-014,S-IOMT-014-885,LAB_RESULTS,EP-IND-01882
NET-01883,2026-01-01 04:44:31+00:00,0,IOMT-043,S-IOMT-043-886,LAB_RESULTS,EP-IND-01883
NET-01884,2026-01-01 04:44:34+00:00,0,IOMT-043,S-IOMT-043-887,IMAGING,EP-IND-01884
NET-01885,2026-01-01 04:44:37+00:00,0,IOMT-026,S-IOMT-026-888,EHR_WRITE,EP-IND-01885
NET-01886,2026-01-01 04:44:39+00:00,0,IOMT-023,S-IOMT-023-889,RESEARCH,EP-IND-01886
NET-01887,2026-01-01 04:44:44+00:00,0,IOMT-026,S-IOMT-026-890,LAB_RESULTS,EP-IND-01887
NET-01888,2026-01-01 04:44:54+00:00,0,IOMT-042,S-IOMT-042-891,RESEARCH,EP-IND-01888
NET-01889,2026-01-01 04:45:09+00:00,0,IOMT-027,S-IOMT-027-892,EHR_READ,EP-IND-01889
NET-01890,2026-01-01 04:45:10+00:00,0,IOMT-019,S-IOMT-019-893,EHR_WRITE,EP-IND-01890
NET-01891,2026-01-01 04:45:23+00:00,0,IOMT-006,S-IOMT-006-894,EHR_READ,EP-IND-01891
NET-01892,2026-01-01 04:45:23+00:00,0,IOMT-031,S-IOMT-031-895,RESEARCH,EP-IND-01892
NET-01893,2026-01-01 04:45:23+00:00,0,IOMT-046,S-IOMT-046-896,RESEARCH,EP-IND-01893
NET-01894,2026-01-01 04:45:25+00:00,0,IOMT-017,S-IOMT-017-897,IMAGING,EP-IND-01894
NET-01895,2026-01-01 04:45:42+00:00,0,IOMT-012,S-IOMT-012-898,IMAGING,EP-IND-01895
NET-01896,2026-01-01 04:45:45+00:00,0,IOMT-029,S-IOMT-029-899,LAB_RESULTS,EP-IND-01896
NET-01897,2026-01-01 04:45:59+00:00,0,IOMT-043,S-IOMT-043-900,EHR_READ,EP-IND-01897
NET-01898,2026-01-01 04:46:04+00:00,0,IOMT-013,S-IOMT-013-901,EHR_WRITE,EP-IND-01898
NET-01899,2026-01-01 04:46:10+00:00,0,IOMT-026,S-IOMT-026-902,IMAGING,EP-IND-01899
NET-01900,2026-01-01 04:46:21+00:00,0,IOMT-043,S-IOMT-043-903,EHR_READ,EP-IND-01900
NET-01901,2026-01-01 04:46:23+00:00,0,IOMT-013,S-IOMT-013-904,RESEARCH,EP-IND-01901
NET-01902,2026-01-01 04:46:32+00:00,0,IOMT-032,S-IOMT-032-905,RESEARCH,EP-IND-01902
NET-01903,2026-01-01 04:46:35+00:00,0,IOMT-009,S-IOMT-009-906,IMAGING,EP-IND-01903
NET-01904,2026-01-01 04:46:41+00:00,0,IOMT-043,S-IOMT-043-907,EHR_READ,EP-IND-01904
NET-01905,2026-01-01 04:46:43+00:00,0,IOMT-020,S-IOMT-020-908,LAB_RESULTS,EP-IND-01905
NET-01906,2026-01-01 04:46:54+00:00,0,IOMT-040,S-IOMT-040-909,IMAGING,EP-IND-01906
NET-01907,2026-01-01 04:47:11+00:00,0,IOMT-015,S-IOMT-015-910,IMAGING,EP-IND-01907
NET-01908,2026-01-01 04:47:22+00:00,0,IOMT-018,S-IOMT-018-911,IMAGING,EP-IND-01908
NET-01909,2026-01-01 04:47:47+00:00,0,IOMT-037,S-IOMT-037-912,LAB_RESULTS,EP-IND-01909
NET-01910,2026-01-01 04:47:58+00:00,0,IOMT-027,S-IOMT-027-913,EHR_READ,EP-IND-01910
NET-01911,2026-01-01 04:48:01+00:00,0,IOMT-040,S-IOMT-040-914,EHR_WRITE,EP-IND-01911
NET-01912,2026-01-01 04:48:02+00:00,0,IOMT-048,S-IOMT-048-915,RESEARCH,EP-IND-01912
NET-01913,2026-01-01 04:48:05+00:00,0,IOMT-043,S-IOMT-043-916,LAB_RESULTS,EP-IND-01913
NET-01914,2026-01-01 04:48:14+00:00,0,IOMT-015,S-IOMT-015-917,IMAGING,EP-IND-01914
NET-01915,2026-01-01 04:48:31+00:00,0,IOMT-007,S-IOMT-007-918,LAB_RESULTS,EP-IND-01915
NET-01916,2026-01-01 04:48:33+00:00,0,IOMT-038,S-IOMT-038-919,IMAGING,EP-IND-01916
NET-01917,2026-01-01 04:48:39+00:00,0,IOMT-024,S-IOMT-024-920,LAB_RESULTS,EP-IND-01917
NET-01918,2026-01-01 04:48:47+00:00,0,IOMT-027,S-IOMT-027-921,IMAGING,EP-IND-01918
NET-01919,2026-01-01 04:49:11+00:00,1,IOMT-014,S-IOMT-014-922,RESEARCH,EP-IND-01919
NET-01920,2026-01-01 04:49:16+00:00,0,IOMT-007,S-IOMT-007-923,EHR_WRITE,EP-IND-01920
NET-01921,2026-01-01 04:49:18+00:00,0,IOMT-037,S-IOMT-037-924,LAB_RESULTS,EP-IND-01921
NET-01922,2026-01-01 04:49:24+00:00,0,IOMT-034,S-IOMT-034-925,IMAGING,EP-IND-01922
NET-01923,2026-01-01 04:49:30+00:00,0,IOMT-022,S-IOMT-022-926,RESEARCH,EP-IND-01923
NET-01924,2026-01-01 04:49:30+00:00,0,IOMT-032,S-IOMT-032-927,RESEARCH,EP-IND-01924
NET-01925,2026-01-01 04:49:30+00:00,0,IOMT-029,S-IOMT-029-928,LAB_RESULTS,EP-IND-01925
NET-01926,2026-01-01 04:49:30+00:00,0,IOMT-030,S-IOMT-030-929,RESEARCH,EP-IND-01926
NET-01927,2026-01-01 04:49:37+00:00,0,IOMT-007,S-IOMT-007-930,EHR_WRITE,EP-IND-01927
NET-01928,2026-01-01 04:49:52+00:00,0,IOMT-000,S-IOMT-000-931,EHR_WRITE,EP-IND-01928
NET-01929,2026-01-01 04:49:57+00:00,0,IOMT-026,S-IOMT-026-932,IMAGING,EP-IND-01929
NET-01930,2026-01-01 04:50:02+00:00,0,IOMT-048,S-IOMT-048-933,RESEARCH,EP-IND-01930
NET-01931,2026-01-01 04:50:14+00:00,0,IOMT-006,S-IOMT-006-934,EHR_READ,EP-IND-01931
NET-01932,2026-01-01 04:50:19+00:00,0,IOMT-000,S-IOMT-000-935,LAB_RESULTS,EP-IND-01932
NET-01933,2026-01-01 04:50:33+00:00,0,IOMT-042,S-IOMT-042-936,RESEARCH,EP-IND-01933
NET-01934,2026-01-01 04:50:39+00:00,0,IOMT-043,S-IOMT-043-937,IMAGING,EP-IND-01934
NET-01935,2026-01-01 04:50:41+00:00,0,IOMT-016,S-IOMT-016-938,EHR_READ,EP-IND-01935
NET-01936,2026-01-01 04:50:47+00:00,0,IOMT-039,S-IOMT-039-939,EHR_READ,EP-IND-01936
NET-01937,2026-01-01 04:50:52+00:00,0,IOMT-023,S-IOMT-023-940,LAB_RESULTS,EP-IND-01937
NET-01938,2026-01-01 04:50:55+00:00,0,IOMT-043,S-IOMT-043-941,EHR_WRITE,EP-IND-01938
NET-01939,2026-01-01 04:51:13+00:00,0,IOMT-020,S-IOMT-020-942,LAB_RESULTS,EP-IND-01939
NET-01940,2026-01-01 04:51:15+00:00,0,IOMT-001,S-IOMT-001-943,LAB_RESULTS,EP-IND-01940
NET-01941,2026-01-01 04:51:17+00:00,0,IOMT-016,S-IOMT-016-944,IMAGING,EP-IND-01941
NET-01942,2026-01-01 04:51:19+00:00,0,IOMT-036,S-IOMT-036-945,IMAGING,EP-IND-01942
NET-01943,2026-01-01 04:51:29+00:00,0,IOMT-004,S-IOMT-004-946,EHR_READ,EP-IND-01943
NET-01944,2026-01-01 04:51:31+00:00,0,IOMT-001,S-IOMT-001-947,RESEARCH,EP-IND-01944
NET-01945,2026-01-01 04:51:31+00:00,0,IOMT-030,S-IOMT-030-948,RESEARCH,EP-IND-01945
NET-01946,2026-01-01 04:51:34+00:00,0,IOMT-047,S-IOMT-047-949,IMAGING,EP-IND-01946
NET-01947,2026-01-01 04:51:40+00:00,1,IOMT-049,S-IOMT-049-950,LAB_RESULTS,EP-IND-01947
NET-01948,2026-01-01 04:52:15+00:00,0,IOMT-027,S-IOMT-027-951,IMAGING,EP-IND-01948
NET-01949,2026-01-01 04:52:24+00:00,0,IOMT-024,S-IOMT-024-952,EHR_READ,EP-IND-01949
NET-01950,2026-01-01 04:52:25+00:00,0,IOMT-003,S-IOMT-003-953,EHR_WRITE,EP-IND-01950
NET-01951,2026-01-01 04:52:31+00:00,0,IOMT-049,S-IOMT-049-954,EHR_WRITE,EP-IND-01951
NET-01952,2026-01-01 04:52:42+00:00,0,IOMT-043,S-IOMT-043-955,EHR_READ,EP-IND-01952
NET-01953,2026-01-01 04:52:46+00:00,0,IOMT-049,S-IOMT-049-956,RESEARCH,EP-IND-01953
NET-01954,2026-01-01 04:53:20+00:00,0,IOMT-001,S-IOMT-001-957,LAB_RESULTS,EP-IND-01954
NET-01955,2026-01-01 04:53:21+00:00,0,IOMT-022,S-IOMT-022-958,LAB_RESULTS,EP-IND-01955
NET-01956,2026-01-01 04:53:38+00:00,0,IOMT-023,S-IOMT-023-959,EHR_READ,EP-IND-01956
NET-01957,2026-01-01 04:53:40+00:00,0,IOMT-017,S-IOMT-017-960,IMAGING,EP-IND-01957
NET-01958,2026-01-01 04:53:42+00:00,0,IOMT-030,S-IOMT-030-961,RESEARCH,EP-IND-01958
NET-01959,2026-01-01 04:54:03+00:00,0,IOMT-004,S-IOMT-004-962,LAB_RESULTS,EP-IND-01959
NET-01960,2026-01-01 04:54:09+00:00,0,IOMT-016,S-IOMT-016-963,RESEARCH,EP-IND-01960
NET-01961,2026-01-01 04:54:09+00:00,0,IOMT-047,S-IOMT-047-964,IMAGING,EP-IND-01961
NET-01962,2026-01-01 04:54:22+00:00,0,IOMT-017,S-IOMT-017-965,RESEARCH,EP-IND-01962
NET-01963,2026-01-01 04:54:30+00:00,0,IOMT-040,S-IOMT-040-966,LAB_RESULTS,EP-IND-01963
NET-01964,2026-01-01 04:54:36+00:00,0,IOMT-013,S-IOMT-013-967,IMAGING,EP-IND-01964
NET-01965,2026-01-01 04:54:39+00:00,0,IOMT-028,S-IOMT-028-968,EHR_WRITE,EP-IND-01965
NET-01966,2026-01-01 04:54:42+00:00,0,IOMT-041,S-IOMT-041-969,EHR_READ,EP-IND-01966
NET-01967,2026-01-01 04:54:43+00:00,0,IOMT-010,S-IOMT-010-970,EHR_WRITE,EP-IND-01967
NET-01968,2026-01-01 04:54:56+00:00,0,IOMT-034,S-IOMT-034-971,RESEARCH,EP-IND-01968
NET-01969,2026-01-01 04:54:59+00:00,0,IOMT-025,S-IOMT-025-972,RESEARCH,EP-IND-01969
NET-01970,2026-01-01 04:55:06+00:00,0,IOMT-003,S-IOMT-003-973,EHR_READ,EP-IND-01970
NET-01971,2026-01-01 04:55:06+00:00,0,IOMT-023,S-IOMT-023-974,RESEARCH,EP-IND-01971
NET-01972,2026-01-01 04:55:08+00:00,0,IOMT-026,S-IOMT-026-975,RESEARCH,EP-IND-01972
NET-01973,2026-01-01 04:55:14+00:00,0,IOMT-032,S-IOMT-032-976,EHR_WRITE,EP-IND-01973
NET-01974,2026-01-01 04:55:18+00:00,0,IOMT-044,S-IOMT-044-977,IMAGING,EP-IND-01974
NET-01975,2026-01-01 04:55:20+00:00,0,IOMT-046,S-IOMT-046-978,EHR_WRITE,EP-IND-01975
NET-01976,2026-01-01 04:55:29+00:00,0,IOMT-024,S-IOMT-024-979,LAB_RESULTS,EP-IND-01976
NET-01977,2026-01-01 04:56:15+00:00,0,IOMT-033,S-IOMT-033-980,EHR_WRITE,EP-IND-01977
NET-01978,2026-01-01 04:56:32+00:00,0,IOMT-020,S-IOMT-020-981,RESEARCH,EP-IND-01978
NET-01979,2026-01-01 04:56:34+00:00,0,IOMT-024,S-IOMT-024-982,EHR_READ,EP-IND-01979
NET-01980,2026-01-01 04:57:01+00:00,0,IOMT-012,S-IOMT-012-983,LAB_RESULTS,EP-IND-01980
NET-01981,2026-01-01 04:57:15+00:00,0,IOMT-001,S-IOMT-001-984,RESEARCH,EP-IND-01981
NET-01982,2026-01-01 04:57:16+00:00,0,IOMT-043,S-IOMT-043-985,IMAGING,EP-IND-01982
NET-01983,2026-01-01 04:57:39+00:00,0,IOMT-009,S-IOMT-009-986,LAB_RESULTS,EP-IND-01983
NET-01984,2026-01-01 04:57:41+00:00,0,IOMT-006,S-IOMT-006-987,LAB_RESULTS,EP-IND-01984
NET-01985,2026-01-01 04:57:43+00:00,0,IOMT-005,S-IOMT-005-988,EHR_WRITE,EP-IND-01985
NET-01986,2026-01-01 04:58:19+00:00,0,IOMT-019,S-IOMT-019-989,EHR_WRITE,EP-IND-01986
NET-01987,2026-01-01 04:58:46+00:00,0,IOMT-027,S-IOMT-027-990,EHR_WRITE,EP-IND-01987
NET-01988,2026-01-01 04:59:21+00:00,0,IOMT-004,S-IOMT-004-991,IMAGING,EP-IND-01988
NET-01989,2026-01-01 04:59:23+00:00,0,IOMT-017,S-IOMT-017-992,RESEARCH,EP-IND-01989
NET-01990,2026-01-01 04:59:36+00:00,0,IOMT-006,S-IOMT-006-993,EHR_READ,EP-IND-01990
NET-01991,2026-01-01 04:59:45+00:00,1,IOMT-024,S-IOMT-024-994,LAB_RESULTS,EP-IND-01991
NET-01992,2026-01-01 04:59:47+00:00,0,IOMT-023,S-IOMT-023-995,RESEARCH,EP-IND-01992
NET-01993,2026-01-01 04:59:49+00:00,0,IOMT-000,S-IOMT-000-996,EHR_READ,EP-IND-01993
NET-01994,2026-01-01 04:59:58+00:00,0,IOMT-019,S-IOMT-019-0,LAB_RESULTS,EP-IND-01994
NET-01995,2026-01-01 05:00:21+00:00,0,IOMT-047,S-IOMT-047-1,RESEARCH,EP-IND-01995
NET-01996,2026-01-01 05:00:45+00:00,0,IOMT-045,S-IOMT-045-2,IMAGING,EP-IND-01996
NET-01997,2026-01-01 05:00:47+00:00,0,IOMT-002,S-IOMT-002-3,LAB_RESULTS,EP-IND-01997
NET-01998,2026-01-01 05:00:56+00:00,0,IOMT-005,S-IOMT-005-4,IMAGING,EP-IND-01998
NET-01999,2026-01-01 05:00:57+00:00,0,IOMT-045,S-IOMT-045-5,EHR_READ,EP-IND-01999
NET-02000,2026-01-01 05:01:37+00:00,0,IOMT-019,S-IOMT-019-6,RESEARCH,EP-IND-02000
NET-02001,2026-01-01 05:01:38+00:00,0,IOMT-003,S-IOMT-003-7,EHR_WRITE,EP-IND-02001
NET-02002,2026-01-01 05:02:09+00:00,0,IOMT-015,S-IOMT-015-8,EHR_WRITE,EP-IND-02002
NET-02003,2026-01-01 05:02:10+00:00,0,IOMT-017,S-IOMT-017-9,EHR_WRITE,EP-IND-02003
NET-02004,2026-01-01 05:02:12+00:00,0,IOMT-038,S-IOMT-038-10,LAB_RESULTS,EP-IND-02004
NET-02005,2026-01-01 05:02:16+00:00,0,IOMT-039,S-IOMT-039-11,LAB_RESULTS,EP-IND-02005
NET-02006,2026-01-01 05:02:21+00:00,0,IOMT-027,S-IOMT-027-12,RESEARCH,EP-IND-02006
NET-02007,2026-01-01 05:02:59+00:00,0,IOMT-047,S-IOMT-047-13,EHR_WRITE,EP-IND-02007
NET-02008,2026-01-01 05:03:11+00:00,0,IOMT-031,S-IOMT-031-14,EHR_READ,EP-IND-02008
NET-02009,2026-01-01 05:03:16+00:00,0,IOMT-008,S-IOMT-008-15,EHR_READ,EP-IND-02009
NET-02010,2026-01-01 05:03:39+00:00,0,IOMT-011,S-IOMT-011-16,EHR_WRITE,EP-IND-02010
NET-02011,2026-01-01 05:03:46+00:00,0,IOMT-003,S-IOMT-003-17,RESEARCH,EP-IND-02011
NET-02012,2026-01-01 05:03:47+00:00,0,IOMT-025,S-IOMT-025-18,EHR_READ,EP-IND-02012
NET-02013,2026-01-01 05:04:07+00:00,0,IOMT-012,S-IOMT-012-19,EHR_READ,EP-IND-02013
NET-02014,2026-01-01 05:04:11+00:00,0,IOMT-039,S-IOMT-039-20,RESEARCH,EP-IND-02014
NET-02015,2026-01-01 05:04:17+00:00,0,IOMT-029,S-IOMT-029-21,RESEARCH,EP-IND-02015
NET-02016,2026-01-01 05:04:20+00:00,0,IOMT-011,S-IOMT-011-22,EHR_WRITE,EP-IND-02016
NET-02017,2026-01-01 05:04:37+00:00,0,IOMT-014,S-IOMT-014-23,RESEARCH,EP-IND-02017
NET-02018,2026-01-01 05:04:38+00:00,0,IOMT-038,S-IOMT-038-24,EHR_WRITE,EP-IND-02018
NET-02019,2026-01-01 05:04:42+00:00,0,IOMT-046,S-IOMT-046-25,EHR_READ,EP-IND-02019
NET-02020,2026-01-01 05:04:44+00:00,0,IOMT-046,S-IOMT-046-26,LAB_RESULTS,EP-IND-02020
NET-02021,2026-01-01 05:04:45+00:00,0,IOMT-009,S-IOMT-009-27,RESEARCH,EP-IND-02021
NET-02022,2026-01-01 05:04:56+00:00,0,IOMT-013,S-IOMT-013-28,RESEARCH,EP-IND-02022
NET-02023,2026-01-01 05:04:57+00:00,0,IOMT-018,S-IOMT-018-29,LAB_RESULTS,EP-IND-02023
NET-02024,2026-01-01 05:04:57+00:00,0,IOMT-013,S-IOMT-013-30,RESEARCH,EP-IND-02024
NET-02025,2026-01-01 05:05:11+00:00,0,IOMT-049,S-IOMT-049-31,IMAGING,EP-IND-02025
NET-02026,2026-01-01 05:05:18+00:00,0,IOMT-035,S-IOMT-035-32,EHR_WRITE,EP-IND-02026
NET-02027,2026-01-01 05:05:43+00:00,0,IOMT-007,S-IOMT-007-33,RESEARCH,EP-IND-02027
NET-02028,2026-01-01 05:05:44+00:00,1,IOMT-001,S-IOMT-001-34,EHR_WRITE,EP-IND-02028
NET-02029,2026-01-01 05:05:47+00:00,0,IOMT-012,S-IOMT-012-35,IMAGING,EP-IND-02029
NET-02030,2026-01-01 05:05:56+00:00,0,IOMT-049,S-IOMT-049-36,EHR_WRITE,EP-IND-02030
NET-02031,2026-01-01 05:06:24+00:00,0,IOMT-025,S-IOMT-025-37,EHR_WRITE,EP-IND-02031
NET-02032,2026-01-01 05:06:36+00:00,0,IOMT-021,S-IOMT-021-38,LAB_RESULTS,EP-IND-02032
NET-02033,2026-01-01 05:06:38+00:00,0,IOMT-014,S-IOMT-014-39,EHR_WRITE,EP-IND-02033
NET-02034,2026-01-01 05:07:07+00:00,0,IOMT-001,S-IOMT-001-40,LAB_RESULTS,EP-IND-02034
NET-02035,2026-01-01 05:07:12+00:00,0,IOMT-036,S-IOMT-036-41,EHR_WRITE,EP-IND-02035
NET-02036,2026-01-01 05:07:18+00:00,0,IOMT-029,S-IOMT-029-42,RESEARCH,EP-IND-02036
NET-02037,2026-01-01 05:07:49+00:00,0,IOMT-047,S-IOMT-047-43,LAB_RESULTS,EP-IND-02037
NET-02038,2026-01-01 05:08:03+00:00,0,IOMT-030,S-IOMT-030-44,RESEARCH,EP-IND-02038
NET-02039,2026-01-01 05:08:20+00:00,0,IOMT-015,S-IOMT-015-45,EHR_READ,EP-IND-02039
NET-02040,2026-01-01 05:08:28+00:00,0,IOMT-000,S-IOMT-000-46,IMAGING,EP-IND-02040
NET-02041,2026-01-01 05:08:31+00:00,0,IOMT-021,S-IOMT-021-47,LAB_RESULTS,EP-IND-02041
NET-02042,2026-01-01 05:08:34+00:00,0,IOMT-028,S-IOMT-028-48,RESEARCH,EP-IND-02042
NET-02043,2026-01-01 05:08:35+00:00,1,IOMT-026,S-IOMT-026-49,EHR_READ,EP-IND-02043
NET-02044,2026-01-01 05:08:42+00:00,0,IOMT-009,S-IOMT-009-50,IMAGING,EP-IND-02044
NET-02045,2026-01-01 05:08:43+00:00,0,IOMT-030,S-IOMT-030-51,EHR_READ,EP-IND-02045
NET-02046,2026-01-01 05:08:50+00:00,0,IOMT-004,S-IOMT-004-52,IMAGING,EP-IND-02046
NET-02047,2026-01-01 05:08:51+00:00,0,IOMT-049,S-IOMT-049-53,RESEARCH,EP-IND-02047
NET-02048,2026-01-01 05:09:00+00:00,0,IOMT-041,S-IOMT-041-54,IMAGING,EP-IND-02048
NET-02049,2026-01-01 05:09:02+00:00,0,IOMT-018,S-IOMT-018-55,EHR_WRITE,EP-IND-02049
NET-02050,2026-01-01 05:09:34+00:00,0,IOMT-018,S-IOMT-018-56,RESEARCH,EP-IND-02050
NET-02051,2026-01-01 05:09:42+00:00,0,IOMT-025,S-IOMT-025-57,IMAGING,EP-IND-02051
NET-02052,2026-01-01 05:09:43+00:00,0,IOMT-030,S-IOMT-030-58,IMAGING,EP-IND-02052
NET-02053,2026-01-01 05:09:44+00:00,0,IOMT-039,S-IOMT-039-59,EHR_WRITE,EP-IND-02053
NET-02054,2026-01-01 05:10:06+00:00,0,IOMT-029,S-IOMT-029-60,LAB_RESULTS,EP-IND-02054
NET-02055,2026-01-01 05:10:29+00:00,0,IOMT-021,S-IOMT-021-61,EHR_WRITE,EP-IND-02055
NET-02056,2026-01-01 05:10:55+00:00,0,IOMT-005,S-IOMT-005-62,EHR_READ,EP-IND-02056
NET-02057,2026-01-01 05:10:58+00:00,0,IOMT-018,S-IOMT-018-63,LAB_RESULTS,EP-IND-02057
NET-02058,2026-01-01 05:11:08+00:00,0,IOMT-013,S-IOMT-013-64,LAB_RESULTS,EP-IND-02058
NET-02059,2026-01-01 05:11:10+00:00,0,IOMT-039,S-IOMT-039-65,EHR_READ,EP-IND-02059
NET-02060,2026-01-01 05:11:14+00:00,0,IOMT-017,S-IOMT-017-66,LAB_RESULTS,EP-IND-02060
NET-02061,2026-01-01 05:11:23+00:00,0,IOMT-038,S-IOMT-038-67,EHR_WRITE,EP-IND-02061
NET-02062,2026-01-01 05:11:26+00:00,0,IOMT-014,S-IOMT-014-68,EHR_READ,EP-IND-02062
NET-02063,2026-01-01 05:11:33+00:00,0,IOMT-042,S-IOMT-042-69,IMAGING,EP-IND-02063
NET-02064,2026-01-01 05:11:44+00:00,1,IOMT-006,S-IOMT-006-70,LAB_RESULTS,EP-IND-02064
NET-02065,2026-01-01 05:11:53+00:00,0,IOMT-049,S-IOMT-049-71,RESEARCH,EP-IND-02065
NET-02066,2026-01-01 05:12:01+00:00,0,IOMT-000,S-IOMT-000-72,LAB_RESULTS,EP-IND-02066
NET-02067,2026-01-01 05:12:06+00:00,0,IOMT-046,S-IOMT-046-73,RESEARCH,EP-IND-02067
NET-02068,2026-01-01 05:12:34+00:00,0,IOMT-029,S-IOMT-029-74,IMAGING,EP-IND-02068
NET-02069,2026-01-01 05:12:45+00:00,0,IOMT-031,S-IOMT-031-75,EHR_READ,EP-IND-02069
NET-02070,2026-01-01 05:13:08+00:00,0,IOMT-038,S-IOMT-038-76,RESEARCH,EP-IND-02070
NET-02071,2026-01-01 05:13:18+00:00,0,IOMT-022,S-IOMT-022-77,IMAGING,EP-IND-02071
NET-02072,2026-01-01 05:13:25+00:00,0,IOMT-040,S-IOMT-040-78,RESEARCH,EP-IND-02072
NET-02073,2026-01-01 05:13:49+00:00,0,IOMT-020,S-IOMT-020-79,IMAGING,EP-IND-02073
NET-02074,2026-01-01 05:13:54+00:00,0,IOMT-048,S-IOMT-048-80,EHR_READ,EP-IND-02074
NET-02075,2026-01-01 05:14:03+00:00,0,IOMT-045,S-IOMT-045-81,EHR_READ,EP-IND-02075
NET-02076,2026-01-01 05:14:04+00:00,0,IOMT-020,S-IOMT-020-82,LAB_RESULTS,EP-IND-02076
NET-02077,2026-01-01 05:14:09+00:00,0,IOMT-031,S-IOMT-031-83,LAB_RESULTS,EP-IND-02077
NET-02078,2026-01-01 05:14:11+00:00,0,IOMT-005,S-IOMT-005-84,EHR_READ,EP-IND-02078
NET-02079,2026-01-01 05:14:21+00:00,0,IOMT-029,S-IOMT-029-85,LAB_RESULTS,EP-IND-02079
NET-02080,2026-01-01 05:14:36+00:00,0,IOMT-029,S-IOMT-029-86,EHR_WRITE,EP-IND-02080
NET-02081,2026-01-01 05:15:10+00:00,0,IOMT-046,S-IOMT-046-87,LAB_RESULTS,EP-IND-02081
NET-02082,2026-01-01 05:15:26+00:00,1,IOMT-007,S-IOMT-007-88,RESEARCH,EP-IND-02082
NET-02083,2026-01-01 05:15:53+00:00,0,IOMT-009,S-IOMT-009-89,LAB_RESULTS,EP-IND-02083
NET-02084,2026-01-01 05:16:00+00:00,0,IOMT-001,S-IOMT-001-90,EHR_WRITE,EP-IND-02084
NET-02085,2026-01-01 05:16:18+00:00,0,IOMT-039,S-IOMT-039-91,LAB_RESULTS,EP-IND-02085
NET-02086,2026-01-01 05:16:29+00:00,0,IOMT-027,S-IOMT-027-92,RESEARCH,EP-IND-02086
NET-02087,2026-01-01 05:16:42+00:00,0,IOMT-012,S-IOMT-012-93,EHR_READ,EP-IND-02087
NET-02088,2026-01-01 05:16:57+00:00,0,IOMT-027,S-IOMT-027-94,IMAGING,EP-IND-02088
NET-02089,2026-01-01 05:16:59+00:00,0,IOMT-025,S-IOMT-025-95,LAB_RESULTS,EP-IND-02089
NET-02090,2026-01-01 05:17:07+00:00,0,IOMT-018,S-IOMT-018-96,RESEARCH,EP-IND-02090
NET-02091,2026-01-01 05:17:14+00:00,0,IOMT-026,S-IOMT-026-97,IMAGING,EP-IND-02091
NET-02092,2026-01-01 05:17:19+00:00,0,IOMT-009,S-IOMT-009-98,LAB_RESULTS,EP-IND-02092
NET-02093,2026-01-01 05:17:28+00:00,0,IOMT-015,S-IOMT-015-99,EHR_READ,EP-IND-02093
NET-02094,2026-01-01 05:17:38+00:00,0,IOMT-032,S-IOMT-032-100,EHR_READ,EP-IND-02094
NET-02095,2026-01-01 05:17:45+00:00,0,IOMT-037,S-IOMT-037-101,EHR_WRITE,EP-IND-02095
NET-02096,2026-01-01 05:17:51+00:00,0,IOMT-018,S-IOMT-018-102,IMAGING,EP-IND-02096
NET-02097,2026-01-01 05:17:59+00:00,0,IOMT-028,S-IOMT-028-103,EHR_WRITE,EP-IND-02097
NET-02098,2026-01-01 05:18:04+00:00,1,IOMT-008,S-IOMT-008-104,EHR_READ,EP-IND-02098
NET-02099,2026-01-01 05:18:19+00:00,0,IOMT-023,S-IOMT-023-105,RESEARCH,EP-IND-02099
NET-02100,2026-01-01 05:18:23+00:00,0,IOMT-024,S-IOMT-024-106,IMAGING,EP-IND-02100
NET-02101,2026-01-01 05:18:26+00:00,0,IOMT-041,S-IOMT-041-107,EHR_WRITE,EP-IND-02101
NET-02102,2026-01-01 05:18:33+00:00,0,IOMT-008,S-IOMT-008-108,EHR_WRITE,EP-IND-02102
NET-02103,2026-01-01 05:18:36+00:00,0,IOMT-046,S-IOMT-046-109,IMAGING,EP-IND-02103
NET-02104,2026-01-01 05:18:38+00:00,0,IOMT-016,S-IOMT-016-110,EHR_WRITE,EP-IND-02104
NET-02105,2026-01-01 05:18:57+00:00,0,IOMT-016,S-IOMT-016-111,LAB_RESULTS,EP-IND-02105
NET-02106,2026-01-01 05:19:00+00:00,1,IOMT-018,S-IOMT-018-112,LAB_RESULTS,EP-IND-02106
NET-02107,2026-01-01 05:19:03+00:00,0,IOMT-042,S-IOMT-042-113,RESEARCH,EP-IND-02107
NET-02108,2026-01-01 05:19:08+00:00,0,IOMT-043,S-IOMT-043-114,RESEARCH,EP-IND-02108
NET-02109,2026-01-01 05:19:25+00:00,0,IOMT-026,S-IOMT-026-115,EHR_READ,EP-IND-02109
NET-02110,2026-01-01 05:19:40+00:00,1,IOMT-027,S-IOMT-027-116,LAB_RESULTS,EP-IND-02110
NET-02111,2026-01-01 05:19:43+00:00,0,IOMT-022,S-IOMT-022-117,IMAGING,EP-IND-02111
NET-02112,2026-01-01 05:19:45+00:00,0,IOMT-044,S-IOMT-044-118,EHR_READ,EP-IND-02112
NET-02113,2026-01-01 05:19:48+00:00,0,IOMT-034,S-IOMT-034-119,EHR_WRITE,EP-IND-02113
NET-02114,2026-01-01 05:20:11+00:00,0,IOMT-049,S-IOMT-049-120,EHR_WRITE,EP-IND-02114
NET-02115,2026-01-01 05:20:13+00:00,0,IOMT-039,S-IOMT-039-121,EHR_READ,EP-IND-02115
NET-02116,2026-01-01 05:20:15+00:00,0,IOMT-018,S-IOMT-018-122,EHR_WRITE,EP-IND-02116
NET-02117,2026-01-01 05:20:22+00:00,0,IOMT-009,S-IOMT-009-123,EHR_READ,EP-IND-02117
NET-02118,2026-01-01 05:20:23+00:00,0,IOMT-045,S-IOMT-045-124,LAB_RESULTS,EP-IND-02118
NET-02119,2026-01-01 05:20:50+00:00,0,IOMT-002,S-IOMT-002-125,EHR_READ,EP-IND-02119
NET-02120,2026-01-01 05:21:13+00:00,0,IOMT-032,S-IOMT-032-126,IMAGING,EP-IND-02120
NET-02121,2026-01-01 05:21:16+00:00,0,IOMT-038,S-IOMT-038-127,LAB_RESULTS,EP-IND-02121
NET-02122,2026-01-01 05:21:23+00:00,0,IOMT-044,S-IOMT-044-128,EHR_READ,EP-IND-02122
NET-02123,2026-01-01 05:21:26+00:00,0,IOMT-003,S-IOMT-003-129,EHR_READ,EP-IND-02123
NET-02124,2026-01-01 05:21:32+00:00,0,IOMT-047,S-IOMT-047-130,EHR_WRITE,EP-IND-02124
NET-02125,2026-01-01 05:21:54+00:00,0,IOMT-023,S-IOMT-023-131,IMAGING,EP-IND-02125
NET-02126,2026-01-01 05:21:58+00:00,0,IOMT-035,S-IOMT-035-132,RESEARCH,EP-IND-02126
NET-02127,2026-01-01 05:22:03+00:00,0,IOMT-037,S-IOMT-037-133,IMAGING,EP-IND-02127
NET-02128,2026-01-01 05:22:08+00:00,0,IOMT-029,S-IOMT-029-134,IMAGING,EP-IND-02128
NET-02129,2026-01-01 05:22:09+00:00,0,IOMT-000,S-IOMT-000-135,IMAGING,EP-IND-02129
NET-02130,2026-01-01 05:22:11+00:00,0,IOMT-037,S-IOMT-037-136,EHR_READ,EP-IND-02130
NET-02131,2026-01-01 05:22:13+00:00,0,IOMT-016,S-IOMT-016-137,IMAGING,EP-IND-02131
NET-02132,2026-01-01 05:22:22+00:00,0,IOMT-014,S-IOMT-014-138,LAB_RESULTS,EP-IND-02132
NET-02133,2026-01-01 05:22:37+00:00,0,IOMT-036,S-IOMT-036-139,EHR_READ,EP-IND-02133
NET-02134,2026-01-01 05:22:49+00:00,0,IOMT-044,S-IOMT-044-140,RESEARCH,EP-IND-02134
NET-02135,2026-01-01 05:23:10+00:00,0,IOMT-033,S-IOMT-033-141,EHR_WRITE,EP-IND-02135
NET-02136,2026-01-01 05:23:18+00:00,0,IOMT-004,S-IOMT-004-142,LAB_RESULTS,EP-IND-02136
NET-02137,2026-01-01 05:23:21+00:00,0,IOMT-041,S-IOMT-041-143,IMAGING,EP-IND-02137
NET-02138,2026-01-01 05:23:26+00:00,0,IOMT-042,S-IOMT-042-144,LAB_RESULTS,EP-IND-02138
NET-02139,2026-01-01 05:23:38+00:00,0,IOMT-038,S-IOMT-038-145,RESEARCH,EP-IND-02139
NET-02140,2026-01-01 05:23:41+00:00,0,IOMT-011,S-IOMT-011-146,LAB_RESULTS,EP-IND-02140
NET-02141,2026-01-01 05:24:10+00:00,0,IOMT-048,S-IOMT-048-147,IMAGING,EP-IND-02141
NET-02142,2026-01-01 05:24:16+00:00,0,IOMT-030,S-IOMT-030-148,LAB_RESULTS,EP-IND-02142
NET-02143,2026-01-01 05:24:43+00:00,0,IOMT-006,S-IOMT-006-149,LAB_RESULTS,EP-IND-02143
NET-02144,2026-01-01 05:25:13+00:00,0,IOMT-010,S-IOMT-010-150,EHR_WRITE,EP-IND-02144
NET-02145,2026-01-01 05:25:15+00:00,1,IOMT-023,S-IOMT-023-151,LAB_RESULTS,EP-IND-02145
NET-02146,2026-01-01 05:25:20+00:00,0,IOMT-020,S-IOMT-020-152,RESEARCH,EP-IND-02146
NET-02147,2026-01-01 05:25:27+00:00,0,IOMT-017,S-IOMT-017-153,RESEARCH,EP-IND-02147
NET-02148,2026-01-01 05:25:32+00:00,0,IOMT-020,S-IOMT-020-154,EHR_READ,EP-IND-02148
NET-02149,2026-01-01 05:25:37+00:00,0,IOMT-038,S-IOMT-038-155,IMAGING,EP-IND-02149
NET-02150,2026-01-01 05:25:44+00:00,0,IOMT-041,S-IOMT-041-156,EHR_READ,EP-IND-02150
NET-02151,2026-01-01 05:25:51+00:00,1,IOMT-017,S-IOMT-017-157,RESEARCH,EP-IND-02151
NET-02152,2026-01-01 05:25:55+00:00,0,IOMT-034,S-IOMT-034-158,EHR_READ,EP-IND-02152
NET-02153,2026-01-01 05:25:58+00:00,0,IOMT-007,S-IOMT-007-159,EHR_READ,EP-IND-02153
NET-02154,2026-01-01 05:25:59+00:00,0,IOMT-039,S-IOMT-039-160,EHR_WRITE,EP-IND-02154
NET-02155,2026-01-01 05:26:00+00:00,0,IOMT-030,S-IOMT-030-161,EHR_WRITE,EP-IND-02155
NET-02156,2026-01-01 05:26:01+00:00,0,IOMT-025,S-IOMT-025-162,IMAGING,EP-IND-02156
NET-02157,2026-01-01 05:26:14+00:00,0,IOMT-021,S-IOMT-021-163,EHR_WRITE,EP-IND-02157
NET-02158,2026-01-01 05:26:16+00:00,0,IOMT-005,S-IOMT-005-164,LAB_RESULTS,EP-IND-02158
NET-02159,2026-01-01 05:26:22+00:00,0,IOMT-004,S-IOMT-004-165,EHR_READ,EP-IND-02159
NET-02160,2026-01-01 05:26:22+00:00,0,IOMT-030,S-IOMT-030-166,EHR_READ,EP-IND-02160
NET-02161,2026-01-01 05:26:24+00:00,0,IOMT-034,S-IOMT-034-167,EHR_READ,EP-IND-02161
NET-02162,2026-01-01 05:26:24+00:00,0,IOMT-026,S-IOMT-026-168,IMAGING,EP-IND-02162
NET-02163,2026-01-01 05:26:27+00:00,0,IOMT-024,S-IOMT-024-169,IMAGING,EP-IND-02163
NET-02164,2026-01-01 05:26:31+00:00,1,IOMT-022,S-IOMT-022-170,EHR_READ,EP-IND-02164
NET-02165,2026-01-01 05:26:31+00:00,0,IOMT-003,S-IOMT-003-171,RESEARCH,EP-IND-02165
NET-02166,2026-01-01 05:26:35+00:00,0,IOMT-031,S-IOMT-031-172,EHR_WRITE,EP-IND-02166
NET-02167,2026-01-01 05:26:46+00:00,0,IOMT-018,S-IOMT-018-173,EHR_READ,EP-IND-02167
NET-02168,2026-01-01 05:27:52+00:00,0,IOMT-034,S-IOMT-034-174,EHR_READ,EP-IND-02168
NET-02169,2026-01-01 05:28:28+00:00,0,IOMT-019,S-IOMT-019-175,RESEARCH,EP-IND-02169
NET-02170,2026-01-01 05:28:28+00:00,0,IOMT-047,S-IOMT-047-176,EHR_READ,EP-IND-02170
NET-02171,2026-01-01 05:28:29+00:00,0,IOMT-034,S-IOMT-034-177,RESEARCH,EP-IND-02171
NET-02172,2026-01-01 05:28:32+00:00,0,IOMT-044,S-IOMT-044-178,EHR_WRITE,EP-IND-02172
NET-02173,2026-01-01 05:28:34+00:00,0,IOMT-045,S-IOMT-045-179,LAB_RESULTS,EP-IND-02173
NET-02174,2026-01-01 05:29:09+00:00,0,IOMT-038,S-IOMT-038-180,LAB_RESULTS,EP-IND-02174
NET-02175,2026-01-01 05:29:13+00:00,0,IOMT-009,S-IOMT-009-181,LAB_RESULTS,EP-IND-02175
NET-02176,2026-01-01 05:29:29+00:00,0,IOMT-049,S-IOMT-049-182,EHR_WRITE,EP-IND-02176
NET-02177,2026-01-01 05:29:38+00:00,0,IOMT-034,S-IOMT-034-183,RESEARCH,EP-IND-02177
NET-02178,2026-01-01 05:29:40+00:00,0,IOMT-032,S-IOMT-032-184,RESEARCH,EP-IND-02178
NET-02179,2026-01-01 05:29:45+00:00,0,IOMT-039,S-IOMT-039-185,EHR_WRITE,EP-IND-02179
NET-02180,2026-01-01 05:29:50+00:00,0,IOMT-032,S-IOMT-032-186,EHR_WRITE,EP-IND-02180
NET-02181,2026-01-01 05:29:53+00:00,0,IOMT-020,S-IOMT-020-187,EHR_WRITE,EP-IND-02181
NET-02182,2026-01-01 05:29:59+00:00,0,IOMT-026,S-IOMT-026-188,LAB_RESULTS,EP-IND-02182
NET-02183,2026-01-01 05:30:00+00:00,0,IOMT-013,S-IOMT-013-189,LAB_RESULTS,EP-IND-02183
NET-02184,2026-01-01 05:30:07+00:00,0,IOMT-043,S-IOMT-043-190,EHR_WRITE,EP-IND-02184
NET-02185,2026-01-01 05:30:27+00:00,0,IOMT-020,S-IOMT-020-191,LAB_RESULTS,EP-IND-02185
NET-02186,2026-01-01 05:30:28+00:00,0,IOMT-032,S-IOMT-032-192,IMAGING,EP-IND-02186
NET-02187,2026-01-01 05:30:35+00:00,0,IOMT-001,S-IOMT-001-193,EHR_WRITE,EP-IND-02187
NET-02188,2026-01-01 05:30:39+00:00,0,IOMT-030,S-IOMT-030-194,IMAGING,EP-IND-02188
NET-02189,2026-01-01 05:30:39+00:00,0,IOMT-007,S-IOMT-007-195,LAB_RESULTS,EP-IND-02189
NET-02190,2026-01-01 05:31:07+00:00,0,IOMT-043,S-IOMT-043-196,RESEARCH,EP-IND-02190
NET-02191,2026-01-01 05:31:11+00:00,0,IOMT-044,S-IOMT-044-197,RESEARCH,EP-IND-02191
NET-02192,2026-01-01 05:32:44+00:00,0,IOMT-047,S-IOMT-047-198,IMAGING,EP-IND-02192
NET-02193,2026-01-01 05:32:48+00:00,0,IOMT-026,S-IOMT-026-199,LAB_RESULTS,EP-IND-02193
NET-02194,2026-01-01 05:32:48+00:00,0,IOMT-019,S-IOMT-019-200,LAB_RESULTS,EP-IND-02194
NET-02195,2026-01-01 05:32:48+00:00,0,IOMT-018,S-IOMT-018-201,EHR_READ,EP-IND-02195
NET-02196,2026-01-01 05:32:54+00:00,0,IOMT-030,S-IOMT-030-202,EHR_WRITE,EP-IND-02196
NET-02197,2026-01-01 05:32:59+00:00,0,IOMT-045,S-IOMT-045-203,LAB_RESULTS,EP-IND-02197
NET-02198,2026-01-01 05:33:02+00:00,0,IOMT-029,S-IOMT-029-204,EHR_READ,EP-IND-02198
NET-02199,2026-01-01 05:33:04+00:00,0,IOMT-037,S-IOMT-037-205,EHR_READ,EP-IND-02199
NET-02200,2026-01-01 05:33:17+00:00,0,IOMT-043,S-IOMT-043-206,IMAGING,EP-IND-02200
NET-02201,2026-01-01 05:33:19+00:00,0,IOMT-002,S-IOMT-002-207,LAB_RESULTS,EP-IND-02201
NET-02202,2026-01-01 05:33:34+00:00,0,IOMT-026,S-IOMT-026-208,EHR_WRITE,EP-IND-02202
NET-02203,2026-01-01 05:33:38+00:00,0,IOMT-007,S-IOMT-007-209,RESEARCH,EP-IND-02203
NET-02204,2026-01-01 05:33:42+00:00,0,IOMT-029,S-IOMT-029-210,LAB_RESULTS,EP-IND-02204
NET-02205,2026-01-01 05:33:53+00:00,0,IOMT-037,S-IOMT-037-211,IMAGING,EP-IND-02205
NET-02206,2026-01-01 05:34:00+00:00,0,IOMT-043,S-IOMT-043-212,EHR_WRITE,EP-IND-02206
NET-02207,2026-01-01 05:34:06+00:00,0,IOMT-010,S-IOMT-010-213,IMAGING,EP-IND-02207
NET-02208,2026-01-01 05:34:19+00:00,1,IOMT-031,S-IOMT-031-214,EHR_WRITE,EP-IND-02208
NET-02209,2026-01-01 05:34:26+00:00,0,IOMT-021,S-IOMT-021-215,EHR_READ,EP-IND-02209
NET-02210,2026-01-01 05:34:40+00:00,0,IOMT-000,S-IOMT-000-216,EHR_READ,EP-IND-02210
NET-02211,2026-01-01 05:34:40+00:00,1,IOMT-025,S-IOMT-025-217,IMAGING,EP-IND-02211
NET-02212,2026-01-01 05:34:42+00:00,0,IOMT-008,S-IOMT-008-218,EHR_READ,EP-IND-02212
NET-02213,2026-01-01 05:34:47+00:00,0,IOMT-049,S-IOMT-049-219,EHR_READ,EP-IND-02213
NET-02214,2026-01-01 05:34:50+00:00,0,IOMT-002,S-IOMT-002-220,RESEARCH,EP-IND-02214
NET-02215,2026-01-01 05:35:04+00:00,0,IOMT-031,S-IOMT-031-221,IMAGING,EP-IND-02215
NET-02216,2026-01-01 05:35:06+00:00,0,IOMT-005,S-IOMT-005-222,EHR_WRITE,EP-IND-02216
NET-02217,2026-01-01 05:35:14+00:00,0,IOMT-025,S-IOMT-025-223,IMAGING,EP-IND-02217
NET-02218,2026-01-01 05:35:16+00:00,0,IOMT-004,S-IOMT-004-224,LAB_RESULTS,EP-IND-02218
NET-02219,2026-01-01 05:35:18+00:00,0,IOMT-015,S-IOMT-015-225,LAB_RESULTS,EP-IND-02219
NET-02220,2026-01-01 05:35:23+00:00,0,IOMT-047,S-IOMT-047-226,RESEARCH,EP-IND-02220
NET-02221,2026-01-01 05:35:28+00:00,0,IOMT-037,S-IOMT-037-227,RESEARCH,EP-IND-02221
NET-02222,2026-01-01 05:35:47+00:00,0,IOMT-044,S-IOMT-044-228,EHR_READ,EP-IND-02222
NET-02223,2026-01-01 05:35:58+00:00,0,IOMT-013,S-IOMT-013-229,LAB_RESULTS,EP-IND-02223
NET-02224,2026-01-01 05:35:59+00:00,0,IOMT-003,S-IOMT-003-230,EHR_WRITE,EP-IND-02224
NET-02225,2026-01-01 05:36:03+00:00,0,IOMT-049,S-IOMT-049-231,EHR_READ,EP-IND-02225
NET-02226,2026-01-01 05:36:07+00:00,0,IOMT-005,S-IOMT-005-232,RESEARCH,EP-IND-02226
NET-02227,2026-01-01 05:36:19+00:00,0,IOMT-015,S-IOMT-015-233,IMAGING,EP-IND-02227
NET-02228,2026-01-01 05:36:21+00:00,0,IOMT-031,S-IOMT-031-234,LAB_RESULTS,EP-IND-02228
NET-02229,2026-01-01 05:36:40+00:00,0,IOMT-019,S-IOMT-019-235,LAB_RESULTS,EP-IND-02229
NET-02230,2026-01-01 05:36:48+00:00,0,IOMT-038,S-IOMT-038-236,IMAGING,EP-IND-02230
NET-02231,2026-01-01 05:36:52+00:00,0,IOMT-009,S-IOMT-009-237,EHR_WRITE,EP-IND-02231
NET-02232,2026-01-01 05:37:10+00:00,0,IOMT-010,S-IOMT-010-238,LAB_RESULTS,EP-IND-02232
NET-02233,2026-01-01 05:37:11+00:00,0,IOMT-034,S-IOMT-034-239,LAB_RESULTS,EP-IND-02233
NET-02234,2026-01-01 05:37:27+00:00,0,IOMT-035,S-IOMT-035-240,EHR_READ,EP-IND-02234
NET-02235,2026-01-01 05:37:30+00:00,0,IOMT-000,S-IOMT-000-241,LAB_RESULTS,EP-IND-02235
NET-02236,2026-01-01 05:37:34+00:00,0,IOMT-042,S-IOMT-042-242,EHR_WRITE,EP-IND-02236
NET-02237,2026-01-01 05:37:34+00:00,0,IOMT-047,S-IOMT-047-243,LAB_RESULTS,EP-IND-02237
NET-02238,2026-01-01 05:37:43+00:00,0,IOMT-007,S-IOMT-007-244,IMAGING,EP-IND-02238
NET-02239,2026-01-01 05:37:54+00:00,0,IOMT-022,S-IOMT-022-245,EHR_WRITE,EP-IND-02239
NET-02240,2026-01-01 05:38:15+00:00,0,IOMT-018,S-IOMT-018-246,EHR_WRITE,EP-IND-02240
NET-02241,2026-01-01 05:38:16+00:00,0,IOMT-029,S-IOMT-029-247,IMAGING,EP-IND-02241
NET-02242,2026-01-01 05:38:18+00:00,0,IOMT-003,S-IOMT-003-248,EHR_WRITE,EP-IND-02242
NET-02243,2026-01-01 05:38:26+00:00,0,IOMT-004,S-IOMT-004-249,EHR_WRITE,EP-IND-02243
NET-02244,2026-01-01 05:38:27+00:00,0,IOMT-014,S-IOMT-014-250,LAB_RESULTS,EP-IND-02244
NET-02245,2026-01-01 05:38:30+00:00,0,IOMT-001,S-IOMT-001-251,EHR_READ,EP-IND-02245
NET-02246,2026-01-01 05:38:35+00:00,0,IOMT-005,S-IOMT-005-252,IMAGING,EP-IND-02246
NET-02247,2026-01-01 05:38:36+00:00,0,IOMT-002,S-IOMT-002-253,LAB_RESULTS,EP-IND-02247
NET-02248,2026-01-01 05:38:51+00:00,0,IOMT-045,S-IOMT-045-254,IMAGING,EP-IND-02248
NET-02249,2026-01-01 05:39:28+00:00,0,IOMT-027,S-IOMT-027-255,IMAGING,EP-IND-02249
NET-02250,2026-01-01 05:39:44+00:00,0,IOMT-015,S-IOMT-015-256,LAB_RESULTS,EP-IND-02250
NET-02251,2026-01-01 05:39:48+00:00,0,IOMT-002,S-IOMT-002-257,EHR_WRITE,EP-IND-02251
NET-02252,2026-01-01 05:39:52+00:00,0,IOMT-029,S-IOMT-029-258,EHR_READ,EP-IND-02252
NET-02253,2026-01-01 05:40:15+00:00,0,IOMT-034,S-IOMT-034-259,IMAGING,EP-IND-02253
NET-02254,2026-01-01 05:40:20+00:00,0,IOMT-009,S-IOMT-009-260,IMAGING,EP-IND-02254
NET-02255,2026-01-01 05:40:21+00:00,0,IOMT-038,S-IOMT-038-261,RESEARCH,EP-IND-02255
NET-02256,2026-01-01 05:40:55+00:00,0,IOMT-002,S-IOMT-002-262,RESEARCH,EP-IND-02256
NET-02257,2026-01-01 05:41:05+00:00,0,IOMT-027,S-IOMT-027-263,IMAGING,EP-IND-02257
NET-02258,2026-01-01 05:41:39+00:00,0,IOMT-011,S-IOMT-011-264,RESEARCH,EP-IND-02258
NET-02259,2026-01-01 05:41:43+00:00,0,IOMT-037,S-IOMT-037-265,EHR_WRITE,EP-IND-02259
NET-02260,2026-01-01 05:41:43+00:00,0,IOMT-028,S-IOMT-028-266,EHR_READ,EP-IND-02260
NET-02261,2026-01-01 05:41:49+00:00,0,IOMT-043,S-IOMT-043-267,IMAGING,EP-IND-02261
NET-02262,2026-01-01 05:41:55+00:00,0,IOMT-048,S-IOMT-048-268,IMAGING,EP-IND-02262
NET-02263,2026-01-01 05:41:55+00:00,0,IOMT-010,S-IOMT-010-269,EHR_READ,EP-IND-02263
NET-02264,2026-01-01 05:42:03+00:00,0,IOMT-018,S-IOMT-018-270,LAB_RESULTS,EP-IND-02264
NET-02265,2026-01-01 05:42:09+00:00,0,IOMT-024,S-IOMT-024-271,RESEARCH,EP-IND-02265
NET-02266,2026-01-01 05:42:24+00:00,0,IOMT-025,S-IOMT-025-272,EHR_READ,EP-IND-02266
NET-02267,2026-01-01 05:42:54+00:00,0,IOMT-038,S-IOMT-038-273,LAB_RESULTS,EP-IND-02267
NET-02268,2026-01-01 05:42:57+00:00,0,IOMT-038,S-IOMT-038-274,LAB_RESULTS,EP-IND-02268
NET-02269,2026-01-01 05:42:58+00:00,0,IOMT-024,S-IOMT-024-275,EHR_READ,EP-IND-02269
NET-02270,2026-01-01 05:42:58+00:00,0,IOMT-034,S-IOMT-034-276,RESEARCH,EP-IND-02270
NET-02271,2026-01-01 05:43:15+00:00,0,IOMT-035,S-IOMT-035-277,EHR_READ,EP-IND-02271
NET-02272,2026-01-01 05:43:28+00:00,0,IOMT-010,S-IOMT-010-278,LAB_RESULTS,EP-IND-02272
NET-02273,2026-01-01 05:43:28+00:00,0,IOMT-011,S-IOMT-011-279,EHR_READ,EP-IND-02273
NET-02274,2026-01-01 05:43:29+00:00,0,IOMT-018,S-IOMT-018-280,RESEARCH,EP-IND-02274
NET-02275,2026-01-01 05:43:33+00:00,0,IOMT-030,S-IOMT-030-281,EHR_READ,EP-IND-02275
NET-02276,2026-01-01 05:43:44+00:00,1,IOMT-029,S-IOMT-029-282,RESEARCH,EP-IND-02276
NET-02277,2026-01-01 05:43:48+00:00,0,IOMT-036,S-IOMT-036-283,LAB_RESULTS,EP-IND-02277
NET-02278,2026-01-01 05:43:54+00:00,0,IOMT-000,S-IOMT-000-284,LAB_RESULTS,EP-IND-02278
NET-02279,2026-01-01 05:43:58+00:00,0,IOMT-021,S-IOMT-021-285,EHR_READ,EP-IND-02279
NET-02280,2026-01-01 05:44:14+00:00,0,IOMT-034,S-IOMT-034-286,RESEARCH,EP-IND-02280
NET-02281,2026-01-01 05:44:39+00:00,0,IOMT-038,S-IOMT-038-287,EHR_READ,EP-IND-02281
NET-02282,2026-01-01 05:44:44+00:00,0,IOMT-035,S-IOMT-035-288,EHR_WRITE,EP-IND-02282
NET-02283,2026-01-01 05:44:45+00:00,0,IOMT-000,S-IOMT-000-289,IMAGING,EP-IND-02283
NET-02284,2026-01-01 05:44:49+00:00,0,IOMT-004,S-IOMT-004-290,EHR_WRITE,EP-IND-02284
NET-02285,2026-01-01 05:44:55+00:00,0,IOMT-005,S-IOMT-005-291,IMAGING,EP-IND-02285
NET-02286,2026-01-01 05:44:57+00:00,0,IOMT-015,S-IOMT-015-292,EHR_READ,EP-IND-02286
NET-02287,2026-01-01 05:45:04+00:00,0,IOMT-032,S-IOMT-032-293,IMAGING,EP-IND-02287
NET-02288,2026-01-01 05:45:14+00:00,0,IOMT-014,S-IOMT-014-294,EHR_WRITE,EP-IND-02288
NET-02289,2026-01-01 05:45:19+00:00,0,IOMT-026,S-IOMT-026-295,RESEARCH,EP-IND-02289
NET-02290,2026-01-01 05:45:21+00:00,0,IOMT-008,S-IOMT-008-296,EHR_READ,EP-IND-02290
NET-02291,2026-01-01 05:45:29+00:00,0,IOMT-005,S-IOMT-005-297,EHR_READ,EP-IND-02291
NET-02292,2026-01-01 05:45:30+00:00,0,IOMT-041,S-IOMT-041-298,IMAGING,EP-IND-02292
NET-02293,2026-01-01 05:45:43+00:00,1,IOMT-040,S-IOMT-040-299,EHR_READ,EP-IND-02293
NET-02294,2026-01-01 05:45:48+00:00,0,IOMT-028,S-IOMT-028-300,IMAGING,EP-IND-02294
NET-02295,2026-01-01 05:45:49+00:00,0,IOMT-049,S-IOMT-049-301,RESEARCH,EP-IND-02295
NET-02296,2026-01-01 05:45:52+00:00,0,IOMT-014,S-IOMT-014-302,EHR_READ,EP-IND-02296
NET-02297,2026-01-01 05:45:55+00:00,0,IOMT-011,S-IOMT-011-303,LAB_RESULTS,EP-IND-02297
NET-02298,2026-01-01 05:46:41+00:00,0,IOMT-049,S-IOMT-049-304,RESEARCH,EP-IND-02298
NET-02299,2026-01-01 05:46:57+00:00,0,IOMT-047,S-IOMT-047-305,LAB_RESULTS,EP-IND-02299
NET-02300,2026-01-01 05:47:11+00:00,0,IOMT-020,S-IOMT-020-306,RESEARCH,EP-IND-02300
NET-02301,2026-01-01 05:47:14+00:00,0,IOMT-033,S-IOMT-033-307,RESEARCH,EP-IND-02301
NET-02302,2026-01-01 05:47:27+00:00,0,IOMT-047,S-IOMT-047-308,EHR_WRITE,EP-IND-02302
NET-02303,2026-01-01 05:47:34+00:00,0,IOMT-012,S-IOMT-012-309,LAB_RESULTS,EP-IND-02303
NET-02304,2026-01-01 05:47:35+00:00,0,IOMT-006,S-IOMT-006-310,RESEARCH,EP-IND-02304
NET-02305,2026-01-01 05:47:44+00:00,0,IOMT-013,S-IOMT-013-311,EHR_WRITE,EP-IND-02305
NET-02306,2026-01-01 05:47:45+00:00,0,IOMT-048,S-IOMT-048-312,LAB_RESULTS,EP-IND-02306
NET-02307,2026-01-01 05:48:01+00:00,1,IOMT-026,S-IOMT-026-313,RESEARCH,EP-IND-02307
NET-02308,2026-01-01 05:48:02+00:00,0,IOMT-023,S-IOMT-023-314,IMAGING,EP-IND-02308
NET-02309,2026-01-01 05:48:05+00:00,0,IOMT-011,S-IOMT-011-315,EHR_READ,EP-IND-02309
NET-02310,2026-01-01 05:48:05+00:00,0,IOMT-047,S-IOMT-047-316,IMAGING,EP-IND-02310
NET-02311,2026-01-01 05:48:07+00:00,0,IOMT-012,S-IOMT-012-317,EHR_READ,EP-IND-02311
NET-02312,2026-01-01 05:48:08+00:00,0,IOMT-016,S-IOMT-016-318,LAB_RESULTS,EP-IND-02312
NET-02313,2026-01-01 05:48:17+00:00,0,IOMT-027,S-IOMT-027-319,IMAGING,EP-IND-02313
NET-02314,2026-01-01 05:48:28+00:00,0,IOMT-006,S-IOMT-006-320,RESEARCH,EP-IND-02314
NET-02315,2026-01-01 05:48:34+00:00,0,IOMT-018,S-IOMT-018-321,IMAGING,EP-IND-02315
NET-02316,2026-01-01 05:48:57+00:00,0,IOMT-008,S-IOMT-008-322,IMAGING,EP-IND-02316
NET-02317,2026-01-01 05:48:59+00:00,0,IOMT-001,S-IOMT-001-323,EHR_READ,EP-IND-02317
NET-02318,2026-01-01 05:49:08+00:00,0,IOMT-046,S-IOMT-046-324,IMAGING,EP-IND-02318
NET-02319,2026-01-01 05:49:28+00:00,0,IOMT-012,S-IOMT-012-325,EHR_READ,EP-IND-02319
NET-02320,2026-01-01 05:49:30+00:00,0,IOMT-010,S-IOMT-010-326,EHR_WRITE,EP-IND-02320
NET-02321,2026-01-01 05:49:45+00:00,0,IOMT-029,S-IOMT-029-327,EHR_WRITE,EP-IND-02321
NET-02322,2026-01-01 05:49:47+00:00,0,IOMT-042,S-IOMT-042-328,EHR_READ,EP-IND-02322
NET-02323,2026-01-01 05:49:49+00:00,0,IOMT-041,S-IOMT-041-329,LAB_RESULTS,EP-IND-02323
NET-02324,2026-01-01 05:50:01+00:00,0,IOMT-044,S-IOMT-044-330,RESEARCH,EP-IND-02324
NET-02325,2026-01-01 05:50:05+00:00,0,IOMT-043,S-IOMT-043-331,RESEARCH,EP-IND-02325
NET-02326,2026-01-01 05:50:07+00:00,0,IOMT-007,S-IOMT-007-332,IMAGING,EP-IND-02326
NET-02327,2026-01-01 05:50:18+00:00,0,IOMT-011,S-IOMT-011-333,LAB_RESULTS,EP-IND-02327
NET-02328,2026-01-01 05:50:22+00:00,0,IOMT-046,S-IOMT-046-334,LAB_RESULTS,EP-IND-02328
NET-02329,2026-01-01 05:50:26+00:00,0,IOMT-048,S-IOMT-048-335,EHR_READ,EP-IND-02329
NET-02330,2026-01-01 05:50:27+00:00,0,IOMT-041,S-IOMT-041-336,EHR_WRITE,EP-IND-02330
NET-02331,2026-01-01 05:50:37+00:00,0,IOMT-005,S-IOMT-005-337,IMAGING,EP-IND-02331
NET-02332,2026-01-01 05:50:37+00:00,0,IOMT-023,S-IOMT-023-338,RESEARCH,EP-IND-02332
NET-02333,2026-01-01 05:50:59+00:00,0,IOMT-013,S-IOMT-013-339,EHR_READ,EP-IND-02333
NET-02334,2026-01-01 05:51:05+00:00,0,IOMT-017,S-IOMT-017-340,EHR_WRITE,EP-IND-02334
NET-02335,2026-01-01 05:51:35+00:00,0,IOMT-002,S-IOMT-002-341,RESEARCH,EP-IND-02335
NET-02336,2026-01-01 05:51:42+00:00,0,IOMT-001,S-IOMT-001-342,EHR_WRITE,EP-IND-02336
NET-02337,2026-01-01 05:51:43+00:00,0,IOMT-006,S-IOMT-006-343,EHR_READ,EP-IND-02337
NET-02338,2026-01-01 05:51:43+00:00,1,IOMT-016,S-IOMT-016-344,RESEARCH,EP-IND-02338
NET-02339,2026-01-01 05:51:45+00:00,0,IOMT-039,S-IOMT-039-345,EHR_READ,EP-IND-02339
NET-02340,2026-01-01 05:51:47+00:00,0,IOMT-005,S-IOMT-005-346,RESEARCH,EP-IND-02340
NET-02341,2026-01-01 05:51:54+00:00,0,IOMT-048,S-IOMT-048-347,IMAGING,EP-IND-02341
NET-02342,2026-01-01 05:51:56+00:00,0,IOMT-009,S-IOMT-009-348,LAB_RESULTS,EP-IND-02342
NET-02343,2026-01-01 05:52:04+00:00,0,IOMT-005,S-IOMT-005-349,EHR_READ,EP-IND-02343
NET-02344,2026-01-01 05:52:10+00:00,0,IOMT-017,S-IOMT-017-350,EHR_WRITE,EP-IND-02344
NET-02345,2026-01-01 05:52:19+00:00,0,IOMT-019,S-IOMT-019-351,EHR_READ,EP-IND-02345
NET-02346,2026-01-01 05:52:26+00:00,0,IOMT-005,S-IOMT-005-352,LAB_RESULTS,EP-IND-02346
NET-02347,2026-01-01 05:52:32+00:00,0,IOMT-039,S-IOMT-039-353,RESEARCH,EP-IND-02347
NET-02348,2026-01-01 05:52:39+00:00,0,IOMT-042,S-IOMT-042-354,EHR_WRITE,EP-IND-02348
NET-02349,2026-01-01 05:52:54+00:00,0,IOMT-001,S-IOMT-001-355,LAB_RESULTS,EP-IND-02349
NET-02350,2026-01-01 05:52:54+00:00,0,IOMT-018,S-IOMT-018-356,EHR_READ,EP-IND-02350
NET-02351,2026-01-01 05:53:03+00:00,1,IOMT-039,S-IOMT-039-357,EHR_WRITE,EP-IND-02351
NET-02352,2026-01-01 05:53:16+00:00,0,IOMT-008,S-IOMT-008-358,IMAGING,EP-IND-02352
NET-02353,2026-01-01 05:53:19+00:00,0,IOMT-021,S-IOMT-021-359,EHR_READ,EP-IND-02353
NET-02354,2026-01-01 05:53:41+00:00,0,IOMT-022,S-IOMT-022-360,LAB_RESULTS,EP-IND-02354
NET-02355,2026-01-01 05:53:45+00:00,0,IOMT-025,S-IOMT-025-361,EHR_WRITE,EP-IND-02355
NET-02356,2026-01-01 05:53:47+00:00,0,IOMT-023,S-IOMT-023-362,EHR_WRITE,EP-IND-02356
NET-02357,2026-01-01 05:53:53+00:00,0,IOMT-023,S-IOMT-023-363,RESEARCH,EP-IND-02357
NET-02358,2026-01-01 05:53:55+00:00,1,IOMT-007,S-IOMT-007-364,RESEARCH,EP-IND-02358
NET-02359,2026-01-01 05:53:59+00:00,0,IOMT-022,S-IOMT-022-365,RESEARCH,EP-IND-02359
NET-02360,2026-01-01 05:53:59+00:00,1,IOMT-013,S-IOMT-013-366,EHR_WRITE,EP-IND-02360
NET-02361,2026-01-01 05:54:13+00:00,0,IOMT-045,S-IOMT-045-367,IMAGING,EP-IND-02361
NET-02362,2026-01-01 05:54:14+00:00,0,IOMT-015,S-IOMT-015-368,EHR_READ,EP-IND-02362
NET-02363,2026-01-01 05:54:15+00:00,0,IOMT-025,S-IOMT-025-369,LAB_RESULTS,EP-IND-02363
NET-02364,2026-01-01 05:54:19+00:00,0,IOMT-035,S-IOMT-035-370,EHR_READ,EP-IND-02364
NET-02365,2026-01-01 05:54:34+00:00,0,IOMT-045,S-IOMT-045-371,RESEARCH,EP-IND-02365
NET-02366,2026-01-01 05:54:37+00:00,0,IOMT-028,S-IOMT-028-372,LAB_RESULTS,EP-IND-02366
NET-02367,2026-01-01 05:54:43+00:00,0,IOMT-023,S-IOMT-023-373,IMAGING,EP-IND-02367
NET-02368,2026-01-01 05:55:00+00:00,0,IOMT-047,S-IOMT-047-374,EHR_READ,EP-IND-02368
NET-02369,2026-01-01 05:55:07+00:00,0,IOMT-037,S-IOMT-037-375,EHR_READ,EP-IND-02369
NET-02370,2026-01-01 05:55:09+00:00,1,IOMT-014,S-IOMT-014-376,EHR_READ,EP-IND-02370
NET-02371,2026-01-01 05:55:16+00:00,0,IOMT-022,S-IOMT-022-377,IMAGING,EP-IND-02371
NET-02372,2026-01-01 05:55:18+00:00,0,IOMT-011,S-IOMT-011-378,RESEARCH,EP-IND-02372
NET-02373,2026-01-01 05:55:29+00:00,0,IOMT-023,S-IOMT-023-379,EHR_WRITE,EP-IND-02373
NET-02374,2026-01-01 05:55:38+00:00,0,IOMT-042,S-IOMT-042-380,RESEARCH,EP-IND-02374
NET-02375,2026-01-01 05:55:40+00:00,0,IOMT-034,S-IOMT-034-381,LAB_RESULTS,EP-IND-02375
NET-02376,2026-01-01 05:55:47+00:00,0,IOMT-021,S-IOMT-021-382,IMAGING,EP-IND-02376
NET-02377,2026-01-01 05:56:14+00:00,0,IOMT-016,S-IOMT-016-383,LAB_RESULTS,EP-IND-02377
NET-02378,2026-01-01 05:56:20+00:00,1,IOMT-002,S-IOMT-002-384,EHR_READ,EP-IND-02378
NET-02379,2026-01-01 05:56:26+00:00,0,IOMT-006,S-IOMT-006-385,EHR_READ,EP-IND-02379
NET-02380,2026-01-01 05:56:27+00:00,0,IOMT-000,S-IOMT-000-386,EHR_WRITE,EP-IND-02380
NET-02381,2026-01-01 05:56:50+00:00,0,IOMT-011,S-IOMT-011-387,EHR_WRITE,EP-IND-02381
NET-02382,2026-01-01 05:57:03+00:00,0,IOMT-031,S-IOMT-031-388,IMAGING,EP-IND-02382
NET-02383,2026-01-01 05:57:09+00:00,0,IOMT-043,S-IOMT-043-389,LAB_RESULTS,EP-IND-02383
NET-02384,2026-01-01 05:57:11+00:00,0,IOMT-035,S-IOMT-035-390,EHR_WRITE,EP-IND-02384
NET-02385,2026-01-01 05:57:17+00:00,0,IOMT-000,S-IOMT-000-391,IMAGING,EP-IND-02385
NET-02386,2026-01-01 05:57:35+00:00,0,IOMT-001,S-IOMT-001-392,LAB_RESULTS,EP-IND-02386
NET-02387,2026-01-01 05:57:57+00:00,0,IOMT-014,S-IOMT-014-393,EHR_WRITE,EP-IND-02387
NET-02388,2026-01-01 05:58:07+00:00,0,IOMT-048,S-IOMT-048-394,EHR_READ,EP-IND-02388
NET-02389,2026-01-01 05:58:12+00:00,0,IOMT-014,S-IOMT-014-395,LAB_RESULTS,EP-IND-02389
NET-02390,2026-01-01 05:58:28+00:00,0,IOMT-005,S-IOMT-005-396,EHR_WRITE,EP-IND-02390
NET-02391,2026-01-01 05:58:30+00:00,0,IOMT-022,S-IOMT-022-397,RESEARCH,EP-IND-02391
NET-02392,2026-01-01 05:58:37+00:00,0,IOMT-017,S-IOMT-017-398,IMAGING,EP-IND-02392
NET-02393,2026-01-01 05:58:47+00:00,0,IOMT-041,S-IOMT-041-399,RESEARCH,EP-IND-02393
NET-02394,2026-01-01 05:58:58+00:00,0,IOMT-017,S-IOMT-017-400,EHR_READ,EP-IND-02394
NET-02395,2026-01-01 05:58:59+00:00,0,IOMT-020,S-IOMT-020-401,IMAGING,EP-IND-02395
NET-02396,2026-01-01 05:58:59+00:00,0,IOMT-016,S-IOMT-016-402,EHR_READ,EP-IND-02396
NET-02397,2026-01-01 05:59:04+00:00,0,IOMT-041,S-IOMT-041-403,LAB_RESULTS,EP-IND-02397
NET-02398,2026-01-01 05:59:20+00:00,0,IOMT-046,S-IOMT-046-404,LAB_RESULTS,EP-IND-02398
NET-02399,2026-01-01 05:59:27+00:00,0,IOMT-007,S-IOMT-007-405,LAB_RESULTS,EP-IND-02399
NET-02400,2026-01-01 05:59:31+00:00,0,IOMT-012,S-IOMT-012-406,EHR_WRITE,EP-IND-02400
NET-02401,2026-01-01 05:59:40+00:00,0,IOMT-049,S-IOMT-049-407,RESEARCH,EP-IND-02401
NET-02402,2026-01-01 05:59:47+00:00,0,IOMT-040,S-IOMT-040-408,LAB_RESULTS,EP-IND-02402
NET-02403,2026-01-01 05:59:54+00:00,0,IOMT-007,S-IOMT-007-409,EHR_WRITE,EP-IND-02403
NET-02404,2026-01-01 06:00:00+00:00,0,IOMT-021,S-IOMT-021-410,LAB_RESULTS,EP-IND-02404
NET-02405,2026-01-01 06:00:06+00:00,0,IOMT-042,S-IOMT-042-411,EHR_WRITE,EP-IND-02405
NET-02406,2026-01-01 06:00:09+00:00,0,IOMT-012,S-IOMT-012-412,LAB_RESULTS,EP-IND-02406
NET-02407,2026-01-01 06:00:14+00:00,0,IOMT-016,S-IOMT-016-413,IMAGING,EP-IND-02407
NET-02408,2026-01-01 06:00:24+00:00,0,IOMT-009,S-IOMT-009-414,IMAGING,EP-IND-02408
NET-02409,2026-01-01 06:00:31+00:00,0,IOMT-044,S-IOMT-044-415,LAB_RESULTS,EP-IND-02409
NET-02410,2026-01-01 06:00:37+00:00,0,IOMT-022,S-IOMT-022-416,IMAGING,EP-IND-02410
NET-02411,2026-01-01 06:00:51+00:00,0,IOMT-024,S-IOMT-024-417,LAB_RESULTS,EP-IND-02411
NET-02412,2026-01-01 06:01:11+00:00,0,IOMT-025,S-IOMT-025-418,LAB_RESULTS,EP-IND-02412
NET-02413,2026-01-01 06:01:16+00:00,0,IOMT-046,S-IOMT-046-419,IMAGING,EP-IND-02413
NET-02414,2026-01-01 06:01:33+00:00,0,IOMT-016,S-IOMT-016-420,IMAGING,EP-IND-02414
NET-02415,2026-01-01 06:01:39+00:00,0,IOMT-000,S-IOMT-000-421,EHR_READ,EP-IND-02415
NET-02416,2026-01-01 06:02:03+00:00,0,IOMT-035,S-IOMT-035-422,EHR_WRITE,EP-IND-02416
NET-02417,2026-01-01 06:02:09+00:00,0,IOMT-019,S-IOMT-019-423,RESEARCH,EP-IND-02417
NET-02418,2026-01-01 06:02:11+00:00,0,IOMT-026,S-IOMT-026-424,IMAGING,EP-IND-02418
NET-02419,2026-01-01 06:02:11+00:00,0,IOMT-020,S-IOMT-020-425,LAB_RESULTS,EP-IND-02419
NET-02420,2026-01-01 06:02:13+00:00,0,IOMT-004,S-IOMT-004-426,EHR_READ,EP-IND-02420
NET-02421,2026-01-01 06:02:26+00:00,0,IOMT-033,S-IOMT-033-427,IMAGING,EP-IND-02421
NET-02422,2026-01-01 06:02:37+00:00,0,IOMT-013,S-IOMT-013-428,EHR_WRITE,EP-IND-02422
NET-02423,2026-01-01 06:02:45+00:00,0,IOMT-030,S-IOMT-030-429,IMAGING,EP-IND-02423
NET-02424,2026-01-01 06:02:45+00:00,0,IOMT-003,S-IOMT-003-430,RESEARCH,EP-IND-02424
NET-02425,2026-01-01 06:02:48+00:00,0,IOMT-027,S-IOMT-027-431,EHR_WRITE,EP-IND-02425
NET-02426,2026-01-01 06:02:54+00:00,0,IOMT-027,S-IOMT-027-432,EHR_READ,EP-IND-02426
NET-02427,2026-01-01 06:03:02+00:00,0,IOMT-003,S-IOMT-003-433,EHR_WRITE,EP-IND-02427
NET-02428,2026-01-01 06:03:12+00:00,0,IOMT-044,S-IOMT-044-434,IMAGING,EP-IND-02428
NET-02429,2026-01-01 06:03:21+00:00,1,IOMT-020,S-IOMT-020-435,EHR_WRITE,EP-IND-02429
NET-02430,2026-01-01 06:03:23+00:00,0,IOMT-044,S-IOMT-044-436,EHR_WRITE,EP-IND-02430
NET-02431,2026-01-01 06:03:42+00:00,0,IOMT-011,S-IOMT-011-437,EHR_WRITE,EP-IND-02431
NET-02432,2026-01-01 06:03:51+00:00,0,IOMT-025,S-IOMT-025-438,RESEARCH,EP-IND-02432
NET-02433,2026-01-01 06:03:59+00:00,0,IOMT-003,S-IOMT-003-439,IMAGING,EP-IND-02433
NET-02434,2026-01-01 06:04:18+00:00,0,IOMT-006,S-IOMT-006-440,EHR_READ,EP-IND-02434
NET-02435,2026-01-01 06:04:23+00:00,0,IOMT-000,S-IOMT-000-441,LAB_RESULTS,EP-IND-02435
NET-02436,2026-01-01 06:04:26+00:00,0,IOMT-019,S-IOMT-019-442,LAB_RESULTS,EP-IND-02436
NET-02437,2026-01-01 06:04:40+00:00,0,IOMT-028,S-IOMT-028-443,LAB_RESULTS,EP-IND-02437
NET-02438,2026-01-01 06:04:41+00:00,0,IOMT-003,S-IOMT-003-444,LAB_RESULTS,EP-IND-02438
NET-02439,2026-01-01 06:05:11+00:00,0,IOMT-025,S-IOMT-025-445,LAB_RESULTS,EP-IND-02439
NET-02440,2026-01-01 06:05:16+00:00,0,IOMT-031,S-IOMT-031-446,RESEARCH,EP-IND-02440
NET-02441,2026-01-01 06:05:23+00:00,0,IOMT-024,S-IOMT-024-447,IMAGING,EP-IND-02441
NET-02442,2026-01-01 06:05:39+00:00,1,IOMT-033,S-IOMT-033-448,IMAGING,EP-IND-02442
NET-02443,2026-01-01 06:05:42+00:00,0,IOMT-049,S-IOMT-049-449,LAB_RESULTS,EP-IND-02443
NET-02444,2026-01-01 06:05:45+00:00,0,IOMT-032,S-IOMT-032-450,EHR_READ,EP-IND-02444
NET-02445,2026-01-01 06:06:01+00:00,0,IOMT-043,S-IOMT-043-451,EHR_READ,EP-IND-02445
NET-02446,2026-01-01 06:06:06+00:00,0,IOMT-033,S-IOMT-033-452,LAB_RESULTS,EP-IND-02446
NET-02447,2026-01-01 06:06:12+00:00,0,IOMT-047,S-IOMT-047-453,LAB_RESULTS,EP-IND-02447
NET-02448,2026-01-01 06:06:15+00:00,0,IOMT-047,S-IOMT-047-454,RESEARCH,EP-IND-02448
NET-02449,2026-01-01 06:06:16+00:00,0,IOMT-002,S-IOMT-002-455,LAB_RESULTS,EP-IND-02449
NET-02450,2026-01-01 06:06:25+00:00,0,IOMT-011,S-IOMT-011-456,EHR_READ,EP-IND-02450
NET-02451,2026-01-01 06:06:26+00:00,0,IOMT-022,S-IOMT-022-457,RESEARCH,EP-IND-02451
NET-02452,2026-01-01 06:06:35+00:00,0,IOMT-001,S-IOMT-001-458,LAB_RESULTS,EP-IND-02452
NET-02453,2026-01-01 06:06:47+00:00,0,IOMT-041,S-IOMT-041-459,LAB_RESULTS,EP-IND-02453
NET-02454,2026-01-01 06:06:58+00:00,0,IOMT-009,S-IOMT-009-460,IMAGING,EP-IND-02454
NET-02455,2026-01-01 06:07:01+00:00,1,IOMT-042,S-IOMT-042-461,EHR_WRITE,EP-IND-02455
NET-02456,2026-01-01 06:07:07+00:00,0,IOMT-049,S-IOMT-049-462,RESEARCH,EP-IND-02456
NET-02457,2026-01-01 06:07:17+00:00,0,IOMT-004,S-IOMT-004-463,LAB_RESULTS,EP-IND-02457
NET-02458,2026-01-01 06:07:20+00:00,0,IOMT-002,S-IOMT-002-464,IMAGING,EP-IND-02458
NET-02459,2026-01-01 06:07:24+00:00,0,IOMT-029,S-IOMT-029-465,RESEARCH,EP-IND-02459
NET-02460,2026-01-01 06:07:27+00:00,1,IOMT-021,S-IOMT-021-466,EHR_READ,EP-IND-02460
NET-02461,2026-01-01 06:07:39+00:00,0,IOMT-047,S-IOMT-047-467,EHR_READ,EP-IND-02461
NET-02462,2026-01-01 06:07:42+00:00,0,IOMT-035,S-IOMT-035-468,EHR_READ,EP-IND-02462
NET-02463,2026-01-01 06:07:44+00:00,0,IOMT-021,S-IOMT-021-469,LAB_RESULTS,EP-IND-02463
NET-02464,2026-01-01 06:08:00+00:00,0,IOMT-002,S-IOMT-002-470,IMAGING,EP-IND-02464
NET-02465,2026-01-01 06:08:04+00:00,0,IOMT-030,S-IOMT-030-471,EHR_READ,EP-IND-02465
NET-02466,2026-01-01 06:08:14+00:00,0,IOMT-012,S-IOMT-012-472,RESEARCH,EP-IND-02466
NET-02467,2026-01-01 06:08:25+00:00,0,IOMT-045,S-IOMT-045-473,EHR_WRITE,EP-IND-02467
NET-02468,2026-01-01 06:08:33+00:00,0,IOMT-003,S-IOMT-003-474,LAB_RESULTS,EP-IND-02468
NET-02469,2026-01-01 06:08:36+00:00,0,IOMT-027,S-IOMT-027-475,RESEARCH,EP-IND-02469
NET-02470,2026-01-01 06:08:38+00:00,0,IOMT-035,S-IOMT-035-476,EHR_WRITE,EP-IND-02470
NET-02471,2026-01-01 06:08:42+00:00,0,IOMT-025,S-IOMT-025-477,EHR_READ,EP-IND-02471
NET-02472,2026-01-01 06:08:55+00:00,0,IOMT-004,S-IOMT-004-478,EHR_WRITE,EP-IND-02472
NET-02473,2026-01-01 06:09:01+00:00,0,IOMT-016,S-IOMT-016-479,EHR_READ,EP-IND-02473
NET-02474,2026-01-01 06:09:10+00:00,0,IOMT-010,S-IOMT-010-480,IMAGING,EP-IND-02474
NET-02475,2026-01-01 06:09:13+00:00,0,IOMT-020,S-IOMT-020-481,IMAGING,EP-IND-02475
NET-02476,2026-01-01 06:09:21+00:00,0,IOMT-046,S-IOMT-046-482,RESEARCH,EP-IND-02476
NET-02477,2026-01-01 06:09:23+00:00,0,IOMT-018,S-IOMT-018-483,RESEARCH,EP-IND-02477
NET-02478,2026-01-01 06:09:25+00:00,0,IOMT-031,S-IOMT-031-484,EHR_READ,EP-IND-02478
NET-02479,2026-01-01 06:09:29+00:00,0,IOMT-017,S-IOMT-017-485,EHR_READ,EP-IND-02479
NET-02480,2026-01-01 06:09:32+00:00,0,IOMT-031,S-IOMT-031-486,IMAGING,EP-IND-02480
NET-02481,2026-01-01 06:09:37+00:00,0,IOMT-039,S-IOMT-039-487,EHR_READ,EP-IND-02481
NET-02482,2026-01-01 06:09:44+00:00,0,IOMT-014,S-IOMT-014-488,RESEARCH,EP-IND-02482
NET-02483,2026-01-01 06:10:00+00:00,0,IOMT-049,S-IOMT-049-489,IMAGING,EP-IND-02483
NET-02484,2026-01-01 06:10:02+00:00,0,IOMT-034,S-IOMT-034-490,LAB_RESULTS,EP-IND-02484
NET-02485,2026-01-01 06:10:13+00:00,0,IOMT-025,S-IOMT-025-491,IMAGING,EP-IND-02485
NET-02486,2026-01-01 06:10:15+00:00,0,IOMT-020,S-IOMT-020-492,EHR_WRITE,EP-IND-02486
NET-02487,2026-01-01 06:10:25+00:00,0,IOMT-040,S-IOMT-040-493,RESEARCH,EP-IND-02487
NET-02488,2026-01-01 06:10:51+00:00,1,IOMT-002,S-IOMT-002-494,IMAGING,EP-IND-02488
NET-02489,2026-01-01 06:10:57+00:00,0,IOMT-002,S-IOMT-002-495,LAB_RESULTS,EP-IND-02489
NET-02490,2026-01-01 06:11:15+00:00,0,IOMT-008,S-IOMT-008-496,IMAGING,EP-IND-02490
NET-02491,2026-01-01 06:11:39+00:00,0,IOMT-002,S-IOMT-002-497,EHR_READ,EP-IND-02491
NET-02492,2026-01-01 06:12:00+00:00,0,IOMT-035,S-IOMT-035-498,LAB_RESULTS,EP-IND-02492
NET-02493,2026-01-01 06:12:01+00:00,0,IOMT-011,S-IOMT-011-499,EHR_READ,EP-IND-02493
NET-02494,2026-01-01 06:12:11+00:00,0,IOMT-027,S-IOMT-027-500,EHR_WRITE,EP-IND-02494
NET-02495,2026-01-01 06:12:26+00:00,0,IOMT-026,S-IOMT-026-501,LAB_RESULTS,EP-IND-02495
NET-02496,2026-01-01 06:12:35+00:00,1,IOMT-029,S-IOMT-029-502,IMAGING,EP-IND-02496
NET-02497,2026-01-01 06:12:44+00:00,0,IOMT-026,S-IOMT-026-503,RESEARCH,EP-IND-02497
NET-02498,2026-01-01 06:13:06+00:00,0,IOMT-040,S-IOMT-040-504,RESEARCH,EP-IND-02498
NET-02499,2026-01-01 06:13:12+00:00,0,IOMT-019,S-IOMT-019-505,EHR_READ,EP-IND-02499
NET-02500,2026-01-01 06:13:21+00:00,0,IOMT-005,S-IOMT-005-506,RESEARCH,EP-IND-02500
NET-02501,2026-01-01 06:13:28+00:00,0,IOMT-009,S-IOMT-009-507,RESEARCH,EP-IND-02501
NET-02502,2026-01-01 06:13:47+00:00,0,IOMT-039,S-IOMT-039-508,IMAGING,EP-IND-02502
NET-02503,2026-01-01 06:13:48+00:00,0,IOMT-005,S-IOMT-005-509,LAB_RESULTS,EP-IND-02503
NET-02504,2026-01-01 06:13:50+00:00,0,IOMT-041,S-IOMT-041-510,LAB_RESULTS,EP-IND-02504
NET-02505,2026-01-01 06:13:52+00:00,0,IOMT-015,S-IOMT-015-511,EHR_WRITE,EP-IND-02505
NET-02506,2026-01-01 06:13:52+00:00,0,IOMT-033,S-IOMT-033-512,LAB_RESULTS,EP-IND-02506
NET-02507,2026-01-01 06:13:55+00:00,0,IOMT-043,S-IOMT-043-513,EHR_READ,EP-IND-02507
NET-02508,2026-01-01 06:14:05+00:00,0,IOMT-024,S-IOMT-024-514,EHR_READ,EP-IND-02508
NET-02509,2026-01-01 06:14:15+00:00,0,IOMT-039,S-IOMT-039-515,EHR_WRITE,EP-IND-02509
NET-02510,2026-01-01 06:14:33+00:00,0,IOMT-009,S-IOMT-009-516,LAB_RESULTS,EP-IND-02510
NET-02511,2026-01-01 06:14:42+00:00,0,IOMT-034,S-IOMT-034-517,LAB_RESULTS,EP-IND-02511
NET-02512,2026-01-01 06:14:42+00:00,0,IOMT-035,S-IOMT-035-518,IMAGING,EP-IND-02512
NET-02513,2026-01-01 06:14:54+00:00,0,IOMT-021,S-IOMT-021-519,LAB_RESULTS,EP-IND-02513
NET-02514,2026-01-01 06:15:00+00:00,0,IOMT-032,S-IOMT-032-520,LAB_RESULTS,EP-IND-02514
NET-02515,2026-01-01 06:15:01+00:00,0,IOMT-040,S-IOMT-040-521,RESEARCH,EP-IND-02515
NET-02516,2026-01-01 06:15:07+00:00,0,IOMT-042,S-IOMT-042-522,LAB_RESULTS,EP-IND-02516
NET-02517,2026-01-01 06:15:34+00:00,0,IOMT-026,S-IOMT-026-523,EHR_READ,EP-IND-02517
NET-02518,2026-01-01 06:15:44+00:00,0,IOMT-012,S-IOMT-012-524,EHR_READ,EP-IND-02518
NET-02519,2026-01-01 06:15:44+00:00,0,IOMT-011,S-IOMT-011-525,RESEARCH,EP-IND-02519
NET-02520,2026-01-01 06:15:55+00:00,0,IOMT-028,S-IOMT-028-526,RESEARCH,EP-IND-02520
NET-02521,2026-01-01 06:16:03+00:00,0,IOMT-007,S-IOMT-007-527,LAB_RESULTS,EP-IND-02521
NET-02522,2026-01-01 06:16:13+00:00,0,IOMT-016,S-IOMT-016-528,IMAGING,EP-IND-02522
NET-02523,2026-01-01 06:16:18+00:00,0,IOMT-010,S-IOMT-010-529,LAB_RESULTS,EP-IND-02523
NET-02524,2026-01-01 06:16:26+00:00,0,IOMT-033,S-IOMT-033-530,LAB_RESULTS,EP-IND-02524
NET-02525,2026-01-01 06:16:27+00:00,0,IOMT-011,S-IOMT-011-531,EHR_WRITE,EP-IND-02525
NET-02526,2026-01-01 06:16:33+00:00,0,IOMT-036,S-IOMT-036-532,EHR_READ,EP-IND-02526
NET-02527,2026-01-01 06:16:33+00:00,0,IOMT-032,S-IOMT-032-533,RESEARCH,EP-IND-02527
NET-02528,2026-01-01 06:16:40+00:00,0,IOMT-047,S-IOMT-047-534,EHR_READ,EP-IND-02528
NET-02529,2026-01-01 06:16:54+00:00,0,IOMT-020,S-IOMT-020-535,EHR_READ,EP-IND-02529
NET-02530,2026-01-01 06:17:12+00:00,0,IOMT-043,S-IOMT-043-536,LAB_RESULTS,EP-IND-02530
NET-02531,2026-01-01 06:17:13+00:00,0,IOMT-001,S-IOMT-001-537,EHR_WRITE,EP-IND-02531
NET-02532,2026-01-01 06:17:17+00:00,0,IOMT-015,S-IOMT-015-538,LAB_RESULTS,EP-IND-02532
NET-02533,2026-01-01 06:17:18+00:00,0,IOMT-046,S-IOMT-046-539,EHR_READ,EP-IND-02533
NET-02534,2026-01-01 06:17:29+00:00,0,IOMT-026,S-IOMT-026-540,EHR_READ,EP-IND-02534
NET-02535,2026-01-01 06:17:30+00:00,0,IOMT-006,S-IOMT-006-541,EHR_WRITE,EP-IND-02535
NET-02536,2026-01-01 06:17:37+00:00,0,IOMT-030,S-IOMT-030-542,RESEARCH,EP-IND-02536
NET-02537,2026-01-01 06:17:38+00:00,0,IOMT-037,S-IOMT-037-543,EHR_READ,EP-IND-02537
NET-02538,2026-01-01 06:17:56+00:00,0,IOMT-027,S-IOMT-027-544,EHR_WRITE,EP-IND-02538
NET-02539,2026-01-01 06:18:09+00:00,0,IOMT-029,S-IOMT-029-545,EHR_WRITE,EP-IND-02539
NET-02540,2026-01-01 06:18:10+00:00,0,IOMT-036,S-IOMT-036-546,IMAGING,EP-IND-02540
NET-02541,2026-01-01 06:18:19+00:00,0,IOMT-034,S-IOMT-034-547,EHR_WRITE,EP-IND-02541
NET-02542,2026-01-01 06:18:28+00:00,0,IOMT-015,S-IOMT-015-548,RESEARCH,EP-IND-02542
NET-02543,2026-01-01 06:18:36+00:00,0,IOMT-038,S-IOMT-038-549,EHR_WRITE,EP-IND-02543
NET-02544,2026-01-01 06:18:44+00:00,1,IOMT-031,S-IOMT-031-550,LAB_RESULTS,EP-IND-02544
NET-02545,2026-01-01 06:18:53+00:00,0,IOMT-043,S-IOMT-043-551,EHR_READ,EP-IND-02545
NET-02546,2026-01-01 06:19:02+00:00,0,IOMT-032,S-IOMT-032-552,LAB_RESULTS,EP-IND-02546
NET-02547,2026-01-01 06:19:07+00:00,0,IOMT-030,S-IOMT-030-553,LAB_RESULTS,EP-IND-02547
NET-02548,2026-01-01 06:19:16+00:00,0,IOMT-019,S-IOMT-019-554,EHR_WRITE,EP-IND-02548
NET-02549,2026-01-01 06:19:20+00:00,0,IOMT-035,S-IOMT-035-555,LAB_RESULTS,EP-IND-02549
NET-02550,2026-01-01 06:19:38+00:00,0,IOMT-033,S-IOMT-033-556,EHR_WRITE,EP-IND-02550
NET-02551,2026-01-01 06:19:45+00:00,0,IOMT-005,S-IOMT-005-557,IMAGING,EP-IND-02551
NET-02552,2026-01-01 06:19:54+00:00,0,IOMT-043,S-IOMT-043-558,LAB_RESULTS,EP-IND-02552
NET-02553,2026-01-01 06:20:19+00:00,0,IOMT-015,S-IOMT-015-559,IMAGING,EP-IND-02553
NET-02554,2026-01-01 06:20:22+00:00,0,IOMT-006,S-IOMT-006-560,IMAGING,EP-IND-02554
NET-02555,2026-01-01 06:20:44+00:00,0,IOMT-008,S-IOMT-008-561,IMAGING,EP-IND-02555
NET-02556,2026-01-01 06:20:51+00:00,0,IOMT-030,S-IOMT-030-562,EHR_READ,EP-IND-02556
NET-02557,2026-01-01 06:20:55+00:00,0,IOMT-042,S-IOMT-042-563,IMAGING,EP-IND-02557
NET-02558,2026-01-01 06:21:01+00:00,0,IOMT-032,S-IOMT-032-564,EHR_WRITE,EP-IND-02558
NET-02559,2026-01-01 06:21:18+00:00,0,IOMT-022,S-IOMT-022-565,IMAGING,EP-IND-02559
NET-02560,2026-01-01 06:21:27+00:00,0,IOMT-004,S-IOMT-004-566,LAB_RESULTS,EP-IND-02560
NET-02561,2026-01-01 06:21:30+00:00,0,IOMT-033,S-IOMT-033-567,EHR_WRITE,EP-IND-02561
NET-02562,2026-01-01 06:21:31+00:00,0,IOMT-029,S-IOMT-029-568,EHR_READ,EP-IND-02562
NET-02563,2026-01-01 06:21:46+00:00,0,IOMT-032,S-IOMT-032-569,IMAGING,EP-IND-02563
NET-02564,2026-01-01 06:21:49+00:00,0,IOMT-042,S-IOMT-042-570,IMAGING,EP-IND-02564
NET-02565,2026-01-01 06:21:52+00:00,1,IOMT-044,S-IOMT-044-571,EHR_READ,EP-IND-02565
NET-02566,2026-01-01 06:22:22+00:00,0,IOMT-021,S-IOMT-021-572,RESEARCH,EP-IND-02566
NET-02567,2026-01-01 06:22:30+00:00,0,IOMT-003,S-IOMT-003-573,EHR_READ,EP-IND-02567
NET-02568,2026-01-01 06:22:39+00:00,0,IOMT-041,S-IOMT-041-574,EHR_READ,EP-IND-02568
NET-02569,2026-01-01 06:22:53+00:00,0,IOMT-005,S-IOMT-005-575,IMAGING,EP-IND-02569
NET-02570,2026-01-01 06:22:54+00:00,0,IOMT-000,S-IOMT-000-576,EHR_WRITE,EP-IND-02570
NET-02571,2026-01-01 06:22:59+00:00,0,IOMT-022,S-IOMT-022-577,IMAGING,EP-IND-02571
NET-02572,2026-01-01 06:23:05+00:00,0,IOMT-006,S-IOMT-006-578,IMAGING,EP-IND-02572
NET-02573,2026-01-01 06:23:09+00:00,0,IOMT-028,S-IOMT-028-579,RESEARCH,EP-IND-02573
NET-02574,2026-01-01 06:23:12+00:00,0,IOMT-039,S-IOMT-039-580,RESEARCH,EP-IND-02574
NET-02575,2026-01-01 06:23:14+00:00,0,IOMT-014,S-IOMT-014-581,IMAGING,EP-IND-02575
NET-02576,2026-01-01 06:23:17+00:00,0,IOMT-038,S-IOMT-038-582,EHR_READ,EP-IND-02576
NET-02577,2026-01-01 06:23:27+00:00,0,IOMT-045,S-IOMT-045-583,LAB_RESULTS,EP-IND-02577
NET-02578,2026-01-01 06:23:36+00:00,0,IOMT-042,S-IOMT-042-584,IMAGING,EP-IND-02578
NET-02579,2026-01-01 06:23:39+00:00,0,IOMT-002,S-IOMT-002-585,LAB_RESULTS,EP-IND-02579
NET-02580,2026-01-01 06:23:43+00:00,0,IOMT-020,S-IOMT-020-586,IMAGING,EP-IND-02580
NET-02581,2026-01-01 06:23:50+00:00,0,IOMT-029,S-IOMT-029-587,RESEARCH,EP-IND-02581
NET-02582,2026-01-01 06:24:02+00:00,0,IOMT-009,S-IOMT-009-588,EHR_WRITE,EP-IND-02582
NET-02583,2026-01-01 06:24:28+00:00,0,IOMT-026,S-IOMT-026-589,IMAGING,EP-IND-02583
NET-02584,2026-01-01 06:24:34+00:00,0,IOMT-039,S-IOMT-039-590,EHR_READ,EP-IND-02584
NET-02585,2026-01-01 06:24:43+00:00,0,IOMT-021,S-IOMT-021-591,EHR_READ,EP-IND-02585
NET-02586,2026-01-01 06:24:48+00:00,0,IOMT-036,S-IOMT-036-592,EHR_WRITE,EP-IND-02586
NET-02587,2026-01-01 06:25:01+00:00,0,IOMT-001,S-IOMT-001-593,IMAGING,EP-IND-02587
NET-02588,2026-01-01 06:25:51+00:00,0,IOMT-043,S-IOMT-043-594,IMAGING,EP-IND-02588
NET-02589,2026-01-01 06:26:04+00:00,0,IOMT-003,S-IOMT-003-595,IMAGING,EP-IND-02589
NET-02590,2026-01-01 06:26:05+00:00,0,IOMT-009,S-IOMT-009-596,IMAGING,EP-IND-02590
NET-02591,2026-01-01 06:26:16+00:00,1,IOMT-018,S-IOMT-018-597,RESEARCH,EP-IND-02591
NET-02592,2026-01-01 06:26:18+00:00,0,IOMT-044,S-IOMT-044-598,EHR_WRITE,EP-IND-02592
NET-02593,2026-01-01 06:26:30+00:00,0,IOMT-004,S-IOMT-004-599,RESEARCH,EP-IND-02593
NET-02594,2026-01-01 06:26:32+00:00,0,IOMT-020,S-IOMT-020-600,LAB_RESULTS,EP-IND-02594
NET-02595,2026-01-01 06:26:35+00:00,0,IOMT-021,S-IOMT-021-601,LAB_RESULTS,EP-IND-02595
NET-02596,2026-01-01 06:26:37+00:00,0,IOMT-004,S-IOMT-004-602,RESEARCH,EP-IND-02596
NET-02597,2026-01-01 06:26:39+00:00,0,IOMT-045,S-IOMT-045-603,EHR_READ,EP-IND-02597
NET-02598,2026-01-01 06:26:48+00:00,0,IOMT-035,S-IOMT-035-604,RESEARCH,EP-IND-02598
NET-02599,2026-01-01 06:26:48+00:00,0,IOMT-026,S-IOMT-026-605,RESEARCH,EP-IND-02599
NET-02600,2026-01-01 06:26:49+00:00,0,IOMT-001,S-IOMT-001-606,RESEARCH,EP-IND-02600
NET-02601,2026-01-01 06:26:49+00:00,0,IOMT-026,S-IOMT-026-607,EHR_READ,EP-IND-02601
NET-02602,2026-01-01 06:27:03+00:00,0,IOMT-008,S-IOMT-008-608,RESEARCH,EP-IND-02602
NET-02603,2026-01-01 06:27:12+00:00,0,IOMT-013,S-IOMT-013-609,IMAGING,EP-IND-02603
NET-02604,2026-01-01 06:27:12+00:00,1,IOMT-010,S-IOMT-010-610,EHR_READ,EP-IND-02604
NET-02605,2026-01-01 06:27:18+00:00,0,IOMT-003,S-IOMT-003-611,IMAGING,EP-IND-02605
NET-02606,2026-01-01 06:27:33+00:00,0,IOMT-048,S-IOMT-048-612,EHR_WRITE,EP-IND-02606
NET-02607,2026-01-01 06:27:46+00:00,0,IOMT-003,S-IOMT-003-613,LAB_RESULTS,EP-IND-02607
NET-02608,2026-01-01 06:27:59+00:00,0,IOMT-019,S-IOMT-019-614,EHR_WRITE,EP-IND-02608
NET-02609,2026-01-01 06:28:30+00:00,0,IOMT-015,S-IOMT-015-615,LAB_RESULTS,EP-IND-02609
NET-02610,2026-01-01 06:28:40+00:00,0,IOMT-040,S-IOMT-040-616,EHR_WRITE,EP-IND-02610
NET-02611,2026-01-01 06:28:43+00:00,0,IOMT-017,S-IOMT-017-617,IMAGING,EP-IND-02611
NET-02612,2026-01-01 06:29:10+00:00,0,IOMT-011,S-IOMT-011-618,IMAGING,EP-IND-02612
NET-02613,2026-01-01 06:29:14+00:00,0,IOMT-017,S-IOMT-017-619,EHR_WRITE,EP-IND-02613
NET-02614,2026-01-01 06:29:20+00:00,1,IOMT-015,S-IOMT-015-620,EHR_WRITE,EP-IND-02614
NET-02615,2026-01-01 06:29:27+00:00,0,IOMT-034,S-IOMT-034-621,EHR_WRITE,EP-IND-02615
NET-02616,2026-01-01 06:29:28+00:00,1,IOMT-015,S-IOMT-015-622,EHR_WRITE,EP-IND-02616
NET-02617,2026-01-01 06:29:28+00:00,0,IOMT-041,S-IOMT-041-623,RESEARCH,EP-IND-02617
NET-02618,2026-01-01 06:29:39+00:00,0,IOMT-011,S-IOMT-011-624,RESEARCH,EP-IND-02618
NET-02619,2026-01-01 06:29:44+00:00,0,IOMT-038,S-IOMT-038-625,EHR_WRITE,EP-IND-02619
NET-02620,2026-01-01 06:29:44+00:00,0,IOMT-020,S-IOMT-020-626,RESEARCH,EP-IND-02620
NET-02621,2026-01-01 06:30:36+00:00,0,IOMT-035,S-IOMT-035-627,LAB_RESULTS,EP-IND-02621
NET-02622,2026-01-01 06:30:38+00:00,0,IOMT-012,S-IOMT-012-628,IMAGING,EP-IND-02622
NET-02623,2026-01-01 06:30:54+00:00,0,IOMT-047,S-IOMT-047-629,RESEARCH,EP-IND-02623
NET-02624,2026-01-01 06:30:56+00:00,0,IOMT-023,S-IOMT-023-630,EHR_READ,EP-IND-02624
NET-02625,2026-01-01 06:31:02+00:00,0,IOMT-038,S-IOMT-038-631,IMAGING,EP-IND-02625
NET-02626,2026-01-01 06:31:05+00:00,0,IOMT-030,S-IOMT-030-632,IMAGING,EP-IND-02626
NET-02627,2026-01-01 06:31:12+00:00,0,IOMT-030,S-IOMT-030-633,EHR_WRITE,EP-IND-02627
NET-02628,2026-01-01 06:31:26+00:00,0,IOMT-044,S-IOMT-044-634,IMAGING,EP-IND-02628
NET-02629,2026-01-01 06:31:27+00:00,0,IOMT-006,S-IOMT-006-635,EHR_READ,EP-IND-02629
NET-02630,2026-01-01 06:31:43+00:00,0,IOMT-049,S-IOMT-049-636,EHR_READ,EP-IND-02630
NET-02631,2026-01-01 06:32:27+00:00,0,IOMT-035,S-IOMT-035-637,EHR_READ,EP-IND-02631
NET-02632,2026-01-01 06:32:49+00:00,0,IOMT-018,S-IOMT-018-638,IMAGING,EP-IND-02632
NET-02633,2026-01-01 06:32:52+00:00,0,IOMT-017,S-IOMT-017-639,EHR_WRITE,EP-IND-02633
NET-02634,2026-01-01 06:32:55+00:00,0,IOMT-038,S-IOMT-038-640,EHR_WRITE,EP-IND-02634
NET-02635,2026-01-01 06:33:49+00:00,0,IOMT-010,S-IOMT-010-641,RESEARCH,EP-IND-02635
NET-02636,2026-01-01 06:34:01+00:00,0,IOMT-024,S-IOMT-024-642,IMAGING,EP-IND-02636
NET-02637,2026-01-01 06:34:02+00:00,0,IOMT-005,S-IOMT-005-643,RESEARCH,EP-IND-02637
NET-02638,2026-01-01 06:34:10+00:00,0,IOMT-034,S-IOMT-034-644,LAB_RESULTS,EP-IND-02638
NET-02639,2026-01-01 06:34:18+00:00,0,IOMT-011,S-IOMT-011-645,IMAGING,EP-IND-02639
NET-02640,2026-01-01 06:34:20+00:00,0,IOMT-019,S-IOMT-019-646,EHR_READ,EP-IND-02640
NET-02641,2026-01-01 06:34:31+00:00,0,IOMT-000,S-IOMT-000-647,EHR_WRITE,EP-IND-02641
NET-02642,2026-01-01 06:34:58+00:00,0,IOMT-022,S-IOMT-022-648,EHR_READ,EP-IND-02642
NET-02643,2026-01-01 06:35:01+00:00,0,IOMT-033,S-IOMT-033-649,EHR_WRITE,EP-IND-02643
NET-02644,2026-01-01 06:35:01+00:00,0,IOMT-011,S-IOMT-011-650,LAB_RESULTS,EP-IND-02644
NET-02645,2026-01-01 06:35:04+00:00,0,IOMT-030,S-IOMT-030-651,RESEARCH,EP-IND-02645
NET-02646,2026-01-01 06:35:18+00:00,0,IOMT-025,S-IOMT-025-652,RESEARCH,EP-IND-02646
NET-02647,2026-01-01 06:35:34+00:00,0,IOMT-041,S-IOMT-041-653,EHR_READ,EP-IND-02647
NET-02648,2026-01-01 06:35:54+00:00,1,IOMT-037,S-IOMT-037-654,LAB_RESULTS,EP-IND-02648
NET-02649,2026-01-01 06:35:55+00:00,0,IOMT-041,S-IOMT-041-655,EHR_WRITE,EP-IND-02649
NET-02650,2026-01-01 06:35:57+00:00,0,IOMT-016,S-IOMT-016-656,LAB_RESULTS,EP-IND-02650
NET-02651,2026-01-01 06:36:01+00:00,0,IOMT-023,S-IOMT-023-657,EHR_READ,EP-IND-02651
NET-02652,2026-01-01 06:36:05+00:00,0,IOMT-029,S-IOMT-029-658,EHR_WRITE,EP-IND-02652
NET-02653,2026-01-01 06:36:08+00:00,0,IOMT-029,S-IOMT-029-659,LAB_RESULTS,EP-IND-02653
NET-02654,2026-01-01 06:36:17+00:00,0,IOMT-027,S-IOMT-027-660,IMAGING,EP-IND-02654
NET-02655,2026-01-01 06:36:23+00:00,0,IOMT-015,S-IOMT-015-661,RESEARCH,EP-IND-02655
NET-02656,2026-01-01 06:36:39+00:00,0,IOMT-002,S-IOMT-002-662,IMAGING,EP-IND-02656
NET-02657,2026-01-01 06:36:43+00:00,1,IOMT-015,S-IOMT-015-663,EHR_READ,EP-IND-02657
NET-02658,2026-01-01 06:36:46+00:00,0,IOMT-022,S-IOMT-022-664,EHR_WRITE,EP-IND-02658
NET-02659,2026-01-01 06:36:50+00:00,0,IOMT-009,S-IOMT-009-665,RESEARCH,EP-IND-02659
NET-02660,2026-01-01 06:37:04+00:00,0,IOMT-049,S-IOMT-049-666,LAB_RESULTS,EP-IND-02660
NET-02661,2026-01-01 06:37:19+00:00,0,IOMT-033,S-IOMT-033-667,EHR_READ,EP-IND-02661
NET-02662,2026-01-01 06:37:23+00:00,0,IOMT-003,S-IOMT-003-668,LAB_RESULTS,EP-IND-02662
NET-02663,2026-01-01 06:37:40+00:00,0,IOMT-006,S-IOMT-006-669,IMAGING,EP-IND-02663
NET-02664,2026-01-01 06:37:41+00:00,1,IOMT-022,S-IOMT-022-670,EHR_WRITE,EP-IND-02664
NET-02665,2026-01-01 06:37:56+00:00,0,IOMT-036,S-IOMT-036-671,LAB_RESULTS,EP-IND-02665
NET-02666,2026-01-01 06:37:58+00:00,1,IOMT-005,S-IOMT-005-672,EHR_READ,EP-IND-02666
NET-02667,2026-01-01 06:38:11+00:00,0,IOMT-030,S-IOMT-030-673,RESEARCH,EP-IND-02667
NET-02668,2026-01-01 06:38:11+00:00,0,IOMT-008,S-IOMT-008-674,EHR_WRITE,EP-IND-02668
NET-02669,2026-01-01 06:38:17+00:00,0,IOMT-036,S-IOMT-036-675,RESEARCH,EP-IND-02669
NET-02670,2026-01-01 06:38:23+00:00,0,IOMT-014,S-IOMT-014-676,RESEARCH,EP-IND-02670
NET-02671,2026-01-01 06:38:33+00:00,0,IOMT-004,S-IOMT-004-677,IMAGING,EP-IND-02671
NET-02672,2026-01-01 06:39:08+00:00,0,IOMT-018,S-IOMT-018-678,LAB_RESULTS,EP-IND-02672
NET-02673,2026-01-01 06:39:10+00:00,0,IOMT-037,S-IOMT-037-679,EHR_WRITE,EP-IND-02673
NET-02674,2026-01-01 06:39:14+00:00,0,IOMT-039,S-IOMT-039-680,RESEARCH,EP-IND-02674
NET-02675,2026-01-01 06:39:15+00:00,0,IOMT-019,S-IOMT-019-681,RESEARCH,EP-IND-02675
NET-02676,2026-01-01 06:39:23+00:00,0,IOMT-004,S-IOMT-004-682,IMAGING,EP-IND-02676
NET-02677,2026-01-01 06:39:28+00:00,0,IOMT-012,S-IOMT-012-683,EHR_WRITE,EP-IND-02677
NET-02678,2026-01-01 06:39:34+00:00,0,IOMT-029,S-IOMT-029-684,LAB_RESULTS,EP-IND-02678
NET-02679,2026-01-01 06:39:48+00:00,0,IOMT-011,S-IOMT-011-685,LAB_RESULTS,EP-IND-02679
NET-02680,2026-01-01 06:39:51+00:00,0,IOMT-015,S-IOMT-015-686,EHR_READ,EP-IND-02680
NET-02681,2026-01-01 06:39:56+00:00,0,IOMT-023,S-IOMT-023-687,IMAGING,EP-IND-02681
NET-02682,2026-01-01 06:40:00+00:00,0,IOMT-035,S-IOMT-035-688,EHR_WRITE,EP-IND-02682
NET-02683,2026-01-01 06:40:06+00:00,0,IOMT-027,S-IOMT-027-689,EHR_READ,EP-IND-02683
NET-02684,2026-01-01 06:40:14+00:00,0,IOMT-037,S-IOMT-037-690,RESEARCH,EP-IND-02684
NET-02685,2026-01-01 06:40:20+00:00,0,IOMT-043,S-IOMT-043-691,RESEARCH,EP-IND-02685
NET-02686,2026-01-01 06:40:27+00:00,0,IOMT-021,S-IOMT-021-692,EHR_WRITE,EP-IND-02686
NET-02687,2026-01-01 06:40:30+00:00,1,IOMT-047,S-IOMT-047-693,EHR_READ,EP-IND-02687
NET-02688,2026-01-01 06:40:57+00:00,1,IOMT-018,S-IOMT-018-694,IMAGING,EP-IND-02688
NET-02689,2026-01-01 06:41:02+00:00,0,IOMT-039,S-IOMT-039-695,IMAGING,EP-IND-02689
NET-02690,2026-01-01 06:41:05+00:00,0,IOMT-023,S-IOMT-023-696,RESEARCH,EP-IND-02690
NET-02691,2026-01-01 06:41:11+00:00,0,IOMT-031,S-IOMT-031-697,EHR_READ,EP-IND-02691
NET-02692,2026-01-01 06:41:12+00:00,0,IOMT-010,S-IOMT-010-698,RESEARCH,EP-IND-02692
NET-02693,2026-01-01 06:41:24+00:00,0,IOMT-007,S-IOMT-007-699,RESEARCH,EP-IND-02693
NET-02694,2026-01-01 06:41:24+00:00,0,IOMT-041,S-IOMT-041-700,EHR_READ,EP-IND-02694
NET-02695,2026-01-01 06:41:31+00:00,1,IOMT-028,S-IOMT-028-701,EHR_READ,EP-IND-02695
NET-02696,2026-01-01 06:41:35+00:00,0,IOMT-044,S-IOMT-044-702,IMAGING,EP-IND-02696
NET-02697,2026-01-01 06:41:48+00:00,1,IOMT-033,S-IOMT-033-703,RESEARCH,EP-IND-02697
NET-02698,2026-01-01 06:41:55+00:00,0,IOMT-014,S-IOMT-014-704,EHR_WRITE,EP-IND-02698
NET-02699,2026-01-01 06:41:59+00:00,0,IOMT-028,S-IOMT-028-705,IMAGING,EP-IND-02699
NET-02700,2026-01-01 06:42:04+00:00,0,IOMT-033,S-IOMT-033-706,EHR_READ,EP-IND-02700
NET-02701,2026-01-01 06:42:11+00:00,0,IOMT-042,S-IOMT-042-707,LAB_RESULTS,EP-IND-02701
NET-02702,2026-01-01 06:42:18+00:00,0,IOMT-013,S-IOMT-013-708,EHR_READ,EP-IND-02702
NET-02703,2026-01-01 06:42:19+00:00,0,IOMT-000,S-IOMT-000-709,IMAGING,EP-IND-02703
NET-02704,2026-01-01 06:42:22+00:00,0,IOMT-032,S-IOMT-032-710,IMAGING,EP-IND-02704
NET-02705,2026-01-01 06:42:24+00:00,0,IOMT-012,S-IOMT-012-711,RESEARCH,EP-IND-02705
NET-02706,2026-01-01 06:42:33+00:00,0,IOMT-015,S-IOMT-015-712,LAB_RESULTS,EP-IND-02706
NET-02707,2026-01-01 06:42:38+00:00,0,IOMT-018,S-IOMT-018-713,EHR_WRITE,EP-IND-02707
NET-02708,2026-01-01 06:42:46+00:00,0,IOMT-030,S-IOMT-030-714,IMAGING,EP-IND-02708
NET-02709,2026-01-01 06:42:59+00:00,0,IOMT-000,S-IOMT-000-715,EHR_WRITE,EP-IND-02709
NET-02710,2026-01-01 06:43:03+00:00,0,IOMT-026,S-IOMT-026-716,EHR_WRITE,EP-IND-02710
NET-02711,2026-01-01 06:43:11+00:00,0,IOMT-019,S-IOMT-019-717,RESEARCH,EP-IND-02711
NET-02712,2026-01-01 06:43:23+00:00,0,IOMT-011,S-IOMT-011-718,EHR_READ,EP-IND-02712
NET-02713,2026-01-01 06:43:31+00:00,0,IOMT-001,S-IOMT-001-719,RESEARCH,EP-IND-02713
NET-02714,2026-01-01 06:43:48+00:00,0,IOMT-006,S-IOMT-006-720,RESEARCH,EP-IND-02714
NET-02715,2026-01-01 06:43:56+00:00,0,IOMT-024,S-IOMT-024-721,LAB_RESULTS,EP-IND-02715
NET-02716,2026-01-01 06:44:07+00:00,0,IOMT-003,S-IOMT-003-722,RESEARCH,EP-IND-02716
NET-02717,2026-01-01 06:44:10+00:00,0,IOMT-014,S-IOMT-014-723,EHR_WRITE,EP-IND-02717
NET-02718,2026-01-01 06:44:14+00:00,0,IOMT-006,S-IOMT-006-724,IMAGING,EP-IND-02718
NET-02719,2026-01-01 06:44:24+00:00,0,IOMT-038,S-IOMT-038-725,EHR_READ,EP-IND-02719
NET-02720,2026-01-01 06:44:28+00:00,0,IOMT-011,S-IOMT-011-726,IMAGING,EP-IND-02720
NET-02721,2026-01-01 06:44:46+00:00,0,IOMT-030,S-IOMT-030-727,RESEARCH,EP-IND-02721
NET-02722,2026-01-01 06:45:00+00:00,0,IOMT-001,S-IOMT-001-728,IMAGING,EP-IND-02722
NET-02723,2026-01-01 06:45:02+00:00,0,IOMT-013,S-IOMT-013-729,IMAGING,EP-IND-02723
NET-02724,2026-01-01 06:45:05+00:00,1,IOMT-010,S-IOMT-010-730,EHR_READ,EP-IND-02724
NET-02725,2026-01-01 06:45:42+00:00,0,IOMT-004,S-IOMT-004-731,RESEARCH,EP-IND-02725
NET-02726,2026-01-01 06:45:54+00:00,0,IOMT-015,S-IOMT-015-732,EHR_WRITE,EP-IND-02726
NET-02727,2026-01-01 06:45:57+00:00,0,IOMT-006,S-IOMT-006-733,EHR_WRITE,EP-IND-02727
NET-02728,2026-01-01 06:46:03+00:00,0,IOMT-032,S-IOMT-032-734,EHR_READ,EP-IND-02728
NET-02729,2026-01-01 06:46:09+00:00,0,IOMT-009,S-IOMT-009-735,RESEARCH,EP-IND-02729
NET-02730,2026-01-01 06:46:12+00:00,0,IOMT-013,S-IOMT-013-736,IMAGING,EP-IND-02730
NET-02731,2026-01-01 06:46:23+00:00,0,IOMT-021,S-IOMT-021-737,EHR_WRITE,EP-IND-02731
NET-02732,2026-01-01 06:46:42+00:00,0,IOMT-046,S-IOMT-046-738,IMAGING,EP-IND-02732
NET-02733,2026-01-01 06:46:46+00:00,0,IOMT-021,S-IOMT-021-739,EHR_READ,EP-IND-02733
NET-02734,2026-01-01 06:47:16+00:00,0,IOMT-011,S-IOMT-011-740,EHR_READ,EP-IND-02734
NET-02735,2026-01-01 06:47:19+00:00,0,IOMT-016,S-IOMT-016-741,LAB_RESULTS,EP-IND-02735
NET-02736,2026-01-01 06:47:30+00:00,0,IOMT-013,S-IOMT-013-742,RESEARCH,EP-IND-02736
NET-02737,2026-01-01 06:47:40+00:00,0,IOMT-018,S-IOMT-018-743,LAB_RESULTS,EP-IND-02737
NET-02738,2026-01-01 06:47:43+00:00,0,IOMT-028,S-IOMT-028-744,IMAGING,EP-IND-02738
NET-02739,2026-01-01 06:47:49+00:00,0,IOMT-029,S-IOMT-029-745,EHR_WRITE,EP-IND-02739
NET-02740,2026-01-01 06:47:55+00:00,0,IOMT-010,S-IOMT-010-746,EHR_WRITE,EP-IND-02740
NET-02741,2026-01-01 06:47:59+00:00,0,IOMT-031,S-IOMT-031-747,EHR_READ,EP-IND-02741
NET-02742,2026-01-01 06:48:11+00:00,0,IOMT-012,S-IOMT-012-748,EHR_WRITE,EP-IND-02742
NET-02743,2026-01-01 06:48:23+00:00,0,IOMT-026,S-IOMT-026-749,EHR_WRITE,EP-IND-02743
NET-02744,2026-01-01 06:48:50+00:00,0,IOMT-035,S-IOMT-035-750,RESEARCH,EP-IND-02744
NET-02745,2026-01-01 06:49:45+00:00,0,IOMT-042,S-IOMT-042-751,EHR_READ,EP-IND-02745
NET-02746,2026-01-01 06:49:46+00:00,0,IOMT-039,S-IOMT-039-752,LAB_RESULTS,EP-IND-02746
NET-02747,2026-01-01 06:49:48+00:00,0,IOMT-044,S-IOMT-044-753,IMAGING,EP-IND-02747
NET-02748,2026-01-01 06:50:07+00:00,0,IOMT-004,S-IOMT-004-754,EHR_READ,EP-IND-02748
NET-02749,2026-01-01 06:50:42+00:00,0,IOMT-021,S-IOMT-021-755,EHR_READ,EP-IND-02749
NET-02750,2026-01-01 06:50:47+00:00,0,IOMT-041,S-IOMT-041-756,LAB_RESULTS,EP-IND-02750
NET-02751,2026-01-01 06:50:51+00:00,0,IOMT-047,S-IOMT-047-757,LAB_RESULTS,EP-IND-02751
NET-02752,2026-01-01 06:50:54+00:00,0,IOMT-028,S-IOMT-028-758,LAB_RESULTS,EP-IND-02752
NET-02753,2026-01-01 06:50:54+00:00,0,IOMT-041,S-IOMT-041-759,LAB_RESULTS,EP-IND-02753
NET-02754,2026-01-01 06:50:59+00:00,0,IOMT-033,S-IOMT-033-760,EHR_READ,EP-IND-02754
NET-02755,2026-01-01 06:52:02+00:00,0,IOMT-033,S-IOMT-033-761,EHR_READ,EP-IND-02755
NET-02756,2026-01-01 06:52:38+00:00,0,IOMT-004,S-IOMT-004-762,IMAGING,EP-IND-02756
NET-02757,2026-01-01 06:52:45+00:00,0,IOMT-004,S-IOMT-004-763,IMAGING,EP-IND-02757
NET-02758,2026-01-01 06:52:58+00:00,0,IOMT-031,S-IOMT-031-764,EHR_READ,EP-IND-02758
NET-02759,2026-01-01 06:53:06+00:00,0,IOMT-018,S-IOMT-018-765,LAB_RESULTS,EP-IND-02759
NET-02760,2026-01-01 06:53:06+00:00,0,IOMT-048,S-IOMT-048-766,EHR_READ,EP-IND-02760
NET-02761,2026-01-01 06:53:23+00:00,0,IOMT-047,S-IOMT-047-767,RESEARCH,EP-IND-02761
NET-02762,2026-01-01 06:53:28+00:00,0,IOMT-041,S-IOMT-041-768,RESEARCH,EP-IND-02762
NET-02763,2026-01-01 06:53:36+00:00,0,IOMT-016,S-IOMT-016-769,RESEARCH,EP-IND-02763
NET-02764,2026-01-01 06:53:50+00:00,0,IOMT-012,S-IOMT-012-770,IMAGING,EP-IND-02764
NET-02765,2026-01-01 06:53:58+00:00,0,IOMT-039,S-IOMT-039-771,EHR_WRITE,EP-IND-02765
NET-02766,2026-01-01 06:53:59+00:00,0,IOMT-005,S-IOMT-005-772,RESEARCH,EP-IND-02766
NET-02767,2026-01-01 06:54:04+00:00,0,IOMT-020,S-IOMT-020-773,LAB_RESULTS,EP-IND-02767
NET-02768,2026-01-01 06:54:06+00:00,0,IOMT-039,S-IOMT-039-774,RESEARCH,EP-IND-02768
NET-02769,2026-01-01 06:54:09+00:00,0,IOMT-026,S-IOMT-026-775,EHR_WRITE,EP-IND-02769
NET-02770,2026-01-01 06:54:17+00:00,0,IOMT-012,S-IOMT-012-776,EHR_READ,EP-IND-02770
NET-02771,2026-01-01 06:54:44+00:00,0,IOMT-009,S-IOMT-009-777,RESEARCH,EP-IND-02771
NET-02772,2026-01-01 06:54:55+00:00,0,IOMT-013,S-IOMT-013-778,RESEARCH,EP-IND-02772
NET-02773,2026-01-01 06:55:03+00:00,0,IOMT-035,S-IOMT-035-779,LAB_RESULTS,EP-IND-02773
NET-02774,2026-01-01 06:55:21+00:00,0,IOMT-017,S-IOMT-017-780,RESEARCH,EP-IND-02774
NET-02775,2026-01-01 06:55:39+00:00,0,IOMT-007,S-IOMT-007-781,LAB_RESULTS,EP-IND-02775
NET-02776,2026-01-01 06:55:42+00:00,1,IOMT-001,S-IOMT-001-782,IMAGING,EP-IND-02776
NET-02777,2026-01-01 06:55:42+00:00,0,IOMT-025,S-IOMT-025-783,LAB_RESULTS,EP-IND-02777
NET-02778,2026-01-01 06:55:58+00:00,0,IOMT-020,S-IOMT-020-784,RESEARCH,EP-IND-02778
NET-02779,2026-01-01 06:55:58+00:00,0,IOMT-023,S-IOMT-023-785,LAB_RESULTS,EP-IND-02779
NET-02780,2026-01-01 06:56:06+00:00,0,IOMT-019,S-IOMT-019-786,RESEARCH,EP-IND-02780
NET-02781,2026-01-01 06:56:08+00:00,0,IOMT-013,S-IOMT-013-787,IMAGING,EP-IND-02781
NET-02782,2026-01-01 06:56:15+00:00,0,IOMT-036,S-IOMT-036-788,EHR_READ,EP-IND-02782
NET-02783,2026-01-01 06:56:21+00:00,0,IOMT-003,S-IOMT-003-789,IMAGING,EP-IND-02783
NET-02784,2026-01-01 06:56:21+00:00,0,IOMT-030,S-IOMT-030-790,IMAGING,EP-IND-02784
NET-02785,2026-01-01 06:56:26+00:00,0,IOMT-036,S-IOMT-036-791,IMAGING,EP-IND-02785
NET-02786,2026-01-01 06:56:28+00:00,0,IOMT-032,S-IOMT-032-792,LAB_RESULTS,EP-IND-02786
NET-02787,2026-01-01 06:56:36+00:00,0,IOMT-028,S-IOMT-028-793,IMAGING,EP-IND-02787
NET-02788,2026-01-01 06:56:43+00:00,0,IOMT-035,S-IOMT-035-794,LAB_RESULTS,EP-IND-02788
NET-02789,2026-01-01 06:57:01+00:00,0,IOMT-027,S-IOMT-027-795,EHR_READ,EP-IND-02789
NET-02790,2026-01-01 06:57:03+00:00,0,IOMT-048,S-IOMT-048-796,EHR_WRITE,EP-IND-02790
NET-02791,2026-01-01 06:57:27+00:00,0,IOMT-023,S-IOMT-023-797,EHR_WRITE,EP-IND-02791
NET-02792,2026-01-01 06:57:37+00:00,0,IOMT-039,S-IOMT-039-798,LAB_RESULTS,EP-IND-02792
NET-02793,2026-01-01 06:57:45+00:00,0,IOMT-035,S-IOMT-035-799,EHR_WRITE,EP-IND-02793
NET-02794,2026-01-01 06:57:46+00:00,0,IOMT-032,S-IOMT-032-800,EHR_WRITE,EP-IND-02794
NET-02795,2026-01-01 06:57:47+00:00,0,IOMT-038,S-IOMT-038-801,EHR_READ,EP-IND-02795
NET-02796,2026-01-01 06:57:48+00:00,0,IOMT-001,S-IOMT-001-802,EHR_READ,EP-IND-02796
NET-02797,2026-01-01 06:58:04+00:00,0,IOMT-044,S-IOMT-044-803,RESEARCH,EP-IND-02797
NET-02798,2026-01-01 06:58:09+00:00,0,IOMT-049,S-IOMT-049-804,RESEARCH,EP-IND-02798
NET-02799,2026-01-01 06:58:39+00:00,0,IOMT-036,S-IOMT-036-805,RESEARCH,EP-IND-02799
NET-02800,2026-01-01 06:58:43+00:00,0,IOMT-005,S-IOMT-005-806,EHR_READ,EP-IND-02800
NET-02801,2026-01-01 06:59:03+00:00,0,IOMT-030,S-IOMT-030-807,LAB_RESULTS,EP-IND-02801
NET-02802,2026-01-01 06:59:06+00:00,0,IOMT-025,S-IOMT-025-808,RESEARCH,EP-IND-02802
NET-02803,2026-01-01 06:59:18+00:00,0,IOMT-003,S-IOMT-003-809,IMAGING,EP-IND-02803
NET-02804,2026-01-01 06:59:27+00:00,0,IOMT-036,S-IOMT-036-810,EHR_WRITE,EP-IND-02804
NET-02805,2026-01-01 06:59:43+00:00,0,IOMT-038,S-IOMT-038-811,EHR_WRITE,EP-IND-02805
NET-02806,2026-01-01 06:59:53+00:00,0,IOMT-003,S-IOMT-003-812,LAB_RESULTS,EP-IND-02806
NET-02807,2026-01-01 07:00:35+00:00,0,IOMT-047,S-IOMT-047-813,EHR_READ,EP-IND-02807
NET-02808,2026-01-01 07:00:41+00:00,0,IOMT-042,S-IOMT-042-814,IMAGING,EP-IND-02808
NET-02809,2026-01-01 07:00:44+00:00,0,IOMT-033,S-IOMT-033-815,IMAGING,EP-IND-02809
NET-02810,2026-01-01 07:00:49+00:00,0,IOMT-023,S-IOMT-023-816,EHR_READ,EP-IND-02810
NET-02811,2026-01-01 07:00:52+00:00,0,IOMT-017,S-IOMT-017-817,EHR_WRITE,EP-IND-02811
NET-02812,2026-01-01 07:00:55+00:00,1,IOMT-015,S-IOMT-015-818,RESEARCH,EP-IND-02812
NET-02813,2026-01-01 07:00:56+00:00,0,IOMT-011,S-IOMT-011-819,RESEARCH,EP-IND-02813
NET-02814,2026-01-01 07:01:03+00:00,0,IOMT-020,S-IOMT-020-820,EHR_WRITE,EP-IND-02814
NET-02815,2026-01-01 07:01:12+00:00,0,IOMT-003,S-IOMT-003-821,EHR_WRITE,EP-IND-02815
NET-02816,2026-01-01 07:01:25+00:00,0,IOMT-037,S-IOMT-037-822,RESEARCH,EP-IND-02816
NET-02817,2026-01-01 07:01:39+00:00,0,IOMT-007,S-IOMT-007-823,LAB_RESULTS,EP-IND-02817
NET-02818,2026-01-01 07:01:43+00:00,0,IOMT-007,S-IOMT-007-824,EHR_READ,EP-IND-02818
NET-02819,2026-01-01 07:01:44+00:00,0,IOMT-037,S-IOMT-037-825,IMAGING,EP-IND-02819
NET-02820,2026-01-01 07:01:52+00:00,0,IOMT-003,S-IOMT-003-826,LAB_RESULTS,EP-IND-02820
NET-02821,2026-01-01 07:02:22+00:00,0,IOMT-042,S-IOMT-042-827,RESEARCH,EP-IND-02821
NET-02822,2026-01-01 07:02:34+00:00,0,IOMT-005,S-IOMT-005-828,IMAGING,EP-IND-02822
NET-02823,2026-01-01 07:02:39+00:00,0,IOMT-001,S-IOMT-001-829,IMAGING,EP-IND-02823
NET-02824,2026-01-01 07:02:53+00:00,0,IOMT-000,S-IOMT-000-830,EHR_WRITE,EP-IND-02824
NET-02825,2026-01-01 07:03:01+00:00,0,IOMT-043,S-IOMT-043-831,RESEARCH,EP-IND-02825
NET-02826,2026-01-01 07:03:05+00:00,0,IOMT-017,S-IOMT-017-832,LAB_RESULTS,EP-IND-02826
NET-02827,2026-01-01 07:03:08+00:00,1,IOMT-022,S-IOMT-022-833,EHR_READ,EP-IND-02827
NET-02828,2026-01-01 07:03:24+00:00,0,IOMT-024,S-IOMT-024-834,EHR_WRITE,EP-IND-02828
NET-02829,2026-01-01 07:03:39+00:00,0,IOMT-014,S-IOMT-014-835,IMAGING,EP-IND-02829
NET-02830,2026-01-01 07:04:09+00:00,0,IOMT-001,S-IOMT-001-836,EHR_READ,EP-IND-02830
NET-02831,2026-01-01 07:04:11+00:00,0,IOMT-049,S-IOMT-049-837,EHR_READ,EP-IND-02831
NET-02832,2026-01-01 07:04:33+00:00,1,IOMT-023,S-IOMT-023-838,EHR_READ,EP-IND-02832
NET-02833,2026-01-01 07:04:33+00:00,0,IOMT-012,S-IOMT-012-839,EHR_READ,EP-IND-02833
NET-02834,2026-01-01 07:04:47+00:00,0,IOMT-037,S-IOMT-037-840,EHR_READ,EP-IND-02834
NET-02835,2026-01-01 07:04:49+00:00,0,IOMT-007,S-IOMT-007-841,RESEARCH,EP-IND-02835
NET-02836,2026-01-01 07:05:03+00:00,0,IOMT-032,S-IOMT-032-842,LAB_RESULTS,EP-IND-02836
NET-02837,2026-01-01 07:05:05+00:00,0,IOMT-014,S-IOMT-014-843,EHR_WRITE,EP-IND-02837
NET-02838,2026-01-01 07:05:12+00:00,0,IOMT-038,S-IOMT-038-844,IMAGING,EP-IND-02838
NET-02839,2026-01-01 07:05:34+00:00,0,IOMT-013,S-IOMT-013-845,EHR_WRITE,EP-IND-02839
NET-02840,2026-01-01 07:05:36+00:00,0,IOMT-022,S-IOMT-022-846,EHR_READ,EP-IND-02840
NET-02841,2026-01-01 07:05:53+00:00,0,IOMT-019,S-IOMT-019-847,LAB_RESULTS,EP-IND-02841
NET-02842,2026-01-01 07:06:27+00:00,0,IOMT-044,S-IOMT-044-848,EHR_READ,EP-IND-02842
NET-02843,2026-01-01 07:06:33+00:00,0,IOMT-008,S-IOMT-008-849,EHR_READ,EP-IND-02843
NET-02844,2026-01-01 07:06:35+00:00,0,IOMT-038,S-IOMT-038-850,EHR_READ,EP-IND-02844
NET-02845,2026-01-01 07:06:38+00:00,0,IOMT-005,S-IOMT-005-851,RESEARCH,EP-IND-02845
NET-02846,2026-01-01 07:06:39+00:00,0,IOMT-020,S-IOMT-020-852,LAB_RESULTS,EP-IND-02846
NET-02847,2026-01-01 07:06:43+00:00,1,IOMT-014,S-IOMT-014-853,EHR_WRITE,EP-IND-02847
NET-02848,2026-01-01 07:06:51+00:00,0,IOMT-001,S-IOMT-001-854,IMAGING,EP-IND-02848
NET-02849,2026-01-01 07:06:52+00:00,0,IOMT-022,S-IOMT-022-855,IMAGING,EP-IND-02849
NET-02850,2026-01-01 07:06:58+00:00,0,IOMT-043,S-IOMT-043-856,EHR_READ,EP-IND-02850
NET-02851,2026-01-01 07:07:00+00:00,0,IOMT-037,S-IOMT-037-857,EHR_WRITE,EP-IND-02851
NET-02852,2026-01-01 07:07:08+00:00,0,IOMT-006,S-IOMT-006-858,RESEARCH,EP-IND-02852
NET-02853,2026-01-01 07:07:24+00:00,0,IOMT-004,S-IOMT-004-859,IMAGING,EP-IND-02853
NET-02854,2026-01-01 07:07:28+00:00,0,IOMT-015,S-IOMT-015-860,IMAGING,EP-IND-02854
NET-02855,2026-01-01 07:07:42+00:00,0,IOMT-037,S-IOMT-037-861,IMAGING,EP-IND-02855
NET-02856,2026-01-01 07:07:47+00:00,0,IOMT-037,S-IOMT-037-862,LAB_RESULTS,EP-IND-02856
NET-02857,2026-01-01 07:07:47+00:00,0,IOMT-035,S-IOMT-035-863,EHR_WRITE,EP-IND-02857
NET-02858,2026-01-01 07:07:49+00:00,1,IOMT-034,S-IOMT-034-864,IMAGING,EP-IND-02858
NET-02859,2026-01-01 07:08:15+00:00,0,IOMT-000,S-IOMT-000-865,IMAGING,EP-IND-02859
NET-02860,2026-01-01 07:08:45+00:00,0,IOMT-042,S-IOMT-042-866,RESEARCH,EP-IND-02860
NET-02861,2026-01-01 07:08:47+00:00,0,IOMT-043,S-IOMT-043-867,EHR_WRITE,EP-IND-02861
NET-02862,2026-01-01 07:08:55+00:00,0,IOMT-012,S-IOMT-012-868,EHR_READ,EP-IND-02862
NET-02863,2026-01-01 07:09:06+00:00,0,IOMT-049,S-IOMT-049-869,EHR_WRITE,EP-IND-02863
NET-02864,2026-01-01 07:09:11+00:00,0,IOMT-038,S-IOMT-038-870,IMAGING,EP-IND-02864
NET-02865,2026-01-01 07:09:41+00:00,0,IOMT-042,S-IOMT-042-871,EHR_WRITE,EP-IND-02865
NET-02866,2026-01-01 07:09:42+00:00,0,IOMT-037,S-IOMT-037-872,EHR_WRITE,EP-IND-02866
NET-02867,2026-01-01 07:10:05+00:00,0,IOMT-042,S-IOMT-042-873,EHR_WRITE,EP-IND-02867
NET-02868,2026-01-01 07:10:06+00:00,0,IOMT-026,S-IOMT-026-874,EHR_READ,EP-IND-02868
NET-02869,2026-01-01 07:10:09+00:00,0,IOMT-032,S-IOMT-032-875,LAB_RESULTS,EP-IND-02869
NET-02870,2026-01-01 07:10:12+00:00,0,IOMT-007,S-IOMT-007-876,LAB_RESULTS,EP-IND-02870
NET-02871,2026-01-01 07:10:13+00:00,0,IOMT-033,S-IOMT-033-877,EHR_READ,EP-IND-02871
NET-02872,2026-01-01 07:10:22+00:00,0,IOMT-045,S-IOMT-045-878,RESEARCH,EP-IND-02872
NET-02873,2026-01-01 07:10:31+00:00,0,IOMT-011,S-IOMT-011-879,LAB_RESULTS,EP-IND-02873
NET-02874,2026-01-01 07:10:31+00:00,0,IOMT-045,S-IOMT-045-880,IMAGING,EP-IND-02874
NET-02875,2026-01-01 07:10:34+00:00,0,IOMT-046,S-IOMT-046-881,RESEARCH,EP-IND-02875
NET-02876,2026-01-01 07:10:56+00:00,0,IOMT-012,S-IOMT-012-882,EHR_READ,EP-IND-02876
NET-02877,2026-01-01 07:11:00+00:00,0,IOMT-043,S-IOMT-043-883,EHR_READ,EP-IND-02877
NET-02878,2026-01-01 07:11:10+00:00,0,IOMT-017,S-IOMT-017-884,IMAGING,EP-IND-02878
NET-02879,2026-01-01 07:11:14+00:00,0,IOMT-049,S-IOMT-049-885,EHR_READ,EP-IND-02879
NET-02880,2026-01-01 07:11:15+00:00,0,IOMT-042,S-IOMT-042-886,IMAGING,EP-IND-02880
NET-02881,2026-01-01 07:11:20+00:00,0,IOMT-015,S-IOMT-015-887,IMAGING,EP-IND-02881
NET-02882,2026-01-01 07:11:33+00:00,0,IOMT-049,S-IOMT-049-888,LAB_RESULTS,EP-IND-02882
NET-02883,2026-01-01 07:11:37+00:00,0,IOMT-006,S-IOMT-006-889,EHR_READ,EP-IND-02883
NET-02884,2026-01-01 07:11:50+00:00,0,IOMT-020,S-IOMT-020-890,EHR_READ,EP-IND-02884
NET-02885,2026-01-01 07:11:55+00:00,0,IOMT-021,S-IOMT-021-891,IMAGING,EP-IND-02885
NET-02886,2026-01-01 07:12:26+00:00,1,IOMT-013,S-IOMT-013-892,LAB_RESULTS,EP-IND-02886
NET-02887,2026-01-01 07:12:30+00:00,0,IOMT-021,S-IOMT-021-893,IMAGING,EP-IND-02887
NET-02888,2026-01-01 07:12:35+00:00,0,IOMT-020,S-IOMT-020-894,EHR_WRITE,EP-IND-02888
NET-02889,2026-01-01 07:12:41+00:00,0,IOMT-040,S-IOMT-040-895,IMAGING,EP-IND-02889
NET-02890,2026-01-01 07:12:42+00:00,0,IOMT-029,S-IOMT-029-896,IMAGING,EP-IND-02890
NET-02891,2026-01-01 07:12:59+00:00,0,IOMT-011,S-IOMT-011-897,EHR_READ,EP-IND-02891
NET-02892,2026-01-01 07:13:16+00:00,1,IOMT-003,S-IOMT-003-898,LAB_RESULTS,EP-IND-02892
NET-02893,2026-01-01 07:13:23+00:00,0,IOMT-008,S-IOMT-008-899,EHR_READ,EP-IND-02893
NET-02894,2026-01-01 07:13:23+00:00,0,IOMT-019,S-IOMT-019-900,LAB_RESULTS,EP-IND-02894
NET-02895,2026-01-01 07:13:24+00:00,0,IOMT-033,S-IOMT-033-901,LAB_RESULTS,EP-IND-02895
NET-02896,2026-01-01 07:13:26+00:00,0,IOMT-024,S-IOMT-024-902,RESEARCH,EP-IND-02896
NET-02897,2026-01-01 07:13:33+00:00,0,IOMT-002,S-IOMT-002-903,EHR_READ,EP-IND-02897
NET-02898,2026-01-01 07:13:48+00:00,0,IOMT-002,S-IOMT-002-904,EHR_WRITE,EP-IND-02898
NET-02899,2026-01-01 07:13:51+00:00,0,IOMT-024,S-IOMT-024-905,LAB_RESULTS,EP-IND-02899
NET-02900,2026-01-01 07:13:55+00:00,0,IOMT-030,S-IOMT-030-906,EHR_WRITE,EP-IND-02900
NET-02901,2026-01-01 07:14:00+00:00,0,IOMT-025,S-IOMT-025-907,IMAGING,EP-IND-02901
NET-02902,2026-01-01 07:14:04+00:00,0,IOMT-004,S-IOMT-004-908,EHR_READ,EP-IND-02902
NET-02903,2026-01-01 07:14:31+00:00,0,IOMT-047,S-IOMT-047-909,EHR_WRITE,EP-IND-02903
NET-02904,2026-01-01 07:14:33+00:00,0,IOMT-007,S-IOMT-007-910,IMAGING,EP-IND-02904
NET-02905,2026-01-01 07:14:43+00:00,1,IOMT-024,S-IOMT-024-911,IMAGING,EP-IND-02905
NET-02906,2026-01-01 07:14:57+00:00,0,IOMT-022,S-IOMT-022-912,EHR_READ,EP-IND-02906
NET-02907,2026-01-01 07:14:59+00:00,0,IOMT-043,S-IOMT-043-913,EHR_READ,EP-IND-02907
NET-02908,2026-01-01 07:15:15+00:00,0,IOMT-011,S-IOMT-011-914,EHR_READ,EP-IND-02908
NET-02909,2026-01-01 07:15:16+00:00,0,IOMT-000,S-IOMT-000-915,LAB_RESULTS,EP-IND-02909
NET-02910,2026-01-01 07:15:24+00:00,0,IOMT-003,S-IOMT-003-916,EHR_WRITE,EP-IND-02910
NET-02911,2026-01-01 07:15:26+00:00,0,IOMT-028,S-IOMT-028-917,RESEARCH,EP-IND-02911
NET-02912,2026-01-01 07:15:30+00:00,0,IOMT-031,S-IOMT-031-918,IMAGING,EP-IND-02912
NET-02913,2026-01-01 07:15:39+00:00,0,IOMT-032,S-IOMT-032-919,LAB_RESULTS,EP-IND-02913
NET-02914,2026-01-01 07:15:40+00:00,0,IOMT-020,S-IOMT-020-920,LAB_RESULTS,EP-IND-02914
NET-02915,2026-01-01 07:15:45+00:00,0,IOMT-004,S-IOMT-004-921,EHR_READ,EP-IND-02915
NET-02916,2026-01-01 07:15:47+00:00,0,IOMT-020,S-IOMT-020-922,RESEARCH,EP-IND-02916
NET-02917,2026-01-01 07:15:56+00:00,0,IOMT-020,S-IOMT-020-923,LAB_RESULTS,EP-IND-02917
NET-02918,2026-01-01 07:16:06+00:00,0,IOMT-025,S-IOMT-025-924,LAB_RESULTS,EP-IND-02918
NET-02919,2026-01-01 07:16:17+00:00,0,IOMT-003,S-IOMT-003-925,RESEARCH,EP-IND-02919
NET-02920,2026-01-01 07:16:38+00:00,0,IOMT-013,S-IOMT-013-926,EHR_READ,EP-IND-02920
NET-02921,2026-01-01 07:17:06+00:00,0,IOMT-022,S-IOMT-022-927,LAB_RESULTS,EP-IND-02921
NET-02922,2026-01-01 07:17:17+00:00,0,IOMT-036,S-IOMT-036-928,RESEARCH,EP-IND-02922
NET-02923,2026-01-01 07:17:19+00:00,0,IOMT-010,S-IOMT-010-929,IMAGING,EP-IND-02923
NET-02924,2026-01-01 07:17:23+00:00,0,IOMT-011,S-IOMT-011-930,IMAGING,EP-IND-02924
NET-02925,2026-01-01 07:17:37+00:00,0,IOMT-012,S-IOMT-012-931,RESEARCH,EP-IND-02925
NET-02926,2026-01-01 07:17:41+00:00,0,IOMT-046,S-IOMT-046-932,EHR_WRITE,EP-IND-02926
NET-02927,2026-01-01 07:17:47+00:00,0,IOMT-029,S-IOMT-029-933,IMAGING,EP-IND-02927
NET-02928,2026-01-01 07:17:47+00:00,0,IOMT-016,S-IOMT-016-934,EHR_WRITE,EP-IND-02928
NET-02929,2026-01-01 07:17:53+00:00,1,IOMT-027,S-IOMT-027-935,IMAGING,EP-IND-02929
NET-02930,2026-01-01 07:17:54+00:00,0,IOMT-008,S-IOMT-008-936,EHR_WRITE,EP-IND-02930
NET-02931,2026-01-01 07:18:07+00:00,0,IOMT-037,S-IOMT-037-937,EHR_WRITE,EP-IND-02931
NET-02932,2026-01-01 07:19:07+00:00,0,IOMT-003,S-IOMT-003-938,RESEARCH,EP-IND-02932
NET-02933,2026-01-01 07:19:22+00:00,0,IOMT-045,S-IOMT-045-939,LAB_RESULTS,EP-IND-02933
NET-02934,2026-01-01 07:19:24+00:00,0,IOMT-017,S-IOMT-017-940,EHR_READ,EP-IND-02934
NET-02935,2026-01-01 07:19:38+00:00,0,IOMT-024,S-IOMT-024-941,EHR_WRITE,EP-IND-02935
NET-02936,2026-01-01 07:19:41+00:00,0,IOMT-042,S-IOMT-042-942,RESEARCH,EP-IND-02936
NET-02937,2026-01-01 07:19:50+00:00,0,IOMT-014,S-IOMT-014-943,LAB_RESULTS,EP-IND-02937
NET-02938,2026-01-01 07:20:00+00:00,0,IOMT-028,S-IOMT-028-944,EHR_WRITE,EP-IND-02938
NET-02939,2026-01-01 07:20:04+00:00,0,IOMT-012,S-IOMT-012-945,LAB_RESULTS,EP-IND-02939
NET-02940,2026-01-01 07:20:08+00:00,0,IOMT-022,S-IOMT-022-946,EHR_READ,EP-IND-02940
NET-02941,2026-01-01 07:20:11+00:00,0,IOMT-020,S-IOMT-020-947,EHR_READ,EP-IND-02941
NET-02942,2026-01-01 07:20:14+00:00,0,IOMT-024,S-IOMT-024-948,IMAGING,EP-IND-02942
NET-02943,2026-01-01 07:20:16+00:00,0,IOMT-035,S-IOMT-035-949,LAB_RESULTS,EP-IND-02943
NET-02944,2026-01-01 07:20:22+00:00,0,IOMT-031,S-IOMT-031-950,IMAGING,EP-IND-02944
NET-02945,2026-01-01 07:20:28+00:00,0,IOMT-001,S-IOMT-001-951,EHR_WRITE,EP-IND-02945
NET-02946,2026-01-01 07:20:33+00:00,1,IOMT-030,S-IOMT-030-952,LAB_RESULTS,EP-IND-02946
NET-02947,2026-01-01 07:20:41+00:00,0,IOMT-032,S-IOMT-032-953,IMAGING,EP-IND-02947
NET-02948,2026-01-01 07:20:45+00:00,0,IOMT-039,S-IOMT-039-954,LAB_RESULTS,EP-IND-02948
NET-02949,2026-01-01 07:20:48+00:00,0,IOMT-013,S-IOMT-013-955,IMAGING,EP-IND-02949
NET-02950,2026-01-01 07:20:51+00:00,0,IOMT-029,S-IOMT-029-956,EHR_READ,EP-IND-02950
NET-02951,2026-01-01 07:20:52+00:00,0,IOMT-034,S-IOMT-034-957,LAB_RESULTS,EP-IND-02951
NET-02952,2026-01-01 07:21:00+00:00,0,IOMT-001,S-IOMT-001-958,EHR_READ,EP-IND-02952
NET-02953,2026-01-01 07:21:15+00:00,0,IOMT-045,S-IOMT-045-959,LAB_RESULTS,EP-IND-02953
NET-02954,2026-01-01 07:21:16+00:00,0,IOMT-032,S-IOMT-032-960,LAB_RESULTS,EP-IND-02954
NET-02955,2026-01-01 07:21:16+00:00,0,IOMT-000,S-IOMT-000-961,RESEARCH,EP-IND-02955
NET-02956,2026-01-01 07:21:25+00:00,0,IOMT-049,S-IOMT-049-962,EHR_READ,EP-IND-02956
NET-02957,2026-01-01 07:21:33+00:00,0,IOMT-032,S-IOMT-032-963,IMAGING,EP-IND-02957
NET-02958,2026-01-01 07:22:14+00:00,0,IOMT-030,S-IOMT-030-964,EHR_READ,EP-IND-02958
NET-02959,2026-01-01 07:22:22+00:00,0,IOMT-038,S-IOMT-038-965,EHR_READ,EP-IND-02959
NET-02960,2026-01-01 07:22:23+00:00,0,IOMT-034,S-IOMT-034-966,EHR_WRITE,EP-IND-02960
NET-02961,2026-01-01 07:22:33+00:00,0,IOMT-041,S-IOMT-041-967,EHR_WRITE,EP-IND-02961
NET-02962,2026-01-01 07:22:45+00:00,0,IOMT-046,S-IOMT-046-968,LAB_RESULTS,EP-IND-02962
NET-02963,2026-01-01 07:22:46+00:00,0,IOMT-005,S-IOMT-005-969,EHR_READ,EP-IND-02963
NET-02964,2026-01-01 07:22:49+00:00,0,IOMT-033,S-IOMT-033-970,EHR_READ,EP-IND-02964
NET-02965,2026-01-01 07:22:51+00:00,0,IOMT-002,S-IOMT-002-971,EHR_WRITE,EP-IND-02965
NET-02966,2026-01-01 07:22:52+00:00,0,IOMT-004,S-IOMT-004-972,EHR_READ,EP-IND-02966
NET-02967,2026-01-01 07:22:55+00:00,0,IOMT-035,S-IOMT-035-973,EHR_READ,EP-IND-02967
NET-02968,2026-01-01 07:23:02+00:00,1,IOMT-036,S-IOMT-036-974,EHR_READ,EP-IND-02968
NET-02969,2026-01-01 07:23:07+00:00,0,IOMT-005,S-IOMT-005-975,LAB_RESULTS,EP-IND-02969
NET-02970,2026-01-01 07:23:10+00:00,0,IOMT-034,S-IOMT-034-976,EHR_READ,EP-IND-02970
NET-02971,2026-01-01 07:23:16+00:00,0,IOMT-035,S-IOMT-035-977,RESEARCH,EP-IND-02971
NET-02972,2026-01-01 07:23:22+00:00,0,IOMT-036,S-IOMT-036-978,IMAGING,EP-IND-02972
NET-02973,2026-01-01 07:23:31+00:00,0,IOMT-010,S-IOMT-010-979,RESEARCH,EP-IND-02973
NET-02974,2026-01-01 07:23:39+00:00,0,IOMT-014,S-IOMT-014-980,RESEARCH,EP-IND-02974
NET-02975,2026-01-01 07:23:40+00:00,0,IOMT-039,S-IOMT-039-981,EHR_READ,EP-IND-02975
NET-02976,2026-01-01 07:23:50+00:00,0,IOMT-011,S-IOMT-011-982,IMAGING,EP-IND-02976
NET-02977,2026-01-01 07:23:50+00:00,0,IOMT-040,S-IOMT-040-983,EHR_WRITE,EP-IND-02977
NET-02978,2026-01-01 07:23:51+00:00,0,IOMT-042,S-IOMT-042-984,EHR_READ,EP-IND-02978
NET-02979,2026-01-01 07:23:56+00:00,0,IOMT-001,S-IOMT-001-985,RESEARCH,EP-IND-02979
NET-02980,2026-01-01 07:24:00+00:00,0,IOMT-035,S-IOMT-035-986,RESEARCH,EP-IND-02980
NET-02981,2026-01-01 07:24:03+00:00,0,IOMT-028,S-IOMT-028-987,IMAGING,EP-IND-02981
NET-02982,2026-01-01 07:24:12+00:00,0,IOMT-005,S-IOMT-005-988,EHR_WRITE,EP-IND-02982
NET-02983,2026-01-01 07:24:20+00:00,0,IOMT-022,S-IOMT-022-989,LAB_RESULTS,EP-IND-02983
NET-02984,2026-01-01 07:24:26+00:00,0,IOMT-037,S-IOMT-037-990,RESEARCH,EP-IND-02984
NET-02985,2026-01-01 07:24:30+00:00,0,IOMT-019,S-IOMT-019-991,IMAGING,EP-IND-02985
NET-02986,2026-01-01 07:24:34+00:00,0,IOMT-028,S-IOMT-028-992,RESEARCH,EP-IND-02986
NET-02987,2026-01-01 07:24:52+00:00,1,IOMT-021,S-IOMT-021-993,IMAGING,EP-IND-02987
NET-02988,2026-01-01 07:25:03+00:00,0,IOMT-017,S-IOMT-017-994,LAB_RESULTS,EP-IND-02988
NET-02989,2026-01-01 07:25:10+00:00,0,IOMT-028,S-IOMT-028-995,RESEARCH,EP-IND-02989
NET-02990,2026-01-01 07:25:16+00:00,0,IOMT-043,S-IOMT-043-996,IMAGING,EP-IND-02990
NET-02991,2026-01-01 07:25:21+00:00,0,IOMT-025,S-IOMT-025-0,LAB_RESULTS,EP-IND-02991
NET-02992,2026-01-01 07:25:38+00:00,0,IOMT-033,S-IOMT-033-1,RESEARCH,EP-IND-02992
NET-02993,2026-01-01 07:25:50+00:00,0,IOMT-020,S-IOMT-020-2,IMAGING,EP-IND-02993
NET-02994,2026-01-01 07:25:51+00:00,0,IOMT-011,S-IOMT-011-3,EHR_READ,EP-IND-02994
NET-02995,2026-01-01 07:25:52+00:00,0,IOMT-048,S-IOMT-048-4,RESEARCH,EP-IND-02995
NET-02996,2026-01-01 07:25:53+00:00,0,IOMT-023,S-IOMT-023-5,LAB_RESULTS,EP-IND-02996
NET-02997,2026-01-01 07:25:53+00:00,0,IOMT-034,S-IOMT-034-6,RESEARCH,EP-IND-02997
NET-02998,2026-01-01 07:25:55+00:00,1,IOMT-048,S-IOMT-048-7,EHR_WRITE,EP-IND-02998
NET-02999,2026-01-01 07:26:02+00:00,1,IOMT-020,S-IOMT-020-8,EHR_READ,EP-IND-02999
NET-03000,2026-01-01 07:26:06+00:00,0,IOMT-014,S-IOMT-014-9,IMAGING,EP-IND-03000
NET-03001,2026-01-01 07:26:19+00:00,0,IOMT-013,S-IOMT-013-10,EHR_WRITE,EP-IND-03001
NET-03002,2026-01-01 07:26:32+00:00,0,IOMT-032,S-IOMT-032-11,RESEARCH,EP-IND-03002
NET-03003,2026-01-01 07:26:36+00:00,0,IOMT-049,S-IOMT-049-12,RESEARCH,EP-IND-03003
NET-03004,2026-01-01 07:26:40+00:00,0,IOMT-044,S-IOMT-044-13,IMAGING,EP-IND-03004
NET-03005,2026-01-01 07:26:48+00:00,0,IOMT-021,S-IOMT-021-14,EHR_WRITE,EP-IND-03005
NET-03006,2026-01-01 07:27:23+00:00,0,IOMT-029,S-IOMT-029-15,IMAGING,EP-IND-03006
NET-03007,2026-01-01 07:27:27+00:00,0,IOMT-024,S-IOMT-024-16,RESEARCH,EP-IND-03007
NET-03008,2026-01-01 07:27:31+00:00,0,IOMT-048,S-IOMT-048-17,EHR_WRITE,EP-IND-03008
NET-03009,2026-01-01 07:27:37+00:00,0,IOMT-042,S-IOMT-042-18,EHR_WRITE,EP-IND-03009
NET-03010,2026-01-01 07:27:42+00:00,0,IOMT-001,S-IOMT-001-19,LAB_RESULTS,EP-IND-03010
NET-03011,2026-01-01 07:27:56+00:00,0,IOMT-035,S-IOMT-035-20,IMAGING,EP-IND-03011
NET-03012,2026-01-01 07:28:20+00:00,0,IOMT-016,S-IOMT-016-21,IMAGING,EP-IND-03012
NET-03013,2026-01-01 07:28:22+00:00,0,IOMT-037,S-IOMT-037-22,EHR_WRITE,EP-IND-03013
NET-03014,2026-01-01 07:28:25+00:00,0,IOMT-043,S-IOMT-043-23,EHR_READ,EP-IND-03014
NET-03015,2026-01-01 07:28:28+00:00,0,IOMT-023,S-IOMT-023-24,RESEARCH,EP-IND-03015
NET-03016,2026-01-01 07:28:56+00:00,0,IOMT-034,S-IOMT-034-25,RESEARCH,EP-IND-03016
NET-03017,2026-01-01 07:29:01+00:00,0,IOMT-002,S-IOMT-002-26,RESEARCH,EP-IND-03017
NET-03018,2026-01-01 07:29:06+00:00,0,IOMT-037,S-IOMT-037-27,LAB_RESULTS,EP-IND-03018
NET-03019,2026-01-01 07:29:07+00:00,0,IOMT-018,S-IOMT-018-28,EHR_WRITE,EP-IND-03019
NET-03020,2026-01-01 07:29:08+00:00,0,IOMT-022,S-IOMT-022-29,EHR_READ,EP-IND-03020
NET-03021,2026-01-01 07:29:15+00:00,0,IOMT-009,S-IOMT-009-30,EHR_READ,EP-IND-03021
NET-03022,2026-01-01 07:29:24+00:00,0,IOMT-022,S-IOMT-022-31,EHR_WRITE,EP-IND-03022
NET-03023,2026-01-01 07:29:29+00:00,0,IOMT-033,S-IOMT-033-32,RESEARCH,EP-IND-03023
NET-03024,2026-01-01 07:29:35+00:00,0,IOMT-033,S-IOMT-033-33,EHR_READ,EP-IND-03024
NET-03025,2026-01-01 07:29:43+00:00,0,IOMT-009,S-IOMT-009-34,EHR_WRITE,EP-IND-03025
NET-03026,2026-01-01 07:29:43+00:00,0,IOMT-002,S-IOMT-002-35,EHR_WRITE,EP-IND-03026
NET-03027,2026-01-01 07:29:47+00:00,0,IOMT-038,S-IOMT-038-36,LAB_RESULTS,EP-IND-03027
NET-03028,2026-01-01 07:29:48+00:00,0,IOMT-017,S-IOMT-017-37,EHR_WRITE,EP-IND-03028
NET-03029,2026-01-01 07:30:00+00:00,0,IOMT-020,S-IOMT-020-38,RESEARCH,EP-IND-03029
NET-03030,2026-01-01 07:30:18+00:00,0,IOMT-040,S-IOMT-040-39,IMAGING,EP-IND-03030
NET-03031,2026-01-01 07:30:26+00:00,0,IOMT-006,S-IOMT-006-40,EHR_READ,EP-IND-03031
NET-03032,2026-01-01 07:30:27+00:00,0,IOMT-021,S-IOMT-021-41,IMAGING,EP-IND-03032
NET-03033,2026-01-01 07:30:31+00:00,0,IOMT-046,S-IOMT-046-42,RESEARCH,EP-IND-03033
NET-03034,2026-01-01 07:30:38+00:00,0,IOMT-004,S-IOMT-004-43,EHR_WRITE,EP-IND-03034
NET-03035,2026-01-01 07:30:49+00:00,0,IOMT-045,S-IOMT-045-44,EHR_READ,EP-IND-03035
NET-03036,2026-01-01 07:30:51+00:00,0,IOMT-049,S-IOMT-049-45,EHR_WRITE,EP-IND-03036
NET-03037,2026-01-01 07:30:52+00:00,0,IOMT-030,S-IOMT-030-46,IMAGING,EP-IND-03037
NET-03038,2026-01-01 07:30:57+00:00,1,IOMT-033,S-IOMT-033-47,RESEARCH,EP-IND-03038
NET-03039,2026-01-01 07:31:01+00:00,0,IOMT-044,S-IOMT-044-48,IMAGING,EP-IND-03039
NET-03040,2026-01-01 07:31:03+00:00,1,IOMT-012,S-IOMT-012-49,EHR_READ,EP-IND-03040
NET-03041,2026-01-01 07:31:03+00:00,0,IOMT-004,S-IOMT-004-50,IMAGING,EP-IND-03041
NET-03042,2026-01-01 07:31:06+00:00,0,IOMT-040,S-IOMT-040-51,RESEARCH,EP-IND-03042
NET-03043,2026-01-01 07:31:35+00:00,0,IOMT-008,S-IOMT-008-52,EHR_READ,EP-IND-03043
NET-03044,2026-01-01 07:31:36+00:00,0,IOMT-039,S-IOMT-039-53,EHR_READ,EP-IND-03044
NET-03045,2026-01-01 07:31:55+00:00,0,IOMT-047,S-IOMT-047-54,LAB_RESULTS,EP-IND-03045
NET-03046,2026-01-01 07:32:00+00:00,0,IOMT-035,S-IOMT-035-55,IMAGING,EP-IND-03046
NET-03047,2026-01-01 07:32:15+00:00,0,IOMT-042,S-IOMT-042-56,EHR_READ,EP-IND-03047
NET-03048,2026-01-01 07:32:17+00:00,0,IOMT-036,S-IOMT-036-57,EHR_WRITE,EP-IND-03048
NET-03049,2026-01-01 07:32:20+00:00,0,IOMT-048,S-IOMT-048-58,IMAGING,EP-IND-03049
NET-03050,2026-01-01 07:32:23+00:00,0,IOMT-028,S-IOMT-028-59,RESEARCH,EP-IND-03050
NET-03051,2026-01-01 07:32:26+00:00,0,IOMT-000,S-IOMT-000-60,RESEARCH,EP-IND-03051
NET-03052,2026-01-01 07:32:30+00:00,0,IOMT-038,S-IOMT-038-61,EHR_WRITE,EP-IND-03052
NET-03053,2026-01-01 07:32:32+00:00,0,IOMT-025,S-IOMT-025-62,IMAGING,EP-IND-03053
NET-03054,2026-01-01 07:32:45+00:00,0,IOMT-003,S-IOMT-003-63,LAB_RESULTS,EP-IND-03054
NET-03055,2026-01-01 07:32:46+00:00,0,IOMT-013,S-IOMT-013-64,EHR_READ,EP-IND-03055
NET-03056,2026-01-01 07:33:01+00:00,0,IOMT-042,S-IOMT-042-65,IMAGING,EP-IND-03056
NET-03057,2026-01-01 07:33:11+00:00,0,IOMT-039,S-IOMT-039-66,EHR_READ,EP-IND-03057
NET-03058,2026-01-01 07:33:21+00:00,0,IOMT-018,S-IOMT-018-67,EHR_WRITE,EP-IND-03058
NET-03059,2026-01-01 07:33:45+00:00,0,IOMT-014,S-IOMT-014-68,EHR_WRITE,EP-IND-03059
NET-03060,2026-01-01 07:33:45+00:00,0,IOMT-025,S-IOMT-025-69,EHR_WRITE,EP-IND-03060
NET-03061,2026-01-01 07:33:47+00:00,0,IOMT-020,S-IOMT-020-70,EHR_READ,EP-IND-03061
NET-03062,2026-01-01 07:33:57+00:00,0,IOMT-023,S-IOMT-023-71,EHR_READ,EP-IND-03062
NET-03063,2026-01-01 07:34:04+00:00,0,IOMT-014,S-IOMT-014-72,IMAGING,EP-IND-03063
NET-03064,2026-01-01 07:34:06+00:00,0,IOMT-023,S-IOMT-023-73,IMAGING,EP-IND-03064
NET-03065,2026-01-01 07:34:09+00:00,0,IOMT-007,S-IOMT-007-74,EHR_READ,EP-IND-03065
NET-03066,2026-01-01 07:34:12+00:00,0,IOMT-006,S-IOMT-006-75,EHR_READ,EP-IND-03066
NET-03067,2026-01-01 07:34:13+00:00,0,IOMT-038,S-IOMT-038-76,RESEARCH,EP-IND-03067
NET-03068,2026-01-01 07:34:14+00:00,0,IOMT-012,S-IOMT-012-77,LAB_RESULTS,EP-IND-03068
NET-03069,2026-01-01 07:34:16+00:00,0,IOMT-034,S-IOMT-034-78,EHR_WRITE,EP-IND-03069
NET-03070,2026-01-01 07:34:24+00:00,0,IOMT-037,S-IOMT-037-79,RESEARCH,EP-IND-03070
NET-03071,2026-01-01 07:34:29+00:00,0,IOMT-017,S-IOMT-017-80,IMAGING,EP-IND-03071
NET-03072,2026-01-01 07:34:39+00:00,0,IOMT-029,S-IOMT-029-81,EHR_READ,EP-IND-03072
NET-03073,2026-01-01 07:34:40+00:00,0,IOMT-035,S-IOMT-035-82,RESEARCH,EP-IND-03073
NET-03074,2026-01-01 07:34:47+00:00,0,IOMT-044,S-IOMT-044-83,EHR_WRITE,EP-IND-03074
NET-03075,2026-01-01 07:34:54+00:00,0,IOMT-048,S-IOMT-048-84,EHR_READ,EP-IND-03075
NET-03076,2026-01-01 07:35:00+00:00,0,IOMT-012,S-IOMT-012-85,EHR_WRITE,EP-IND-03076
NET-03077,2026-01-01 07:35:06+00:00,0,IOMT-017,S-IOMT-017-86,IMAGING,EP-IND-03077
NET-03078,2026-01-01 07:35:09+00:00,0,IOMT-049,S-IOMT-049-87,IMAGING,EP-IND-03078
NET-03079,2026-01-01 07:35:12+00:00,0,IOMT-009,S-IOMT-009-88,LAB_RESULTS,EP-IND-03079
NET-03080,2026-01-01 07:35:18+00:00,0,IOMT-024,S-IOMT-024-89,EHR_READ,EP-IND-03080
NET-03081,2026-01-01 07:35:23+00:00,0,IOMT-028,S-IOMT-028-90,LAB_RESULTS,EP-IND-03081
NET-03082,2026-01-01 07:35:33+00:00,0,IOMT-038,S-IOMT-038-91,IMAGING,EP-IND-03082
NET-03083,2026-01-01 07:35:34+00:00,0,IOMT-047,S-IOMT-047-92,EHR_WRITE,EP-IND-03083
NET-03084,2026-01-01 07:36:06+00:00,0,IOMT-022,S-IOMT-022-93,EHR_WRITE,EP-IND-03084
NET-03085,2026-01-01 07:36:08+00:00,1,IOMT-007,S-IOMT-007-94,EHR_READ,EP-IND-03085
NET-03086,2026-01-01 07:36:16+00:00,0,IOMT-033,S-IOMT-033-95,EHR_READ,EP-IND-03086
NET-03087,2026-01-01 07:36:28+00:00,0,IOMT-049,S-IOMT-049-96,RESEARCH,EP-IND-03087
NET-03088,2026-01-01 07:36:34+00:00,0,IOMT-045,S-IOMT-045-97,LAB_RESULTS,EP-IND-03088
NET-03089,2026-01-01 07:36:34+00:00,0,IOMT-030,S-IOMT-030-98,RESEARCH,EP-IND-03089
NET-03090,2026-01-01 07:36:43+00:00,0,IOMT-026,S-IOMT-026-99,LAB_RESULTS,EP-IND-03090
NET-03091,2026-01-01 07:36:45+00:00,0,IOMT-001,S-IOMT-001-100,LAB_RESULTS,EP-IND-03091
NET-03092,2026-01-01 07:36:47+00:00,0,IOMT-018,S-IOMT-018-101,EHR_READ,EP-IND-03092
NET-03093,2026-01-01 07:37:09+00:00,0,IOMT-017,S-IOMT-017-102,RESEARCH,EP-IND-03093
NET-03094,2026-01-01 07:37:13+00:00,0,IOMT-018,S-IOMT-018-103,IMAGING,EP-IND-03094
NET-03095,2026-01-01 07:37:26+00:00,0,IOMT-012,S-IOMT-012-104,LAB_RESULTS,EP-IND-03095
NET-03096,2026-01-01 07:37:44+00:00,0,IOMT-043,S-IOMT-043-105,EHR_WRITE,EP-IND-03096
NET-03097,2026-01-01 07:37:47+00:00,0,IOMT-041,S-IOMT-041-106,EHR_WRITE,EP-IND-03097
NET-03098,2026-01-01 07:38:03+00:00,0,IOMT-041,S-IOMT-041-107,EHR_WRITE,EP-IND-03098
NET-03099,2026-01-01 07:38:04+00:00,0,IOMT-003,S-IOMT-003-108,EHR_READ,EP-IND-03099
NET-03100,2026-01-01 07:38:13+00:00,0,IOMT-017,S-IOMT-017-109,IMAGING,EP-IND-03100
NET-03101,2026-01-01 07:38:16+00:00,0,IOMT-008,S-IOMT-008-110,EHR_WRITE,EP-IND-03101
NET-03102,2026-01-01 07:38:26+00:00,0,IOMT-025,S-IOMT-025-111,LAB_RESULTS,EP-IND-03102
NET-03103,2026-01-01 07:38:40+00:00,0,IOMT-018,S-IOMT-018-112,IMAGING,EP-IND-03103
NET-03104,2026-01-01 07:38:48+00:00,0,IOMT-010,S-IOMT-010-113,IMAGING,EP-IND-03104
NET-03105,2026-01-01 07:39:08+00:00,0,IOMT-037,S-IOMT-037-114,RESEARCH,EP-IND-03105
NET-03106,2026-01-01 07:39:13+00:00,0,IOMT-003,S-IOMT-003-115,EHR_READ,EP-IND-03106
NET-03107,2026-01-01 07:39:21+00:00,0,IOMT-018,S-IOMT-018-116,RESEARCH,EP-IND-03107
NET-03108,2026-01-01 07:39:25+00:00,0,IOMT-007,S-IOMT-007-117,IMAGING,EP-IND-03108
NET-03109,2026-01-01 07:39:30+00:00,0,IOMT-040,S-IOMT-040-118,IMAGING,EP-IND-03109
NET-03110,2026-01-01 07:39:36+00:00,0,IOMT-044,S-IOMT-044-119,LAB_RESULTS,EP-IND-03110
NET-03111,2026-01-01 07:39:38+00:00,0,IOMT-006,S-IOMT-006-120,EHR_READ,EP-IND-03111
NET-03112,2026-01-01 07:40:11+00:00,0,IOMT-007,S-IOMT-007-121,EHR_READ,EP-IND-03112
NET-03113,2026-01-01 07:40:38+00:00,0,IOMT-039,S-IOMT-039-122,EHR_WRITE,EP-IND-03113
NET-03114,2026-01-01 07:40:50+00:00,0,IOMT-015,S-IOMT-015-123,EHR_READ,EP-IND-03114
NET-03115,2026-01-01 07:41:01+00:00,0,IOMT-006,S-IOMT-006-124,RESEARCH,EP-IND-03115
NET-03116,2026-01-01 07:41:06+00:00,0,IOMT-005,S-IOMT-005-125,LAB_RESULTS,EP-IND-03116
NET-03117,2026-01-01 07:41:11+00:00,0,IOMT-042,S-IOMT-042-126,EHR_READ,EP-IND-03117
NET-03118,2026-01-01 07:41:29+00:00,1,IOMT-030,S-IOMT-030-127,LAB_RESULTS,EP-IND-03118
NET-03119,2026-01-01 07:41:33+00:00,0,IOMT-007,S-IOMT-007-128,RESEARCH,EP-IND-03119
NET-03120,2026-01-01 07:41:53+00:00,0,IOMT-006,S-IOMT-006-129,EHR_WRITE,EP-IND-03120
NET-03121,2026-01-01 07:42:01+00:00,0,IOMT-003,S-IOMT-003-130,RESEARCH,EP-IND-03121
NET-03122,2026-01-01 07:42:09+00:00,0,IOMT-020,S-IOMT-020-131,IMAGING,EP-IND-03122
NET-03123,2026-01-01 07:42:21+00:00,0,IOMT-048,S-IOMT-048-132,IMAGING,EP-IND-03123
NET-03124,2026-01-01 07:42:33+00:00,0,IOMT-035,S-IOMT-035-133,EHR_READ,EP-IND-03124
NET-03125,2026-01-01 07:42:34+00:00,0,IOMT-021,S-IOMT-021-134,EHR_READ,EP-IND-03125
NET-03126,2026-01-01 07:42:37+00:00,0,IOMT-027,S-IOMT-027-135,EHR_WRITE,EP-IND-03126
NET-03127,2026-01-01 07:42:38+00:00,0,IOMT-030,S-IOMT-030-136,EHR_WRITE,EP-IND-03127
NET-03128,2026-01-01 07:42:44+00:00,0,IOMT-027,S-IOMT-027-137,RESEARCH,EP-IND-03128
NET-03129,2026-01-01 07:42:58+00:00,0,IOMT-001,S-IOMT-001-138,RESEARCH,EP-IND-03129
NET-03130,2026-01-01 07:43:03+00:00,0,IOMT-038,S-IOMT-038-139,RESEARCH,EP-IND-03130
NET-03131,2026-01-01 07:43:03+00:00,0,IOMT-037,S-IOMT-037-140,RESEARCH,EP-IND-03131
NET-03132,2026-01-01 07:43:25+00:00,0,IOMT-016,S-IOMT-016-141,RESEARCH,EP-IND-03132
NET-03133,2026-01-01 07:43:28+00:00,0,IOMT-027,S-IOMT-027-142,LAB_RESULTS,EP-IND-03133
NET-03134,2026-01-01 07:43:33+00:00,0,IOMT-042,S-IOMT-042-143,EHR_WRITE,EP-IND-03134
NET-03135,2026-01-01 07:43:43+00:00,0,IOMT-045,S-IOMT-045-144,LAB_RESULTS,EP-IND-03135
NET-03136,2026-01-01 07:43:44+00:00,0,IOMT-011,S-IOMT-011-145,EHR_READ,EP-IND-03136
NET-03137,2026-01-01 07:43:46+00:00,0,IOMT-027,S-IOMT-027-146,EHR_WRITE,EP-IND-03137
NET-03138,2026-01-01 07:43:48+00:00,0,IOMT-039,S-IOMT-039-147,LAB_RESULTS,EP-IND-03138
NET-03139,2026-01-01 07:43:58+00:00,0,IOMT-006,S-IOMT-006-148,EHR_WRITE,EP-IND-03139
NET-03140,2026-01-01 07:44:15+00:00,0,IOMT-023,S-IOMT-023-149,EHR_READ,EP-IND-03140
NET-03141,2026-01-01 07:44:16+00:00,0,IOMT-038,S-IOMT-038-150,LAB_RESULTS,EP-IND-03141
NET-03142,2026-01-01 07:44:20+00:00,0,IOMT-024,S-IOMT-024-151,RESEARCH,EP-IND-03142
NET-03143,2026-01-01 07:44:27+00:00,0,IOMT-010,S-IOMT-010-152,RESEARCH,EP-IND-03143
NET-03144,2026-01-01 07:44:34+00:00,0,IOMT-034,S-IOMT-034-153,LAB_RESULTS,EP-IND-03144
NET-03145,2026-01-01 07:44:54+00:00,0,IOMT-009,S-IOMT-009-154,EHR_WRITE,EP-IND-03145
NET-03146,2026-01-01 07:45:14+00:00,1,IOMT-008,S-IOMT-008-155,EHR_WRITE,EP-IND-03146
NET-03147,2026-01-01 07:45:17+00:00,0,IOMT-020,S-IOMT-020-156,IMAGING,EP-IND-03147
NET-03148,2026-01-01 07:45:17+00:00,0,IOMT-013,S-IOMT-013-157,IMAGING,EP-IND-03148
NET-03149,2026-01-01 07:45:24+00:00,0,IOMT-045,S-IOMT-045-158,EHR_WRITE,EP-IND-03149
NET-03150,2026-01-01 07:45:33+00:00,0,IOMT-008,S-IOMT-008-159,EHR_READ,EP-IND-03150
NET-03151,2026-01-01 07:46:01+00:00,0,IOMT-018,S-IOMT-018-160,IMAGING,EP-IND-03151
NET-03152,2026-01-01 07:46:22+00:00,0,IOMT-025,S-IOMT-025-161,IMAGING,EP-IND-03152
NET-03153,2026-01-01 07:46:26+00:00,0,IOMT-017,S-IOMT-017-162,IMAGING,EP-IND-03153
NET-03154,2026-01-01 07:46:28+00:00,0,IOMT-040,S-IOMT-040-163,RESEARCH,EP-IND-03154
NET-03155,2026-01-01 07:46:51+00:00,0,IOMT-001,S-IOMT-001-164,IMAGING,EP-IND-03155
NET-03156,2026-01-01 07:46:54+00:00,0,IOMT-040,S-IOMT-040-165,RESEARCH,EP-IND-03156
NET-03157,2026-01-01 07:47:13+00:00,0,IOMT-049,S-IOMT-049-166,EHR_WRITE,EP-IND-03157
NET-03158,2026-01-01 07:47:22+00:00,0,IOMT-039,S-IOMT-039-167,IMAGING,EP-IND-03158
NET-03159,2026-01-01 07:47:26+00:00,0,IOMT-012,S-IOMT-012-168,EHR_WRITE,EP-IND-03159
NET-03160,2026-01-01 07:47:29+00:00,0,IOMT-006,S-IOMT-006-169,EHR_READ,EP-IND-03160
NET-03161,2026-01-01 07:47:42+00:00,0,IOMT-039,S-IOMT-039-170,IMAGING,EP-IND-03161
NET-03162,2026-01-01 07:47:43+00:00,0,IOMT-013,S-IOMT-013-171,RESEARCH,EP-IND-03162
NET-03163,2026-01-01 07:47:48+00:00,0,IOMT-049,S-IOMT-049-172,IMAGING,EP-IND-03163
NET-03164,2026-01-01 07:47:53+00:00,0,IOMT-004,S-IOMT-004-173,RESEARCH,EP-IND-03164
NET-03165,2026-01-01 07:48:01+00:00,0,IOMT-017,S-IOMT-017-174,EHR_WRITE,EP-IND-03165
NET-03166,2026-01-01 07:48:16+00:00,0,IOMT-042,S-IOMT-042-175,RESEARCH,EP-IND-03166
NET-03167,2026-01-01 07:48:21+00:00,0,IOMT-048,S-IOMT-048-176,RESEARCH,EP-IND-03167
NET-03168,2026-01-01 07:48:34+00:00,0,IOMT-034,S-IOMT-034-177,IMAGING,EP-IND-03168
NET-03169,2026-01-01 07:48:37+00:00,0,IOMT-040,S-IOMT-040-178,EHR_READ,EP-IND-03169
NET-03170,2026-01-01 07:48:40+00:00,0,IOMT-027,S-IOMT-027-179,IMAGING,EP-IND-03170
NET-03171,2026-01-01 07:48:56+00:00,0,IOMT-005,S-IOMT-005-180,RESEARCH,EP-IND-03171
NET-03172,2026-01-01 07:49:07+00:00,0,IOMT-025,S-IOMT-025-181,LAB_RESULTS,EP-IND-03172
NET-03173,2026-01-01 07:49:34+00:00,0,IOMT-047,S-IOMT-047-182,RESEARCH,EP-IND-03173
NET-03174,2026-01-01 07:50:01+00:00,0,IOMT-033,S-IOMT-033-183,EHR_READ,EP-IND-03174
NET-03175,2026-01-01 07:50:16+00:00,0,IOMT-023,S-IOMT-023-184,EHR_WRITE,EP-IND-03175
NET-03176,2026-01-01 07:50:31+00:00,0,IOMT-025,S-IOMT-025-185,IMAGING,EP-IND-03176
NET-03177,2026-01-01 07:50:46+00:00,1,IOMT-038,S-IOMT-038-186,EHR_READ,EP-IND-03177
NET-03178,2026-01-01 07:50:49+00:00,0,IOMT-002,S-IOMT-002-187,EHR_WRITE,EP-IND-03178
NET-03179,2026-01-01 07:50:55+00:00,0,IOMT-038,S-IOMT-038-188,EHR_WRITE,EP-IND-03179
NET-03180,2026-01-01 07:50:59+00:00,0,IOMT-030,S-IOMT-030-189,RESEARCH,EP-IND-03180
NET-03181,2026-01-01 07:51:00+00:00,0,IOMT-047,S-IOMT-047-190,IMAGING,EP-IND-03181
NET-03182,2026-01-01 07:51:07+00:00,0,IOMT-006,S-IOMT-006-191,LAB_RESULTS,EP-IND-03182
NET-03183,2026-01-01 07:51:08+00:00,0,IOMT-037,S-IOMT-037-192,LAB_RESULTS,EP-IND-03183
NET-03184,2026-01-01 07:51:23+00:00,0,IOMT-014,S-IOMT-014-193,EHR_WRITE,EP-IND-03184
NET-03185,2026-01-01 07:51:24+00:00,0,IOMT-049,S-IOMT-049-194,IMAGING,EP-IND-03185
NET-03186,2026-01-01 07:51:45+00:00,0,IOMT-042,S-IOMT-042-195,EHR_WRITE,EP-IND-03186
NET-03187,2026-01-01 07:51:54+00:00,0,IOMT-013,S-IOMT-013-196,LAB_RESULTS,EP-IND-03187
NET-03188,2026-01-01 07:51:57+00:00,0,IOMT-007,S-IOMT-007-197,LAB_RESULTS,EP-IND-03188
NET-03189,2026-01-01 07:51:57+00:00,0,IOMT-042,S-IOMT-042-198,EHR_READ,EP-IND-03189
NET-03190,2026-01-01 07:51:59+00:00,0,IOMT-046,S-IOMT-046-199,RESEARCH,EP-IND-03190
NET-03191,2026-01-01 07:52:01+00:00,0,IOMT-026,S-IOMT-026-200,IMAGING,EP-IND-03191
NET-03192,2026-01-01 07:52:03+00:00,0,IOMT-048,S-IOMT-048-201,EHR_WRITE,EP-IND-03192
NET-03193,2026-01-01 07:52:23+00:00,0,IOMT-003,S-IOMT-003-202,IMAGING,EP-IND-03193
NET-03194,2026-01-01 07:52:33+00:00,0,IOMT-023,S-IOMT-023-203,RESEARCH,EP-IND-03194
NET-03195,2026-01-01 07:52:33+00:00,0,IOMT-000,S-IOMT-000-204,LAB_RESULTS,EP-IND-03195
NET-03196,2026-01-01 07:52:41+00:00,0,IOMT-012,S-IOMT-012-205,RESEARCH,EP-IND-03196
NET-03197,2026-01-01 07:52:57+00:00,0,IOMT-012,S-IOMT-012-206,EHR_READ,EP-IND-03197
NET-03198,2026-01-01 07:52:59+00:00,0,IOMT-027,S-IOMT-027-207,EHR_WRITE,EP-IND-03198
NET-03199,2026-01-01 07:53:02+00:00,0,IOMT-045,S-IOMT-045-208,EHR_READ,EP-IND-03199
NET-03200,2026-01-01 07:53:08+00:00,0,IOMT-029,S-IOMT-029-209,EHR_WRITE,EP-IND-03200
NET-03201,2026-01-01 07:53:16+00:00,0,IOMT-028,S-IOMT-028-210,IMAGING,EP-IND-03201
NET-03202,2026-01-01 07:53:21+00:00,1,IOMT-026,S-IOMT-026-211,EHR_WRITE,EP-IND-03202
NET-03203,2026-01-01 07:53:30+00:00,0,IOMT-008,S-IOMT-008-212,RESEARCH,EP-IND-03203
NET-03204,2026-01-01 07:53:30+00:00,0,IOMT-049,S-IOMT-049-213,RESEARCH,EP-IND-03204
NET-03205,2026-01-01 07:53:47+00:00,0,IOMT-020,S-IOMT-020-214,EHR_WRITE,EP-IND-03205
NET-03206,2026-01-01 07:53:50+00:00,0,IOMT-006,S-IOMT-006-215,IMAGING,EP-IND-03206
NET-03207,2026-01-01 07:54:18+00:00,0,IOMT-049,S-IOMT-049-216,EHR_READ,EP-IND-03207
NET-03208,2026-01-01 07:54:25+00:00,0,IOMT-004,S-IOMT-004-217,IMAGING,EP-IND-03208
NET-03209,2026-01-01 07:54:31+00:00,1,IOMT-039,S-IOMT-039-218,EHR_WRITE,EP-IND-03209
NET-03210,2026-01-01 07:54:50+00:00,0,IOMT-040,S-IOMT-040-219,LAB_RESULTS,EP-IND-03210
NET-03211,2026-01-01 07:54:51+00:00,0,IOMT-035,S-IOMT-035-220,EHR_READ,EP-IND-03211
NET-03212,2026-01-01 07:54:53+00:00,0,IOMT-023,S-IOMT-023-221,EHR_READ,EP-IND-03212
NET-03213,2026-01-01 07:54:54+00:00,0,IOMT-035,S-IOMT-035-222,IMAGING,EP-IND-03213
NET-03214,2026-01-01 07:55:18+00:00,0,IOMT-027,S-IOMT-027-223,EHR_READ,EP-IND-03214
NET-03215,2026-01-01 07:55:20+00:00,0,IOMT-041,S-IOMT-041-224,EHR_WRITE,EP-IND-03215
NET-03216,2026-01-01 07:55:25+00:00,0,IOMT-011,S-IOMT-011-225,EHR_READ,EP-IND-03216
NET-03217,2026-01-01 07:55:30+00:00,0,IOMT-030,S-IOMT-030-226,LAB_RESULTS,EP-IND-03217
NET-03218,2026-01-01 07:55:39+00:00,0,IOMT-017,S-IOMT-017-227,IMAGING,EP-IND-03218
NET-03219,2026-01-01 07:55:58+00:00,0,IOMT-024,S-IOMT-024-228,IMAGING,EP-IND-03219
NET-03220,2026-01-01 07:56:04+00:00,0,IOMT-022,S-IOMT-022-229,IMAGING,EP-IND-03220
NET-03221,2026-01-01 07:56:08+00:00,0,IOMT-005,S-IOMT-005-230,EHR_WRITE,EP-IND-03221
NET-03222,2026-01-01 07:56:11+00:00,0,IOMT-015,S-IOMT-015-231,RESEARCH,EP-IND-03222
NET-03223,2026-01-01 07:56:16+00:00,0,IOMT-035,S-IOMT-035-232,EHR_WRITE,EP-IND-03223
NET-03224,2026-01-01 07:56:20+00:00,0,IOMT-005,S-IOMT-005-233,EHR_WRITE,EP-IND-03224
NET-03225,2026-01-01 07:56:22+00:00,0,IOMT-043,S-IOMT-043-234,EHR_READ,EP-IND-03225
NET-03226,2026-01-01 07:56:44+00:00,0,IOMT-021,S-IOMT-021-235,RESEARCH,EP-IND-03226
NET-03227,2026-01-01 07:56:44+00:00,0,IOMT-026,S-IOMT-026-236,RESEARCH,EP-IND-03227
NET-03228,2026-01-01 07:56:46+00:00,0,IOMT-015,S-IOMT-015-237,RESEARCH,EP-IND-03228
NET-03229,2026-01-01 07:56:50+00:00,0,IOMT-042,S-IOMT-042-238,EHR_WRITE,EP-IND-03229
NET-03230,2026-01-01 07:57:00+00:00,0,IOMT-024,S-IOMT-024-239,EHR_READ,EP-IND-03230
NET-03231,2026-01-01 07:57:05+00:00,0,IOMT-028,S-IOMT-028-240,RESEARCH,EP-IND-03231
NET-03232,2026-01-01 07:57:07+00:00,0,IOMT-018,S-IOMT-018-241,IMAGING,EP-IND-03232
NET-03233,2026-01-01 07:57:08+00:00,0,IOMT-012,S-IOMT-012-242,LAB_RESULTS,EP-IND-03233
NET-03234,2026-01-01 07:57:17+00:00,0,IOMT-017,S-IOMT-017-243,LAB_RESULTS,EP-IND-03234
NET-03235,2026-01-01 07:57:19+00:00,0,IOMT-028,S-IOMT-028-244,IMAGING,EP-IND-03235
NET-03236,2026-01-01 07:57:21+00:00,0,IOMT-048,S-IOMT-048-245,RESEARCH,EP-IND-03236
NET-03237,2026-01-01 07:57:25+00:00,0,IOMT-022,S-IOMT-022-246,LAB_RESULTS,EP-IND-03237
NET-03238,2026-01-01 07:57:40+00:00,0,IOMT-023,S-IOMT-023-247,LAB_RESULTS,EP-IND-03238
NET-03239,2026-01-01 07:57:54+00:00,0,IOMT-047,S-IOMT-047-248,EHR_READ,EP-IND-03239
NET-03240,2026-01-01 07:57:58+00:00,0,IOMT-006,S-IOMT-006-249,EHR_WRITE,EP-IND-03240
NET-03241,2026-01-01 07:58:02+00:00,0,IOMT-037,S-IOMT-037-250,EHR_READ,EP-IND-03241
NET-03242,2026-01-01 07:58:04+00:00,0,IOMT-017,S-IOMT-017-251,LAB_RESULTS,EP-IND-03242
NET-03243,2026-01-01 07:58:15+00:00,0,IOMT-037,S-IOMT-037-252,RESEARCH,EP-IND-03243
NET-03244,2026-01-01 07:58:19+00:00,0,IOMT-033,S-IOMT-033-253,EHR_READ,EP-IND-03244
NET-03245,2026-01-01 07:58:22+00:00,0,IOMT-008,S-IOMT-008-254,EHR_READ,EP-IND-03245
NET-03246,2026-01-01 07:58:28+00:00,0,IOMT-019,S-IOMT-019-255,IMAGING,EP-IND-03246
NET-03247,2026-01-01 07:58:34+00:00,0,IOMT-040,S-IOMT-040-256,RESEARCH,EP-IND-03247
NET-03248,2026-01-01 07:58:34+00:00,0,IOMT-038,S-IOMT-038-257,LAB_RESULTS,EP-IND-03248
NET-03249,2026-01-01 07:58:56+00:00,0,IOMT-023,S-IOMT-023-258,EHR_WRITE,EP-IND-03249
NET-03250,2026-01-01 07:59:04+00:00,0,IOMT-010,S-IOMT-010-259,LAB_RESULTS,EP-IND-03250
NET-03251,2026-01-01 07:59:07+00:00,0,IOMT-025,S-IOMT-025-260,RESEARCH,EP-IND-03251
NET-03252,2026-01-01 07:59:20+00:00,0,IOMT-042,S-IOMT-042-261,RESEARCH,EP-IND-03252
NET-03253,2026-01-01 07:59:22+00:00,0,IOMT-010,S-IOMT-010-262,IMAGING,EP-IND-03253
NET-03254,2026-01-01 07:59:24+00:00,0,IOMT-048,S-IOMT-048-263,RESEARCH,EP-IND-03254
NET-03255,2026-01-01 07:59:26+00:00,0,IOMT-011,S-IOMT-011-264,IMAGING,EP-IND-03255
NET-03256,2026-01-01 07:59:32+00:00,0,IOMT-003,S-IOMT-003-265,RESEARCH,EP-IND-03256
NET-03257,2026-01-01 07:59:34+00:00,0,IOMT-042,S-IOMT-042-266,RESEARCH,EP-IND-03257
NET-03258,2026-01-01 07:59:42+00:00,0,IOMT-006,S-IOMT-006-267,LAB_RESULTS,EP-IND-03258
NET-03259,2026-01-01 07:59:51+00:00,0,IOMT-035,S-IOMT-035-268,LAB_RESULTS,EP-IND-03259
NET-03260,2026-01-01 07:59:52+00:00,0,IOMT-037,S-IOMT-037-269,EHR_WRITE,EP-IND-03260
NET-03261,2026-01-01 08:00:17+00:00,0,IOMT-042,S-IOMT-042-270,EHR_WRITE,EP-IND-03261
NET-03262,2026-01-01 08:00:59+00:00,1,IOMT-010,S-IOMT-010-271,RESEARCH,EP-IND-03262
NET-03263,2026-01-01 08:00:59+00:00,0,IOMT-032,S-IOMT-032-272,LAB_RESULTS,EP-IND-03263
NET-03264,2026-01-01 08:01:04+00:00,0,IOMT-048,S-IOMT-048-273,IMAGING,EP-IND-03264
NET-03265,2026-01-01 08:01:25+00:00,0,IOMT-038,S-IOMT-038-274,LAB_RESULTS,EP-IND-03265
NET-03266,2026-01-01 08:01:29+00:00,0,IOMT-044,S-IOMT-044-275,EHR_READ,EP-IND-03266
NET-03267,2026-01-01 08:01:30+00:00,0,IOMT-048,S-IOMT-048-276,IMAGING,EP-IND-03267
NET-03268,2026-01-01 08:01:32+00:00,0,IOMT-003,S-IOMT-003-277,LAB_RESULTS,EP-IND-03268
NET-03269,2026-01-01 08:01:36+00:00,0,IOMT-020,S-IOMT-020-278,IMAGING,EP-IND-03269
NET-03270,2026-01-01 08:01:49+00:00,0,IOMT-048,S-IOMT-048-279,EHR_READ,EP-IND-03270
NET-03271,2026-01-01 08:01:53+00:00,0,IOMT-032,S-IOMT-032-280,LAB_RESULTS,EP-IND-03271
NET-03272,2026-01-01 08:01:56+00:00,0,IOMT-027,S-IOMT-027-281,LAB_RESULTS,EP-IND-03272
NET-03273,2026-01-01 08:02:02+00:00,0,IOMT-049,S-IOMT-049-282,LAB_RESULTS,EP-IND-03273
NET-03274,2026-01-01 08:02:03+00:00,0,IOMT-044,S-IOMT-044-283,EHR_READ,EP-IND-03274
NET-03275,2026-01-01 08:02:13+00:00,0,IOMT-047,S-IOMT-047-284,EHR_WRITE,EP-IND-03275
NET-03276,2026-01-01 08:02:18+00:00,0,IOMT-019,S-IOMT-019-285,EHR_WRITE,EP-IND-03276
NET-03277,2026-01-01 08:02:32+00:00,0,IOMT-037,S-IOMT-037-286,EHR_READ,EP-IND-03277
NET-03278,2026-01-01 08:02:37+00:00,1,IOMT-020,S-IOMT-020-287,LAB_RESULTS,EP-IND-03278
NET-03279,2026-01-01 08:02:38+00:00,0,IOMT-002,S-IOMT-002-288,RESEARCH,EP-IND-03279
NET-03280,2026-01-01 08:02:57+00:00,0,IOMT-019,S-IOMT-019-289,RESEARCH,EP-IND-03280
NET-03281,2026-01-01 08:03:05+00:00,1,IOMT-009,S-IOMT-009-290,EHR_WRITE,EP-IND-03281
NET-03282,2026-01-01 08:03:05+00:00,1,IOMT-036,S-IOMT-036-291,EHR_READ,EP-IND-03282
NET-03283,2026-01-01 08:03:17+00:00,0,IOMT-022,S-IOMT-022-292,LAB_RESULTS,EP-IND-03283
NET-03284,2026-01-01 08:03:39+00:00,0,IOMT-007,S-IOMT-007-293,EHR_WRITE,EP-IND-03284
NET-03285,2026-01-01 08:03:40+00:00,0,IOMT-035,S-IOMT-035-294,EHR_READ,EP-IND-03285
NET-03286,2026-01-01 08:03:53+00:00,0,IOMT-040,S-IOMT-040-295,LAB_RESULTS,EP-IND-03286
NET-03287,2026-01-01 08:04:25+00:00,0,IOMT-043,S-IOMT-043-296,EHR_READ,EP-IND-03287
NET-03288,2026-01-01 08:04:29+00:00,0,IOMT-014,S-IOMT-014-297,IMAGING,EP-IND-03288
NET-03289,2026-01-01 08:04:31+00:00,0,IOMT-037,S-IOMT-037-298,EHR_READ,EP-IND-03289
NET-03290,2026-01-01 08:04:33+00:00,0,IOMT-041,S-IOMT-041-299,EHR_READ,EP-IND-03290
NET-03291,2026-01-01 08:04:36+00:00,0,IOMT-011,S-IOMT-011-300,EHR_WRITE,EP-IND-03291
NET-03292,2026-01-01 08:04:38+00:00,0,IOMT-020,S-IOMT-020-301,IMAGING,EP-IND-03292
NET-03293,2026-01-01 08:05:01+00:00,0,IOMT-011,S-IOMT-011-302,RESEARCH,EP-IND-03293
NET-03294,2026-01-01 08:05:11+00:00,0,IOMT-029,S-IOMT-029-303,LAB_RESULTS,EP-IND-03294
NET-03295,2026-01-01 08:05:18+00:00,0,IOMT-037,S-IOMT-037-304,IMAGING,EP-IND-03295
NET-03296,2026-01-01 08:05:21+00:00,0,IOMT-025,S-IOMT-025-305,LAB_RESULTS,EP-IND-03296
NET-03297,2026-01-01 08:05:51+00:00,0,IOMT-044,S-IOMT-044-306,IMAGING,EP-IND-03297
NET-03298,2026-01-01 08:06:04+00:00,0,IOMT-037,S-IOMT-037-307,EHR_WRITE,EP-IND-03298
NET-03299,2026-01-01 08:06:23+00:00,0,IOMT-001,S-IOMT-001-308,RESEARCH,EP-IND-03299
NET-03300,2026-01-01 08:06:34+00:00,0,IOMT-029,S-IOMT-029-309,EHR_READ,EP-IND-03300
NET-03301,2026-01-01 08:06:39+00:00,0,IOMT-022,S-IOMT-022-310,RESEARCH,EP-IND-03301
NET-03302,2026-01-01 08:06:41+00:00,0,IOMT-030,S-IOMT-030-311,LAB_RESULTS,EP-IND-03302
NET-03303,2026-01-01 08:06:46+00:00,0,IOMT-016,S-IOMT-016-312,EHR_WRITE,EP-IND-03303
NET-03304,2026-01-01 08:06:51+00:00,0,IOMT-012,S-IOMT-012-313,IMAGING,EP-IND-03304
NET-03305,2026-01-01 08:06:55+00:00,0,IOMT-042,S-IOMT-042-314,RESEARCH,EP-IND-03305
NET-03306,2026-01-01 08:06:58+00:00,0,IOMT-000,S-IOMT-000-315,IMAGING,EP-IND-03306
NET-03307,2026-01-01 08:07:10+00:00,0,IOMT-035,S-IOMT-035-316,LAB_RESULTS,EP-IND-03307
NET-03308,2026-01-01 08:07:19+00:00,0,IOMT-015,S-IOMT-015-317,RESEARCH,EP-IND-03308
NET-03309,2026-01-01 08:07:20+00:00,0,IOMT-009,S-IOMT-009-318,EHR_WRITE,EP-IND-03309
NET-03310,2026-01-01 08:07:32+00:00,0,IOMT-012,S-IOMT-012-319,RESEARCH,EP-IND-03310
NET-03311,2026-01-01 08:07:42+00:00,0,IOMT-046,S-IOMT-046-320,EHR_WRITE,EP-IND-03311
NET-03312,2026-01-01 08:07:48+00:00,0,IOMT-020,S-IOMT-020-321,RESEARCH,EP-IND-03312
NET-03313,2026-01-01 08:07:53+00:00,0,IOMT-019,S-IOMT-019-322,EHR_WRITE,EP-IND-03313
NET-03314,2026-01-01 08:07:55+00:00,0,IOMT-033,S-IOMT-033-323,RESEARCH,EP-IND-03314
NET-03315,2026-01-01 08:08:15+00:00,0,IOMT-049,S-IOMT-049-324,EHR_READ,EP-IND-03315
NET-03316,2026-01-01 08:08:26+00:00,0,IOMT-027,S-IOMT-027-325,EHR_READ,EP-IND-03316
NET-03317,2026-01-01 08:08:27+00:00,1,IOMT-029,S-IOMT-029-326,LAB_RESULTS,EP-IND-03317
NET-03318,2026-01-01 08:08:39+00:00,0,IOMT-008,S-IOMT-008-327,LAB_RESULTS,EP-IND-03318
NET-03319,2026-01-01 08:08:50+00:00,0,IOMT-018,S-IOMT-018-328,EHR_READ,EP-IND-03319
NET-03320,2026-01-01 08:09:00+00:00,0,IOMT-006,S-IOMT-006-329,IMAGING,EP-IND-03320
NET-03321,2026-01-01 08:09:01+00:00,0,IOMT-029,S-IOMT-029-330,EHR_READ,EP-IND-03321
NET-03322,2026-01-01 08:09:08+00:00,0,IOMT-037,S-IOMT-037-331,LAB_RESULTS,EP-IND-03322
NET-03323,2026-01-01 08:09:17+00:00,0,IOMT-044,S-IOMT-044-332,EHR_READ,EP-IND-03323
NET-03324,2026-01-01 08:09:24+00:00,0,IOMT-040,S-IOMT-040-333,EHR_WRITE,EP-IND-03324
NET-03325,2026-01-01 08:09:25+00:00,0,IOMT-037,S-IOMT-037-334,LAB_RESULTS,EP-IND-03325
NET-03326,2026-01-01 08:09:27+00:00,0,IOMT-007,S-IOMT-007-335,EHR_WRITE,EP-IND-03326
NET-03327,2026-01-01 08:09:29+00:00,0,IOMT-017,S-IOMT-017-336,EHR_READ,EP-IND-03327
NET-03328,2026-01-01 08:09:37+00:00,0,IOMT-022,S-IOMT-022-337,RESEARCH,EP-IND-03328
NET-03329,2026-01-01 08:09:39+00:00,0,IOMT-027,S-IOMT-027-338,IMAGING,EP-IND-03329
NET-03330,2026-01-01 08:09:40+00:00,0,IOMT-047,S-IOMT-047-339,RESEARCH,EP-IND-03330
NET-03331,2026-01-01 08:09:42+00:00,0,IOMT-006,S-IOMT-006-340,IMAGING,EP-IND-03331
NET-03332,2026-01-01 08:09:43+00:00,0,IOMT-034,S-IOMT-034-341,EHR_READ,EP-IND-03332
NET-03333,2026-01-01 08:09:52+00:00,0,IOMT-043,S-IOMT-043-342,EHR_READ,EP-IND-03333
NET-03334,2026-01-01 08:10:01+00:00,0,IOMT-017,S-IOMT-017-343,LAB_RESULTS,EP-IND-03334
NET-03335,2026-01-01 08:10:03+00:00,0,IOMT-038,S-IOMT-038-344,RESEARCH,EP-IND-03335
NET-03336,2026-01-01 08:10:21+00:00,0,IOMT-030,S-IOMT-030-345,EHR_READ,EP-IND-03336
NET-03337,2026-01-01 08:10:21+00:00,0,IOMT-041,S-IOMT-041-346,LAB_RESULTS,EP-IND-03337
NET-03338,2026-01-01 08:10:23+00:00,0,IOMT-031,S-IOMT-031-347,EHR_WRITE,EP-IND-03338
NET-03339,2026-01-01 08:11:25+00:00,1,IOMT-031,S-IOMT-031-348,EHR_WRITE,EP-IND-03339
NET-03340,2026-01-01 08:11:42+00:00,0,IOMT-022,S-IOMT-022-349,EHR_READ,EP-IND-03340
NET-03341,2026-01-01 08:11:55+00:00,0,IOMT-026,S-IOMT-026-350,IMAGING,EP-IND-03341
NET-03342,2026-01-01 08:11:59+00:00,0,IOMT-021,S-IOMT-021-351,LAB_RESULTS,EP-IND-03342
NET-03343,2026-01-01 08:12:08+00:00,0,IOMT-004,S-IOMT-004-352,EHR_WRITE,EP-IND-03343
NET-03344,2026-01-01 08:12:15+00:00,0,IOMT-044,S-IOMT-044-353,EHR_WRITE,EP-IND-03344
NET-03345,2026-01-01 08:12:16+00:00,0,IOMT-020,S-IOMT-020-354,EHR_READ,EP-IND-03345
NET-03346,2026-01-01 08:12:23+00:00,0,IOMT-018,S-IOMT-018-355,IMAGING,EP-IND-03346
NET-03347,2026-01-01 08:12:25+00:00,0,IOMT-007,S-IOMT-007-356,IMAGING,EP-IND-03347
NET-03348,2026-01-01 08:12:40+00:00,0,IOMT-016,S-IOMT-016-357,IMAGING,EP-IND-03348
NET-03349,2026-01-01 08:12:45+00:00,0,IOMT-002,S-IOMT-002-358,EHR_WRITE,EP-IND-03349
NET-03350,2026-01-01 08:12:48+00:00,0,IOMT-010,S-IOMT-010-359,LAB_RESULTS,EP-IND-03350
NET-03351,2026-01-01 08:12:49+00:00,0,IOMT-027,S-IOMT-027-360,EHR_WRITE,EP-IND-03351
NET-03352,2026-01-01 08:12:53+00:00,0,IOMT-045,S-IOMT-045-361,RESEARCH,EP-IND-03352
NET-03353,2026-01-01 08:13:07+00:00,0,IOMT-003,S-IOMT-003-362,EHR_READ,EP-IND-03353
NET-03354,2026-01-01 08:13:45+00:00,0,IOMT-023,S-IOMT-023-363,RESEARCH,EP-IND-03354
NET-03355,2026-01-01 08:13:55+00:00,1,IOMT-016,S-IOMT-016-364,RESEARCH,EP-IND-03355
NET-03356,2026-01-01 08:14:16+00:00,0,IOMT-040,S-IOMT-040-365,IMAGING,EP-IND-03356
NET-03357,2026-01-01 08:14:21+00:00,0,IOMT-025,S-IOMT-025-366,IMAGING,EP-IND-03357
NET-03358,2026-01-01 08:14:22+00:00,1,IOMT-015,S-IOMT-015-367,IMAGING,EP-IND-03358
NET-03359,2026-01-01 08:14:35+00:00,0,IOMT-002,S-IOMT-002-368,LAB_RESULTS,EP-IND-03359
NET-03360,2026-01-01 08:14:39+00:00,0,IOMT-029,S-IOMT-029-369,LAB_RESULTS,EP-IND-03360
NET-03361,2026-01-01 08:14:42+00:00,0,IOMT-016,S-IOMT-016-370,EHR_READ,EP-IND-03361
NET-03362,2026-01-01 08:14:48+00:00,0,IOMT-026,S-IOMT-026-371,RESEARCH,EP-IND-03362
NET-03363,2026-01-01 08:15:01+00:00,0,IOMT-034,S-IOMT-034-372,IMAGING,EP-IND-03363
NET-03364,2026-01-01 08:15:06+00:00,0,IOMT-033,S-IOMT-033-373,RESEARCH,EP-IND-03364
NET-03365,2026-01-01 08:15:08+00:00,0,IOMT-006,S-IOMT-006-374,EHR_READ,EP-IND-03365
NET-03366,2026-01-01 08:15:19+00:00,0,IOMT-008,S-IOMT-008-375,EHR_WRITE,EP-IND-03366
NET-03367,2026-01-01 08:15:27+00:00,0,IOMT-006,S-IOMT-006-376,EHR_WRITE,EP-IND-03367
NET-03368,2026-01-01 08:15:27+00:00,0,IOMT-033,S-IOMT-033-377,LAB_RESULTS,EP-IND-03368
NET-03369,2026-01-01 08:15:27+00:00,0,IOMT-040,S-IOMT-040-378,LAB_RESULTS,EP-IND-03369
NET-03370,2026-01-01 08:15:45+00:00,1,IOMT-013,S-IOMT-013-379,RESEARCH,EP-IND-03370
NET-03371,2026-01-01 08:16:00+00:00,1,IOMT-014,S-IOMT-014-380,LAB_RESULTS,EP-IND-03371
NET-03372,2026-01-01 08:16:05+00:00,0,IOMT-019,S-IOMT-019-381,EHR_READ,EP-IND-03372
NET-03373,2026-01-01 08:16:16+00:00,0,IOMT-046,S-IOMT-046-382,LAB_RESULTS,EP-IND-03373
NET-03374,2026-01-01 08:16:23+00:00,0,IOMT-033,S-IOMT-033-383,IMAGING,EP-IND-03374
NET-03375,2026-01-01 08:16:32+00:00,0,IOMT-023,S-IOMT-023-384,IMAGING,EP-IND-03375
NET-03376,2026-01-01 08:16:33+00:00,0,IOMT-049,S-IOMT-049-385,RESEARCH,EP-IND-03376
NET-03377,2026-01-01 08:16:34+00:00,0,IOMT-036,S-IOMT-036-386,RESEARCH,EP-IND-03377
NET-03378,2026-01-01 08:17:24+00:00,0,IOMT-017,S-IOMT-017-387,LAB_RESULTS,EP-IND-03378
NET-03379,2026-01-01 08:17:24+00:00,0,IOMT-029,S-IOMT-029-388,IMAGING,EP-IND-03379
NET-03380,2026-01-01 08:17:31+00:00,0,IOMT-023,S-IOMT-023-389,RESEARCH,EP-IND-03380
NET-03381,2026-01-01 08:17:34+00:00,0,IOMT-044,S-IOMT-044-390,RESEARCH,EP-IND-03381
NET-03382,2026-01-01 08:17:49+00:00,0,IOMT-045,S-IOMT-045-391,LAB_RESULTS,EP-IND-03382
NET-03383,2026-01-01 08:17:59+00:00,0,IOMT-019,S-IOMT-019-392,EHR_WRITE,EP-IND-03383
NET-03384,2026-01-01 08:18:18+00:00,0,IOMT-016,S-IOMT-016-393,EHR_READ,EP-IND-03384
NET-03385,2026-01-01 08:18:22+00:00,0,IOMT-047,S-IOMT-047-394,EHR_READ,EP-IND-03385
NET-03386,2026-01-01 08:18:31+00:00,0,IOMT-003,S-IOMT-003-395,LAB_RESULTS,EP-IND-03386
NET-03387,2026-01-01 08:18:45+00:00,0,IOMT-031,S-IOMT-031-396,RESEARCH,EP-IND-03387
NET-03388,2026-01-01 08:19:08+00:00,0,IOMT-003,S-IOMT-003-397,RESEARCH,EP-IND-03388
NET-03389,2026-01-01 08:19:09+00:00,0,IOMT-013,S-IOMT-013-398,IMAGING,EP-IND-03389
NET-03390,2026-01-01 08:19:19+00:00,0,IOMT-004,S-IOMT-004-399,RESEARCH,EP-IND-03390
NET-03391,2026-01-01 08:19:27+00:00,1,IOMT-011,S-IOMT-011-400,RESEARCH,EP-IND-03391
NET-03392,2026-01-01 08:19:35+00:00,0,IOMT-020,S-IOMT-020-401,EHR_READ,EP-IND-03392
NET-03393,2026-01-01 08:19:39+00:00,0,IOMT-036,S-IOMT-036-402,RESEARCH,EP-IND-03393
NET-03394,2026-01-01 08:19:51+00:00,0,IOMT-037,S-IOMT-037-403,LAB_RESULTS,EP-IND-03394
NET-03395,2026-01-01 08:19:54+00:00,0,IOMT-029,S-IOMT-029-404,EHR_READ,EP-IND-03395
NET-03396,2026-01-01 08:19:54+00:00,0,IOMT-049,S-IOMT-049-405,RESEARCH,EP-IND-03396
NET-03397,2026-01-01 08:20:03+00:00,0,IOMT-034,S-IOMT-034-406,IMAGING,EP-IND-03397
NET-03398,2026-01-01 08:20:04+00:00,0,IOMT-018,S-IOMT-018-407,RESEARCH,EP-IND-03398
NET-03399,2026-01-01 08:20:04+00:00,1,IOMT-006,S-IOMT-006-408,EHR_READ,EP-IND-03399
NET-03400,2026-01-01 08:20:16+00:00,0,IOMT-017,S-IOMT-017-409,LAB_RESULTS,EP-IND-03400
NET-03401,2026-01-01 08:20:25+00:00,0,IOMT-020,S-IOMT-020-410,EHR_WRITE,EP-IND-03401
NET-03402,2026-01-01 08:20:39+00:00,0,IOMT-041,S-IOMT-041-411,LAB_RESULTS,EP-IND-03402
NET-03403,2026-01-01 08:20:43+00:00,0,IOMT-002,S-IOMT-002-412,IMAGING,EP-IND-03403
NET-03404,2026-01-01 08:20:47+00:00,0,IOMT-043,S-IOMT-043-413,LAB_RESULTS,EP-IND-03404
NET-03405,2026-01-01 08:20:58+00:00,0,IOMT-038,S-IOMT-038-414,RESEARCH,EP-IND-03405
NET-03406,2026-01-01 08:21:08+00:00,0,IOMT-048,S-IOMT-048-415,EHR_READ,EP-IND-03406
NET-03407,2026-01-01 08:21:13+00:00,0,IOMT-036,S-IOMT-036-416,RESEARCH,EP-IND-03407
NET-03408,2026-01-01 08:21:13+00:00,0,IOMT-027,S-IOMT-027-417,EHR_READ,EP-IND-03408
NET-03409,2026-01-01 08:21:21+00:00,0,IOMT-002,S-IOMT-002-418,RESEARCH,EP-IND-03409
NET-03410,2026-01-01 08:21:21+00:00,0,IOMT-032,S-IOMT-032-419,RESEARCH,EP-IND-03410
NET-03411,2026-01-01 08:21:23+00:00,0,IOMT-008,S-IOMT-008-420,RESEARCH,EP-IND-03411
NET-03412,2026-01-01 08:21:25+00:00,0,IOMT-022,S-IOMT-022-421,EHR_WRITE,EP-IND-03412
NET-03413,2026-01-01 08:21:38+00:00,0,IOMT-029,S-IOMT-029-422,EHR_WRITE,EP-IND-03413
NET-03414,2026-01-01 08:21:40+00:00,0,IOMT-047,S-IOMT-047-423,RESEARCH,EP-IND-03414
NET-03415,2026-01-01 08:21:41+00:00,0,IOMT-023,S-IOMT-023-424,RESEARCH,EP-IND-03415
NET-03416,2026-01-01 08:21:43+00:00,0,IOMT-026,S-IOMT-026-425,EHR_READ,EP-IND-03416
NET-03417,2026-01-01 08:21:43+00:00,0,IOMT-036,S-IOMT-036-426,RESEARCH,EP-IND-03417
NET-03418,2026-01-01 08:21:57+00:00,0,IOMT-029,S-IOMT-029-427,RESEARCH,EP-IND-03418
NET-03419,2026-01-01 08:22:08+00:00,0,IOMT-030,S-IOMT-030-428,IMAGING,EP-IND-03419
NET-03420,2026-01-01 08:22:16+00:00,0,IOMT-004,S-IOMT-004-429,LAB_RESULTS,EP-IND-03420
NET-03421,2026-01-01 08:22:19+00:00,0,IOMT-047,S-IOMT-047-430,EHR_WRITE,EP-IND-03421
NET-03422,2026-01-01 08:22:21+00:00,0,IOMT-047,S-IOMT-047-431,IMAGING,EP-IND-03422
NET-03423,2026-01-01 08:22:36+00:00,0,IOMT-004,S-IOMT-004-432,EHR_WRITE,EP-IND-03423
NET-03424,2026-01-01 08:22:41+00:00,0,IOMT-019,S-IOMT-019-433,LAB_RESULTS,EP-IND-03424
NET-03425,2026-01-01 08:22:44+00:00,0,IOMT-032,S-IOMT-032-434,EHR_READ,EP-IND-03425
NET-03426,2026-01-01 08:23:28+00:00,0,IOMT-010,S-IOMT-010-435,EHR_READ,EP-IND-03426
NET-03427,2026-01-01 08:23:32+00:00,0,IOMT-041,S-IOMT-041-436,IMAGING,EP-IND-03427
NET-03428,2026-01-01 08:23:42+00:00,0,IOMT-034,S-IOMT-034-437,EHR_READ,EP-IND-03428
NET-03429,2026-01-01 08:24:01+00:00,0,IOMT-031,S-IOMT-031-438,RESEARCH,EP-IND-03429
NET-03430,2026-01-01 08:24:14+00:00,0,IOMT-006,S-IOMT-006-439,EHR_READ,EP-IND-03430
NET-03431,2026-01-01 08:24:29+00:00,0,IOMT-019,S-IOMT-019-440,EHR_WRITE,EP-IND-03431
NET-03432,2026-01-01 08:24:31+00:00,1,IOMT-022,S-IOMT-022-441,LAB_RESULTS,EP-IND-03432
NET-03433,2026-01-01 08:24:48+00:00,0,IOMT-003,S-IOMT-003-442,EHR_READ,EP-IND-03433
NET-03434,2026-01-01 08:24:56+00:00,0,IOMT-030,S-IOMT-030-443,EHR_WRITE,EP-IND-03434
NET-03435,2026-01-01 08:25:21+00:00,0,IOMT-034,S-IOMT-034-444,IMAGING,EP-IND-03435
NET-03436,2026-01-01 08:25:37+00:00,0,IOMT-037,S-IOMT-037-445,EHR_WRITE,EP-IND-03436
NET-03437,2026-01-01 08:25:39+00:00,0,IOMT-038,S-IOMT-038-446,EHR_WRITE,EP-IND-03437
NET-03438,2026-01-01 08:25:39+00:00,0,IOMT-002,S-IOMT-002-447,RESEARCH,EP-IND-03438
NET-03439,2026-01-01 08:25:43+00:00,0,IOMT-044,S-IOMT-044-448,LAB_RESULTS,EP-IND-03439
NET-03440,2026-01-01 08:25:54+00:00,0,IOMT-022,S-IOMT-022-449,EHR_READ,EP-IND-03440
NET-03441,2026-01-01 08:26:07+00:00,0,IOMT-023,S-IOMT-023-450,LAB_RESULTS,EP-IND-03441
NET-03442,2026-01-01 08:26:09+00:00,0,IOMT-029,S-IOMT-029-451,LAB_RESULTS,EP-IND-03442
NET-03443,2026-01-01 08:26:15+00:00,0,IOMT-010,S-IOMT-010-452,IMAGING,EP-IND-03443
NET-03444,2026-01-01 08:26:22+00:00,0,IOMT-032,S-IOMT-032-453,EHR_READ,EP-IND-03444
NET-03445,2026-01-01 08:26:36+00:00,0,IOMT-025,S-IOMT-025-454,EHR_READ,EP-IND-03445
NET-03446,2026-01-01 08:26:39+00:00,1,IOMT-001,S-IOMT-001-455,EHR_READ,EP-IND-03446
NET-03447,2026-01-01 08:26:41+00:00,0,IOMT-032,S-IOMT-032-456,IMAGING,EP-IND-03447
NET-03448,2026-01-01 08:26:46+00:00,0,IOMT-040,S-IOMT-040-457,EHR_READ,EP-IND-03448
NET-03449,2026-01-01 08:26:57+00:00,0,IOMT-026,S-IOMT-026-458,LAB_RESULTS,EP-IND-03449
NET-03450,2026-01-01 08:27:05+00:00,0,IOMT-024,S-IOMT-024-459,IMAGING,EP-IND-03450
NET-03451,2026-01-01 08:27:17+00:00,0,IOMT-008,S-IOMT-008-460,EHR_READ,EP-IND-03451
NET-03452,2026-01-01 08:27:23+00:00,0,IOMT-024,S-IOMT-024-461,EHR_READ,EP-IND-03452
NET-03453,2026-01-01 08:27:26+00:00,0,IOMT-020,S-IOMT-020-462,IMAGING,EP-IND-03453
NET-03454,2026-01-01 08:27:26+00:00,0,IOMT-016,S-IOMT-016-463,RESEARCH,EP-IND-03454
NET-03455,2026-01-01 08:27:29+00:00,0,IOMT-035,S-IOMT-035-464,LAB_RESULTS,EP-IND-03455
NET-03456,2026-01-01 08:27:31+00:00,0,IOMT-046,S-IOMT-046-465,EHR_READ,EP-IND-03456
NET-03457,2026-01-01 08:27:32+00:00,0,IOMT-036,S-IOMT-036-466,RESEARCH,EP-IND-03457
NET-03458,2026-01-01 08:27:46+00:00,0,IOMT-010,S-IOMT-010-467,EHR_READ,EP-IND-03458
NET-03459,2026-01-01 08:27:49+00:00,0,IOMT-026,S-IOMT-026-468,EHR_WRITE,EP-IND-03459
NET-03460,2026-01-01 08:27:50+00:00,0,IOMT-029,S-IOMT-029-469,IMAGING,EP-IND-03460
NET-03461,2026-01-01 08:27:54+00:00,0,IOMT-022,S-IOMT-022-470,EHR_READ,EP-IND-03461
NET-03462,2026-01-01 08:27:55+00:00,0,IOMT-005,S-IOMT-005-471,RESEARCH,EP-IND-03462
NET-03463,2026-01-01 08:28:03+00:00,0,IOMT-024,S-IOMT-024-472,RESEARCH,EP-IND-03463
NET-03464,2026-01-01 08:28:05+00:00,0,IOMT-002,S-IOMT-002-473,IMAGING,EP-IND-03464
NET-03465,2026-01-01 08:28:08+00:00,0,IOMT-017,S-IOMT-017-474,EHR_READ,EP-IND-03465
NET-03466,2026-01-01 08:28:15+00:00,0,IOMT-038,S-IOMT-038-475,RESEARCH,EP-IND-03466
NET-03467,2026-01-01 08:28:22+00:00,0,IOMT-016,S-IOMT-016-476,EHR_WRITE,EP-IND-03467
NET-03468,2026-01-01 08:28:31+00:00,0,IOMT-048,S-IOMT-048-477,EHR_WRITE,EP-IND-03468
NET-03469,2026-01-01 08:28:33+00:00,0,IOMT-012,S-IOMT-012-478,LAB_RESULTS,EP-IND-03469
NET-03470,2026-01-01 08:28:44+00:00,0,IOMT-017,S-IOMT-017-479,IMAGING,EP-IND-03470
NET-03471,2026-01-01 08:28:49+00:00,0,IOMT-037,S-IOMT-037-480,IMAGING,EP-IND-03471
NET-03472,2026-01-01 08:28:50+00:00,0,IOMT-020,S-IOMT-020-481,EHR_WRITE,EP-IND-03472
NET-03473,2026-01-01 08:28:54+00:00,0,IOMT-029,S-IOMT-029-482,IMAGING,EP-IND-03473
NET-03474,2026-01-01 08:28:58+00:00,0,IOMT-039,S-IOMT-039-483,EHR_WRITE,EP-IND-03474
NET-03475,2026-01-01 08:29:04+00:00,0,IOMT-038,S-IOMT-038-484,EHR_WRITE,EP-IND-03475
NET-03476,2026-01-01 08:29:10+00:00,1,IOMT-037,S-IOMT-037-485,EHR_WRITE,EP-IND-03476
NET-03477,2026-01-01 08:29:10+00:00,0,IOMT-040,S-IOMT-040-486,LAB_RESULTS,EP-IND-03477
NET-03478,2026-01-01 08:29:11+00:00,0,IOMT-026,S-IOMT-026-487,EHR_WRITE,EP-IND-03478
NET-03479,2026-01-01 08:29:19+00:00,0,IOMT-008,S-IOMT-008-488,IMAGING,EP-IND-03479
NET-03480,2026-01-01 08:29:30+00:00,0,IOMT-039,S-IOMT-039-489,EHR_WRITE,EP-IND-03480
NET-03481,2026-01-01 08:29:46+00:00,0,IOMT-040,S-IOMT-040-490,RESEARCH,EP-IND-03481
NET-03482,2026-01-01 08:29:51+00:00,0,IOMT-034,S-IOMT-034-491,IMAGING,EP-IND-03482
NET-03483,2026-01-01 08:30:17+00:00,0,IOMT-006,S-IOMT-006-492,IMAGING,EP-IND-03483
NET-03484,2026-01-01 08:30:40+00:00,0,IOMT-049,S-IOMT-049-493,LAB_RESULTS,EP-IND-03484
NET-03485,2026-01-01 08:31:01+00:00,0,IOMT-005,S-IOMT-005-494,EHR_READ,EP-IND-03485
NET-03486,2026-01-01 08:31:17+00:00,0,IOMT-034,S-IOMT-034-495,EHR_WRITE,EP-IND-03486
NET-03487,2026-01-01 08:31:25+00:00,0,IOMT-027,S-IOMT-027-496,RESEARCH,EP-IND-03487
NET-03488,2026-01-01 08:31:38+00:00,0,IOMT-031,S-IOMT-031-497,EHR_WRITE,EP-IND-03488
NET-03489,2026-01-01 08:31:49+00:00,0,IOMT-028,S-IOMT-028-498,LAB_RESULTS,EP-IND-03489
NET-03490,2026-01-01 08:31:52+00:00,0,IOMT-023,S-IOMT-023-499,RESEARCH,EP-IND-03490
NET-03491,2026-01-01 08:31:52+00:00,0,IOMT-046,S-IOMT-046-500,EHR_WRITE,EP-IND-03491
NET-03492,2026-01-01 08:31:56+00:00,0,IOMT-026,S-IOMT-026-501,IMAGING,EP-IND-03492
NET-03493,2026-01-01 08:32:01+00:00,0,IOMT-036,S-IOMT-036-502,IMAGING,EP-IND-03493
NET-03494,2026-01-01 08:32:02+00:00,0,IOMT-006,S-IOMT-006-503,EHR_WRITE,EP-IND-03494
NET-03495,2026-01-01 08:32:19+00:00,0,IOMT-030,S-IOMT-030-504,LAB_RESULTS,EP-IND-03495
NET-03496,2026-01-01 08:32:21+00:00,0,IOMT-021,S-IOMT-021-505,RESEARCH,EP-IND-03496
NET-03497,2026-01-01 08:32:31+00:00,0,IOMT-016,S-IOMT-016-506,LAB_RESULTS,EP-IND-03497
NET-03498,2026-01-01 08:32:33+00:00,0,IOMT-048,S-IOMT-048-507,EHR_WRITE,EP-IND-03498
NET-03499,2026-01-01 08:32:43+00:00,0,IOMT-018,S-IOMT-018-508,RESEARCH,EP-IND-03499
NET-03500,2026-01-01 08:32:49+00:00,0,IOMT-036,S-IOMT-036-509,IMAGING,EP-IND-03500
NET-03501,2026-01-01 08:32:50+00:00,0,IOMT-002,S-IOMT-002-510,RESEARCH,EP-IND-03501
NET-03502,2026-01-01 08:33:03+00:00,0,IOMT-003,S-IOMT-003-511,IMAGING,EP-IND-03502
NET-03503,2026-01-01 08:33:14+00:00,0,IOMT-001,S-IOMT-001-512,IMAGING,EP-IND-03503
NET-03504,2026-01-01 08:33:15+00:00,0,IOMT-043,S-IOMT-043-513,RESEARCH,EP-IND-03504
NET-03505,2026-01-01 08:33:16+00:00,0,IOMT-005,S-IOMT-005-514,IMAGING,EP-IND-03505
NET-03506,2026-01-01 08:33:22+00:00,0,IOMT-046,S-IOMT-046-515,RESEARCH,EP-IND-03506
NET-03507,2026-01-01 08:33:36+00:00,0,IOMT-010,S-IOMT-010-516,RESEARCH,EP-IND-03507
NET-03508,2026-01-01 08:33:36+00:00,0,IOMT-043,S-IOMT-043-517,IMAGING,EP-IND-03508
NET-03509,2026-01-01 08:33:57+00:00,0,IOMT-008,S-IOMT-008-518,EHR_READ,EP-IND-03509
NET-03510,2026-01-01 08:33:59+00:00,0,IOMT-034,S-IOMT-034-519,IMAGING,EP-IND-03510
NET-03511,2026-01-01 08:34:02+00:00,0,IOMT-024,S-IOMT-024-520,LAB_RESULTS,EP-IND-03511
NET-03512,2026-01-01 08:34:06+00:00,0,IOMT-045,S-IOMT-045-521,IMAGING,EP-IND-03512
NET-03513,2026-01-01 08:34:17+00:00,0,IOMT-041,S-IOMT-041-522,IMAGING,EP-IND-03513
NET-03514,2026-01-01 08:34:56+00:00,0,IOMT-024,S-IOMT-024-523,EHR_READ,EP-IND-03514
NET-03515,2026-01-01 08:35:04+00:00,0,IOMT-004,S-IOMT-004-524,RESEARCH,EP-IND-03515
NET-03516,2026-01-01 08:35:06+00:00,0,IOMT-020,S-IOMT-020-525,IMAGING,EP-IND-03516
NET-03517,2026-01-01 08:35:14+00:00,0,IOMT-031,S-IOMT-031-526,EHR_READ,EP-IND-03517
NET-03518,2026-01-01 08:35:19+00:00,0,IOMT-004,S-IOMT-004-527,RESEARCH,EP-IND-03518
NET-03519,2026-01-01 08:35:22+00:00,0,IOMT-041,S-IOMT-041-528,RESEARCH,EP-IND-03519
NET-03520,2026-01-01 08:35:28+00:00,0,IOMT-037,S-IOMT-037-529,IMAGING,EP-IND-03520
NET-03521,2026-01-01 08:35:53+00:00,0,IOMT-025,S-IOMT-025-530,IMAGING,EP-IND-03521
NET-03522,2026-01-01 08:36:05+00:00,0,IOMT-000,S-IOMT-000-531,IMAGING,EP-IND-03522
NET-03523,2026-01-01 08:36:10+00:00,0,IOMT-025,S-IOMT-025-532,EHR_READ,EP-IND-03523
NET-03524,2026-01-01 08:36:14+00:00,0,IOMT-002,S-IOMT-002-533,EHR_READ,EP-IND-03524
NET-03525,2026-01-01 08:36:34+00:00,0,IOMT-041,S-IOMT-041-534,LAB_RESULTS,EP-IND-03525
NET-03526,2026-01-01 08:36:38+00:00,0,IOMT-001,S-IOMT-001-535,LAB_RESULTS,EP-IND-03526
NET-03527,2026-01-01 08:36:41+00:00,0,IOMT-010,S-IOMT-010-536,RESEARCH,EP-IND-03527
NET-03528,2026-01-01 08:36:44+00:00,0,IOMT-036,S-IOMT-036-537,EHR_READ,EP-IND-03528
NET-03529,2026-01-01 08:36:48+00:00,0,IOMT-016,S-IOMT-016-538,LAB_RESULTS,EP-IND-03529
NET-03530,2026-01-01 08:37:09+00:00,0,IOMT-017,S-IOMT-017-539,IMAGING,EP-IND-03530
NET-03531,2026-01-01 08:37:21+00:00,0,IOMT-035,S-IOMT-035-540,RESEARCH,EP-IND-03531
NET-03532,2026-01-01 08:37:46+00:00,0,IOMT-026,S-IOMT-026-541,LAB_RESULTS,EP-IND-03532
NET-03533,2026-01-01 08:37:59+00:00,0,IOMT-045,S-IOMT-045-542,EHR_READ,EP-IND-03533
NET-03534,2026-01-01 08:38:02+00:00,0,IOMT-024,S-IOMT-024-543,EHR_WRITE,EP-IND-03534
NET-03535,2026-01-01 08:38:04+00:00,0,IOMT-046,S-IOMT-046-544,RESEARCH,EP-IND-03535
NET-03536,2026-01-01 08:38:13+00:00,0,IOMT-025,S-IOMT-025-545,RESEARCH,EP-IND-03536
NET-03537,2026-01-01 08:38:14+00:00,0,IOMT-044,S-IOMT-044-546,RESEARCH,EP-IND-03537
NET-03538,2026-01-01 08:38:15+00:00,0,IOMT-027,S-IOMT-027-547,EHR_WRITE,EP-IND-03538
NET-03539,2026-01-01 08:38:21+00:00,0,IOMT-026,S-IOMT-026-548,IMAGING,EP-IND-03539
NET-03540,2026-01-01 08:38:24+00:00,0,IOMT-045,S-IOMT-045-549,EHR_READ,EP-IND-03540
NET-03541,2026-01-01 08:38:27+00:00,0,IOMT-007,S-IOMT-007-550,RESEARCH,EP-IND-03541
NET-03542,2026-01-01 08:38:39+00:00,0,IOMT-015,S-IOMT-015-551,EHR_READ,EP-IND-03542
NET-03543,2026-01-01 08:38:40+00:00,1,IOMT-011,S-IOMT-011-552,LAB_RESULTS,EP-IND-03543
NET-03544,2026-01-01 08:38:45+00:00,0,IOMT-048,S-IOMT-048-553,LAB_RESULTS,EP-IND-03544
NET-03545,2026-01-01 08:38:47+00:00,0,IOMT-017,S-IOMT-017-554,IMAGING,EP-IND-03545
NET-03546,2026-01-01 08:38:58+00:00,0,IOMT-033,S-IOMT-033-555,RESEARCH,EP-IND-03546
NET-03547,2026-01-01 08:39:09+00:00,0,IOMT-036,S-IOMT-036-556,RESEARCH,EP-IND-03547
NET-03548,2026-01-01 08:39:17+00:00,0,IOMT-011,S-IOMT-011-557,LAB_RESULTS,EP-IND-03548
NET-03549,2026-01-01 08:39:20+00:00,0,IOMT-047,S-IOMT-047-558,IMAGING,EP-IND-03549
NET-03550,2026-01-01 08:39:33+00:00,0,IOMT-010,S-IOMT-010-559,EHR_READ,EP-IND-03550
NET-03551,2026-01-01 08:39:35+00:00,0,IOMT-014,S-IOMT-014-560,EHR_READ,EP-IND-03551
NET-03552,2026-01-01 08:39:39+00:00,0,IOMT-002,S-IOMT-002-561,LAB_RESULTS,EP-IND-03552
NET-03553,2026-01-01 08:39:51+00:00,0,IOMT-018,S-IOMT-018-562,RESEARCH,EP-IND-03553
NET-03554,2026-01-01 08:39:57+00:00,1,IOMT-017,S-IOMT-017-563,LAB_RESULTS,EP-IND-03554
NET-03555,2026-01-01 08:39:57+00:00,0,IOMT-031,S-IOMT-031-564,EHR_READ,EP-IND-03555
NET-03556,2026-01-01 08:40:11+00:00,0,IOMT-034,S-IOMT-034-565,IMAGING,EP-IND-03556
NET-03557,2026-01-01 08:40:11+00:00,0,IOMT-030,S-IOMT-030-566,EHR_WRITE,EP-IND-03557
NET-03558,2026-01-01 08:40:30+00:00,0,IOMT-006,S-IOMT-006-567,IMAGING,EP-IND-03558
NET-03559,2026-01-01 08:40:32+00:00,0,IOMT-046,S-IOMT-046-568,RESEARCH,EP-IND-03559
NET-03560,2026-01-01 08:40:33+00:00,0,IOMT-009,S-IOMT-009-569,EHR_READ,EP-IND-03560
NET-03561,2026-01-01 08:40:41+00:00,0,IOMT-042,S-IOMT-042-570,EHR_READ,EP-IND-03561
NET-03562,2026-01-01 08:40:57+00:00,0,IOMT-005,S-IOMT-005-571,IMAGING,EP-IND-03562
NET-03563,2026-01-01 08:41:00+00:00,0,IOMT-010,S-IOMT-010-572,RESEARCH,EP-IND-03563
NET-03564,2026-01-01 08:41:01+00:00,0,IOMT-018,S-IOMT-018-573,LAB_RESULTS,EP-IND-03564
NET-03565,2026-01-01 08:41:14+00:00,0,IOMT-014,S-IOMT-014-574,IMAGING,EP-IND-03565
NET-03566,2026-01-01 08:41:19+00:00,0,IOMT-025,S-IOMT-025-575,EHR_WRITE,EP-IND-03566
NET-03567,2026-01-01 08:41:29+00:00,0,IOMT-010,S-IOMT-010-576,LAB_RESULTS,EP-IND-03567
NET-03568,2026-01-01 08:41:31+00:00,0,IOMT-026,S-IOMT-026-577,EHR_READ,EP-IND-03568
NET-03569,2026-01-01 08:41:47+00:00,0,IOMT-046,S-IOMT-046-578,RESEARCH,EP-IND-03569
NET-03570,2026-01-01 08:41:52+00:00,0,IOMT-040,S-IOMT-040-579,IMAGING,EP-IND-03570
NET-03571,2026-01-01 08:41:55+00:00,0,IOMT-046,S-IOMT-046-580,EHR_WRITE,EP-IND-03571
NET-03572,2026-01-01 08:41:55+00:00,0,IOMT-038,S-IOMT-038-581,EHR_READ,EP-IND-03572
NET-03573,2026-01-01 08:41:56+00:00,0,IOMT-023,S-IOMT-023-582,LAB_RESULTS,EP-IND-03573
NET-03574,2026-01-01 08:42:01+00:00,0,IOMT-021,S-IOMT-021-583,RESEARCH,EP-IND-03574
NET-03575,2026-01-01 08:42:19+00:00,0,IOMT-028,S-IOMT-028-584,EHR_WRITE,EP-IND-03575
NET-03576,2026-01-01 08:42:20+00:00,0,IOMT-043,S-IOMT-043-585,LAB_RESULTS,EP-IND-03576
NET-03577,2026-01-01 08:42:28+00:00,0,IOMT-021,S-IOMT-021-586,EHR_WRITE,EP-IND-03577
NET-03578,2026-01-01 08:42:31+00:00,0,IOMT-043,S-IOMT-043-587,RESEARCH,EP-IND-03578
NET-03579,2026-01-01 08:42:42+00:00,0,IOMT-049,S-IOMT-049-588,EHR_WRITE,EP-IND-03579
NET-03580,2026-01-01 08:42:49+00:00,0,IOMT-029,S-IOMT-029-589,LAB_RESULTS,EP-IND-03580
NET-03581,2026-01-01 08:42:57+00:00,0,IOMT-046,S-IOMT-046-590,EHR_WRITE,EP-IND-03581
NET-03582,2026-01-01 08:43:15+00:00,0,IOMT-037,S-IOMT-037-591,LAB_RESULTS,EP-IND-03582
NET-03583,2026-01-01 08:43:18+00:00,0,IOMT-036,S-IOMT-036-592,LAB_RESULTS,EP-IND-03583
NET-03584,2026-01-01 08:43:23+00:00,0,IOMT-024,S-IOMT-024-593,IMAGING,EP-IND-03584
NET-03585,2026-01-01 08:43:26+00:00,0,IOMT-038,S-IOMT-038-594,IMAGING,EP-IND-03585
NET-03586,2026-01-01 08:43:27+00:00,1,IOMT-024,S-IOMT-024-595,RESEARCH,EP-IND-03586
NET-03587,2026-01-01 08:43:30+00:00,0,IOMT-034,S-IOMT-034-596,EHR_READ,EP-IND-03587
NET-03588,2026-01-01 08:43:42+00:00,0,IOMT-009,S-IOMT-009-597,RESEARCH,EP-IND-03588
NET-03589,2026-01-01 08:43:47+00:00,0,IOMT-036,S-IOMT-036-598,LAB_RESULTS,EP-IND-03589
NET-03590,2026-01-01 08:43:51+00:00,0,IOMT-023,S-IOMT-023-599,EHR_READ,EP-IND-03590
NET-03591,2026-01-01 08:44:01+00:00,0,IOMT-019,S-IOMT-019-600,EHR_READ,EP-IND-03591
NET-03592,2026-01-01 08:44:21+00:00,0,IOMT-040,S-IOMT-040-601,IMAGING,EP-IND-03592
NET-03593,2026-01-01 08:44:38+00:00,0,IOMT-002,S-IOMT-002-602,RESEARCH,EP-IND-03593
NET-03594,2026-01-01 08:44:46+00:00,0,IOMT-018,S-IOMT-018-603,EHR_WRITE,EP-IND-03594
NET-03595,2026-01-01 08:45:10+00:00,0,IOMT-027,S-IOMT-027-604,IMAGING,EP-IND-03595
NET-03596,2026-01-01 08:45:14+00:00,0,IOMT-042,S-IOMT-042-605,EHR_WRITE,EP-IND-03596
NET-03597,2026-01-01 08:45:23+00:00,0,IOMT-027,S-IOMT-027-606,EHR_WRITE,EP-IND-03597
NET-03598,2026-01-01 08:45:25+00:00,0,IOMT-017,S-IOMT-017-607,IMAGING,EP-IND-03598
NET-03599,2026-01-01 08:45:36+00:00,0,IOMT-005,S-IOMT-005-608,EHR_WRITE,EP-IND-03599
NET-03600,2026-01-01 08:45:38+00:00,1,IOMT-032,S-IOMT-032-609,RESEARCH,EP-IND-03600
NET-03601,2026-01-01 08:45:44+00:00,0,IOMT-033,S-IOMT-033-610,EHR_READ,EP-IND-03601
NET-03602,2026-01-01 08:45:55+00:00,0,IOMT-001,S-IOMT-001-611,IMAGING,EP-IND-03602
NET-03603,2026-01-01 08:45:57+00:00,0,IOMT-001,S-IOMT-001-612,LAB_RESULTS,EP-IND-03603
NET-03604,2026-01-01 08:45:58+00:00,1,IOMT-039,S-IOMT-039-613,EHR_READ,EP-IND-03604
NET-03605,2026-01-01 08:46:30+00:00,0,IOMT-011,S-IOMT-011-614,EHR_WRITE,EP-IND-03605
NET-03606,2026-01-01 08:46:30+00:00,0,IOMT-024,S-IOMT-024-615,RESEARCH,EP-IND-03606
NET-03607,2026-01-01 08:46:39+00:00,0,IOMT-045,S-IOMT-045-616,RESEARCH,EP-IND-03607
NET-03608,2026-01-01 08:46:40+00:00,0,IOMT-043,S-IOMT-043-617,EHR_READ,EP-IND-03608
NET-03609,2026-01-01 08:46:48+00:00,0,IOMT-018,S-IOMT-018-618,EHR_READ,EP-IND-03609
NET-03610,2026-01-01 08:46:53+00:00,0,IOMT-010,S-IOMT-010-619,RESEARCH,EP-IND-03610
NET-03611,2026-01-01 08:46:58+00:00,0,IOMT-031,S-IOMT-031-620,LAB_RESULTS,EP-IND-03611
NET-03612,2026-01-01 08:47:01+00:00,0,IOMT-008,S-IOMT-008-621,IMAGING,EP-IND-03612
NET-03613,2026-01-01 08:47:03+00:00,0,IOMT-036,S-IOMT-036-622,EHR_READ,EP-IND-03613
NET-03614,2026-01-01 08:47:19+00:00,0,IOMT-033,S-IOMT-033-623,EHR_WRITE,EP-IND-03614
NET-03615,2026-01-01 08:47:40+00:00,0,IOMT-001,S-IOMT-001-624,EHR_READ,EP-IND-03615
NET-03616,2026-01-01 08:47:40+00:00,0,IOMT-049,S-IOMT-049-625,RESEARCH,EP-IND-03616
NET-03617,2026-01-01 08:47:54+00:00,0,IOMT-033,S-IOMT-033-626,EHR_READ,EP-IND-03617
NET-03618,2026-01-01 08:47:56+00:00,0,IOMT-033,S-IOMT-033-627,EHR_READ,EP-IND-03618
NET-03619,2026-01-01 08:48:05+00:00,0,IOMT-037,S-IOMT-037-628,IMAGING,EP-IND-03619
NET-03620,2026-01-01 08:48:06+00:00,1,IOMT-025,S-IOMT-025-629,EHR_WRITE,EP-IND-03620
NET-03621,2026-01-01 08:48:24+00:00,0,IOMT-002,S-IOMT-002-630,EHR_WRITE,EP-IND-03621
NET-03622,2026-01-01 08:48:30+00:00,0,IOMT-040,S-IOMT-040-631,RESEARCH,EP-IND-03622
NET-03623,2026-01-01 08:48:40+00:00,0,IOMT-034,S-IOMT-034-632,EHR_WRITE,EP-IND-03623
NET-03624,2026-01-01 08:48:42+00:00,0,IOMT-003,S-IOMT-003-633,LAB_RESULTS,EP-IND-03624
NET-03625,2026-01-01 08:48:44+00:00,0,IOMT-031,S-IOMT-031-634,EHR_WRITE,EP-IND-03625
NET-03626,2026-01-01 08:48:47+00:00,0,IOMT-006,S-IOMT-006-635,EHR_READ,EP-IND-03626
NET-03627,2026-01-01 08:48:50+00:00,0,IOMT-027,S-IOMT-027-636,EHR_WRITE,EP-IND-03627
NET-03628,2026-01-01 08:49:03+00:00,0,IOMT-007,S-IOMT-007-637,RESEARCH,EP-IND-03628
NET-03629,2026-01-01 08:49:31+00:00,0,IOMT-026,S-IOMT-026-638,IMAGING,EP-IND-03629
NET-03630,2026-01-01 08:49:38+00:00,0,IOMT-000,S-IOMT-000-639,EHR_WRITE,EP-IND-03630
NET-03631,2026-01-01 08:50:12+00:00,0,IOMT-008,S-IOMT-008-640,LAB_RESULTS,EP-IND-03631
NET-03632,2026-01-01 08:50:28+00:00,1,IOMT-018,S-IOMT-018-641,IMAGING,EP-IND-03632
NET-03633,2026-01-01 08:50:56+00:00,0,IOMT-044,S-IOMT-044-642,EHR_WRITE,EP-IND-03633
NET-03634,2026-01-01 08:50:59+00:00,0,IOMT-001,S-IOMT-001-643,IMAGING,EP-IND-03634
NET-03635,2026-01-01 08:50:59+00:00,0,IOMT-028,S-IOMT-028-644,LAB_RESULTS,EP-IND-03635
NET-03636,2026-01-01 08:51:05+00:00,0,IOMT-004,S-IOMT-004-645,EHR_WRITE,EP-IND-03636
NET-03637,2026-01-01 08:51:17+00:00,0,IOMT-004,S-IOMT-004-646,RESEARCH,EP-IND-03637
NET-03638,2026-01-01 08:51:56+00:00,0,IOMT-014,S-IOMT-014-647,LAB_RESULTS,EP-IND-03638
NET-03639,2026-01-01 08:51:59+00:00,0,IOMT-008,S-IOMT-008-648,IMAGING,EP-IND-03639
NET-03640,2026-01-01 08:51:59+00:00,0,IOMT-039,S-IOMT-039-649,EHR_READ,EP-IND-03640
NET-03641,2026-01-01 08:52:02+00:00,0,IOMT-026,S-IOMT-026-650,EHR_READ,EP-IND-03641
NET-03642,2026-01-01 08:52:11+00:00,0,IOMT-031,S-IOMT-031-651,EHR_READ,EP-IND-03642
NET-03643,2026-01-01 08:52:11+00:00,0,IOMT-008,S-IOMT-008-652,RESEARCH,EP-IND-03643
NET-03644,2026-01-01 08:52:15+00:00,0,IOMT-016,S-IOMT-016-653,RESEARCH,EP-IND-03644
NET-03645,2026-01-01 08:52:19+00:00,0,IOMT-034,S-IOMT-034-654,IMAGING,EP-IND-03645
NET-03646,2026-01-01 08:52:24+00:00,0,IOMT-046,S-IOMT-046-655,RESEARCH,EP-IND-03646
NET-03647,2026-01-01 08:52:31+00:00,0,IOMT-011,S-IOMT-011-656,EHR_READ,EP-IND-03647
NET-03648,2026-01-01 08:52:37+00:00,1,IOMT-039,S-IOMT-039-657,EHR_READ,EP-IND-03648
NET-03649,2026-01-01 08:52:51+00:00,0,IOMT-043,S-IOMT-043-658,EHR_READ,EP-IND-03649
NET-03650,2026-01-01 08:53:07+00:00,0,IOMT-037,S-IOMT-037-659,RESEARCH,EP-IND-03650
NET-03651,2026-01-01 08:53:14+00:00,0,IOMT-042,S-IOMT-042-660,IMAGING,EP-IND-03651
NET-03652,2026-01-01 08:53:23+00:00,0,IOMT-048,S-IOMT-048-661,IMAGING,EP-IND-03652
NET-03653,2026-01-01 08:53:27+00:00,0,IOMT-036,S-IOMT-036-662,LAB_RESULTS,EP-IND-03653
NET-03654,2026-01-01 08:53:47+00:00,0,IOMT-032,S-IOMT-032-663,RESEARCH,EP-IND-03654
NET-03655,2026-01-01 08:53:47+00:00,0,IOMT-008,S-IOMT-008-664,LAB_RESULTS,EP-IND-03655
NET-03656,2026-01-01 08:53:58+00:00,0,IOMT-042,S-IOMT-042-665,LAB_RESULTS,EP-IND-03656
NET-03657,2026-01-01 08:54:14+00:00,1,IOMT-002,S-IOMT-002-666,EHR_READ,EP-IND-03657
NET-03658,2026-01-01 08:54:17+00:00,0,IOMT-046,S-IOMT-046-667,LAB_RESULTS,EP-IND-03658
NET-03659,2026-01-01 08:54:23+00:00,0,IOMT-035,S-IOMT-035-668,EHR_WRITE,EP-IND-03659
NET-03660,2026-01-01 08:54:28+00:00,0,IOMT-008,S-IOMT-008-669,EHR_READ,EP-IND-03660
NET-03661,2026-01-01 08:54:32+00:00,0,IOMT-040,S-IOMT-040-670,LAB_RESULTS,EP-IND-03661
NET-03662,2026-01-01 08:54:34+00:00,0,IOMT-023,S-IOMT-023-671,RESEARCH,EP-IND-03662
NET-03663,2026-01-01 08:54:42+00:00,0,IOMT-000,S-IOMT-000-672,LAB_RESULTS,EP-IND-03663
NET-03664,2026-01-01 08:54:47+00:00,0,IOMT-033,S-IOMT-033-673,IMAGING,EP-IND-03664
NET-03665,2026-01-01 08:54:57+00:00,0,IOMT-033,S-IOMT-033-674,EHR_READ,EP-IND-03665
NET-03666,2026-01-01 08:55:00+00:00,0,IOMT-019,S-IOMT-019-675,EHR_WRITE,EP-IND-03666
NET-03667,2026-01-01 08:55:07+00:00,0,IOMT-042,S-IOMT-042-676,LAB_RESULTS,EP-IND-03667
NET-03668,2026-01-01 08:55:13+00:00,0,IOMT-007,S-IOMT-007-677,RESEARCH,EP-IND-03668
NET-03669,2026-01-01 08:55:24+00:00,0,IOMT-030,S-IOMT-030-678,LAB_RESULTS,EP-IND-03669
NET-03670,2026-01-01 08:55:25+00:00,0,IOMT-004,S-IOMT-004-679,IMAGING,EP-IND-03670
NET-03671,2026-01-01 08:55:34+00:00,0,IOMT-007,S-IOMT-007-680,EHR_WRITE,EP-IND-03671
NET-03672,2026-01-01 08:55:38+00:00,0,IOMT-012,S-IOMT-012-681,RESEARCH,EP-IND-03672
NET-03673,2026-01-01 08:55:40+00:00,0,IOMT-049,S-IOMT-049-682,LAB_RESULTS,EP-IND-03673
NET-03674,2026-01-01 08:56:10+00:00,0,IOMT-028,S-IOMT-028-683,EHR_READ,EP-IND-03674
NET-03675,2026-01-01 08:56:14+00:00,0,IOMT-015,S-IOMT-015-684,LAB_RESULTS,EP-IND-03675
NET-03676,2026-01-01 08:56:22+00:00,0,IOMT-013,S-IOMT-013-685,IMAGING,EP-IND-03676
NET-03677,2026-01-01 08:56:30+00:00,0,IOMT-018,S-IOMT-018-686,RESEARCH,EP-IND-03677
NET-03678,2026-01-01 08:56:53+00:00,1,IOMT-037,S-IOMT-037-687,LAB_RESULTS,EP-IND-03678
NET-03679,2026-01-01 08:57:00+00:00,0,IOMT-003,S-IOMT-003-688,EHR_WRITE,EP-IND-03679
NET-03680,2026-01-01 08:57:00+00:00,0,IOMT-028,S-IOMT-028-689,LAB_RESULTS,EP-IND-03680
NET-03681,2026-01-01 08:57:07+00:00,0,IOMT-024,S-IOMT-024-690,LAB_RESULTS,EP-IND-03681
NET-03682,2026-01-01 08:57:07+00:00,0,IOMT-034,S-IOMT-034-691,LAB_RESULTS,EP-IND-03682
NET-03683,2026-01-01 08:57:12+00:00,0,IOMT-010,S-IOMT-010-692,EHR_READ,EP-IND-03683
NET-03684,2026-01-01 08:57:13+00:00,0,IOMT-040,S-IOMT-040-693,EHR_WRITE,EP-IND-03684
NET-03685,2026-01-01 08:57:14+00:00,0,IOMT-024,S-IOMT-024-694,EHR_READ,EP-IND-03685
NET-03686,2026-01-01 08:57:14+00:00,0,IOMT-025,S-IOMT-025-695,LAB_RESULTS,EP-IND-03686
NET-03687,2026-01-01 08:57:32+00:00,0,IOMT-000,S-IOMT-000-696,IMAGING,EP-IND-03687
NET-03688,2026-01-01 08:57:46+00:00,0,IOMT-049,S-IOMT-049-697,IMAGING,EP-IND-03688
NET-03689,2026-01-01 08:57:50+00:00,0,IOMT-015,S-IOMT-015-698,RESEARCH,EP-IND-03689
NET-03690,2026-01-01 08:57:53+00:00,0,IOMT-020,S-IOMT-020-699,EHR_WRITE,EP-IND-03690
NET-03691,2026-01-01 08:58:00+00:00,0,IOMT-034,S-IOMT-034-700,RESEARCH,EP-IND-03691
NET-03692,2026-01-01 08:58:01+00:00,0,IOMT-001,S-IOMT-001-701,EHR_READ,EP-IND-03692
NET-03693,2026-01-01 08:58:19+00:00,0,IOMT-006,S-IOMT-006-702,EHR_WRITE,EP-IND-03693
NET-03694,2026-01-01 08:58:20+00:00,0,IOMT-000,S-IOMT-000-703,IMAGING,EP-IND-03694
NET-03695,2026-01-01 08:58:37+00:00,0,IOMT-012,S-IOMT-012-704,EHR_WRITE,EP-IND-03695
NET-03696,2026-01-01 08:58:43+00:00,0,IOMT-012,S-IOMT-012-705,RESEARCH,EP-IND-03696
NET-03697,2026-01-01 08:59:00+00:00,0,IOMT-028,S-IOMT-028-706,EHR_READ,EP-IND-03697
NET-03698,2026-01-01 08:59:03+00:00,0,IOMT-041,S-IOMT-041-707,IMAGING,EP-IND-03698
NET-03699,2026-01-01 08:59:13+00:00,0,IOMT-008,S-IOMT-008-708,IMAGING,EP-IND-03699
NET-03700,2026-01-01 08:59:20+00:00,0,IOMT-020,S-IOMT-020-709,RESEARCH,EP-IND-03700
NET-03701,2026-01-01 08:59:27+00:00,0,IOMT-031,S-IOMT-031-710,EHR_READ,EP-IND-03701
NET-03702,2026-01-01 08:59:41+00:00,0,IOMT-018,S-IOMT-018-711,RESEARCH,EP-IND-03702
NET-03703,2026-01-01 08:59:46+00:00,0,IOMT-043,S-IOMT-043-712,IMAGING,EP-IND-03703
NET-03704,2026-01-01 08:59:47+00:00,0,IOMT-043,S-IOMT-043-713,RESEARCH,EP-IND-03704
NET-03705,2026-01-01 08:59:47+00:00,0,IOMT-041,S-IOMT-041-714,LAB_RESULTS,EP-IND-03705
NET-03706,2026-01-01 08:59:47+00:00,0,IOMT-015,S-IOMT-015-715,IMAGING,EP-IND-03706
NET-03707,2026-01-01 09:00:03+00:00,0,IOMT-039,S-IOMT-039-716,LAB_RESULTS,EP-IND-03707
NET-03708,2026-01-01 09:00:08+00:00,0,IOMT-045,S-IOMT-045-717,EHR_READ,EP-IND-03708
NET-03709,2026-01-01 09:00:48+00:00,0,IOMT-036,S-IOMT-036-718,EHR_READ,EP-IND-03709
NET-03710,2026-01-01 09:00:48+00:00,0,IOMT-029,S-IOMT-029-719,EHR_READ,EP-IND-03710
NET-03711,2026-01-01 09:01:04+00:00,0,IOMT-030,S-IOMT-030-720,IMAGING,EP-IND-03711
NET-03712,2026-01-01 09:01:05+00:00,0,IOMT-020,S-IOMT-020-721,LAB_RESULTS,EP-IND-03712
NET-03713,2026-01-01 09:01:17+00:00,0,IOMT-039,S-IOMT-039-722,LAB_RESULTS,EP-IND-03713
NET-03714,2026-01-01 09:01:17+00:00,0,IOMT-005,S-IOMT-005-723,IMAGING,EP-IND-03714
NET-03715,2026-01-01 09:01:27+00:00,0,IOMT-024,S-IOMT-024-724,EHR_WRITE,EP-IND-03715
NET-03716,2026-01-01 09:01:33+00:00,0,IOMT-024,S-IOMT-024-725,IMAGING,EP-IND-03716
NET-03717,2026-01-01 09:01:41+00:00,0,IOMT-019,S-IOMT-019-726,IMAGING,EP-IND-03717
NET-03718,2026-01-01 09:01:42+00:00,0,IOMT-027,S-IOMT-027-727,LAB_RESULTS,EP-IND-03718
NET-03719,2026-01-01 09:01:49+00:00,0,IOMT-006,S-IOMT-006-728,LAB_RESULTS,EP-IND-03719
NET-03720,2026-01-01 09:01:55+00:00,0,IOMT-002,S-IOMT-002-729,LAB_RESULTS,EP-IND-03720
NET-03721,2026-01-01 09:02:01+00:00,0,IOMT-049,S-IOMT-049-730,RESEARCH,EP-IND-03721
NET-03722,2026-01-01 09:02:31+00:00,0,IOMT-007,S-IOMT-007-731,RESEARCH,EP-IND-03722
NET-03723,2026-01-01 09:02:31+00:00,0,IOMT-002,S-IOMT-002-732,RESEARCH,EP-IND-03723
NET-03724,2026-01-01 09:02:49+00:00,0,IOMT-031,S-IOMT-031-733,EHR_READ,EP-IND-03724
NET-03725,2026-01-01 09:03:24+00:00,0,IOMT-031,S-IOMT-031-734,IMAGING,EP-IND-03725
NET-03726,2026-01-01 09:03:32+00:00,0,IOMT-038,S-IOMT-038-735,EHR_WRITE,EP-IND-03726
NET-03727,2026-01-01 09:03:50+00:00,0,IOMT-028,S-IOMT-028-736,IMAGING,EP-IND-03727
NET-03728,2026-01-01 09:04:10+00:00,0,IOMT-028,S-IOMT-028-737,RESEARCH,EP-IND-03728
NET-03729,2026-01-01 09:04:17+00:00,0,IOMT-015,S-IOMT-015-738,EHR_WRITE,EP-IND-03729
NET-03730,2026-01-01 09:04:18+00:00,0,IOMT-033,S-IOMT-033-739,EHR_WRITE,EP-IND-03730
NET-03731,2026-01-01 09:04:27+00:00,0,IOMT-019,S-IOMT-019-740,LAB_RESULTS,EP-IND-03731
NET-03732,2026-01-01 09:04:35+00:00,0,IOMT-049,S-IOMT-049-741,EHR_WRITE,EP-IND-03732
NET-03733,2026-01-01 09:04:46+00:00,0,IOMT-045,S-IOMT-045-742,EHR_READ,EP-IND-03733
NET-03734,2026-01-01 09:05:02+00:00,0,IOMT-042,S-IOMT-042-743,EHR_READ,EP-IND-03734
NET-03735,2026-01-01 09:05:03+00:00,0,IOMT-042,S-IOMT-042-744,IMAGING,EP-IND-03735
NET-03736,2026-01-01 09:05:05+00:00,0,IOMT-015,S-IOMT-015-745,EHR_READ,EP-IND-03736
NET-03737,2026-01-01 09:05:10+00:00,0,IOMT-012,S-IOMT-012-746,EHR_WRITE,EP-IND-03737
NET-03738,2026-01-01 09:05:25+00:00,0,IOMT-039,S-IOMT-039-747,IMAGING,EP-IND-03738
NET-03739,2026-01-01 09:05:37+00:00,0,IOMT-046,S-IOMT-046-748,LAB_RESULTS,EP-IND-03739
NET-03740,2026-01-01 09:05:40+00:00,0,IOMT-014,S-IOMT-014-749,EHR_READ,EP-IND-03740
NET-03741,2026-01-01 09:05:55+00:00,0,IOMT-022,S-IOMT-022-750,IMAGING,EP-IND-03741
NET-03742,2026-01-01 09:06:14+00:00,0,IOMT-042,S-IOMT-042-751,LAB_RESULTS,EP-IND-03742
NET-03743,2026-01-01 09:06:19+00:00,0,IOMT-019,S-IOMT-019-752,EHR_READ,EP-IND-03743
NET-03744,2026-01-01 09:06:28+00:00,0,IOMT-012,S-IOMT-012-753,EHR_WRITE,EP-IND-03744
NET-03745,2026-01-01 09:06:37+00:00,0,IOMT-014,S-IOMT-014-754,EHR_WRITE,EP-IND-03745
NET-03746,2026-01-01 09:06:43+00:00,0,IOMT-012,S-IOMT-012-755,RESEARCH,EP-IND-03746
NET-03747,2026-01-01 09:06:59+00:00,0,IOMT-044,S-IOMT-044-756,LAB_RESULTS,EP-IND-03747
NET-03748,2026-01-01 09:07:25+00:00,0,IOMT-040,S-IOMT-040-757,IMAGING,EP-IND-03748
NET-03749,2026-01-01 09:08:00+00:00,0,IOMT-039,S-IOMT-039-758,RESEARCH,EP-IND-03749
NET-03750,2026-01-01 09:08:01+00:00,0,IOMT-033,S-IOMT-033-759,EHR_WRITE,EP-IND-03750
NET-03751,2026-01-01 09:08:07+00:00,0,IOMT-027,S-IOMT-027-760,EHR_WRITE,EP-IND-03751
NET-03752,2026-01-01 09:08:12+00:00,0,IOMT-011,S-IOMT-011-761,IMAGING,EP-IND-03752
NET-03753,2026-01-01 09:08:44+00:00,0,IOMT-006,S-IOMT-006-762,IMAGING,EP-IND-03753
NET-03754,2026-01-01 09:08:52+00:00,0,IOMT-003,S-IOMT-003-763,RESEARCH,EP-IND-03754
NET-03755,2026-01-01 09:08:56+00:00,0,IOMT-025,S-IOMT-025-764,LAB_RESULTS,EP-IND-03755
NET-03756,2026-01-01 09:09:05+00:00,0,IOMT-016,S-IOMT-016-765,EHR_READ,EP-IND-03756
NET-03757,2026-01-01 09:09:06+00:00,0,IOMT-045,S-IOMT-045-766,LAB_RESULTS,EP-IND-03757
NET-03758,2026-01-01 09:09:14+00:00,0,IOMT-019,S-IOMT-019-767,EHR_WRITE,EP-IND-03758
NET-03759,2026-01-01 09:09:17+00:00,0,IOMT-006,S-IOMT-006-768,RESEARCH,EP-IND-03759
NET-03760,2026-01-01 09:09:18+00:00,0,IOMT-048,S-IOMT-048-769,LAB_RESULTS,EP-IND-03760
NET-03761,2026-01-01 09:09:19+00:00,0,IOMT-019,S-IOMT-019-770,RESEARCH,EP-IND-03761
NET-03762,2026-01-01 09:09:22+00:00,0,IOMT-005,S-IOMT-005-771,RESEARCH,EP-IND-03762
NET-03763,2026-01-01 09:09:41+00:00,0,IOMT-040,S-IOMT-040-772,RESEARCH,EP-IND-03763
NET-03764,2026-01-01 09:10:01+00:00,0,IOMT-048,S-IOMT-048-773,RESEARCH,EP-IND-03764
NET-03765,2026-01-01 09:10:09+00:00,0,IOMT-041,S-IOMT-041-774,IMAGING,EP-IND-03765
NET-03766,2026-01-01 09:10:26+00:00,0,IOMT-034,S-IOMT-034-775,RESEARCH,EP-IND-03766
NET-03767,2026-01-01 09:10:49+00:00,0,IOMT-017,S-IOMT-017-776,LAB_RESULTS,EP-IND-03767
NET-03768,2026-01-01 09:10:50+00:00,0,IOMT-017,S-IOMT-017-777,EHR_WRITE,EP-IND-03768
NET-03769,2026-01-01 09:10:59+00:00,0,IOMT-035,S-IOMT-035-778,RESEARCH,EP-IND-03769
NET-03770,2026-01-01 09:11:14+00:00,0,IOMT-020,S-IOMT-020-779,IMAGING,EP-IND-03770
NET-03771,2026-01-01 09:11:21+00:00,0,IOMT-008,S-IOMT-008-780,EHR_WRITE,EP-IND-03771
NET-03772,2026-01-01 09:11:24+00:00,0,IOMT-021,S-IOMT-021-781,EHR_READ,EP-IND-03772
NET-03773,2026-01-01 09:11:26+00:00,0,IOMT-029,S-IOMT-029-782,LAB_RESULTS,EP-IND-03773
NET-03774,2026-01-01 09:11:29+00:00,1,IOMT-006,S-IOMT-006-783,RESEARCH,EP-IND-03774
NET-03775,2026-01-01 09:11:31+00:00,0,IOMT-006,S-IOMT-006-784,IMAGING,EP-IND-03775
NET-03776,2026-01-01 09:11:37+00:00,0,IOMT-047,S-IOMT-047-785,LAB_RESULTS,EP-IND-03776
NET-03777,2026-01-01 09:11:40+00:00,0,IOMT-014,S-IOMT-014-786,IMAGING,EP-IND-03777
NET-03778,2026-01-01 09:11:47+00:00,1,IOMT-045,S-IOMT-045-787,LAB_RESULTS,EP-IND-03778
NET-03779,2026-01-01 09:12:02+00:00,0,IOMT-025,S-IOMT-025-788,EHR_WRITE,EP-IND-03779
NET-03780,2026-01-01 09:12:03+00:00,0,IOMT-017,S-IOMT-017-789,IMAGING,EP-IND-03780
NET-03781,2026-01-01 09:12:04+00:00,0,IOMT-024,S-IOMT-024-790,EHR_WRITE,EP-IND-03781
NET-03782,2026-01-01 09:12:08+00:00,0,IOMT-010,S-IOMT-010-791,EHR_WRITE,EP-IND-03782
NET-03783,2026-01-01 09:12:26+00:00,0,IOMT-018,S-IOMT-018-792,LAB_RESULTS,EP-IND-03783
NET-03784,2026-01-01 09:12:39+00:00,0,IOMT-035,S-IOMT-035-793,RESEARCH,EP-IND-03784
NET-03785,2026-01-01 09:12:41+00:00,0,IOMT-032,S-IOMT-032-794,IMAGING,EP-IND-03785
NET-03786,2026-01-01 09:12:43+00:00,0,IOMT-037,S-IOMT-037-795,LAB_RESULTS,EP-IND-03786
NET-03787,2026-01-01 09:12:57+00:00,0,IOMT-049,S-IOMT-049-796,IMAGING,EP-IND-03787
NET-03788,2026-01-01 09:13:08+00:00,0,IOMT-035,S-IOMT-035-797,LAB_RESULTS,EP-IND-03788
NET-03789,2026-01-01 09:13:10+00:00,0,IOMT-018,S-IOMT-018-798,LAB_RESULTS,EP-IND-03789
NET-03790,2026-01-01 09:13:22+00:00,0,IOMT-026,S-IOMT-026-799,LAB_RESULTS,EP-IND-03790
NET-03791,2026-01-01 09:13:23+00:00,0,IOMT-039,S-IOMT-039-800,IMAGING,EP-IND-03791
NET-03792,2026-01-01 09:13:28+00:00,0,IOMT-025,S-IOMT-025-801,RESEARCH,EP-IND-03792
NET-03793,2026-01-01 09:13:36+00:00,0,IOMT-002,S-IOMT-002-802,IMAGING,EP-IND-03793
NET-03794,2026-01-01 09:13:36+00:00,0,IOMT-032,S-IOMT-032-803,EHR_WRITE,EP-IND-03794
NET-03795,2026-01-01 09:13:46+00:00,0,IOMT-016,S-IOMT-016-804,EHR_READ,EP-IND-03795
NET-03796,2026-01-01 09:14:18+00:00,0,IOMT-040,S-IOMT-040-805,RESEARCH,EP-IND-03796
NET-03797,2026-01-01 09:14:30+00:00,0,IOMT-008,S-IOMT-008-806,LAB_RESULTS,EP-IND-03797
NET-03798,2026-01-01 09:14:40+00:00,0,IOMT-022,S-IOMT-022-807,EHR_READ,EP-IND-03798
NET-03799,2026-01-01 09:14:42+00:00,0,IOMT-019,S-IOMT-019-808,EHR_WRITE,EP-IND-03799
NET-03800,2026-01-01 09:15:00+00:00,0,IOMT-049,S-IOMT-049-809,LAB_RESULTS,EP-IND-03800
NET-03801,2026-01-01 09:15:08+00:00,0,IOMT-025,S-IOMT-025-810,IMAGING,EP-IND-03801
NET-03802,2026-01-01 09:15:11+00:00,0,IOMT-020,S-IOMT-020-811,LAB_RESULTS,EP-IND-03802
NET-03803,2026-01-01 09:15:15+00:00,0,IOMT-005,S-IOMT-005-812,EHR_WRITE,EP-IND-03803
NET-03804,2026-01-01 09:15:17+00:00,0,IOMT-010,S-IOMT-010-813,IMAGING,EP-IND-03804
NET-03805,2026-01-01 09:15:56+00:00,0,IOMT-018,S-IOMT-018-814,EHR_READ,EP-IND-03805
NET-03806,2026-01-01 09:15:58+00:00,0,IOMT-014,S-IOMT-014-815,LAB_RESULTS,EP-IND-03806
NET-03807,2026-01-01 09:16:03+00:00,0,IOMT-006,S-IOMT-006-816,IMAGING,EP-IND-03807
NET-03808,2026-01-01 09:16:06+00:00,0,IOMT-041,S-IOMT-041-817,EHR_READ,EP-IND-03808
NET-03809,2026-01-01 09:16:12+00:00,0,IOMT-037,S-IOMT-037-818,EHR_WRITE,EP-IND-03809
NET-03810,2026-01-01 09:16:13+00:00,0,IOMT-016,S-IOMT-016-819,RESEARCH,EP-IND-03810
NET-03811,2026-01-01 09:16:52+00:00,0,IOMT-040,S-IOMT-040-820,IMAGING,EP-IND-03811
NET-03812,2026-01-01 09:17:01+00:00,0,IOMT-025,S-IOMT-025-821,IMAGING,EP-IND-03812
NET-03813,2026-01-01 09:17:05+00:00,0,IOMT-024,S-IOMT-024-822,LAB_RESULTS,EP-IND-03813
NET-03814,2026-01-01 09:17:18+00:00,0,IOMT-039,S-IOMT-039-823,LAB_RESULTS,EP-IND-03814
NET-03815,2026-01-01 09:17:31+00:00,0,IOMT-019,S-IOMT-019-824,EHR_WRITE,EP-IND-03815
NET-03816,2026-01-01 09:17:34+00:00,0,IOMT-038,S-IOMT-038-825,LAB_RESULTS,EP-IND-03816
NET-03817,2026-01-01 09:17:35+00:00,0,IOMT-024,S-IOMT-024-826,EHR_WRITE,EP-IND-03817
NET-03818,2026-01-01 09:17:41+00:00,0,IOMT-031,S-IOMT-031-827,EHR_WRITE,EP-IND-03818
NET-03819,2026-01-01 09:17:55+00:00,0,IOMT-001,S-IOMT-001-828,EHR_READ,EP-IND-03819
NET-03820,2026-01-01 09:18:02+00:00,0,IOMT-016,S-IOMT-016-829,IMAGING,EP-IND-03820
NET-03821,2026-01-01 09:18:09+00:00,0,IOMT-045,S-IOMT-045-830,EHR_READ,EP-IND-03821
NET-03822,2026-01-01 09:18:10+00:00,0,IOMT-014,S-IOMT-014-831,RESEARCH,EP-IND-03822
NET-03823,2026-01-01 09:18:22+00:00,0,IOMT-019,S-IOMT-019-832,IMAGING,EP-IND-03823
NET-03824,2026-01-01 09:18:23+00:00,0,IOMT-012,S-IOMT-012-833,RESEARCH,EP-IND-03824
NET-03825,2026-01-01 09:18:27+00:00,0,IOMT-043,S-IOMT-043-834,LAB_RESULTS,EP-IND-03825
NET-03826,2026-01-01 09:18:44+00:00,0,IOMT-039,S-IOMT-039-835,EHR_WRITE,EP-IND-03826
NET-03827,2026-01-01 09:18:47+00:00,0,IOMT-026,S-IOMT-026-836,EHR_READ,EP-IND-03827
NET-03828,2026-01-01 09:18:49+00:00,0,IOMT-047,S-IOMT-047-837,IMAGING,EP-IND-03828
NET-03829,2026-01-01 09:18:55+00:00,0,IOMT-029,S-IOMT-029-838,EHR_READ,EP-IND-03829
NET-03830,2026-01-01 09:19:05+00:00,0,IOMT-016,S-IOMT-016-839,EHR_WRITE,EP-IND-03830
NET-03831,2026-01-01 09:19:09+00:00,0,IOMT-016,S-IOMT-016-840,RESEARCH,EP-IND-03831
NET-03832,2026-01-01 09:19:29+00:00,0,IOMT-029,S-IOMT-029-841,EHR_WRITE,EP-IND-03832
NET-03833,2026-01-01 09:19:44+00:00,0,IOMT-045,S-IOMT-045-842,LAB_RESULTS,EP-IND-03833
NET-03834,2026-01-01 09:19:44+00:00,0,IOMT-013,S-IOMT-013-843,EHR_READ,EP-IND-03834
NET-03835,2026-01-01 09:19:47+00:00,0,IOMT-045,S-IOMT-045-844,IMAGING,EP-IND-03835
NET-03836,2026-01-01 09:19:50+00:00,0,IOMT-029,S-IOMT-029-845,EHR_READ,EP-IND-03836
NET-03837,2026-01-01 09:19:50+00:00,0,IOMT-001,S-IOMT-001-846,EHR_WRITE,EP-IND-03837
NET-03838,2026-01-01 09:20:11+00:00,0,IOMT-017,S-IOMT-017-847,EHR_READ,EP-IND-03838
NET-03839,2026-01-01 09:20:17+00:00,0,IOMT-012,S-IOMT-012-848,EHR_READ,EP-IND-03839
NET-03840,2026-01-01 09:20:28+00:00,0,IOMT-033,S-IOMT-033-849,LAB_RESULTS,EP-IND-03840
NET-03841,2026-01-01 09:20:35+00:00,0,IOMT-049,S-IOMT-049-850,EHR_WRITE,EP-IND-03841
NET-03842,2026-01-01 09:20:40+00:00,0,IOMT-001,S-IOMT-001-851,RESEARCH,EP-IND-03842
NET-03843,2026-01-01 09:20:57+00:00,0,IOMT-011,S-IOMT-011-852,EHR_WRITE,EP-IND-03843
NET-03844,2026-01-01 09:21:04+00:00,0,IOMT-027,S-IOMT-027-853,RESEARCH,EP-IND-03844
NET-03845,2026-01-01 09:21:11+00:00,0,IOMT-047,S-IOMT-047-854,LAB_RESULTS,EP-IND-03845
NET-03846,2026-01-01 09:21:12+00:00,0,IOMT-033,S-IOMT-033-855,LAB_RESULTS,EP-IND-03846
NET-03847,2026-01-01 09:21:30+00:00,0,IOMT-019,S-IOMT-019-856,RESEARCH,EP-IND-03847
NET-03848,2026-01-01 09:21:32+00:00,0,IOMT-000,S-IOMT-000-857,EHR_READ,EP-IND-03848
NET-03849,2026-01-01 09:21:50+00:00,0,IOMT-007,S-IOMT-007-858,EHR_WRITE,EP-IND-03849
NET-03850,2026-01-01 09:21:50+00:00,0,IOMT-035,S-IOMT-035-859,EHR_WRITE,EP-IND-03850
NET-03851,2026-01-01 09:21:53+00:00,0,IOMT-015,S-IOMT-015-860,LAB_RESULTS,EP-IND-03851
NET-03852,2026-01-01 09:22:09+00:00,0,IOMT-035,S-IOMT-035-861,EHR_WRITE,EP-IND-03852
NET-03853,2026-01-01 09:22:11+00:00,0,IOMT-020,S-IOMT-020-862,EHR_READ,EP-IND-03853
NET-03854,2026-01-01 09:22:27+00:00,0,IOMT-006,S-IOMT-006-863,RESEARCH,EP-IND-03854
NET-03855,2026-01-01 09:22:37+00:00,0,IOMT-034,S-IOMT-034-864,EHR_READ,EP-IND-03855
NET-03856,2026-01-01 09:22:38+00:00,1,IOMT-011,S-IOMT-011-865,RESEARCH,EP-IND-03856
NET-03857,2026-01-01 09:23:04+00:00,0,IOMT-038,S-IOMT-038-866,LAB_RESULTS,EP-IND-03857
NET-03858,2026-01-01 09:23:07+00:00,0,IOMT-049,S-IOMT-049-867,IMAGING,EP-IND-03858
NET-03859,2026-01-01 09:23:08+00:00,0,IOMT-042,S-IOMT-042-868,LAB_RESULTS,EP-IND-03859
NET-03860,2026-01-01 09:23:11+00:00,0,IOMT-035,S-IOMT-035-869,RESEARCH,EP-IND-03860
NET-03861,2026-01-01 09:23:22+00:00,0,IOMT-002,S-IOMT-002-870,RESEARCH,EP-IND-03861
NET-03862,2026-01-01 09:23:38+00:00,0,IOMT-040,S-IOMT-040-871,EHR_READ,EP-IND-03862
NET-03863,2026-01-01 09:23:52+00:00,0,IOMT-047,S-IOMT-047-872,IMAGING,EP-IND-03863
NET-03864,2026-01-01 09:23:59+00:00,0,IOMT-029,S-IOMT-029-873,RESEARCH,EP-IND-03864
NET-03865,2026-01-01 09:24:00+00:00,1,IOMT-040,S-IOMT-040-874,RESEARCH,EP-IND-03865
NET-03866,2026-01-01 09:24:19+00:00,0,IOMT-037,S-IOMT-037-875,IMAGING,EP-IND-03866
NET-03867,2026-01-01 09:24:39+00:00,0,IOMT-033,S-IOMT-033-876,EHR_READ,EP-IND-03867
NET-03868,2026-01-01 09:24:39+00:00,0,IOMT-007,S-IOMT-007-877,IMAGING,EP-IND-03868
NET-03869,2026-01-01 09:24:41+00:00,0,IOMT-028,S-IOMT-028-878,RESEARCH,EP-IND-03869
NET-03870,2026-01-01 09:24:43+00:00,0,IOMT-012,S-IOMT-012-879,LAB_RESULTS,EP-IND-03870
NET-03871,2026-01-01 09:25:02+00:00,0,IOMT-016,S-IOMT-016-880,LAB_RESULTS,EP-IND-03871
NET-03872,2026-01-01 09:25:04+00:00,0,IOMT-021,S-IOMT-021-881,RESEARCH,EP-IND-03872
NET-03873,2026-01-01 09:25:39+00:00,0,IOMT-029,S-IOMT-029-882,RESEARCH,EP-IND-03873
NET-03874,2026-01-01 09:25:40+00:00,0,IOMT-020,S-IOMT-020-883,EHR_WRITE,EP-IND-03874
NET-03875,2026-01-01 09:25:54+00:00,0,IOMT-003,S-IOMT-003-884,LAB_RESULTS,EP-IND-03875
NET-03876,2026-01-01 09:26:02+00:00,0,IOMT-008,S-IOMT-008-885,EHR_READ,EP-IND-03876
NET-03877,2026-01-01 09:26:05+00:00,0,IOMT-028,S-IOMT-028-886,LAB_RESULTS,EP-IND-03877
NET-03878,2026-01-01 09:26:08+00:00,0,IOMT-021,S-IOMT-021-887,EHR_WRITE,EP-IND-03878
NET-03879,2026-01-01 09:26:14+00:00,0,IOMT-019,S-IOMT-019-888,RESEARCH,EP-IND-03879
NET-03880,2026-01-01 09:26:41+00:00,0,IOMT-020,S-IOMT-020-889,EHR_WRITE,EP-IND-03880
NET-03881,2026-01-01 09:26:42+00:00,0,IOMT-005,S-IOMT-005-890,LAB_RESULTS,EP-IND-03881
NET-03882,2026-01-01 09:26:46+00:00,0,IOMT-046,S-IOMT-046-891,RESEARCH,EP-IND-03882
NET-03883,2026-01-01 09:26:55+00:00,0,IOMT-003,S-IOMT-003-892,EHR_READ,EP-IND-03883
NET-03884,2026-01-01 09:27:17+00:00,0,IOMT-024,S-IOMT-024-893,LAB_RESULTS,EP-IND-03884
NET-03885,2026-01-01 09:27:23+00:00,0,IOMT-011,S-IOMT-011-894,EHR_READ,EP-IND-03885
NET-03886,2026-01-01 09:27:40+00:00,0,IOMT-020,S-IOMT-020-895,EHR_WRITE,EP-IND-03886
NET-03887,2026-01-01 09:27:44+00:00,0,IOMT-006,S-IOMT-006-896,IMAGING,EP-IND-03887
NET-03888,2026-01-01 09:27:50+00:00,0,IOMT-000,S-IOMT-000-897,EHR_READ,EP-IND-03888
NET-03889,2026-01-01 09:28:03+00:00,1,IOMT-036,S-IOMT-036-898,EHR_READ,EP-IND-03889
NET-03890,2026-01-01 09:28:21+00:00,0,IOMT-048,S-IOMT-048-899,EHR_READ,EP-IND-03890
NET-03891,2026-01-01 09:28:28+00:00,0,IOMT-045,S-IOMT-045-900,LAB_RESULTS,EP-IND-03891
NET-03892,2026-01-01 09:28:28+00:00,0,IOMT-042,S-IOMT-042-901,LAB_RESULTS,EP-IND-03892
NET-03893,2026-01-01 09:28:31+00:00,0,IOMT-011,S-IOMT-011-902,EHR_WRITE,EP-IND-03893
NET-03894,2026-01-01 09:28:31+00:00,1,IOMT-021,S-IOMT-021-903,IMAGING,EP-IND-03894
NET-03895,2026-01-01 09:28:44+00:00,1,IOMT-024,S-IOMT-024-904,EHR_READ,EP-IND-03895
NET-03896,2026-01-01 09:28:45+00:00,0,IOMT-019,S-IOMT-019-905,LAB_RESULTS,EP-IND-03896
NET-03897,2026-01-01 09:28:53+00:00,0,IOMT-040,S-IOMT-040-906,RESEARCH,EP-IND-03897
NET-03898,2026-01-01 09:29:01+00:00,0,IOMT-049,S-IOMT-049-907,LAB_RESULTS,EP-IND-03898
NET-03899,2026-01-01 09:29:03+00:00,0,IOMT-030,S-IOMT-030-908,IMAGING,EP-IND-03899
NET-03900,2026-01-01 09:29:06+00:00,0,IOMT-016,S-IOMT-016-909,RESEARCH,EP-IND-03900
NET-03901,2026-01-01 09:29:25+00:00,0,IOMT-004,S-IOMT-004-910,RESEARCH,EP-IND-03901
NET-03902,2026-01-01 09:29:32+00:00,0,IOMT-022,S-IOMT-022-911,IMAGING,EP-IND-03902
NET-03903,2026-01-01 09:29:33+00:00,0,IOMT-015,S-IOMT-015-912,EHR_WRITE,EP-IND-03903
NET-03904,2026-01-01 09:29:40+00:00,0,IOMT-026,S-IOMT-026-913,RESEARCH,EP-IND-03904
NET-03905,2026-01-01 09:29:40+00:00,0,IOMT-026,S-IOMT-026-914,EHR_READ,EP-IND-03905
NET-03906,2026-01-01 09:30:04+00:00,0,IOMT-025,S-IOMT-025-915,EHR_WRITE,EP-IND-03906
NET-03907,2026-01-01 09:30:10+00:00,0,IOMT-028,S-IOMT-028-916,EHR_WRITE,EP-IND-03907
NET-03908,2026-01-01 09:30:18+00:00,0,IOMT-011,S-IOMT-011-917,IMAGING,EP-IND-03908
NET-03909,2026-01-01 09:30:24+00:00,0,IOMT-003,S-IOMT-003-918,IMAGING,EP-IND-03909
NET-03910,2026-01-01 09:30:40+00:00,0,IOMT-041,S-IOMT-041-919,EHR_WRITE,EP-IND-03910
NET-03911,2026-01-01 09:30:55+00:00,0,IOMT-046,S-IOMT-046-920,EHR_WRITE,EP-IND-03911
NET-03912,2026-01-01 09:31:35+00:00,1,IOMT-036,S-IOMT-036-921,EHR_READ,EP-IND-03912
NET-03913,2026-01-01 09:31:47+00:00,0,IOMT-014,S-IOMT-014-922,EHR_WRITE,EP-IND-03913
NET-03914,2026-01-01 09:32:06+00:00,0,IOMT-013,S-IOMT-013-923,IMAGING,EP-IND-03914
NET-03915,2026-01-01 09:32:07+00:00,0,IOMT-038,S-IOMT-038-924,IMAGING,EP-IND-03915
NET-03916,2026-01-01 09:32:18+00:00,0,IOMT-010,S-IOMT-010-925,LAB_RESULTS,EP-IND-03916
NET-03917,2026-01-01 09:32:18+00:00,0,IOMT-036,S-IOMT-036-926,EHR_READ,EP-IND-03917
NET-03918,2026-01-01 09:32:37+00:00,0,IOMT-031,S-IOMT-031-927,IMAGING,EP-IND-03918
NET-03919,2026-01-01 09:32:48+00:00,0,IOMT-048,S-IOMT-048-928,EHR_READ,EP-IND-03919
NET-03920,2026-01-01 09:33:06+00:00,0,IOMT-040,S-IOMT-040-929,IMAGING,EP-IND-03920
NET-03921,2026-01-01 09:33:20+00:00,0,IOMT-003,S-IOMT-003-930,EHR_WRITE,EP-IND-03921
NET-03922,2026-01-01 09:33:22+00:00,0,IOMT-010,S-IOMT-010-931,LAB_RESULTS,EP-IND-03922
NET-03923,2026-01-01 09:33:38+00:00,0,IOMT-029,S-IOMT-029-932,EHR_READ,EP-IND-03923
NET-03924,2026-01-01 09:33:41+00:00,0,IOMT-003,S-IOMT-003-933,RESEARCH,EP-IND-03924
NET-03925,2026-01-01 09:33:49+00:00,0,IOMT-040,S-IOMT-040-934,LAB_RESULTS,EP-IND-03925
NET-03926,2026-01-01 09:34:00+00:00,0,IOMT-020,S-IOMT-020-935,EHR_READ,EP-IND-03926
NET-03927,2026-01-01 09:34:02+00:00,0,IOMT-036,S-IOMT-036-936,EHR_WRITE,EP-IND-03927
NET-03928,2026-01-01 09:34:43+00:00,0,IOMT-030,S-IOMT-030-937,IMAGING,EP-IND-03928
NET-03929,2026-01-01 09:34:45+00:00,0,IOMT-015,S-IOMT-015-938,EHR_READ,EP-IND-03929
NET-03930,2026-01-01 09:34:53+00:00,0,IOMT-038,S-IOMT-038-939,RESEARCH,EP-IND-03930
NET-03931,2026-01-01 09:35:04+00:00,0,IOMT-039,S-IOMT-039-940,LAB_RESULTS,EP-IND-03931
NET-03932,2026-01-01 09:35:15+00:00,0,IOMT-024,S-IOMT-024-941,RESEARCH,EP-IND-03932
NET-03933,2026-01-01 09:35:36+00:00,0,IOMT-020,S-IOMT-020-942,EHR_WRITE,EP-IND-03933
NET-03934,2026-01-01 09:36:08+00:00,0,IOMT-035,S-IOMT-035-943,EHR_WRITE,EP-IND-03934
NET-03935,2026-01-01 09:36:14+00:00,0,IOMT-032,S-IOMT-032-944,IMAGING,EP-IND-03935
NET-03936,2026-01-01 09:36:14+00:00,0,IOMT-031,S-IOMT-031-945,IMAGING,EP-IND-03936
NET-03937,2026-01-01 09:36:37+00:00,0,IOMT-023,S-IOMT-023-946,IMAGING,EP-IND-03937
NET-03938,2026-01-01 09:36:46+00:00,0,IOMT-006,S-IOMT-006-947,EHR_READ,EP-IND-03938
NET-03939,2026-01-01 09:36:51+00:00,0,IOMT-036,S-IOMT-036-948,IMAGING,EP-IND-03939
NET-03940,2026-01-01 09:36:51+00:00,0,IOMT-025,S-IOMT-025-949,LAB_RESULTS,EP-IND-03940
NET-03941,2026-01-01 09:36:52+00:00,0,IOMT-032,S-IOMT-032-950,IMAGING,EP-IND-03941
NET-03942,2026-01-01 09:36:55+00:00,0,IOMT-016,S-IOMT-016-951,RESEARCH,EP-IND-03942
NET-03943,2026-01-01 09:36:57+00:00,0,IOMT-005,S-IOMT-005-952,IMAGING,EP-IND-03943
NET-03944,2026-01-01 09:37:09+00:00,0,IOMT-023,S-IOMT-023-953,IMAGING,EP-IND-03944
NET-03945,2026-01-01 09:37:11+00:00,0,IOMT-017,S-IOMT-017-954,LAB_RESULTS,EP-IND-03945
NET-03946,2026-01-01 09:37:11+00:00,0,IOMT-000,S-IOMT-000-955,EHR_READ,EP-IND-03946
NET-03947,2026-01-01 09:37:17+00:00,0,IOMT-002,S-IOMT-002-956,RESEARCH,EP-IND-03947
NET-03948,2026-01-01 09:37:19+00:00,0,IOMT-046,S-IOMT-046-957,RESEARCH,EP-IND-03948
NET-03949,2026-01-01 09:37:27+00:00,0,IOMT-029,S-IOMT-029-958,IMAGING,EP-IND-03949
NET-03950,2026-01-01 09:37:28+00:00,0,IOMT-033,S-IOMT-033-959,EHR_WRITE,EP-IND-03950
NET-03951,2026-01-01 09:37:44+00:00,0,IOMT-039,S-IOMT-039-960,RESEARCH,EP-IND-03951
NET-03952,2026-01-01 09:38:08+00:00,0,IOMT-000,S-IOMT-000-961,EHR_WRITE,EP-IND-03952
NET-03953,2026-01-01 09:38:21+00:00,0,IOMT-047,S-IOMT-047-962,LAB_RESULTS,EP-IND-03953
NET-03954,2026-01-01 09:38:27+00:00,0,IOMT-009,S-IOMT-009-963,IMAGING,EP-IND-03954
NET-03955,2026-01-01 09:38:28+00:00,0,IOMT-032,S-IOMT-032-964,IMAGING,EP-IND-03955
NET-03956,2026-01-01 09:38:31+00:00,0,IOMT-030,S-IOMT-030-965,RESEARCH,EP-IND-03956
NET-03957,2026-01-01 09:38:43+00:00,0,IOMT-022,S-IOMT-022-966,RESEARCH,EP-IND-03957
NET-03958,2026-01-01 09:38:44+00:00,0,IOMT-018,S-IOMT-018-967,IMAGING,EP-IND-03958
NET-03959,2026-01-01 09:38:44+00:00,0,IOMT-036,S-IOMT-036-968,EHR_READ,EP-IND-03959
NET-03960,2026-01-01 09:38:52+00:00,0,IOMT-037,S-IOMT-037-969,EHR_READ,EP-IND-03960
NET-03961,2026-01-01 09:38:55+00:00,0,IOMT-008,S-IOMT-008-970,EHR_READ,EP-IND-03961
NET-03962,2026-01-01 09:38:59+00:00,0,IOMT-039,S-IOMT-039-971,RESEARCH,EP-IND-03962
NET-03963,2026-01-01 09:39:12+00:00,0,IOMT-029,S-IOMT-029-972,RESEARCH,EP-IND-03963
NET-03964,2026-01-01 09:39:16+00:00,0,IOMT-005,S-IOMT-005-973,EHR_READ,EP-IND-03964
NET-03965,2026-01-01 09:39:18+00:00,0,IOMT-002,S-IOMT-002-974,LAB_RESULTS,EP-IND-03965
NET-03966,2026-01-01 09:39:20+00:00,0,IOMT-043,S-IOMT-043-975,EHR_READ,EP-IND-03966
NET-03967,2026-01-01 09:39:24+00:00,0,IOMT-029,S-IOMT-029-976,EHR_READ,EP-IND-03967
NET-03968,2026-01-01 09:39:29+00:00,0,IOMT-008,S-IOMT-008-977,EHR_WRITE,EP-IND-03968
NET-03969,2026-01-01 09:39:33+00:00,0,IOMT-038,S-IOMT-038-978,RESEARCH,EP-IND-03969
NET-03970,2026-01-01 09:39:36+00:00,0,IOMT-047,S-IOMT-047-979,EHR_READ,EP-IND-03970
NET-03971,2026-01-01 09:39:42+00:00,0,IOMT-025,S-IOMT-025-980,EHR_WRITE,EP-IND-03971
NET-03972,2026-01-01 09:39:43+00:00,0,IOMT-040,S-IOMT-040-981,EHR_WRITE,EP-IND-03972
NET-03973,2026-01-01 09:39:45+00:00,0,IOMT-001,S-IOMT-001-982,RESEARCH,EP-IND-03973
NET-03974,2026-01-01 09:39:47+00:00,0,IOMT-041,S-IOMT-041-983,LAB_RESULTS,EP-IND-03974
NET-03975,2026-01-01 09:40:04+00:00,0,IOMT-017,S-IOMT-017-984,LAB_RESULTS,EP-IND-03975
NET-03976,2026-01-01 09:40:06+00:00,0,IOMT-039,S-IOMT-039-985,LAB_RESULTS,EP-IND-03976
NET-03977,2026-01-01 09:40:10+00:00,0,IOMT-023,S-IOMT-023-986,EHR_WRITE,EP-IND-03977
NET-03978,2026-01-01 09:40:12+00:00,0,IOMT-017,S-IOMT-017-987,LAB_RESULTS,EP-IND-03978
NET-03979,2026-01-01 09:40:20+00:00,0,IOMT-003,S-IOMT-003-988,EHR_WRITE,EP-IND-03979
NET-03980,2026-01-01 09:40:21+00:00,0,IOMT-021,S-IOMT-021-989,EHR_WRITE,EP-IND-03980
NET-03981,2026-01-01 09:40:22+00:00,1,IOMT-030,S-IOMT-030-990,RESEARCH,EP-IND-03981
NET-03982,2026-01-01 09:40:28+00:00,0,IOMT-039,S-IOMT-039-991,EHR_READ,EP-IND-03982
NET-03983,2026-01-01 09:40:30+00:00,0,IOMT-031,S-IOMT-031-992,EHR_READ,EP-IND-03983
NET-03984,2026-01-01 09:40:31+00:00,0,IOMT-017,S-IOMT-017-993,RESEARCH,EP-IND-03984
NET-03985,2026-01-01 09:40:35+00:00,0,IOMT-006,S-IOMT-006-994,EHR_WRITE,EP-IND-03985
NET-03986,2026-01-01 09:40:35+00:00,0,IOMT-000,S-IOMT-000-995,RESEARCH,EP-IND-03986
NET-03987,2026-01-01 09:40:36+00:00,0,IOMT-001,S-IOMT-001-996,RESEARCH,EP-IND-03987
NET-03988,2026-01-01 09:40:43+00:00,0,IOMT-036,S-IOMT-036-0,IMAGING,EP-IND-03988
NET-03989,2026-01-01 09:41:06+00:00,0,IOMT-025,S-IOMT-025-1,LAB_RESULTS,EP-IND-03989
NET-03990,2026-01-01 09:41:08+00:00,0,IOMT-049,S-IOMT-049-2,RESEARCH,EP-IND-03990
NET-03991,2026-01-01 09:41:11+00:00,0,IOMT-001,S-IOMT-001-3,IMAGING,EP-IND-03991
NET-03992,2026-01-01 09:41:11+00:00,0,IOMT-041,S-IOMT-041-4,RESEARCH,EP-IND-03992
NET-03993,2026-01-01 09:41:32+00:00,0,IOMT-023,S-IOMT-023-5,IMAGING,EP-IND-03993
NET-03994,2026-01-01 09:41:37+00:00,0,IOMT-035,S-IOMT-035-6,EHR_WRITE,EP-IND-03994
NET-03995,2026-01-01 09:41:55+00:00,0,IOMT-036,S-IOMT-036-7,LAB_RESULTS,EP-IND-03995
NET-03996,2026-01-01 09:42:15+00:00,0,IOMT-024,S-IOMT-024-8,RESEARCH,EP-IND-03996
NET-03997,2026-01-01 09:42:39+00:00,0,IOMT-035,S-IOMT-035-9,EHR_WRITE,EP-IND-03997
NET-03998,2026-01-01 09:42:49+00:00,0,IOMT-014,S-IOMT-014-10,LAB_RESULTS,EP-IND-03998
NET-03999,2026-01-01 09:42:53+00:00,1,IOMT-021,S-IOMT-021-11,RESEARCH,EP-IND-03999
NET-04000,2026-01-01 09:42:57+00:00,0,IOMT-016,S-IOMT-016-12,EHR_WRITE,EP-IND-04000
NET-04001,2026-01-01 09:43:00+00:00,0,IOMT-049,S-IOMT-049-13,EHR_WRITE,EP-IND-04001
NET-04002,2026-01-01 09:43:01+00:00,0,IOMT-041,S-IOMT-041-14,LAB_RESULTS,EP-IND-04002
NET-04003,2026-01-01 09:43:03+00:00,0,IOMT-027,S-IOMT-027-15,RESEARCH,EP-IND-04003
NET-04004,2026-01-01 09:43:08+00:00,0,IOMT-029,S-IOMT-029-16,EHR_READ,EP-IND-04004
NET-04005,2026-01-01 09:43:10+00:00,0,IOMT-019,S-IOMT-019-17,RESEARCH,EP-IND-04005
NET-04006,2026-01-01 09:43:15+00:00,0,IOMT-018,S-IOMT-018-18,EHR_READ,EP-IND-04006
NET-04007,2026-01-01 09:43:37+00:00,0,IOMT-020,S-IOMT-020-19,LAB_RESULTS,EP-IND-04007
NET-04008,2026-01-01 09:43:38+00:00,0,IOMT-018,S-IOMT-018-20,LAB_RESULTS,EP-IND-04008
NET-04009,2026-01-01 09:43:39+00:00,0,IOMT-022,S-IOMT-022-21,RESEARCH,EP-IND-04009
NET-04010,2026-01-01 09:43:47+00:00,0,IOMT-041,S-IOMT-041-22,IMAGING,EP-IND-04010
NET-04011,2026-01-01 09:43:49+00:00,0,IOMT-022,S-IOMT-022-23,EHR_WRITE,EP-IND-04011
NET-04012,2026-01-01 09:43:53+00:00,0,IOMT-001,S-IOMT-001-24,IMAGING,EP-IND-04012
NET-04013,2026-01-01 09:44:08+00:00,1,IOMT-018,S-IOMT-018-25,RESEARCH,EP-IND-04013
NET-04014,2026-01-01 09:44:09+00:00,0,IOMT-014,S-IOMT-014-26,IMAGING,EP-IND-04014
NET-04015,2026-01-01 09:44:12+00:00,0,IOMT-039,S-IOMT-039-27,LAB_RESULTS,EP-IND-04015
NET-04016,2026-01-01 09:44:13+00:00,0,IOMT-004,S-IOMT-004-28,EHR_WRITE,EP-IND-04016
NET-04017,2026-01-01 09:44:15+00:00,0,IOMT-008,S-IOMT-008-29,RESEARCH,EP-IND-04017
NET-04018,2026-01-01 09:44:16+00:00,0,IOMT-018,S-IOMT-018-30,RESEARCH,EP-IND-04018
NET-04019,2026-01-01 09:45:12+00:00,0,IOMT-045,S-IOMT-045-31,EHR_READ,EP-IND-04019
NET-04020,2026-01-01 09:45:22+00:00,0,IOMT-020,S-IOMT-020-32,EHR_READ,EP-IND-04020
NET-04021,2026-01-01 09:45:45+00:00,0,IOMT-015,S-IOMT-015-33,EHR_READ,EP-IND-04021
NET-04022,2026-01-01 09:46:01+00:00,0,IOMT-038,S-IOMT-038-34,RESEARCH,EP-IND-04022
NET-04023,2026-01-01 09:46:06+00:00,0,IOMT-013,S-IOMT-013-35,RESEARCH,EP-IND-04023
NET-04024,2026-01-01 09:46:09+00:00,0,IOMT-049,S-IOMT-049-36,LAB_RESULTS,EP-IND-04024
NET-04025,2026-01-01 09:46:26+00:00,0,IOMT-020,S-IOMT-020-37,LAB_RESULTS,EP-IND-04025
NET-04026,2026-01-01 09:46:27+00:00,0,IOMT-035,S-IOMT-035-38,EHR_READ,EP-IND-04026
NET-04027,2026-01-01 09:46:42+00:00,0,IOMT-026,S-IOMT-026-39,IMAGING,EP-IND-04027
NET-04028,2026-01-01 09:47:09+00:00,0,IOMT-003,S-IOMT-003-40,RESEARCH,EP-IND-04028
NET-04029,2026-01-01 09:47:09+00:00,0,IOMT-035,S-IOMT-035-41,IMAGING,EP-IND-04029
NET-04030,2026-01-01 09:47:15+00:00,0,IOMT-020,S-IOMT-020-42,IMAGING,EP-IND-04030
NET-04031,2026-01-01 09:47:41+00:00,0,IOMT-034,S-IOMT-034-43,LAB_RESULTS,EP-IND-04031
NET-04032,2026-01-01 09:47:44+00:00,0,IOMT-040,S-IOMT-040-44,LAB_RESULTS,EP-IND-04032
NET-04033,2026-01-01 09:47:56+00:00,0,IOMT-041,S-IOMT-041-45,EHR_READ,EP-IND-04033
NET-04034,2026-01-01 09:48:02+00:00,1,IOMT-002,S-IOMT-002-46,EHR_READ,EP-IND-04034
NET-04035,2026-01-01 09:48:06+00:00,0,IOMT-025,S-IOMT-025-47,IMAGING,EP-IND-04035
NET-04036,2026-01-01 09:48:11+00:00,0,IOMT-022,S-IOMT-022-48,RESEARCH,EP-IND-04036
NET-04037,2026-01-01 09:48:27+00:00,0,IOMT-022,S-IOMT-022-49,RESEARCH,EP-IND-04037
NET-04038,2026-01-01 09:48:30+00:00,0,IOMT-008,S-IOMT-008-50,IMAGING,EP-IND-04038
NET-04039,2026-01-01 09:48:33+00:00,0,IOMT-005,S-IOMT-005-51,IMAGING,EP-IND-04039
NET-04040,2026-01-01 09:48:35+00:00,0,IOMT-029,S-IOMT-029-52,LAB_RESULTS,EP-IND-04040
NET-04041,2026-01-01 09:48:36+00:00,0,IOMT-019,S-IOMT-019-53,IMAGING,EP-IND-04041
NET-04042,2026-01-01 09:48:37+00:00,0,IOMT-002,S-IOMT-002-54,RESEARCH,EP-IND-04042
NET-04043,2026-01-01 09:48:40+00:00,0,IOMT-021,S-IOMT-021-55,LAB_RESULTS,EP-IND-04043
NET-04044,2026-01-01 09:48:51+00:00,0,IOMT-008,S-IOMT-008-56,EHR_WRITE,EP-IND-04044
NET-04045,2026-01-01 09:48:57+00:00,0,IOMT-012,S-IOMT-012-57,EHR_WRITE,EP-IND-04045
NET-04046,2026-01-01 09:49:18+00:00,0,IOMT-040,S-IOMT-040-58,EHR_WRITE,EP-IND-04046
NET-04047,2026-01-01 09:49:20+00:00,0,IOMT-045,S-IOMT-045-59,EHR_READ,EP-IND-04047
NET-04048,2026-01-01 09:49:49+00:00,0,IOMT-049,S-IOMT-049-60,EHR_WRITE,EP-IND-04048
NET-04049,2026-01-01 09:49:53+00:00,0,IOMT-016,S-IOMT-016-61,IMAGING,EP-IND-04049
NET-04050,2026-01-01 09:49:56+00:00,0,IOMT-002,S-IOMT-002-62,EHR_READ,EP-IND-04050
NET-04051,2026-01-01 09:49:58+00:00,0,IOMT-015,S-IOMT-015-63,EHR_WRITE,EP-IND-04051
NET-04052,2026-01-01 09:50:14+00:00,0,IOMT-044,S-IOMT-044-64,RESEARCH,EP-IND-04052
NET-04053,2026-01-01 09:50:14+00:00,0,IOMT-017,S-IOMT-017-65,IMAGING,EP-IND-04053
NET-04054,2026-01-01 09:50:29+00:00,0,IOMT-025,S-IOMT-025-66,IMAGING,EP-IND-04054
NET-04055,2026-01-01 09:50:30+00:00,0,IOMT-033,S-IOMT-033-67,RESEARCH,EP-IND-04055
NET-04056,2026-01-01 09:50:32+00:00,0,IOMT-046,S-IOMT-046-68,EHR_WRITE,EP-IND-04056
NET-04057,2026-01-01 09:50:35+00:00,0,IOMT-015,S-IOMT-015-69,EHR_WRITE,EP-IND-04057
NET-04058,2026-01-01 09:50:42+00:00,0,IOMT-026,S-IOMT-026-70,LAB_RESULTS,EP-IND-04058
NET-04059,2026-01-01 09:50:43+00:00,0,IOMT-035,S-IOMT-035-71,LAB_RESULTS,EP-IND-04059
NET-04060,2026-01-01 09:50:53+00:00,0,IOMT-026,S-IOMT-026-72,LAB_RESULTS,EP-IND-04060
NET-04061,2026-01-01 09:50:58+00:00,0,IOMT-029,S-IOMT-029-73,EHR_WRITE,EP-IND-04061
NET-04062,2026-01-01 09:51:05+00:00,0,IOMT-012,S-IOMT-012-74,RESEARCH,EP-IND-04062
NET-04063,2026-01-01 09:51:06+00:00,0,IOMT-002,S-IOMT-002-75,LAB_RESULTS,EP-IND-04063
NET-04064,2026-01-01 09:51:39+00:00,0,IOMT-024,S-IOMT-024-76,RESEARCH,EP-IND-04064
NET-04065,2026-01-01 09:51:41+00:00,0,IOMT-026,S-IOMT-026-77,LAB_RESULTS,EP-IND-04065
NET-04066,2026-01-01 09:51:53+00:00,0,IOMT-014,S-IOMT-014-78,IMAGING,EP-IND-04066
NET-04067,2026-01-01 09:52:01+00:00,1,IOMT-000,S-IOMT-000-79,EHR_READ,EP-IND-04067
NET-04068,2026-01-01 09:52:02+00:00,0,IOMT-016,S-IOMT-016-80,IMAGING,EP-IND-04068
NET-04069,2026-01-01 09:52:16+00:00,0,IOMT-026,S-IOMT-026-81,EHR_WRITE,EP-IND-04069
NET-04070,2026-01-01 09:53:15+00:00,0,IOMT-034,S-IOMT-034-82,LAB_RESULTS,EP-IND-04070
NET-04071,2026-01-01 09:53:32+00:00,0,IOMT-014,S-IOMT-014-83,IMAGING,EP-IND-04071
NET-04072,2026-01-01 09:54:01+00:00,0,IOMT-008,S-IOMT-008-84,RESEARCH,EP-IND-04072
NET-04073,2026-01-01 09:54:06+00:00,0,IOMT-001,S-IOMT-001-85,RESEARCH,EP-IND-04073
NET-04074,2026-01-01 09:54:27+00:00,0,IOMT-016,S-IOMT-016-86,EHR_READ,EP-IND-04074
NET-04075,2026-01-01 09:54:32+00:00,0,IOMT-004,S-IOMT-004-87,IMAGING,EP-IND-04075
NET-04076,2026-01-01 09:54:36+00:00,0,IOMT-008,S-IOMT-008-88,RESEARCH,EP-IND-04076
NET-04077,2026-01-01 09:54:36+00:00,0,IOMT-034,S-IOMT-034-89,IMAGING,EP-IND-04077
NET-04078,2026-01-01 09:54:38+00:00,0,IOMT-001,S-IOMT-001-90,EHR_WRITE,EP-IND-04078
NET-04079,2026-01-01 09:54:46+00:00,0,IOMT-017,S-IOMT-017-91,EHR_READ,EP-IND-04079
NET-04080,2026-01-01 09:55:33+00:00,0,IOMT-000,S-IOMT-000-92,LAB_RESULTS,EP-IND-04080
NET-04081,2026-01-01 09:56:18+00:00,0,IOMT-030,S-IOMT-030-93,RESEARCH,EP-IND-04081
NET-04082,2026-01-01 09:56:26+00:00,0,IOMT-036,S-IOMT-036-94,IMAGING,EP-IND-04082
NET-04083,2026-01-01 09:56:39+00:00,0,IOMT-047,S-IOMT-047-95,LAB_RESULTS,EP-IND-04083
NET-04084,2026-01-01 09:57:00+00:00,0,IOMT-010,S-IOMT-010-96,EHR_WRITE,EP-IND-04084
NET-04085,2026-01-01 09:57:05+00:00,0,IOMT-027,S-IOMT-027-97,RESEARCH,EP-IND-04085
NET-04086,2026-01-01 09:57:08+00:00,0,IOMT-002,S-IOMT-002-98,EHR_WRITE,EP-IND-04086
NET-04087,2026-01-01 09:57:20+00:00,0,IOMT-036,S-IOMT-036-99,EHR_READ,EP-IND-04087
NET-04088,2026-01-01 09:57:29+00:00,0,IOMT-036,S-IOMT-036-100,EHR_WRITE,EP-IND-04088
NET-04089,2026-01-01 09:57:29+00:00,0,IOMT-002,S-IOMT-002-101,LAB_RESULTS,EP-IND-04089
NET-04090,2026-01-01 09:57:31+00:00,0,IOMT-021,S-IOMT-021-102,EHR_READ,EP-IND-04090
NET-04091,2026-01-01 09:57:40+00:00,0,IOMT-008,S-IOMT-008-103,EHR_WRITE,EP-IND-04091
NET-04092,2026-01-01 09:58:01+00:00,1,IOMT-001,S-IOMT-001-104,LAB_RESULTS,EP-IND-04092
NET-04093,2026-01-01 09:58:04+00:00,0,IOMT-040,S-IOMT-040-105,RESEARCH,EP-IND-04093
NET-04094,2026-01-01 09:58:15+00:00,0,IOMT-035,S-IOMT-035-106,EHR_WRITE,EP-IND-04094
NET-04095,2026-01-01 09:58:17+00:00,0,IOMT-002,S-IOMT-002-107,LAB_RESULTS,EP-IND-04095
NET-04096,2026-01-01 09:58:21+00:00,0,IOMT-021,S-IOMT-021-108,EHR_READ,EP-IND-04096
NET-04097,2026-01-01 09:58:25+00:00,0,IOMT-019,S-IOMT-019-109,EHR_WRITE,EP-IND-04097
NET-04098,2026-01-01 09:58:26+00:00,0,IOMT-012,S-IOMT-012-110,RESEARCH,EP-IND-04098
NET-04099,2026-01-01 09:58:33+00:00,0,IOMT-001,S-IOMT-001-111,EHR_READ,EP-IND-04099
NET-04100,2026-01-01 09:58:43+00:00,0,IOMT-001,S-IOMT-001-112,IMAGING,EP-IND-04100
NET-04101,2026-01-01 09:58:43+00:00,0,IOMT-011,S-IOMT-011-113,EHR_WRITE,EP-IND-04101
NET-04102,2026-01-01 09:58:49+00:00,1,IOMT-002,S-IOMT-002-114,EHR_READ,EP-IND-04102
NET-04103,2026-01-01 09:58:51+00:00,0,IOMT-009,S-IOMT-009-115,IMAGING,EP-IND-04103
NET-04104,2026-01-01 09:58:53+00:00,0,IOMT-036,S-IOMT-036-116,RESEARCH,EP-IND-04104
NET-04105,2026-01-01 09:59:08+00:00,0,IOMT-010,S-IOMT-010-117,EHR_WRITE,EP-IND-04105
NET-04106,2026-01-01 09:59:20+00:00,0,IOMT-006,S-IOMT-006-118,EHR_WRITE,EP-IND-04106
NET-04107,2026-01-01 09:59:40+00:00,0,IOMT-041,S-IOMT-041-119,LAB_RESULTS,EP-IND-04107
NET-04108,2026-01-01 09:59:50+00:00,0,IOMT-001,S-IOMT-001-120,LAB_RESULTS,EP-IND-04108
NET-04109,2026-01-01 10:00:00+00:00,0,IOMT-008,S-IOMT-008-121,EHR_WRITE,EP-IND-04109
NET-04110,2026-01-01 10:00:03+00:00,0,IOMT-029,S-IOMT-029-122,EHR_WRITE,EP-IND-04110
NET-04111,2026-01-01 10:00:06+00:00,0,IOMT-021,S-IOMT-021-123,EHR_WRITE,EP-IND-04111
NET-04112,2026-01-01 10:00:06+00:00,0,IOMT-004,S-IOMT-004-124,EHR_READ,EP-IND-04112
NET-04113,2026-01-01 10:00:06+00:00,0,IOMT-013,S-IOMT-013-125,RESEARCH,EP-IND-04113
NET-04114,2026-01-01 10:00:14+00:00,0,IOMT-046,S-IOMT-046-126,EHR_READ,EP-IND-04114
NET-04115,2026-01-01 10:00:38+00:00,0,IOMT-038,S-IOMT-038-127,EHR_READ,EP-IND-04115
NET-04116,2026-01-01 10:00:40+00:00,0,IOMT-004,S-IOMT-004-128,RESEARCH,EP-IND-04116
NET-04117,2026-01-01 10:01:05+00:00,0,IOMT-000,S-IOMT-000-129,LAB_RESULTS,EP-IND-04117
NET-04118,2026-01-01 10:01:07+00:00,0,IOMT-035,S-IOMT-035-130,EHR_WRITE,EP-IND-04118
NET-04119,2026-01-01 10:01:12+00:00,0,IOMT-011,S-IOMT-011-131,RESEARCH,EP-IND-04119
NET-04120,2026-01-01 10:01:21+00:00,0,IOMT-008,S-IOMT-008-132,IMAGING,EP-IND-04120
NET-04121,2026-01-01 10:01:28+00:00,1,IOMT-023,S-IOMT-023-133,RESEARCH,EP-IND-04121
NET-04122,2026-01-01 10:01:50+00:00,0,IOMT-039,S-IOMT-039-134,EHR_WRITE,EP-IND-04122
NET-04123,2026-01-01 10:01:56+00:00,0,IOMT-029,S-IOMT-029-135,EHR_WRITE,EP-IND-04123
NET-04124,2026-01-01 10:02:04+00:00,0,IOMT-045,S-IOMT-045-136,IMAGING,EP-IND-04124
NET-04125,2026-01-01 10:02:07+00:00,0,IOMT-044,S-IOMT-044-137,IMAGING,EP-IND-04125
NET-04126,2026-01-01 10:02:11+00:00,0,IOMT-011,S-IOMT-011-138,IMAGING,EP-IND-04126
NET-04127,2026-01-01 10:02:12+00:00,0,IOMT-012,S-IOMT-012-139,EHR_WRITE,EP-IND-04127
NET-04128,2026-01-01 10:02:14+00:00,0,IOMT-025,S-IOMT-025-140,RESEARCH,EP-IND-04128
NET-04129,2026-01-01 10:02:44+00:00,0,IOMT-001,S-IOMT-001-141,IMAGING,EP-IND-04129
NET-04130,2026-01-01 10:03:09+00:00,0,IOMT-012,S-IOMT-012-142,EHR_READ,EP-IND-04130
NET-04131,2026-01-01 10:03:13+00:00,0,IOMT-046,S-IOMT-046-143,RESEARCH,EP-IND-04131
NET-04132,2026-01-01 10:03:19+00:00,0,IOMT-000,S-IOMT-000-144,LAB_RESULTS,EP-IND-04132
NET-04133,2026-01-01 10:03:23+00:00,0,IOMT-000,S-IOMT-000-145,IMAGING,EP-IND-04133
NET-04134,2026-01-01 10:03:31+00:00,0,IOMT-048,S-IOMT-048-146,LAB_RESULTS,EP-IND-04134
NET-04135,2026-01-01 10:03:33+00:00,1,IOMT-013,S-IOMT-013-147,IMAGING,EP-IND-04135
NET-04136,2026-01-01 10:03:38+00:00,0,IOMT-007,S-IOMT-007-148,EHR_WRITE,EP-IND-04136
NET-04137,2026-01-01 10:03:38+00:00,0,IOMT-030,S-IOMT-030-149,LAB_RESULTS,EP-IND-04137
NET-04138,2026-01-01 10:03:44+00:00,0,IOMT-029,S-IOMT-029-150,EHR_WRITE,EP-IND-04138
NET-04139,2026-01-01 10:03:48+00:00,0,IOMT-044,S-IOMT-044-151,EHR_READ,EP-IND-04139
NET-04140,2026-01-01 10:03:55+00:00,0,IOMT-032,S-IOMT-032-152,EHR_READ,EP-IND-04140
NET-04141,2026-01-01 10:04:05+00:00,0,IOMT-038,S-IOMT-038-153,RESEARCH,EP-IND-04141
NET-04142,2026-01-01 10:04:06+00:00,0,IOMT-049,S-IOMT-049-154,IMAGING,EP-IND-04142
NET-04143,2026-01-01 10:04:14+00:00,0,IOMT-018,S-IOMT-018-155,RESEARCH,EP-IND-04143
NET-04144,2026-01-01 10:04:14+00:00,0,IOMT-045,S-IOMT-045-156,RESEARCH,EP-IND-04144
NET-04145,2026-01-01 10:04:29+00:00,0,IOMT-001,S-IOMT-001-157,EHR_WRITE,EP-IND-04145
NET-04146,2026-01-01 10:04:34+00:00,0,IOMT-012,S-IOMT-012-158,IMAGING,EP-IND-04146
NET-04147,2026-01-01 10:04:36+00:00,0,IOMT-026,S-IOMT-026-159,EHR_READ,EP-IND-04147
NET-04148,2026-01-01 10:04:39+00:00,0,IOMT-043,S-IOMT-043-160,IMAGING,EP-IND-04148
NET-04149,2026-01-01 10:04:44+00:00,0,IOMT-003,S-IOMT-003-161,EHR_WRITE,EP-IND-04149
NET-04150,2026-01-01 10:05:10+00:00,0,IOMT-031,S-IOMT-031-162,IMAGING,EP-IND-04150
NET-04151,2026-01-01 10:05:11+00:00,0,IOMT-001,S-IOMT-001-163,EHR_READ,EP-IND-04151
NET-04152,2026-01-01 10:05:22+00:00,0,IOMT-018,S-IOMT-018-164,RESEARCH,EP-IND-04152
NET-04153,2026-01-01 10:05:28+00:00,0,IOMT-011,S-IOMT-011-165,EHR_READ,EP-IND-04153
NET-04154,2026-01-01 10:05:44+00:00,0,IOMT-001,S-IOMT-001-166,EHR_READ,EP-IND-04154
NET-04155,2026-01-01 10:05:59+00:00,0,IOMT-047,S-IOMT-047-167,LAB_RESULTS,EP-IND-04155
NET-04156,2026-01-01 10:06:09+00:00,0,IOMT-037,S-IOMT-037-168,LAB_RESULTS,EP-IND-04156
NET-04157,2026-01-01 10:06:15+00:00,0,IOMT-034,S-IOMT-034-169,IMAGING,EP-IND-04157
NET-04158,2026-01-01 10:06:22+00:00,0,IOMT-035,S-IOMT-035-170,EHR_WRITE,EP-IND-04158
NET-04159,2026-01-01 10:06:29+00:00,0,IOMT-026,S-IOMT-026-171,LAB_RESULTS,EP-IND-04159
NET-04160,2026-01-01 10:06:32+00:00,0,IOMT-046,S-IOMT-046-172,IMAGING,EP-IND-04160
NET-04161,2026-01-01 10:07:33+00:00,0,IOMT-011,S-IOMT-011-173,RESEARCH,EP-IND-04161
NET-04162,2026-01-01 10:07:34+00:00,1,IOMT-022,S-IOMT-022-174,LAB_RESULTS,EP-IND-04162
NET-04163,2026-01-01 10:07:35+00:00,0,IOMT-027,S-IOMT-027-175,EHR_READ,EP-IND-04163
NET-04164,2026-01-01 10:07:45+00:00,0,IOMT-029,S-IOMT-029-176,IMAGING,EP-IND-04164
NET-04165,2026-01-01 10:07:49+00:00,0,IOMT-015,S-IOMT-015-177,IMAGING,EP-IND-04165
NET-04166,2026-01-01 10:07:51+00:00,0,IOMT-032,S-IOMT-032-178,EHR_READ,EP-IND-04166
NET-04167,2026-01-01 10:07:52+00:00,0,IOMT-007,S-IOMT-007-179,LAB_RESULTS,EP-IND-04167
NET-04168,2026-01-01 10:08:05+00:00,0,IOMT-046,S-IOMT-046-180,RESEARCH,EP-IND-04168
NET-04169,2026-01-01 10:08:10+00:00,0,IOMT-030,S-IOMT-030-181,IMAGING,EP-IND-04169
NET-04170,2026-01-01 10:08:12+00:00,0,IOMT-036,S-IOMT-036-182,EHR_READ,EP-IND-04170
NET-04171,2026-01-01 10:08:14+00:00,0,IOMT-030,S-IOMT-030-183,IMAGING,EP-IND-04171
NET-04172,2026-01-01 10:08:25+00:00,0,IOMT-035,S-IOMT-035-184,RESEARCH,EP-IND-04172
NET-04173,2026-01-01 10:08:34+00:00,0,IOMT-046,S-IOMT-046-185,RESEARCH,EP-IND-04173
NET-04174,2026-01-01 10:08:39+00:00,0,IOMT-005,S-IOMT-005-186,EHR_WRITE,EP-IND-04174
NET-04175,2026-01-01 10:08:40+00:00,0,IOMT-036,S-IOMT-036-187,EHR_READ,EP-IND-04175
NET-04176,2026-01-01 10:08:43+00:00,0,IOMT-003,S-IOMT-003-188,LAB_RESULTS,EP-IND-04176
NET-04177,2026-01-01 10:09:06+00:00,0,IOMT-027,S-IOMT-027-189,LAB_RESULTS,EP-IND-04177
NET-04178,2026-01-01 10:09:12+00:00,0,IOMT-013,S-IOMT-013-190,EHR_READ,EP-IND-04178
NET-04179,2026-01-01 10:09:21+00:00,0,IOMT-043,S-IOMT-043-191,EHR_READ,EP-IND-04179
NET-04180,2026-01-01 10:09:28+00:00,0,IOMT-036,S-IOMT-036-192,RESEARCH,EP-IND-04180
NET-04181,2026-01-01 10:09:53+00:00,0,IOMT-036,S-IOMT-036-193,IMAGING,EP-IND-04181
NET-04182,2026-01-01 10:10:11+00:00,0,IOMT-010,S-IOMT-010-194,LAB_RESULTS,EP-IND-04182
NET-04183,2026-01-01 10:10:22+00:00,0,IOMT-030,S-IOMT-030-195,LAB_RESULTS,EP-IND-04183
NET-04184,2026-01-01 10:10:25+00:00,0,IOMT-044,S-IOMT-044-196,EHR_READ,EP-IND-04184
NET-04185,2026-01-01 10:10:44+00:00,0,IOMT-015,S-IOMT-015-197,IMAGING,EP-IND-04185
NET-04186,2026-01-01 10:10:52+00:00,0,IOMT-031,S-IOMT-031-198,LAB_RESULTS,EP-IND-04186
NET-04187,2026-01-01 10:10:55+00:00,0,IOMT-002,S-IOMT-002-199,RESEARCH,EP-IND-04187
NET-04188,2026-01-01 10:11:04+00:00,0,IOMT-007,S-IOMT-007-200,LAB_RESULTS,EP-IND-04188
NET-04189,2026-01-01 10:11:27+00:00,0,IOMT-034,S-IOMT-034-201,EHR_WRITE,EP-IND-04189
NET-04190,2026-01-01 10:11:30+00:00,0,IOMT-002,S-IOMT-002-202,LAB_RESULTS,EP-IND-04190
NET-04191,2026-01-01 10:11:35+00:00,0,IOMT-000,S-IOMT-000-203,EHR_READ,EP-IND-04191
NET-04192,2026-01-01 10:11:40+00:00,0,IOMT-021,S-IOMT-021-204,EHR_READ,EP-IND-04192
NET-04193,2026-01-01 10:11:41+00:00,0,IOMT-029,S-IOMT-029-205,IMAGING,EP-IND-04193
NET-04194,2026-01-01 10:11:52+00:00,0,IOMT-037,S-IOMT-037-206,EHR_WRITE,EP-IND-04194
NET-04195,2026-01-01 10:11:58+00:00,0,IOMT-040,S-IOMT-040-207,IMAGING,EP-IND-04195
NET-04196,2026-01-01 10:12:03+00:00,0,IOMT-041,S-IOMT-041-208,RESEARCH,EP-IND-04196
NET-04197,2026-01-01 10:12:15+00:00,1,IOMT-003,S-IOMT-003-209,LAB_RESULTS,EP-IND-04197
NET-04198,2026-01-01 10:12:17+00:00,1,IOMT-024,S-IOMT-024-210,IMAGING,EP-IND-04198
NET-04199,2026-01-01 10:12:26+00:00,0,IOMT-005,S-IOMT-005-211,IMAGING,EP-IND-04199
NET-04200,2026-01-01 10:12:30+00:00,0,IOMT-021,S-IOMT-021-212,LAB_RESULTS,EP-IND-04200
NET-04201,2026-01-01 10:12:31+00:00,0,IOMT-004,S-IOMT-004-213,EHR_READ,EP-IND-04201
NET-04202,2026-01-01 10:12:43+00:00,0,IOMT-001,S-IOMT-001-214,IMAGING,EP-IND-04202
NET-04203,2026-01-01 10:13:11+00:00,0,IOMT-025,S-IOMT-025-215,IMAGING,EP-IND-04203
NET-04204,2026-01-01 10:13:13+00:00,0,IOMT-032,S-IOMT-032-216,IMAGING,EP-IND-04204
NET-04205,2026-01-01 10:13:14+00:00,0,IOMT-012,S-IOMT-012-217,LAB_RESULTS,EP-IND-04205
NET-04206,2026-01-01 10:13:30+00:00,0,IOMT-046,S-IOMT-046-218,EHR_READ,EP-IND-04206
NET-04207,2026-01-01 10:13:32+00:00,0,IOMT-018,S-IOMT-018-219,EHR_WRITE,EP-IND-04207
NET-04208,2026-01-01 10:13:44+00:00,0,IOMT-022,S-IOMT-022-220,EHR_WRITE,EP-IND-04208
NET-04209,2026-01-01 10:13:45+00:00,0,IOMT-048,S-IOMT-048-221,EHR_WRITE,EP-IND-04209
NET-04210,2026-01-01 10:14:03+00:00,0,IOMT-019,S-IOMT-019-222,EHR_WRITE,EP-IND-04210
NET-04211,2026-01-01 10:14:12+00:00,0,IOMT-015,S-IOMT-015-223,EHR_READ,EP-IND-04211
NET-04212,2026-01-01 10:14:38+00:00,0,IOMT-045,S-IOMT-045-224,RESEARCH,EP-IND-04212
NET-04213,2026-01-01 10:14:39+00:00,0,IOMT-009,S-IOMT-009-225,EHR_WRITE,EP-IND-04213
NET-04214,2026-01-01 10:14:57+00:00,0,IOMT-040,S-IOMT-040-226,RESEARCH,EP-IND-04214
NET-04215,2026-01-01 10:15:06+00:00,0,IOMT-025,S-IOMT-025-227,EHR_WRITE,EP-IND-04215
NET-04216,2026-01-01 10:15:07+00:00,0,IOMT-019,S-IOMT-019-228,LAB_RESULTS,EP-IND-04216
NET-04217,2026-01-01 10:15:09+00:00,0,IOMT-026,S-IOMT-026-229,EHR_WRITE,EP-IND-04217
NET-04218,2026-01-01 10:15:11+00:00,0,IOMT-011,S-IOMT-011-230,EHR_WRITE,EP-IND-04218
NET-04219,2026-01-01 10:15:12+00:00,0,IOMT-037,S-IOMT-037-231,IMAGING,EP-IND-04219
NET-04220,2026-01-01 10:15:15+00:00,0,IOMT-039,S-IOMT-039-232,EHR_READ,EP-IND-04220
NET-04221,2026-01-01 10:15:18+00:00,0,IOMT-047,S-IOMT-047-233,IMAGING,EP-IND-04221
NET-04222,2026-01-01 10:15:22+00:00,0,IOMT-025,S-IOMT-025-234,EHR_WRITE,EP-IND-04222
NET-04223,2026-01-01 10:15:25+00:00,0,IOMT-005,S-IOMT-005-235,LAB_RESULTS,EP-IND-04223
NET-04224,2026-01-01 10:15:41+00:00,1,IOMT-004,S-IOMT-004-236,EHR_WRITE,EP-IND-04224
NET-04225,2026-01-01 10:15:43+00:00,0,IOMT-030,S-IOMT-030-237,LAB_RESULTS,EP-IND-04225
NET-04226,2026-01-01 10:16:03+00:00,0,IOMT-040,S-IOMT-040-238,EHR_WRITE,EP-IND-04226
NET-04227,2026-01-01 10:16:30+00:00,0,IOMT-015,S-IOMT-015-239,LAB_RESULTS,EP-IND-04227
NET-04228,2026-01-01 10:16:33+00:00,0,IOMT-006,S-IOMT-006-240,EHR_WRITE,EP-IND-04228
NET-04229,2026-01-01 10:16:33+00:00,0,IOMT-041,S-IOMT-041-241,LAB_RESULTS,EP-IND-04229
NET-04230,2026-01-01 10:16:44+00:00,0,IOMT-019,S-IOMT-019-242,EHR_WRITE,EP-IND-04230
NET-04231,2026-01-01 10:16:54+00:00,0,IOMT-047,S-IOMT-047-243,LAB_RESULTS,EP-IND-04231
NET-04232,2026-01-01 10:17:09+00:00,0,IOMT-002,S-IOMT-002-244,IMAGING,EP-IND-04232
NET-04233,2026-01-01 10:17:11+00:00,0,IOMT-045,S-IOMT-045-245,LAB_RESULTS,EP-IND-04233
NET-04234,2026-01-01 10:17:17+00:00,0,IOMT-012,S-IOMT-012-246,RESEARCH,EP-IND-04234
NET-04235,2026-01-01 10:17:24+00:00,0,IOMT-022,S-IOMT-022-247,EHR_READ,EP-IND-04235
NET-04236,2026-01-01 10:17:41+00:00,0,IOMT-013,S-IOMT-013-248,RESEARCH,EP-IND-04236
NET-04237,2026-01-01 10:17:50+00:00,0,IOMT-047,S-IOMT-047-249,EHR_WRITE,EP-IND-04237
NET-04238,2026-01-01 10:17:50+00:00,0,IOMT-001,S-IOMT-001-250,IMAGING,EP-IND-04238
NET-04239,2026-01-01 10:18:27+00:00,0,IOMT-039,S-IOMT-039-251,LAB_RESULTS,EP-IND-04239
NET-04240,2026-01-01 10:18:27+00:00,0,IOMT-018,S-IOMT-018-252,RESEARCH,EP-IND-04240
NET-04241,2026-01-01 10:18:30+00:00,0,IOMT-014,S-IOMT-014-253,EHR_WRITE,EP-IND-04241
NET-04242,2026-01-01 10:18:30+00:00,0,IOMT-049,S-IOMT-049-254,IMAGING,EP-IND-04242
NET-04243,2026-01-01 10:18:30+00:00,0,IOMT-044,S-IOMT-044-255,EHR_READ,EP-IND-04243
NET-04244,2026-01-01 10:18:57+00:00,0,IOMT-020,S-IOMT-020-256,EHR_READ,EP-IND-04244
NET-04245,2026-01-01 10:19:02+00:00,0,IOMT-038,S-IOMT-038-257,RESEARCH,EP-IND-04245
NET-04246,2026-01-01 10:19:21+00:00,0,IOMT-008,S-IOMT-008-258,IMAGING,EP-IND-04246
NET-04247,2026-01-01 10:19:23+00:00,0,IOMT-024,S-IOMT-024-259,EHR_WRITE,EP-IND-04247
NET-04248,2026-01-01 10:19:31+00:00,0,IOMT-019,S-IOMT-019-260,EHR_WRITE,EP-IND-04248
NET-04249,2026-01-01 10:19:49+00:00,1,IOMT-009,S-IOMT-009-261,IMAGING,EP-IND-04249
NET-04250,2026-01-01 10:19:51+00:00,1,IOMT-009,S-IOMT-009-262,LAB_RESULTS,EP-IND-04250
NET-04251,2026-01-01 10:19:55+00:00,0,IOMT-004,S-IOMT-004-263,EHR_READ,EP-IND-04251
NET-04252,2026-01-01 10:20:05+00:00,0,IOMT-047,S-IOMT-047-264,EHR_WRITE,EP-IND-04252
NET-04253,2026-01-01 10:20:07+00:00,0,IOMT-045,S-IOMT-045-265,EHR_READ,EP-IND-04253
NET-04254,2026-01-01 10:20:11+00:00,0,IOMT-016,S-IOMT-016-266,RESEARCH,EP-IND-04254
NET-04255,2026-01-01 10:20:15+00:00,0,IOMT-015,S-IOMT-015-267,IMAGING,EP-IND-04255
NET-04256,2026-01-01 10:20:17+00:00,0,IOMT-010,S-IOMT-010-268,EHR_READ,EP-IND-04256
NET-04257,2026-01-01 10:20:19+00:00,0,IOMT-019,S-IOMT-019-269,EHR_READ,EP-IND-04257
NET-04258,2026-01-01 10:20:22+00:00,0,IOMT-024,S-IOMT-024-270,IMAGING,EP-IND-04258
NET-04259,2026-01-01 10:20:29+00:00,0,IOMT-024,S-IOMT-024-271,EHR_READ,EP-IND-04259
NET-04260,2026-01-01 10:20:40+00:00,0,IOMT-021,S-IOMT-021-272,LAB_RESULTS,EP-IND-04260
NET-04261,2026-01-01 10:20:46+00:00,0,IOMT-035,S-IOMT-035-273,EHR_WRITE,EP-IND-04261
NET-04262,2026-01-01 10:20:57+00:00,0,IOMT-011,S-IOMT-011-274,IMAGING,EP-IND-04262
NET-04263,2026-01-01 10:21:00+00:00,0,IOMT-007,S-IOMT-007-275,IMAGING,EP-IND-04263
NET-04264,2026-01-01 10:21:05+00:00,0,IOMT-016,S-IOMT-016-276,EHR_READ,EP-IND-04264
NET-04265,2026-01-01 10:21:16+00:00,0,IOMT-003,S-IOMT-003-277,RESEARCH,EP-IND-04265
NET-04266,2026-01-01 10:21:18+00:00,0,IOMT-041,S-IOMT-041-278,IMAGING,EP-IND-04266
NET-04267,2026-01-01 10:21:22+00:00,0,IOMT-012,S-IOMT-012-279,EHR_WRITE,EP-IND-04267
NET-04268,2026-01-01 10:21:23+00:00,0,IOMT-039,S-IOMT-039-280,EHR_READ,EP-IND-04268
NET-04269,2026-01-01 10:21:36+00:00,0,IOMT-025,S-IOMT-025-281,EHR_WRITE,EP-IND-04269
NET-04270,2026-01-01 10:21:46+00:00,0,IOMT-004,S-IOMT-004-282,IMAGING,EP-IND-04270
NET-04271,2026-01-01 10:21:48+00:00,0,IOMT-042,S-IOMT-042-283,EHR_READ,EP-IND-04271
NET-04272,2026-01-01 10:22:02+00:00,0,IOMT-034,S-IOMT-034-284,LAB_RESULTS,EP-IND-04272
NET-04273,2026-01-01 10:22:03+00:00,0,IOMT-016,S-IOMT-016-285,EHR_READ,EP-IND-04273
NET-04274,2026-01-01 10:22:23+00:00,0,IOMT-038,S-IOMT-038-286,EHR_READ,EP-IND-04274
NET-04275,2026-01-01 10:22:31+00:00,0,IOMT-045,S-IOMT-045-287,EHR_WRITE,EP-IND-04275
NET-04276,2026-01-01 10:22:38+00:00,0,IOMT-008,S-IOMT-008-288,LAB_RESULTS,EP-IND-04276
NET-04277,2026-01-01 10:22:39+00:00,0,IOMT-037,S-IOMT-037-289,EHR_READ,EP-IND-04277
NET-04278,2026-01-01 10:22:52+00:00,0,IOMT-037,S-IOMT-037-290,RESEARCH,EP-IND-04278
NET-04279,2026-01-01 10:23:02+00:00,0,IOMT-021,S-IOMT-021-291,IMAGING,EP-IND-04279
NET-04280,2026-01-01 10:23:05+00:00,0,IOMT-033,S-IOMT-033-292,RESEARCH,EP-IND-04280
NET-04281,2026-01-01 10:23:07+00:00,0,IOMT-037,S-IOMT-037-293,LAB_RESULTS,EP-IND-04281
NET-04282,2026-01-01 10:23:18+00:00,0,IOMT-031,S-IOMT-031-294,LAB_RESULTS,EP-IND-04282
NET-04283,2026-01-01 10:23:22+00:00,0,IOMT-012,S-IOMT-012-295,EHR_READ,EP-IND-04283
NET-04284,2026-01-01 10:23:27+00:00,0,IOMT-024,S-IOMT-024-296,RESEARCH,EP-IND-04284
NET-04285,2026-01-01 10:23:30+00:00,0,IOMT-019,S-IOMT-019-297,LAB_RESULTS,EP-IND-04285
NET-04286,2026-01-01 10:23:34+00:00,0,IOMT-009,S-IOMT-009-298,EHR_WRITE,EP-IND-04286
NET-04287,2026-01-01 10:23:46+00:00,0,IOMT-036,S-IOMT-036-299,EHR_WRITE,EP-IND-04287
NET-04288,2026-01-01 10:23:47+00:00,0,IOMT-036,S-IOMT-036-300,IMAGING,EP-IND-04288
NET-04289,2026-01-01 10:24:16+00:00,0,IOMT-009,S-IOMT-009-301,LAB_RESULTS,EP-IND-04289
NET-04290,2026-01-01 10:24:17+00:00,1,IOMT-039,S-IOMT-039-302,EHR_READ,EP-IND-04290
NET-04291,2026-01-01 10:24:24+00:00,1,IOMT-002,S-IOMT-002-303,EHR_READ,EP-IND-04291
NET-04292,2026-01-01 10:24:41+00:00,0,IOMT-039,S-IOMT-039-304,LAB_RESULTS,EP-IND-04292
NET-04293,2026-01-01 10:24:53+00:00,0,IOMT-022,S-IOMT-022-305,EHR_WRITE,EP-IND-04293
NET-04294,2026-01-01 10:24:54+00:00,0,IOMT-015,S-IOMT-015-306,IMAGING,EP-IND-04294
NET-04295,2026-01-01 10:24:55+00:00,0,IOMT-018,S-IOMT-018-307,RESEARCH,EP-IND-04295
NET-04296,2026-01-01 10:25:03+00:00,0,IOMT-030,S-IOMT-030-308,RESEARCH,EP-IND-04296
NET-04297,2026-01-01 10:25:03+00:00,0,IOMT-003,S-IOMT-003-309,EHR_READ,EP-IND-04297
NET-04298,2026-01-01 10:25:06+00:00,0,IOMT-038,S-IOMT-038-310,RESEARCH,EP-IND-04298
NET-04299,2026-01-01 10:25:13+00:00,0,IOMT-014,S-IOMT-014-311,EHR_READ,EP-IND-04299
NET-04300,2026-01-01 10:25:37+00:00,0,IOMT-035,S-IOMT-035-312,RESEARCH,EP-IND-04300
NET-04301,2026-01-01 10:25:40+00:00,1,IOMT-048,S-IOMT-048-313,EHR_READ,EP-IND-04301
NET-04302,2026-01-01 10:25:41+00:00,0,IOMT-021,S-IOMT-021-314,EHR_WRITE,EP-IND-04302
NET-04303,2026-01-01 10:25:48+00:00,0,IOMT-033,S-IOMT-033-315,EHR_WRITE,EP-IND-04303
NET-04304,2026-01-01 10:26:09+00:00,0,IOMT-042,S-IOMT-042-316,EHR_READ,EP-IND-04304
NET-04305,2026-01-01 10:26:20+00:00,0,IOMT-048,S-IOMT-048-317,RESEARCH,EP-IND-04305
NET-04306,2026-01-01 10:26:26+00:00,0,IOMT-023,S-IOMT-023-318,EHR_WRITE,EP-IND-04306
NET-04307,2026-01-01 10:26:39+00:00,0,IOMT-042,S-IOMT-042-319,EHR_WRITE,EP-IND-04307
NET-04308,2026-01-01 10:26:46+00:00,0,IOMT-020,S-IOMT-020-320,LAB_RESULTS,EP-IND-04308
NET-04309,2026-01-01 10:26:55+00:00,0,IOMT-035,S-IOMT-035-321,LAB_RESULTS,EP-IND-04309
NET-04310,2026-01-01 10:27:02+00:00,0,IOMT-032,S-IOMT-032-322,RESEARCH,EP-IND-04310
NET-04311,2026-01-01 10:27:15+00:00,0,IOMT-026,S-IOMT-026-323,LAB_RESULTS,EP-IND-04311
NET-04312,2026-01-01 10:27:16+00:00,0,IOMT-011,S-IOMT-011-324,EHR_WRITE,EP-IND-04312
NET-04313,2026-01-01 10:27:20+00:00,0,IOMT-012,S-IOMT-012-325,EHR_READ,EP-IND-04313
NET-04314,2026-01-01 10:27:39+00:00,0,IOMT-018,S-IOMT-018-326,LAB_RESULTS,EP-IND-04314
NET-04315,2026-01-01 10:27:53+00:00,0,IOMT-016,S-IOMT-016-327,LAB_RESULTS,EP-IND-04315
NET-04316,2026-01-01 10:28:04+00:00,0,IOMT-005,S-IOMT-005-328,EHR_WRITE,EP-IND-04316
NET-04317,2026-01-01 10:28:19+00:00,0,IOMT-021,S-IOMT-021-329,RESEARCH,EP-IND-04317
NET-04318,2026-01-01 10:28:29+00:00,0,IOMT-016,S-IOMT-016-330,EHR_WRITE,EP-IND-04318
NET-04319,2026-01-01 10:28:37+00:00,0,IOMT-030,S-IOMT-030-331,IMAGING,EP-IND-04319
NET-04320,2026-01-01 10:28:48+00:00,0,IOMT-009,S-IOMT-009-332,LAB_RESULTS,EP-IND-04320
NET-04321,2026-01-01 10:28:52+00:00,0,IOMT-039,S-IOMT-039-333,IMAGING,EP-IND-04321
NET-04322,2026-01-01 10:28:55+00:00,0,IOMT-007,S-IOMT-007-334,RESEARCH,EP-IND-04322
NET-04323,2026-01-01 10:29:03+00:00,0,IOMT-042,S-IOMT-042-335,LAB_RESULTS,EP-IND-04323
NET-04324,2026-01-01 10:29:05+00:00,0,IOMT-008,S-IOMT-008-336,RESEARCH,EP-IND-04324
NET-04325,2026-01-01 10:29:08+00:00,0,IOMT-007,S-IOMT-007-337,RESEARCH,EP-IND-04325
NET-04326,2026-01-01 10:29:14+00:00,0,IOMT-004,S-IOMT-004-338,LAB_RESULTS,EP-IND-04326
NET-04327,2026-01-01 10:29:16+00:00,0,IOMT-038,S-IOMT-038-339,IMAGING,EP-IND-04327
NET-04328,2026-01-01 10:29:19+00:00,0,IOMT-035,S-IOMT-035-340,IMAGING,EP-IND-04328
NET-04329,2026-01-01 10:29:20+00:00,0,IOMT-018,S-IOMT-018-341,EHR_WRITE,EP-IND-04329
NET-04330,2026-01-01 10:29:31+00:00,0,IOMT-045,S-IOMT-045-342,EHR_WRITE,EP-IND-04330
NET-04331,2026-01-01 10:29:36+00:00,1,IOMT-012,S-IOMT-012-343,LAB_RESULTS,EP-IND-04331
NET-04332,2026-01-01 10:29:43+00:00,0,IOMT-005,S-IOMT-005-344,IMAGING,EP-IND-04332
NET-04333,2026-01-01 10:29:48+00:00,0,IOMT-048,S-IOMT-048-345,EHR_WRITE,EP-IND-04333
NET-04334,2026-01-01 10:30:01+00:00,0,IOMT-019,S-IOMT-019-346,LAB_RESULTS,EP-IND-04334
NET-04335,2026-01-01 10:30:21+00:00,0,IOMT-031,S-IOMT-031-347,IMAGING,EP-IND-04335
NET-04336,2026-01-01 10:30:31+00:00,0,IOMT-039,S-IOMT-039-348,IMAGING,EP-IND-04336
NET-04337,2026-01-01 10:30:34+00:00,0,IOMT-047,S-IOMT-047-349,IMAGING,EP-IND-04337
NET-04338,2026-01-01 10:30:36+00:00,0,IOMT-008,S-IOMT-008-350,EHR_WRITE,EP-IND-04338
NET-04339,2026-01-01 10:30:45+00:00,0,IOMT-013,S-IOMT-013-351,IMAGING,EP-IND-04339
NET-04340,2026-01-01 10:30:49+00:00,0,IOMT-028,S-IOMT-028-352,EHR_WRITE,EP-IND-04340
NET-04341,2026-01-01 10:30:50+00:00,0,IOMT-006,S-IOMT-006-353,EHR_READ,EP-IND-04341
NET-04342,2026-01-01 10:30:58+00:00,0,IOMT-013,S-IOMT-013-354,RESEARCH,EP-IND-04342
NET-04343,2026-01-01 10:31:19+00:00,0,IOMT-044,S-IOMT-044-355,IMAGING,EP-IND-04343
NET-04344,2026-01-01 10:31:21+00:00,0,IOMT-046,S-IOMT-046-356,RESEARCH,EP-IND-04344
NET-04345,2026-01-01 10:31:22+00:00,0,IOMT-024,S-IOMT-024-357,EHR_WRITE,EP-IND-04345
NET-04346,2026-01-01 10:31:31+00:00,0,IOMT-042,S-IOMT-042-358,EHR_WRITE,EP-IND-04346
NET-04347,2026-01-01 10:31:39+00:00,0,IOMT-046,S-IOMT-046-359,LAB_RESULTS,EP-IND-04347
NET-04348,2026-01-01 10:31:42+00:00,0,IOMT-004,S-IOMT-004-360,EHR_READ,EP-IND-04348
NET-04349,2026-01-01 10:31:48+00:00,0,IOMT-012,S-IOMT-012-361,EHR_READ,EP-IND-04349
NET-04350,2026-01-01 10:31:51+00:00,0,IOMT-028,S-IOMT-028-362,EHR_WRITE,EP-IND-04350
NET-04351,2026-01-01 10:32:04+00:00,0,IOMT-019,S-IOMT-019-363,LAB_RESULTS,EP-IND-04351
NET-04352,2026-01-01 10:32:23+00:00,0,IOMT-029,S-IOMT-029-364,IMAGING,EP-IND-04352
NET-04353,2026-01-01 10:32:28+00:00,0,IOMT-010,S-IOMT-010-365,EHR_WRITE,EP-IND-04353
NET-04354,2026-01-01 10:32:33+00:00,0,IOMT-042,S-IOMT-042-366,IMAGING,EP-IND-04354
NET-04355,2026-01-01 10:32:43+00:00,0,IOMT-040,S-IOMT-040-367,EHR_WRITE,EP-IND-04355
NET-04356,2026-01-01 10:32:45+00:00,0,IOMT-001,S-IOMT-001-368,EHR_READ,EP-IND-04356
NET-04357,2026-01-01 10:33:01+00:00,0,IOMT-013,S-IOMT-013-369,EHR_READ,EP-IND-04357
NET-04358,2026-01-01 10:33:16+00:00,0,IOMT-042,S-IOMT-042-370,IMAGING,EP-IND-04358
NET-04359,2026-01-01 10:33:18+00:00,1,IOMT-029,S-IOMT-029-371,EHR_WRITE,EP-IND-04359
NET-04360,2026-01-01 10:33:20+00:00,0,IOMT-048,S-IOMT-048-372,EHR_WRITE,EP-IND-04360
NET-04361,2026-01-01 10:33:25+00:00,0,IOMT-042,S-IOMT-042-373,IMAGING,EP-IND-04361
NET-04362,2026-01-01 10:33:52+00:00,1,IOMT-016,S-IOMT-016-374,IMAGING,EP-IND-04362
NET-04363,2026-01-01 10:33:59+00:00,0,IOMT-019,S-IOMT-019-375,EHR_READ,EP-IND-04363
NET-04364,2026-01-01 10:34:08+00:00,0,IOMT-007,S-IOMT-007-376,RESEARCH,EP-IND-04364
NET-04365,2026-01-01 10:34:35+00:00,0,IOMT-021,S-IOMT-021-377,RESEARCH,EP-IND-04365
NET-04366,2026-01-01 10:34:39+00:00,0,IOMT-043,S-IOMT-043-378,IMAGING,EP-IND-04366
NET-04367,2026-01-01 10:34:40+00:00,0,IOMT-049,S-IOMT-049-379,LAB_RESULTS,EP-IND-04367
NET-04368,2026-01-01 10:34:44+00:00,0,IOMT-038,S-IOMT-038-380,IMAGING,EP-IND-04368
NET-04369,2026-01-01 10:35:06+00:00,0,IOMT-049,S-IOMT-049-381,RESEARCH,EP-IND-04369
NET-04370,2026-01-01 10:35:21+00:00,0,IOMT-032,S-IOMT-032-382,LAB_RESULTS,EP-IND-04370
NET-04371,2026-01-01 10:35:24+00:00,0,IOMT-042,S-IOMT-042-383,IMAGING,EP-IND-04371
NET-04372,2026-01-01 10:35:27+00:00,0,IOMT-010,S-IOMT-010-384,RESEARCH,EP-IND-04372
NET-04373,2026-01-01 10:35:33+00:00,0,IOMT-014,S-IOMT-014-385,LAB_RESULTS,EP-IND-04373
NET-04374,2026-01-01 10:35:39+00:00,0,IOMT-045,S-IOMT-045-386,IMAGING,EP-IND-04374
NET-04375,2026-01-01 10:35:40+00:00,0,IOMT-000,S-IOMT-000-387,RESEARCH,EP-IND-04375
NET-04376,2026-01-01 10:35:48+00:00,0,IOMT-033,S-IOMT-033-388,IMAGING,EP-IND-04376
NET-04377,2026-01-01 10:35:55+00:00,0,IOMT-012,S-IOMT-012-389,EHR_READ,EP-IND-04377
NET-04378,2026-01-01 10:36:05+00:00,0,IOMT-028,S-IOMT-028-390,IMAGING,EP-IND-04378
NET-04379,2026-01-01 10:36:16+00:00,0,IOMT-004,S-IOMT-004-391,EHR_READ,EP-IND-04379
NET-04380,2026-01-01 10:36:25+00:00,0,IOMT-011,S-IOMT-011-392,LAB_RESULTS,EP-IND-04380
NET-04381,2026-01-01 10:36:29+00:00,0,IOMT-000,S-IOMT-000-393,RESEARCH,EP-IND-04381
NET-04382,2026-01-01 10:36:36+00:00,0,IOMT-049,S-IOMT-049-394,EHR_WRITE,EP-IND-04382
NET-04383,2026-01-01 10:36:43+00:00,0,IOMT-021,S-IOMT-021-395,EHR_READ,EP-IND-04383
NET-04384,2026-01-01 10:36:49+00:00,1,IOMT-004,S-IOMT-004-396,IMAGING,EP-IND-04384
NET-04385,2026-01-01 10:36:52+00:00,1,IOMT-029,S-IOMT-029-397,IMAGING,EP-IND-04385
NET-04386,2026-01-01 10:37:01+00:00,0,IOMT-019,S-IOMT-019-398,EHR_WRITE,EP-IND-04386
NET-04387,2026-01-01 10:37:13+00:00,0,IOMT-033,S-IOMT-033-399,EHR_WRITE,EP-IND-04387
NET-04388,2026-01-01 10:37:16+00:00,0,IOMT-017,S-IOMT-017-400,EHR_READ,EP-IND-04388
NET-04389,2026-01-01 10:37:16+00:00,0,IOMT-034,S-IOMT-034-401,EHR_WRITE,EP-IND-04389
NET-04390,2026-01-01 10:37:31+00:00,0,IOMT-033,S-IOMT-033-402,EHR_READ,EP-IND-04390
NET-04391,2026-01-01 10:37:34+00:00,0,IOMT-018,S-IOMT-018-403,EHR_READ,EP-IND-04391
NET-04392,2026-01-01 10:37:40+00:00,0,IOMT-022,S-IOMT-022-404,EHR_WRITE,EP-IND-04392
NET-04393,2026-01-01 10:37:59+00:00,0,IOMT-025,S-IOMT-025-405,EHR_READ,EP-IND-04393
NET-04394,2026-01-01 10:38:09+00:00,0,IOMT-013,S-IOMT-013-406,RESEARCH,EP-IND-04394
NET-04395,2026-01-01 10:38:18+00:00,0,IOMT-044,S-IOMT-044-407,IMAGING,EP-IND-04395
NET-04396,2026-01-01 10:38:20+00:00,0,IOMT-013,S-IOMT-013-408,IMAGING,EP-IND-04396
NET-04397,2026-01-01 10:38:50+00:00,0,IOMT-035,S-IOMT-035-409,LAB_RESULTS,EP-IND-04397
NET-04398,2026-01-01 10:38:51+00:00,0,IOMT-016,S-IOMT-016-410,LAB_RESULTS,EP-IND-04398
NET-04399,2026-01-01 10:39:02+00:00,0,IOMT-026,S-IOMT-026-411,EHR_READ,EP-IND-04399
NET-04400,2026-01-01 10:39:05+00:00,0,IOMT-002,S-IOMT-002-412,LAB_RESULTS,EP-IND-04400
NET-04401,2026-01-01 10:39:07+00:00,0,IOMT-049,S-IOMT-049-413,EHR_READ,EP-IND-04401
NET-04402,2026-01-01 10:39:12+00:00,0,IOMT-005,S-IOMT-005-414,EHR_READ,EP-IND-04402
NET-04403,2026-01-01 10:39:15+00:00,0,IOMT-012,S-IOMT-012-415,IMAGING,EP-IND-04403
NET-04404,2026-01-01 10:39:25+00:00,0,IOMT-034,S-IOMT-034-416,LAB_RESULTS,EP-IND-04404
NET-04405,2026-01-01 10:39:30+00:00,0,IOMT-028,S-IOMT-028-417,LAB_RESULTS,EP-IND-04405
NET-04406,2026-01-01 10:39:47+00:00,0,IOMT-015,S-IOMT-015-418,EHR_READ,EP-IND-04406
NET-04407,2026-01-01 10:39:52+00:00,0,IOMT-038,S-IOMT-038-419,RESEARCH,EP-IND-04407
NET-04408,2026-01-01 10:39:53+00:00,0,IOMT-033,S-IOMT-033-420,IMAGING,EP-IND-04408
NET-04409,2026-01-01 10:40:05+00:00,0,IOMT-037,S-IOMT-037-421,LAB_RESULTS,EP-IND-04409
NET-04410,2026-01-01 10:40:15+00:00,0,IOMT-036,S-IOMT-036-422,EHR_READ,EP-IND-04410
NET-04411,2026-01-01 10:40:18+00:00,0,IOMT-044,S-IOMT-044-423,EHR_WRITE,EP-IND-04411
NET-04412,2026-01-01 10:40:24+00:00,1,IOMT-006,S-IOMT-006-424,RESEARCH,EP-IND-04412
NET-04413,2026-01-01 10:40:54+00:00,0,IOMT-048,S-IOMT-048-425,EHR_READ,EP-IND-04413
NET-04414,2026-01-01 10:40:55+00:00,0,IOMT-024,S-IOMT-024-426,EHR_WRITE,EP-IND-04414
NET-04415,2026-01-01 10:41:00+00:00,0,IOMT-041,S-IOMT-041-427,IMAGING,EP-IND-04415
NET-04416,2026-01-01 10:41:07+00:00,0,IOMT-048,S-IOMT-048-428,EHR_READ,EP-IND-04416
NET-04417,2026-01-01 10:41:07+00:00,0,IOMT-001,S-IOMT-001-429,IMAGING,EP-IND-04417
NET-04418,2026-01-01 10:41:09+00:00,0,IOMT-028,S-IOMT-028-430,IMAGING,EP-IND-04418
NET-04419,2026-01-01 10:41:16+00:00,1,IOMT-033,S-IOMT-033-431,RESEARCH,EP-IND-04419
NET-04420,2026-01-01 10:41:19+00:00,0,IOMT-027,S-IOMT-027-432,LAB_RESULTS,EP-IND-04420
NET-04421,2026-01-01 10:41:30+00:00,0,IOMT-038,S-IOMT-038-433,RESEARCH,EP-IND-04421
NET-04422,2026-01-01 10:41:42+00:00,0,IOMT-017,S-IOMT-017-434,RESEARCH,EP-IND-04422
NET-04423,2026-01-01 10:41:46+00:00,0,IOMT-017,S-IOMT-017-435,RESEARCH,EP-IND-04423
NET-04424,2026-01-01 10:41:51+00:00,0,IOMT-023,S-IOMT-023-436,EHR_WRITE,EP-IND-04424
NET-04425,2026-01-01 10:42:11+00:00,0,IOMT-042,S-IOMT-042-437,RESEARCH,EP-IND-04425
NET-04426,2026-01-01 10:42:13+00:00,0,IOMT-048,S-IOMT-048-438,EHR_WRITE,EP-IND-04426
NET-04427,2026-01-01 10:42:30+00:00,0,IOMT-035,S-IOMT-035-439,RESEARCH,EP-IND-04427
NET-04428,2026-01-01 10:42:40+00:00,0,IOMT-021,S-IOMT-021-440,EHR_READ,EP-IND-04428
NET-04429,2026-01-01 10:42:45+00:00,0,IOMT-004,S-IOMT-004-441,IMAGING,EP-IND-04429
NET-04430,2026-01-01 10:43:06+00:00,0,IOMT-026,S-IOMT-026-442,EHR_READ,EP-IND-04430
NET-04431,2026-01-01 10:43:10+00:00,0,IOMT-031,S-IOMT-031-443,IMAGING,EP-IND-04431
NET-04432,2026-01-01 10:43:24+00:00,0,IOMT-046,S-IOMT-046-444,IMAGING,EP-IND-04432
NET-04433,2026-01-01 10:43:33+00:00,0,IOMT-006,S-IOMT-006-445,LAB_RESULTS,EP-IND-04433
NET-04434,2026-01-01 10:43:47+00:00,0,IOMT-042,S-IOMT-042-446,RESEARCH,EP-IND-04434
NET-04435,2026-01-01 10:43:59+00:00,0,IOMT-016,S-IOMT-016-447,IMAGING,EP-IND-04435
NET-04436,2026-01-01 10:44:02+00:00,1,IOMT-019,S-IOMT-019-448,LAB_RESULTS,EP-IND-04436
NET-04437,2026-01-01 10:44:20+00:00,0,IOMT-016,S-IOMT-016-449,EHR_READ,EP-IND-04437
NET-04438,2026-01-01 10:44:20+00:00,0,IOMT-023,S-IOMT-023-450,IMAGING,EP-IND-04438
NET-04439,2026-01-01 10:44:38+00:00,0,IOMT-012,S-IOMT-012-451,IMAGING,EP-IND-04439
NET-04440,2026-01-01 10:44:48+00:00,0,IOMT-018,S-IOMT-018-452,IMAGING,EP-IND-04440
NET-04441,2026-01-01 10:45:03+00:00,0,IOMT-040,S-IOMT-040-453,EHR_READ,EP-IND-04441
NET-04442,2026-01-01 10:45:11+00:00,0,IOMT-039,S-IOMT-039-454,IMAGING,EP-IND-04442
NET-04443,2026-01-01 10:45:34+00:00,0,IOMT-049,S-IOMT-049-455,LAB_RESULTS,EP-IND-04443
NET-04444,2026-01-01 10:45:48+00:00,0,IOMT-002,S-IOMT-002-456,LAB_RESULTS,EP-IND-04444
NET-04445,2026-01-01 10:45:53+00:00,0,IOMT-045,S-IOMT-045-457,IMAGING,EP-IND-04445
NET-04446,2026-01-01 10:45:58+00:00,1,IOMT-044,S-IOMT-044-458,EHR_WRITE,EP-IND-04446
NET-04447,2026-01-01 10:45:59+00:00,1,IOMT-029,S-IOMT-029-459,RESEARCH,EP-IND-04447
NET-04448,2026-01-01 10:46:01+00:00,0,IOMT-003,S-IOMT-003-460,IMAGING,EP-IND-04448
NET-04449,2026-01-01 10:46:04+00:00,0,IOMT-021,S-IOMT-021-461,IMAGING,EP-IND-04449
NET-04450,2026-01-01 10:46:14+00:00,0,IOMT-005,S-IOMT-005-462,IMAGING,EP-IND-04450
NET-04451,2026-01-01 10:46:22+00:00,0,IOMT-001,S-IOMT-001-463,IMAGING,EP-IND-04451
NET-04452,2026-01-01 10:46:25+00:00,0,IOMT-024,S-IOMT-024-464,EHR_WRITE,EP-IND-04452
NET-04453,2026-01-01 10:47:11+00:00,0,IOMT-004,S-IOMT-004-465,EHR_READ,EP-IND-04453
NET-04454,2026-01-01 10:47:13+00:00,0,IOMT-049,S-IOMT-049-466,EHR_READ,EP-IND-04454
NET-04455,2026-01-01 10:47:19+00:00,0,IOMT-002,S-IOMT-002-467,EHR_WRITE,EP-IND-04455
NET-04456,2026-01-01 10:48:03+00:00,0,IOMT-010,S-IOMT-010-468,RESEARCH,EP-IND-04456
NET-04457,2026-01-01 10:48:16+00:00,0,IOMT-041,S-IOMT-041-469,LAB_RESULTS,EP-IND-04457
NET-04458,2026-01-01 10:49:18+00:00,0,IOMT-008,S-IOMT-008-470,RESEARCH,EP-IND-04458
NET-04459,2026-01-01 10:49:23+00:00,1,IOMT-031,S-IOMT-031-471,EHR_READ,EP-IND-04459
NET-04460,2026-01-01 10:49:52+00:00,0,IOMT-038,S-IOMT-038-472,RESEARCH,EP-IND-04460
NET-04461,2026-01-01 10:49:54+00:00,0,IOMT-007,S-IOMT-007-473,EHR_READ,EP-IND-04461
NET-04462,2026-01-01 10:50:32+00:00,0,IOMT-037,S-IOMT-037-474,EHR_WRITE,EP-IND-04462
NET-04463,2026-01-01 10:50:38+00:00,0,IOMT-045,S-IOMT-045-475,IMAGING,EP-IND-04463
NET-04464,2026-01-01 10:50:40+00:00,0,IOMT-030,S-IOMT-030-476,EHR_WRITE,EP-IND-04464
NET-04465,2026-01-01 10:50:41+00:00,0,IOMT-016,S-IOMT-016-477,EHR_READ,EP-IND-04465
NET-04466,2026-01-01 10:51:08+00:00,0,IOMT-024,S-IOMT-024-478,LAB_RESULTS,EP-IND-04466
NET-04467,2026-01-01 10:51:33+00:00,0,IOMT-011,S-IOMT-011-479,EHR_READ,EP-IND-04467
NET-04468,2026-01-01 10:51:58+00:00,0,IOMT-013,S-IOMT-013-480,RESEARCH,EP-IND-04468
NET-04469,2026-01-01 10:52:09+00:00,0,IOMT-011,S-IOMT-011-481,EHR_WRITE,EP-IND-04469
NET-04470,2026-01-01 10:52:18+00:00,0,IOMT-006,S-IOMT-006-482,IMAGING,EP-IND-04470
NET-04471,2026-01-01 10:52:25+00:00,0,IOMT-030,S-IOMT-030-483,EHR_READ,EP-IND-04471
NET-04472,2026-01-01 10:52:30+00:00,0,IOMT-030,S-IOMT-030-484,EHR_READ,EP-IND-04472
NET-04473,2026-01-01 10:53:28+00:00,0,IOMT-027,S-IOMT-027-485,LAB_RESULTS,EP-IND-04473
NET-04474,2026-01-01 10:53:30+00:00,0,IOMT-025,S-IOMT-025-486,RESEARCH,EP-IND-04474
NET-04475,2026-01-01 10:53:43+00:00,0,IOMT-047,S-IOMT-047-487,LAB_RESULTS,EP-IND-04475
NET-04476,2026-01-01 10:53:47+00:00,0,IOMT-043,S-IOMT-043-488,RESEARCH,EP-IND-04476
NET-04477,2026-01-01 10:53:48+00:00,0,IOMT-030,S-IOMT-030-489,IMAGING,EP-IND-04477
NET-04478,2026-01-01 10:53:49+00:00,0,IOMT-048,S-IOMT-048-490,RESEARCH,EP-IND-04478
NET-04479,2026-01-01 10:53:51+00:00,0,IOMT-022,S-IOMT-022-491,RESEARCH,EP-IND-04479
NET-04480,2026-01-01 10:54:02+00:00,0,IOMT-040,S-IOMT-040-492,EHR_READ,EP-IND-04480
NET-04481,2026-01-01 10:54:11+00:00,0,IOMT-017,S-IOMT-017-493,RESEARCH,EP-IND-04481
NET-04482,2026-01-01 10:54:12+00:00,0,IOMT-027,S-IOMT-027-494,LAB_RESULTS,EP-IND-04482
NET-04483,2026-01-01 10:54:31+00:00,0,IOMT-029,S-IOMT-029-495,IMAGING,EP-IND-04483
NET-04484,2026-01-01 10:54:52+00:00,0,IOMT-005,S-IOMT-005-496,RESEARCH,EP-IND-04484
NET-04485,2026-01-01 10:54:58+00:00,0,IOMT-010,S-IOMT-010-497,LAB_RESULTS,EP-IND-04485
NET-04486,2026-01-01 10:54:59+00:00,0,IOMT-029,S-IOMT-029-498,RESEARCH,EP-IND-04486
NET-04487,2026-01-01 10:55:05+00:00,0,IOMT-006,S-IOMT-006-499,IMAGING,EP-IND-04487
NET-04488,2026-01-01 10:55:12+00:00,0,IOMT-042,S-IOMT-042-500,RESEARCH,EP-IND-04488
NET-04489,2026-01-01 10:55:14+00:00,0,IOMT-000,S-IOMT-000-501,IMAGING,EP-IND-04489
NET-04490,2026-01-01 10:55:43+00:00,0,IOMT-049,S-IOMT-049-502,RESEARCH,EP-IND-04490
NET-04491,2026-01-01 10:56:28+00:00,0,IOMT-034,S-IOMT-034-503,EHR_READ,EP-IND-04491
NET-04492,2026-01-01 10:56:30+00:00,0,IOMT-040,S-IOMT-040-504,IMAGING,EP-IND-04492
NET-04493,2026-01-01 10:56:33+00:00,0,IOMT-010,S-IOMT-010-505,LAB_RESULTS,EP-IND-04493
NET-04494,2026-01-01 10:56:58+00:00,0,IOMT-007,S-IOMT-007-506,IMAGING,EP-IND-04494
NET-04495,2026-01-01 10:57:03+00:00,0,IOMT-045,S-IOMT-045-507,EHR_WRITE,EP-IND-04495
NET-04496,2026-01-01 10:57:12+00:00,1,IOMT-017,S-IOMT-017-508,EHR_WRITE,EP-IND-04496
NET-04497,2026-01-01 10:57:22+00:00,0,IOMT-016,S-IOMT-016-509,EHR_WRITE,EP-IND-04497
NET-04498,2026-01-01 10:57:22+00:00,0,IOMT-028,S-IOMT-028-510,EHR_READ,EP-IND-04498
NET-04499,2026-01-01 10:57:40+00:00,0,IOMT-021,S-IOMT-021-511,EHR_WRITE,EP-IND-04499
NET-04500,2026-01-01 10:57:41+00:00,0,IOMT-039,S-IOMT-039-512,RESEARCH,EP-IND-04500
NET-04501,2026-01-01 10:57:44+00:00,0,IOMT-001,S-IOMT-001-513,LAB_RESULTS,EP-IND-04501
NET-04502,2026-01-01 10:57:54+00:00,0,IOMT-014,S-IOMT-014-514,RESEARCH,EP-IND-04502
NET-04503,2026-01-01 10:58:06+00:00,0,IOMT-038,S-IOMT-038-515,EHR_READ,EP-IND-04503
NET-04504,2026-01-01 10:58:34+00:00,0,IOMT-000,S-IOMT-000-516,IMAGING,EP-IND-04504
NET-04505,2026-01-01 10:58:36+00:00,0,IOMT-020,S-IOMT-020-517,EHR_WRITE,EP-IND-04505
NET-04506,2026-01-01 10:58:46+00:00,0,IOMT-014,S-IOMT-014-518,LAB_RESULTS,EP-IND-04506
NET-04507,2026-01-01 10:58:53+00:00,0,IOMT-041,S-IOMT-041-519,IMAGING,EP-IND-04507
NET-04508,2026-01-01 10:58:55+00:00,0,IOMT-025,S-IOMT-025-520,LAB_RESULTS,EP-IND-04508
NET-04509,2026-01-01 10:58:56+00:00,0,IOMT-019,S-IOMT-019-521,RESEARCH,EP-IND-04509
NET-04510,2026-01-01 10:58:58+00:00,0,IOMT-025,S-IOMT-025-522,IMAGING,EP-IND-04510
NET-04511,2026-01-01 10:59:04+00:00,0,IOMT-022,S-IOMT-022-523,LAB_RESULTS,EP-IND-04511
NET-04512,2026-01-01 10:59:26+00:00,1,IOMT-003,S-IOMT-003-524,EHR_WRITE,EP-IND-04512
NET-04513,2026-01-01 10:59:29+00:00,0,IOMT-008,S-IOMT-008-525,LAB_RESULTS,EP-IND-04513
NET-04514,2026-01-01 10:59:47+00:00,0,IOMT-014,S-IOMT-014-526,IMAGING,EP-IND-04514
NET-04515,2026-01-01 10:59:53+00:00,0,IOMT-012,S-IOMT-012-527,EHR_WRITE,EP-IND-04515
NET-04516,2026-01-01 10:59:57+00:00,1,IOMT-026,S-IOMT-026-528,LAB_RESULTS,EP-IND-04516
NET-04517,2026-01-01 10:59:59+00:00,0,IOMT-029,S-IOMT-029-529,EHR_WRITE,EP-IND-04517
NET-04518,2026-01-01 11:00:04+00:00,0,IOMT-026,S-IOMT-026-530,LAB_RESULTS,EP-IND-04518
NET-04519,2026-01-01 11:00:05+00:00,0,IOMT-035,S-IOMT-035-531,EHR_READ,EP-IND-04519
NET-04520,2026-01-01 11:00:50+00:00,0,IOMT-047,S-IOMT-047-532,LAB_RESULTS,EP-IND-04520
NET-04521,2026-01-01 11:00:57+00:00,0,IOMT-026,S-IOMT-026-533,LAB_RESULTS,EP-IND-04521
NET-04522,2026-01-01 11:01:06+00:00,0,IOMT-033,S-IOMT-033-534,LAB_RESULTS,EP-IND-04522
NET-04523,2026-01-01 11:01:15+00:00,0,IOMT-038,S-IOMT-038-535,EHR_WRITE,EP-IND-04523
NET-04524,2026-01-01 11:01:23+00:00,0,IOMT-012,S-IOMT-012-536,EHR_WRITE,EP-IND-04524
NET-04525,2026-01-01 11:01:24+00:00,0,IOMT-039,S-IOMT-039-537,RESEARCH,EP-IND-04525
NET-04526,2026-01-01 11:01:35+00:00,1,IOMT-023,S-IOMT-023-538,RESEARCH,EP-IND-04526
NET-04527,2026-01-01 11:01:37+00:00,0,IOMT-005,S-IOMT-005-539,RESEARCH,EP-IND-04527
NET-04528,2026-01-01 11:01:56+00:00,0,IOMT-007,S-IOMT-007-540,LAB_RESULTS,EP-IND-04528
NET-04529,2026-01-01 11:02:25+00:00,0,IOMT-008,S-IOMT-008-541,EHR_READ,EP-IND-04529
NET-04530,2026-01-01 11:02:33+00:00,0,IOMT-017,S-IOMT-017-542,LAB_RESULTS,EP-IND-04530
NET-04531,2026-01-01 11:02:35+00:00,0,IOMT-018,S-IOMT-018-543,RESEARCH,EP-IND-04531
NET-04532,2026-01-01 11:02:38+00:00,0,IOMT-015,S-IOMT-015-544,EHR_READ,EP-IND-04532
NET-04533,2026-01-01 11:02:38+00:00,0,IOMT-030,S-IOMT-030-545,LAB_RESULTS,EP-IND-04533
NET-04534,2026-01-01 11:02:49+00:00,0,IOMT-045,S-IOMT-045-546,EHR_WRITE,EP-IND-04534
NET-04535,2026-01-01 11:02:59+00:00,0,IOMT-010,S-IOMT-010-547,LAB_RESULTS,EP-IND-04535
NET-04536,2026-01-01 11:03:00+00:00,0,IOMT-002,S-IOMT-002-548,LAB_RESULTS,EP-IND-04536
NET-04537,2026-01-01 11:03:00+00:00,0,IOMT-001,S-IOMT-001-549,RESEARCH,EP-IND-04537
NET-04538,2026-01-01 11:03:02+00:00,0,IOMT-016,S-IOMT-016-550,IMAGING,EP-IND-04538
NET-04539,2026-01-01 11:03:19+00:00,0,IOMT-005,S-IOMT-005-551,IMAGING,EP-IND-04539
NET-04540,2026-01-01 11:03:23+00:00,0,IOMT-036,S-IOMT-036-552,RESEARCH,EP-IND-04540
NET-04541,2026-01-01 11:03:27+00:00,0,IOMT-039,S-IOMT-039-553,EHR_READ,EP-IND-04541
NET-04542,2026-01-01 11:03:45+00:00,0,IOMT-005,S-IOMT-005-554,EHR_READ,EP-IND-04542
NET-04543,2026-01-01 11:03:45+00:00,0,IOMT-035,S-IOMT-035-555,IMAGING,EP-IND-04543
NET-04544,2026-01-01 11:03:48+00:00,0,IOMT-032,S-IOMT-032-556,LAB_RESULTS,EP-IND-04544
NET-04545,2026-01-01 11:03:59+00:00,0,IOMT-022,S-IOMT-022-557,LAB_RESULTS,EP-IND-04545
NET-04546,2026-01-01 11:03:59+00:00,0,IOMT-020,S-IOMT-020-558,LAB_RESULTS,EP-IND-04546
NET-04547,2026-01-01 11:04:03+00:00,0,IOMT-025,S-IOMT-025-559,LAB_RESULTS,EP-IND-04547
NET-04548,2026-01-01 11:04:11+00:00,0,IOMT-046,S-IOMT-046-560,EHR_READ,EP-IND-04548
NET-04549,2026-01-01 11:04:36+00:00,0,IOMT-008,S-IOMT-008-561,IMAGING,EP-IND-04549
NET-04550,2026-01-01 11:04:45+00:00,0,IOMT-001,S-IOMT-001-562,RESEARCH,EP-IND-04550
NET-04551,2026-01-01 11:04:45+00:00,0,IOMT-026,S-IOMT-026-563,LAB_RESULTS,EP-IND-04551
NET-04552,2026-01-01 11:04:51+00:00,0,IOMT-020,S-IOMT-020-564,EHR_READ,EP-IND-04552
NET-04553,2026-01-01 11:05:11+00:00,0,IOMT-045,S-IOMT-045-565,RESEARCH,EP-IND-04553
NET-04554,2026-01-01 11:05:27+00:00,0,IOMT-035,S-IOMT-035-566,EHR_READ,EP-IND-04554
NET-04555,2026-01-01 11:05:32+00:00,0,IOMT-039,S-IOMT-039-567,EHR_READ,EP-IND-04555
NET-04556,2026-01-01 11:05:38+00:00,1,IOMT-018,S-IOMT-018-568,EHR_WRITE,EP-IND-04556
NET-04557,2026-01-01 11:05:44+00:00,0,IOMT-037,S-IOMT-037-569,EHR_WRITE,EP-IND-04557
NET-04558,2026-01-01 11:05:45+00:00,0,IOMT-045,S-IOMT-045-570,LAB_RESULTS,EP-IND-04558
NET-04559,2026-01-01 11:05:51+00:00,0,IOMT-008,S-IOMT-008-571,RESEARCH,EP-IND-04559
NET-04560,2026-01-01 11:05:54+00:00,0,IOMT-047,S-IOMT-047-572,EHR_READ,EP-IND-04560
NET-04561,2026-01-01 11:05:57+00:00,0,IOMT-022,S-IOMT-022-573,IMAGING,EP-IND-04561
NET-04562,2026-01-01 11:05:59+00:00,0,IOMT-023,S-IOMT-023-574,RESEARCH,EP-IND-04562
NET-04563,2026-01-01 11:06:12+00:00,0,IOMT-031,S-IOMT-031-575,IMAGING,EP-IND-04563
NET-04564,2026-01-01 11:06:21+00:00,0,IOMT-018,S-IOMT-018-576,RESEARCH,EP-IND-04564
NET-04565,2026-01-01 11:06:24+00:00,0,IOMT-035,S-IOMT-035-577,IMAGING,EP-IND-04565
NET-04566,2026-01-01 11:06:29+00:00,0,IOMT-030,S-IOMT-030-578,EHR_WRITE,EP-IND-04566
NET-04567,2026-01-01 11:06:34+00:00,0,IOMT-038,S-IOMT-038-579,RESEARCH,EP-IND-04567
NET-04568,2026-01-01 11:06:45+00:00,0,IOMT-023,S-IOMT-023-580,LAB_RESULTS,EP-IND-04568
NET-04569,2026-01-01 11:06:48+00:00,1,IOMT-006,S-IOMT-006-581,RESEARCH,EP-IND-04569
NET-04570,2026-01-01 11:06:53+00:00,0,IOMT-030,S-IOMT-030-582,LAB_RESULTS,EP-IND-04570
NET-04571,2026-01-01 11:06:58+00:00,0,IOMT-002,S-IOMT-002-583,RESEARCH,EP-IND-04571
NET-04572,2026-01-01 11:07:15+00:00,0,IOMT-043,S-IOMT-043-584,LAB_RESULTS,EP-IND-04572
NET-04573,2026-01-01 11:07:19+00:00,0,IOMT-035,S-IOMT-035-585,EHR_READ,EP-IND-04573
NET-04574,2026-01-01 11:07:41+00:00,0,IOMT-026,S-IOMT-026-586,IMAGING,EP-IND-04574
NET-04575,2026-01-01 11:08:10+00:00,0,IOMT-046,S-IOMT-046-587,LAB_RESULTS,EP-IND-04575
NET-04576,2026-01-01 11:08:22+00:00,0,IOMT-010,S-IOMT-010-588,IMAGING,EP-IND-04576
NET-04577,2026-01-01 11:08:38+00:00,0,IOMT-031,S-IOMT-031-589,IMAGING,EP-IND-04577
NET-04578,2026-01-01 11:08:46+00:00,0,IOMT-048,S-IOMT-048-590,EHR_WRITE,EP-IND-04578
NET-04579,2026-01-01 11:09:00+00:00,0,IOMT-023,S-IOMT-023-591,EHR_WRITE,EP-IND-04579
NET-04580,2026-01-01 11:09:00+00:00,0,IOMT-007,S-IOMT-007-592,RESEARCH,EP-IND-04580
NET-04581,2026-01-01 11:09:07+00:00,0,IOMT-040,S-IOMT-040-593,IMAGING,EP-IND-04581
NET-04582,2026-01-01 11:09:24+00:00,0,IOMT-018,S-IOMT-018-594,RESEARCH,EP-IND-04582
NET-04583,2026-01-01 11:09:25+00:00,0,IOMT-041,S-IOMT-041-595,IMAGING,EP-IND-04583
NET-04584,2026-01-01 11:09:26+00:00,0,IOMT-022,S-IOMT-022-596,LAB_RESULTS,EP-IND-04584
NET-04585,2026-01-01 11:09:33+00:00,0,IOMT-026,S-IOMT-026-597,LAB_RESULTS,EP-IND-04585
NET-04586,2026-01-01 11:09:40+00:00,0,IOMT-044,S-IOMT-044-598,EHR_WRITE,EP-IND-04586
NET-04587,2026-01-01 11:09:47+00:00,0,IOMT-015,S-IOMT-015-599,EHR_WRITE,EP-IND-04587
NET-04588,2026-01-01 11:10:01+00:00,0,IOMT-013,S-IOMT-013-600,RESEARCH,EP-IND-04588
NET-04589,2026-01-01 11:10:07+00:00,0,IOMT-040,S-IOMT-040-601,RESEARCH,EP-IND-04589
NET-04590,2026-01-01 11:10:20+00:00,0,IOMT-016,S-IOMT-016-602,IMAGING,EP-IND-04590
NET-04591,2026-01-01 11:10:56+00:00,1,IOMT-039,S-IOMT-039-603,EHR_READ,EP-IND-04591
NET-04592,2026-01-01 11:10:58+00:00,0,IOMT-021,S-IOMT-021-604,IMAGING,EP-IND-04592
NET-04593,2026-01-01 11:11:01+00:00,0,IOMT-028,S-IOMT-028-605,EHR_READ,EP-IND-04593
NET-04594,2026-01-01 11:11:12+00:00,0,IOMT-020,S-IOMT-020-606,EHR_WRITE,EP-IND-04594
NET-04595,2026-01-01 11:11:17+00:00,0,IOMT-029,S-IOMT-029-607,LAB_RESULTS,EP-IND-04595
NET-04596,2026-01-01 11:11:28+00:00,1,IOMT-027,S-IOMT-027-608,EHR_WRITE,EP-IND-04596
NET-04597,2026-01-01 11:12:02+00:00,0,IOMT-040,S-IOMT-040-609,EHR_READ,EP-IND-04597
NET-04598,2026-01-01 11:12:03+00:00,0,IOMT-032,S-IOMT-032-610,RESEARCH,EP-IND-04598
NET-04599,2026-01-01 11:12:20+00:00,0,IOMT-040,S-IOMT-040-611,RESEARCH,EP-IND-04599
NET-04600,2026-01-01 11:12:34+00:00,0,IOMT-020,S-IOMT-020-612,EHR_READ,EP-IND-04600
NET-04601,2026-01-01 11:12:49+00:00,0,IOMT-035,S-IOMT-035-613,IMAGING,EP-IND-04601
NET-04602,2026-01-01 11:13:00+00:00,1,IOMT-014,S-IOMT-014-614,EHR_WRITE,EP-IND-04602
NET-04603,2026-01-01 11:13:04+00:00,0,IOMT-031,S-IOMT-031-615,RESEARCH,EP-IND-04603
NET-04604,2026-01-01 11:13:10+00:00,0,IOMT-039,S-IOMT-039-616,LAB_RESULTS,EP-IND-04604
NET-04605,2026-01-01 11:13:16+00:00,0,IOMT-032,S-IOMT-032-617,IMAGING,EP-IND-04605
NET-04606,2026-01-01 11:13:23+00:00,0,IOMT-025,S-IOMT-025-618,RESEARCH,EP-IND-04606
NET-04607,2026-01-01 11:13:31+00:00,0,IOMT-007,S-IOMT-007-619,LAB_RESULTS,EP-IND-04607
NET-04608,2026-01-01 11:13:37+00:00,0,IOMT-026,S-IOMT-026-620,EHR_WRITE,EP-IND-04608
NET-04609,2026-01-01 11:13:46+00:00,0,IOMT-026,S-IOMT-026-621,EHR_WRITE,EP-IND-04609
NET-04610,2026-01-01 11:13:48+00:00,0,IOMT-016,S-IOMT-016-622,IMAGING,EP-IND-04610
NET-04611,2026-01-01 11:14:07+00:00,1,IOMT-049,S-IOMT-049-623,EHR_WRITE,EP-IND-04611
NET-04612,2026-01-01 11:14:32+00:00,0,IOMT-001,S-IOMT-001-624,RESEARCH,EP-IND-04612
NET-04613,2026-01-01 11:14:51+00:00,0,IOMT-014,S-IOMT-014-625,EHR_WRITE,EP-IND-04613
NET-04614,2026-01-01 11:14:54+00:00,0,IOMT-045,S-IOMT-045-626,EHR_WRITE,EP-IND-04614
NET-04615,2026-01-01 11:15:10+00:00,0,IOMT-007,S-IOMT-007-627,EHR_WRITE,EP-IND-04615
NET-04616,2026-01-01 11:15:14+00:00,0,IOMT-033,S-IOMT-033-628,EHR_READ,EP-IND-04616
NET-04617,2026-01-01 11:15:34+00:00,0,IOMT-002,S-IOMT-002-629,EHR_READ,EP-IND-04617
NET-04618,2026-01-01 11:15:41+00:00,0,IOMT-025,S-IOMT-025-630,EHR_WRITE,EP-IND-04618
NET-04619,2026-01-01 11:16:03+00:00,0,IOMT-013,S-IOMT-013-631,EHR_WRITE,EP-IND-04619
NET-04620,2026-01-01 11:16:05+00:00,0,IOMT-026,S-IOMT-026-632,LAB_RESULTS,EP-IND-04620
NET-04621,2026-01-01 11:16:11+00:00,0,IOMT-036,S-IOMT-036-633,EHR_READ,EP-IND-04621
NET-04622,2026-01-01 11:16:12+00:00,0,IOMT-042,S-IOMT-042-634,EHR_WRITE,EP-IND-04622
NET-04623,2026-01-01 11:16:14+00:00,0,IOMT-023,S-IOMT-023-635,EHR_WRITE,EP-IND-04623
NET-04624,2026-01-01 11:16:18+00:00,0,IOMT-024,S-IOMT-024-636,LAB_RESULTS,EP-IND-04624
NET-04625,2026-01-01 11:16:32+00:00,0,IOMT-033,S-IOMT-033-637,RESEARCH,EP-IND-04625
NET-04626,2026-01-01 11:16:36+00:00,0,IOMT-004,S-IOMT-004-638,LAB_RESULTS,EP-IND-04626
NET-04627,2026-01-01 11:16:48+00:00,0,IOMT-026,S-IOMT-026-639,EHR_READ,EP-IND-04627
NET-04628,2026-01-01 11:16:58+00:00,0,IOMT-024,S-IOMT-024-640,EHR_WRITE,EP-IND-04628
NET-04629,2026-01-01 11:17:12+00:00,0,IOMT-023,S-IOMT-023-641,EHR_WRITE,EP-IND-04629
NET-04630,2026-01-01 11:17:13+00:00,0,IOMT-048,S-IOMT-048-642,EHR_WRITE,EP-IND-04630
NET-04631,2026-01-01 11:17:20+00:00,0,IOMT-038,S-IOMT-038-643,EHR_WRITE,EP-IND-04631
NET-04632,2026-01-01 11:17:28+00:00,0,IOMT-006,S-IOMT-006-644,IMAGING,EP-IND-04632
NET-04633,2026-01-01 11:17:31+00:00,0,IOMT-030,S-IOMT-030-645,EHR_READ,EP-IND-04633
NET-04634,2026-01-01 11:17:34+00:00,0,IOMT-000,S-IOMT-000-646,LAB_RESULTS,EP-IND-04634
NET-04635,2026-01-01 11:17:39+00:00,0,IOMT-042,S-IOMT-042-647,EHR_WRITE,EP-IND-04635
NET-04636,2026-01-01 11:18:03+00:00,1,IOMT-021,S-IOMT-021-648,LAB_RESULTS,EP-IND-04636
NET-04637,2026-01-01 11:18:17+00:00,0,IOMT-038,S-IOMT-038-649,LAB_RESULTS,EP-IND-04637
NET-04638,2026-01-01 11:18:19+00:00,0,IOMT-001,S-IOMT-001-650,EHR_WRITE,EP-IND-04638
NET-04639,2026-01-01 11:18:20+00:00,0,IOMT-025,S-IOMT-025-651,LAB_RESULTS,EP-IND-04639
NET-04640,2026-01-01 11:18:26+00:00,0,IOMT-019,S-IOMT-019-652,IMAGING,EP-IND-04640
NET-04641,2026-01-01 11:18:32+00:00,0,IOMT-013,S-IOMT-013-653,IMAGING,EP-IND-04641
NET-04642,2026-01-01 11:18:56+00:00,0,IOMT-015,S-IOMT-015-654,EHR_WRITE,EP-IND-04642
NET-04643,2026-01-01 11:19:17+00:00,1,IOMT-005,S-IOMT-005-655,RESEARCH,EP-IND-04643
NET-04644,2026-01-01 11:19:18+00:00,0,IOMT-011,S-IOMT-011-656,LAB_RESULTS,EP-IND-04644
NET-04645,2026-01-01 11:19:26+00:00,0,IOMT-011,S-IOMT-011-657,LAB_RESULTS,EP-IND-04645
NET-04646,2026-01-01 11:19:29+00:00,0,IOMT-038,S-IOMT-038-658,EHR_READ,EP-IND-04646
NET-04647,2026-01-01 11:19:31+00:00,0,IOMT-031,S-IOMT-031-659,RESEARCH,EP-IND-04647
NET-04648,2026-01-01 11:19:42+00:00,0,IOMT-016,S-IOMT-016-660,IMAGING,EP-IND-04648
NET-04649,2026-01-01 11:19:44+00:00,0,IOMT-046,S-IOMT-046-661,RESEARCH,EP-IND-04649
NET-04650,2026-01-01 11:19:44+00:00,0,IOMT-001,S-IOMT-001-662,IMAGING,EP-IND-04650
NET-04651,2026-01-01 11:19:44+00:00,0,IOMT-035,S-IOMT-035-663,LAB_RESULTS,EP-IND-04651
NET-04652,2026-01-01 11:19:56+00:00,0,IOMT-048,S-IOMT-048-664,RESEARCH,EP-IND-04652
NET-04653,2026-01-01 11:20:08+00:00,0,IOMT-011,S-IOMT-011-665,RESEARCH,EP-IND-04653
NET-04654,2026-01-01 11:20:16+00:00,0,IOMT-006,S-IOMT-006-666,EHR_WRITE,EP-IND-04654
NET-04655,2026-01-01 11:20:16+00:00,0,IOMT-016,S-IOMT-016-667,EHR_WRITE,EP-IND-04655
NET-04656,2026-01-01 11:20:35+00:00,0,IOMT-049,S-IOMT-049-668,EHR_WRITE,EP-IND-04656
NET-04657,2026-01-01 11:20:52+00:00,0,IOMT-035,S-IOMT-035-669,EHR_WRITE,EP-IND-04657
NET-04658,2026-01-01 11:21:22+00:00,1,IOMT-012,S-IOMT-012-670,IMAGING,EP-IND-04658
NET-04659,2026-01-01 11:21:51+00:00,0,IOMT-035,S-IOMT-035-671,EHR_WRITE,EP-IND-04659
NET-04660,2026-01-01 11:22:03+00:00,0,IOMT-026,S-IOMT-026-672,IMAGING,EP-IND-04660
NET-04661,2026-01-01 11:22:20+00:00,0,IOMT-040,S-IOMT-040-673,EHR_WRITE,EP-IND-04661
NET-04662,2026-01-01 11:22:22+00:00,0,IOMT-013,S-IOMT-013-674,EHR_READ,EP-IND-04662
NET-04663,2026-01-01 11:22:47+00:00,0,IOMT-045,S-IOMT-045-675,LAB_RESULTS,EP-IND-04663
NET-04664,2026-01-01 11:23:05+00:00,0,IOMT-037,S-IOMT-037-676,RESEARCH,EP-IND-04664
NET-04665,2026-01-01 11:23:07+00:00,0,IOMT-008,S-IOMT-008-677,EHR_READ,EP-IND-04665
NET-04666,2026-01-01 11:23:19+00:00,0,IOMT-035,S-IOMT-035-678,RESEARCH,EP-IND-04666
NET-04667,2026-01-01 11:23:23+00:00,0,IOMT-023,S-IOMT-023-679,IMAGING,EP-IND-04667
NET-04668,2026-01-01 11:23:27+00:00,0,IOMT-022,S-IOMT-022-680,LAB_RESULTS,EP-IND-04668
NET-04669,2026-01-01 11:23:38+00:00,0,IOMT-011,S-IOMT-011-681,EHR_READ,EP-IND-04669
NET-04670,2026-01-01 11:23:47+00:00,1,IOMT-010,S-IOMT-010-682,IMAGING,EP-IND-04670
NET-04671,2026-01-01 11:23:52+00:00,0,IOMT-007,S-IOMT-007-683,LAB_RESULTS,EP-IND-04671
NET-04672,2026-01-01 11:23:54+00:00,1,IOMT-037,S-IOMT-037-684,IMAGING,EP-IND-04672
NET-04673,2026-01-01 11:23:54+00:00,0,IOMT-033,S-IOMT-033-685,IMAGING,EP-IND-04673
NET-04674,2026-01-01 11:23:58+00:00,0,IOMT-035,S-IOMT-035-686,EHR_READ,EP-IND-04674
NET-04675,2026-01-01 11:24:12+00:00,0,IOMT-024,S-IOMT-024-687,EHR_WRITE,EP-IND-04675
NET-04676,2026-01-01 11:24:35+00:00,0,IOMT-015,S-IOMT-015-688,IMAGING,EP-IND-04676
NET-04677,2026-01-01 11:24:53+00:00,0,IOMT-007,S-IOMT-007-689,IMAGING,EP-IND-04677
NET-04678,2026-01-01 11:24:56+00:00,0,IOMT-039,S-IOMT-039-690,RESEARCH,EP-IND-04678
NET-04679,2026-01-01 11:24:57+00:00,0,IOMT-012,S-IOMT-012-691,EHR_READ,EP-IND-04679
NET-04680,2026-01-01 11:25:08+00:00,0,IOMT-049,S-IOMT-049-692,EHR_READ,EP-IND-04680
NET-04681,2026-01-01 11:25:10+00:00,0,IOMT-044,S-IOMT-044-693,LAB_RESULTS,EP-IND-04681
NET-04682,2026-01-01 11:25:20+00:00,0,IOMT-011,S-IOMT-011-694,EHR_WRITE,EP-IND-04682
NET-04683,2026-01-01 11:25:48+00:00,0,IOMT-032,S-IOMT-032-695,EHR_WRITE,EP-IND-04683
NET-04684,2026-01-01 11:25:53+00:00,0,IOMT-003,S-IOMT-003-696,LAB_RESULTS,EP-IND-04684
NET-04685,2026-01-01 11:25:54+00:00,0,IOMT-024,S-IOMT-024-697,EHR_WRITE,EP-IND-04685
NET-04686,2026-01-01 11:25:55+00:00,0,IOMT-026,S-IOMT-026-698,LAB_RESULTS,EP-IND-04686
NET-04687,2026-01-01 11:26:01+00:00,0,IOMT-009,S-IOMT-009-699,EHR_READ,EP-IND-04687
NET-04688,2026-01-01 11:26:08+00:00,0,IOMT-006,S-IOMT-006-700,EHR_WRITE,EP-IND-04688
NET-04689,2026-01-01 11:26:20+00:00,0,IOMT-041,S-IOMT-041-701,LAB_RESULTS,EP-IND-04689
NET-04690,2026-01-01 11:26:28+00:00,0,IOMT-010,S-IOMT-010-702,LAB_RESULTS,EP-IND-04690
NET-04691,2026-01-01 11:26:30+00:00,0,IOMT-007,S-IOMT-007-703,EHR_READ,EP-IND-04691
NET-04692,2026-01-01 11:26:38+00:00,0,IOMT-026,S-IOMT-026-704,RESEARCH,EP-IND-04692
NET-04693,2026-01-01 11:26:45+00:00,0,IOMT-029,S-IOMT-029-705,EHR_WRITE,EP-IND-04693
NET-04694,2026-01-01 11:26:49+00:00,0,IOMT-006,S-IOMT-006-706,EHR_READ,EP-IND-04694
NET-04695,2026-01-01 11:27:07+00:00,0,IOMT-024,S-IOMT-024-707,LAB_RESULTS,EP-IND-04695
NET-04696,2026-01-01 11:27:09+00:00,0,IOMT-023,S-IOMT-023-708,EHR_WRITE,EP-IND-04696
NET-04697,2026-01-01 11:27:10+00:00,0,IOMT-040,S-IOMT-040-709,IMAGING,EP-IND-04697
NET-04698,2026-01-01 11:27:14+00:00,0,IOMT-029,S-IOMT-029-710,RESEARCH,EP-IND-04698
NET-04699,2026-01-01 11:27:26+00:00,0,IOMT-021,S-IOMT-021-711,EHR_READ,EP-IND-04699
NET-04700,2026-01-01 11:27:27+00:00,0,IOMT-023,S-IOMT-023-712,EHR_WRITE,EP-IND-04700
NET-04701,2026-01-01 11:27:35+00:00,0,IOMT-008,S-IOMT-008-713,RESEARCH,EP-IND-04701
NET-04702,2026-01-01 11:27:39+00:00,0,IOMT-006,S-IOMT-006-714,EHR_READ,EP-IND-04702
NET-04703,2026-01-01 11:27:45+00:00,1,IOMT-007,S-IOMT-007-715,LAB_RESULTS,EP-IND-04703
NET-04704,2026-01-01 11:27:46+00:00,0,IOMT-010,S-IOMT-010-716,IMAGING,EP-IND-04704
NET-04705,2026-01-01 11:27:46+00:00,0,IOMT-045,S-IOMT-045-717,RESEARCH,EP-IND-04705
NET-04706,2026-01-01 11:27:56+00:00,0,IOMT-008,S-IOMT-008-718,LAB_RESULTS,EP-IND-04706
NET-04707,2026-01-01 11:28:03+00:00,0,IOMT-006,S-IOMT-006-719,LAB_RESULTS,EP-IND-04707
NET-04708,2026-01-01 11:28:05+00:00,0,IOMT-044,S-IOMT-044-720,LAB_RESULTS,EP-IND-04708
NET-04709,2026-01-01 11:28:10+00:00,0,IOMT-022,S-IOMT-022-721,EHR_WRITE,EP-IND-04709
NET-04710,2026-01-01 11:28:11+00:00,0,IOMT-034,S-IOMT-034-722,LAB_RESULTS,EP-IND-04710
NET-04711,2026-01-01 11:28:15+00:00,0,IOMT-016,S-IOMT-016-723,EHR_WRITE,EP-IND-04711
NET-04712,2026-01-01 11:28:18+00:00,0,IOMT-031,S-IOMT-031-724,LAB_RESULTS,EP-IND-04712
NET-04713,2026-01-01 11:28:34+00:00,0,IOMT-000,S-IOMT-000-725,RESEARCH,EP-IND-04713
NET-04714,2026-01-01 11:28:39+00:00,0,IOMT-008,S-IOMT-008-726,LAB_RESULTS,EP-IND-04714
NET-04715,2026-01-01 11:28:48+00:00,0,IOMT-042,S-IOMT-042-727,EHR_WRITE,EP-IND-04715
NET-04716,2026-01-01 11:28:56+00:00,0,IOMT-026,S-IOMT-026-728,EHR_READ,EP-IND-04716
NET-04717,2026-01-01 11:29:00+00:00,0,IOMT-048,S-IOMT-048-729,RESEARCH,EP-IND-04717
NET-04718,2026-01-01 11:29:14+00:00,0,IOMT-005,S-IOMT-005-730,EHR_WRITE,EP-IND-04718
NET-04719,2026-01-01 11:29:39+00:00,0,IOMT-008,S-IOMT-008-731,EHR_READ,EP-IND-04719
NET-04720,2026-01-01 11:30:08+00:00,0,IOMT-028,S-IOMT-028-732,LAB_RESULTS,EP-IND-04720
NET-04721,2026-01-01 11:30:16+00:00,0,IOMT-024,S-IOMT-024-733,EHR_READ,EP-IND-04721
NET-04722,2026-01-01 11:30:18+00:00,0,IOMT-007,S-IOMT-007-734,EHR_READ,EP-IND-04722
NET-04723,2026-01-01 11:30:35+00:00,0,IOMT-036,S-IOMT-036-735,RESEARCH,EP-IND-04723
NET-04724,2026-01-01 11:30:37+00:00,0,IOMT-014,S-IOMT-014-736,RESEARCH,EP-IND-04724
NET-04725,2026-01-01 11:30:42+00:00,0,IOMT-040,S-IOMT-040-737,LAB_RESULTS,EP-IND-04725
NET-04726,2026-01-01 11:30:52+00:00,0,IOMT-010,S-IOMT-010-738,RESEARCH,EP-IND-04726
NET-04727,2026-01-01 11:30:52+00:00,0,IOMT-026,S-IOMT-026-739,LAB_RESULTS,EP-IND-04727
NET-04728,2026-01-01 11:30:53+00:00,0,IOMT-030,S-IOMT-030-740,EHR_WRITE,EP-IND-04728
NET-04729,2026-01-01 11:30:57+00:00,0,IOMT-019,S-IOMT-019-741,EHR_WRITE,EP-IND-04729
NET-04730,2026-01-01 11:31:00+00:00,0,IOMT-019,S-IOMT-019-742,IMAGING,EP-IND-04730
NET-04731,2026-01-01 11:31:09+00:00,0,IOMT-006,S-IOMT-006-743,RESEARCH,EP-IND-04731
NET-04732,2026-01-01 11:31:17+00:00,0,IOMT-017,S-IOMT-017-744,RESEARCH,EP-IND-04732
NET-04733,2026-01-01 11:31:18+00:00,0,IOMT-040,S-IOMT-040-745,IMAGING,EP-IND-04733
NET-04734,2026-01-01 11:31:23+00:00,0,IOMT-033,S-IOMT-033-746,RESEARCH,EP-IND-04734
NET-04735,2026-01-01 11:31:36+00:00,0,IOMT-004,S-IOMT-004-747,EHR_WRITE,EP-IND-04735
NET-04736,2026-01-01 11:31:43+00:00,0,IOMT-048,S-IOMT-048-748,RESEARCH,EP-IND-04736
NET-04737,2026-01-01 11:31:46+00:00,0,IOMT-023,S-IOMT-023-749,IMAGING,EP-IND-04737
NET-04738,2026-01-01 11:32:05+00:00,0,IOMT-045,S-IOMT-045-750,LAB_RESULTS,EP-IND-04738
NET-04739,2026-01-01 11:32:05+00:00,0,IOMT-027,S-IOMT-027-751,IMAGING,EP-IND-04739
NET-04740,2026-01-01 11:32:37+00:00,0,IOMT-047,S-IOMT-047-752,EHR_READ,EP-IND-04740
NET-04741,2026-01-01 11:32:45+00:00,0,IOMT-025,S-IOMT-025-753,IMAGING,EP-IND-04741
NET-04742,2026-01-01 11:33:08+00:00,0,IOMT-044,S-IOMT-044-754,IMAGING,EP-IND-04742
NET-04743,2026-01-01 11:33:22+00:00,0,IOMT-017,S-IOMT-017-755,IMAGING,EP-IND-04743
NET-04744,2026-01-01 11:33:25+00:00,0,IOMT-049,S-IOMT-049-756,RESEARCH,EP-IND-04744
NET-04745,2026-01-01 11:33:27+00:00,0,IOMT-001,S-IOMT-001-757,RESEARCH,EP-IND-04745
NET-04746,2026-01-01 11:33:28+00:00,0,IOMT-045,S-IOMT-045-758,IMAGING,EP-IND-04746
NET-04747,2026-01-01 11:33:30+00:00,0,IOMT-022,S-IOMT-022-759,LAB_RESULTS,EP-IND-04747
NET-04748,2026-01-01 11:33:31+00:00,0,IOMT-042,S-IOMT-042-760,EHR_WRITE,EP-IND-04748
NET-04749,2026-01-01 11:33:32+00:00,0,IOMT-026,S-IOMT-026-761,RESEARCH,EP-IND-04749
NET-04750,2026-01-01 11:33:39+00:00,0,IOMT-035,S-IOMT-035-762,IMAGING,EP-IND-04750
NET-04751,2026-01-01 11:33:42+00:00,0,IOMT-022,S-IOMT-022-763,IMAGING,EP-IND-04751
NET-04752,2026-01-01 11:33:42+00:00,0,IOMT-012,S-IOMT-012-764,IMAGING,EP-IND-04752
NET-04753,2026-01-01 11:33:57+00:00,0,IOMT-010,S-IOMT-010-765,EHR_READ,EP-IND-04753
NET-04754,2026-01-01 11:34:01+00:00,0,IOMT-012,S-IOMT-012-766,RESEARCH,EP-IND-04754
NET-04755,2026-01-01 11:34:29+00:00,0,IOMT-038,S-IOMT-038-767,LAB_RESULTS,EP-IND-04755
NET-04756,2026-01-01 11:34:50+00:00,0,IOMT-002,S-IOMT-002-768,RESEARCH,EP-IND-04756
NET-04757,2026-01-01 11:34:55+00:00,0,IOMT-025,S-IOMT-025-769,IMAGING,EP-IND-04757
NET-04758,2026-01-01 11:35:15+00:00,0,IOMT-019,S-IOMT-019-770,EHR_WRITE,EP-IND-04758
NET-04759,2026-01-01 11:35:22+00:00,0,IOMT-044,S-IOMT-044-771,RESEARCH,EP-IND-04759
NET-04760,2026-01-01 11:35:25+00:00,0,IOMT-033,S-IOMT-033-772,RESEARCH,EP-IND-04760
NET-04761,2026-01-01 11:35:34+00:00,0,IOMT-027,S-IOMT-027-773,EHR_READ,EP-IND-04761
NET-04762,2026-01-01 11:35:34+00:00,0,IOMT-023,S-IOMT-023-774,EHR_WRITE,EP-IND-04762
NET-04763,2026-01-01 11:35:37+00:00,0,IOMT-029,S-IOMT-029-775,LAB_RESULTS,EP-IND-04763
NET-04764,2026-01-01 11:36:08+00:00,0,IOMT-038,S-IOMT-038-776,EHR_READ,EP-IND-04764
NET-04765,2026-01-01 11:36:24+00:00,0,IOMT-035,S-IOMT-035-777,RESEARCH,EP-IND-04765
NET-04766,2026-01-01 11:36:33+00:00,0,IOMT-001,S-IOMT-001-778,EHR_READ,EP-IND-04766
NET-04767,2026-01-01 11:36:33+00:00,0,IOMT-043,S-IOMT-043-779,EHR_WRITE,EP-IND-04767
NET-04768,2026-01-01 11:36:34+00:00,0,IOMT-023,S-IOMT-023-780,RESEARCH,EP-IND-04768
NET-04769,2026-01-01 11:36:43+00:00,0,IOMT-035,S-IOMT-035-781,EHR_WRITE,EP-IND-04769
NET-04770,2026-01-01 11:36:56+00:00,0,IOMT-027,S-IOMT-027-782,EHR_READ,EP-IND-04770
NET-04771,2026-01-01 11:37:00+00:00,0,IOMT-045,S-IOMT-045-783,EHR_WRITE,EP-IND-04771
NET-04772,2026-01-01 11:37:14+00:00,0,IOMT-005,S-IOMT-005-784,EHR_READ,EP-IND-04772
NET-04773,2026-01-01 11:37:14+00:00,0,IOMT-030,S-IOMT-030-785,EHR_WRITE,EP-IND-04773
NET-04774,2026-01-01 11:37:17+00:00,0,IOMT-039,S-IOMT-039-786,LAB_RESULTS,EP-IND-04774
NET-04775,2026-01-01 11:37:17+00:00,0,IOMT-000,S-IOMT-000-787,LAB_RESULTS,EP-IND-04775
NET-04776,2026-01-01 11:37:43+00:00,0,IOMT-049,S-IOMT-049-788,IMAGING,EP-IND-04776
NET-04777,2026-01-01 11:37:46+00:00,0,IOMT-000,S-IOMT-000-789,RESEARCH,EP-IND-04777
NET-04778,2026-01-01 11:37:50+00:00,0,IOMT-007,S-IOMT-007-790,EHR_WRITE,EP-IND-04778
NET-04779,2026-01-01 11:37:50+00:00,0,IOMT-016,S-IOMT-016-791,LAB_RESULTS,EP-IND-04779
NET-04780,2026-01-01 11:37:53+00:00,0,IOMT-042,S-IOMT-042-792,EHR_READ,EP-IND-04780
NET-04781,2026-01-01 11:37:53+00:00,0,IOMT-048,S-IOMT-048-793,RESEARCH,EP-IND-04781
NET-04782,2026-01-01 11:38:04+00:00,0,IOMT-031,S-IOMT-031-794,EHR_WRITE,EP-IND-04782
NET-04783,2026-01-01 11:38:18+00:00,0,IOMT-019,S-IOMT-019-795,IMAGING,EP-IND-04783
NET-04784,2026-01-01 11:38:38+00:00,0,IOMT-036,S-IOMT-036-796,LAB_RESULTS,EP-IND-04784
NET-04785,2026-01-01 11:38:42+00:00,0,IOMT-029,S-IOMT-029-797,EHR_READ,EP-IND-04785
NET-04786,2026-01-01 11:38:53+00:00,0,IOMT-018,S-IOMT-018-798,EHR_READ,EP-IND-04786
NET-04787,2026-01-01 11:39:03+00:00,0,IOMT-048,S-IOMT-048-799,EHR_WRITE,EP-IND-04787
NET-04788,2026-01-01 11:39:07+00:00,0,IOMT-010,S-IOMT-010-800,LAB_RESULTS,EP-IND-04788
NET-04789,2026-01-01 11:39:09+00:00,0,IOMT-017,S-IOMT-017-801,LAB_RESULTS,EP-IND-04789
NET-04790,2026-01-01 11:39:10+00:00,0,IOMT-003,S-IOMT-003-802,EHR_READ,EP-IND-04790
NET-04791,2026-01-01 11:39:12+00:00,0,IOMT-047,S-IOMT-047-803,IMAGING,EP-IND-04791
NET-04792,2026-01-01 11:39:24+00:00,0,IOMT-021,S-IOMT-021-804,LAB_RESULTS,EP-IND-04792
NET-04793,2026-01-01 11:39:39+00:00,0,IOMT-028,S-IOMT-028-805,EHR_WRITE,EP-IND-04793
NET-04794,2026-01-01 11:39:45+00:00,0,IOMT-044,S-IOMT-044-806,RESEARCH,EP-IND-04794
NET-04795,2026-01-01 11:39:49+00:00,0,IOMT-041,S-IOMT-041-807,RESEARCH,EP-IND-04795
NET-04796,2026-01-01 11:39:54+00:00,0,IOMT-035,S-IOMT-035-808,EHR_WRITE,EP-IND-04796
NET-04797,2026-01-01 11:39:57+00:00,0,IOMT-024,S-IOMT-024-809,LAB_RESULTS,EP-IND-04797
NET-04798,2026-01-01 11:40:00+00:00,0,IOMT-039,S-IOMT-039-810,RESEARCH,EP-IND-04798
NET-04799,2026-01-01 11:40:07+00:00,0,IOMT-017,S-IOMT-017-811,EHR_WRITE,EP-IND-04799
NET-04800,2026-01-01 11:40:21+00:00,0,IOMT-022,S-IOMT-022-812,RESEARCH,EP-IND-04800
NET-04801,2026-01-01 11:40:29+00:00,0,IOMT-015,S-IOMT-015-813,EHR_READ,EP-IND-04801
NET-04802,2026-01-01 11:40:33+00:00,0,IOMT-030,S-IOMT-030-814,LAB_RESULTS,EP-IND-04802
NET-04803,2026-01-01 11:40:34+00:00,0,IOMT-015,S-IOMT-015-815,EHR_READ,EP-IND-04803
NET-04804,2026-01-01 11:40:52+00:00,1,IOMT-031,S-IOMT-031-816,LAB_RESULTS,EP-IND-04804
NET-04805,2026-01-01 11:41:00+00:00,0,IOMT-024,S-IOMT-024-817,IMAGING,EP-IND-04805
NET-04806,2026-01-01 11:41:02+00:00,0,IOMT-010,S-IOMT-010-818,RESEARCH,EP-IND-04806
NET-04807,2026-01-01 11:41:09+00:00,0,IOMT-034,S-IOMT-034-819,EHR_WRITE,EP-IND-04807
NET-04808,2026-01-01 11:41:13+00:00,0,IOMT-011,S-IOMT-011-820,EHR_READ,EP-IND-04808
NET-04809,2026-01-01 11:41:14+00:00,0,IOMT-018,S-IOMT-018-821,IMAGING,EP-IND-04809
NET-04810,2026-01-01 11:41:28+00:00,0,IOMT-035,S-IOMT-035-822,EHR_READ,EP-IND-04810
NET-04811,2026-01-01 11:41:32+00:00,0,IOMT-012,S-IOMT-012-823,EHR_READ,EP-IND-04811
NET-04812,2026-01-01 11:42:04+00:00,0,IOMT-001,S-IOMT-001-824,IMAGING,EP-IND-04812
NET-04813,2026-01-01 11:42:11+00:00,0,IOMT-010,S-IOMT-010-825,RESEARCH,EP-IND-04813
NET-04814,2026-01-01 11:42:17+00:00,0,IOMT-046,S-IOMT-046-826,RESEARCH,EP-IND-04814
NET-04815,2026-01-01 11:42:18+00:00,0,IOMT-001,S-IOMT-001-827,EHR_WRITE,EP-IND-04815
NET-04816,2026-01-01 11:42:21+00:00,0,IOMT-039,S-IOMT-039-828,RESEARCH,EP-IND-04816
NET-04817,2026-01-01 11:42:26+00:00,0,IOMT-005,S-IOMT-005-829,EHR_READ,EP-IND-04817
NET-04818,2026-01-01 11:42:40+00:00,0,IOMT-032,S-IOMT-032-830,EHR_WRITE,EP-IND-04818
NET-04819,2026-01-01 11:42:42+00:00,0,IOMT-001,S-IOMT-001-831,EHR_READ,EP-IND-04819
NET-04820,2026-01-01 11:43:01+00:00,0,IOMT-022,S-IOMT-022-832,RESEARCH,EP-IND-04820
NET-04821,2026-01-01 11:43:12+00:00,0,IOMT-045,S-IOMT-045-833,EHR_WRITE,EP-IND-04821
NET-04822,2026-01-01 11:43:16+00:00,1,IOMT-035,S-IOMT-035-834,LAB_RESULTS,EP-IND-04822
NET-04823,2026-01-01 11:43:45+00:00,0,IOMT-048,S-IOMT-048-835,LAB_RESULTS,EP-IND-04823
NET-04824,2026-01-01 11:44:14+00:00,0,IOMT-049,S-IOMT-049-836,EHR_WRITE,EP-IND-04824
NET-04825,2026-01-01 11:44:19+00:00,1,IOMT-026,S-IOMT-026-837,EHR_WRITE,EP-IND-04825
NET-04826,2026-01-01 11:44:34+00:00,0,IOMT-030,S-IOMT-030-838,EHR_WRITE,EP-IND-04826
NET-04827,2026-01-01 11:44:40+00:00,0,IOMT-044,S-IOMT-044-839,IMAGING,EP-IND-04827
NET-04828,2026-01-01 11:44:49+00:00,0,IOMT-049,S-IOMT-049-840,EHR_READ,EP-IND-04828
NET-04829,2026-01-01 11:44:54+00:00,0,IOMT-019,S-IOMT-019-841,EHR_WRITE,EP-IND-04829
NET-04830,2026-01-01 11:45:06+00:00,0,IOMT-040,S-IOMT-040-842,EHR_WRITE,EP-IND-04830
NET-04831,2026-01-01 11:45:09+00:00,0,IOMT-002,S-IOMT-002-843,EHR_WRITE,EP-IND-04831
NET-04832,2026-01-01 11:45:17+00:00,0,IOMT-021,S-IOMT-021-844,IMAGING,EP-IND-04832
NET-04833,2026-01-01 11:46:08+00:00,0,IOMT-009,S-IOMT-009-845,EHR_WRITE,EP-IND-04833
NET-04834,2026-01-01 11:46:13+00:00,0,IOMT-024,S-IOMT-024-846,IMAGING,EP-IND-04834
NET-04835,2026-01-01 11:46:32+00:00,0,IOMT-049,S-IOMT-049-847,RESEARCH,EP-IND-04835
NET-04836,2026-01-01 11:47:07+00:00,0,IOMT-025,S-IOMT-025-848,EHR_READ,EP-IND-04836
NET-04837,2026-01-01 11:47:13+00:00,0,IOMT-014,S-IOMT-014-849,EHR_READ,EP-IND-04837
NET-04838,2026-01-01 11:47:32+00:00,0,IOMT-012,S-IOMT-012-850,EHR_READ,EP-IND-04838
NET-04839,2026-01-01 11:47:32+00:00,0,IOMT-015,S-IOMT-015-851,LAB_RESULTS,EP-IND-04839
NET-04840,2026-01-01 11:47:43+00:00,0,IOMT-041,S-IOMT-041-852,EHR_READ,EP-IND-04840
NET-04841,2026-01-01 11:47:47+00:00,0,IOMT-000,S-IOMT-000-853,EHR_READ,EP-IND-04841
NET-04842,2026-01-01 11:47:52+00:00,0,IOMT-031,S-IOMT-031-854,RESEARCH,EP-IND-04842
NET-04843,2026-01-01 11:47:53+00:00,0,IOMT-030,S-IOMT-030-855,LAB_RESULTS,EP-IND-04843
NET-04844,2026-01-01 11:48:09+00:00,0,IOMT-032,S-IOMT-032-856,EHR_WRITE,EP-IND-04844
NET-04845,2026-01-01 11:48:09+00:00,0,IOMT-007,S-IOMT-007-857,EHR_WRITE,EP-IND-04845
NET-04846,2026-01-01 11:48:39+00:00,0,IOMT-001,S-IOMT-001-858,IMAGING,EP-IND-04846
NET-04847,2026-01-01 11:48:45+00:00,0,IOMT-020,S-IOMT-020-859,IMAGING,EP-IND-04847
NET-04848,2026-01-01 11:48:47+00:00,0,IOMT-043,S-IOMT-043-860,LAB_RESULTS,EP-IND-04848
NET-04849,2026-01-01 11:49:02+00:00,0,IOMT-039,S-IOMT-039-861,EHR_WRITE,EP-IND-04849
NET-04850,2026-01-01 11:49:04+00:00,0,IOMT-034,S-IOMT-034-862,LAB_RESULTS,EP-IND-04850
NET-04851,2026-01-01 11:49:06+00:00,0,IOMT-036,S-IOMT-036-863,LAB_RESULTS,EP-IND-04851
NET-04852,2026-01-01 11:49:09+00:00,0,IOMT-036,S-IOMT-036-864,EHR_WRITE,EP-IND-04852
NET-04853,2026-01-01 11:49:09+00:00,0,IOMT-037,S-IOMT-037-865,EHR_WRITE,EP-IND-04853
NET-04854,2026-01-01 11:49:12+00:00,0,IOMT-042,S-IOMT-042-866,IMAGING,EP-IND-04854
NET-04855,2026-01-01 11:49:14+00:00,0,IOMT-045,S-IOMT-045-867,EHR_WRITE,EP-IND-04855
NET-04856,2026-01-01 11:49:19+00:00,0,IOMT-033,S-IOMT-033-868,EHR_WRITE,EP-IND-04856
NET-04857,2026-01-01 11:49:21+00:00,0,IOMT-047,S-IOMT-047-869,RESEARCH,EP-IND-04857
NET-04858,2026-01-01 11:50:05+00:00,0,IOMT-041,S-IOMT-041-870,EHR_READ,EP-IND-04858
NET-04859,2026-01-01 11:50:24+00:00,0,IOMT-049,S-IOMT-049-871,RESEARCH,EP-IND-04859
NET-04860,2026-01-01 11:50:24+00:00,0,IOMT-013,S-IOMT-013-872,EHR_WRITE,EP-IND-04860
NET-04861,2026-01-01 11:50:24+00:00,0,IOMT-039,S-IOMT-039-873,EHR_READ,EP-IND-04861
NET-04862,2026-01-01 11:50:26+00:00,0,IOMT-026,S-IOMT-026-874,RESEARCH,EP-IND-04862
NET-04863,2026-01-01 11:50:34+00:00,0,IOMT-043,S-IOMT-043-875,EHR_WRITE,EP-IND-04863
NET-04864,2026-01-01 11:50:35+00:00,0,IOMT-020,S-IOMT-020-876,EHR_READ,EP-IND-04864
NET-04865,2026-01-01 11:50:55+00:00,0,IOMT-008,S-IOMT-008-877,IMAGING,EP-IND-04865
NET-04866,2026-01-01 11:51:13+00:00,0,IOMT-029,S-IOMT-029-878,LAB_RESULTS,EP-IND-04866
NET-04867,2026-01-01 11:51:17+00:00,0,IOMT-002,S-IOMT-002-879,EHR_WRITE,EP-IND-04867
NET-04868,2026-01-01 11:51:34+00:00,0,IOMT-029,S-IOMT-029-880,IMAGING,EP-IND-04868
NET-04869,2026-01-01 11:51:36+00:00,0,IOMT-033,S-IOMT-033-881,EHR_READ,EP-IND-04869
NET-04870,2026-01-01 11:51:49+00:00,0,IOMT-047,S-IOMT-047-882,LAB_RESULTS,EP-IND-04870
NET-04871,2026-01-01 11:51:55+00:00,0,IOMT-038,S-IOMT-038-883,RESEARCH,EP-IND-04871
NET-04872,2026-01-01 11:52:13+00:00,0,IOMT-010,S-IOMT-010-884,LAB_RESULTS,EP-IND-04872
NET-04873,2026-01-01 11:52:14+00:00,0,IOMT-002,S-IOMT-002-885,EHR_READ,EP-IND-04873
NET-04874,2026-01-01 11:52:14+00:00,0,IOMT-013,S-IOMT-013-886,EHR_READ,EP-IND-04874
NET-04875,2026-01-01 11:52:18+00:00,0,IOMT-011,S-IOMT-011-887,EHR_WRITE,EP-IND-04875
NET-04876,2026-01-01 11:52:35+00:00,0,IOMT-002,S-IOMT-002-888,LAB_RESULTS,EP-IND-04876
NET-04877,2026-01-01 11:52:44+00:00,0,IOMT-006,S-IOMT-006-889,IMAGING,EP-IND-04877
NET-04878,2026-01-01 11:52:46+00:00,0,IOMT-010,S-IOMT-010-890,LAB_RESULTS,EP-IND-04878
NET-04879,2026-01-01 11:52:57+00:00,0,IOMT-004,S-IOMT-004-891,EHR_READ,EP-IND-04879
NET-04880,2026-01-01 11:53:12+00:00,0,IOMT-018,S-IOMT-018-892,EHR_READ,EP-IND-04880
NET-04881,2026-01-01 11:53:15+00:00,0,IOMT-011,S-IOMT-011-893,RESEARCH,EP-IND-04881
NET-04882,2026-01-01 11:53:22+00:00,0,IOMT-011,S-IOMT-011-894,IMAGING,EP-IND-04882
NET-04883,2026-01-01 11:53:23+00:00,0,IOMT-007,S-IOMT-007-895,EHR_READ,EP-IND-04883
NET-04884,2026-01-01 11:53:53+00:00,0,IOMT-046,S-IOMT-046-896,RESEARCH,EP-IND-04884
NET-04885,2026-01-01 11:54:11+00:00,0,IOMT-036,S-IOMT-036-897,IMAGING,EP-IND-04885
NET-04886,2026-01-01 11:54:47+00:00,0,IOMT-031,S-IOMT-031-898,LAB_RESULTS,EP-IND-04886
NET-04887,2026-01-01 11:54:59+00:00,0,IOMT-004,S-IOMT-004-899,RESEARCH,EP-IND-04887
NET-04888,2026-01-01 11:55:10+00:00,0,IOMT-046,S-IOMT-046-900,EHR_READ,EP-IND-04888
NET-04889,2026-01-01 11:55:35+00:00,0,IOMT-035,S-IOMT-035-901,EHR_WRITE,EP-IND-04889
NET-04890,2026-01-01 11:55:46+00:00,0,IOMT-022,S-IOMT-022-902,LAB_RESULTS,EP-IND-04890
NET-04891,2026-01-01 11:56:55+00:00,0,IOMT-021,S-IOMT-021-903,EHR_READ,EP-IND-04891
NET-04892,2026-01-01 11:57:02+00:00,0,IOMT-010,S-IOMT-010-904,EHR_READ,EP-IND-04892
NET-04893,2026-01-01 11:57:18+00:00,0,IOMT-006,S-IOMT-006-905,IMAGING,EP-IND-04893
NET-04894,2026-01-01 11:57:24+00:00,0,IOMT-049,S-IOMT-049-906,EHR_READ,EP-IND-04894
NET-04895,2026-01-01 11:57:31+00:00,1,IOMT-046,S-IOMT-046-907,IMAGING,EP-IND-04895
NET-04896,2026-01-01 11:57:32+00:00,0,IOMT-044,S-IOMT-044-908,LAB_RESULTS,EP-IND-04896
NET-04897,2026-01-01 11:57:34+00:00,0,IOMT-041,S-IOMT-041-909,EHR_WRITE,EP-IND-04897
NET-04898,2026-01-01 11:58:08+00:00,0,IOMT-009,S-IOMT-009-910,IMAGING,EP-IND-04898
NET-04899,2026-01-01 11:58:15+00:00,0,IOMT-031,S-IOMT-031-911,LAB_RESULTS,EP-IND-04899
NET-04900,2026-01-01 11:58:19+00:00,0,IOMT-021,S-IOMT-021-912,LAB_RESULTS,EP-IND-04900
NET-04901,2026-01-01 11:58:30+00:00,1,IOMT-024,S-IOMT-024-913,LAB_RESULTS,EP-IND-04901
NET-04902,2026-01-01 11:58:41+00:00,0,IOMT-002,S-IOMT-002-914,IMAGING,EP-IND-04902
NET-04903,2026-01-01 11:58:50+00:00,0,IOMT-006,S-IOMT-006-915,RESEARCH,EP-IND-04903
NET-04904,2026-01-01 11:59:00+00:00,0,IOMT-000,S-IOMT-000-916,EHR_READ,EP-IND-04904
NET-04905,2026-01-01 11:59:08+00:00,0,IOMT-003,S-IOMT-003-917,RESEARCH,EP-IND-04905
NET-04906,2026-01-01 11:59:13+00:00,0,IOMT-029,S-IOMT-029-918,RESEARCH,EP-IND-04906
NET-04907,2026-01-01 11:59:14+00:00,0,IOMT-011,S-IOMT-011-919,EHR_READ,EP-IND-04907
NET-04908,2026-01-01 11:59:14+00:00,0,IOMT-019,S-IOMT-019-920,LAB_RESULTS,EP-IND-04908
NET-04909,2026-01-01 11:59:22+00:00,0,IOMT-016,S-IOMT-016-921,EHR_WRITE,EP-IND-04909
NET-04910,2026-01-01 11:59:24+00:00,0,IOMT-031,S-IOMT-031-922,IMAGING,EP-IND-04910
NET-04911,2026-01-01 11:59:25+00:00,0,IOMT-005,S-IOMT-005-923,RESEARCH,EP-IND-04911
NET-04912,2026-01-01 11:59:45+00:00,0,IOMT-017,S-IOMT-017-924,LAB_RESULTS,EP-IND-04912
NET-04913,2026-01-01 12:00:12+00:00,0,IOMT-028,S-IOMT-028-925,RESEARCH,EP-IND-04913
NET-04914,2026-01-01 12:00:13+00:00,0,IOMT-007,S-IOMT-007-926,EHR_WRITE,EP-IND-04914
NET-04915,2026-01-01 12:00:14+00:00,0,IOMT-023,S-IOMT-023-927,IMAGING,EP-IND-04915
NET-04916,2026-01-01 12:00:24+00:00,0,IOMT-018,S-IOMT-018-928,EHR_WRITE,EP-IND-04916
NET-04917,2026-01-01 12:00:29+00:00,0,IOMT-016,S-IOMT-016-929,RESEARCH,EP-IND-04917
NET-04918,2026-01-01 12:00:35+00:00,0,IOMT-029,S-IOMT-029-930,RESEARCH,EP-IND-04918
NET-04919,2026-01-01 12:00:58+00:00,0,IOMT-047,S-IOMT-047-931,LAB_RESULTS,EP-IND-04919
NET-04920,2026-01-01 12:01:01+00:00,0,IOMT-015,S-IOMT-015-932,EHR_WRITE,EP-IND-04920
NET-04921,2026-01-01 12:01:14+00:00,0,IOMT-012,S-IOMT-012-933,EHR_WRITE,EP-IND-04921
NET-04922,2026-01-01 12:01:24+00:00,0,IOMT-009,S-IOMT-009-934,LAB_RESULTS,EP-IND-04922
NET-04923,2026-01-01 12:01:49+00:00,0,IOMT-036,S-IOMT-036-935,IMAGING,EP-IND-04923
NET-04924,2026-01-01 12:02:01+00:00,1,IOMT-026,S-IOMT-026-936,LAB_RESULTS,EP-IND-04924
NET-04925,2026-01-01 12:02:10+00:00,0,IOMT-026,S-IOMT-026-937,EHR_READ,EP-IND-04925
NET-04926,2026-01-01 12:02:10+00:00,0,IOMT-031,S-IOMT-031-938,LAB_RESULTS,EP-IND-04926
NET-04927,2026-01-01 12:02:23+00:00,0,IOMT-021,S-IOMT-021-939,IMAGING,EP-IND-04927
NET-04928,2026-01-01 12:02:29+00:00,0,IOMT-024,S-IOMT-024-940,IMAGING,EP-IND-04928
NET-04929,2026-01-01 12:02:59+00:00,0,IOMT-015,S-IOMT-015-941,EHR_WRITE,EP-IND-04929
NET-04930,2026-01-01 12:03:24+00:00,0,IOMT-037,S-IOMT-037-942,IMAGING,EP-IND-04930
NET-04931,2026-01-01 12:03:26+00:00,0,IOMT-019,S-IOMT-019-943,RESEARCH,EP-IND-04931
NET-04932,2026-01-01 12:03:56+00:00,0,IOMT-030,S-IOMT-030-944,RESEARCH,EP-IND-04932
NET-04933,2026-01-01 12:04:04+00:00,0,IOMT-026,S-IOMT-026-945,EHR_READ,EP-IND-04933
NET-04934,2026-01-01 12:04:08+00:00,0,IOMT-041,S-IOMT-041-946,EHR_READ,EP-IND-04934
NET-04935,2026-01-01 12:04:30+00:00,0,IOMT-030,S-IOMT-030-947,EHR_WRITE,EP-IND-04935
NET-04936,2026-01-01 12:04:31+00:00,0,IOMT-019,S-IOMT-019-948,EHR_WRITE,EP-IND-04936
NET-04937,2026-01-01 12:04:36+00:00,0,IOMT-000,S-IOMT-000-949,RESEARCH,EP-IND-04937
NET-04938,2026-01-01 12:04:40+00:00,0,IOMT-007,S-IOMT-007-950,LAB_RESULTS,EP-IND-04938
NET-04939,2026-01-01 12:04:47+00:00,0,IOMT-013,S-IOMT-013-951,EHR_READ,EP-IND-04939
NET-04940,2026-01-01 12:04:53+00:00,0,IOMT-017,S-IOMT-017-952,LAB_RESULTS,EP-IND-04940
NET-04941,2026-01-01 12:04:59+00:00,0,IOMT-043,S-IOMT-043-953,EHR_WRITE,EP-IND-04941
NET-04942,2026-01-01 12:05:07+00:00,0,IOMT-004,S-IOMT-004-954,EHR_WRITE,EP-IND-04942
NET-04943,2026-01-01 12:05:09+00:00,0,IOMT-020,S-IOMT-020-955,EHR_WRITE,EP-IND-04943
NET-04944,2026-01-01 12:05:13+00:00,0,IOMT-043,S-IOMT-043-956,LAB_RESULTS,EP-IND-04944
NET-04945,2026-01-01 12:05:21+00:00,0,IOMT-042,S-IOMT-042-957,RESEARCH,EP-IND-04945
NET-04946,2026-01-01 12:05:43+00:00,0,IOMT-036,S-IOMT-036-958,IMAGING,EP-IND-04946
NET-04947,2026-01-01 12:05:48+00:00,0,IOMT-010,S-IOMT-010-959,EHR_WRITE,EP-IND-04947
NET-04948,2026-01-01 12:05:52+00:00,0,IOMT-005,S-IOMT-005-960,LAB_RESULTS,EP-IND-04948
NET-04949,2026-01-01 12:06:08+00:00,0,IOMT-040,S-IOMT-040-961,RESEARCH,EP-IND-04949
NET-04950,2026-01-01 12:06:11+00:00,0,IOMT-008,S-IOMT-008-962,EHR_WRITE,EP-IND-04950
NET-04951,2026-01-01 12:06:32+00:00,0,IOMT-018,S-IOMT-018-963,LAB_RESULTS,EP-IND-04951
NET-04952,2026-01-01 12:06:48+00:00,0,IOMT-000,S-IOMT-000-964,EHR_READ,EP-IND-04952
NET-04953,2026-01-01 12:06:57+00:00,1,IOMT-041,S-IOMT-041-965,EHR_READ,EP-IND-04953
NET-04954,2026-01-01 12:07:08+00:00,0,IOMT-026,S-IOMT-026-966,IMAGING,EP-IND-04954
NET-04955,2026-01-01 12:07:20+00:00,0,IOMT-014,S-IOMT-014-967,IMAGING,EP-IND-04955
NET-04956,2026-01-01 12:07:45+00:00,0,IOMT-013,S-IOMT-013-968,RESEARCH,EP-IND-04956
NET-04957,2026-01-01 12:07:48+00:00,0,IOMT-023,S-IOMT-023-969,LAB_RESULTS,EP-IND-04957
NET-04958,2026-01-01 12:07:53+00:00,0,IOMT-034,S-IOMT-034-970,IMAGING,EP-IND-04958
NET-04959,2026-01-01 12:07:55+00:00,0,IOMT-045,S-IOMT-045-971,EHR_READ,EP-IND-04959
NET-04960,2026-01-01 12:08:07+00:00,0,IOMT-028,S-IOMT-028-972,LAB_RESULTS,EP-IND-04960
NET-04961,2026-01-01 12:08:14+00:00,0,IOMT-040,S-IOMT-040-973,EHR_READ,EP-IND-04961
NET-04962,2026-01-01 12:08:21+00:00,0,IOMT-032,S-IOMT-032-974,RESEARCH,EP-IND-04962
NET-04963,2026-01-01 12:08:24+00:00,0,IOMT-002,S-IOMT-002-975,EHR_WRITE,EP-IND-04963
NET-04964,2026-01-01 12:08:25+00:00,0,IOMT-040,S-IOMT-040-976,EHR_WRITE,EP-IND-04964
NET-04965,2026-01-01 12:08:25+00:00,0,IOMT-031,S-IOMT-031-977,EHR_WRITE,EP-IND-04965
NET-04966,2026-01-01 12:08:35+00:00,0,IOMT-039,S-IOMT-039-978,IMAGING,EP-IND-04966
NET-04967,2026-01-01 12:08:52+00:00,0,IOMT-024,S-IOMT-024-979,IMAGING,EP-IND-04967
NET-04968,2026-01-01 12:09:10+00:00,0,IOMT-048,S-IOMT-048-980,EHR_WRITE,EP-IND-04968
NET-04969,2026-01-01 12:09:15+00:00,0,IOMT-041,S-IOMT-041-981,IMAGING,EP-IND-04969
NET-04970,2026-01-01 12:09:15+00:00,0,IOMT-032,S-IOMT-032-982,EHR_READ,EP-IND-04970
NET-04971,2026-01-01 12:09:17+00:00,0,IOMT-016,S-IOMT-016-983,RESEARCH,EP-IND-04971
NET-04972,2026-01-01 12:09:52+00:00,0,IOMT-046,S-IOMT-046-984,EHR_READ,EP-IND-04972
NET-04973,2026-01-01 12:09:53+00:00,0,IOMT-008,S-IOMT-008-985,EHR_READ,EP-IND-04973
NET-04974,2026-01-01 12:09:54+00:00,0,IOMT-036,S-IOMT-036-986,EHR_WRITE,EP-IND-04974
NET-04975,2026-01-01 12:09:56+00:00,0,IOMT-000,S-IOMT-000-987,LAB_RESULTS,EP-IND-04975
NET-04976,2026-01-01 12:10:07+00:00,1,IOMT-032,S-IOMT-032-988,EHR_WRITE,EP-IND-04976
NET-04977,2026-01-01 12:10:18+00:00,0,IOMT-017,S-IOMT-017-989,LAB_RESULTS,EP-IND-04977
NET-04978,2026-01-01 12:10:24+00:00,0,IOMT-004,S-IOMT-004-990,EHR_WRITE,EP-IND-04978
NET-04979,2026-01-01 12:10:25+00:00,0,IOMT-040,S-IOMT-040-991,EHR_WRITE,EP-IND-04979
NET-04980,2026-01-01 12:10:29+00:00,0,IOMT-032,S-IOMT-032-992,RESEARCH,EP-IND-04980
NET-04981,2026-01-01 12:10:36+00:00,0,IOMT-003,S-IOMT-003-993,LAB_RESULTS,EP-IND-04981
NET-04982,2026-01-01 12:10:47+00:00,0,IOMT-016,S-IOMT-016-994,LAB_RESULTS,EP-IND-04982
NET-04983,2026-01-01 12:10:48+00:00,0,IOMT-016,S-IOMT-016-995,RESEARCH,EP-IND-04983
NET-04984,2026-01-01 12:10:49+00:00,0,IOMT-026,S-IOMT-026-996,EHR_WRITE,EP-IND-04984
NET-04985,2026-01-01 12:10:58+00:00,0,IOMT-024,S-IOMT-024-0,EHR_READ,EP-IND-04985
NET-04986,2026-01-01 12:11:03+00:00,0,IOMT-002,S-IOMT-002-1,LAB_RESULTS,EP-IND-04986
NET-04987,2026-01-01 12:11:07+00:00,0,IOMT-042,S-IOMT-042-2,EHR_READ,EP-IND-04987
NET-04988,2026-01-01 12:11:10+00:00,0,IOMT-003,S-IOMT-003-3,IMAGING,EP-IND-04988
NET-04989,2026-01-01 12:11:36+00:00,0,IOMT-048,S-IOMT-048-4,IMAGING,EP-IND-04989
NET-04990,2026-01-01 12:11:39+00:00,0,IOMT-004,S-IOMT-004-5,EHR_WRITE,EP-IND-04990
NET-04991,2026-01-01 12:11:39+00:00,0,IOMT-025,S-IOMT-025-6,LAB_RESULTS,EP-IND-04991
NET-04992,2026-01-01 12:11:43+00:00,0,IOMT-043,S-IOMT-043-7,EHR_READ,EP-IND-04992
NET-04993,2026-01-01 12:11:46+00:00,0,IOMT-032,S-IOMT-032-8,EHR_READ,EP-IND-04993
NET-04994,2026-01-01 12:11:54+00:00,0,IOMT-028,S-IOMT-028-9,EHR_WRITE,EP-IND-04994
NET-04995,2026-01-01 12:11:55+00:00,0,IOMT-022,S-IOMT-022-10,EHR_WRITE,EP-IND-04995
NET-04996,2026-01-01 12:11:56+00:00,0,IOMT-015,S-IOMT-015-11,EHR_WRITE,EP-IND-04996
NET-04997,2026-01-01 12:12:07+00:00,0,IOMT-041,S-IOMT-041-12,IMAGING,EP-IND-04997
NET-04998,2026-01-01 12:12:25+00:00,0,IOMT-001,S-IOMT-001-13,EHR_READ,EP-IND-04998
NET-04999,2026-01-01 12:12:38+00:00,0,IOMT-024,S-IOMT-024-14,EHR_READ,EP-IND-04999
NET-05000,2026-01-01 12:13:17+00:00,0,IOMT-032,S-IOMT-032-15,IMAGING,EP-IND-05000
NET-05001,2026-01-01 12:13:26+00:00,0,IOMT-036,S-IOMT-036-16,EHR_WRITE,EP-IND-05001
NET-05002,2026-01-01 12:13:35+00:00,0,IOMT-020,S-IOMT-020-17,EHR_WRITE,EP-IND-05002
NET-05003,2026-01-01 12:13:52+00:00,0,IOMT-014,S-IOMT-014-18,EHR_READ,EP-IND-05003
NET-05004,2026-01-01 12:14:11+00:00,0,IOMT-045,S-IOMT-045-19,IMAGING,EP-IND-05004
NET-05005,2026-01-01 12:14:12+00:00,0,IOMT-049,S-IOMT-049-20,RESEARCH,EP-IND-05005
NET-05006,2026-01-01 12:14:16+00:00,0,IOMT-005,S-IOMT-005-21,LAB_RESULTS,EP-IND-05006
NET-05007,2026-01-01 12:14:18+00:00,0,IOMT-036,S-IOMT-036-22,EHR_WRITE,EP-IND-05007
NET-05008,2026-01-01 12:14:21+00:00,0,IOMT-043,S-IOMT-043-23,IMAGING,EP-IND-05008
NET-05009,2026-01-01 12:14:23+00:00,1,IOMT-048,S-IOMT-048-24,EHR_READ,EP-IND-05009
NET-05010,2026-01-01 12:14:36+00:00,0,IOMT-026,S-IOMT-026-25,RESEARCH,EP-IND-05010
NET-05011,2026-01-01 12:14:50+00:00,0,IOMT-042,S-IOMT-042-26,IMAGING,EP-IND-05011
NET-05012,2026-01-01 12:14:55+00:00,0,IOMT-009,S-IOMT-009-27,EHR_READ,EP-IND-05012
NET-05013,2026-01-01 12:14:59+00:00,0,IOMT-049,S-IOMT-049-28,LAB_RESULTS,EP-IND-05013
NET-05014,2026-01-01 12:15:02+00:00,0,IOMT-049,S-IOMT-049-29,LAB_RESULTS,EP-IND-05014
NET-05015,2026-01-01 12:15:10+00:00,0,IOMT-013,S-IOMT-013-30,IMAGING,EP-IND-05015
NET-05016,2026-01-01 12:15:20+00:00,0,IOMT-048,S-IOMT-048-31,IMAGING,EP-IND-05016
NET-05017,2026-01-01 12:15:35+00:00,0,IOMT-014,S-IOMT-014-32,EHR_READ,EP-IND-05017
NET-05018,2026-01-01 12:15:38+00:00,0,IOMT-008,S-IOMT-008-33,IMAGING,EP-IND-05018
NET-05019,2026-01-01 12:15:39+00:00,0,IOMT-042,S-IOMT-042-34,LAB_RESULTS,EP-IND-05019
NET-05020,2026-01-01 12:15:40+00:00,0,IOMT-008,S-IOMT-008-35,IMAGING,EP-IND-05020
NET-05021,2026-01-01 12:15:56+00:00,0,IOMT-017,S-IOMT-017-36,IMAGING,EP-IND-05021
NET-05022,2026-01-01 12:16:12+00:00,0,IOMT-039,S-IOMT-039-37,EHR_READ,EP-IND-05022
NET-05023,2026-01-01 12:16:16+00:00,0,IOMT-013,S-IOMT-013-38,LAB_RESULTS,EP-IND-05023
NET-05024,2026-01-01 12:16:33+00:00,1,IOMT-015,S-IOMT-015-39,RESEARCH,EP-IND-05024
NET-05025,2026-01-01 12:16:36+00:00,0,IOMT-004,S-IOMT-004-40,RESEARCH,EP-IND-05025
NET-05026,2026-01-01 12:16:37+00:00,0,IOMT-022,S-IOMT-022-41,LAB_RESULTS,EP-IND-05026
NET-05027,2026-01-01 12:16:43+00:00,0,IOMT-010,S-IOMT-010-42,EHR_READ,EP-IND-05027
NET-05028,2026-01-01 12:16:55+00:00,0,IOMT-005,S-IOMT-005-43,EHR_WRITE,EP-IND-05028
NET-05029,2026-01-01 12:17:02+00:00,0,IOMT-042,S-IOMT-042-44,EHR_WRITE,EP-IND-05029
NET-05030,2026-01-01 12:17:07+00:00,0,IOMT-006,S-IOMT-006-45,EHR_WRITE,EP-IND-05030
NET-05031,2026-01-01 12:17:25+00:00,0,IOMT-042,S-IOMT-042-46,EHR_WRITE,EP-IND-05031
NET-05032,2026-01-01 12:17:29+00:00,0,IOMT-030,S-IOMT-030-47,RESEARCH,EP-IND-05032
NET-05033,2026-01-01 12:17:36+00:00,0,IOMT-014,S-IOMT-014-48,IMAGING,EP-IND-05033
NET-05034,2026-01-01 12:17:45+00:00,0,IOMT-035,S-IOMT-035-49,EHR_WRITE,EP-IND-05034
NET-05035,2026-01-01 12:17:47+00:00,0,IOMT-000,S-IOMT-000-50,IMAGING,EP-IND-05035
NET-05036,2026-01-01 12:17:51+00:00,1,IOMT-025,S-IOMT-025-51,RESEARCH,EP-IND-05036
NET-05037,2026-01-01 12:17:54+00:00,0,IOMT-017,S-IOMT-017-52,RESEARCH,EP-IND-05037
NET-05038,2026-01-01 12:17:58+00:00,0,IOMT-033,S-IOMT-033-53,LAB_RESULTS,EP-IND-05038
NET-05039,2026-01-01 12:18:05+00:00,0,IOMT-039,S-IOMT-039-54,IMAGING,EP-IND-05039
NET-05040,2026-01-01 12:18:07+00:00,0,IOMT-011,S-IOMT-011-55,LAB_RESULTS,EP-IND-05040
NET-05041,2026-01-01 12:18:16+00:00,0,IOMT-019,S-IOMT-019-56,EHR_WRITE,EP-IND-05041
NET-05042,2026-01-01 12:18:20+00:00,0,IOMT-013,S-IOMT-013-57,EHR_READ,EP-IND-05042
NET-05043,2026-01-01 12:18:28+00:00,0,IOMT-027,S-IOMT-027-58,IMAGING,EP-IND-05043
NET-05044,2026-01-01 12:18:33+00:00,0,IOMT-008,S-IOMT-008-59,LAB_RESULTS,EP-IND-05044
NET-05045,2026-01-01 12:18:36+00:00,0,IOMT-033,S-IOMT-033-60,LAB_RESULTS,EP-IND-05045
NET-05046,2026-01-01 12:18:38+00:00,0,IOMT-045,S-IOMT-045-61,IMAGING,EP-IND-05046
NET-05047,2026-01-01 12:18:40+00:00,0,IOMT-036,S-IOMT-036-62,LAB_RESULTS,EP-IND-05047
NET-05048,2026-01-01 12:18:50+00:00,1,IOMT-049,S-IOMT-049-63,EHR_WRITE,EP-IND-05048
NET-05049,2026-01-01 12:18:52+00:00,0,IOMT-026,S-IOMT-026-64,RESEARCH,EP-IND-05049
NET-05050,2026-01-01 12:19:01+00:00,0,IOMT-000,S-IOMT-000-65,LAB_RESULTS,EP-IND-05050
NET-05051,2026-01-01 12:19:04+00:00,0,IOMT-014,S-IOMT-014-66,IMAGING,EP-IND-05051
NET-05052,2026-01-01 12:19:04+00:00,0,IOMT-009,S-IOMT-009-67,LAB_RESULTS,EP-IND-05052
NET-05053,2026-01-01 12:19:29+00:00,0,IOMT-029,S-IOMT-029-68,RESEARCH,EP-IND-05053
NET-05054,2026-01-01 12:19:43+00:00,0,IOMT-014,S-IOMT-014-69,LAB_RESULTS,EP-IND-05054
NET-05055,2026-01-01 12:19:51+00:00,0,IOMT-049,S-IOMT-049-70,RESEARCH,EP-IND-05055
NET-05056,2026-01-01 12:19:52+00:00,0,IOMT-048,S-IOMT-048-71,RESEARCH,EP-IND-05056
NET-05057,2026-01-01 12:19:54+00:00,0,IOMT-006,S-IOMT-006-72,EHR_WRITE,EP-IND-05057
NET-05058,2026-01-01 12:19:54+00:00,0,IOMT-040,S-IOMT-040-73,RESEARCH,EP-IND-05058
NET-05059,2026-01-01 12:19:55+00:00,0,IOMT-042,S-IOMT-042-74,RESEARCH,EP-IND-05059
NET-05060,2026-01-01 12:19:56+00:00,0,IOMT-037,S-IOMT-037-75,IMAGING,EP-IND-05060
NET-05061,2026-01-01 12:20:11+00:00,0,IOMT-039,S-IOMT-039-76,IMAGING,EP-IND-05061
NET-05062,2026-01-01 12:20:13+00:00,0,IOMT-037,S-IOMT-037-77,EHR_WRITE,EP-IND-05062
NET-05063,2026-01-01 12:20:22+00:00,0,IOMT-019,S-IOMT-019-78,LAB_RESULTS,EP-IND-05063
NET-05064,2026-01-01 12:20:27+00:00,0,IOMT-048,S-IOMT-048-79,EHR_WRITE,EP-IND-05064
NET-05065,2026-01-01 12:20:29+00:00,1,IOMT-024,S-IOMT-024-80,EHR_WRITE,EP-IND-05065
NET-05066,2026-01-01 12:20:33+00:00,0,IOMT-025,S-IOMT-025-81,EHR_READ,EP-IND-05066
NET-05067,2026-01-01 12:20:33+00:00,0,IOMT-009,S-IOMT-009-82,IMAGING,EP-IND-05067
NET-05068,2026-01-01 12:20:34+00:00,0,IOMT-017,S-IOMT-017-83,IMAGING,EP-IND-05068
NET-05069,2026-01-01 12:20:37+00:00,0,IOMT-000,S-IOMT-000-84,RESEARCH,EP-IND-05069
NET-05070,2026-01-01 12:20:38+00:00,1,IOMT-013,S-IOMT-013-85,EHR_READ,EP-IND-05070
NET-05071,2026-01-01 12:20:39+00:00,0,IOMT-002,S-IOMT-002-86,RESEARCH,EP-IND-05071
NET-05072,2026-01-01 12:20:43+00:00,0,IOMT-017,S-IOMT-017-87,EHR_WRITE,EP-IND-05072
NET-05073,2026-01-01 12:20:45+00:00,0,IOMT-009,S-IOMT-009-88,LAB_RESULTS,EP-IND-05073
NET-05074,2026-01-01 12:20:51+00:00,0,IOMT-044,S-IOMT-044-89,LAB_RESULTS,EP-IND-05074
NET-05075,2026-01-01 12:20:55+00:00,0,IOMT-039,S-IOMT-039-90,LAB_RESULTS,EP-IND-05075
NET-05076,2026-01-01 12:20:55+00:00,0,IOMT-004,S-IOMT-004-91,LAB_RESULTS,EP-IND-05076
NET-05077,2026-01-01 12:21:01+00:00,0,IOMT-037,S-IOMT-037-92,EHR_READ,EP-IND-05077
NET-05078,2026-01-01 12:21:07+00:00,0,IOMT-032,S-IOMT-032-93,LAB_RESULTS,EP-IND-05078
NET-05079,2026-01-01 12:21:11+00:00,0,IOMT-042,S-IOMT-042-94,RESEARCH,EP-IND-05079
NET-05080,2026-01-01 12:21:12+00:00,0,IOMT-046,S-IOMT-046-95,EHR_READ,EP-IND-05080
NET-05081,2026-01-01 12:21:23+00:00,0,IOMT-026,S-IOMT-026-96,IMAGING,EP-IND-05081
NET-05082,2026-01-01 12:21:33+00:00,0,IOMT-044,S-IOMT-044-97,IMAGING,EP-IND-05082
NET-05083,2026-01-01 12:21:38+00:00,0,IOMT-042,S-IOMT-042-98,EHR_WRITE,EP-IND-05083
NET-05084,2026-01-01 12:21:45+00:00,0,IOMT-017,S-IOMT-017-99,EHR_READ,EP-IND-05084
NET-05085,2026-01-01 12:21:47+00:00,0,IOMT-030,S-IOMT-030-100,EHR_WRITE,EP-IND-05085
NET-05086,2026-01-01 12:21:54+00:00,0,IOMT-038,S-IOMT-038-101,IMAGING,EP-IND-05086
NET-05087,2026-01-01 12:21:55+00:00,0,IOMT-008,S-IOMT-008-102,EHR_READ,EP-IND-05087
NET-05088,2026-01-01 12:21:55+00:00,0,IOMT-015,S-IOMT-015-103,LAB_RESULTS,EP-IND-05088
NET-05089,2026-01-01 12:21:56+00:00,0,IOMT-009,S-IOMT-009-104,LAB_RESULTS,EP-IND-05089
NET-05090,2026-01-01 12:22:05+00:00,0,IOMT-027,S-IOMT-027-105,RESEARCH,EP-IND-05090
NET-05091,2026-01-01 12:22:26+00:00,0,IOMT-010,S-IOMT-010-106,IMAGING,EP-IND-05091
NET-05092,2026-01-01 12:22:42+00:00,0,IOMT-029,S-IOMT-029-107,RESEARCH,EP-IND-05092
NET-05093,2026-01-01 12:23:05+00:00,0,IOMT-030,S-IOMT-030-108,RESEARCH,EP-IND-05093
NET-05094,2026-01-01 12:23:09+00:00,0,IOMT-037,S-IOMT-037-109,EHR_WRITE,EP-IND-05094
NET-05095,2026-01-01 12:23:14+00:00,0,IOMT-033,S-IOMT-033-110,EHR_READ,EP-IND-05095
NET-05096,2026-01-01 12:23:50+00:00,0,IOMT-016,S-IOMT-016-111,IMAGING,EP-IND-05096
NET-05097,2026-01-01 12:23:50+00:00,0,IOMT-021,S-IOMT-021-112,LAB_RESULTS,EP-IND-05097
NET-05098,2026-01-01 12:23:54+00:00,0,IOMT-015,S-IOMT-015-113,RESEARCH,EP-IND-05098
NET-05099,2026-01-01 12:23:58+00:00,0,IOMT-033,S-IOMT-033-114,LAB_RESULTS,EP-IND-05099
NET-05100,2026-01-01 12:23:58+00:00,0,IOMT-015,S-IOMT-015-115,EHR_WRITE,EP-IND-05100
NET-05101,2026-01-01 12:24:07+00:00,0,IOMT-003,S-IOMT-003-116,EHR_READ,EP-IND-05101
NET-05102,2026-01-01 12:24:17+00:00,0,IOMT-033,S-IOMT-033-117,EHR_WRITE,EP-IND-05102
NET-05103,2026-01-01 12:24:18+00:00,0,IOMT-013,S-IOMT-013-118,LAB_RESULTS,EP-IND-05103
NET-05104,2026-01-01 12:24:20+00:00,0,IOMT-038,S-IOMT-038-119,RESEARCH,EP-IND-05104
NET-05105,2026-01-01 12:24:30+00:00,0,IOMT-019,S-IOMT-019-120,LAB_RESULTS,EP-IND-05105
NET-05106,2026-01-01 12:24:36+00:00,0,IOMT-001,S-IOMT-001-121,LAB_RESULTS,EP-IND-05106
NET-05107,2026-01-01 12:24:40+00:00,0,IOMT-028,S-IOMT-028-122,EHR_READ,EP-IND-05107
NET-05108,2026-01-01 12:24:44+00:00,0,IOMT-038,S-IOMT-038-123,EHR_READ,EP-IND-05108
NET-05109,2026-01-01 12:24:51+00:00,0,IOMT-049,S-IOMT-049-124,EHR_READ,EP-IND-05109
NET-05110,2026-01-01 12:24:53+00:00,0,IOMT-033,S-IOMT-033-125,IMAGING,EP-IND-05110
NET-05111,2026-01-01 12:25:03+00:00,0,IOMT-003,S-IOMT-003-126,IMAGING,EP-IND-05111
NET-05112,2026-01-01 12:25:10+00:00,0,IOMT-039,S-IOMT-039-127,EHR_WRITE,EP-IND-05112
NET-05113,2026-01-01 12:25:16+00:00,0,IOMT-047,S-IOMT-047-128,EHR_READ,EP-IND-05113
NET-05114,2026-01-01 12:25:42+00:00,1,IOMT-018,S-IOMT-018-129,LAB_RESULTS,EP-IND-05114
NET-05115,2026-01-01 12:25:50+00:00,0,IOMT-016,S-IOMT-016-130,LAB_RESULTS,EP-IND-05115
NET-05116,2026-01-01 12:25:53+00:00,0,IOMT-045,S-IOMT-045-131,IMAGING,EP-IND-05116
NET-05117,2026-01-01 12:25:57+00:00,0,IOMT-041,S-IOMT-041-132,IMAGING,EP-IND-05117
NET-05118,2026-01-01 12:26:13+00:00,0,IOMT-021,S-IOMT-021-133,EHR_WRITE,EP-IND-05118
NET-05119,2026-01-01 12:26:15+00:00,0,IOMT-022,S-IOMT-022-134,IMAGING,EP-IND-05119
NET-05120,2026-01-01 12:26:26+00:00,0,IOMT-001,S-IOMT-001-135,LAB_RESULTS,EP-IND-05120
NET-05121,2026-01-01 12:26:27+00:00,0,IOMT-048,S-IOMT-048-136,EHR_WRITE,EP-IND-05121
NET-05122,2026-01-01 12:26:27+00:00,0,IOMT-031,S-IOMT-031-137,EHR_WRITE,EP-IND-05122
NET-05123,2026-01-01 12:26:33+00:00,0,IOMT-020,S-IOMT-020-138,EHR_READ,EP-IND-05123
NET-05124,2026-01-01 12:26:48+00:00,0,IOMT-037,S-IOMT-037-139,RESEARCH,EP-IND-05124
NET-05125,2026-01-01 12:27:16+00:00,1,IOMT-044,S-IOMT-044-140,LAB_RESULTS,EP-IND-05125
NET-05126,2026-01-01 12:27:19+00:00,0,IOMT-020,S-IOMT-020-141,LAB_RESULTS,EP-IND-05126
NET-05127,2026-01-01 12:27:21+00:00,0,IOMT-005,S-IOMT-005-142,EHR_WRITE,EP-IND-05127
NET-05128,2026-01-01 12:27:29+00:00,0,IOMT-029,S-IOMT-029-143,EHR_WRITE,EP-IND-05128
NET-05129,2026-01-01 12:27:38+00:00,0,IOMT-016,S-IOMT-016-144,LAB_RESULTS,EP-IND-05129
NET-05130,2026-01-01 12:27:38+00:00,0,IOMT-008,S-IOMT-008-145,LAB_RESULTS,EP-IND-05130
NET-05131,2026-01-01 12:27:48+00:00,0,IOMT-010,S-IOMT-010-146,LAB_RESULTS,EP-IND-05131
NET-05132,2026-01-01 12:27:53+00:00,0,IOMT-041,S-IOMT-041-147,EHR_WRITE,EP-IND-05132
NET-05133,2026-01-01 12:28:08+00:00,0,IOMT-047,S-IOMT-047-148,EHR_WRITE,EP-IND-05133
NET-05134,2026-01-01 12:28:09+00:00,0,IOMT-000,S-IOMT-000-149,EHR_READ,EP-IND-05134
NET-05135,2026-01-01 12:28:12+00:00,0,IOMT-047,S-IOMT-047-150,EHR_READ,EP-IND-05135
NET-05136,2026-01-01 12:28:14+00:00,0,IOMT-016,S-IOMT-016-151,EHR_WRITE,EP-IND-05136
NET-05137,2026-01-01 12:28:21+00:00,0,IOMT-006,S-IOMT-006-152,LAB_RESULTS,EP-IND-05137
NET-05138,2026-01-01 12:28:39+00:00,0,IOMT-015,S-IOMT-015-153,LAB_RESULTS,EP-IND-05138
NET-05139,2026-01-01 12:28:42+00:00,0,IOMT-012,S-IOMT-012-154,LAB_RESULTS,EP-IND-05139
NET-05140,2026-01-01 12:28:45+00:00,0,IOMT-038,S-IOMT-038-155,EHR_READ,EP-IND-05140
NET-05141,2026-01-01 12:28:49+00:00,0,IOMT-044,S-IOMT-044-156,EHR_READ,EP-IND-05141
NET-05142,2026-01-01 12:28:56+00:00,0,IOMT-016,S-IOMT-016-157,RESEARCH,EP-IND-05142
NET-05143,2026-01-01 12:29:13+00:00,0,IOMT-014,S-IOMT-014-158,EHR_WRITE,EP-IND-05143
NET-05144,2026-01-01 12:29:19+00:00,0,IOMT-041,S-IOMT-041-159,EHR_WRITE,EP-IND-05144
NET-05145,2026-01-01 12:29:30+00:00,1,IOMT-039,S-IOMT-039-160,RESEARCH,EP-IND-05145
NET-05146,2026-01-01 12:29:30+00:00,0,IOMT-027,S-IOMT-027-161,LAB_RESULTS,EP-IND-05146
NET-05147,2026-01-01 12:29:33+00:00,0,IOMT-040,S-IOMT-040-162,IMAGING,EP-IND-05147
NET-05148,2026-01-01 12:29:41+00:00,0,IOMT-042,S-IOMT-042-163,EHR_WRITE,EP-IND-05148
NET-05149,2026-01-01 12:29:51+00:00,0,IOMT-009,S-IOMT-009-164,RESEARCH,EP-IND-05149
NET-05150,2026-01-01 12:30:08+00:00,0,IOMT-029,S-IOMT-029-165,RESEARCH,EP-IND-05150
NET-05151,2026-01-01 12:30:19+00:00,0,IOMT-006,S-IOMT-006-166,IMAGING,EP-IND-05151
NET-05152,2026-01-01 12:30:21+00:00,0,IOMT-011,S-IOMT-011-167,RESEARCH,EP-IND-05152
NET-05153,2026-01-01 12:30:23+00:00,0,IOMT-022,S-IOMT-022-168,RESEARCH,EP-IND-05153
NET-05154,2026-01-01 12:30:29+00:00,0,IOMT-043,S-IOMT-043-169,IMAGING,EP-IND-05154
NET-05155,2026-01-01 12:30:29+00:00,0,IOMT-036,S-IOMT-036-170,IMAGING,EP-IND-05155
NET-05156,2026-01-01 12:30:30+00:00,0,IOMT-047,S-IOMT-047-171,EHR_WRITE,EP-IND-05156
NET-05157,2026-01-01 12:30:30+00:00,0,IOMT-009,S-IOMT-009-172,RESEARCH,EP-IND-05157
NET-05158,2026-01-01 12:30:31+00:00,1,IOMT-038,S-IOMT-038-173,EHR_WRITE,EP-IND-05158
NET-05159,2026-01-01 12:30:32+00:00,0,IOMT-014,S-IOMT-014-174,IMAGING,EP-IND-05159
NET-05160,2026-01-01 12:30:33+00:00,0,IOMT-048,S-IOMT-048-175,EHR_READ,EP-IND-05160
NET-05161,2026-01-01 12:30:41+00:00,0,IOMT-009,S-IOMT-009-176,LAB_RESULTS,EP-IND-05161
NET-05162,2026-01-01 12:30:50+00:00,0,IOMT-016,S-IOMT-016-177,EHR_READ,EP-IND-05162
NET-05163,2026-01-01 12:30:59+00:00,0,IOMT-041,S-IOMT-041-178,EHR_WRITE,EP-IND-05163
NET-05164,2026-01-01 12:31:02+00:00,0,IOMT-031,S-IOMT-031-179,RESEARCH,EP-IND-05164
NET-05165,2026-01-01 12:31:15+00:00,0,IOMT-025,S-IOMT-025-180,IMAGING,EP-IND-05165
NET-05166,2026-01-01 12:31:16+00:00,0,IOMT-049,S-IOMT-049-181,RESEARCH,EP-IND-05166
NET-05167,2026-01-01 12:31:22+00:00,0,IOMT-017,S-IOMT-017-182,RESEARCH,EP-IND-05167
NET-05168,2026-01-01 12:31:41+00:00,0,IOMT-044,S-IOMT-044-183,EHR_WRITE,EP-IND-05168
NET-05169,2026-01-01 12:32:09+00:00,0,IOMT-020,S-IOMT-020-184,IMAGING,EP-IND-05169
NET-05170,2026-01-01 12:32:19+00:00,0,IOMT-034,S-IOMT-034-185,EHR_WRITE,EP-IND-05170
NET-05171,2026-01-01 12:32:22+00:00,0,IOMT-002,S-IOMT-002-186,IMAGING,EP-IND-05171
NET-05172,2026-01-01 12:32:25+00:00,0,IOMT-048,S-IOMT-048-187,LAB_RESULTS,EP-IND-05172
NET-05173,2026-01-01 12:32:50+00:00,0,IOMT-048,S-IOMT-048-188,EHR_WRITE,EP-IND-05173
NET-05174,2026-01-01 12:33:10+00:00,0,IOMT-016,S-IOMT-016-189,EHR_WRITE,EP-IND-05174
NET-05175,2026-01-01 12:33:17+00:00,0,IOMT-043,S-IOMT-043-190,EHR_READ,EP-IND-05175
NET-05176,2026-01-01 12:33:35+00:00,0,IOMT-019,S-IOMT-019-191,EHR_WRITE,EP-IND-05176
NET-05177,2026-01-01 12:33:35+00:00,0,IOMT-044,S-IOMT-044-192,RESEARCH,EP-IND-05177
NET-05178,2026-01-01 12:33:36+00:00,0,IOMT-018,S-IOMT-018-193,IMAGING,EP-IND-05178
NET-05179,2026-01-01 12:34:06+00:00,0,IOMT-028,S-IOMT-028-194,LAB_RESULTS,EP-IND-05179
NET-05180,2026-01-01 12:34:06+00:00,0,IOMT-040,S-IOMT-040-195,EHR_READ,EP-IND-05180
NET-05181,2026-01-01 12:34:16+00:00,0,IOMT-023,S-IOMT-023-196,LAB_RESULTS,EP-IND-05181
NET-05182,2026-01-01 12:34:16+00:00,0,IOMT-011,S-IOMT-011-197,EHR_WRITE,EP-IND-05182
NET-05183,2026-01-01 12:34:17+00:00,0,IOMT-042,S-IOMT-042-198,RESEARCH,EP-IND-05183
NET-05184,2026-01-01 12:34:22+00:00,0,IOMT-045,S-IOMT-045-199,LAB_RESULTS,EP-IND-05184
NET-05185,2026-01-01 12:34:27+00:00,0,IOMT-020,S-IOMT-020-200,IMAGING,EP-IND-05185
NET-05186,2026-01-01 12:34:45+00:00,0,IOMT-002,S-IOMT-002-201,IMAGING,EP-IND-05186
NET-05187,2026-01-01 12:34:56+00:00,0,IOMT-021,S-IOMT-021-202,EHR_READ,EP-IND-05187
NET-05188,2026-01-01 12:34:57+00:00,0,IOMT-048,S-IOMT-048-203,EHR_READ,EP-IND-05188
NET-05189,2026-01-01 12:35:10+00:00,1,IOMT-030,S-IOMT-030-204,LAB_RESULTS,EP-IND-05189
NET-05190,2026-01-01 12:35:15+00:00,0,IOMT-001,S-IOMT-001-205,IMAGING,EP-IND-05190
NET-05191,2026-01-01 12:35:21+00:00,0,IOMT-023,S-IOMT-023-206,RESEARCH,EP-IND-05191
NET-05192,2026-01-01 12:35:21+00:00,0,IOMT-000,S-IOMT-000-207,IMAGING,EP-IND-05192
NET-05193,2026-01-01 12:35:23+00:00,0,IOMT-028,S-IOMT-028-208,EHR_WRITE,EP-IND-05193
NET-05194,2026-01-01 12:35:24+00:00,0,IOMT-018,S-IOMT-018-209,IMAGING,EP-IND-05194
NET-05195,2026-01-01 12:35:32+00:00,0,IOMT-004,S-IOMT-004-210,EHR_WRITE,EP-IND-05195
NET-05196,2026-01-01 12:35:36+00:00,0,IOMT-033,S-IOMT-033-211,RESEARCH,EP-IND-05196
NET-05197,2026-01-01 12:35:36+00:00,0,IOMT-043,S-IOMT-043-212,EHR_WRITE,EP-IND-05197
NET-05198,2026-01-01 12:35:39+00:00,0,IOMT-038,S-IOMT-038-213,LAB_RESULTS,EP-IND-05198
NET-05199,2026-01-01 12:35:44+00:00,0,IOMT-011,S-IOMT-011-214,EHR_WRITE,EP-IND-05199
NET-05200,2026-01-01 12:36:08+00:00,0,IOMT-035,S-IOMT-035-215,IMAGING,EP-IND-05200
NET-05201,2026-01-01 12:36:08+00:00,0,IOMT-035,S-IOMT-035-216,RESEARCH,EP-IND-05201
NET-05202,2026-01-01 12:36:11+00:00,0,IOMT-015,S-IOMT-015-217,LAB_RESULTS,EP-IND-05202
NET-05203,2026-01-01 12:36:31+00:00,0,IOMT-043,S-IOMT-043-218,EHR_READ,EP-IND-05203
NET-05204,2026-01-01 12:36:33+00:00,0,IOMT-038,S-IOMT-038-219,LAB_RESULTS,EP-IND-05204
NET-05205,2026-01-01 12:36:50+00:00,0,IOMT-001,S-IOMT-001-220,LAB_RESULTS,EP-IND-05205
NET-05206,2026-01-01 12:37:02+00:00,0,IOMT-041,S-IOMT-041-221,EHR_READ,EP-IND-05206
NET-05207,2026-01-01 12:37:08+00:00,1,IOMT-011,S-IOMT-011-222,IMAGING,EP-IND-05207
NET-05208,2026-01-01 12:37:13+00:00,0,IOMT-028,S-IOMT-028-223,RESEARCH,EP-IND-05208
NET-05209,2026-01-01 12:37:16+00:00,0,IOMT-044,S-IOMT-044-224,IMAGING,EP-IND-05209
NET-05210,2026-01-01 12:37:29+00:00,0,IOMT-021,S-IOMT-021-225,IMAGING,EP-IND-05210
NET-05211,2026-01-01 12:37:53+00:00,0,IOMT-049,S-IOMT-049-226,RESEARCH,EP-IND-05211
NET-05212,2026-01-01 12:37:57+00:00,0,IOMT-002,S-IOMT-002-227,IMAGING,EP-IND-05212
NET-05213,2026-01-01 12:38:33+00:00,0,IOMT-045,S-IOMT-045-228,EHR_WRITE,EP-IND-05213
NET-05214,2026-01-01 12:38:39+00:00,0,IOMT-048,S-IOMT-048-229,RESEARCH,EP-IND-05214
NET-05215,2026-01-01 12:38:40+00:00,0,IOMT-026,S-IOMT-026-230,LAB_RESULTS,EP-IND-05215
NET-05216,2026-01-01 12:38:46+00:00,0,IOMT-037,S-IOMT-037-231,EHR_READ,EP-IND-05216
NET-05217,2026-01-01 12:38:56+00:00,0,IOMT-018,S-IOMT-018-232,RESEARCH,EP-IND-05217
NET-05218,2026-01-01 12:39:03+00:00,0,IOMT-046,S-IOMT-046-233,EHR_WRITE,EP-IND-05218
NET-05219,2026-01-01 12:39:04+00:00,0,IOMT-008,S-IOMT-008-234,EHR_READ,EP-IND-05219
NET-05220,2026-01-01 12:39:10+00:00,0,IOMT-049,S-IOMT-049-235,LAB_RESULTS,EP-IND-05220
NET-05221,2026-01-01 12:39:13+00:00,0,IOMT-035,S-IOMT-035-236,EHR_READ,EP-IND-05221
NET-05222,2026-01-01 12:39:15+00:00,0,IOMT-041,S-IOMT-041-237,RESEARCH,EP-IND-05222
NET-05223,2026-01-01 12:39:32+00:00,0,IOMT-042,S-IOMT-042-238,LAB_RESULTS,EP-IND-05223
NET-05224,2026-01-01 12:39:59+00:00,0,IOMT-034,S-IOMT-034-239,LAB_RESULTS,EP-IND-05224
NET-05225,2026-01-01 12:39:59+00:00,1,IOMT-012,S-IOMT-012-240,IMAGING,EP-IND-05225
NET-05226,2026-01-01 12:40:00+00:00,0,IOMT-047,S-IOMT-047-241,EHR_WRITE,EP-IND-05226
NET-05227,2026-01-01 12:40:17+00:00,0,IOMT-006,S-IOMT-006-242,RESEARCH,EP-IND-05227
NET-05228,2026-01-01 12:40:19+00:00,0,IOMT-012,S-IOMT-012-243,EHR_WRITE,EP-IND-05228
NET-05229,2026-01-01 12:40:27+00:00,0,IOMT-010,S-IOMT-010-244,RESEARCH,EP-IND-05229
NET-05230,2026-01-01 12:40:31+00:00,0,IOMT-008,S-IOMT-008-245,RESEARCH,EP-IND-05230
NET-05231,2026-01-01 12:40:38+00:00,0,IOMT-019,S-IOMT-019-246,RESEARCH,EP-IND-05231
NET-05232,2026-01-01 12:40:44+00:00,0,IOMT-004,S-IOMT-004-247,EHR_WRITE,EP-IND-05232
NET-05233,2026-01-01 12:40:51+00:00,0,IOMT-025,S-IOMT-025-248,IMAGING,EP-IND-05233
NET-05234,2026-01-01 12:41:10+00:00,0,IOMT-023,S-IOMT-023-249,RESEARCH,EP-IND-05234
NET-05235,2026-01-01 12:41:31+00:00,0,IOMT-041,S-IOMT-041-250,LAB_RESULTS,EP-IND-05235
NET-05236,2026-01-01 12:41:36+00:00,0,IOMT-038,S-IOMT-038-251,RESEARCH,EP-IND-05236
NET-05237,2026-01-01 12:42:13+00:00,0,IOMT-019,S-IOMT-019-252,IMAGING,EP-IND-05237
NET-05238,2026-01-01 12:42:18+00:00,0,IOMT-015,S-IOMT-015-253,LAB_RESULTS,EP-IND-05238
NET-05239,2026-01-01 12:42:26+00:00,0,IOMT-028,S-IOMT-028-254,LAB_RESULTS,EP-IND-05239
NET-05240,2026-01-01 12:42:35+00:00,0,IOMT-005,S-IOMT-005-255,IMAGING,EP-IND-05240
NET-05241,2026-01-01 12:42:40+00:00,0,IOMT-034,S-IOMT-034-256,IMAGING,EP-IND-05241
NET-05242,2026-01-01 12:42:44+00:00,0,IOMT-016,S-IOMT-016-257,IMAGING,EP-IND-05242
NET-05243,2026-01-01 12:42:47+00:00,0,IOMT-023,S-IOMT-023-258,RESEARCH,EP-IND-05243
NET-05244,2026-01-01 12:42:52+00:00,1,IOMT-009,S-IOMT-009-259,EHR_WRITE,EP-IND-05244
NET-05245,2026-01-01 12:42:59+00:00,0,IOMT-040,S-IOMT-040-260,EHR_WRITE,EP-IND-05245
NET-05246,2026-01-01 12:43:09+00:00,0,IOMT-023,S-IOMT-023-261,RESEARCH,EP-IND-05246
NET-05247,2026-01-01 12:43:11+00:00,0,IOMT-010,S-IOMT-010-262,RESEARCH,EP-IND-05247
NET-05248,2026-01-01 12:43:22+00:00,0,IOMT-036,S-IOMT-036-263,EHR_READ,EP-IND-05248
NET-05249,2026-01-01 12:43:34+00:00,0,IOMT-035,S-IOMT-035-264,EHR_READ,EP-IND-05249
NET-05250,2026-01-01 12:43:36+00:00,0,IOMT-031,S-IOMT-031-265,IMAGING,EP-IND-05250
NET-05251,2026-01-01 12:43:57+00:00,0,IOMT-012,S-IOMT-012-266,EHR_READ,EP-IND-05251
NET-05252,2026-01-01 12:43:57+00:00,0,IOMT-038,S-IOMT-038-267,EHR_WRITE,EP-IND-05252
NET-05253,2026-01-01 12:44:01+00:00,0,IOMT-007,S-IOMT-007-268,EHR_WRITE,EP-IND-05253
NET-05254,2026-01-01 12:44:05+00:00,0,IOMT-042,S-IOMT-042-269,LAB_RESULTS,EP-IND-05254
NET-05255,2026-01-01 12:44:05+00:00,0,IOMT-042,S-IOMT-042-270,IMAGING,EP-IND-05255
NET-05256,2026-01-01 12:44:22+00:00,0,IOMT-008,S-IOMT-008-271,EHR_WRITE,EP-IND-05256
NET-05257,2026-01-01 12:44:27+00:00,0,IOMT-018,S-IOMT-018-272,EHR_WRITE,EP-IND-05257
NET-05258,2026-01-01 12:44:43+00:00,0,IOMT-033,S-IOMT-033-273,EHR_READ,EP-IND-05258
NET-05259,2026-01-01 12:44:46+00:00,0,IOMT-005,S-IOMT-005-274,EHR_WRITE,EP-IND-05259
NET-05260,2026-01-01 12:44:47+00:00,0,IOMT-018,S-IOMT-018-275,EHR_READ,EP-IND-05260
NET-05261,2026-01-01 12:44:49+00:00,0,IOMT-040,S-IOMT-040-276,IMAGING,EP-IND-05261
NET-05262,2026-01-01 12:44:57+00:00,0,IOMT-023,S-IOMT-023-277,EHR_WRITE,EP-IND-05262
NET-05263,2026-01-01 12:44:57+00:00,1,IOMT-016,S-IOMT-016-278,EHR_WRITE,EP-IND-05263
NET-05264,2026-01-01 12:45:01+00:00,0,IOMT-016,S-IOMT-016-279,IMAGING,EP-IND-05264
NET-05265,2026-01-01 12:45:06+00:00,0,IOMT-010,S-IOMT-010-280,EHR_WRITE,EP-IND-05265
NET-05266,2026-01-01 12:45:14+00:00,0,IOMT-002,S-IOMT-002-281,RESEARCH,EP-IND-05266
NET-05267,2026-01-01 12:45:36+00:00,0,IOMT-016,S-IOMT-016-282,IMAGING,EP-IND-05267
NET-05268,2026-01-01 12:45:38+00:00,0,IOMT-003,S-IOMT-003-283,EHR_WRITE,EP-IND-05268
NET-05269,2026-01-01 12:45:45+00:00,0,IOMT-018,S-IOMT-018-284,IMAGING,EP-IND-05269
NET-05270,2026-01-01 12:46:16+00:00,1,IOMT-008,S-IOMT-008-285,EHR_WRITE,EP-IND-05270
NET-05271,2026-01-01 12:46:19+00:00,0,IOMT-027,S-IOMT-027-286,IMAGING,EP-IND-05271
NET-05272,2026-01-01 12:46:29+00:00,0,IOMT-035,S-IOMT-035-287,EHR_READ,EP-IND-05272
NET-05273,2026-01-01 12:46:37+00:00,0,IOMT-036,S-IOMT-036-288,RESEARCH,EP-IND-05273
NET-05274,2026-01-01 12:46:43+00:00,0,IOMT-028,S-IOMT-028-289,EHR_READ,EP-IND-05274
NET-05275,2026-01-01 12:46:47+00:00,0,IOMT-039,S-IOMT-039-290,RESEARCH,EP-IND-05275
NET-05276,2026-01-01 12:47:07+00:00,0,IOMT-027,S-IOMT-027-291,LAB_RESULTS,EP-IND-05276
NET-05277,2026-01-01 12:47:12+00:00,0,IOMT-003,S-IOMT-003-292,IMAGING,EP-IND-05277
NET-05278,2026-01-01 12:47:14+00:00,0,IOMT-016,S-IOMT-016-293,EHR_WRITE,EP-IND-05278
NET-05279,2026-01-01 12:47:15+00:00,0,IOMT-044,S-IOMT-044-294,LAB_RESULTS,EP-IND-05279
NET-05280,2026-01-01 12:47:26+00:00,0,IOMT-009,S-IOMT-009-295,LAB_RESULTS,EP-IND-05280
NET-05281,2026-01-01 12:47:32+00:00,0,IOMT-018,S-IOMT-018-296,IMAGING,EP-IND-05281
NET-05282,2026-01-01 12:47:34+00:00,0,IOMT-005,S-IOMT-005-297,RESEARCH,EP-IND-05282
NET-05283,2026-01-01 12:47:55+00:00,0,IOMT-029,S-IOMT-029-298,IMAGING,EP-IND-05283
NET-05284,2026-01-01 12:47:55+00:00,0,IOMT-014,S-IOMT-014-299,IMAGING,EP-IND-05284
NET-05285,2026-01-01 12:48:14+00:00,0,IOMT-002,S-IOMT-002-300,IMAGING,EP-IND-05285
NET-05286,2026-01-01 12:48:25+00:00,0,IOMT-007,S-IOMT-007-301,IMAGING,EP-IND-05286
NET-05287,2026-01-01 12:48:43+00:00,0,IOMT-018,S-IOMT-018-302,IMAGING,EP-IND-05287
NET-05288,2026-01-01 12:48:53+00:00,0,IOMT-001,S-IOMT-001-303,RESEARCH,EP-IND-05288
NET-05289,2026-01-01 12:49:06+00:00,0,IOMT-022,S-IOMT-022-304,EHR_WRITE,EP-IND-05289
NET-05290,2026-01-01 12:49:11+00:00,0,IOMT-022,S-IOMT-022-305,RESEARCH,EP-IND-05290
NET-05291,2026-01-01 12:49:24+00:00,0,IOMT-039,S-IOMT-039-306,EHR_WRITE,EP-IND-05291
NET-05292,2026-01-01 12:49:31+00:00,0,IOMT-009,S-IOMT-009-307,EHR_WRITE,EP-IND-05292
NET-05293,2026-01-01 12:49:31+00:00,0,IOMT-043,S-IOMT-043-308,IMAGING,EP-IND-05293
NET-05294,2026-01-01 12:49:47+00:00,0,IOMT-036,S-IOMT-036-309,RESEARCH,EP-IND-05294
NET-05295,2026-01-01 12:49:49+00:00,0,IOMT-027,S-IOMT-027-310,LAB_RESULTS,EP-IND-05295
NET-05296,2026-01-01 12:49:56+00:00,0,IOMT-035,S-IOMT-035-311,IMAGING,EP-IND-05296
NET-05297,2026-01-01 12:50:34+00:00,0,IOMT-015,S-IOMT-015-312,EHR_WRITE,EP-IND-05297
NET-05298,2026-01-01 12:51:28+00:00,0,IOMT-016,S-IOMT-016-313,RESEARCH,EP-IND-05298
NET-05299,2026-01-01 12:51:52+00:00,0,IOMT-029,S-IOMT-029-314,EHR_READ,EP-IND-05299
NET-05300,2026-01-01 12:52:00+00:00,0,IOMT-049,S-IOMT-049-315,EHR_READ,EP-IND-05300
NET-05301,2026-01-01 12:52:03+00:00,0,IOMT-049,S-IOMT-049-316,EHR_READ,EP-IND-05301
NET-05302,2026-01-01 12:52:05+00:00,1,IOMT-015,S-IOMT-015-317,EHR_WRITE,EP-IND-05302
NET-05303,2026-01-01 12:52:06+00:00,0,IOMT-033,S-IOMT-033-318,IMAGING,EP-IND-05303
NET-05304,2026-01-01 12:52:18+00:00,0,IOMT-011,S-IOMT-011-319,EHR_WRITE,EP-IND-05304
NET-05305,2026-01-01 12:52:30+00:00,0,IOMT-001,S-IOMT-001-320,RESEARCH,EP-IND-05305
NET-05306,2026-01-01 12:52:34+00:00,0,IOMT-007,S-IOMT-007-321,EHR_READ,EP-IND-05306
NET-05307,2026-01-01 12:52:36+00:00,0,IOMT-032,S-IOMT-032-322,IMAGING,EP-IND-05307
NET-05308,2026-01-01 12:52:45+00:00,0,IOMT-008,S-IOMT-008-323,IMAGING,EP-IND-05308
NET-05309,2026-01-01 12:52:49+00:00,0,IOMT-006,S-IOMT-006-324,EHR_WRITE,EP-IND-05309
NET-05310,2026-01-01 12:53:09+00:00,0,IOMT-024,S-IOMT-024-325,LAB_RESULTS,EP-IND-05310
NET-05311,2026-01-01 12:53:33+00:00,0,IOMT-039,S-IOMT-039-326,EHR_WRITE,EP-IND-05311
NET-05312,2026-01-01 12:53:37+00:00,0,IOMT-032,S-IOMT-032-327,EHR_READ,EP-IND-05312
NET-05313,2026-01-01 12:53:41+00:00,0,IOMT-012,S-IOMT-012-328,RESEARCH,EP-IND-05313
NET-05314,2026-01-01 12:53:41+00:00,0,IOMT-000,S-IOMT-000-329,IMAGING,EP-IND-05314
NET-05315,2026-01-01 12:53:54+00:00,0,IOMT-016,S-IOMT-016-330,IMAGING,EP-IND-05315
NET-05316,2026-01-01 12:53:56+00:00,0,IOMT-015,S-IOMT-015-331,RESEARCH,EP-IND-05316
NET-05317,2026-01-01 12:53:58+00:00,0,IOMT-000,S-IOMT-000-332,LAB_RESULTS,EP-IND-05317
NET-05318,2026-01-01 12:54:31+00:00,0,IOMT-031,S-IOMT-031-333,LAB_RESULTS,EP-IND-05318
NET-05319,2026-01-01 12:54:35+00:00,0,IOMT-035,S-IOMT-035-334,IMAGING,EP-IND-05319
NET-05320,2026-01-01 12:54:40+00:00,0,IOMT-016,S-IOMT-016-335,LAB_RESULTS,EP-IND-05320
NET-05321,2026-01-01 12:54:44+00:00,0,IOMT-012,S-IOMT-012-336,EHR_WRITE,EP-IND-05321
NET-05322,2026-01-01 12:55:10+00:00,0,IOMT-021,S-IOMT-021-337,LAB_RESULTS,EP-IND-05322
NET-05323,2026-01-01 12:55:11+00:00,0,IOMT-003,S-IOMT-003-338,EHR_WRITE,EP-IND-05323
NET-05324,2026-01-01 12:55:22+00:00,0,IOMT-031,S-IOMT-031-339,IMAGING,EP-IND-05324
NET-05325,2026-01-01 12:55:25+00:00,0,IOMT-032,S-IOMT-032-340,LAB_RESULTS,EP-IND-05325
NET-05326,2026-01-01 12:55:28+00:00,0,IOMT-049,S-IOMT-049-341,LAB_RESULTS,EP-IND-05326
NET-05327,2026-01-01 12:55:34+00:00,0,IOMT-016,S-IOMT-016-342,IMAGING,EP-IND-05327
NET-05328,2026-01-01 12:55:43+00:00,0,IOMT-045,S-IOMT-045-343,IMAGING,EP-IND-05328
NET-05329,2026-01-01 12:55:43+00:00,0,IOMT-043,S-IOMT-043-344,EHR_READ,EP-IND-05329
NET-05330,2026-01-01 12:55:54+00:00,0,IOMT-029,S-IOMT-029-345,EHR_WRITE,EP-IND-05330
NET-05331,2026-01-01 12:56:29+00:00,0,IOMT-004,S-IOMT-004-346,EHR_WRITE,EP-IND-05331
NET-05332,2026-01-01 12:56:34+00:00,0,IOMT-013,S-IOMT-013-347,LAB_RESULTS,EP-IND-05332
NET-05333,2026-01-01 12:56:39+00:00,0,IOMT-007,S-IOMT-007-348,EHR_READ,EP-IND-05333
NET-05334,2026-01-01 12:56:47+00:00,0,IOMT-011,S-IOMT-011-349,LAB_RESULTS,EP-IND-05334
NET-05335,2026-01-01 12:57:01+00:00,0,IOMT-002,S-IOMT-002-350,LAB_RESULTS,EP-IND-05335
NET-05336,2026-01-01 12:57:18+00:00,0,IOMT-007,S-IOMT-007-351,LAB_RESULTS,EP-IND-05336
NET-05337,2026-01-01 12:57:25+00:00,0,IOMT-019,S-IOMT-019-352,RESEARCH,EP-IND-05337
NET-05338,2026-01-01 12:57:40+00:00,0,IOMT-024,S-IOMT-024-353,LAB_RESULTS,EP-IND-05338
NET-05339,2026-01-01 12:57:40+00:00,0,IOMT-017,S-IOMT-017-354,RESEARCH,EP-IND-05339
NET-05340,2026-01-01 12:57:49+00:00,0,IOMT-029,S-IOMT-029-355,EHR_READ,EP-IND-05340
NET-05341,2026-01-01 12:58:04+00:00,0,IOMT-011,S-IOMT-011-356,IMAGING,EP-IND-05341
NET-05342,2026-01-01 12:58:04+00:00,0,IOMT-043,S-IOMT-043-357,IMAGING,EP-IND-05342
NET-05343,2026-01-01 12:58:11+00:00,0,IOMT-032,S-IOMT-032-358,LAB_RESULTS,EP-IND-05343
NET-05344,2026-01-01 12:58:25+00:00,0,IOMT-022,S-IOMT-022-359,EHR_WRITE,EP-IND-05344
NET-05345,2026-01-01 12:58:25+00:00,0,IOMT-032,S-IOMT-032-360,EHR_WRITE,EP-IND-05345
NET-05346,2026-01-01 12:58:26+00:00,0,IOMT-017,S-IOMT-017-361,EHR_WRITE,EP-IND-05346
NET-05347,2026-01-01 12:58:39+00:00,0,IOMT-024,S-IOMT-024-362,EHR_READ,EP-IND-05347
NET-05348,2026-01-01 12:58:48+00:00,0,IOMT-034,S-IOMT-034-363,EHR_WRITE,EP-IND-05348
NET-05349,2026-01-01 12:59:00+00:00,0,IOMT-023,S-IOMT-023-364,EHR_WRITE,EP-IND-05349
NET-05350,2026-01-01 12:59:05+00:00,0,IOMT-036,S-IOMT-036-365,IMAGING,EP-IND-05350
NET-05351,2026-01-01 12:59:05+00:00,0,IOMT-020,S-IOMT-020-366,LAB_RESULTS,EP-IND-05351
NET-05352,2026-01-01 12:59:05+00:00,0,IOMT-032,S-IOMT-032-367,LAB_RESULTS,EP-IND-05352
NET-05353,2026-01-01 12:59:08+00:00,0,IOMT-041,S-IOMT-041-368,EHR_READ,EP-IND-05353
NET-05354,2026-01-01 12:59:09+00:00,0,IOMT-046,S-IOMT-046-369,IMAGING,EP-IND-05354
NET-05355,2026-01-01 12:59:34+00:00,0,IOMT-035,S-IOMT-035-370,EHR_READ,EP-IND-05355
NET-05356,2026-01-01 12:59:35+00:00,0,IOMT-048,S-IOMT-048-371,EHR_READ,EP-IND-05356
NET-05357,2026-01-01 12:59:44+00:00,0,IOMT-036,S-IOMT-036-372,EHR_WRITE,EP-IND-05357
NET-05358,2026-01-01 12:59:48+00:00,0,IOMT-018,S-IOMT-018-373,EHR_READ,EP-IND-05358
NET-05359,2026-01-01 13:00:00+00:00,0,IOMT-026,S-IOMT-026-374,EHR_READ,EP-IND-05359
NET-05360,2026-01-01 13:00:18+00:00,0,IOMT-049,S-IOMT-049-375,LAB_RESULTS,EP-IND-05360
NET-05361,2026-01-01 13:00:18+00:00,0,IOMT-022,S-IOMT-022-376,RESEARCH,EP-IND-05361
NET-05362,2026-01-01 13:00:19+00:00,1,IOMT-002,S-IOMT-002-377,LAB_RESULTS,EP-IND-05362
NET-05363,2026-01-01 13:00:39+00:00,0,IOMT-030,S-IOMT-030-378,IMAGING,EP-IND-05363
NET-05364,2026-01-01 13:00:48+00:00,0,IOMT-013,S-IOMT-013-379,EHR_WRITE,EP-IND-05364
NET-05365,2026-01-01 13:00:50+00:00,0,IOMT-015,S-IOMT-015-380,RESEARCH,EP-IND-05365
NET-05366,2026-01-01 13:00:58+00:00,0,IOMT-042,S-IOMT-042-381,LAB_RESULTS,EP-IND-05366
NET-05367,2026-01-01 13:01:03+00:00,0,IOMT-034,S-IOMT-034-382,IMAGING,EP-IND-05367
NET-05368,2026-01-01 13:01:19+00:00,0,IOMT-028,S-IOMT-028-383,IMAGING,EP-IND-05368
NET-05369,2026-01-01 13:01:38+00:00,0,IOMT-002,S-IOMT-002-384,EHR_WRITE,EP-IND-05369
NET-05370,2026-01-01 13:01:58+00:00,0,IOMT-025,S-IOMT-025-385,EHR_READ,EP-IND-05370
NET-05371,2026-01-01 13:02:03+00:00,0,IOMT-010,S-IOMT-010-386,LAB_RESULTS,EP-IND-05371
NET-05372,2026-01-01 13:02:08+00:00,0,IOMT-037,S-IOMT-037-387,EHR_READ,EP-IND-05372
NET-05373,2026-01-01 13:02:08+00:00,0,IOMT-032,S-IOMT-032-388,IMAGING,EP-IND-05373
NET-05374,2026-01-01 13:02:16+00:00,0,IOMT-002,S-IOMT-002-389,RESEARCH,EP-IND-05374
NET-05375,2026-01-01 13:02:18+00:00,0,IOMT-048,S-IOMT-048-390,EHR_WRITE,EP-IND-05375
NET-05376,2026-01-01 13:02:21+00:00,0,IOMT-037,S-IOMT-037-391,EHR_READ,EP-IND-05376
NET-05377,2026-01-01 13:02:31+00:00,0,IOMT-021,S-IOMT-021-392,IMAGING,EP-IND-05377
NET-05378,2026-01-01 13:02:38+00:00,0,IOMT-001,S-IOMT-001-393,IMAGING,EP-IND-05378
NET-05379,2026-01-01 13:02:41+00:00,0,IOMT-012,S-IOMT-012-394,RESEARCH,EP-IND-05379
NET-05380,2026-01-01 13:02:46+00:00,0,IOMT-003,S-IOMT-003-395,LAB_RESULTS,EP-IND-05380
NET-05381,2026-01-01 13:03:00+00:00,0,IOMT-045,S-IOMT-045-396,RESEARCH,EP-IND-05381
NET-05382,2026-01-01 13:03:17+00:00,0,IOMT-038,S-IOMT-038-397,EHR_WRITE,EP-IND-05382
NET-05383,2026-01-01 13:03:21+00:00,0,IOMT-040,S-IOMT-040-398,EHR_WRITE,EP-IND-05383
NET-05384,2026-01-01 13:03:25+00:00,0,IOMT-017,S-IOMT-017-399,RESEARCH,EP-IND-05384
NET-05385,2026-01-01 13:04:01+00:00,0,IOMT-029,S-IOMT-029-400,EHR_WRITE,EP-IND-05385
NET-05386,2026-01-01 13:04:15+00:00,0,IOMT-034,S-IOMT-034-401,EHR_WRITE,EP-IND-05386
NET-05387,2026-01-01 13:04:34+00:00,0,IOMT-033,S-IOMT-033-402,LAB_RESULTS,EP-IND-05387
NET-05388,2026-01-01 13:04:36+00:00,0,IOMT-043,S-IOMT-043-403,RESEARCH,EP-IND-05388
NET-05389,2026-01-01 13:05:07+00:00,0,IOMT-000,S-IOMT-000-404,IMAGING,EP-IND-05389
NET-05390,2026-01-01 13:05:31+00:00,0,IOMT-028,S-IOMT-028-405,LAB_RESULTS,EP-IND-05390
NET-05391,2026-01-01 13:05:36+00:00,0,IOMT-042,S-IOMT-042-406,EHR_WRITE,EP-IND-05391
NET-05392,2026-01-01 13:05:57+00:00,0,IOMT-038,S-IOMT-038-407,LAB_RESULTS,EP-IND-05392
NET-05393,2026-01-01 13:05:59+00:00,0,IOMT-001,S-IOMT-001-408,EHR_READ,EP-IND-05393
NET-05394,2026-01-01 13:06:23+00:00,0,IOMT-027,S-IOMT-027-409,EHR_WRITE,EP-IND-05394
NET-05395,2026-01-01 13:06:28+00:00,0,IOMT-037,S-IOMT-037-410,EHR_WRITE,EP-IND-05395
NET-05396,2026-01-01 13:06:28+00:00,0,IOMT-001,S-IOMT-001-411,IMAGING,EP-IND-05396
NET-05397,2026-01-01 13:06:32+00:00,0,IOMT-025,S-IOMT-025-412,LAB_RESULTS,EP-IND-05397
NET-05398,2026-01-01 13:06:38+00:00,0,IOMT-016,S-IOMT-016-413,EHR_READ,EP-IND-05398
NET-05399,2026-01-01 13:06:39+00:00,0,IOMT-038,S-IOMT-038-414,RESEARCH,EP-IND-05399
NET-05400,2026-01-01 13:07:12+00:00,0,IOMT-030,S-IOMT-030-415,IMAGING,EP-IND-05400
NET-05401,2026-01-01 13:07:17+00:00,0,IOMT-011,S-IOMT-011-416,LAB_RESULTS,EP-IND-05401
NET-05402,2026-01-01 13:07:34+00:00,1,IOMT-047,S-IOMT-047-417,EHR_READ,EP-IND-05402
NET-05403,2026-01-01 13:07:34+00:00,0,IOMT-037,S-IOMT-037-418,LAB_RESULTS,EP-IND-05403
NET-05404,2026-01-01 13:07:37+00:00,0,IOMT-031,S-IOMT-031-419,EHR_WRITE,EP-IND-05404
NET-05405,2026-01-01 13:07:53+00:00,1,IOMT-001,S-IOMT-001-420,LAB_RESULTS,EP-IND-05405
NET-05406,2026-01-01 13:07:58+00:00,0,IOMT-014,S-IOMT-014-421,IMAGING,EP-IND-05406
NET-05407,2026-01-01 13:08:30+00:00,0,IOMT-048,S-IOMT-048-422,RESEARCH,EP-IND-05407
NET-05408,2026-01-01 13:08:44+00:00,1,IOMT-017,S-IOMT-017-423,EHR_READ,EP-IND-05408
NET-05409,2026-01-01 13:08:48+00:00,0,IOMT-034,S-IOMT-034-424,LAB_RESULTS,EP-IND-05409
NET-05410,2026-01-01 13:08:50+00:00,0,IOMT-049,S-IOMT-049-425,RESEARCH,EP-IND-05410
NET-05411,2026-01-01 13:08:51+00:00,0,IOMT-025,S-IOMT-025-426,IMAGING,EP-IND-05411
NET-05412,2026-01-01 13:08:52+00:00,0,IOMT-043,S-IOMT-043-427,RESEARCH,EP-IND-05412
NET-05413,2026-01-01 13:09:01+00:00,0,IOMT-021,S-IOMT-021-428,IMAGING,EP-IND-05413
NET-05414,2026-01-01 13:09:20+00:00,0,IOMT-024,S-IOMT-024-429,RESEARCH,EP-IND-05414
NET-05415,2026-01-01 13:09:22+00:00,0,IOMT-033,S-IOMT-033-430,LAB_RESULTS,EP-IND-05415
NET-05416,2026-01-01 13:09:31+00:00,1,IOMT-036,S-IOMT-036-431,EHR_WRITE,EP-IND-05416
NET-05417,2026-01-01 13:10:08+00:00,0,IOMT-042,S-IOMT-042-432,IMAGING,EP-IND-05417
NET-05418,2026-01-01 13:10:22+00:00,0,IOMT-012,S-IOMT-012-433,IMAGING,EP-IND-05418
NET-05419,2026-01-01 13:10:35+00:00,0,IOMT-026,S-IOMT-026-434,RESEARCH,EP-IND-05419
NET-05420,2026-01-01 13:10:43+00:00,0,IOMT-018,S-IOMT-018-435,LAB_RESULTS,EP-IND-05420
NET-05421,2026-01-01 13:10:43+00:00,1,IOMT-034,S-IOMT-034-436,EHR_READ,EP-IND-05421
NET-05422,2026-01-01 13:10:55+00:00,0,IOMT-036,S-IOMT-036-437,IMAGING,EP-IND-05422
NET-05423,2026-01-01 13:11:41+00:00,0,IOMT-038,S-IOMT-038-438,RESEARCH,EP-IND-05423
NET-05424,2026-01-01 13:11:42+00:00,0,IOMT-046,S-IOMT-046-439,LAB_RESULTS,EP-IND-05424
NET-05425,2026-01-01 13:11:44+00:00,0,IOMT-033,S-IOMT-033-440,RESEARCH,EP-IND-05425
NET-05426,2026-01-01 13:11:51+00:00,0,IOMT-022,S-IOMT-022-441,IMAGING,EP-IND-05426
NET-05427,2026-01-01 13:12:05+00:00,0,IOMT-007,S-IOMT-007-442,LAB_RESULTS,EP-IND-05427
NET-05428,2026-01-01 13:12:06+00:00,0,IOMT-042,S-IOMT-042-443,LAB_RESULTS,EP-IND-05428
NET-05429,2026-01-01 13:12:13+00:00,0,IOMT-001,S-IOMT-001-444,EHR_WRITE,EP-IND-05429
NET-05430,2026-01-01 13:12:15+00:00,0,IOMT-018,S-IOMT-018-445,IMAGING,EP-IND-05430
NET-05431,2026-01-01 13:12:31+00:00,0,IOMT-049,S-IOMT-049-446,RESEARCH,EP-IND-05431
NET-05432,2026-01-01 13:12:46+00:00,0,IOMT-004,S-IOMT-004-447,IMAGING,EP-IND-05432
NET-05433,2026-01-01 13:13:16+00:00,0,IOMT-046,S-IOMT-046-448,EHR_READ,EP-IND-05433
NET-05434,2026-01-01 13:13:22+00:00,0,IOMT-004,S-IOMT-004-449,EHR_READ,EP-IND-05434
NET-05435,2026-01-01 13:13:23+00:00,0,IOMT-028,S-IOMT-028-450,IMAGING,EP-IND-05435
NET-05436,2026-01-01 13:13:24+00:00,0,IOMT-048,S-IOMT-048-451,EHR_READ,EP-IND-05436
NET-05437,2026-01-01 13:13:25+00:00,0,IOMT-002,S-IOMT-002-452,LAB_RESULTS,EP-IND-05437
NET-05438,2026-01-01 13:13:29+00:00,0,IOMT-025,S-IOMT-025-453,RESEARCH,EP-IND-05438
NET-05439,2026-01-01 13:13:57+00:00,0,IOMT-011,S-IOMT-011-454,EHR_READ,EP-IND-05439
NET-05440,2026-01-01 13:14:05+00:00,0,IOMT-043,S-IOMT-043-455,EHR_READ,EP-IND-05440
NET-05441,2026-01-01 13:14:06+00:00,0,IOMT-008,S-IOMT-008-456,LAB_RESULTS,EP-IND-05441
NET-05442,2026-01-01 13:14:18+00:00,0,IOMT-027,S-IOMT-027-457,RESEARCH,EP-IND-05442
NET-05443,2026-01-01 13:14:22+00:00,0,IOMT-032,S-IOMT-032-458,EHR_READ,EP-IND-05443
NET-05444,2026-01-01 13:14:35+00:00,0,IOMT-024,S-IOMT-024-459,EHR_READ,EP-IND-05444
NET-05445,2026-01-01 13:14:37+00:00,0,IOMT-008,S-IOMT-008-460,IMAGING,EP-IND-05445
NET-05446,2026-01-01 13:14:41+00:00,0,IOMT-000,S-IOMT-000-461,LAB_RESULTS,EP-IND-05446
NET-05447,2026-01-01 13:14:50+00:00,0,IOMT-015,S-IOMT-015-462,EHR_READ,EP-IND-05447
NET-05448,2026-01-01 13:14:51+00:00,1,IOMT-000,S-IOMT-000-463,LAB_RESULTS,EP-IND-05448
NET-05449,2026-01-01 13:14:58+00:00,0,IOMT-047,S-IOMT-047-464,IMAGING,EP-IND-05449
NET-05450,2026-01-01 13:15:07+00:00,0,IOMT-045,S-IOMT-045-465,IMAGING,EP-IND-05450
NET-05451,2026-01-01 13:15:15+00:00,0,IOMT-045,S-IOMT-045-466,RESEARCH,EP-IND-05451
NET-05452,2026-01-01 13:15:37+00:00,0,IOMT-021,S-IOMT-021-467,EHR_READ,EP-IND-05452
NET-05453,2026-01-01 13:15:39+00:00,0,IOMT-005,S-IOMT-005-468,LAB_RESULTS,EP-IND-05453
NET-05454,2026-01-01 13:15:44+00:00,0,IOMT-014,S-IOMT-014-469,EHR_WRITE,EP-IND-05454
NET-05455,2026-01-01 13:15:49+00:00,0,IOMT-045,S-IOMT-045-470,IMAGING,EP-IND-05455
NET-05456,2026-01-01 13:15:53+00:00,0,IOMT-049,S-IOMT-049-471,RESEARCH,EP-IND-05456
NET-05457,2026-01-01 13:15:55+00:00,0,IOMT-008,S-IOMT-008-472,LAB_RESULTS,EP-IND-05457
NET-05458,2026-01-01 13:16:01+00:00,0,IOMT-012,S-IOMT-012-473,EHR_READ,EP-IND-05458
NET-05459,2026-01-01 13:16:03+00:00,0,IOMT-005,S-IOMT-005-474,IMAGING,EP-IND-05459
NET-05460,2026-01-01 13:16:15+00:00,0,IOMT-035,S-IOMT-035-475,RESEARCH,EP-IND-05460
NET-05461,2026-01-01 13:16:17+00:00,0,IOMT-045,S-IOMT-045-476,EHR_WRITE,EP-IND-05461
NET-05462,2026-01-01 13:16:21+00:00,0,IOMT-045,S-IOMT-045-477,RESEARCH,EP-IND-05462
NET-05463,2026-01-01 13:16:22+00:00,0,IOMT-016,S-IOMT-016-478,RESEARCH,EP-IND-05463
NET-05464,2026-01-01 13:16:23+00:00,0,IOMT-002,S-IOMT-002-479,EHR_READ,EP-IND-05464
NET-05465,2026-01-01 13:16:27+00:00,0,IOMT-038,S-IOMT-038-480,LAB_RESULTS,EP-IND-05465
NET-05466,2026-01-01 13:16:51+00:00,0,IOMT-030,S-IOMT-030-481,EHR_READ,EP-IND-05466
NET-05467,2026-01-01 13:16:55+00:00,0,IOMT-022,S-IOMT-022-482,RESEARCH,EP-IND-05467
NET-05468,2026-01-01 13:17:05+00:00,0,IOMT-014,S-IOMT-014-483,EHR_WRITE,EP-IND-05468
NET-05469,2026-01-01 13:17:05+00:00,0,IOMT-026,S-IOMT-026-484,EHR_WRITE,EP-IND-05469
NET-05470,2026-01-01 13:17:07+00:00,0,IOMT-026,S-IOMT-026-485,EHR_WRITE,EP-IND-05470
NET-05471,2026-01-01 13:17:11+00:00,0,IOMT-016,S-IOMT-016-486,EHR_WRITE,EP-IND-05471
NET-05472,2026-01-01 13:17:12+00:00,0,IOMT-036,S-IOMT-036-487,LAB_RESULTS,EP-IND-05472
NET-05473,2026-01-01 13:17:40+00:00,0,IOMT-008,S-IOMT-008-488,LAB_RESULTS,EP-IND-05473
NET-05474,2026-01-01 13:17:40+00:00,0,IOMT-039,S-IOMT-039-489,EHR_WRITE,EP-IND-05474
NET-05475,2026-01-01 13:17:40+00:00,0,IOMT-046,S-IOMT-046-490,LAB_RESULTS,EP-IND-05475
NET-05476,2026-01-01 13:18:02+00:00,0,IOMT-024,S-IOMT-024-491,RESEARCH,EP-IND-05476
NET-05477,2026-01-01 13:18:10+00:00,0,IOMT-002,S-IOMT-002-492,LAB_RESULTS,EP-IND-05477
NET-05478,2026-01-01 13:18:18+00:00,0,IOMT-044,S-IOMT-044-493,IMAGING,EP-IND-05478
NET-05479,2026-01-01 13:18:31+00:00,0,IOMT-008,S-IOMT-008-494,LAB_RESULTS,EP-IND-05479
NET-05480,2026-01-01 13:18:38+00:00,0,IOMT-029,S-IOMT-029-495,EHR_WRITE,EP-IND-05480
NET-05481,2026-01-01 13:18:41+00:00,0,IOMT-034,S-IOMT-034-496,RESEARCH,EP-IND-05481
NET-05482,2026-01-01 13:18:58+00:00,0,IOMT-019,S-IOMT-019-497,EHR_WRITE,EP-IND-05482
NET-05483,2026-01-01 13:18:59+00:00,0,IOMT-005,S-IOMT-005-498,IMAGING,EP-IND-05483
NET-05484,2026-01-01 13:19:02+00:00,0,IOMT-000,S-IOMT-000-499,RESEARCH,EP-IND-05484
NET-05485,2026-01-01 13:19:04+00:00,0,IOMT-007,S-IOMT-007-500,EHR_WRITE,EP-IND-05485
NET-05486,2026-01-01 13:19:11+00:00,0,IOMT-007,S-IOMT-007-501,EHR_WRITE,EP-IND-05486
NET-05487,2026-01-01 13:19:11+00:00,0,IOMT-013,S-IOMT-013-502,EHR_READ,EP-IND-05487
NET-05488,2026-01-01 13:19:12+00:00,0,IOMT-030,S-IOMT-030-503,EHR_WRITE,EP-IND-05488
NET-05489,2026-01-01 13:19:40+00:00,0,IOMT-023,S-IOMT-023-504,RESEARCH,EP-IND-05489
NET-05490,2026-01-01 13:19:45+00:00,0,IOMT-037,S-IOMT-037-505,RESEARCH,EP-IND-05490
NET-05491,2026-01-01 13:19:46+00:00,0,IOMT-025,S-IOMT-025-506,EHR_WRITE,EP-IND-05491
NET-05492,2026-01-01 13:19:48+00:00,0,IOMT-014,S-IOMT-014-507,EHR_WRITE,EP-IND-05492
NET-05493,2026-01-01 13:19:51+00:00,0,IOMT-014,S-IOMT-014-508,RESEARCH,EP-IND-05493
NET-05494,2026-01-01 13:19:56+00:00,0,IOMT-029,S-IOMT-029-509,RESEARCH,EP-IND-05494
NET-05495,2026-01-01 13:19:58+00:00,0,IOMT-014,S-IOMT-014-510,EHR_READ,EP-IND-05495
NET-05496,2026-01-01 13:19:58+00:00,0,IOMT-028,S-IOMT-028-511,EHR_READ,EP-IND-05496
NET-05497,2026-01-01 13:20:03+00:00,0,IOMT-024,S-IOMT-024-512,RESEARCH,EP-IND-05497
NET-05498,2026-01-01 13:20:10+00:00,0,IOMT-042,S-IOMT-042-513,EHR_WRITE,EP-IND-05498
NET-05499,2026-01-01 13:20:28+00:00,0,IOMT-041,S-IOMT-041-514,IMAGING,EP-IND-05499
NET-05500,2026-01-01 13:20:29+00:00,0,IOMT-047,S-IOMT-047-515,EHR_READ,EP-IND-05500
NET-05501,2026-01-01 13:20:34+00:00,0,IOMT-041,S-IOMT-041-516,EHR_READ,EP-IND-05501
NET-05502,2026-01-01 13:20:45+00:00,0,IOMT-004,S-IOMT-004-517,IMAGING,EP-IND-05502
NET-05503,2026-01-01 13:20:49+00:00,0,IOMT-015,S-IOMT-015-518,RESEARCH,EP-IND-05503
NET-05504,2026-01-01 13:20:56+00:00,0,IOMT-033,S-IOMT-033-519,IMAGING,EP-IND-05504
NET-05505,2026-01-01 13:21:07+00:00,0,IOMT-008,S-IOMT-008-520,EHR_WRITE,EP-IND-05505
NET-05506,2026-01-01 13:21:09+00:00,0,IOMT-043,S-IOMT-043-521,LAB_RESULTS,EP-IND-05506
NET-05507,2026-01-01 13:21:09+00:00,0,IOMT-011,S-IOMT-011-522,LAB_RESULTS,EP-IND-05507
NET-05508,2026-01-01 13:21:27+00:00,0,IOMT-029,S-IOMT-029-523,EHR_READ,EP-IND-05508
NET-05509,2026-01-01 13:21:39+00:00,0,IOMT-034,S-IOMT-034-524,EHR_READ,EP-IND-05509
NET-05510,2026-01-01 13:21:43+00:00,0,IOMT-048,S-IOMT-048-525,EHR_READ,EP-IND-05510
NET-05511,2026-01-01 13:21:58+00:00,0,IOMT-001,S-IOMT-001-526,LAB_RESULTS,EP-IND-05511
NET-05512,2026-01-01 13:22:01+00:00,0,IOMT-033,S-IOMT-033-527,EHR_READ,EP-IND-05512
NET-05513,2026-01-01 13:22:20+00:00,0,IOMT-004,S-IOMT-004-528,EHR_READ,EP-IND-05513
NET-05514,2026-01-01 13:22:24+00:00,0,IOMT-016,S-IOMT-016-529,EHR_READ,EP-IND-05514
NET-05515,2026-01-01 13:22:24+00:00,0,IOMT-047,S-IOMT-047-530,EHR_READ,EP-IND-05515
NET-05516,2026-01-01 13:22:36+00:00,0,IOMT-028,S-IOMT-028-531,IMAGING,EP-IND-05516
NET-05517,2026-01-01 13:22:38+00:00,0,IOMT-000,S-IOMT-000-532,IMAGING,EP-IND-05517
NET-05518,2026-01-01 13:22:41+00:00,1,IOMT-048,S-IOMT-048-533,IMAGING,EP-IND-05518
NET-05519,2026-01-01 13:22:46+00:00,0,IOMT-010,S-IOMT-010-534,EHR_WRITE,EP-IND-05519
NET-05520,2026-01-01 13:22:52+00:00,0,IOMT-024,S-IOMT-024-535,RESEARCH,EP-IND-05520
NET-05521,2026-01-01 13:23:06+00:00,0,IOMT-026,S-IOMT-026-536,RESEARCH,EP-IND-05521
NET-05522,2026-01-01 13:23:14+00:00,0,IOMT-048,S-IOMT-048-537,RESEARCH,EP-IND-05522
NET-05523,2026-01-01 13:23:14+00:00,0,IOMT-009,S-IOMT-009-538,RESEARCH,EP-IND-05523
NET-05524,2026-01-01 13:23:20+00:00,0,IOMT-009,S-IOMT-009-539,IMAGING,EP-IND-05524
NET-05525,2026-01-01 13:23:45+00:00,0,IOMT-020,S-IOMT-020-540,EHR_WRITE,EP-IND-05525
NET-05526,2026-01-01 13:23:51+00:00,0,IOMT-047,S-IOMT-047-541,EHR_READ,EP-IND-05526
NET-05527,2026-01-01 13:23:57+00:00,0,IOMT-004,S-IOMT-004-542,RESEARCH,EP-IND-05527
NET-05528,2026-01-01 13:23:59+00:00,0,IOMT-044,S-IOMT-044-543,IMAGING,EP-IND-05528
NET-05529,2026-01-01 13:24:03+00:00,0,IOMT-012,S-IOMT-012-544,RESEARCH,EP-IND-05529
NET-05530,2026-01-01 13:24:18+00:00,0,IOMT-031,S-IOMT-031-545,LAB_RESULTS,EP-IND-05530
NET-05531,2026-01-01 13:24:31+00:00,0,IOMT-032,S-IOMT-032-546,EHR_READ,EP-IND-05531
NET-05532,2026-01-01 13:24:33+00:00,0,IOMT-003,S-IOMT-003-547,EHR_READ,EP-IND-05532
NET-05533,2026-01-01 13:24:59+00:00,0,IOMT-024,S-IOMT-024-548,LAB_RESULTS,EP-IND-05533
NET-05534,2026-01-01 13:25:03+00:00,0,IOMT-016,S-IOMT-016-549,EHR_READ,EP-IND-05534
NET-05535,2026-01-01 13:25:11+00:00,0,IOMT-015,S-IOMT-015-550,EHR_WRITE,EP-IND-05535
NET-05536,2026-01-01 13:25:21+00:00,0,IOMT-042,S-IOMT-042-551,EHR_WRITE,EP-IND-05536
NET-05537,2026-01-01 13:25:32+00:00,0,IOMT-044,S-IOMT-044-552,IMAGING,EP-IND-05537
NET-05538,2026-01-01 13:25:45+00:00,0,IOMT-019,S-IOMT-019-553,RESEARCH,EP-IND-05538
NET-05539,2026-01-01 13:25:51+00:00,1,IOMT-042,S-IOMT-042-554,RESEARCH,EP-IND-05539
NET-05540,2026-01-01 13:26:01+00:00,0,IOMT-022,S-IOMT-022-555,EHR_WRITE,EP-IND-05540
NET-05541,2026-01-01 13:26:04+00:00,0,IOMT-012,S-IOMT-012-556,RESEARCH,EP-IND-05541
NET-05542,2026-01-01 13:26:10+00:00,0,IOMT-020,S-IOMT-020-557,LAB_RESULTS,EP-IND-05542
NET-05543,2026-01-01 13:26:10+00:00,0,IOMT-041,S-IOMT-041-558,IMAGING,EP-IND-05543
NET-05544,2026-01-01 13:26:23+00:00,0,IOMT-020,S-IOMT-020-559,RESEARCH,EP-IND-05544
NET-05545,2026-01-01 13:26:28+00:00,0,IOMT-045,S-IOMT-045-560,RESEARCH,EP-IND-05545
NET-05546,2026-01-01 13:26:29+00:00,0,IOMT-013,S-IOMT-013-561,EHR_WRITE,EP-IND-05546
NET-05547,2026-01-01 13:26:32+00:00,0,IOMT-003,S-IOMT-003-562,IMAGING,EP-IND-05547
NET-05548,2026-01-01 13:26:46+00:00,0,IOMT-014,S-IOMT-014-563,EHR_READ,EP-IND-05548
NET-05549,2026-01-01 13:26:48+00:00,0,IOMT-004,S-IOMT-004-564,LAB_RESULTS,EP-IND-05549
NET-05550,2026-01-01 13:26:57+00:00,0,IOMT-007,S-IOMT-007-565,EHR_READ,EP-IND-05550
NET-05551,2026-01-01 13:27:19+00:00,0,IOMT-044,S-IOMT-044-566,IMAGING,EP-IND-05551
NET-05552,2026-01-01 13:27:19+00:00,0,IOMT-011,S-IOMT-011-567,LAB_RESULTS,EP-IND-05552
NET-05553,2026-01-01 13:27:22+00:00,0,IOMT-035,S-IOMT-035-568,IMAGING,EP-IND-05553
NET-05554,2026-01-01 13:27:30+00:00,0,IOMT-020,S-IOMT-020-569,RESEARCH,EP-IND-05554
NET-05555,2026-01-01 13:27:36+00:00,0,IOMT-023,S-IOMT-023-570,EHR_WRITE,EP-IND-05555
NET-05556,2026-01-01 13:27:40+00:00,0,IOMT-021,S-IOMT-021-571,IMAGING,EP-IND-05556
NET-05557,2026-01-01 13:27:50+00:00,1,IOMT-018,S-IOMT-018-572,RESEARCH,EP-IND-05557
NET-05558,2026-01-01 13:27:55+00:00,0,IOMT-016,S-IOMT-016-573,LAB_RESULTS,EP-IND-05558
NET-05559,2026-01-01 13:28:15+00:00,0,IOMT-041,S-IOMT-041-574,RESEARCH,EP-IND-05559
NET-05560,2026-01-01 13:28:17+00:00,0,IOMT-018,S-IOMT-018-575,EHR_WRITE,EP-IND-05560
NET-05561,2026-01-01 13:28:19+00:00,0,IOMT-016,S-IOMT-016-576,RESEARCH,EP-IND-05561
NET-05562,2026-01-01 13:28:21+00:00,0,IOMT-025,S-IOMT-025-577,IMAGING,EP-IND-05562
NET-05563,2026-01-01 13:28:23+00:00,0,IOMT-047,S-IOMT-047-578,EHR_WRITE,EP-IND-05563
NET-05564,2026-01-01 13:28:23+00:00,0,IOMT-026,S-IOMT-026-579,LAB_RESULTS,EP-IND-05564
NET-05565,2026-01-01 13:28:33+00:00,0,IOMT-012,S-IOMT-012-580,LAB_RESULTS,EP-IND-05565
NET-05566,2026-01-01 13:28:38+00:00,0,IOMT-006,S-IOMT-006-581,RESEARCH,EP-IND-05566
NET-05567,2026-01-01 13:29:02+00:00,0,IOMT-020,S-IOMT-020-582,LAB_RESULTS,EP-IND-05567
NET-05568,2026-01-01 13:29:32+00:00,0,IOMT-016,S-IOMT-016-583,EHR_READ,EP-IND-05568
NET-05569,2026-01-01 13:29:37+00:00,0,IOMT-025,S-IOMT-025-584,RESEARCH,EP-IND-05569
NET-05570,2026-01-01 13:30:01+00:00,0,IOMT-038,S-IOMT-038-585,EHR_WRITE,EP-IND-05570
NET-05571,2026-01-01 13:30:20+00:00,0,IOMT-012,S-IOMT-012-586,EHR_WRITE,EP-IND-05571
NET-05572,2026-01-01 13:30:23+00:00,0,IOMT-007,S-IOMT-007-587,RESEARCH,EP-IND-05572
NET-05573,2026-01-01 13:30:27+00:00,0,IOMT-019,S-IOMT-019-588,LAB_RESULTS,EP-IND-05573
NET-05574,2026-01-01 13:30:38+00:00,0,IOMT-021,S-IOMT-021-589,LAB_RESULTS,EP-IND-05574
NET-05575,2026-01-01 13:30:51+00:00,0,IOMT-034,S-IOMT-034-590,RESEARCH,EP-IND-05575
NET-05576,2026-01-01 13:30:54+00:00,0,IOMT-035,S-IOMT-035-591,LAB_RESULTS,EP-IND-05576
NET-05577,2026-01-01 13:31:00+00:00,0,IOMT-048,S-IOMT-048-592,EHR_WRITE,EP-IND-05577
NET-05578,2026-01-01 13:31:12+00:00,1,IOMT-041,S-IOMT-041-593,EHR_WRITE,EP-IND-05578
NET-05579,2026-01-01 13:31:20+00:00,0,IOMT-006,S-IOMT-006-594,EHR_WRITE,EP-IND-05579
NET-05580,2026-01-01 13:31:28+00:00,0,IOMT-021,S-IOMT-021-595,EHR_WRITE,EP-IND-05580
NET-05581,2026-01-01 13:32:03+00:00,0,IOMT-012,S-IOMT-012-596,IMAGING,EP-IND-05581
NET-05582,2026-01-01 13:32:09+00:00,0,IOMT-030,S-IOMT-030-597,IMAGING,EP-IND-05582
NET-05583,2026-01-01 13:32:14+00:00,0,IOMT-016,S-IOMT-016-598,IMAGING,EP-IND-05583
NET-05584,2026-01-01 13:32:21+00:00,0,IOMT-009,S-IOMT-009-599,EHR_WRITE,EP-IND-05584
NET-05585,2026-01-01 13:32:22+00:00,0,IOMT-041,S-IOMT-041-600,LAB_RESULTS,EP-IND-05585
NET-05586,2026-01-01 13:32:22+00:00,0,IOMT-035,S-IOMT-035-601,LAB_RESULTS,EP-IND-05586
NET-05587,2026-01-01 13:32:25+00:00,0,IOMT-027,S-IOMT-027-602,LAB_RESULTS,EP-IND-05587
NET-05588,2026-01-01 13:32:27+00:00,0,IOMT-040,S-IOMT-040-603,LAB_RESULTS,EP-IND-05588
NET-05589,2026-01-01 13:32:32+00:00,0,IOMT-008,S-IOMT-008-604,RESEARCH,EP-IND-05589
NET-05590,2026-01-01 13:32:46+00:00,0,IOMT-028,S-IOMT-028-605,IMAGING,EP-IND-05590
NET-05591,2026-01-01 13:32:48+00:00,0,IOMT-028,S-IOMT-028-606,EHR_READ,EP-IND-05591
NET-05592,2026-01-01 13:32:54+00:00,0,IOMT-019,S-IOMT-019-607,EHR_WRITE,EP-IND-05592
NET-05593,2026-01-01 13:32:56+00:00,0,IOMT-030,S-IOMT-030-608,EHR_WRITE,EP-IND-05593
NET-05594,2026-01-01 13:32:57+00:00,0,IOMT-009,S-IOMT-009-609,IMAGING,EP-IND-05594
NET-05595,2026-01-01 13:32:58+00:00,1,IOMT-026,S-IOMT-026-610,RESEARCH,EP-IND-05595
NET-05596,2026-01-01 13:33:01+00:00,0,IOMT-043,S-IOMT-043-611,IMAGING,EP-IND-05596
NET-05597,2026-01-01 13:33:08+00:00,0,IOMT-032,S-IOMT-032-612,EHR_WRITE,EP-IND-05597
NET-05598,2026-01-01 13:33:11+00:00,0,IOMT-004,S-IOMT-004-613,EHR_READ,EP-IND-05598
NET-05599,2026-01-01 13:33:24+00:00,0,IOMT-038,S-IOMT-038-614,RESEARCH,EP-IND-05599
NET-05600,2026-01-01 13:33:29+00:00,0,IOMT-026,S-IOMT-026-615,RESEARCH,EP-IND-05600
NET-05601,2026-01-01 13:33:30+00:00,0,IOMT-039,S-IOMT-039-616,LAB_RESULTS,EP-IND-05601
NET-05602,2026-01-01 13:33:34+00:00,0,IOMT-028,S-IOMT-028-617,IMAGING,EP-IND-05602
NET-05603,2026-01-01 13:33:34+00:00,0,IOMT-009,S-IOMT-009-618,EHR_WRITE,EP-IND-05603
NET-05604,2026-01-01 13:33:46+00:00,0,IOMT-026,S-IOMT-026-619,EHR_READ,EP-IND-05604
NET-05605,2026-01-01 13:33:49+00:00,0,IOMT-029,S-IOMT-029-620,EHR_READ,EP-IND-05605
NET-05606,2026-01-01 13:33:55+00:00,0,IOMT-020,S-IOMT-020-621,LAB_RESULTS,EP-IND-05606
NET-05607,2026-01-01 13:34:04+00:00,0,IOMT-018,S-IOMT-018-622,EHR_WRITE,EP-IND-05607
NET-05608,2026-01-01 13:34:04+00:00,0,IOMT-016,S-IOMT-016-623,RESEARCH,EP-IND-05608
NET-05609,2026-01-01 13:34:05+00:00,0,IOMT-012,S-IOMT-012-624,EHR_WRITE,EP-IND-05609
NET-05610,2026-01-01 13:34:16+00:00,0,IOMT-030,S-IOMT-030-625,LAB_RESULTS,EP-IND-05610
NET-05611,2026-01-01 13:34:17+00:00,0,IOMT-047,S-IOMT-047-626,EHR_WRITE,EP-IND-05611
NET-05612,2026-01-01 13:34:32+00:00,0,IOMT-001,S-IOMT-001-627,LAB_RESULTS,EP-IND-05612
NET-05613,2026-01-01 13:34:37+00:00,1,IOMT-035,S-IOMT-035-628,IMAGING,EP-IND-05613
NET-05614,2026-01-01 13:34:40+00:00,0,IOMT-027,S-IOMT-027-629,EHR_WRITE,EP-IND-05614
NET-05615,2026-01-01 13:34:56+00:00,0,IOMT-045,S-IOMT-045-630,EHR_WRITE,EP-IND-05615
NET-05616,2026-01-01 13:35:01+00:00,0,IOMT-036,S-IOMT-036-631,RESEARCH,EP-IND-05616
NET-05617,2026-01-01 13:35:05+00:00,0,IOMT-007,S-IOMT-007-632,RESEARCH,EP-IND-05617
NET-05618,2026-01-01 13:35:06+00:00,0,IOMT-038,S-IOMT-038-633,EHR_READ,EP-IND-05618
NET-05619,2026-01-01 13:35:23+00:00,0,IOMT-035,S-IOMT-035-634,EHR_WRITE,EP-IND-05619
NET-05620,2026-01-01 13:35:30+00:00,0,IOMT-034,S-IOMT-034-635,EHR_WRITE,EP-IND-05620
NET-05621,2026-01-01 13:35:45+00:00,0,IOMT-016,S-IOMT-016-636,EHR_READ,EP-IND-05621
NET-05622,2026-01-01 13:35:46+00:00,0,IOMT-009,S-IOMT-009-637,RESEARCH,EP-IND-05622
NET-05623,2026-01-01 13:35:47+00:00,0,IOMT-009,S-IOMT-009-638,EHR_READ,EP-IND-05623
NET-05624,2026-01-01 13:35:48+00:00,0,IOMT-044,S-IOMT-044-639,EHR_WRITE,EP-IND-05624
NET-05625,2026-01-01 13:36:04+00:00,0,IOMT-042,S-IOMT-042-640,LAB_RESULTS,EP-IND-05625
NET-05626,2026-01-01 13:36:05+00:00,0,IOMT-037,S-IOMT-037-641,IMAGING,EP-IND-05626
NET-05627,2026-01-01 13:36:07+00:00,0,IOMT-003,S-IOMT-003-642,EHR_WRITE,EP-IND-05627
NET-05628,2026-01-01 13:36:09+00:00,0,IOMT-009,S-IOMT-009-643,EHR_WRITE,EP-IND-05628
NET-05629,2026-01-01 13:36:10+00:00,0,IOMT-044,S-IOMT-044-644,RESEARCH,EP-IND-05629
NET-05630,2026-01-01 13:36:15+00:00,0,IOMT-028,S-IOMT-028-645,RESEARCH,EP-IND-05630
NET-05631,2026-01-01 13:36:34+00:00,0,IOMT-008,S-IOMT-008-646,EHR_WRITE,EP-IND-05631
NET-05632,2026-01-01 13:36:41+00:00,0,IOMT-002,S-IOMT-002-647,EHR_READ,EP-IND-05632
NET-05633,2026-01-01 13:36:44+00:00,0,IOMT-029,S-IOMT-029-648,IMAGING,EP-IND-05633
NET-05634,2026-01-01 13:36:53+00:00,0,IOMT-033,S-IOMT-033-649,EHR_WRITE,EP-IND-05634
NET-05635,2026-01-01 13:36:53+00:00,0,IOMT-009,S-IOMT-009-650,LAB_RESULTS,EP-IND-05635
NET-05636,2026-01-01 13:37:14+00:00,0,IOMT-037,S-IOMT-037-651,RESEARCH,EP-IND-05636
NET-05637,2026-01-01 13:37:21+00:00,0,IOMT-007,S-IOMT-007-652,IMAGING,EP-IND-05637
NET-05638,2026-01-01 13:37:34+00:00,0,IOMT-023,S-IOMT-023-653,IMAGING,EP-IND-05638
NET-05639,2026-01-01 13:37:36+00:00,0,IOMT-008,S-IOMT-008-654,IMAGING,EP-IND-05639
NET-05640,2026-01-01 13:37:37+00:00,0,IOMT-001,S-IOMT-001-655,LAB_RESULTS,EP-IND-05640
NET-05641,2026-01-01 13:37:57+00:00,1,IOMT-044,S-IOMT-044-656,RESEARCH,EP-IND-05641
NET-05642,2026-01-01 13:37:58+00:00,0,IOMT-030,S-IOMT-030-657,LAB_RESULTS,EP-IND-05642
NET-05643,2026-01-01 13:38:02+00:00,0,IOMT-049,S-IOMT-049-658,EHR_WRITE,EP-IND-05643
NET-05644,2026-01-01 13:38:17+00:00,0,IOMT-017,S-IOMT-017-659,IMAGING,EP-IND-05644
NET-05645,2026-01-01 13:38:23+00:00,0,IOMT-001,S-IOMT-001-660,EHR_WRITE,EP-IND-05645
NET-05646,2026-01-01 13:38:26+00:00,0,IOMT-022,S-IOMT-022-661,EHR_READ,EP-IND-05646
NET-05647,2026-01-01 13:38:30+00:00,0,IOMT-037,S-IOMT-037-662,EHR_WRITE,EP-IND-05647
NET-05648,2026-01-01 13:38:34+00:00,0,IOMT-044,S-IOMT-044-663,IMAGING,EP-IND-05648
NET-05649,2026-01-01 13:38:38+00:00,0,IOMT-040,S-IOMT-040-664,LAB_RESULTS,EP-IND-05649
NET-05650,2026-01-01 13:38:50+00:00,0,IOMT-027,S-IOMT-027-665,IMAGING,EP-IND-05650
NET-05651,2026-01-01 13:38:52+00:00,0,IOMT-013,S-IOMT-013-666,IMAGING,EP-IND-05651
NET-05652,2026-01-01 13:39:05+00:00,0,IOMT-042,S-IOMT-042-667,IMAGING,EP-IND-05652
NET-05653,2026-01-01 13:39:16+00:00,0,IOMT-046,S-IOMT-046-668,LAB_RESULTS,EP-IND-05653
NET-05654,2026-01-01 13:39:42+00:00,0,IOMT-003,S-IOMT-003-669,EHR_WRITE,EP-IND-05654
NET-05655,2026-01-01 13:39:54+00:00,0,IOMT-016,S-IOMT-016-670,RESEARCH,EP-IND-05655
NET-05656,2026-01-01 13:39:57+00:00,0,IOMT-019,S-IOMT-019-671,IMAGING,EP-IND-05656
NET-05657,2026-01-01 13:39:59+00:00,0,IOMT-018,S-IOMT-018-672,EHR_WRITE,EP-IND-05657
NET-05658,2026-01-01 13:39:59+00:00,0,IOMT-044,S-IOMT-044-673,LAB_RESULTS,EP-IND-05658
NET-05659,2026-01-01 13:39:59+00:00,0,IOMT-036,S-IOMT-036-674,RESEARCH,EP-IND-05659
NET-05660,2026-01-01 13:40:03+00:00,0,IOMT-032,S-IOMT-032-675,LAB_RESULTS,EP-IND-05660
NET-05661,2026-01-01 13:40:23+00:00,0,IOMT-001,S-IOMT-001-676,RESEARCH,EP-IND-05661
NET-05662,2026-01-01 13:40:31+00:00,0,IOMT-040,S-IOMT-040-677,EHR_WRITE,EP-IND-05662
NET-05663,2026-01-01 13:40:54+00:00,0,IOMT-020,S-IOMT-020-678,EHR_WRITE,EP-IND-05663
NET-05664,2026-01-01 13:41:11+00:00,0,IOMT-048,S-IOMT-048-679,IMAGING,EP-IND-05664
NET-05665,2026-01-01 13:41:12+00:00,0,IOMT-026,S-IOMT-026-680,IMAGING,EP-IND-05665
NET-05666,2026-01-01 13:41:17+00:00,0,IOMT-003,S-IOMT-003-681,LAB_RESULTS,EP-IND-05666
NET-05667,2026-01-01 13:41:21+00:00,0,IOMT-022,S-IOMT-022-682,IMAGING,EP-IND-05667
NET-05668,2026-01-01 13:41:33+00:00,0,IOMT-023,S-IOMT-023-683,EHR_WRITE,EP-IND-05668
NET-05669,2026-01-01 13:41:34+00:00,0,IOMT-001,S-IOMT-001-684,IMAGING,EP-IND-05669
NET-05670,2026-01-01 13:41:40+00:00,0,IOMT-024,S-IOMT-024-685,LAB_RESULTS,EP-IND-05670
NET-05671,2026-01-01 13:41:41+00:00,0,IOMT-011,S-IOMT-011-686,EHR_WRITE,EP-IND-05671
NET-05672,2026-01-01 13:41:44+00:00,0,IOMT-014,S-IOMT-014-687,RESEARCH,EP-IND-05672
NET-05673,2026-01-01 13:41:51+00:00,0,IOMT-043,S-IOMT-043-688,RESEARCH,EP-IND-05673
NET-05674,2026-01-01 13:41:52+00:00,0,IOMT-023,S-IOMT-023-689,LAB_RESULTS,EP-IND-05674
NET-05675,2026-01-01 13:41:55+00:00,0,IOMT-010,S-IOMT-010-690,EHR_READ,EP-IND-05675
NET-05676,2026-01-01 13:41:59+00:00,0,IOMT-020,S-IOMT-020-691,EHR_WRITE,EP-IND-05676
NET-05677,2026-01-01 13:42:04+00:00,0,IOMT-032,S-IOMT-032-692,RESEARCH,EP-IND-05677
NET-05678,2026-01-01 13:42:09+00:00,1,IOMT-038,S-IOMT-038-693,IMAGING,EP-IND-05678
NET-05679,2026-01-01 13:42:15+00:00,0,IOMT-031,S-IOMT-031-694,EHR_READ,EP-IND-05679
NET-05680,2026-01-01 13:42:21+00:00,0,IOMT-019,S-IOMT-019-695,IMAGING,EP-IND-05680
NET-05681,2026-01-01 13:42:22+00:00,0,IOMT-036,S-IOMT-036-696,LAB_RESULTS,EP-IND-05681
NET-05682,2026-01-01 13:42:23+00:00,0,IOMT-016,S-IOMT-016-697,IMAGING,EP-IND-05682
NET-05683,2026-01-01 13:42:23+00:00,0,IOMT-037,S-IOMT-037-698,EHR_WRITE,EP-IND-05683
NET-05684,2026-01-01 13:42:28+00:00,0,IOMT-030,S-IOMT-030-699,EHR_READ,EP-IND-05684
NET-05685,2026-01-01 13:42:28+00:00,0,IOMT-031,S-IOMT-031-700,RESEARCH,EP-IND-05685
NET-05686,2026-01-01 13:42:33+00:00,0,IOMT-020,S-IOMT-020-701,IMAGING,EP-IND-05686
NET-05687,2026-01-01 13:42:34+00:00,0,IOMT-014,S-IOMT-014-702,IMAGING,EP-IND-05687
NET-05688,2026-01-01 13:42:37+00:00,0,IOMT-035,S-IOMT-035-703,LAB_RESULTS,EP-IND-05688
NET-05689,2026-01-01 13:42:46+00:00,0,IOMT-022,S-IOMT-022-704,LAB_RESULTS,EP-IND-05689
NET-05690,2026-01-01 13:43:01+00:00,0,IOMT-035,S-IOMT-035-705,EHR_WRITE,EP-IND-05690
NET-05691,2026-01-01 13:43:14+00:00,0,IOMT-016,S-IOMT-016-706,LAB_RESULTS,EP-IND-05691
NET-05692,2026-01-01 13:43:14+00:00,0,IOMT-021,S-IOMT-021-707,EHR_READ,EP-IND-05692
NET-05693,2026-01-01 13:43:15+00:00,0,IOMT-043,S-IOMT-043-708,IMAGING,EP-IND-05693
NET-05694,2026-01-01 13:43:19+00:00,0,IOMT-030,S-IOMT-030-709,EHR_READ,EP-IND-05694
NET-05695,2026-01-01 13:43:29+00:00,0,IOMT-017,S-IOMT-017-710,IMAGING,EP-IND-05695
NET-05696,2026-01-01 13:43:39+00:00,0,IOMT-027,S-IOMT-027-711,EHR_READ,EP-IND-05696
NET-05697,2026-01-01 13:43:56+00:00,0,IOMT-027,S-IOMT-027-712,EHR_READ,EP-IND-05697
NET-05698,2026-01-01 13:43:59+00:00,0,IOMT-045,S-IOMT-045-713,IMAGING,EP-IND-05698
NET-05699,2026-01-01 13:44:14+00:00,0,IOMT-015,S-IOMT-015-714,IMAGING,EP-IND-05699
NET-05700,2026-01-01 13:44:37+00:00,0,IOMT-025,S-IOMT-025-715,EHR_READ,EP-IND-05700
NET-05701,2026-01-01 13:44:56+00:00,0,IOMT-012,S-IOMT-012-716,IMAGING,EP-IND-05701
NET-05702,2026-01-01 13:44:57+00:00,0,IOMT-011,S-IOMT-011-717,EHR_WRITE,EP-IND-05702
NET-05703,2026-01-01 13:45:09+00:00,0,IOMT-049,S-IOMT-049-718,EHR_WRITE,EP-IND-05703
NET-05704,2026-01-01 13:45:11+00:00,0,IOMT-009,S-IOMT-009-719,LAB_RESULTS,EP-IND-05704
NET-05705,2026-01-01 13:45:24+00:00,0,IOMT-048,S-IOMT-048-720,LAB_RESULTS,EP-IND-05705
NET-05706,2026-01-01 13:45:27+00:00,0,IOMT-004,S-IOMT-004-721,RESEARCH,EP-IND-05706
NET-05707,2026-01-01 13:45:48+00:00,0,IOMT-040,S-IOMT-040-722,EHR_READ,EP-IND-05707
NET-05708,2026-01-01 13:46:07+00:00,1,IOMT-017,S-IOMT-017-723,RESEARCH,EP-IND-05708
NET-05709,2026-01-01 13:46:11+00:00,0,IOMT-040,S-IOMT-040-724,RESEARCH,EP-IND-05709
NET-05710,2026-01-01 13:46:11+00:00,0,IOMT-022,S-IOMT-022-725,IMAGING,EP-IND-05710
NET-05711,2026-01-01 13:46:19+00:00,0,IOMT-007,S-IOMT-007-726,RESEARCH,EP-IND-05711
NET-05712,2026-01-01 13:46:23+00:00,0,IOMT-009,S-IOMT-009-727,LAB_RESULTS,EP-IND-05712
NET-05713,2026-01-01 13:46:33+00:00,0,IOMT-044,S-IOMT-044-728,RESEARCH,EP-IND-05713
NET-05714,2026-01-01 13:46:34+00:00,0,IOMT-024,S-IOMT-024-729,EHR_READ,EP-IND-05714
NET-05715,2026-01-01 13:46:37+00:00,0,IOMT-040,S-IOMT-040-730,EHR_WRITE,EP-IND-05715
NET-05716,2026-01-01 13:46:54+00:00,0,IOMT-028,S-IOMT-028-731,EHR_READ,EP-IND-05716
NET-05717,2026-01-01 13:47:07+00:00,0,IOMT-033,S-IOMT-033-732,LAB_RESULTS,EP-IND-05717
NET-05718,2026-01-01 13:47:10+00:00,0,IOMT-034,S-IOMT-034-733,IMAGING,EP-IND-05718
NET-05719,2026-01-01 13:47:28+00:00,1,IOMT-018,S-IOMT-018-734,LAB_RESULTS,EP-IND-05719
NET-05720,2026-01-01 13:47:30+00:00,0,IOMT-000,S-IOMT-000-735,IMAGING,EP-IND-05720
NET-05721,2026-01-01 13:47:49+00:00,0,IOMT-042,S-IOMT-042-736,EHR_READ,EP-IND-05721
NET-05722,2026-01-01 13:48:06+00:00,0,IOMT-038,S-IOMT-038-737,EHR_WRITE,EP-IND-05722
NET-05723,2026-01-01 13:48:07+00:00,0,IOMT-046,S-IOMT-046-738,IMAGING,EP-IND-05723
NET-05724,2026-01-01 13:48:22+00:00,0,IOMT-042,S-IOMT-042-739,EHR_READ,EP-IND-05724
NET-05725,2026-01-01 13:48:30+00:00,0,IOMT-014,S-IOMT-014-740,RESEARCH,EP-IND-05725
NET-05726,2026-01-01 13:48:32+00:00,0,IOMT-045,S-IOMT-045-741,EHR_READ,EP-IND-05726
NET-05727,2026-01-01 13:48:36+00:00,0,IOMT-030,S-IOMT-030-742,EHR_READ,EP-IND-05727
NET-05728,2026-01-01 13:48:46+00:00,0,IOMT-007,S-IOMT-007-743,IMAGING,EP-IND-05728
NET-05729,2026-01-01 13:48:53+00:00,0,IOMT-015,S-IOMT-015-744,EHR_WRITE,EP-IND-05729
NET-05730,2026-01-01 13:49:04+00:00,0,IOMT-045,S-IOMT-045-745,EHR_READ,EP-IND-05730
NET-05731,2026-01-01 13:49:23+00:00,0,IOMT-036,S-IOMT-036-746,EHR_WRITE,EP-IND-05731
NET-05732,2026-01-01 13:49:23+00:00,0,IOMT-033,S-IOMT-033-747,LAB_RESULTS,EP-IND-05732
NET-05733,2026-01-01 13:49:31+00:00,0,IOMT-030,S-IOMT-030-748,IMAGING,EP-IND-05733
NET-05734,2026-01-01 13:49:48+00:00,0,IOMT-016,S-IOMT-016-749,EHR_READ,EP-IND-05734
NET-05735,2026-01-01 13:49:53+00:00,0,IOMT-023,S-IOMT-023-750,EHR_WRITE,EP-IND-05735
NET-05736,2026-01-01 13:49:56+00:00,0,IOMT-049,S-IOMT-049-751,RESEARCH,EP-IND-05736
NET-05737,2026-01-01 13:49:57+00:00,0,IOMT-038,S-IOMT-038-752,LAB_RESULTS,EP-IND-05737
NET-05738,2026-01-01 13:50:07+00:00,0,IOMT-035,S-IOMT-035-753,IMAGING,EP-IND-05738
NET-05739,2026-01-01 13:50:39+00:00,0,IOMT-021,S-IOMT-021-754,EHR_READ,EP-IND-05739
NET-05740,2026-01-01 13:50:44+00:00,1,IOMT-018,S-IOMT-018-755,EHR_WRITE,EP-IND-05740
NET-05741,2026-01-01 13:50:50+00:00,0,IOMT-034,S-IOMT-034-756,EHR_READ,EP-IND-05741
NET-05742,2026-01-01 13:51:01+00:00,0,IOMT-032,S-IOMT-032-757,EHR_WRITE,EP-IND-05742
NET-05743,2026-01-01 13:51:02+00:00,0,IOMT-023,S-IOMT-023-758,EHR_WRITE,EP-IND-05743
NET-05744,2026-01-01 13:51:11+00:00,0,IOMT-039,S-IOMT-039-759,EHR_READ,EP-IND-05744
NET-05745,2026-01-01 13:51:18+00:00,0,IOMT-037,S-IOMT-037-760,LAB_RESULTS,EP-IND-05745
NET-05746,2026-01-01 13:51:27+00:00,0,IOMT-011,S-IOMT-011-761,LAB_RESULTS,EP-IND-05746
NET-05747,2026-01-01 13:51:43+00:00,0,IOMT-020,S-IOMT-020-762,EHR_READ,EP-IND-05747
NET-05748,2026-01-01 13:52:00+00:00,0,IOMT-006,S-IOMT-006-763,EHR_READ,EP-IND-05748
NET-05749,2026-01-01 13:52:16+00:00,0,IOMT-009,S-IOMT-009-764,EHR_WRITE,EP-IND-05749
NET-05750,2026-01-01 13:52:23+00:00,0,IOMT-036,S-IOMT-036-765,EHR_READ,EP-IND-05750
NET-05751,2026-01-01 13:52:48+00:00,1,IOMT-041,S-IOMT-041-766,RESEARCH,EP-IND-05751
NET-05752,2026-01-01 13:52:51+00:00,0,IOMT-045,S-IOMT-045-767,IMAGING,EP-IND-05752
NET-05753,2026-01-01 13:52:59+00:00,0,IOMT-024,S-IOMT-024-768,EHR_WRITE,EP-IND-05753
NET-05754,2026-01-01 13:53:03+00:00,0,IOMT-040,S-IOMT-040-769,RESEARCH,EP-IND-05754
NET-05755,2026-01-01 13:53:13+00:00,0,IOMT-046,S-IOMT-046-770,LAB_RESULTS,EP-IND-05755
NET-05756,2026-01-01 13:53:18+00:00,0,IOMT-020,S-IOMT-020-771,LAB_RESULTS,EP-IND-05756
NET-05757,2026-01-01 13:53:35+00:00,0,IOMT-017,S-IOMT-017-772,EHR_WRITE,EP-IND-05757
NET-05758,2026-01-01 13:53:43+00:00,0,IOMT-032,S-IOMT-032-773,EHR_WRITE,EP-IND-05758
NET-05759,2026-01-01 13:54:00+00:00,0,IOMT-045,S-IOMT-045-774,EHR_WRITE,EP-IND-05759
NET-05760,2026-01-01 13:54:13+00:00,0,IOMT-034,S-IOMT-034-775,IMAGING,EP-IND-05760
NET-05761,2026-01-01 13:54:20+00:00,0,IOMT-036,S-IOMT-036-776,EHR_WRITE,EP-IND-05761
NET-05762,2026-01-01 13:54:33+00:00,0,IOMT-002,S-IOMT-002-777,RESEARCH,EP-IND-05762
NET-05763,2026-01-01 13:54:37+00:00,0,IOMT-028,S-IOMT-028-778,IMAGING,EP-IND-05763
NET-05764,2026-01-01 13:54:40+00:00,0,IOMT-035,S-IOMT-035-779,IMAGING,EP-IND-05764
NET-05765,2026-01-01 13:54:45+00:00,0,IOMT-011,S-IOMT-011-780,LAB_RESULTS,EP-IND-05765
NET-05766,2026-01-01 13:54:48+00:00,0,IOMT-013,S-IOMT-013-781,EHR_READ,EP-IND-05766
NET-05767,2026-01-01 13:55:07+00:00,1,IOMT-006,S-IOMT-006-782,EHR_WRITE,EP-IND-05767
NET-05768,2026-01-01 13:55:10+00:00,1,IOMT-001,S-IOMT-001-783,LAB_RESULTS,EP-IND-05768
NET-05769,2026-01-01 13:55:14+00:00,0,IOMT-018,S-IOMT-018-784,IMAGING,EP-IND-05769
NET-05770,2026-01-01 13:55:17+00:00,0,IOMT-006,S-IOMT-006-785,IMAGING,EP-IND-05770
NET-05771,2026-01-01 13:55:18+00:00,0,IOMT-007,S-IOMT-007-786,RESEARCH,EP-IND-05771
NET-05772,2026-01-01 13:55:26+00:00,0,IOMT-042,S-IOMT-042-787,RESEARCH,EP-IND-05772
NET-05773,2026-01-01 13:55:28+00:00,0,IOMT-008,S-IOMT-008-788,IMAGING,EP-IND-05773
NET-05774,2026-01-01 13:55:29+00:00,0,IOMT-016,S-IOMT-016-789,IMAGING,EP-IND-05774
NET-05775,2026-01-01 13:55:30+00:00,0,IOMT-031,S-IOMT-031-790,LAB_RESULTS,EP-IND-05775
NET-05776,2026-01-01 13:55:52+00:00,0,IOMT-033,S-IOMT-033-791,IMAGING,EP-IND-05776
NET-05777,2026-01-01 13:55:52+00:00,0,IOMT-047,S-IOMT-047-792,RESEARCH,EP-IND-05777
NET-05778,2026-01-01 13:55:53+00:00,0,IOMT-012,S-IOMT-012-793,LAB_RESULTS,EP-IND-05778
NET-05779,2026-01-01 13:55:54+00:00,0,IOMT-028,S-IOMT-028-794,IMAGING,EP-IND-05779
NET-05780,2026-01-01 13:56:15+00:00,0,IOMT-010,S-IOMT-010-795,EHR_WRITE,EP-IND-05780
NET-05781,2026-01-01 13:56:19+00:00,0,IOMT-046,S-IOMT-046-796,EHR_WRITE,EP-IND-05781
NET-05782,2026-01-01 13:56:27+00:00,0,IOMT-004,S-IOMT-004-797,EHR_READ,EP-IND-05782
NET-05783,2026-01-01 13:56:42+00:00,0,IOMT-003,S-IOMT-003-798,RESEARCH,EP-IND-05783
NET-05784,2026-01-01 13:56:58+00:00,0,IOMT-036,S-IOMT-036-799,EHR_READ,EP-IND-05784
NET-05785,2026-01-01 13:57:06+00:00,0,IOMT-000,S-IOMT-000-800,LAB_RESULTS,EP-IND-05785
NET-05786,2026-01-01 13:57:11+00:00,0,IOMT-020,S-IOMT-020-801,EHR_READ,EP-IND-05786
NET-05787,2026-01-01 13:57:15+00:00,0,IOMT-031,S-IOMT-031-802,RESEARCH,EP-IND-05787
NET-05788,2026-01-01 13:57:19+00:00,0,IOMT-022,S-IOMT-022-803,EHR_READ,EP-IND-05788
NET-05789,2026-01-01 13:57:34+00:00,0,IOMT-031,S-IOMT-031-804,IMAGING,EP-IND-05789
NET-05790,2026-01-01 13:57:35+00:00,0,IOMT-020,S-IOMT-020-805,EHR_READ,EP-IND-05790
NET-05791,2026-01-01 13:57:38+00:00,0,IOMT-048,S-IOMT-048-806,EHR_READ,EP-IND-05791
NET-05792,2026-01-01 13:57:54+00:00,0,IOMT-023,S-IOMT-023-807,IMAGING,EP-IND-05792
NET-05793,2026-01-01 13:58:02+00:00,0,IOMT-033,S-IOMT-033-808,IMAGING,EP-IND-05793
NET-05794,2026-01-01 13:58:03+00:00,0,IOMT-049,S-IOMT-049-809,RESEARCH,EP-IND-05794
NET-05795,2026-01-01 13:58:10+00:00,0,IOMT-030,S-IOMT-030-810,EHR_READ,EP-IND-05795
NET-05796,2026-01-01 13:58:12+00:00,0,IOMT-000,S-IOMT-000-811,IMAGING,EP-IND-05796
NET-05797,2026-01-01 13:58:32+00:00,0,IOMT-001,S-IOMT-001-812,LAB_RESULTS,EP-IND-05797
NET-05798,2026-01-01 13:58:52+00:00,0,IOMT-018,S-IOMT-018-813,LAB_RESULTS,EP-IND-05798
NET-05799,2026-01-01 13:58:54+00:00,0,IOMT-047,S-IOMT-047-814,LAB_RESULTS,EP-IND-05799
NET-05800,2026-01-01 13:59:02+00:00,0,IOMT-045,S-IOMT-045-815,EHR_WRITE,EP-IND-05800
NET-05801,2026-01-01 13:59:19+00:00,0,IOMT-013,S-IOMT-013-816,LAB_RESULTS,EP-IND-05801
NET-05802,2026-01-01 13:59:28+00:00,0,IOMT-030,S-IOMT-030-817,LAB_RESULTS,EP-IND-05802
NET-05803,2026-01-01 13:59:35+00:00,0,IOMT-027,S-IOMT-027-818,RESEARCH,EP-IND-05803
NET-05804,2026-01-01 13:59:36+00:00,1,IOMT-042,S-IOMT-042-819,LAB_RESULTS,EP-IND-05804
NET-05805,2026-01-01 13:59:45+00:00,0,IOMT-014,S-IOMT-014-820,RESEARCH,EP-IND-05805
NET-05806,2026-01-01 13:59:51+00:00,0,IOMT-005,S-IOMT-005-821,LAB_RESULTS,EP-IND-05806
NET-05807,2026-01-01 14:00:10+00:00,0,IOMT-006,S-IOMT-006-822,LAB_RESULTS,EP-IND-05807
NET-05808,2026-01-01 14:00:23+00:00,0,IOMT-029,S-IOMT-029-823,IMAGING,EP-IND-05808
NET-05809,2026-01-01 14:00:55+00:00,0,IOMT-025,S-IOMT-025-824,LAB_RESULTS,EP-IND-05809
NET-05810,2026-01-01 14:00:57+00:00,0,IOMT-034,S-IOMT-034-825,LAB_RESULTS,EP-IND-05810
NET-05811,2026-01-01 14:00:59+00:00,0,IOMT-041,S-IOMT-041-826,EHR_READ,EP-IND-05811
NET-05812,2026-01-01 14:01:00+00:00,0,IOMT-041,S-IOMT-041-827,RESEARCH,EP-IND-05812
NET-05813,2026-01-01 14:01:10+00:00,0,IOMT-036,S-IOMT-036-828,IMAGING,EP-IND-05813
NET-05814,2026-01-01 14:01:14+00:00,0,IOMT-009,S-IOMT-009-829,IMAGING,EP-IND-05814
NET-05815,2026-01-01 14:01:19+00:00,0,IOMT-024,S-IOMT-024-830,EHR_WRITE,EP-IND-05815
NET-05816,2026-01-01 14:01:23+00:00,0,IOMT-035,S-IOMT-035-831,LAB_RESULTS,EP-IND-05816
NET-05817,2026-01-01 14:01:23+00:00,0,IOMT-007,S-IOMT-007-832,IMAGING,EP-IND-05817
NET-05818,2026-01-01 14:01:24+00:00,0,IOMT-017,S-IOMT-017-833,LAB_RESULTS,EP-IND-05818
NET-05819,2026-01-01 14:01:31+00:00,0,IOMT-036,S-IOMT-036-834,IMAGING,EP-IND-05819
NET-05820,2026-01-01 14:01:50+00:00,0,IOMT-044,S-IOMT-044-835,EHR_WRITE,EP-IND-05820
NET-05821,2026-01-01 14:02:02+00:00,0,IOMT-045,S-IOMT-045-836,LAB_RESULTS,EP-IND-05821
NET-05822,2026-01-01 14:02:03+00:00,0,IOMT-013,S-IOMT-013-837,EHR_READ,EP-IND-05822
NET-05823,2026-01-01 14:02:11+00:00,0,IOMT-011,S-IOMT-011-838,LAB_RESULTS,EP-IND-05823
NET-05824,2026-01-01 14:02:24+00:00,0,IOMT-042,S-IOMT-042-839,EHR_WRITE,EP-IND-05824
NET-05825,2026-01-01 14:02:32+00:00,0,IOMT-000,S-IOMT-000-840,IMAGING,EP-IND-05825
NET-05826,2026-01-01 14:02:34+00:00,0,IOMT-035,S-IOMT-035-841,LAB_RESULTS,EP-IND-05826
NET-05827,2026-01-01 14:02:36+00:00,0,IOMT-049,S-IOMT-049-842,EHR_READ,EP-IND-05827
NET-05828,2026-01-01 14:02:52+00:00,0,IOMT-017,S-IOMT-017-843,EHR_READ,EP-IND-05828
NET-05829,2026-01-01 14:02:58+00:00,0,IOMT-013,S-IOMT-013-844,IMAGING,EP-IND-05829
NET-05830,2026-01-01 14:03:08+00:00,0,IOMT-027,S-IOMT-027-845,RESEARCH,EP-IND-05830
NET-05831,2026-01-01 14:03:14+00:00,0,IOMT-001,S-IOMT-001-846,IMAGING,EP-IND-05831
NET-05832,2026-01-01 14:03:18+00:00,0,IOMT-012,S-IOMT-012-847,EHR_WRITE,EP-IND-05832
NET-05833,2026-01-01 14:03:25+00:00,0,IOMT-000,S-IOMT-000-848,EHR_WRITE,EP-IND-05833
NET-05834,2026-01-01 14:03:31+00:00,0,IOMT-039,S-IOMT-039-849,EHR_WRITE,EP-IND-05834
NET-05835,2026-01-01 14:03:36+00:00,0,IOMT-043,S-IOMT-043-850,EHR_READ,EP-IND-05835
NET-05836,2026-01-01 14:03:36+00:00,0,IOMT-007,S-IOMT-007-851,LAB_RESULTS,EP-IND-05836
NET-05837,2026-01-01 14:03:41+00:00,0,IOMT-018,S-IOMT-018-852,RESEARCH,EP-IND-05837
NET-05838,2026-01-01 14:03:44+00:00,0,IOMT-012,S-IOMT-012-853,EHR_WRITE,EP-IND-05838
NET-05839,2026-01-01 14:03:48+00:00,0,IOMT-042,S-IOMT-042-854,EHR_READ,EP-IND-05839
NET-05840,2026-01-01 14:03:54+00:00,0,IOMT-020,S-IOMT-020-855,EHR_READ,EP-IND-05840
NET-05841,2026-01-01 14:04:05+00:00,0,IOMT-026,S-IOMT-026-856,IMAGING,EP-IND-05841
NET-05842,2026-01-01 14:04:09+00:00,0,IOMT-048,S-IOMT-048-857,EHR_WRITE,EP-IND-05842
NET-05843,2026-01-01 14:04:21+00:00,0,IOMT-008,S-IOMT-008-858,EHR_READ,EP-IND-05843
NET-05844,2026-01-01 14:04:33+00:00,0,IOMT-031,S-IOMT-031-859,EHR_WRITE,EP-IND-05844
NET-05845,2026-01-01 14:04:35+00:00,0,IOMT-047,S-IOMT-047-860,EHR_READ,EP-IND-05845
NET-05846,2026-01-01 14:04:39+00:00,0,IOMT-003,S-IOMT-003-861,RESEARCH,EP-IND-05846
NET-05847,2026-01-01 14:04:41+00:00,0,IOMT-049,S-IOMT-049-862,IMAGING,EP-IND-05847
NET-05848,2026-01-01 14:04:43+00:00,0,IOMT-017,S-IOMT-017-863,IMAGING,EP-IND-05848
NET-05849,2026-01-01 14:04:57+00:00,0,IOMT-012,S-IOMT-012-864,LAB_RESULTS,EP-IND-05849
NET-05850,2026-01-01 14:05:00+00:00,0,IOMT-038,S-IOMT-038-865,EHR_WRITE,EP-IND-05850
NET-05851,2026-01-01 14:05:17+00:00,0,IOMT-036,S-IOMT-036-866,EHR_READ,EP-IND-05851
NET-05852,2026-01-01 14:05:20+00:00,0,IOMT-045,S-IOMT-045-867,LAB_RESULTS,EP-IND-05852
NET-05853,2026-01-01 14:05:37+00:00,0,IOMT-013,S-IOMT-013-868,RESEARCH,EP-IND-05853
NET-05854,2026-01-01 14:05:40+00:00,0,IOMT-020,S-IOMT-020-869,LAB_RESULTS,EP-IND-05854
NET-05855,2026-01-01 14:06:00+00:00,0,IOMT-018,S-IOMT-018-870,LAB_RESULTS,EP-IND-05855
NET-05856,2026-01-01 14:06:16+00:00,0,IOMT-016,S-IOMT-016-871,LAB_RESULTS,EP-IND-05856
NET-05857,2026-01-01 14:06:49+00:00,0,IOMT-020,S-IOMT-020-872,LAB_RESULTS,EP-IND-05857
NET-05858,2026-01-01 14:07:10+00:00,0,IOMT-006,S-IOMT-006-873,EHR_WRITE,EP-IND-05858
NET-05859,2026-01-01 14:07:17+00:00,0,IOMT-034,S-IOMT-034-874,EHR_READ,EP-IND-05859
NET-05860,2026-01-01 14:07:17+00:00,0,IOMT-028,S-IOMT-028-875,EHR_READ,EP-IND-05860
NET-05861,2026-01-01 14:07:24+00:00,0,IOMT-035,S-IOMT-035-876,RESEARCH,EP-IND-05861
NET-05862,2026-01-01 14:07:30+00:00,0,IOMT-008,S-IOMT-008-877,EHR_WRITE,EP-IND-05862
NET-05863,2026-01-01 14:07:54+00:00,0,IOMT-016,S-IOMT-016-878,EHR_WRITE,EP-IND-05863
NET-05864,2026-01-01 14:08:15+00:00,0,IOMT-049,S-IOMT-049-879,LAB_RESULTS,EP-IND-05864
NET-05865,2026-01-01 14:08:24+00:00,0,IOMT-006,S-IOMT-006-880,RESEARCH,EP-IND-05865
NET-05866,2026-01-01 14:08:27+00:00,0,IOMT-034,S-IOMT-034-881,EHR_WRITE,EP-IND-05866
NET-05867,2026-01-01 14:08:30+00:00,0,IOMT-028,S-IOMT-028-882,LAB_RESULTS,EP-IND-05867
NET-05868,2026-01-01 14:08:40+00:00,0,IOMT-005,S-IOMT-005-883,RESEARCH,EP-IND-05868
NET-05869,2026-01-01 14:09:08+00:00,0,IOMT-034,S-IOMT-034-884,LAB_RESULTS,EP-IND-05869
NET-05870,2026-01-01 14:09:11+00:00,0,IOMT-044,S-IOMT-044-885,IMAGING,EP-IND-05870
NET-05871,2026-01-01 14:09:34+00:00,0,IOMT-035,S-IOMT-035-886,LAB_RESULTS,EP-IND-05871
NET-05872,2026-01-01 14:09:44+00:00,0,IOMT-039,S-IOMT-039-887,RESEARCH,EP-IND-05872
NET-05873,2026-01-01 14:09:56+00:00,0,IOMT-020,S-IOMT-020-888,RESEARCH,EP-IND-05873
NET-05874,2026-01-01 14:10:16+00:00,0,IOMT-005,S-IOMT-005-889,LAB_RESULTS,EP-IND-05874
NET-05875,2026-01-01 14:10:27+00:00,0,IOMT-038,S-IOMT-038-890,LAB_RESULTS,EP-IND-05875
NET-05876,2026-01-01 14:10:28+00:00,0,IOMT-012,S-IOMT-012-891,RESEARCH,EP-IND-05876
NET-05877,2026-01-01 14:10:42+00:00,0,IOMT-002,S-IOMT-002-892,IMAGING,EP-IND-05877
NET-05878,2026-01-01 14:10:44+00:00,0,IOMT-007,S-IOMT-007-893,EHR_WRITE,EP-IND-05878
NET-05879,2026-01-01 14:10:44+00:00,0,IOMT-024,S-IOMT-024-894,RESEARCH,EP-IND-05879
NET-05880,2026-01-01 14:10:46+00:00,0,IOMT-037,S-IOMT-037-895,RESEARCH,EP-IND-05880
NET-05881,2026-01-01 14:10:48+00:00,0,IOMT-025,S-IOMT-025-896,EHR_READ,EP-IND-05881
NET-05882,2026-01-01 14:10:49+00:00,0,IOMT-001,S-IOMT-001-897,LAB_RESULTS,EP-IND-05882
NET-05883,2026-01-01 14:10:51+00:00,0,IOMT-029,S-IOMT-029-898,EHR_READ,EP-IND-05883
NET-05884,2026-01-01 14:10:56+00:00,0,IOMT-014,S-IOMT-014-899,RESEARCH,EP-IND-05884
NET-05885,2026-01-01 14:11:04+00:00,0,IOMT-029,S-IOMT-029-900,EHR_WRITE,EP-IND-05885
NET-05886,2026-01-01 14:11:19+00:00,0,IOMT-009,S-IOMT-009-901,EHR_READ,EP-IND-05886
NET-05887,2026-01-01 14:11:23+00:00,0,IOMT-002,S-IOMT-002-902,IMAGING,EP-IND-05887
NET-05888,2026-01-01 14:11:26+00:00,0,IOMT-020,S-IOMT-020-903,IMAGING,EP-IND-05888
NET-05889,2026-01-01 14:11:33+00:00,0,IOMT-049,S-IOMT-049-904,IMAGING,EP-IND-05889
NET-05890,2026-01-01 14:11:43+00:00,0,IOMT-020,S-IOMT-020-905,EHR_WRITE,EP-IND-05890
NET-05891,2026-01-01 14:11:50+00:00,0,IOMT-012,S-IOMT-012-906,IMAGING,EP-IND-05891
NET-05892,2026-01-01 14:11:52+00:00,0,IOMT-042,S-IOMT-042-907,LAB_RESULTS,EP-IND-05892
NET-05893,2026-01-01 14:11:52+00:00,0,IOMT-014,S-IOMT-014-908,IMAGING,EP-IND-05893
NET-05894,2026-01-01 14:11:56+00:00,0,IOMT-042,S-IOMT-042-909,EHR_WRITE,EP-IND-05894
NET-05895,2026-01-01 14:11:58+00:00,0,IOMT-048,S-IOMT-048-910,IMAGING,EP-IND-05895
NET-05896,2026-01-01 14:11:59+00:00,0,IOMT-030,S-IOMT-030-911,EHR_WRITE,EP-IND-05896
NET-05897,2026-01-01 14:12:00+00:00,0,IOMT-028,S-IOMT-028-912,EHR_WRITE,EP-IND-05897
NET-05898,2026-01-01 14:12:09+00:00,0,IOMT-020,S-IOMT-020-913,LAB_RESULTS,EP-IND-05898
NET-05899,2026-01-01 14:12:45+00:00,0,IOMT-039,S-IOMT-039-914,EHR_WRITE,EP-IND-05899
NET-05900,2026-01-01 14:12:48+00:00,0,IOMT-009,S-IOMT-009-915,EHR_WRITE,EP-IND-05900
NET-05901,2026-01-01 14:12:58+00:00,0,IOMT-010,S-IOMT-010-916,EHR_WRITE,EP-IND-05901
NET-05902,2026-01-01 14:12:59+00:00,0,IOMT-041,S-IOMT-041-917,EHR_WRITE,EP-IND-05902
NET-05903,2026-01-01 14:13:18+00:00,0,IOMT-038,S-IOMT-038-918,EHR_READ,EP-IND-05903
NET-05904,2026-01-01 14:13:19+00:00,0,IOMT-006,S-IOMT-006-919,IMAGING,EP-IND-05904
NET-05905,2026-01-01 14:13:43+00:00,0,IOMT-008,S-IOMT-008-920,EHR_WRITE,EP-IND-05905
NET-05906,2026-01-01 14:13:56+00:00,0,IOMT-012,S-IOMT-012-921,EHR_READ,EP-IND-05906
NET-05907,2026-01-01 14:14:07+00:00,0,IOMT-012,S-IOMT-012-922,RESEARCH,EP-IND-05907
NET-05908,2026-01-01 14:14:10+00:00,0,IOMT-046,S-IOMT-046-923,EHR_READ,EP-IND-05908
NET-05909,2026-01-01 14:14:14+00:00,0,IOMT-023,S-IOMT-023-924,IMAGING,EP-IND-05909
NET-05910,2026-01-01 14:14:19+00:00,0,IOMT-016,S-IOMT-016-925,EHR_READ,EP-IND-05910
NET-05911,2026-01-01 14:14:30+00:00,0,IOMT-030,S-IOMT-030-926,IMAGING,EP-IND-05911
NET-05912,2026-01-01 14:14:30+00:00,0,IOMT-008,S-IOMT-008-927,RESEARCH,EP-IND-05912
NET-05913,2026-01-01 14:14:38+00:00,0,IOMT-017,S-IOMT-017-928,LAB_RESULTS,EP-IND-05913
NET-05914,2026-01-01 14:14:41+00:00,0,IOMT-037,S-IOMT-037-929,IMAGING,EP-IND-05914
NET-05915,2026-01-01 14:14:46+00:00,0,IOMT-031,S-IOMT-031-930,EHR_READ,EP-IND-05915
NET-05916,2026-01-01 14:14:58+00:00,0,IOMT-028,S-IOMT-028-931,LAB_RESULTS,EP-IND-05916
NET-05917,2026-01-01 14:15:00+00:00,0,IOMT-037,S-IOMT-037-932,EHR_READ,EP-IND-05917
NET-05918,2026-01-01 14:15:14+00:00,0,IOMT-019,S-IOMT-019-933,LAB_RESULTS,EP-IND-05918
NET-05919,2026-01-01 14:15:30+00:00,0,IOMT-008,S-IOMT-008-934,EHR_WRITE,EP-IND-05919
NET-05920,2026-01-01 14:15:35+00:00,0,IOMT-043,S-IOMT-043-935,RESEARCH,EP-IND-05920
NET-05921,2026-01-01 14:15:40+00:00,0,IOMT-018,S-IOMT-018-936,IMAGING,EP-IND-05921
NET-05922,2026-01-01 14:15:51+00:00,0,IOMT-015,S-IOMT-015-937,RESEARCH,EP-IND-05922
NET-05923,2026-01-01 14:16:04+00:00,0,IOMT-013,S-IOMT-013-938,LAB_RESULTS,EP-IND-05923
NET-05924,2026-01-01 14:16:05+00:00,0,IOMT-027,S-IOMT-027-939,IMAGING,EP-IND-05924
NET-05925,2026-01-01 14:16:06+00:00,0,IOMT-038,S-IOMT-038-940,EHR_READ,EP-IND-05925
NET-05926,2026-01-01 14:16:19+00:00,0,IOMT-049,S-IOMT-049-941,IMAGING,EP-IND-05926
NET-05927,2026-01-01 14:16:21+00:00,0,IOMT-003,S-IOMT-003-942,EHR_WRITE,EP-IND-05927
NET-05928,2026-01-01 14:16:22+00:00,0,IOMT-048,S-IOMT-048-943,LAB_RESULTS,EP-IND-05928
NET-05929,2026-01-01 14:16:49+00:00,0,IOMT-044,S-IOMT-044-944,EHR_WRITE,EP-IND-05929
NET-05930,2026-01-01 14:16:53+00:00,0,IOMT-017,S-IOMT-017-945,RESEARCH,EP-IND-05930
NET-05931,2026-01-01 14:16:53+00:00,0,IOMT-001,S-IOMT-001-946,RESEARCH,EP-IND-05931
NET-05932,2026-01-01 14:17:10+00:00,0,IOMT-032,S-IOMT-032-947,EHR_READ,EP-IND-05932
NET-05933,2026-01-01 14:17:10+00:00,0,IOMT-035,S-IOMT-035-948,LAB_RESULTS,EP-IND-05933
NET-05934,2026-01-01 14:17:13+00:00,0,IOMT-029,S-IOMT-029-949,LAB_RESULTS,EP-IND-05934
NET-05935,2026-01-01 14:17:43+00:00,0,IOMT-022,S-IOMT-022-950,LAB_RESULTS,EP-IND-05935
NET-05936,2026-01-01 14:17:48+00:00,0,IOMT-038,S-IOMT-038-951,LAB_RESULTS,EP-IND-05936
NET-05937,2026-01-01 14:17:50+00:00,0,IOMT-032,S-IOMT-032-952,RESEARCH,EP-IND-05937
NET-05938,2026-01-01 14:18:04+00:00,0,IOMT-011,S-IOMT-011-953,IMAGING,EP-IND-05938
NET-05939,2026-01-01 14:18:06+00:00,0,IOMT-037,S-IOMT-037-954,EHR_READ,EP-IND-05939
NET-05940,2026-01-01 14:18:08+00:00,0,IOMT-007,S-IOMT-007-955,IMAGING,EP-IND-05940
NET-05941,2026-01-01 14:18:08+00:00,1,IOMT-044,S-IOMT-044-956,LAB_RESULTS,EP-IND-05941
NET-05942,2026-01-01 14:18:13+00:00,0,IOMT-040,S-IOMT-040-957,RESEARCH,EP-IND-05942
NET-05943,2026-01-01 14:18:19+00:00,0,IOMT-037,S-IOMT-037-958,RESEARCH,EP-IND-05943
NET-05944,2026-01-01 14:18:21+00:00,0,IOMT-040,S-IOMT-040-959,LAB_RESULTS,EP-IND-05944
NET-05945,2026-01-01 14:18:27+00:00,0,IOMT-027,S-IOMT-027-960,LAB_RESULTS,EP-IND-05945
NET-05946,2026-01-01 14:18:41+00:00,0,IOMT-006,S-IOMT-006-961,EHR_WRITE,EP-IND-05946
NET-05947,2026-01-01 14:18:41+00:00,0,IOMT-021,S-IOMT-021-962,EHR_WRITE,EP-IND-05947
NET-05948,2026-01-01 14:18:52+00:00,0,IOMT-018,S-IOMT-018-963,EHR_WRITE,EP-IND-05948
NET-05949,2026-01-01 14:19:36+00:00,0,IOMT-028,S-IOMT-028-964,RESEARCH,EP-IND-05949
NET-05950,2026-01-01 14:19:37+00:00,0,IOMT-009,S-IOMT-009-965,LAB_RESULTS,EP-IND-05950
NET-05951,2026-01-01 14:19:38+00:00,0,IOMT-022,S-IOMT-022-966,RESEARCH,EP-IND-05951
NET-05952,2026-01-01 14:19:46+00:00,0,IOMT-019,S-IOMT-019-967,LAB_RESULTS,EP-IND-05952
NET-05953,2026-01-01 14:19:59+00:00,0,IOMT-008,S-IOMT-008-968,LAB_RESULTS,EP-IND-05953
NET-05954,2026-01-01 14:20:05+00:00,0,IOMT-045,S-IOMT-045-969,RESEARCH,EP-IND-05954
NET-05955,2026-01-01 14:20:20+00:00,0,IOMT-044,S-IOMT-044-970,EHR_WRITE,EP-IND-05955
NET-05956,2026-01-01 14:20:25+00:00,0,IOMT-033,S-IOMT-033-971,EHR_READ,EP-IND-05956
NET-05957,2026-01-01 14:20:25+00:00,0,IOMT-005,S-IOMT-005-972,EHR_WRITE,EP-IND-05957
NET-05958,2026-01-01 14:20:38+00:00,0,IOMT-006,S-IOMT-006-973,RESEARCH,EP-IND-05958
NET-05959,2026-01-01 14:20:43+00:00,0,IOMT-028,S-IOMT-028-974,IMAGING,EP-IND-05959
NET-05960,2026-01-01 14:20:47+00:00,0,IOMT-000,S-IOMT-000-975,EHR_READ,EP-IND-05960
NET-05961,2026-01-01 14:20:48+00:00,1,IOMT-036,S-IOMT-036-976,RESEARCH,EP-IND-05961
NET-05962,2026-01-01 14:20:49+00:00,0,IOMT-036,S-IOMT-036-977,EHR_READ,EP-IND-05962
NET-05963,2026-01-01 14:20:58+00:00,0,IOMT-016,S-IOMT-016-978,EHR_WRITE,EP-IND-05963
NET-05964,2026-01-01 14:20:59+00:00,0,IOMT-033,S-IOMT-033-979,EHR_READ,EP-IND-05964
NET-05965,2026-01-01 14:20:59+00:00,0,IOMT-015,S-IOMT-015-980,LAB_RESULTS,EP-IND-05965
NET-05966,2026-01-01 14:21:10+00:00,0,IOMT-045,S-IOMT-045-981,RESEARCH,EP-IND-05966
NET-05967,2026-01-01 14:21:18+00:00,0,IOMT-033,S-IOMT-033-982,LAB_RESULTS,EP-IND-05967
NET-05968,2026-01-01 14:21:24+00:00,0,IOMT-049,S-IOMT-049-983,LAB_RESULTS,EP-IND-05968
NET-05969,2026-01-01 14:21:28+00:00,0,IOMT-012,S-IOMT-012-984,LAB_RESULTS,EP-IND-05969
NET-05970,2026-01-01 14:21:41+00:00,0,IOMT-003,S-IOMT-003-985,EHR_WRITE,EP-IND-05970
NET-05971,2026-01-01 14:21:42+00:00,0,IOMT-010,S-IOMT-010-986,EHR_READ,EP-IND-05971
NET-05972,2026-01-01 14:21:52+00:00,0,IOMT-041,S-IOMT-041-987,LAB_RESULTS,EP-IND-05972
NET-05973,2026-01-01 14:21:55+00:00,0,IOMT-024,S-IOMT-024-988,EHR_READ,EP-IND-05973
NET-05974,2026-01-01 14:21:57+00:00,0,IOMT-003,S-IOMT-003-989,RESEARCH,EP-IND-05974
NET-05975,2026-01-01 14:22:10+00:00,0,IOMT-012,S-IOMT-012-990,RESEARCH,EP-IND-05975
NET-05976,2026-01-01 14:22:16+00:00,0,IOMT-020,S-IOMT-020-991,IMAGING,EP-IND-05976
NET-05977,2026-01-01 14:22:18+00:00,0,IOMT-024,S-IOMT-024-992,LAB_RESULTS,EP-IND-05977
NET-05978,2026-01-01 14:22:24+00:00,0,IOMT-044,S-IOMT-044-993,EHR_READ,EP-IND-05978
NET-05979,2026-01-01 14:22:38+00:00,0,IOMT-011,S-IOMT-011-994,LAB_RESULTS,EP-IND-05979
NET-05980,2026-01-01 14:22:38+00:00,0,IOMT-007,S-IOMT-007-995,EHR_WRITE,EP-IND-05980
NET-05981,2026-01-01 14:22:39+00:00,0,IOMT-007,S-IOMT-007-996,EHR_READ,EP-IND-05981
NET-05982,2026-01-01 14:23:01+00:00,0,IOMT-013,S-IOMT-013-0,EHR_WRITE,EP-IND-05982
NET-05983,2026-01-01 14:23:04+00:00,0,IOMT-032,S-IOMT-032-1,IMAGING,EP-IND-05983
NET-05984,2026-01-01 14:23:06+00:00,0,IOMT-003,S-IOMT-003-2,LAB_RESULTS,EP-IND-05984
NET-05985,2026-01-01 14:23:12+00:00,0,IOMT-009,S-IOMT-009-3,IMAGING,EP-IND-05985
NET-05986,2026-01-01 14:23:15+00:00,1,IOMT-015,S-IOMT-015-4,IMAGING,EP-IND-05986
NET-05987,2026-01-01 14:23:28+00:00,0,IOMT-044,S-IOMT-044-5,IMAGING,EP-IND-05987
NET-05988,2026-01-01 14:23:36+00:00,0,IOMT-004,S-IOMT-004-6,IMAGING,EP-IND-05988
NET-05989,2026-01-01 14:23:52+00:00,0,IOMT-044,S-IOMT-044-7,EHR_READ,EP-IND-05989
NET-05990,2026-01-01 14:23:58+00:00,0,IOMT-023,S-IOMT-023-8,IMAGING,EP-IND-05990
NET-05991,2026-01-01 14:24:17+00:00,0,IOMT-016,S-IOMT-016-9,IMAGING,EP-IND-05991
NET-05992,2026-01-01 14:24:44+00:00,0,IOMT-030,S-IOMT-030-10,RESEARCH,EP-IND-05992
NET-05993,2026-01-01 14:25:02+00:00,0,IOMT-041,S-IOMT-041-11,LAB_RESULTS,EP-IND-05993
NET-05994,2026-01-01 14:25:06+00:00,0,IOMT-045,S-IOMT-045-12,EHR_READ,EP-IND-05994
NET-05995,2026-01-01 14:25:07+00:00,1,IOMT-004,S-IOMT-004-13,RESEARCH,EP-IND-05995
NET-05996,2026-01-01 14:25:14+00:00,0,IOMT-027,S-IOMT-027-14,LAB_RESULTS,EP-IND-05996
NET-05997,2026-01-01 14:25:26+00:00,0,IOMT-042,S-IOMT-042-15,EHR_READ,EP-IND-05997
NET-05998,2026-01-01 14:25:27+00:00,0,IOMT-039,S-IOMT-039-16,EHR_WRITE,EP-IND-05998
NET-05999,2026-01-01 14:25:27+00:00,0,IOMT-019,S-IOMT-019-17,RESEARCH,EP-IND-05999
NET-06000,2026-01-01 14:25:45+00:00,0,IOMT-024,S-IOMT-024-18,LAB_RESULTS,EP-IND-06000
NET-06001,2026-01-01 14:25:52+00:00,0,IOMT-030,S-IOMT-030-19,LAB_RESULTS,EP-IND-06001
NET-06002,2026-01-01 14:26:09+00:00,0,IOMT-003,S-IOMT-003-20,LAB_RESULTS,EP-IND-06002
NET-06003,2026-01-01 14:26:14+00:00,0,IOMT-007,S-IOMT-007-21,LAB_RESULTS,EP-IND-06003
NET-06004,2026-01-01 14:26:19+00:00,0,IOMT-034,S-IOMT-034-22,EHR_READ,EP-IND-06004
NET-06005,2026-01-01 14:26:21+00:00,0,IOMT-023,S-IOMT-023-23,EHR_WRITE,EP-IND-06005
NET-06006,2026-01-01 14:26:21+00:00,0,IOMT-016,S-IOMT-016-24,EHR_READ,EP-IND-06006
NET-06007,2026-01-01 14:26:34+00:00,0,IOMT-038,S-IOMT-038-25,RESEARCH,EP-IND-06007
NET-06008,2026-01-01 14:26:43+00:00,0,IOMT-023,S-IOMT-023-26,EHR_WRITE,EP-IND-06008
NET-06009,2026-01-01 14:26:44+00:00,0,IOMT-004,S-IOMT-004-27,LAB_RESULTS,EP-IND-06009
NET-06010,2026-01-01 14:26:49+00:00,0,IOMT-002,S-IOMT-002-28,IMAGING,EP-IND-06010
NET-06011,2026-01-01 14:26:55+00:00,0,IOMT-018,S-IOMT-018-29,EHR_READ,EP-IND-06011
NET-06012,2026-01-01 14:26:56+00:00,0,IOMT-039,S-IOMT-039-30,EHR_WRITE,EP-IND-06012
NET-06013,2026-01-01 14:27:11+00:00,0,IOMT-012,S-IOMT-012-31,RESEARCH,EP-IND-06013
NET-06014,2026-01-01 14:27:21+00:00,0,IOMT-042,S-IOMT-042-32,RESEARCH,EP-IND-06014
NET-06015,2026-01-01 14:27:39+00:00,0,IOMT-016,S-IOMT-016-33,EHR_WRITE,EP-IND-06015
NET-06016,2026-01-01 14:27:46+00:00,0,IOMT-003,S-IOMT-003-34,LAB_RESULTS,EP-IND-06016
NET-06017,2026-01-01 14:27:49+00:00,0,IOMT-045,S-IOMT-045-35,EHR_WRITE,EP-IND-06017
NET-06018,2026-01-01 14:27:53+00:00,0,IOMT-016,S-IOMT-016-36,IMAGING,EP-IND-06018
NET-06019,2026-01-01 14:28:10+00:00,0,IOMT-003,S-IOMT-003-37,EHR_WRITE,EP-IND-06019
NET-06020,2026-01-01 14:28:25+00:00,0,IOMT-030,S-IOMT-030-38,IMAGING,EP-IND-06020
NET-06021,2026-01-01 14:28:30+00:00,0,IOMT-026,S-IOMT-026-39,IMAGING,EP-IND-06021
NET-06022,2026-01-01 14:28:46+00:00,0,IOMT-020,S-IOMT-020-40,EHR_READ,EP-IND-06022
NET-06023,2026-01-01 14:28:48+00:00,0,IOMT-001,S-IOMT-001-41,LAB_RESULTS,EP-IND-06023
NET-06024,2026-01-01 14:29:00+00:00,0,IOMT-025,S-IOMT-025-42,LAB_RESULTS,EP-IND-06024
NET-06025,2026-01-01 14:29:21+00:00,0,IOMT-027,S-IOMT-027-43,EHR_WRITE,EP-IND-06025
NET-06026,2026-01-01 14:29:37+00:00,0,IOMT-047,S-IOMT-047-44,IMAGING,EP-IND-06026
NET-06027,2026-01-01 14:29:44+00:00,0,IOMT-011,S-IOMT-011-45,IMAGING,EP-IND-06027
NET-06028,2026-01-01 14:29:48+00:00,0,IOMT-040,S-IOMT-040-46,LAB_RESULTS,EP-IND-06028
NET-06029,2026-01-01 14:29:57+00:00,0,IOMT-023,S-IOMT-023-47,EHR_WRITE,EP-IND-06029
NET-06030,2026-01-01 14:29:58+00:00,0,IOMT-021,S-IOMT-021-48,EHR_WRITE,EP-IND-06030
NET-06031,2026-01-01 14:30:13+00:00,0,IOMT-001,S-IOMT-001-49,EHR_READ,EP-IND-06031
NET-06032,2026-01-01 14:30:19+00:00,0,IOMT-002,S-IOMT-002-50,EHR_READ,EP-IND-06032
NET-06033,2026-01-01 14:30:20+00:00,1,IOMT-043,S-IOMT-043-51,IMAGING,EP-IND-06033
NET-06034,2026-01-01 14:30:23+00:00,1,IOMT-016,S-IOMT-016-52,RESEARCH,EP-IND-06034
NET-06035,2026-01-01 14:30:23+00:00,0,IOMT-029,S-IOMT-029-53,RESEARCH,EP-IND-06035
NET-06036,2026-01-01 14:30:48+00:00,0,IOMT-011,S-IOMT-011-54,IMAGING,EP-IND-06036
NET-06037,2026-01-01 14:30:51+00:00,0,IOMT-013,S-IOMT-013-55,LAB_RESULTS,EP-IND-06037
NET-06038,2026-01-01 14:30:53+00:00,0,IOMT-013,S-IOMT-013-56,RESEARCH,EP-IND-06038
NET-06039,2026-01-01 14:30:55+00:00,0,IOMT-016,S-IOMT-016-57,IMAGING,EP-IND-06039
NET-06040,2026-01-01 14:31:00+00:00,0,IOMT-047,S-IOMT-047-58,EHR_WRITE,EP-IND-06040
NET-06041,2026-01-01 14:31:01+00:00,0,IOMT-011,S-IOMT-011-59,IMAGING,EP-IND-06041
NET-06042,2026-01-01 14:31:03+00:00,0,IOMT-015,S-IOMT-015-60,EHR_READ,EP-IND-06042
NET-06043,2026-01-01 14:31:23+00:00,0,IOMT-034,S-IOMT-034-61,IMAGING,EP-IND-06043
NET-06044,2026-01-01 14:31:23+00:00,0,IOMT-005,S-IOMT-005-62,EHR_READ,EP-IND-06044
NET-06045,2026-01-01 14:31:44+00:00,0,IOMT-029,S-IOMT-029-63,EHR_READ,EP-IND-06045
NET-06046,2026-01-01 14:32:07+00:00,0,IOMT-004,S-IOMT-004-64,IMAGING,EP-IND-06046
NET-06047,2026-01-01 14:32:13+00:00,0,IOMT-043,S-IOMT-043-65,EHR_READ,EP-IND-06047
NET-06048,2026-01-01 14:32:16+00:00,0,IOMT-039,S-IOMT-039-66,EHR_WRITE,EP-IND-06048
NET-06049,2026-01-01 14:32:20+00:00,0,IOMT-031,S-IOMT-031-67,EHR_READ,EP-IND-06049
NET-06050,2026-01-01 14:32:27+00:00,0,IOMT-016,S-IOMT-016-68,LAB_RESULTS,EP-IND-06050
NET-06051,2026-01-01 14:32:28+00:00,0,IOMT-031,S-IOMT-031-69,LAB_RESULTS,EP-IND-06051
NET-06052,2026-01-01 14:32:46+00:00,0,IOMT-006,S-IOMT-006-70,EHR_WRITE,EP-IND-06052
NET-06053,2026-01-01 14:32:48+00:00,0,IOMT-040,S-IOMT-040-71,EHR_READ,EP-IND-06053
NET-06054,2026-01-01 14:32:51+00:00,0,IOMT-033,S-IOMT-033-72,IMAGING,EP-IND-06054
NET-06055,2026-01-01 14:32:55+00:00,1,IOMT-006,S-IOMT-006-73,IMAGING,EP-IND-06055
NET-06056,2026-01-01 14:32:55+00:00,0,IOMT-030,S-IOMT-030-74,EHR_READ,EP-IND-06056
NET-06057,2026-01-01 14:32:56+00:00,0,IOMT-006,S-IOMT-006-75,LAB_RESULTS,EP-IND-06057
NET-06058,2026-01-01 14:33:07+00:00,0,IOMT-039,S-IOMT-039-76,IMAGING,EP-IND-06058
NET-06059,2026-01-01 14:33:11+00:00,1,IOMT-038,S-IOMT-038-77,EHR_WRITE,EP-IND-06059
NET-06060,2026-01-01 14:33:16+00:00,0,IOMT-010,S-IOMT-010-78,EHR_READ,EP-IND-06060
NET-06061,2026-01-01 14:33:20+00:00,0,IOMT-022,S-IOMT-022-79,EHR_READ,EP-IND-06061
NET-06062,2026-01-01 14:33:21+00:00,0,IOMT-019,S-IOMT-019-80,RESEARCH,EP-IND-06062
NET-06063,2026-01-01 14:33:21+00:00,0,IOMT-030,S-IOMT-030-81,IMAGING,EP-IND-06063
NET-06064,2026-01-01 14:33:23+00:00,0,IOMT-031,S-IOMT-031-82,LAB_RESULTS,EP-IND-06064
NET-06065,2026-01-01 14:33:29+00:00,0,IOMT-044,S-IOMT-044-83,LAB_RESULTS,EP-IND-06065
NET-06066,2026-01-01 14:33:32+00:00,0,IOMT-042,S-IOMT-042-84,IMAGING,EP-IND-06066
NET-06067,2026-01-01 14:33:37+00:00,0,IOMT-023,S-IOMT-023-85,EHR_WRITE,EP-IND-06067
NET-06068,2026-01-01 14:33:39+00:00,0,IOMT-048,S-IOMT-048-86,EHR_WRITE,EP-IND-06068
NET-06069,2026-01-01 14:33:43+00:00,0,IOMT-038,S-IOMT-038-87,IMAGING,EP-IND-06069
NET-06070,2026-01-01 14:33:45+00:00,0,IOMT-003,S-IOMT-003-88,IMAGING,EP-IND-06070
NET-06071,2026-01-01 14:34:03+00:00,0,IOMT-007,S-IOMT-007-89,RESEARCH,EP-IND-06071
NET-06072,2026-01-01 14:34:23+00:00,0,IOMT-041,S-IOMT-041-90,LAB_RESULTS,EP-IND-06072
NET-06073,2026-01-01 14:34:31+00:00,0,IOMT-018,S-IOMT-018-91,LAB_RESULTS,EP-IND-06073
NET-06074,2026-01-01 14:34:54+00:00,0,IOMT-004,S-IOMT-004-92,IMAGING,EP-IND-06074
NET-06075,2026-01-01 14:35:04+00:00,0,IOMT-032,S-IOMT-032-93,RESEARCH,EP-IND-06075
NET-06076,2026-01-01 14:35:19+00:00,0,IOMT-007,S-IOMT-007-94,LAB_RESULTS,EP-IND-06076
NET-06077,2026-01-01 14:35:21+00:00,0,IOMT-037,S-IOMT-037-95,IMAGING,EP-IND-06077
NET-06078,2026-01-01 14:35:33+00:00,0,IOMT-027,S-IOMT-027-96,IMAGING,EP-IND-06078
NET-06079,2026-01-01 14:35:34+00:00,0,IOMT-009,S-IOMT-009-97,LAB_RESULTS,EP-IND-06079
NET-06080,2026-01-01 14:35:39+00:00,0,IOMT-022,S-IOMT-022-98,LAB_RESULTS,EP-IND-06080
NET-06081,2026-01-01 14:35:54+00:00,0,IOMT-046,S-IOMT-046-99,EHR_WRITE,EP-IND-06081
NET-06082,2026-01-01 14:35:56+00:00,0,IOMT-036,S-IOMT-036-100,RESEARCH,EP-IND-06082
NET-06083,2026-01-01 14:35:58+00:00,0,IOMT-014,S-IOMT-014-101,IMAGING,EP-IND-06083
NET-06084,2026-01-01 14:35:59+00:00,0,IOMT-048,S-IOMT-048-102,RESEARCH,EP-IND-06084
NET-06085,2026-01-01 14:36:00+00:00,0,IOMT-025,S-IOMT-025-103,RESEARCH,EP-IND-06085
NET-06086,2026-01-01 14:36:14+00:00,0,IOMT-033,S-IOMT-033-104,RESEARCH,EP-IND-06086
NET-06087,2026-01-01 14:36:30+00:00,0,IOMT-016,S-IOMT-016-105,EHR_READ,EP-IND-06087
NET-06088,2026-01-01 14:36:34+00:00,0,IOMT-020,S-IOMT-020-106,LAB_RESULTS,EP-IND-06088
NET-06089,2026-01-01 14:36:36+00:00,0,IOMT-049,S-IOMT-049-107,LAB_RESULTS,EP-IND-06089
NET-06090,2026-01-01 14:36:47+00:00,0,IOMT-006,S-IOMT-006-108,EHR_READ,EP-IND-06090
NET-06091,2026-01-01 14:37:00+00:00,0,IOMT-008,S-IOMT-008-109,RESEARCH,EP-IND-06091
NET-06092,2026-01-01 14:37:14+00:00,0,IOMT-032,S-IOMT-032-110,EHR_READ,EP-IND-06092
NET-06093,2026-01-01 14:37:14+00:00,0,IOMT-028,S-IOMT-028-111,IMAGING,EP-IND-06093
NET-06094,2026-01-01 14:37:19+00:00,0,IOMT-016,S-IOMT-016-112,EHR_READ,EP-IND-06094
NET-06095,2026-01-01 14:37:20+00:00,0,IOMT-041,S-IOMT-041-113,EHR_WRITE,EP-IND-06095
NET-06096,2026-01-01 14:37:27+00:00,0,IOMT-035,S-IOMT-035-114,LAB_RESULTS,EP-IND-06096
NET-06097,2026-01-01 14:37:43+00:00,0,IOMT-011,S-IOMT-011-115,RESEARCH,EP-IND-06097
NET-06098,2026-01-01 14:37:45+00:00,1,IOMT-006,S-IOMT-006-116,EHR_READ,EP-IND-06098
NET-06099,2026-01-01 14:37:49+00:00,0,IOMT-000,S-IOMT-000-117,EHR_READ,EP-IND-06099
NET-06100,2026-01-01 14:37:51+00:00,0,IOMT-007,S-IOMT-007-118,RESEARCH,EP-IND-06100
NET-06101,2026-01-01 14:37:52+00:00,0,IOMT-020,S-IOMT-020-119,RESEARCH,EP-IND-06101
NET-06102,2026-01-01 14:38:01+00:00,0,IOMT-039,S-IOMT-039-120,RESEARCH,EP-IND-06102
NET-06103,2026-01-01 14:38:13+00:00,0,IOMT-042,S-IOMT-042-121,EHR_READ,EP-IND-06103
NET-06104,2026-01-01 14:38:13+00:00,0,IOMT-034,S-IOMT-034-122,EHR_WRITE,EP-IND-06104
NET-06105,2026-01-01 14:38:51+00:00,0,IOMT-028,S-IOMT-028-123,IMAGING,EP-IND-06105
NET-06106,2026-01-01 14:38:53+00:00,0,IOMT-032,S-IOMT-032-124,EHR_WRITE,EP-IND-06106
NET-06107,2026-01-01 14:38:56+00:00,0,IOMT-022,S-IOMT-022-125,EHR_WRITE,EP-IND-06107
NET-06108,2026-01-01 14:39:09+00:00,0,IOMT-031,S-IOMT-031-126,LAB_RESULTS,EP-IND-06108
NET-06109,2026-01-01 14:39:19+00:00,0,IOMT-016,S-IOMT-016-127,EHR_WRITE,EP-IND-06109
NET-06110,2026-01-01 14:39:30+00:00,0,IOMT-019,S-IOMT-019-128,RESEARCH,EP-IND-06110
NET-06111,2026-01-01 14:39:39+00:00,0,IOMT-004,S-IOMT-004-129,EHR_READ,EP-IND-06111
NET-06112,2026-01-01 14:39:50+00:00,1,IOMT-049,S-IOMT-049-130,LAB_RESULTS,EP-IND-06112
NET-06113,2026-01-01 14:40:03+00:00,0,IOMT-048,S-IOMT-048-131,RESEARCH,EP-IND-06113
NET-06114,2026-01-01 14:40:12+00:00,0,IOMT-001,S-IOMT-001-132,IMAGING,EP-IND-06114
NET-06115,2026-01-01 14:40:37+00:00,1,IOMT-046,S-IOMT-046-133,EHR_WRITE,EP-IND-06115
NET-06116,2026-01-01 14:40:44+00:00,0,IOMT-007,S-IOMT-007-134,EHR_READ,EP-IND-06116
NET-06117,2026-01-01 14:40:52+00:00,0,IOMT-046,S-IOMT-046-135,EHR_WRITE,EP-IND-06117
NET-06118,2026-01-01 14:41:02+00:00,0,IOMT-026,S-IOMT-026-136,LAB_RESULTS,EP-IND-06118
NET-06119,2026-01-01 14:41:26+00:00,0,IOMT-005,S-IOMT-005-137,IMAGING,EP-IND-06119
NET-06120,2026-01-01 14:42:27+00:00,0,IOMT-028,S-IOMT-028-138,IMAGING,EP-IND-06120
NET-06121,2026-01-01 14:42:43+00:00,0,IOMT-041,S-IOMT-041-139,IMAGING,EP-IND-06121
NET-06122,2026-01-01 14:42:49+00:00,0,IOMT-014,S-IOMT-014-140,EHR_READ,EP-IND-06122
NET-06123,2026-01-01 14:42:52+00:00,0,IOMT-000,S-IOMT-000-141,LAB_RESULTS,EP-IND-06123
NET-06124,2026-01-01 14:42:55+00:00,0,IOMT-025,S-IOMT-025-142,EHR_READ,EP-IND-06124
NET-06125,2026-01-01 14:42:58+00:00,0,IOMT-022,S-IOMT-022-143,EHR_READ,EP-IND-06125
NET-06126,2026-01-01 14:42:58+00:00,1,IOMT-008,S-IOMT-008-144,EHR_WRITE,EP-IND-06126
NET-06127,2026-01-01 14:42:59+00:00,0,IOMT-042,S-IOMT-042-145,RESEARCH,EP-IND-06127
NET-06128,2026-01-01 14:43:14+00:00,0,IOMT-024,S-IOMT-024-146,EHR_READ,EP-IND-06128
NET-06129,2026-01-01 14:43:29+00:00,0,IOMT-023,S-IOMT-023-147,RESEARCH,EP-IND-06129
NET-06130,2026-01-01 14:43:31+00:00,0,IOMT-029,S-IOMT-029-148,EHR_WRITE,EP-IND-06130
NET-06131,2026-01-01 14:43:32+00:00,0,IOMT-039,S-IOMT-039-149,EHR_READ,EP-IND-06131
NET-06132,2026-01-01 14:43:33+00:00,0,IOMT-018,S-IOMT-018-150,IMAGING,EP-IND-06132
NET-06133,2026-01-01 14:43:35+00:00,1,IOMT-033,S-IOMT-033-151,IMAGING,EP-IND-06133
NET-06134,2026-01-01 14:43:54+00:00,0,IOMT-011,S-IOMT-011-152,RESEARCH,EP-IND-06134
NET-06135,2026-01-01 14:43:56+00:00,0,IOMT-028,S-IOMT-028-153,RESEARCH,EP-IND-06135
NET-06136,2026-01-01 14:44:02+00:00,1,IOMT-034,S-IOMT-034-154,EHR_WRITE,EP-IND-06136
NET-06137,2026-01-01 14:44:05+00:00,0,IOMT-028,S-IOMT-028-155,LAB_RESULTS,EP-IND-06137
NET-06138,2026-01-01 14:44:23+00:00,0,IOMT-048,S-IOMT-048-156,LAB_RESULTS,EP-IND-06138
NET-06139,2026-01-01 14:44:40+00:00,0,IOMT-027,S-IOMT-027-157,IMAGING,EP-IND-06139
NET-06140,2026-01-01 14:44:43+00:00,0,IOMT-020,S-IOMT-020-158,EHR_WRITE,EP-IND-06140
NET-06141,2026-01-01 14:44:54+00:00,0,IOMT-017,S-IOMT-017-159,EHR_READ,EP-IND-06141
NET-06142,2026-01-01 14:44:55+00:00,0,IOMT-003,S-IOMT-003-160,RESEARCH,EP-IND-06142
NET-06143,2026-01-01 14:44:56+00:00,0,IOMT-039,S-IOMT-039-161,IMAGING,EP-IND-06143
NET-06144,2026-01-01 14:44:57+00:00,0,IOMT-017,S-IOMT-017-162,EHR_WRITE,EP-IND-06144
NET-06145,2026-01-01 14:45:03+00:00,0,IOMT-025,S-IOMT-025-163,EHR_WRITE,EP-IND-06145
NET-06146,2026-01-01 14:45:19+00:00,0,IOMT-021,S-IOMT-021-164,EHR_READ,EP-IND-06146
NET-06147,2026-01-01 14:45:26+00:00,0,IOMT-049,S-IOMT-049-165,EHR_WRITE,EP-IND-06147
NET-06148,2026-01-01 14:45:53+00:00,0,IOMT-009,S-IOMT-009-166,IMAGING,EP-IND-06148
NET-06149,2026-01-01 14:45:56+00:00,0,IOMT-046,S-IOMT-046-167,IMAGING,EP-IND-06149
NET-06150,2026-01-01 14:46:01+00:00,0,IOMT-015,S-IOMT-015-168,IMAGING,EP-IND-06150
NET-06151,2026-01-01 14:46:02+00:00,1,IOMT-033,S-IOMT-033-169,LAB_RESULTS,EP-IND-06151
NET-06152,2026-01-01 14:46:33+00:00,0,IOMT-033,S-IOMT-033-170,EHR_WRITE,EP-IND-06152
NET-06153,2026-01-01 14:46:39+00:00,0,IOMT-042,S-IOMT-042-171,IMAGING,EP-IND-06153
NET-06154,2026-01-01 14:46:52+00:00,0,IOMT-002,S-IOMT-002-172,RESEARCH,EP-IND-06154
NET-06155,2026-01-01 14:46:55+00:00,0,IOMT-044,S-IOMT-044-173,LAB_RESULTS,EP-IND-06155
NET-06156,2026-01-01 14:46:56+00:00,0,IOMT-042,S-IOMT-042-174,LAB_RESULTS,EP-IND-06156
NET-06157,2026-01-01 14:47:01+00:00,0,IOMT-010,S-IOMT-010-175,IMAGING,EP-IND-06157
NET-06158,2026-01-01 14:47:06+00:00,0,IOMT-000,S-IOMT-000-176,LAB_RESULTS,EP-IND-06158
NET-06159,2026-01-01 14:47:39+00:00,0,IOMT-030,S-IOMT-030-177,EHR_WRITE,EP-IND-06159
NET-06160,2026-01-01 14:47:50+00:00,0,IOMT-013,S-IOMT-013-178,LAB_RESULTS,EP-IND-06160
NET-06161,2026-01-01 14:47:53+00:00,0,IOMT-024,S-IOMT-024-179,IMAGING,EP-IND-06161
NET-06162,2026-01-01 14:47:56+00:00,0,IOMT-049,S-IOMT-049-180,LAB_RESULTS,EP-IND-06162
NET-06163,2026-01-01 14:48:02+00:00,0,IOMT-048,S-IOMT-048-181,LAB_RESULTS,EP-IND-06163
NET-06164,2026-01-01 14:48:04+00:00,0,IOMT-010,S-IOMT-010-182,RESEARCH,EP-IND-06164
NET-06165,2026-01-01 14:48:34+00:00,0,IOMT-011,S-IOMT-011-183,RESEARCH,EP-IND-06165
NET-06166,2026-01-01 14:48:35+00:00,0,IOMT-010,S-IOMT-010-184,EHR_READ,EP-IND-06166
NET-06167,2026-01-01 14:48:46+00:00,0,IOMT-049,S-IOMT-049-185,EHR_WRITE,EP-IND-06167
NET-06168,2026-01-01 14:48:46+00:00,0,IOMT-013,S-IOMT-013-186,EHR_WRITE,EP-IND-06168
NET-06169,2026-01-01 14:48:50+00:00,0,IOMT-013,S-IOMT-013-187,EHR_READ,EP-IND-06169
NET-06170,2026-01-01 14:48:52+00:00,0,IOMT-018,S-IOMT-018-188,EHR_WRITE,EP-IND-06170
NET-06171,2026-01-01 14:49:02+00:00,0,IOMT-031,S-IOMT-031-189,EHR_WRITE,EP-IND-06171
NET-06172,2026-01-01 14:49:05+00:00,0,IOMT-037,S-IOMT-037-190,LAB_RESULTS,EP-IND-06172
NET-06173,2026-01-01 14:49:07+00:00,0,IOMT-008,S-IOMT-008-191,IMAGING,EP-IND-06173
NET-06174,2026-01-01 14:49:10+00:00,0,IOMT-047,S-IOMT-047-192,EHR_WRITE,EP-IND-06174
NET-06175,2026-01-01 14:49:20+00:00,1,IOMT-004,S-IOMT-004-193,EHR_READ,EP-IND-06175
NET-06176,2026-01-01 14:49:51+00:00,0,IOMT-001,S-IOMT-001-194,IMAGING,EP-IND-06176
NET-06177,2026-01-01 14:49:52+00:00,0,IOMT-030,S-IOMT-030-195,EHR_WRITE,EP-IND-06177
NET-06178,2026-01-01 14:50:00+00:00,0,IOMT-038,S-IOMT-038-196,IMAGING,EP-IND-06178
NET-06179,2026-01-01 14:50:01+00:00,0,IOMT-032,S-IOMT-032-197,RESEARCH,EP-IND-06179
NET-06180,2026-01-01 14:50:05+00:00,0,IOMT-003,S-IOMT-003-198,LAB_RESULTS,EP-IND-06180
NET-06181,2026-01-01 14:50:09+00:00,0,IOMT-028,S-IOMT-028-199,EHR_READ,EP-IND-06181
NET-06182,2026-01-01 14:50:10+00:00,0,IOMT-013,S-IOMT-013-200,EHR_READ,EP-IND-06182
NET-06183,2026-01-01 14:50:11+00:00,0,IOMT-022,S-IOMT-022-201,EHR_READ,EP-IND-06183
NET-06184,2026-01-01 14:50:20+00:00,0,IOMT-020,S-IOMT-020-202,EHR_READ,EP-IND-06184
NET-06185,2026-01-01 14:50:22+00:00,0,IOMT-028,S-IOMT-028-203,LAB_RESULTS,EP-IND-06185
NET-06186,2026-01-01 14:50:33+00:00,0,IOMT-038,S-IOMT-038-204,EHR_READ,EP-IND-06186
NET-06187,2026-01-01 14:50:50+00:00,0,IOMT-030,S-IOMT-030-205,RESEARCH,EP-IND-06187
NET-06188,2026-01-01 14:51:07+00:00,0,IOMT-042,S-IOMT-042-206,RESEARCH,EP-IND-06188
NET-06189,2026-01-01 14:51:18+00:00,0,IOMT-044,S-IOMT-044-207,RESEARCH,EP-IND-06189
NET-06190,2026-01-01 14:51:33+00:00,0,IOMT-000,S-IOMT-000-208,EHR_READ,EP-IND-06190
NET-06191,2026-01-01 14:51:38+00:00,0,IOMT-013,S-IOMT-013-209,RESEARCH,EP-IND-06191
NET-06192,2026-01-01 14:51:39+00:00,0,IOMT-001,S-IOMT-001-210,EHR_READ,EP-IND-06192
NET-06193,2026-01-01 14:52:04+00:00,1,IOMT-028,S-IOMT-028-211,RESEARCH,EP-IND-06193
NET-06194,2026-01-01 14:52:08+00:00,0,IOMT-037,S-IOMT-037-212,IMAGING,EP-IND-06194
NET-06195,2026-01-01 14:52:10+00:00,0,IOMT-003,S-IOMT-003-213,LAB_RESULTS,EP-IND-06195
NET-06196,2026-01-01 14:52:11+00:00,0,IOMT-022,S-IOMT-022-214,EHR_READ,EP-IND-06196
NET-06197,2026-01-01 14:52:18+00:00,0,IOMT-021,S-IOMT-021-215,RESEARCH,EP-IND-06197
NET-06198,2026-01-01 14:52:25+00:00,0,IOMT-000,S-IOMT-000-216,RESEARCH,EP-IND-06198
NET-06199,2026-01-01 14:52:38+00:00,0,IOMT-014,S-IOMT-014-217,RESEARCH,EP-IND-06199
NET-06200,2026-01-01 14:52:40+00:00,0,IOMT-037,S-IOMT-037-218,EHR_WRITE,EP-IND-06200
NET-06201,2026-01-01 14:52:40+00:00,0,IOMT-017,S-IOMT-017-219,EHR_WRITE,EP-IND-06201
NET-06202,2026-01-01 14:52:42+00:00,0,IOMT-009,S-IOMT-009-220,RESEARCH,EP-IND-06202
NET-06203,2026-01-01 14:52:45+00:00,0,IOMT-033,S-IOMT-033-221,EHR_WRITE,EP-IND-06203
NET-06204,2026-01-01 14:52:49+00:00,0,IOMT-008,S-IOMT-008-222,RESEARCH,EP-IND-06204
NET-06205,2026-01-01 14:53:03+00:00,0,IOMT-005,S-IOMT-005-223,EHR_WRITE,EP-IND-06205
NET-06206,2026-01-01 14:53:12+00:00,0,IOMT-047,S-IOMT-047-224,IMAGING,EP-IND-06206
NET-06207,2026-01-01 14:53:18+00:00,0,IOMT-037,S-IOMT-037-225,IMAGING,EP-IND-06207
NET-06208,2026-01-01 14:53:20+00:00,0,IOMT-000,S-IOMT-000-226,LAB_RESULTS,EP-IND-06208
NET-06209,2026-01-01 14:53:21+00:00,0,IOMT-041,S-IOMT-041-227,LAB_RESULTS,EP-IND-06209
NET-06210,2026-01-01 14:53:27+00:00,0,IOMT-021,S-IOMT-021-228,IMAGING,EP-IND-06210
NET-06211,2026-01-01 14:53:57+00:00,0,IOMT-007,S-IOMT-007-229,EHR_READ,EP-IND-06211
NET-06212,2026-01-01 14:54:05+00:00,0,IOMT-023,S-IOMT-023-230,RESEARCH,EP-IND-06212
NET-06213,2026-01-01 14:54:09+00:00,0,IOMT-047,S-IOMT-047-231,EHR_WRITE,EP-IND-06213
NET-06214,2026-01-01 14:54:15+00:00,0,IOMT-002,S-IOMT-002-232,IMAGING,EP-IND-06214
NET-06215,2026-01-01 14:54:17+00:00,0,IOMT-020,S-IOMT-020-233,EHR_WRITE,EP-IND-06215
NET-06216,2026-01-01 14:54:36+00:00,0,IOMT-047,S-IOMT-047-234,IMAGING,EP-IND-06216
NET-06217,2026-01-01 14:54:44+00:00,0,IOMT-035,S-IOMT-035-235,RESEARCH,EP-IND-06217
NET-06218,2026-01-01 14:54:59+00:00,0,IOMT-009,S-IOMT-009-236,RESEARCH,EP-IND-06218
NET-06219,2026-01-01 14:55:17+00:00,0,IOMT-032,S-IOMT-032-237,EHR_WRITE,EP-IND-06219
NET-06220,2026-01-01 14:55:24+00:00,0,IOMT-011,S-IOMT-011-238,RESEARCH,EP-IND-06220
NET-06221,2026-01-01 14:55:24+00:00,0,IOMT-037,S-IOMT-037-239,RESEARCH,EP-IND-06221
NET-06222,2026-01-01 14:55:27+00:00,0,IOMT-010,S-IOMT-010-240,EHR_READ,EP-IND-06222
NET-06223,2026-01-01 14:55:28+00:00,0,IOMT-027,S-IOMT-027-241,RESEARCH,EP-IND-06223
NET-06224,2026-01-01 14:55:53+00:00,0,IOMT-036,S-IOMT-036-242,LAB_RESULTS,EP-IND-06224
NET-06225,2026-01-01 14:56:18+00:00,0,IOMT-021,S-IOMT-021-243,LAB_RESULTS,EP-IND-06225
NET-06226,2026-01-01 14:56:25+00:00,0,IOMT-004,S-IOMT-004-244,LAB_RESULTS,EP-IND-06226
NET-06227,2026-01-01 14:56:27+00:00,0,IOMT-025,S-IOMT-025-245,LAB_RESULTS,EP-IND-06227
NET-06228,2026-01-01 14:56:28+00:00,0,IOMT-028,S-IOMT-028-246,IMAGING,EP-IND-06228
NET-06229,2026-01-01 14:56:39+00:00,0,IOMT-042,S-IOMT-042-247,IMAGING,EP-IND-06229
NET-06230,2026-01-01 14:56:41+00:00,0,IOMT-040,S-IOMT-040-248,IMAGING,EP-IND-06230
NET-06231,2026-01-01 14:56:47+00:00,0,IOMT-001,S-IOMT-001-249,RESEARCH,EP-IND-06231
NET-06232,2026-01-01 14:56:56+00:00,0,IOMT-015,S-IOMT-015-250,EHR_WRITE,EP-IND-06232
NET-06233,2026-01-01 14:57:05+00:00,0,IOMT-046,S-IOMT-046-251,RESEARCH,EP-IND-06233
NET-06234,2026-01-01 14:57:18+00:00,0,IOMT-011,S-IOMT-011-252,IMAGING,EP-IND-06234
NET-06235,2026-01-01 14:57:22+00:00,0,IOMT-007,S-IOMT-007-253,EHR_READ,EP-IND-06235
NET-06236,2026-01-01 14:57:43+00:00,0,IOMT-013,S-IOMT-013-254,RESEARCH,EP-IND-06236
NET-06237,2026-01-01 14:57:45+00:00,1,IOMT-001,S-IOMT-001-255,EHR_WRITE,EP-IND-06237
NET-06238,2026-01-01 14:57:46+00:00,0,IOMT-034,S-IOMT-034-256,EHR_WRITE,EP-IND-06238
NET-06239,2026-01-01 14:58:09+00:00,0,IOMT-022,S-IOMT-022-257,EHR_READ,EP-IND-06239
NET-06240,2026-01-01 14:58:15+00:00,0,IOMT-015,S-IOMT-015-258,EHR_READ,EP-IND-06240
NET-06241,2026-01-01 14:58:33+00:00,0,IOMT-026,S-IOMT-026-259,RESEARCH,EP-IND-06241
NET-06242,2026-01-01 14:58:45+00:00,0,IOMT-014,S-IOMT-014-260,RESEARCH,EP-IND-06242
NET-06243,2026-01-01 14:58:59+00:00,0,IOMT-003,S-IOMT-003-261,EHR_WRITE,EP-IND-06243
NET-06244,2026-01-01 14:59:07+00:00,0,IOMT-024,S-IOMT-024-262,EHR_WRITE,EP-IND-06244
NET-06245,2026-01-01 14:59:11+00:00,0,IOMT-004,S-IOMT-004-263,LAB_RESULTS,EP-IND-06245
NET-06246,2026-01-01 14:59:12+00:00,0,IOMT-009,S-IOMT-009-264,EHR_READ,EP-IND-06246
NET-06247,2026-01-01 14:59:25+00:00,0,IOMT-044,S-IOMT-044-265,EHR_READ,EP-IND-06247
NET-06248,2026-01-01 14:59:28+00:00,0,IOMT-016,S-IOMT-016-266,RESEARCH,EP-IND-06248
NET-06249,2026-01-01 14:59:43+00:00,0,IOMT-001,S-IOMT-001-267,LAB_RESULTS,EP-IND-06249
NET-06250,2026-01-01 14:59:45+00:00,0,IOMT-014,S-IOMT-014-268,IMAGING,EP-IND-06250
NET-06251,2026-01-01 14:59:51+00:00,0,IOMT-017,S-IOMT-017-269,IMAGING,EP-IND-06251
NET-06252,2026-01-01 15:00:03+00:00,0,IOMT-019,S-IOMT-019-270,RESEARCH,EP-IND-06252
NET-06253,2026-01-01 15:00:08+00:00,0,IOMT-035,S-IOMT-035-271,LAB_RESULTS,EP-IND-06253
NET-06254,2026-01-01 15:00:09+00:00,1,IOMT-025,S-IOMT-025-272,EHR_READ,EP-IND-06254
NET-06255,2026-01-01 15:00:11+00:00,0,IOMT-008,S-IOMT-008-273,IMAGING,EP-IND-06255
NET-06256,2026-01-01 15:00:12+00:00,0,IOMT-044,S-IOMT-044-274,IMAGING,EP-IND-06256
NET-06257,2026-01-01 15:00:12+00:00,0,IOMT-046,S-IOMT-046-275,EHR_WRITE,EP-IND-06257
NET-06258,2026-01-01 15:00:13+00:00,0,IOMT-025,S-IOMT-025-276,EHR_READ,EP-IND-06258
NET-06259,2026-01-01 15:00:20+00:00,0,IOMT-033,S-IOMT-033-277,IMAGING,EP-IND-06259
NET-06260,2026-01-01 15:00:22+00:00,0,IOMT-007,S-IOMT-007-278,IMAGING,EP-IND-06260
NET-06261,2026-01-01 15:00:31+00:00,0,IOMT-045,S-IOMT-045-279,IMAGING,EP-IND-06261
NET-06262,2026-01-01 15:00:31+00:00,0,IOMT-010,S-IOMT-010-280,IMAGING,EP-IND-06262
NET-06263,2026-01-01 15:01:03+00:00,0,IOMT-013,S-IOMT-013-281,EHR_WRITE,EP-IND-06263
NET-06264,2026-01-01 15:01:09+00:00,0,IOMT-030,S-IOMT-030-282,RESEARCH,EP-IND-06264
NET-06265,2026-01-01 15:01:24+00:00,0,IOMT-023,S-IOMT-023-283,LAB_RESULTS,EP-IND-06265
NET-06266,2026-01-01 15:01:25+00:00,1,IOMT-012,S-IOMT-012-284,EHR_WRITE,EP-IND-06266
NET-06267,2026-01-01 15:01:27+00:00,1,IOMT-040,S-IOMT-040-285,IMAGING,EP-IND-06267
NET-06268,2026-01-01 15:01:34+00:00,1,IOMT-023,S-IOMT-023-286,EHR_READ,EP-IND-06268
NET-06269,2026-01-01 15:01:49+00:00,0,IOMT-027,S-IOMT-027-287,EHR_WRITE,EP-IND-06269
NET-06270,2026-01-01 15:01:54+00:00,0,IOMT-016,S-IOMT-016-288,EHR_WRITE,EP-IND-06270
NET-06271,2026-01-01 15:01:56+00:00,0,IOMT-036,S-IOMT-036-289,EHR_READ,EP-IND-06271
NET-06272,2026-01-01 15:02:16+00:00,0,IOMT-033,S-IOMT-033-290,EHR_READ,EP-IND-06272
NET-06273,2026-01-01 15:02:43+00:00,0,IOMT-027,S-IOMT-027-291,EHR_WRITE,EP-IND-06273
NET-06274,2026-01-01 15:02:44+00:00,0,IOMT-029,S-IOMT-029-292,RESEARCH,EP-IND-06274
NET-06275,2026-01-01 15:03:09+00:00,0,IOMT-010,S-IOMT-010-293,EHR_READ,EP-IND-06275
NET-06276,2026-01-01 15:04:04+00:00,0,IOMT-013,S-IOMT-013-294,EHR_WRITE,EP-IND-06276
NET-06277,2026-01-01 15:04:07+00:00,0,IOMT-039,S-IOMT-039-295,IMAGING,EP-IND-06277
NET-06278,2026-01-01 15:04:07+00:00,0,IOMT-007,S-IOMT-007-296,LAB_RESULTS,EP-IND-06278
NET-06279,2026-01-01 15:04:12+00:00,0,IOMT-038,S-IOMT-038-297,LAB_RESULTS,EP-IND-06279
NET-06280,2026-01-01 15:04:13+00:00,0,IOMT-018,S-IOMT-018-298,EHR_READ,EP-IND-06280
NET-06281,2026-01-01 15:04:15+00:00,0,IOMT-046,S-IOMT-046-299,RESEARCH,EP-IND-06281
NET-06282,2026-01-01 15:04:24+00:00,0,IOMT-010,S-IOMT-010-300,LAB_RESULTS,EP-IND-06282
NET-06283,2026-01-01 15:04:34+00:00,0,IOMT-022,S-IOMT-022-301,EHR_WRITE,EP-IND-06283
NET-06284,2026-01-01 15:04:35+00:00,0,IOMT-033,S-IOMT-033-302,LAB_RESULTS,EP-IND-06284
NET-06285,2026-01-01 15:05:01+00:00,0,IOMT-021,S-IOMT-021-303,RESEARCH,EP-IND-06285
NET-06286,2026-01-01 15:05:02+00:00,0,IOMT-038,S-IOMT-038-304,RESEARCH,EP-IND-06286
NET-06287,2026-01-01 15:05:07+00:00,0,IOMT-034,S-IOMT-034-305,RESEARCH,EP-IND-06287
NET-06288,2026-01-01 15:05:23+00:00,0,IOMT-019,S-IOMT-019-306,IMAGING,EP-IND-06288
NET-06289,2026-01-01 15:05:33+00:00,0,IOMT-036,S-IOMT-036-307,EHR_WRITE,EP-IND-06289
NET-06290,2026-01-01 15:05:35+00:00,0,IOMT-048,S-IOMT-048-308,EHR_WRITE,EP-IND-06290
NET-06291,2026-01-01 15:05:39+00:00,0,IOMT-048,S-IOMT-048-309,RESEARCH,EP-IND-06291
NET-06292,2026-01-01 15:05:42+00:00,0,IOMT-014,S-IOMT-014-310,IMAGING,EP-IND-06292
NET-06293,2026-01-01 15:05:43+00:00,1,IOMT-042,S-IOMT-042-311,IMAGING,EP-IND-06293
NET-06294,2026-01-01 15:05:48+00:00,0,IOMT-015,S-IOMT-015-312,EHR_WRITE,EP-IND-06294
NET-06295,2026-01-01 15:05:59+00:00,0,IOMT-016,S-IOMT-016-313,LAB_RESULTS,EP-IND-06295
NET-06296,2026-01-01 15:06:08+00:00,0,IOMT-007,S-IOMT-007-314,EHR_WRITE,EP-IND-06296
NET-06297,2026-01-01 15:06:10+00:00,1,IOMT-017,S-IOMT-017-315,EHR_WRITE,EP-IND-06297
NET-06298,2026-01-01 15:06:26+00:00,0,IOMT-010,S-IOMT-010-316,EHR_WRITE,EP-IND-06298
NET-06299,2026-01-01 15:06:31+00:00,0,IOMT-008,S-IOMT-008-317,LAB_RESULTS,EP-IND-06299
NET-06300,2026-01-01 15:06:45+00:00,0,IOMT-011,S-IOMT-011-318,LAB_RESULTS,EP-IND-06300
NET-06301,2026-01-01 15:06:52+00:00,0,IOMT-045,S-IOMT-045-319,RESEARCH,EP-IND-06301
NET-06302,2026-01-01 15:06:53+00:00,0,IOMT-015,S-IOMT-015-320,IMAGING,EP-IND-06302
NET-06303,2026-01-01 15:06:55+00:00,0,IOMT-034,S-IOMT-034-321,EHR_WRITE,EP-IND-06303
NET-06304,2026-01-01 15:06:57+00:00,0,IOMT-012,S-IOMT-012-322,EHR_WRITE,EP-IND-06304
NET-06305,2026-01-01 15:07:02+00:00,0,IOMT-006,S-IOMT-006-323,IMAGING,EP-IND-06305
NET-06306,2026-01-01 15:07:03+00:00,0,IOMT-017,S-IOMT-017-324,RESEARCH,EP-IND-06306
NET-06307,2026-01-01 15:07:05+00:00,0,IOMT-022,S-IOMT-022-325,EHR_READ,EP-IND-06307
NET-06308,2026-01-01 15:07:06+00:00,0,IOMT-013,S-IOMT-013-326,EHR_WRITE,EP-IND-06308
NET-06309,2026-01-01 15:07:12+00:00,0,IOMT-007,S-IOMT-007-327,LAB_RESULTS,EP-IND-06309
NET-06310,2026-01-01 15:07:21+00:00,0,IOMT-034,S-IOMT-034-328,RESEARCH,EP-IND-06310
NET-06311,2026-01-01 15:07:34+00:00,0,IOMT-048,S-IOMT-048-329,EHR_WRITE,EP-IND-06311
NET-06312,2026-01-01 15:07:40+00:00,0,IOMT-001,S-IOMT-001-330,EHR_READ,EP-IND-06312
NET-06313,2026-01-01 15:07:57+00:00,0,IOMT-032,S-IOMT-032-331,EHR_WRITE,EP-IND-06313
NET-06314,2026-01-01 15:08:20+00:00,0,IOMT-013,S-IOMT-013-332,LAB_RESULTS,EP-IND-06314
NET-06315,2026-01-01 15:08:26+00:00,1,IOMT-013,S-IOMT-013-333,EHR_WRITE,EP-IND-06315
NET-06316,2026-01-01 15:08:42+00:00,0,IOMT-041,S-IOMT-041-334,LAB_RESULTS,EP-IND-06316
NET-06317,2026-01-01 15:09:02+00:00,0,IOMT-021,S-IOMT-021-335,RESEARCH,EP-IND-06317
NET-06318,2026-01-01 15:09:05+00:00,0,IOMT-028,S-IOMT-028-336,RESEARCH,EP-IND-06318
NET-06319,2026-01-01 15:09:18+00:00,0,IOMT-015,S-IOMT-015-337,EHR_WRITE,EP-IND-06319
NET-06320,2026-01-01 15:09:32+00:00,0,IOMT-020,S-IOMT-020-338,EHR_WRITE,EP-IND-06320
NET-06321,2026-01-01 15:09:38+00:00,0,IOMT-010,S-IOMT-010-339,RESEARCH,EP-IND-06321
NET-06322,2026-01-01 15:09:42+00:00,1,IOMT-035,S-IOMT-035-340,IMAGING,EP-IND-06322
NET-06323,2026-01-01 15:09:42+00:00,0,IOMT-036,S-IOMT-036-341,EHR_READ,EP-IND-06323
NET-06324,2026-01-01 15:09:57+00:00,0,IOMT-027,S-IOMT-027-342,EHR_READ,EP-IND-06324
NET-06325,2026-01-01 15:10:00+00:00,0,IOMT-026,S-IOMT-026-343,RESEARCH,EP-IND-06325
NET-06326,2026-01-01 15:10:15+00:00,0,IOMT-007,S-IOMT-007-344,IMAGING,EP-IND-06326
NET-06327,2026-01-01 15:10:19+00:00,0,IOMT-014,S-IOMT-014-345,EHR_READ,EP-IND-06327
NET-06328,2026-01-01 15:10:22+00:00,0,IOMT-014,S-IOMT-014-346,RESEARCH,EP-IND-06328
NET-06329,2026-01-01 15:10:26+00:00,0,IOMT-005,S-IOMT-005-347,EHR_READ,EP-IND-06329
NET-06330,2026-01-01 15:10:28+00:00,0,IOMT-000,S-IOMT-000-348,EHR_WRITE,EP-IND-06330
NET-06331,2026-01-01 15:10:34+00:00,0,IOMT-031,S-IOMT-031-349,EHR_READ,EP-IND-06331
NET-06332,2026-01-01 15:10:35+00:00,0,IOMT-011,S-IOMT-011-350,LAB_RESULTS,EP-IND-06332
NET-06333,2026-01-01 15:10:40+00:00,0,IOMT-034,S-IOMT-034-351,EHR_READ,EP-IND-06333
NET-06334,2026-01-01 15:10:48+00:00,0,IOMT-011,S-IOMT-011-352,EHR_READ,EP-IND-06334
NET-06335,2026-01-01 15:10:50+00:00,0,IOMT-021,S-IOMT-021-353,LAB_RESULTS,EP-IND-06335
NET-06336,2026-01-01 15:10:58+00:00,0,IOMT-015,S-IOMT-015-354,LAB_RESULTS,EP-IND-06336
NET-06337,2026-01-01 15:11:25+00:00,0,IOMT-041,S-IOMT-041-355,EHR_WRITE,EP-IND-06337
NET-06338,2026-01-01 15:11:27+00:00,0,IOMT-031,S-IOMT-031-356,IMAGING,EP-IND-06338
NET-06339,2026-01-01 15:11:43+00:00,0,IOMT-005,S-IOMT-005-357,RESEARCH,EP-IND-06339
NET-06340,2026-01-01 15:11:45+00:00,0,IOMT-000,S-IOMT-000-358,RESEARCH,EP-IND-06340
NET-06341,2026-01-01 15:11:57+00:00,0,IOMT-033,S-IOMT-033-359,EHR_WRITE,EP-IND-06341
NET-06342,2026-01-01 15:11:58+00:00,0,IOMT-019,S-IOMT-019-360,IMAGING,EP-IND-06342
NET-06343,2026-01-01 15:11:58+00:00,0,IOMT-042,S-IOMT-042-361,IMAGING,EP-IND-06343
NET-06344,2026-01-01 15:12:04+00:00,0,IOMT-012,S-IOMT-012-362,EHR_WRITE,EP-IND-06344
NET-06345,2026-01-01 15:12:06+00:00,0,IOMT-035,S-IOMT-035-363,RESEARCH,EP-IND-06345
NET-06346,2026-01-01 15:12:17+00:00,0,IOMT-029,S-IOMT-029-364,LAB_RESULTS,EP-IND-06346
NET-06347,2026-01-01 15:12:27+00:00,0,IOMT-038,S-IOMT-038-365,IMAGING,EP-IND-06347
NET-06348,2026-01-01 15:12:35+00:00,0,IOMT-004,S-IOMT-004-366,IMAGING,EP-IND-06348
NET-06349,2026-01-01 15:12:36+00:00,0,IOMT-002,S-IOMT-002-367,LAB_RESULTS,EP-IND-06349
NET-06350,2026-01-01 15:12:40+00:00,0,IOMT-029,S-IOMT-029-368,EHR_WRITE,EP-IND-06350
NET-06351,2026-01-01 15:12:56+00:00,0,IOMT-017,S-IOMT-017-369,RESEARCH,EP-IND-06351
NET-06352,2026-01-01 15:13:05+00:00,0,IOMT-011,S-IOMT-011-370,RESEARCH,EP-IND-06352
NET-06353,2026-01-01 15:13:07+00:00,0,IOMT-002,S-IOMT-002-371,RESEARCH,EP-IND-06353
NET-06354,2026-01-01 15:13:17+00:00,0,IOMT-008,S-IOMT-008-372,EHR_READ,EP-IND-06354
NET-06355,2026-01-01 15:13:36+00:00,0,IOMT-014,S-IOMT-014-373,RESEARCH,EP-IND-06355
NET-06356,2026-01-01 15:13:38+00:00,0,IOMT-029,S-IOMT-029-374,EHR_READ,EP-IND-06356
NET-06357,2026-01-01 15:13:44+00:00,0,IOMT-031,S-IOMT-031-375,EHR_READ,EP-IND-06357
NET-06358,2026-01-01 15:13:45+00:00,0,IOMT-023,S-IOMT-023-376,EHR_READ,EP-IND-06358
NET-06359,2026-01-01 15:13:50+00:00,0,IOMT-023,S-IOMT-023-377,IMAGING,EP-IND-06359
NET-06360,2026-01-01 15:13:57+00:00,0,IOMT-000,S-IOMT-000-378,LAB_RESULTS,EP-IND-06360
NET-06361,2026-01-01 15:14:07+00:00,0,IOMT-020,S-IOMT-020-379,RESEARCH,EP-IND-06361
NET-06362,2026-01-01 15:14:31+00:00,0,IOMT-002,S-IOMT-002-380,EHR_READ,EP-IND-06362
NET-06363,2026-01-01 15:14:48+00:00,0,IOMT-043,S-IOMT-043-381,LAB_RESULTS,EP-IND-06363
NET-06364,2026-01-01 15:14:48+00:00,0,IOMT-023,S-IOMT-023-382,LAB_RESULTS,EP-IND-06364
NET-06365,2026-01-01 15:14:54+00:00,0,IOMT-041,S-IOMT-041-383,RESEARCH,EP-IND-06365
NET-06366,2026-01-01 15:15:03+00:00,0,IOMT-017,S-IOMT-017-384,LAB_RESULTS,EP-IND-06366
NET-06367,2026-01-01 15:15:16+00:00,0,IOMT-047,S-IOMT-047-385,EHR_READ,EP-IND-06367
NET-06368,2026-01-01 15:15:31+00:00,0,IOMT-039,S-IOMT-039-386,EHR_READ,EP-IND-06368
NET-06369,2026-01-01 15:15:37+00:00,0,IOMT-014,S-IOMT-014-387,IMAGING,EP-IND-06369
NET-06370,2026-01-01 15:15:55+00:00,0,IOMT-000,S-IOMT-000-388,LAB_RESULTS,EP-IND-06370
NET-06371,2026-01-01 15:16:01+00:00,0,IOMT-008,S-IOMT-008-389,IMAGING,EP-IND-06371
NET-06372,2026-01-01 15:16:04+00:00,0,IOMT-011,S-IOMT-011-390,LAB_RESULTS,EP-IND-06372
NET-06373,2026-01-01 15:16:14+00:00,0,IOMT-047,S-IOMT-047-391,RESEARCH,EP-IND-06373
NET-06374,2026-01-01 15:16:20+00:00,0,IOMT-037,S-IOMT-037-392,LAB_RESULTS,EP-IND-06374
NET-06375,2026-01-01 15:16:25+00:00,0,IOMT-032,S-IOMT-032-393,EHR_READ,EP-IND-06375
NET-06376,2026-01-01 15:16:28+00:00,0,IOMT-029,S-IOMT-029-394,LAB_RESULTS,EP-IND-06376
NET-06377,2026-01-01 15:16:29+00:00,0,IOMT-047,S-IOMT-047-395,EHR_WRITE,EP-IND-06377
NET-06378,2026-01-01 15:16:32+00:00,0,IOMT-026,S-IOMT-026-396,LAB_RESULTS,EP-IND-06378
NET-06379,2026-01-01 15:16:59+00:00,1,IOMT-027,S-IOMT-027-397,EHR_READ,EP-IND-06379
NET-06380,2026-01-01 15:17:05+00:00,0,IOMT-016,S-IOMT-016-398,EHR_READ,EP-IND-06380
NET-06381,2026-01-01 15:17:37+00:00,0,IOMT-008,S-IOMT-008-399,IMAGING,EP-IND-06381
NET-06382,2026-01-01 15:17:55+00:00,0,IOMT-041,S-IOMT-041-400,EHR_WRITE,EP-IND-06382
NET-06383,2026-01-01 15:17:56+00:00,0,IOMT-035,S-IOMT-035-401,EHR_WRITE,EP-IND-06383
NET-06384,2026-01-01 15:17:56+00:00,0,IOMT-017,S-IOMT-017-402,RESEARCH,EP-IND-06384
NET-06385,2026-01-01 15:17:57+00:00,0,IOMT-027,S-IOMT-027-403,EHR_WRITE,EP-IND-06385
NET-06386,2026-01-01 15:18:00+00:00,0,IOMT-044,S-IOMT-044-404,EHR_WRITE,EP-IND-06386
NET-06387,2026-01-01 15:18:03+00:00,0,IOMT-048,S-IOMT-048-405,LAB_RESULTS,EP-IND-06387
NET-06388,2026-01-01 15:18:04+00:00,0,IOMT-032,S-IOMT-032-406,IMAGING,EP-IND-06388
NET-06389,2026-01-01 15:18:11+00:00,0,IOMT-043,S-IOMT-043-407,EHR_READ,EP-IND-06389
NET-06390,2026-01-01 15:18:16+00:00,0,IOMT-024,S-IOMT-024-408,IMAGING,EP-IND-06390
NET-06391,2026-01-01 15:18:17+00:00,0,IOMT-030,S-IOMT-030-409,RESEARCH,EP-IND-06391
NET-06392,2026-01-01 15:18:21+00:00,0,IOMT-045,S-IOMT-045-410,IMAGING,EP-IND-06392
NET-06393,2026-01-01 15:18:23+00:00,0,IOMT-015,S-IOMT-015-411,IMAGING,EP-IND-06393
NET-06394,2026-01-01 15:18:27+00:00,0,IOMT-029,S-IOMT-029-412,EHR_READ,EP-IND-06394
NET-06395,2026-01-01 15:18:34+00:00,0,IOMT-046,S-IOMT-046-413,IMAGING,EP-IND-06395
NET-06396,2026-01-01 15:18:43+00:00,0,IOMT-046,S-IOMT-046-414,EHR_READ,EP-IND-06396
NET-06397,2026-01-01 15:19:13+00:00,0,IOMT-033,S-IOMT-033-415,LAB_RESULTS,EP-IND-06397
NET-06398,2026-01-01 15:19:40+00:00,0,IOMT-030,S-IOMT-030-416,EHR_READ,EP-IND-06398
NET-06399,2026-01-01 15:19:44+00:00,0,IOMT-045,S-IOMT-045-417,LAB_RESULTS,EP-IND-06399
NET-06400,2026-01-01 15:19:57+00:00,0,IOMT-037,S-IOMT-037-418,EHR_WRITE,EP-IND-06400
NET-06401,2026-01-01 15:20:10+00:00,0,IOMT-003,S-IOMT-003-419,IMAGING,EP-IND-06401
NET-06402,2026-01-01 15:20:13+00:00,0,IOMT-010,S-IOMT-010-420,LAB_RESULTS,EP-IND-06402
NET-06403,2026-01-01 15:20:26+00:00,1,IOMT-032,S-IOMT-032-421,EHR_READ,EP-IND-06403
NET-06404,2026-01-01 15:20:32+00:00,0,IOMT-024,S-IOMT-024-422,IMAGING,EP-IND-06404
NET-06405,2026-01-01 15:20:34+00:00,0,IOMT-003,S-IOMT-003-423,EHR_READ,EP-IND-06405
NET-06406,2026-01-01 15:20:53+00:00,0,IOMT-041,S-IOMT-041-424,IMAGING,EP-IND-06406
NET-06407,2026-01-01 15:20:57+00:00,0,IOMT-029,S-IOMT-029-425,EHR_READ,EP-IND-06407
NET-06408,2026-01-01 15:21:05+00:00,0,IOMT-022,S-IOMT-022-426,IMAGING,EP-IND-06408
NET-06409,2026-01-01 15:21:10+00:00,0,IOMT-036,S-IOMT-036-427,LAB_RESULTS,EP-IND-06409
NET-06410,2026-01-01 15:21:22+00:00,0,IOMT-034,S-IOMT-034-428,EHR_READ,EP-IND-06410
NET-06411,2026-01-01 15:21:35+00:00,0,IOMT-049,S-IOMT-049-429,LAB_RESULTS,EP-IND-06411
NET-06412,2026-01-01 15:21:51+00:00,0,IOMT-016,S-IOMT-016-430,IMAGING,EP-IND-06412
NET-06413,2026-01-01 15:21:52+00:00,1,IOMT-044,S-IOMT-044-431,RESEARCH,EP-IND-06413
NET-06414,2026-01-01 15:21:52+00:00,0,IOMT-023,S-IOMT-023-432,LAB_RESULTS,EP-IND-06414
NET-06415,2026-01-01 15:21:54+00:00,0,IOMT-009,S-IOMT-009-433,IMAGING,EP-IND-06415
NET-06416,2026-01-01 15:21:55+00:00,0,IOMT-010,S-IOMT-010-434,RESEARCH,EP-IND-06416
NET-06417,2026-01-01 15:22:01+00:00,0,IOMT-019,S-IOMT-019-435,IMAGING,EP-IND-06417
NET-06418,2026-01-01 15:22:01+00:00,0,IOMT-015,S-IOMT-015-436,EHR_WRITE,EP-IND-06418
NET-06419,2026-01-01 15:22:11+00:00,0,IOMT-034,S-IOMT-034-437,EHR_WRITE,EP-IND-06419
NET-06420,2026-01-01 15:22:43+00:00,0,IOMT-035,S-IOMT-035-438,EHR_WRITE,EP-IND-06420
NET-06421,2026-01-01 15:22:44+00:00,0,IOMT-020,S-IOMT-020-439,EHR_WRITE,EP-IND-06421
NET-06422,2026-01-01 15:22:48+00:00,0,IOMT-038,S-IOMT-038-440,IMAGING,EP-IND-06422
NET-06423,2026-01-01 15:22:55+00:00,1,IOMT-047,S-IOMT-047-441,EHR_READ,EP-IND-06423
NET-06424,2026-01-01 15:23:17+00:00,0,IOMT-023,S-IOMT-023-442,EHR_WRITE,EP-IND-06424
NET-06425,2026-01-01 15:23:20+00:00,0,IOMT-037,S-IOMT-037-443,EHR_READ,EP-IND-06425
NET-06426,2026-01-01 15:23:25+00:00,1,IOMT-004,S-IOMT-004-444,LAB_RESULTS,EP-IND-06426
NET-06427,2026-01-01 15:23:57+00:00,0,IOMT-033,S-IOMT-033-445,EHR_READ,EP-IND-06427
NET-06428,2026-01-01 15:24:00+00:00,0,IOMT-024,S-IOMT-024-446,EHR_READ,EP-IND-06428
NET-06429,2026-01-01 15:24:03+00:00,0,IOMT-049,S-IOMT-049-447,LAB_RESULTS,EP-IND-06429
NET-06430,2026-01-01 15:24:03+00:00,0,IOMT-016,S-IOMT-016-448,EHR_WRITE,EP-IND-06430
NET-06431,2026-01-01 15:24:40+00:00,0,IOMT-049,S-IOMT-049-449,RESEARCH,EP-IND-06431
NET-06432,2026-01-01 15:24:40+00:00,0,IOMT-049,S-IOMT-049-450,RESEARCH,EP-IND-06432
NET-06433,2026-01-01 15:24:41+00:00,0,IOMT-046,S-IOMT-046-451,IMAGING,EP-IND-06433
NET-06434,2026-01-01 15:25:31+00:00,0,IOMT-029,S-IOMT-029-452,EHR_READ,EP-IND-06434
NET-06435,2026-01-01 15:25:33+00:00,0,IOMT-012,S-IOMT-012-453,EHR_READ,EP-IND-06435
NET-06436,2026-01-01 15:25:39+00:00,0,IOMT-021,S-IOMT-021-454,EHR_READ,EP-IND-06436
NET-06437,2026-01-01 15:25:46+00:00,0,IOMT-011,S-IOMT-011-455,LAB_RESULTS,EP-IND-06437
NET-06438,2026-01-01 15:25:58+00:00,0,IOMT-040,S-IOMT-040-456,LAB_RESULTS,EP-IND-06438
NET-06439,2026-01-01 15:26:16+00:00,0,IOMT-049,S-IOMT-049-457,LAB_RESULTS,EP-IND-06439
NET-06440,2026-01-01 15:26:38+00:00,0,IOMT-019,S-IOMT-019-458,EHR_READ,EP-IND-06440
NET-06441,2026-01-01 15:26:39+00:00,0,IOMT-013,S-IOMT-013-459,RESEARCH,EP-IND-06441
NET-06442,2026-01-01 15:26:47+00:00,0,IOMT-032,S-IOMT-032-460,EHR_READ,EP-IND-06442
NET-06443,2026-01-01 15:26:53+00:00,0,IOMT-017,S-IOMT-017-461,RESEARCH,EP-IND-06443
NET-06444,2026-01-01 15:26:56+00:00,0,IOMT-020,S-IOMT-020-462,RESEARCH,EP-IND-06444
NET-06445,2026-01-01 15:27:00+00:00,0,IOMT-043,S-IOMT-043-463,RESEARCH,EP-IND-06445
NET-06446,2026-01-01 15:27:07+00:00,0,IOMT-034,S-IOMT-034-464,LAB_RESULTS,EP-IND-06446
NET-06447,2026-01-01 15:27:10+00:00,0,IOMT-039,S-IOMT-039-465,LAB_RESULTS,EP-IND-06447
NET-06448,2026-01-01 15:27:22+00:00,0,IOMT-035,S-IOMT-035-466,LAB_RESULTS,EP-IND-06448
NET-06449,2026-01-01 15:27:34+00:00,0,IOMT-022,S-IOMT-022-467,LAB_RESULTS,EP-IND-06449
NET-06450,2026-01-01 15:27:42+00:00,0,IOMT-034,S-IOMT-034-468,IMAGING,EP-IND-06450
NET-06451,2026-01-01 15:27:43+00:00,0,IOMT-018,S-IOMT-018-469,IMAGING,EP-IND-06451
NET-06452,2026-01-01 15:27:58+00:00,0,IOMT-011,S-IOMT-011-470,EHR_WRITE,EP-IND-06452
NET-06453,2026-01-01 15:28:04+00:00,0,IOMT-021,S-IOMT-021-471,RESEARCH,EP-IND-06453
NET-06454,2026-01-01 15:28:22+00:00,0,IOMT-004,S-IOMT-004-472,RESEARCH,EP-IND-06454
NET-06455,2026-01-01 15:28:26+00:00,0,IOMT-038,S-IOMT-038-473,IMAGING,EP-IND-06455
NET-06456,2026-01-01 15:28:44+00:00,0,IOMT-044,S-IOMT-044-474,EHR_WRITE,EP-IND-06456
NET-06457,2026-01-01 15:28:45+00:00,0,IOMT-042,S-IOMT-042-475,EHR_READ,EP-IND-06457
NET-06458,2026-01-01 15:28:45+00:00,0,IOMT-031,S-IOMT-031-476,RESEARCH,EP-IND-06458
NET-06459,2026-01-01 15:28:48+00:00,0,IOMT-041,S-IOMT-041-477,IMAGING,EP-IND-06459
NET-06460,2026-01-01 15:28:56+00:00,0,IOMT-018,S-IOMT-018-478,RESEARCH,EP-IND-06460
NET-06461,2026-01-01 15:29:08+00:00,0,IOMT-046,S-IOMT-046-479,LAB_RESULTS,EP-IND-06461
NET-06462,2026-01-01 15:29:08+00:00,0,IOMT-035,S-IOMT-035-480,EHR_READ,EP-IND-06462
NET-06463,2026-01-01 15:29:08+00:00,0,IOMT-049,S-IOMT-049-481,LAB_RESULTS,EP-IND-06463
NET-06464,2026-01-01 15:29:09+00:00,0,IOMT-041,S-IOMT-041-482,RESEARCH,EP-IND-06464
NET-06465,2026-01-01 15:29:31+00:00,0,IOMT-024,S-IOMT-024-483,RESEARCH,EP-IND-06465
NET-06466,2026-01-01 15:29:35+00:00,0,IOMT-014,S-IOMT-014-484,LAB_RESULTS,EP-IND-06466
NET-06467,2026-01-01 15:29:43+00:00,0,IOMT-006,S-IOMT-006-485,EHR_WRITE,EP-IND-06467
NET-06468,2026-01-01 15:29:43+00:00,0,IOMT-011,S-IOMT-011-486,IMAGING,EP-IND-06468
NET-06469,2026-01-01 15:29:44+00:00,0,IOMT-031,S-IOMT-031-487,LAB_RESULTS,EP-IND-06469
NET-06470,2026-01-01 15:29:59+00:00,0,IOMT-025,S-IOMT-025-488,LAB_RESULTS,EP-IND-06470
NET-06471,2026-01-01 15:30:27+00:00,0,IOMT-017,S-IOMT-017-489,EHR_WRITE,EP-IND-06471
NET-06472,2026-01-01 15:30:50+00:00,0,IOMT-021,S-IOMT-021-490,LAB_RESULTS,EP-IND-06472
NET-06473,2026-01-01 15:30:51+00:00,0,IOMT-013,S-IOMT-013-491,RESEARCH,EP-IND-06473
NET-06474,2026-01-01 15:31:05+00:00,0,IOMT-007,S-IOMT-007-492,LAB_RESULTS,EP-IND-06474
NET-06475,2026-01-01 15:31:25+00:00,0,IOMT-015,S-IOMT-015-493,LAB_RESULTS,EP-IND-06475
NET-06476,2026-01-01 15:31:37+00:00,0,IOMT-040,S-IOMT-040-494,IMAGING,EP-IND-06476
NET-06477,2026-01-01 15:31:40+00:00,0,IOMT-007,S-IOMT-007-495,RESEARCH,EP-IND-06477
NET-06478,2026-01-01 15:31:52+00:00,0,IOMT-037,S-IOMT-037-496,IMAGING,EP-IND-06478
NET-06479,2026-01-01 15:32:09+00:00,0,IOMT-049,S-IOMT-049-497,IMAGING,EP-IND-06479
NET-06480,2026-01-01 15:32:15+00:00,0,IOMT-011,S-IOMT-011-498,LAB_RESULTS,EP-IND-06480
NET-06481,2026-01-01 15:32:18+00:00,0,IOMT-019,S-IOMT-019-499,IMAGING,EP-IND-06481
NET-06482,2026-01-01 15:32:54+00:00,0,IOMT-044,S-IOMT-044-500,EHR_WRITE,EP-IND-06482
NET-06483,2026-01-01 15:33:03+00:00,0,IOMT-044,S-IOMT-044-501,RESEARCH,EP-IND-06483
NET-06484,2026-01-01 15:33:08+00:00,0,IOMT-042,S-IOMT-042-502,LAB_RESULTS,EP-IND-06484
NET-06485,2026-01-01 15:33:11+00:00,0,IOMT-043,S-IOMT-043-503,RESEARCH,EP-IND-06485
NET-06486,2026-01-01 15:33:12+00:00,0,IOMT-038,S-IOMT-038-504,RESEARCH,EP-IND-06486
NET-06487,2026-01-01 15:33:36+00:00,0,IOMT-035,S-IOMT-035-505,RESEARCH,EP-IND-06487
NET-06488,2026-01-01 15:33:39+00:00,0,IOMT-023,S-IOMT-023-506,IMAGING,EP-IND-06488
NET-06489,2026-01-01 15:33:44+00:00,0,IOMT-035,S-IOMT-035-507,IMAGING,EP-IND-06489
NET-06490,2026-01-01 15:33:44+00:00,0,IOMT-046,S-IOMT-046-508,EHR_READ,EP-IND-06490
NET-06491,2026-01-01 15:33:50+00:00,0,IOMT-005,S-IOMT-005-509,IMAGING,EP-IND-06491
NET-06492,2026-01-01 15:33:58+00:00,0,IOMT-006,S-IOMT-006-510,EHR_WRITE,EP-IND-06492
NET-06493,2026-01-01 15:34:03+00:00,0,IOMT-032,S-IOMT-032-511,EHR_WRITE,EP-IND-06493
NET-06494,2026-01-01 15:34:03+00:00,0,IOMT-044,S-IOMT-044-512,EHR_WRITE,EP-IND-06494
NET-06495,2026-01-01 15:34:25+00:00,0,IOMT-028,S-IOMT-028-513,EHR_WRITE,EP-IND-06495
NET-06496,2026-01-01 15:34:45+00:00,0,IOMT-017,S-IOMT-017-514,RESEARCH,EP-IND-06496
NET-06497,2026-01-01 15:34:46+00:00,0,IOMT-005,S-IOMT-005-515,EHR_WRITE,EP-IND-06497
NET-06498,2026-01-01 15:34:49+00:00,0,IOMT-031,S-IOMT-031-516,EHR_WRITE,EP-IND-06498
NET-06499,2026-01-01 15:34:54+00:00,0,IOMT-038,S-IOMT-038-517,RESEARCH,EP-IND-06499
NET-06500,2026-01-01 15:34:57+00:00,0,IOMT-038,S-IOMT-038-518,EHR_READ,EP-IND-06500
NET-06501,2026-01-01 15:35:23+00:00,0,IOMT-017,S-IOMT-017-519,LAB_RESULTS,EP-IND-06501
NET-06502,2026-01-01 15:35:35+00:00,0,IOMT-038,S-IOMT-038-520,EHR_WRITE,EP-IND-06502
NET-06503,2026-01-01 15:35:47+00:00,0,IOMT-036,S-IOMT-036-521,RESEARCH,EP-IND-06503
NET-06504,2026-01-01 15:35:49+00:00,0,IOMT-035,S-IOMT-035-522,RESEARCH,EP-IND-06504
NET-06505,2026-01-01 15:35:59+00:00,0,IOMT-001,S-IOMT-001-523,IMAGING,EP-IND-06505
NET-06506,2026-01-01 15:36:01+00:00,0,IOMT-015,S-IOMT-015-524,RESEARCH,EP-IND-06506
NET-06507,2026-01-01 15:36:11+00:00,0,IOMT-028,S-IOMT-028-525,EHR_WRITE,EP-IND-06507
NET-06508,2026-01-01 15:36:31+00:00,0,IOMT-042,S-IOMT-042-526,EHR_READ,EP-IND-06508
NET-06509,2026-01-01 15:36:41+00:00,0,IOMT-009,S-IOMT-009-527,LAB_RESULTS,EP-IND-06509
NET-06510,2026-01-01 15:36:53+00:00,0,IOMT-014,S-IOMT-014-528,EHR_READ,EP-IND-06510
NET-06511,2026-01-01 15:36:55+00:00,0,IOMT-011,S-IOMT-011-529,LAB_RESULTS,EP-IND-06511
NET-06512,2026-01-01 15:36:55+00:00,0,IOMT-041,S-IOMT-041-530,EHR_READ,EP-IND-06512
NET-06513,2026-01-01 15:36:57+00:00,0,IOMT-027,S-IOMT-027-531,LAB_RESULTS,EP-IND-06513
NET-06514,2026-01-01 15:37:32+00:00,0,IOMT-039,S-IOMT-039-532,EHR_WRITE,EP-IND-06514
NET-06515,2026-01-01 15:37:34+00:00,0,IOMT-038,S-IOMT-038-533,RESEARCH,EP-IND-06515
NET-06516,2026-01-01 15:37:37+00:00,0,IOMT-009,S-IOMT-009-534,LAB_RESULTS,EP-IND-06516
NET-06517,2026-01-01 15:37:46+00:00,0,IOMT-033,S-IOMT-033-535,EHR_READ,EP-IND-06517
NET-06518,2026-01-01 15:38:03+00:00,0,IOMT-029,S-IOMT-029-536,RESEARCH,EP-IND-06518
NET-06519,2026-01-01 15:38:06+00:00,0,IOMT-041,S-IOMT-041-537,EHR_WRITE,EP-IND-06519
NET-06520,2026-01-01 15:38:08+00:00,0,IOMT-023,S-IOMT-023-538,IMAGING,EP-IND-06520
NET-06521,2026-01-01 15:38:20+00:00,0,IOMT-044,S-IOMT-044-539,EHR_READ,EP-IND-06521
NET-06522,2026-01-01 15:38:26+00:00,0,IOMT-038,S-IOMT-038-540,IMAGING,EP-IND-06522
NET-06523,2026-01-01 15:38:36+00:00,0,IOMT-030,S-IOMT-030-541,EHR_WRITE,EP-IND-06523
NET-06524,2026-01-01 15:38:44+00:00,0,IOMT-016,S-IOMT-016-542,RESEARCH,EP-IND-06524
NET-06525,2026-01-01 15:38:49+00:00,0,IOMT-016,S-IOMT-016-543,IMAGING,EP-IND-06525
NET-06526,2026-01-01 15:38:53+00:00,1,IOMT-045,S-IOMT-045-544,IMAGING,EP-IND-06526
NET-06527,2026-01-01 15:39:05+00:00,0,IOMT-040,S-IOMT-040-545,LAB_RESULTS,EP-IND-06527
NET-06528,2026-01-01 15:39:19+00:00,0,IOMT-005,S-IOMT-005-546,LAB_RESULTS,EP-IND-06528
NET-06529,2026-01-01 15:39:31+00:00,1,IOMT-008,S-IOMT-008-547,RESEARCH,EP-IND-06529
NET-06530,2026-01-01 15:39:33+00:00,0,IOMT-027,S-IOMT-027-548,RESEARCH,EP-IND-06530
NET-06531,2026-01-01 15:39:53+00:00,0,IOMT-040,S-IOMT-040-549,RESEARCH,EP-IND-06531
NET-06532,2026-01-01 15:39:54+00:00,0,IOMT-008,S-IOMT-008-550,EHR_WRITE,EP-IND-06532
NET-06533,2026-01-01 15:40:10+00:00,0,IOMT-027,S-IOMT-027-551,LAB_RESULTS,EP-IND-06533
NET-06534,2026-01-01 15:40:25+00:00,0,IOMT-047,S-IOMT-047-552,LAB_RESULTS,EP-IND-06534
NET-06535,2026-01-01 15:40:36+00:00,0,IOMT-010,S-IOMT-010-553,LAB_RESULTS,EP-IND-06535
NET-06536,2026-01-01 15:40:38+00:00,0,IOMT-018,S-IOMT-018-554,EHR_WRITE,EP-IND-06536
NET-06537,2026-01-01 15:40:50+00:00,0,IOMT-011,S-IOMT-011-555,RESEARCH,EP-IND-06537
NET-06538,2026-01-01 15:40:58+00:00,0,IOMT-049,S-IOMT-049-556,RESEARCH,EP-IND-06538
NET-06539,2026-01-01 15:41:02+00:00,0,IOMT-003,S-IOMT-003-557,EHR_READ,EP-IND-06539
NET-06540,2026-01-01 15:41:13+00:00,0,IOMT-016,S-IOMT-016-558,EHR_WRITE,EP-IND-06540
NET-06541,2026-01-01 15:41:17+00:00,0,IOMT-049,S-IOMT-049-559,LAB_RESULTS,EP-IND-06541
NET-06542,2026-01-01 15:41:32+00:00,0,IOMT-013,S-IOMT-013-560,LAB_RESULTS,EP-IND-06542
NET-06543,2026-01-01 15:41:53+00:00,0,IOMT-031,S-IOMT-031-561,EHR_WRITE,EP-IND-06543
NET-06544,2026-01-01 15:41:59+00:00,0,IOMT-037,S-IOMT-037-562,LAB_RESULTS,EP-IND-06544
NET-06545,2026-01-01 15:42:06+00:00,0,IOMT-041,S-IOMT-041-563,IMAGING,EP-IND-06545
NET-06546,2026-01-01 15:42:07+00:00,0,IOMT-001,S-IOMT-001-564,EHR_READ,EP-IND-06546
NET-06547,2026-01-01 15:42:09+00:00,0,IOMT-002,S-IOMT-002-565,RESEARCH,EP-IND-06547
NET-06548,2026-01-01 15:42:50+00:00,0,IOMT-024,S-IOMT-024-566,RESEARCH,EP-IND-06548
NET-06549,2026-01-01 15:42:50+00:00,0,IOMT-015,S-IOMT-015-567,LAB_RESULTS,EP-IND-06549
NET-06550,2026-01-01 15:42:53+00:00,0,IOMT-001,S-IOMT-001-568,LAB_RESULTS,EP-IND-06550
NET-06551,2026-01-01 15:43:10+00:00,0,IOMT-026,S-IOMT-026-569,EHR_WRITE,EP-IND-06551
NET-06552,2026-01-01 15:43:27+00:00,0,IOMT-007,S-IOMT-007-570,EHR_READ,EP-IND-06552
NET-06553,2026-01-01 15:43:44+00:00,0,IOMT-022,S-IOMT-022-571,IMAGING,EP-IND-06553
NET-06554,2026-01-01 15:43:52+00:00,0,IOMT-012,S-IOMT-012-572,EHR_WRITE,EP-IND-06554
NET-06555,2026-01-01 15:43:57+00:00,0,IOMT-008,S-IOMT-008-573,EHR_READ,EP-IND-06555
NET-06556,2026-01-01 15:44:13+00:00,0,IOMT-027,S-IOMT-027-574,EHR_READ,EP-IND-06556
NET-06557,2026-01-01 15:44:23+00:00,0,IOMT-032,S-IOMT-032-575,RESEARCH,EP-IND-06557
NET-06558,2026-01-01 15:44:39+00:00,0,IOMT-045,S-IOMT-045-576,EHR_READ,EP-IND-06558
NET-06559,2026-01-01 15:44:53+00:00,0,IOMT-015,S-IOMT-015-577,LAB_RESULTS,EP-IND-06559
NET-06560,2026-01-01 15:44:58+00:00,1,IOMT-037,S-IOMT-037-578,EHR_READ,EP-IND-06560
NET-06561,2026-01-01 15:44:58+00:00,0,IOMT-003,S-IOMT-003-579,EHR_WRITE,EP-IND-06561
NET-06562,2026-01-01 15:45:14+00:00,0,IOMT-025,S-IOMT-025-580,RESEARCH,EP-IND-06562
NET-06563,2026-01-01 15:45:33+00:00,0,IOMT-010,S-IOMT-010-581,EHR_READ,EP-IND-06563
NET-06564,2026-01-01 15:45:34+00:00,0,IOMT-028,S-IOMT-028-582,EHR_READ,EP-IND-06564
NET-06565,2026-01-01 15:45:35+00:00,0,IOMT-047,S-IOMT-047-583,LAB_RESULTS,EP-IND-06565
NET-06566,2026-01-01 15:45:36+00:00,0,IOMT-029,S-IOMT-029-584,LAB_RESULTS,EP-IND-06566
NET-06567,2026-01-01 15:45:51+00:00,0,IOMT-014,S-IOMT-014-585,EHR_WRITE,EP-IND-06567
NET-06568,2026-01-01 15:46:26+00:00,0,IOMT-015,S-IOMT-015-586,EHR_WRITE,EP-IND-06568
NET-06569,2026-01-01 15:46:29+00:00,0,IOMT-017,S-IOMT-017-587,RESEARCH,EP-IND-06569
NET-06570,2026-01-01 15:46:29+00:00,0,IOMT-040,S-IOMT-040-588,IMAGING,EP-IND-06570
NET-06571,2026-01-01 15:46:31+00:00,0,IOMT-011,S-IOMT-011-589,LAB_RESULTS,EP-IND-06571
NET-06572,2026-01-01 15:46:34+00:00,0,IOMT-035,S-IOMT-035-590,IMAGING,EP-IND-06572
NET-06573,2026-01-01 15:46:40+00:00,0,IOMT-049,S-IOMT-049-591,EHR_WRITE,EP-IND-06573
NET-06574,2026-01-01 15:46:43+00:00,0,IOMT-046,S-IOMT-046-592,EHR_WRITE,EP-IND-06574
NET-06575,2026-01-01 15:47:01+00:00,0,IOMT-009,S-IOMT-009-593,LAB_RESULTS,EP-IND-06575
NET-06576,2026-01-01 15:47:05+00:00,0,IOMT-005,S-IOMT-005-594,LAB_RESULTS,EP-IND-06576
NET-06577,2026-01-01 15:47:09+00:00,0,IOMT-039,S-IOMT-039-595,EHR_WRITE,EP-IND-06577
NET-06578,2026-01-01 15:47:10+00:00,0,IOMT-020,S-IOMT-020-596,LAB_RESULTS,EP-IND-06578
NET-06579,2026-01-01 15:47:14+00:00,1,IOMT-011,S-IOMT-011-597,LAB_RESULTS,EP-IND-06579
NET-06580,2026-01-01 15:47:24+00:00,0,IOMT-045,S-IOMT-045-598,RESEARCH,EP-IND-06580
NET-06581,2026-01-01 15:47:26+00:00,0,IOMT-027,S-IOMT-027-599,LAB_RESULTS,EP-IND-06581
NET-06582,2026-01-01 15:47:42+00:00,0,IOMT-012,S-IOMT-012-600,LAB_RESULTS,EP-IND-06582
NET-06583,2026-01-01 15:47:56+00:00,0,IOMT-042,S-IOMT-042-601,EHR_READ,EP-IND-06583
NET-06584,2026-01-01 15:48:10+00:00,1,IOMT-033,S-IOMT-033-602,IMAGING,EP-IND-06584
NET-06585,2026-01-01 15:48:11+00:00,0,IOMT-049,S-IOMT-049-603,EHR_WRITE,EP-IND-06585
NET-06586,2026-01-01 15:48:23+00:00,0,IOMT-015,S-IOMT-015-604,EHR_WRITE,EP-IND-06586
NET-06587,2026-01-01 15:48:26+00:00,0,IOMT-002,S-IOMT-002-605,RESEARCH,EP-IND-06587
NET-06588,2026-01-01 15:48:31+00:00,0,IOMT-040,S-IOMT-040-606,IMAGING,EP-IND-06588
NET-06589,2026-01-01 15:48:36+00:00,0,IOMT-021,S-IOMT-021-607,EHR_WRITE,EP-IND-06589
NET-06590,2026-01-01 15:48:49+00:00,0,IOMT-046,S-IOMT-046-608,EHR_WRITE,EP-IND-06590
NET-06591,2026-01-01 15:48:52+00:00,0,IOMT-003,S-IOMT-003-609,IMAGING,EP-IND-06591
NET-06592,2026-01-01 15:48:52+00:00,0,IOMT-014,S-IOMT-014-610,RESEARCH,EP-IND-06592
NET-06593,2026-01-01 15:48:53+00:00,0,IOMT-046,S-IOMT-046-611,LAB_RESULTS,EP-IND-06593
NET-06594,2026-01-01 15:49:02+00:00,1,IOMT-008,S-IOMT-008-612,RESEARCH,EP-IND-06594
NET-06595,2026-01-01 15:49:21+00:00,1,IOMT-044,S-IOMT-044-613,EHR_WRITE,EP-IND-06595
NET-06596,2026-01-01 15:49:31+00:00,0,IOMT-018,S-IOMT-018-614,EHR_WRITE,EP-IND-06596
NET-06597,2026-01-01 15:49:43+00:00,0,IOMT-035,S-IOMT-035-615,LAB_RESULTS,EP-IND-06597
NET-06598,2026-01-01 15:49:50+00:00,0,IOMT-024,S-IOMT-024-616,EHR_WRITE,EP-IND-06598
NET-06599,2026-01-01 15:50:06+00:00,0,IOMT-032,S-IOMT-032-617,EHR_WRITE,EP-IND-06599
NET-06600,2026-01-01 15:50:13+00:00,0,IOMT-023,S-IOMT-023-618,IMAGING,EP-IND-06600
NET-06601,2026-01-01 15:50:33+00:00,0,IOMT-033,S-IOMT-033-619,EHR_READ,EP-IND-06601
NET-06602,2026-01-01 15:50:40+00:00,0,IOMT-020,S-IOMT-020-620,EHR_READ,EP-IND-06602
NET-06603,2026-01-01 15:50:52+00:00,0,IOMT-006,S-IOMT-006-621,EHR_WRITE,EP-IND-06603
NET-06604,2026-01-01 15:51:00+00:00,0,IOMT-001,S-IOMT-001-622,RESEARCH,EP-IND-06604
NET-06605,2026-01-01 15:51:02+00:00,0,IOMT-002,S-IOMT-002-623,EHR_READ,EP-IND-06605
NET-06606,2026-01-01 15:51:14+00:00,0,IOMT-041,S-IOMT-041-624,EHR_WRITE,EP-IND-06606
NET-06607,2026-01-01 15:51:30+00:00,1,IOMT-001,S-IOMT-001-625,EHR_WRITE,EP-IND-06607
NET-06608,2026-01-01 15:51:44+00:00,0,IOMT-025,S-IOMT-025-626,LAB_RESULTS,EP-IND-06608
NET-06609,2026-01-01 15:51:54+00:00,0,IOMT-020,S-IOMT-020-627,LAB_RESULTS,EP-IND-06609
NET-06610,2026-01-01 15:51:58+00:00,0,IOMT-008,S-IOMT-008-628,EHR_READ,EP-IND-06610
NET-06611,2026-01-01 15:52:09+00:00,0,IOMT-048,S-IOMT-048-629,EHR_WRITE,EP-IND-06611
NET-06612,2026-01-01 15:52:20+00:00,0,IOMT-007,S-IOMT-007-630,IMAGING,EP-IND-06612
NET-06613,2026-01-01 15:52:26+00:00,0,IOMT-008,S-IOMT-008-631,EHR_WRITE,EP-IND-06613
NET-06614,2026-01-01 15:52:29+00:00,0,IOMT-026,S-IOMT-026-632,EHR_WRITE,EP-IND-06614
NET-06615,2026-01-01 15:52:40+00:00,0,IOMT-036,S-IOMT-036-633,EHR_WRITE,EP-IND-06615
NET-06616,2026-01-01 15:52:45+00:00,0,IOMT-012,S-IOMT-012-634,EHR_READ,EP-IND-06616
NET-06617,2026-01-01 15:52:45+00:00,1,IOMT-002,S-IOMT-002-635,LAB_RESULTS,EP-IND-06617
NET-06618,2026-01-01 15:52:51+00:00,0,IOMT-049,S-IOMT-049-636,IMAGING,EP-IND-06618
NET-06619,2026-01-01 15:52:56+00:00,0,IOMT-036,S-IOMT-036-637,RESEARCH,EP-IND-06619
NET-06620,2026-01-01 15:53:10+00:00,0,IOMT-014,S-IOMT-014-638,LAB_RESULTS,EP-IND-06620
NET-06621,2026-01-01 15:53:39+00:00,1,IOMT-003,S-IOMT-003-639,EHR_READ,EP-IND-06621
NET-06622,2026-01-01 15:53:50+00:00,0,IOMT-026,S-IOMT-026-640,IMAGING,EP-IND-06622
NET-06623,2026-01-01 15:53:50+00:00,0,IOMT-020,S-IOMT-020-641,RESEARCH,EP-IND-06623
NET-06624,2026-01-01 15:53:56+00:00,0,IOMT-024,S-IOMT-024-642,IMAGING,EP-IND-06624
NET-06625,2026-01-01 15:54:04+00:00,0,IOMT-036,S-IOMT-036-643,RESEARCH,EP-IND-06625
NET-06626,2026-01-01 15:54:05+00:00,0,IOMT-000,S-IOMT-000-644,LAB_RESULTS,EP-IND-06626
NET-06627,2026-01-01 15:54:19+00:00,0,IOMT-008,S-IOMT-008-645,IMAGING,EP-IND-06627
NET-06628,2026-01-01 15:54:20+00:00,0,IOMT-019,S-IOMT-019-646,LAB_RESULTS,EP-IND-06628
NET-06629,2026-01-01 15:54:39+00:00,1,IOMT-004,S-IOMT-004-647,LAB_RESULTS,EP-IND-06629
NET-06630,2026-01-01 15:54:56+00:00,0,IOMT-020,S-IOMT-020-648,EHR_READ,EP-IND-06630
NET-06631,2026-01-01 15:55:00+00:00,0,IOMT-014,S-IOMT-014-649,RESEARCH,EP-IND-06631
NET-06632,2026-01-01 15:55:02+00:00,0,IOMT-019,S-IOMT-019-650,EHR_READ,EP-IND-06632
NET-06633,2026-01-01 15:55:06+00:00,0,IOMT-010,S-IOMT-010-651,EHR_READ,EP-IND-06633
NET-06634,2026-01-01 15:55:17+00:00,0,IOMT-020,S-IOMT-020-652,LAB_RESULTS,EP-IND-06634
NET-06635,2026-01-01 15:55:24+00:00,0,IOMT-045,S-IOMT-045-653,LAB_RESULTS,EP-IND-06635
NET-06636,2026-01-01 15:55:29+00:00,0,IOMT-022,S-IOMT-022-654,EHR_READ,EP-IND-06636
NET-06637,2026-01-01 15:56:10+00:00,0,IOMT-001,S-IOMT-001-655,RESEARCH,EP-IND-06637
NET-06638,2026-01-01 15:56:15+00:00,0,IOMT-022,S-IOMT-022-656,RESEARCH,EP-IND-06638
NET-06639,2026-01-01 15:56:21+00:00,0,IOMT-013,S-IOMT-013-657,LAB_RESULTS,EP-IND-06639
NET-06640,2026-01-01 15:56:38+00:00,0,IOMT-015,S-IOMT-015-658,IMAGING,EP-IND-06640
NET-06641,2026-01-01 15:56:49+00:00,0,IOMT-014,S-IOMT-014-659,EHR_WRITE,EP-IND-06641
NET-06642,2026-01-01 15:56:55+00:00,0,IOMT-001,S-IOMT-001-660,LAB_RESULTS,EP-IND-06642
NET-06643,2026-01-01 15:57:04+00:00,0,IOMT-026,S-IOMT-026-661,EHR_WRITE,EP-IND-06643
NET-06644,2026-01-01 15:57:05+00:00,0,IOMT-025,S-IOMT-025-662,RESEARCH,EP-IND-06644
NET-06645,2026-01-01 15:57:10+00:00,0,IOMT-032,S-IOMT-032-663,LAB_RESULTS,EP-IND-06645
NET-06646,2026-01-01 15:57:17+00:00,0,IOMT-004,S-IOMT-004-664,IMAGING,EP-IND-06646
NET-06647,2026-01-01 15:57:49+00:00,0,IOMT-033,S-IOMT-033-665,RESEARCH,EP-IND-06647
NET-06648,2026-01-01 15:57:51+00:00,0,IOMT-030,S-IOMT-030-666,EHR_READ,EP-IND-06648
NET-06649,2026-01-01 15:57:58+00:00,0,IOMT-015,S-IOMT-015-667,RESEARCH,EP-IND-06649
NET-06650,2026-01-01 15:58:17+00:00,0,IOMT-002,S-IOMT-002-668,IMAGING,EP-IND-06650
NET-06651,2026-01-01 15:58:20+00:00,0,IOMT-011,S-IOMT-011-669,LAB_RESULTS,EP-IND-06651
NET-06652,2026-01-01 15:58:26+00:00,0,IOMT-041,S-IOMT-041-670,IMAGING,EP-IND-06652
NET-06653,2026-01-01 15:58:31+00:00,0,IOMT-008,S-IOMT-008-671,IMAGING,EP-IND-06653
NET-06654,2026-01-01 15:58:40+00:00,0,IOMT-028,S-IOMT-028-672,EHR_WRITE,EP-IND-06654
NET-06655,2026-01-01 15:58:45+00:00,0,IOMT-022,S-IOMT-022-673,LAB_RESULTS,EP-IND-06655
NET-06656,2026-01-01 15:58:47+00:00,0,IOMT-022,S-IOMT-022-674,EHR_WRITE,EP-IND-06656
NET-06657,2026-01-01 15:58:47+00:00,0,IOMT-034,S-IOMT-034-675,RESEARCH,EP-IND-06657
NET-06658,2026-01-01 15:58:50+00:00,0,IOMT-022,S-IOMT-022-676,IMAGING,EP-IND-06658
NET-06659,2026-01-01 15:58:56+00:00,0,IOMT-048,S-IOMT-048-677,EHR_READ,EP-IND-06659
NET-06660,2026-01-01 15:59:03+00:00,0,IOMT-028,S-IOMT-028-678,RESEARCH,EP-IND-06660
NET-06661,2026-01-01 15:59:05+00:00,0,IOMT-012,S-IOMT-012-679,IMAGING,EP-IND-06661
NET-06662,2026-01-01 15:59:21+00:00,0,IOMT-008,S-IOMT-008-680,LAB_RESULTS,EP-IND-06662
NET-06663,2026-01-01 15:59:36+00:00,0,IOMT-007,S-IOMT-007-681,LAB_RESULTS,EP-IND-06663
NET-06664,2026-01-01 15:59:50+00:00,0,IOMT-028,S-IOMT-028-682,EHR_WRITE,EP-IND-06664
NET-06665,2026-01-01 15:59:57+00:00,0,IOMT-043,S-IOMT-043-683,RESEARCH,EP-IND-06665
NET-06666,2026-01-01 16:00:07+00:00,0,IOMT-003,S-IOMT-003-684,LAB_RESULTS,EP-IND-06666
NET-06667,2026-01-01 16:00:09+00:00,0,IOMT-020,S-IOMT-020-685,RESEARCH,EP-IND-06667
NET-06668,2026-01-01 16:00:14+00:00,0,IOMT-045,S-IOMT-045-686,RESEARCH,EP-IND-06668
NET-06669,2026-01-01 16:00:17+00:00,0,IOMT-016,S-IOMT-016-687,EHR_WRITE,EP-IND-06669
NET-06670,2026-01-01 16:00:54+00:00,0,IOMT-047,S-IOMT-047-688,IMAGING,EP-IND-06670
NET-06671,2026-01-01 16:00:55+00:00,0,IOMT-001,S-IOMT-001-689,EHR_READ,EP-IND-06671
NET-06672,2026-01-01 16:00:56+00:00,0,IOMT-032,S-IOMT-032-690,RESEARCH,EP-IND-06672
NET-06673,2026-01-01 16:00:59+00:00,0,IOMT-014,S-IOMT-014-691,LAB_RESULTS,EP-IND-06673
NET-06674,2026-01-01 16:00:59+00:00,0,IOMT-010,S-IOMT-010-692,EHR_READ,EP-IND-06674
NET-06675,2026-01-01 16:01:00+00:00,0,IOMT-039,S-IOMT-039-693,IMAGING,EP-IND-06675
NET-06676,2026-01-01 16:01:11+00:00,0,IOMT-008,S-IOMT-008-694,IMAGING,EP-IND-06676
NET-06677,2026-01-01 16:01:17+00:00,0,IOMT-009,S-IOMT-009-695,EHR_READ,EP-IND-06677
NET-06678,2026-01-01 16:01:18+00:00,0,IOMT-033,S-IOMT-033-696,LAB_RESULTS,EP-IND-06678
NET-06679,2026-01-01 16:01:32+00:00,0,IOMT-008,S-IOMT-008-697,IMAGING,EP-IND-06679
NET-06680,2026-01-01 16:01:46+00:00,0,IOMT-038,S-IOMT-038-698,RESEARCH,EP-IND-06680
NET-06681,2026-01-01 16:01:46+00:00,0,IOMT-047,S-IOMT-047-699,LAB_RESULTS,EP-IND-06681
NET-06682,2026-01-01 16:01:54+00:00,0,IOMT-018,S-IOMT-018-700,LAB_RESULTS,EP-IND-06682
NET-06683,2026-01-01 16:02:02+00:00,0,IOMT-012,S-IOMT-012-701,EHR_WRITE,EP-IND-06683
NET-06684,2026-01-01 16:02:08+00:00,0,IOMT-002,S-IOMT-002-702,EHR_WRITE,EP-IND-06684
NET-06685,2026-01-01 16:02:16+00:00,0,IOMT-049,S-IOMT-049-703,LAB_RESULTS,EP-IND-06685
NET-06686,2026-01-01 16:02:22+00:00,0,IOMT-038,S-IOMT-038-704,IMAGING,EP-IND-06686
NET-06687,2026-01-01 16:02:28+00:00,0,IOMT-019,S-IOMT-019-705,LAB_RESULTS,EP-IND-06687
NET-06688,2026-01-01 16:02:45+00:00,0,IOMT-045,S-IOMT-045-706,EHR_WRITE,EP-IND-06688
NET-06689,2026-01-01 16:02:52+00:00,0,IOMT-037,S-IOMT-037-707,EHR_READ,EP-IND-06689
NET-06690,2026-01-01 16:02:58+00:00,0,IOMT-019,S-IOMT-019-708,EHR_WRITE,EP-IND-06690
NET-06691,2026-01-01 16:03:08+00:00,0,IOMT-034,S-IOMT-034-709,EHR_WRITE,EP-IND-06691
NET-06692,2026-01-01 16:03:09+00:00,0,IOMT-008,S-IOMT-008-710,EHR_READ,EP-IND-06692
NET-06693,2026-01-01 16:03:24+00:00,0,IOMT-041,S-IOMT-041-711,EHR_READ,EP-IND-06693
NET-06694,2026-01-01 16:03:29+00:00,0,IOMT-047,S-IOMT-047-712,IMAGING,EP-IND-06694
NET-06695,2026-01-01 16:03:31+00:00,0,IOMT-023,S-IOMT-023-713,EHR_WRITE,EP-IND-06695
NET-06696,2026-01-01 16:03:33+00:00,0,IOMT-007,S-IOMT-007-714,EHR_WRITE,EP-IND-06696
NET-06697,2026-01-01 16:03:45+00:00,0,IOMT-016,S-IOMT-016-715,EHR_READ,EP-IND-06697
NET-06698,2026-01-01 16:03:47+00:00,0,IOMT-003,S-IOMT-003-716,IMAGING,EP-IND-06698
NET-06699,2026-01-01 16:03:52+00:00,0,IOMT-023,S-IOMT-023-717,IMAGING,EP-IND-06699
NET-06700,2026-01-01 16:04:04+00:00,0,IOMT-045,S-IOMT-045-718,EHR_READ,EP-IND-06700
NET-06701,2026-01-01 16:04:10+00:00,0,IOMT-002,S-IOMT-002-719,EHR_READ,EP-IND-06701
NET-06702,2026-01-01 16:04:16+00:00,0,IOMT-049,S-IOMT-049-720,EHR_WRITE,EP-IND-06702
NET-06703,2026-01-01 16:05:43+00:00,1,IOMT-023,S-IOMT-023-721,LAB_RESULTS,EP-IND-06703
NET-06704,2026-01-01 16:05:47+00:00,0,IOMT-033,S-IOMT-033-722,EHR_WRITE,EP-IND-06704
NET-06705,2026-01-01 16:06:10+00:00,0,IOMT-026,S-IOMT-026-723,LAB_RESULTS,EP-IND-06705
NET-06706,2026-01-01 16:06:11+00:00,0,IOMT-023,S-IOMT-023-724,EHR_READ,EP-IND-06706
NET-06707,2026-01-01 16:06:25+00:00,0,IOMT-041,S-IOMT-041-725,EHR_WRITE,EP-IND-06707
NET-06708,2026-01-01 16:06:26+00:00,0,IOMT-004,S-IOMT-004-726,EHR_WRITE,EP-IND-06708
NET-06709,2026-01-01 16:06:27+00:00,0,IOMT-003,S-IOMT-003-727,RESEARCH,EP-IND-06709
NET-06710,2026-01-01 16:06:30+00:00,0,IOMT-022,S-IOMT-022-728,EHR_READ,EP-IND-06710
NET-06711,2026-01-01 16:06:39+00:00,0,IOMT-019,S-IOMT-019-729,LAB_RESULTS,EP-IND-06711
NET-06712,2026-01-01 16:06:44+00:00,0,IOMT-010,S-IOMT-010-730,EHR_READ,EP-IND-06712
NET-06713,2026-01-01 16:06:44+00:00,0,IOMT-025,S-IOMT-025-731,IMAGING,EP-IND-06713
NET-06714,2026-01-01 16:06:48+00:00,0,IOMT-029,S-IOMT-029-732,IMAGING,EP-IND-06714
NET-06715,2026-01-01 16:06:54+00:00,0,IOMT-005,S-IOMT-005-733,LAB_RESULTS,EP-IND-06715
NET-06716,2026-01-01 16:06:56+00:00,0,IOMT-036,S-IOMT-036-734,LAB_RESULTS,EP-IND-06716
NET-06717,2026-01-01 16:07:51+00:00,0,IOMT-039,S-IOMT-039-735,LAB_RESULTS,EP-IND-06717
NET-06718,2026-01-01 16:08:02+00:00,0,IOMT-031,S-IOMT-031-736,LAB_RESULTS,EP-IND-06718
NET-06719,2026-01-01 16:08:05+00:00,0,IOMT-037,S-IOMT-037-737,RESEARCH,EP-IND-06719
NET-06720,2026-01-01 16:08:14+00:00,0,IOMT-029,S-IOMT-029-738,LAB_RESULTS,EP-IND-06720
NET-06721,2026-01-01 16:08:22+00:00,0,IOMT-047,S-IOMT-047-739,IMAGING,EP-IND-06721
NET-06722,2026-01-01 16:08:26+00:00,0,IOMT-025,S-IOMT-025-740,EHR_READ,EP-IND-06722
NET-06723,2026-01-01 16:08:42+00:00,0,IOMT-018,S-IOMT-018-741,EHR_READ,EP-IND-06723
NET-06724,2026-01-01 16:08:43+00:00,0,IOMT-022,S-IOMT-022-742,EHR_READ,EP-IND-06724
NET-06725,2026-01-01 16:08:48+00:00,0,IOMT-039,S-IOMT-039-743,EHR_READ,EP-IND-06725
NET-06726,2026-01-01 16:08:49+00:00,0,IOMT-030,S-IOMT-030-744,RESEARCH,EP-IND-06726
NET-06727,2026-01-01 16:08:52+00:00,0,IOMT-015,S-IOMT-015-745,LAB_RESULTS,EP-IND-06727
NET-06728,2026-01-01 16:09:13+00:00,0,IOMT-005,S-IOMT-005-746,RESEARCH,EP-IND-06728
NET-06729,2026-01-01 16:09:18+00:00,0,IOMT-041,S-IOMT-041-747,RESEARCH,EP-IND-06729
NET-06730,2026-01-01 16:09:27+00:00,0,IOMT-039,S-IOMT-039-748,RESEARCH,EP-IND-06730
NET-06731,2026-01-01 16:09:29+00:00,0,IOMT-037,S-IOMT-037-749,IMAGING,EP-IND-06731
NET-06732,2026-01-01 16:09:31+00:00,0,IOMT-039,S-IOMT-039-750,EHR_READ,EP-IND-06732
NET-06733,2026-01-01 16:09:32+00:00,0,IOMT-015,S-IOMT-015-751,EHR_READ,EP-IND-06733
NET-06734,2026-01-01 16:09:39+00:00,1,IOMT-015,S-IOMT-015-752,EHR_WRITE,EP-IND-06734
NET-06735,2026-01-01 16:09:46+00:00,0,IOMT-044,S-IOMT-044-753,RESEARCH,EP-IND-06735
NET-06736,2026-01-01 16:10:08+00:00,0,IOMT-029,S-IOMT-029-754,LAB_RESULTS,EP-IND-06736
NET-06737,2026-01-01 16:10:31+00:00,0,IOMT-017,S-IOMT-017-755,EHR_READ,EP-IND-06737
NET-06738,2026-01-01 16:10:34+00:00,0,IOMT-033,S-IOMT-033-756,RESEARCH,EP-IND-06738
NET-06739,2026-01-01 16:10:38+00:00,0,IOMT-016,S-IOMT-016-757,IMAGING,EP-IND-06739
NET-06740,2026-01-01 16:10:40+00:00,0,IOMT-018,S-IOMT-018-758,EHR_WRITE,EP-IND-06740
NET-06741,2026-01-01 16:11:09+00:00,0,IOMT-021,S-IOMT-021-759,IMAGING,EP-IND-06741
NET-06742,2026-01-01 16:11:22+00:00,0,IOMT-035,S-IOMT-035-760,IMAGING,EP-IND-06742
NET-06743,2026-01-01 16:11:26+00:00,0,IOMT-024,S-IOMT-024-761,RESEARCH,EP-IND-06743
NET-06744,2026-01-01 16:11:31+00:00,0,IOMT-021,S-IOMT-021-762,EHR_READ,EP-IND-06744
NET-06745,2026-01-01 16:11:51+00:00,0,IOMT-044,S-IOMT-044-763,RESEARCH,EP-IND-06745
NET-06746,2026-01-01 16:11:57+00:00,0,IOMT-023,S-IOMT-023-764,IMAGING,EP-IND-06746
NET-06747,2026-01-01 16:11:59+00:00,0,IOMT-020,S-IOMT-020-765,EHR_WRITE,EP-IND-06747
NET-06748,2026-01-01 16:12:12+00:00,0,IOMT-047,S-IOMT-047-766,IMAGING,EP-IND-06748
NET-06749,2026-01-01 16:12:28+00:00,0,IOMT-018,S-IOMT-018-767,RESEARCH,EP-IND-06749
NET-06750,2026-01-01 16:12:30+00:00,1,IOMT-032,S-IOMT-032-768,RESEARCH,EP-IND-06750
NET-06751,2026-01-01 16:12:31+00:00,0,IOMT-041,S-IOMT-041-769,EHR_READ,EP-IND-06751
NET-06752,2026-01-01 16:12:39+00:00,0,IOMT-017,S-IOMT-017-770,EHR_WRITE,EP-IND-06752
NET-06753,2026-01-01 16:12:46+00:00,0,IOMT-044,S-IOMT-044-771,LAB_RESULTS,EP-IND-06753
NET-06754,2026-01-01 16:12:51+00:00,0,IOMT-006,S-IOMT-006-772,EHR_READ,EP-IND-06754
NET-06755,2026-01-01 16:12:52+00:00,0,IOMT-002,S-IOMT-002-773,LAB_RESULTS,EP-IND-06755
NET-06756,2026-01-01 16:13:06+00:00,0,IOMT-004,S-IOMT-004-774,EHR_WRITE,EP-IND-06756
NET-06757,2026-01-01 16:13:08+00:00,0,IOMT-042,S-IOMT-042-775,EHR_READ,EP-IND-06757
NET-06758,2026-01-01 16:13:12+00:00,0,IOMT-005,S-IOMT-005-776,EHR_READ,EP-IND-06758
NET-06759,2026-01-01 16:14:05+00:00,0,IOMT-042,S-IOMT-042-777,RESEARCH,EP-IND-06759
NET-06760,2026-01-01 16:14:09+00:00,0,IOMT-023,S-IOMT-023-778,RESEARCH,EP-IND-06760
NET-06761,2026-01-01 16:14:20+00:00,0,IOMT-019,S-IOMT-019-779,RESEARCH,EP-IND-06761
NET-06762,2026-01-01 16:14:20+00:00,0,IOMT-021,S-IOMT-021-780,LAB_RESULTS,EP-IND-06762
NET-06763,2026-01-01 16:15:00+00:00,1,IOMT-036,S-IOMT-036-781,IMAGING,EP-IND-06763
NET-06764,2026-01-01 16:15:07+00:00,0,IOMT-033,S-IOMT-033-782,IMAGING,EP-IND-06764
NET-06765,2026-01-01 16:15:15+00:00,1,IOMT-037,S-IOMT-037-783,EHR_WRITE,EP-IND-06765
NET-06766,2026-01-01 16:15:25+00:00,0,IOMT-008,S-IOMT-008-784,EHR_WRITE,EP-IND-06766
NET-06767,2026-01-01 16:15:25+00:00,0,IOMT-014,S-IOMT-014-785,IMAGING,EP-IND-06767
NET-06768,2026-01-01 16:15:27+00:00,0,IOMT-022,S-IOMT-022-786,EHR_WRITE,EP-IND-06768
NET-06769,2026-01-01 16:15:36+00:00,0,IOMT-008,S-IOMT-008-787,LAB_RESULTS,EP-IND-06769
NET-06770,2026-01-01 16:15:49+00:00,0,IOMT-028,S-IOMT-028-788,IMAGING,EP-IND-06770
NET-06771,2026-01-01 16:16:02+00:00,0,IOMT-046,S-IOMT-046-789,LAB_RESULTS,EP-IND-06771
NET-06772,2026-01-01 16:16:18+00:00,0,IOMT-014,S-IOMT-014-790,RESEARCH,EP-IND-06772
NET-06773,2026-01-01 16:16:24+00:00,0,IOMT-006,S-IOMT-006-791,EHR_WRITE,EP-IND-06773
NET-06774,2026-01-01 16:16:45+00:00,0,IOMT-038,S-IOMT-038-792,LAB_RESULTS,EP-IND-06774
NET-06775,2026-01-01 16:16:52+00:00,0,IOMT-045,S-IOMT-045-793,EHR_READ,EP-IND-06775
NET-06776,2026-01-01 16:17:00+00:00,0,IOMT-007,S-IOMT-007-794,EHR_WRITE,EP-IND-06776
NET-06777,2026-01-01 16:17:18+00:00,0,IOMT-001,S-IOMT-001-795,EHR_WRITE,EP-IND-06777
NET-06778,2026-01-01 16:17:23+00:00,0,IOMT-045,S-IOMT-045-796,LAB_RESULTS,EP-IND-06778
NET-06779,2026-01-01 16:17:27+00:00,0,IOMT-020,S-IOMT-020-797,RESEARCH,EP-IND-06779
NET-06780,2026-01-01 16:17:32+00:00,0,IOMT-033,S-IOMT-033-798,EHR_READ,EP-IND-06780
NET-06781,2026-01-01 16:17:35+00:00,0,IOMT-037,S-IOMT-037-799,LAB_RESULTS,EP-IND-06781
NET-06782,2026-01-01 16:17:36+00:00,0,IOMT-032,S-IOMT-032-800,RESEARCH,EP-IND-06782
NET-06783,2026-01-01 16:17:45+00:00,0,IOMT-028,S-IOMT-028-801,RESEARCH,EP-IND-06783
NET-06784,2026-01-01 16:17:48+00:00,0,IOMT-002,S-IOMT-002-802,RESEARCH,EP-IND-06784
NET-06785,2026-01-01 16:17:59+00:00,0,IOMT-027,S-IOMT-027-803,RESEARCH,EP-IND-06785
NET-06786,2026-01-01 16:18:20+00:00,0,IOMT-037,S-IOMT-037-804,EHR_READ,EP-IND-06786
NET-06787,2026-01-01 16:18:33+00:00,0,IOMT-041,S-IOMT-041-805,RESEARCH,EP-IND-06787
NET-06788,2026-01-01 16:18:35+00:00,0,IOMT-041,S-IOMT-041-806,IMAGING,EP-IND-06788
NET-06789,2026-01-01 16:18:38+00:00,0,IOMT-006,S-IOMT-006-807,EHR_READ,EP-IND-06789
NET-06790,2026-01-01 16:18:43+00:00,0,IOMT-001,S-IOMT-001-808,EHR_WRITE,EP-IND-06790
NET-06791,2026-01-01 16:18:48+00:00,0,IOMT-033,S-IOMT-033-809,RESEARCH,EP-IND-06791
NET-06792,2026-01-01 16:18:49+00:00,0,IOMT-036,S-IOMT-036-810,EHR_WRITE,EP-IND-06792
NET-06793,2026-01-01 16:19:01+00:00,0,IOMT-006,S-IOMT-006-811,IMAGING,EP-IND-06793
NET-06794,2026-01-01 16:19:13+00:00,0,IOMT-044,S-IOMT-044-812,IMAGING,EP-IND-06794
NET-06795,2026-01-01 16:19:19+00:00,0,IOMT-002,S-IOMT-002-813,EHR_WRITE,EP-IND-06795
NET-06796,2026-01-01 16:19:21+00:00,0,IOMT-008,S-IOMT-008-814,IMAGING,EP-IND-06796
NET-06797,2026-01-01 16:19:30+00:00,0,IOMT-040,S-IOMT-040-815,EHR_WRITE,EP-IND-06797
NET-06798,2026-01-01 16:19:50+00:00,0,IOMT-013,S-IOMT-013-816,EHR_READ,EP-IND-06798
NET-06799,2026-01-01 16:19:53+00:00,0,IOMT-031,S-IOMT-031-817,IMAGING,EP-IND-06799
NET-06800,2026-01-01 16:20:16+00:00,0,IOMT-002,S-IOMT-002-818,IMAGING,EP-IND-06800
NET-06801,2026-01-01 16:20:16+00:00,0,IOMT-031,S-IOMT-031-819,RESEARCH,EP-IND-06801
NET-06802,2026-01-01 16:20:20+00:00,0,IOMT-029,S-IOMT-029-820,LAB_RESULTS,EP-IND-06802
NET-06803,2026-01-01 16:20:46+00:00,0,IOMT-028,S-IOMT-028-821,EHR_WRITE,EP-IND-06803
NET-06804,2026-01-01 16:20:50+00:00,0,IOMT-040,S-IOMT-040-822,RESEARCH,EP-IND-06804
NET-06805,2026-01-01 16:20:53+00:00,0,IOMT-039,S-IOMT-039-823,EHR_WRITE,EP-IND-06805
NET-06806,2026-01-01 16:21:20+00:00,0,IOMT-036,S-IOMT-036-824,RESEARCH,EP-IND-06806
NET-06807,2026-01-01 16:21:22+00:00,0,IOMT-035,S-IOMT-035-825,RESEARCH,EP-IND-06807
NET-06808,2026-01-01 16:21:22+00:00,0,IOMT-022,S-IOMT-022-826,EHR_READ,EP-IND-06808
NET-06809,2026-01-01 16:21:29+00:00,0,IOMT-009,S-IOMT-009-827,EHR_WRITE,EP-IND-06809
NET-06810,2026-01-01 16:21:41+00:00,0,IOMT-043,S-IOMT-043-828,EHR_WRITE,EP-IND-06810
NET-06811,2026-01-01 16:21:46+00:00,0,IOMT-046,S-IOMT-046-829,LAB_RESULTS,EP-IND-06811
NET-06812,2026-01-01 16:21:50+00:00,0,IOMT-008,S-IOMT-008-830,EHR_READ,EP-IND-06812
NET-06813,2026-01-01 16:21:54+00:00,0,IOMT-032,S-IOMT-032-831,IMAGING,EP-IND-06813
NET-06814,2026-01-01 16:21:55+00:00,0,IOMT-007,S-IOMT-007-832,EHR_READ,EP-IND-06814
NET-06815,2026-01-01 16:21:56+00:00,0,IOMT-035,S-IOMT-035-833,RESEARCH,EP-IND-06815
NET-06816,2026-01-01 16:21:59+00:00,0,IOMT-003,S-IOMT-003-834,EHR_READ,EP-IND-06816
NET-06817,2026-01-01 16:22:10+00:00,0,IOMT-026,S-IOMT-026-835,IMAGING,EP-IND-06817
NET-06818,2026-01-01 16:22:13+00:00,0,IOMT-049,S-IOMT-049-836,EHR_WRITE,EP-IND-06818
NET-06819,2026-01-01 16:22:34+00:00,0,IOMT-019,S-IOMT-019-837,EHR_READ,EP-IND-06819
NET-06820,2026-01-01 16:22:43+00:00,0,IOMT-033,S-IOMT-033-838,RESEARCH,EP-IND-06820
NET-06821,2026-01-01 16:22:44+00:00,0,IOMT-041,S-IOMT-041-839,EHR_READ,EP-IND-06821
NET-06822,2026-01-01 16:22:48+00:00,0,IOMT-011,S-IOMT-011-840,IMAGING,EP-IND-06822
NET-06823,2026-01-01 16:22:53+00:00,0,IOMT-049,S-IOMT-049-841,IMAGING,EP-IND-06823
NET-06824,2026-01-01 16:23:03+00:00,0,IOMT-015,S-IOMT-015-842,LAB_RESULTS,EP-IND-06824
NET-06825,2026-01-01 16:23:03+00:00,0,IOMT-024,S-IOMT-024-843,IMAGING,EP-IND-06825
NET-06826,2026-01-01 16:23:31+00:00,0,IOMT-011,S-IOMT-011-844,RESEARCH,EP-IND-06826
NET-06827,2026-01-01 16:23:44+00:00,1,IOMT-020,S-IOMT-020-845,IMAGING,EP-IND-06827
NET-06828,2026-01-01 16:23:53+00:00,0,IOMT-045,S-IOMT-045-846,EHR_WRITE,EP-IND-06828
NET-06829,2026-01-01 16:23:59+00:00,0,IOMT-046,S-IOMT-046-847,RESEARCH,EP-IND-06829
NET-06830,2026-01-01 16:24:07+00:00,0,IOMT-000,S-IOMT-000-848,LAB_RESULTS,EP-IND-06830
NET-06831,2026-01-01 16:24:08+00:00,0,IOMT-021,S-IOMT-021-849,IMAGING,EP-IND-06831
NET-06832,2026-01-01 16:24:08+00:00,0,IOMT-030,S-IOMT-030-850,EHR_WRITE,EP-IND-06832
NET-06833,2026-01-01 16:24:17+00:00,0,IOMT-013,S-IOMT-013-851,EHR_WRITE,EP-IND-06833
NET-06834,2026-01-01 16:24:19+00:00,0,IOMT-017,S-IOMT-017-852,EHR_WRITE,EP-IND-06834
NET-06835,2026-01-01 16:24:27+00:00,0,IOMT-032,S-IOMT-032-853,EHR_WRITE,EP-IND-06835
NET-06836,2026-01-01 16:24:29+00:00,0,IOMT-039,S-IOMT-039-854,EHR_READ,EP-IND-06836
NET-06837,2026-01-01 16:24:37+00:00,0,IOMT-004,S-IOMT-004-855,IMAGING,EP-IND-06837
NET-06838,2026-01-01 16:24:40+00:00,1,IOMT-006,S-IOMT-006-856,EHR_READ,EP-IND-06838
NET-06839,2026-01-01 16:25:00+00:00,0,IOMT-004,S-IOMT-004-857,EHR_WRITE,EP-IND-06839
NET-06840,2026-01-01 16:25:31+00:00,0,IOMT-048,S-IOMT-048-858,IMAGING,EP-IND-06840
NET-06841,2026-01-01 16:25:52+00:00,0,IOMT-001,S-IOMT-001-859,EHR_WRITE,EP-IND-06841
NET-06842,2026-01-01 16:25:55+00:00,0,IOMT-019,S-IOMT-019-860,IMAGING,EP-IND-06842
NET-06843,2026-01-01 16:26:01+00:00,0,IOMT-023,S-IOMT-023-861,IMAGING,EP-IND-06843
NET-06844,2026-01-01 16:26:20+00:00,0,IOMT-007,S-IOMT-007-862,RESEARCH,EP-IND-06844
NET-06845,2026-01-01 16:26:32+00:00,0,IOMT-012,S-IOMT-012-863,IMAGING,EP-IND-06845
NET-06846,2026-01-01 16:26:42+00:00,0,IOMT-045,S-IOMT-045-864,RESEARCH,EP-IND-06846
NET-06847,2026-01-01 16:26:47+00:00,0,IOMT-035,S-IOMT-035-865,LAB_RESULTS,EP-IND-06847
NET-06848,2026-01-01 16:26:50+00:00,0,IOMT-041,S-IOMT-041-866,EHR_READ,EP-IND-06848
NET-06849,2026-01-01 16:26:51+00:00,0,IOMT-004,S-IOMT-004-867,EHR_WRITE,EP-IND-06849
NET-06850,2026-01-01 16:27:21+00:00,0,IOMT-017,S-IOMT-017-868,LAB_RESULTS,EP-IND-06850
NET-06851,2026-01-01 16:27:28+00:00,0,IOMT-044,S-IOMT-044-869,IMAGING,EP-IND-06851
NET-06852,2026-01-01 16:27:29+00:00,0,IOMT-017,S-IOMT-017-870,LAB_RESULTS,EP-IND-06852
NET-06853,2026-01-01 16:27:34+00:00,0,IOMT-004,S-IOMT-004-871,LAB_RESULTS,EP-IND-06853
NET-06854,2026-01-01 16:27:38+00:00,0,IOMT-000,S-IOMT-000-872,LAB_RESULTS,EP-IND-06854
NET-06855,2026-01-01 16:27:49+00:00,0,IOMT-002,S-IOMT-002-873,EHR_READ,EP-IND-06855
NET-06856,2026-01-01 16:27:50+00:00,0,IOMT-044,S-IOMT-044-874,RESEARCH,EP-IND-06856
NET-06857,2026-01-01 16:28:04+00:00,0,IOMT-049,S-IOMT-049-875,LAB_RESULTS,EP-IND-06857
NET-06858,2026-01-01 16:28:10+00:00,0,IOMT-008,S-IOMT-008-876,LAB_RESULTS,EP-IND-06858
NET-06859,2026-01-01 16:28:11+00:00,0,IOMT-042,S-IOMT-042-877,IMAGING,EP-IND-06859
NET-06860,2026-01-01 16:28:29+00:00,0,IOMT-040,S-IOMT-040-878,IMAGING,EP-IND-06860
NET-06861,2026-01-01 16:28:39+00:00,0,IOMT-040,S-IOMT-040-879,RESEARCH,EP-IND-06861
NET-06862,2026-01-01 16:28:43+00:00,0,IOMT-018,S-IOMT-018-880,IMAGING,EP-IND-06862
NET-06863,2026-01-01 16:28:56+00:00,0,IOMT-016,S-IOMT-016-881,EHR_WRITE,EP-IND-06863
NET-06864,2026-01-01 16:29:09+00:00,0,IOMT-044,S-IOMT-044-882,EHR_WRITE,EP-IND-06864
NET-06865,2026-01-01 16:29:19+00:00,1,IOMT-012,S-IOMT-012-883,IMAGING,EP-IND-06865
NET-06866,2026-01-01 16:29:20+00:00,0,IOMT-040,S-IOMT-040-884,EHR_READ,EP-IND-06866
NET-06867,2026-01-01 16:29:38+00:00,0,IOMT-028,S-IOMT-028-885,RESEARCH,EP-IND-06867
NET-06868,2026-01-01 16:29:46+00:00,0,IOMT-040,S-IOMT-040-886,EHR_WRITE,EP-IND-06868
NET-06869,2026-01-01 16:29:53+00:00,0,IOMT-017,S-IOMT-017-887,IMAGING,EP-IND-06869
NET-06870,2026-01-01 16:29:56+00:00,0,IOMT-007,S-IOMT-007-888,RESEARCH,EP-IND-06870
NET-06871,2026-01-01 16:30:16+00:00,0,IOMT-028,S-IOMT-028-889,EHR_WRITE,EP-IND-06871
NET-06872,2026-01-01 16:30:32+00:00,0,IOMT-019,S-IOMT-019-890,EHR_READ,EP-IND-06872
NET-06873,2026-01-01 16:30:39+00:00,0,IOMT-026,S-IOMT-026-891,EHR_READ,EP-IND-06873
NET-06874,2026-01-01 16:30:46+00:00,0,IOMT-022,S-IOMT-022-892,RESEARCH,EP-IND-06874
NET-06875,2026-01-01 16:30:46+00:00,1,IOMT-011,S-IOMT-011-893,LAB_RESULTS,EP-IND-06875
NET-06876,2026-01-01 16:30:52+00:00,0,IOMT-006,S-IOMT-006-894,LAB_RESULTS,EP-IND-06876
NET-06877,2026-01-01 16:30:55+00:00,1,IOMT-005,S-IOMT-005-895,EHR_WRITE,EP-IND-06877
NET-06878,2026-01-01 16:30:57+00:00,0,IOMT-022,S-IOMT-022-896,EHR_READ,EP-IND-06878
NET-06879,2026-01-01 16:30:58+00:00,0,IOMT-007,S-IOMT-007-897,IMAGING,EP-IND-06879
NET-06880,2026-01-01 16:31:00+00:00,0,IOMT-012,S-IOMT-012-898,LAB_RESULTS,EP-IND-06880
NET-06881,2026-01-01 16:31:13+00:00,0,IOMT-034,S-IOMT-034-899,LAB_RESULTS,EP-IND-06881
NET-06882,2026-01-01 16:31:17+00:00,0,IOMT-037,S-IOMT-037-900,IMAGING,EP-IND-06882
NET-06883,2026-01-01 16:31:21+00:00,0,IOMT-009,S-IOMT-009-901,EHR_WRITE,EP-IND-06883
NET-06884,2026-01-01 16:31:38+00:00,0,IOMT-021,S-IOMT-021-902,IMAGING,EP-IND-06884
NET-06885,2026-01-01 16:31:38+00:00,0,IOMT-036,S-IOMT-036-903,RESEARCH,EP-IND-06885
NET-06886,2026-01-01 16:31:41+00:00,0,IOMT-025,S-IOMT-025-904,IMAGING,EP-IND-06886
NET-06887,2026-01-01 16:31:42+00:00,0,IOMT-005,S-IOMT-005-905,LAB_RESULTS,EP-IND-06887
NET-06888,2026-01-01 16:31:42+00:00,0,IOMT-013,S-IOMT-013-906,EHR_READ,EP-IND-06888
NET-06889,2026-01-01 16:31:54+00:00,0,IOMT-019,S-IOMT-019-907,IMAGING,EP-IND-06889
NET-06890,2026-01-01 16:31:56+00:00,0,IOMT-036,S-IOMT-036-908,RESEARCH,EP-IND-06890
NET-06891,2026-01-01 16:32:02+00:00,0,IOMT-005,S-IOMT-005-909,LAB_RESULTS,EP-IND-06891
NET-06892,2026-01-01 16:32:11+00:00,0,IOMT-021,S-IOMT-021-910,EHR_READ,EP-IND-06892
NET-06893,2026-01-01 16:32:16+00:00,0,IOMT-032,S-IOMT-032-911,LAB_RESULTS,EP-IND-06893
NET-06894,2026-01-01 16:32:25+00:00,0,IOMT-003,S-IOMT-003-912,RESEARCH,EP-IND-06894
NET-06895,2026-01-01 16:32:30+00:00,0,IOMT-000,S-IOMT-000-913,RESEARCH,EP-IND-06895
NET-06896,2026-01-01 16:32:36+00:00,0,IOMT-035,S-IOMT-035-914,LAB_RESULTS,EP-IND-06896
NET-06897,2026-01-01 16:32:38+00:00,0,IOMT-011,S-IOMT-011-915,IMAGING,EP-IND-06897
NET-06898,2026-01-01 16:32:38+00:00,0,IOMT-043,S-IOMT-043-916,IMAGING,EP-IND-06898
NET-06899,2026-01-01 16:32:40+00:00,0,IOMT-024,S-IOMT-024-917,IMAGING,EP-IND-06899
NET-06900,2026-01-01 16:32:43+00:00,0,IOMT-036,S-IOMT-036-918,LAB_RESULTS,EP-IND-06900
NET-06901,2026-01-01 16:32:59+00:00,0,IOMT-023,S-IOMT-023-919,RESEARCH,EP-IND-06901
NET-06902,2026-01-01 16:33:01+00:00,0,IOMT-019,S-IOMT-019-920,EHR_WRITE,EP-IND-06902
NET-06903,2026-01-01 16:33:07+00:00,0,IOMT-048,S-IOMT-048-921,IMAGING,EP-IND-06903
NET-06904,2026-01-01 16:33:17+00:00,0,IOMT-004,S-IOMT-004-922,RESEARCH,EP-IND-06904
NET-06905,2026-01-01 16:33:20+00:00,0,IOMT-039,S-IOMT-039-923,IMAGING,EP-IND-06905
NET-06906,2026-01-01 16:33:23+00:00,0,IOMT-039,S-IOMT-039-924,IMAGING,EP-IND-06906
NET-06907,2026-01-01 16:33:24+00:00,1,IOMT-034,S-IOMT-034-925,IMAGING,EP-IND-06907
NET-06908,2026-01-01 16:33:36+00:00,0,IOMT-015,S-IOMT-015-926,EHR_WRITE,EP-IND-06908
NET-06909,2026-01-01 16:33:38+00:00,1,IOMT-033,S-IOMT-033-927,EHR_READ,EP-IND-06909
NET-06910,2026-01-01 16:33:55+00:00,0,IOMT-017,S-IOMT-017-928,EHR_READ,EP-IND-06910
NET-06911,2026-01-01 16:33:58+00:00,0,IOMT-001,S-IOMT-001-929,EHR_READ,EP-IND-06911
NET-06912,2026-01-01 16:34:02+00:00,0,IOMT-001,S-IOMT-001-930,EHR_WRITE,EP-IND-06912
NET-06913,2026-01-01 16:34:08+00:00,0,IOMT-015,S-IOMT-015-931,EHR_WRITE,EP-IND-06913
NET-06914,2026-01-01 16:34:09+00:00,0,IOMT-014,S-IOMT-014-932,IMAGING,EP-IND-06914
NET-06915,2026-01-01 16:34:11+00:00,0,IOMT-033,S-IOMT-033-933,RESEARCH,EP-IND-06915
NET-06916,2026-01-01 16:34:18+00:00,1,IOMT-044,S-IOMT-044-934,EHR_READ,EP-IND-06916
NET-06917,2026-01-01 16:34:24+00:00,0,IOMT-020,S-IOMT-020-935,RESEARCH,EP-IND-06917
NET-06918,2026-01-01 16:34:38+00:00,0,IOMT-008,S-IOMT-008-936,EHR_READ,EP-IND-06918
NET-06919,2026-01-01 16:34:38+00:00,0,IOMT-045,S-IOMT-045-937,RESEARCH,EP-IND-06919
NET-06920,2026-01-01 16:34:47+00:00,0,IOMT-014,S-IOMT-014-938,RESEARCH,EP-IND-06920
NET-06921,2026-01-01 16:35:20+00:00,0,IOMT-037,S-IOMT-037-939,EHR_WRITE,EP-IND-06921
NET-06922,2026-01-01 16:35:31+00:00,0,IOMT-010,S-IOMT-010-940,EHR_WRITE,EP-IND-06922
NET-06923,2026-01-01 16:35:36+00:00,0,IOMT-037,S-IOMT-037-941,RESEARCH,EP-IND-06923
NET-06924,2026-01-01 16:35:45+00:00,0,IOMT-002,S-IOMT-002-942,IMAGING,EP-IND-06924
NET-06925,2026-01-01 16:35:48+00:00,0,IOMT-038,S-IOMT-038-943,EHR_READ,EP-IND-06925
NET-06926,2026-01-01 16:36:00+00:00,1,IOMT-026,S-IOMT-026-944,EHR_WRITE,EP-IND-06926
NET-06927,2026-01-01 16:36:06+00:00,0,IOMT-012,S-IOMT-012-945,EHR_READ,EP-IND-06927
NET-06928,2026-01-01 16:36:12+00:00,0,IOMT-033,S-IOMT-033-946,RESEARCH,EP-IND-06928
NET-06929,2026-01-01 16:36:17+00:00,0,IOMT-024,S-IOMT-024-947,RESEARCH,EP-IND-06929
NET-06930,2026-01-01 16:36:19+00:00,0,IOMT-022,S-IOMT-022-948,RESEARCH,EP-IND-06930
NET-06931,2026-01-01 16:36:23+00:00,0,IOMT-025,S-IOMT-025-949,EHR_READ,EP-IND-06931
NET-06932,2026-01-01 16:36:25+00:00,0,IOMT-024,S-IOMT-024-950,EHR_READ,EP-IND-06932
NET-06933,2026-01-01 16:36:40+00:00,0,IOMT-024,S-IOMT-024-951,IMAGING,EP-IND-06933
NET-06934,2026-01-01 16:36:41+00:00,0,IOMT-045,S-IOMT-045-952,RESEARCH,EP-IND-06934
NET-06935,2026-01-01 16:37:14+00:00,0,IOMT-014,S-IOMT-014-953,EHR_WRITE,EP-IND-06935
NET-06936,2026-01-01 16:37:15+00:00,0,IOMT-034,S-IOMT-034-954,EHR_WRITE,EP-IND-06936
NET-06937,2026-01-01 16:37:27+00:00,0,IOMT-002,S-IOMT-002-955,EHR_READ,EP-IND-06937
NET-06938,2026-01-01 16:37:28+00:00,0,IOMT-045,S-IOMT-045-956,EHR_WRITE,EP-IND-06938
NET-06939,2026-01-01 16:37:39+00:00,0,IOMT-003,S-IOMT-003-957,EHR_WRITE,EP-IND-06939
NET-06940,2026-01-01 16:37:46+00:00,0,IOMT-015,S-IOMT-015-958,LAB_RESULTS,EP-IND-06940
NET-06941,2026-01-01 16:37:48+00:00,0,IOMT-020,S-IOMT-020-959,RESEARCH,EP-IND-06941
NET-06942,2026-01-01 16:38:03+00:00,0,IOMT-020,S-IOMT-020-960,RESEARCH,EP-IND-06942
NET-06943,2026-01-01 16:38:11+00:00,0,IOMT-037,S-IOMT-037-961,IMAGING,EP-IND-06943
NET-06944,2026-01-01 16:38:11+00:00,0,IOMT-038,S-IOMT-038-962,IMAGING,EP-IND-06944
NET-06945,2026-01-01 16:38:19+00:00,0,IOMT-004,S-IOMT-004-963,EHR_READ,EP-IND-06945
NET-06946,2026-01-01 16:38:25+00:00,0,IOMT-046,S-IOMT-046-964,IMAGING,EP-IND-06946
NET-06947,2026-01-01 16:38:31+00:00,0,IOMT-039,S-IOMT-039-965,EHR_WRITE,EP-IND-06947
NET-06948,2026-01-01 16:39:18+00:00,0,IOMT-043,S-IOMT-043-966,EHR_READ,EP-IND-06948
NET-06949,2026-01-01 16:39:21+00:00,0,IOMT-045,S-IOMT-045-967,EHR_READ,EP-IND-06949
NET-06950,2026-01-01 16:39:23+00:00,0,IOMT-044,S-IOMT-044-968,EHR_READ,EP-IND-06950
NET-06951,2026-01-01 16:39:24+00:00,0,IOMT-003,S-IOMT-003-969,EHR_READ,EP-IND-06951
NET-06952,2026-01-01 16:39:26+00:00,0,IOMT-021,S-IOMT-021-970,IMAGING,EP-IND-06952
NET-06953,2026-01-01 16:39:31+00:00,0,IOMT-015,S-IOMT-015-971,IMAGING,EP-IND-06953
NET-06954,2026-01-01 16:39:34+00:00,0,IOMT-009,S-IOMT-009-972,RESEARCH,EP-IND-06954
NET-06955,2026-01-01 16:39:40+00:00,0,IOMT-031,S-IOMT-031-973,RESEARCH,EP-IND-06955
NET-06956,2026-01-01 16:39:44+00:00,0,IOMT-015,S-IOMT-015-974,IMAGING,EP-IND-06956
NET-06957,2026-01-01 16:40:00+00:00,0,IOMT-010,S-IOMT-010-975,RESEARCH,EP-IND-06957
NET-06958,2026-01-01 16:40:09+00:00,0,IOMT-006,S-IOMT-006-976,IMAGING,EP-IND-06958
NET-06959,2026-01-01 16:40:13+00:00,0,IOMT-029,S-IOMT-029-977,RESEARCH,EP-IND-06959
NET-06960,2026-01-01 16:40:17+00:00,0,IOMT-041,S-IOMT-041-978,IMAGING,EP-IND-06960
NET-06961,2026-01-01 16:40:31+00:00,1,IOMT-030,S-IOMT-030-979,IMAGING,EP-IND-06961
NET-06962,2026-01-01 16:40:48+00:00,1,IOMT-030,S-IOMT-030-980,IMAGING,EP-IND-06962
NET-06963,2026-01-01 16:41:06+00:00,0,IOMT-010,S-IOMT-010-981,EHR_READ,EP-IND-06963
NET-06964,2026-01-01 16:41:21+00:00,0,IOMT-010,S-IOMT-010-982,IMAGING,EP-IND-06964
NET-06965,2026-01-01 16:41:22+00:00,0,IOMT-016,S-IOMT-016-983,EHR_READ,EP-IND-06965
NET-06966,2026-01-01 16:41:27+00:00,0,IOMT-042,S-IOMT-042-984,IMAGING,EP-IND-06966
NET-06967,2026-01-01 16:41:44+00:00,0,IOMT-006,S-IOMT-006-985,LAB_RESULTS,EP-IND-06967
NET-06968,2026-01-01 16:41:44+00:00,0,IOMT-030,S-IOMT-030-986,LAB_RESULTS,EP-IND-06968
NET-06969,2026-01-01 16:41:58+00:00,0,IOMT-029,S-IOMT-029-987,LAB_RESULTS,EP-IND-06969
NET-06970,2026-01-01 16:42:09+00:00,0,IOMT-007,S-IOMT-007-988,IMAGING,EP-IND-06970
NET-06971,2026-01-01 16:42:12+00:00,0,IOMT-020,S-IOMT-020-989,RESEARCH,EP-IND-06971
NET-06972,2026-01-01 16:42:17+00:00,0,IOMT-009,S-IOMT-009-990,LAB_RESULTS,EP-IND-06972
NET-06973,2026-01-01 16:42:24+00:00,0,IOMT-035,S-IOMT-035-991,LAB_RESULTS,EP-IND-06973
NET-06974,2026-01-01 16:42:29+00:00,0,IOMT-009,S-IOMT-009-992,LAB_RESULTS,EP-IND-06974
NET-06975,2026-01-01 16:42:46+00:00,0,IOMT-024,S-IOMT-024-993,RESEARCH,EP-IND-06975
NET-06976,2026-01-01 16:42:48+00:00,0,IOMT-031,S-IOMT-031-994,EHR_WRITE,EP-IND-06976
NET-06977,2026-01-01 16:42:54+00:00,0,IOMT-012,S-IOMT-012-995,RESEARCH,EP-IND-06977
NET-06978,2026-01-01 16:43:11+00:00,0,IOMT-036,S-IOMT-036-996,EHR_READ,EP-IND-06978
NET-06979,2026-01-01 16:43:19+00:00,0,IOMT-035,S-IOMT-035-0,LAB_RESULTS,EP-IND-06979
NET-06980,2026-01-01 16:43:29+00:00,0,IOMT-027,S-IOMT-027-1,EHR_READ,EP-IND-06980
NET-06981,2026-01-01 16:43:38+00:00,0,IOMT-000,S-IOMT-000-2,RESEARCH,EP-IND-06981
NET-06982,2026-01-01 16:43:40+00:00,0,IOMT-047,S-IOMT-047-3,LAB_RESULTS,EP-IND-06982
NET-06983,2026-01-01 16:43:43+00:00,0,IOMT-002,S-IOMT-002-4,LAB_RESULTS,EP-IND-06983
NET-06984,2026-01-01 16:43:55+00:00,0,IOMT-034,S-IOMT-034-5,RESEARCH,EP-IND-06984
NET-06985,2026-01-01 16:43:55+00:00,1,IOMT-024,S-IOMT-024-6,RESEARCH,EP-IND-06985
NET-06986,2026-01-01 16:43:56+00:00,0,IOMT-012,S-IOMT-012-7,EHR_WRITE,EP-IND-06986
NET-06987,2026-01-01 16:44:07+00:00,0,IOMT-001,S-IOMT-001-8,EHR_WRITE,EP-IND-06987
NET-06988,2026-01-01 16:44:18+00:00,0,IOMT-015,S-IOMT-015-9,RESEARCH,EP-IND-06988
NET-06989,2026-01-01 16:44:26+00:00,0,IOMT-037,S-IOMT-037-10,IMAGING,EP-IND-06989
NET-06990,2026-01-01 16:44:27+00:00,1,IOMT-015,S-IOMT-015-11,IMAGING,EP-IND-06990
NET-06991,2026-01-01 16:44:31+00:00,0,IOMT-046,S-IOMT-046-12,RESEARCH,EP-IND-06991
NET-06992,2026-01-01 16:45:09+00:00,1,IOMT-016,S-IOMT-016-13,LAB_RESULTS,EP-IND-06992
NET-06993,2026-01-01 16:45:10+00:00,0,IOMT-010,S-IOMT-010-14,RESEARCH,EP-IND-06993
NET-06994,2026-01-01 16:45:24+00:00,0,IOMT-001,S-IOMT-001-15,EHR_READ,EP-IND-06994
NET-06995,2026-01-01 16:45:49+00:00,0,IOMT-027,S-IOMT-027-16,EHR_WRITE,EP-IND-06995
NET-06996,2026-01-01 16:45:52+00:00,0,IOMT-020,S-IOMT-020-17,RESEARCH,EP-IND-06996
NET-06997,2026-01-01 16:45:57+00:00,0,IOMT-023,S-IOMT-023-18,LAB_RESULTS,EP-IND-06997
NET-06998,2026-01-01 16:46:08+00:00,0,IOMT-044,S-IOMT-044-19,EHR_WRITE,EP-IND-06998
NET-06999,2026-01-01 16:46:12+00:00,0,IOMT-005,S-IOMT-005-20,IMAGING,EP-IND-06999
NET-07000,2026-01-01 16:46:25+00:00,0,IOMT-023,S-IOMT-023-21,RESEARCH,EP-IND-07000
NET-07001,2026-01-01 16:46:32+00:00,0,IOMT-043,S-IOMT-043-22,EHR_WRITE,EP-IND-07001
NET-07002,2026-01-01 16:46:45+00:00,0,IOMT-008,S-IOMT-008-23,RESEARCH,EP-IND-07002
NET-07003,2026-01-01 16:46:49+00:00,0,IOMT-021,S-IOMT-021-24,RESEARCH,EP-IND-07003
NET-07004,2026-01-01 16:46:53+00:00,0,IOMT-021,S-IOMT-021-25,IMAGING,EP-IND-07004
NET-07005,2026-01-01 16:46:55+00:00,0,IOMT-014,S-IOMT-014-26,EHR_READ,EP-IND-07005
NET-07006,2026-01-01 16:46:58+00:00,0,IOMT-040,S-IOMT-040-27,EHR_WRITE,EP-IND-07006
NET-07007,2026-01-01 16:46:59+00:00,0,IOMT-033,S-IOMT-033-28,RESEARCH,EP-IND-07007
NET-07008,2026-01-01 16:47:09+00:00,0,IOMT-008,S-IOMT-008-29,LAB_RESULTS,EP-IND-07008
NET-07009,2026-01-01 16:47:10+00:00,0,IOMT-029,S-IOMT-029-30,EHR_WRITE,EP-IND-07009
NET-07010,2026-01-01 16:47:16+00:00,0,IOMT-029,S-IOMT-029-31,EHR_WRITE,EP-IND-07010
NET-07011,2026-01-01 16:47:17+00:00,0,IOMT-018,S-IOMT-018-32,RESEARCH,EP-IND-07011
NET-07012,2026-01-01 16:47:28+00:00,1,IOMT-007,S-IOMT-007-33,RESEARCH,EP-IND-07012
NET-07013,2026-01-01 16:47:38+00:00,0,IOMT-000,S-IOMT-000-34,EHR_WRITE,EP-IND-07013
NET-07014,2026-01-01 16:47:38+00:00,0,IOMT-007,S-IOMT-007-35,LAB_RESULTS,EP-IND-07014
NET-07015,2026-01-01 16:47:39+00:00,0,IOMT-019,S-IOMT-019-36,IMAGING,EP-IND-07015
NET-07016,2026-01-01 16:47:41+00:00,0,IOMT-004,S-IOMT-004-37,EHR_READ,EP-IND-07016
NET-07017,2026-01-01 16:47:46+00:00,0,IOMT-009,S-IOMT-009-38,EHR_READ,EP-IND-07017
NET-07018,2026-01-01 16:48:08+00:00,0,IOMT-024,S-IOMT-024-39,IMAGING,EP-IND-07018
NET-07019,2026-01-01 16:48:09+00:00,0,IOMT-040,S-IOMT-040-40,RESEARCH,EP-IND-07019
NET-07020,2026-01-01 16:48:21+00:00,0,IOMT-002,S-IOMT-002-41,EHR_WRITE,EP-IND-07020
NET-07021,2026-01-01 16:48:25+00:00,0,IOMT-045,S-IOMT-045-42,LAB_RESULTS,EP-IND-07021
NET-07022,2026-01-01 16:48:48+00:00,0,IOMT-024,S-IOMT-024-43,RESEARCH,EP-IND-07022
NET-07023,2026-01-01 16:48:54+00:00,0,IOMT-027,S-IOMT-027-44,LAB_RESULTS,EP-IND-07023
NET-07024,2026-01-01 16:49:27+00:00,0,IOMT-001,S-IOMT-001-45,RESEARCH,EP-IND-07024
NET-07025,2026-01-01 16:49:29+00:00,0,IOMT-014,S-IOMT-014-46,IMAGING,EP-IND-07025
NET-07026,2026-01-01 16:49:37+00:00,0,IOMT-009,S-IOMT-009-47,LAB_RESULTS,EP-IND-07026
NET-07027,2026-01-01 16:49:50+00:00,0,IOMT-044,S-IOMT-044-48,IMAGING,EP-IND-07027
NET-07028,2026-01-01 16:50:01+00:00,1,IOMT-005,S-IOMT-005-49,RESEARCH,EP-IND-07028
NET-07029,2026-01-01 16:50:08+00:00,0,IOMT-022,S-IOMT-022-50,IMAGING,EP-IND-07029
NET-07030,2026-01-01 16:50:12+00:00,0,IOMT-005,S-IOMT-005-51,EHR_READ,EP-IND-07030
NET-07031,2026-01-01 16:50:43+00:00,0,IOMT-007,S-IOMT-007-52,IMAGING,EP-IND-07031
NET-07032,2026-01-01 16:50:57+00:00,0,IOMT-048,S-IOMT-048-53,LAB_RESULTS,EP-IND-07032
NET-07033,2026-01-01 16:51:00+00:00,0,IOMT-012,S-IOMT-012-54,EHR_READ,EP-IND-07033
NET-07034,2026-01-01 16:51:02+00:00,0,IOMT-033,S-IOMT-033-55,EHR_READ,EP-IND-07034
NET-07035,2026-01-01 16:51:26+00:00,0,IOMT-046,S-IOMT-046-56,RESEARCH,EP-IND-07035
NET-07036,2026-01-01 16:51:33+00:00,0,IOMT-012,S-IOMT-012-57,EHR_READ,EP-IND-07036
NET-07037,2026-01-01 16:51:34+00:00,0,IOMT-013,S-IOMT-013-58,LAB_RESULTS,EP-IND-07037
NET-07038,2026-01-01 16:51:35+00:00,0,IOMT-046,S-IOMT-046-59,EHR_READ,EP-IND-07038
NET-07039,2026-01-01 16:51:44+00:00,0,IOMT-010,S-IOMT-010-60,LAB_RESULTS,EP-IND-07039
NET-07040,2026-01-01 16:51:55+00:00,0,IOMT-007,S-IOMT-007-61,RESEARCH,EP-IND-07040
NET-07041,2026-01-01 16:52:05+00:00,0,IOMT-032,S-IOMT-032-62,LAB_RESULTS,EP-IND-07041
NET-07042,2026-01-01 16:52:24+00:00,0,IOMT-031,S-IOMT-031-63,EHR_READ,EP-IND-07042
NET-07043,2026-01-01 16:52:25+00:00,0,IOMT-042,S-IOMT-042-64,EHR_READ,EP-IND-07043
NET-07044,2026-01-01 16:52:27+00:00,0,IOMT-029,S-IOMT-029-65,IMAGING,EP-IND-07044
NET-07045,2026-01-01 16:52:46+00:00,0,IOMT-017,S-IOMT-017-66,EHR_READ,EP-IND-07045
NET-07046,2026-01-01 16:52:48+00:00,0,IOMT-000,S-IOMT-000-67,LAB_RESULTS,EP-IND-07046
NET-07047,2026-01-01 16:52:48+00:00,0,IOMT-015,S-IOMT-015-68,RESEARCH,EP-IND-07047
NET-07048,2026-01-01 16:52:52+00:00,0,IOMT-015,S-IOMT-015-69,RESEARCH,EP-IND-07048
NET-07049,2026-01-01 16:52:59+00:00,0,IOMT-045,S-IOMT-045-70,EHR_WRITE,EP-IND-07049
NET-07050,2026-01-01 16:53:01+00:00,0,IOMT-044,S-IOMT-044-71,EHR_READ,EP-IND-07050
NET-07051,2026-01-01 16:53:06+00:00,0,IOMT-023,S-IOMT-023-72,EHR_WRITE,EP-IND-07051
NET-07052,2026-01-01 16:53:17+00:00,0,IOMT-009,S-IOMT-009-73,EHR_READ,EP-IND-07052
NET-07053,2026-01-01 16:53:31+00:00,0,IOMT-018,S-IOMT-018-74,EHR_READ,EP-IND-07053
NET-07054,2026-01-01 16:53:38+00:00,1,IOMT-027,S-IOMT-027-75,IMAGING,EP-IND-07054
NET-07055,2026-01-01 16:53:51+00:00,0,IOMT-043,S-IOMT-043-76,IMAGING,EP-IND-07055
NET-07056,2026-01-01 16:53:53+00:00,0,IOMT-029,S-IOMT-029-77,IMAGING,EP-IND-07056
NET-07057,2026-01-01 16:53:57+00:00,0,IOMT-026,S-IOMT-026-78,EHR_READ,EP-IND-07057
NET-07058,2026-01-01 16:54:02+00:00,0,IOMT-043,S-IOMT-043-79,LAB_RESULTS,EP-IND-07058
NET-07059,2026-01-01 16:54:15+00:00,0,IOMT-044,S-IOMT-044-80,RESEARCH,EP-IND-07059
NET-07060,2026-01-01 16:54:21+00:00,0,IOMT-000,S-IOMT-000-81,EHR_WRITE,EP-IND-07060
NET-07061,2026-01-01 16:54:27+00:00,0,IOMT-037,S-IOMT-037-82,RESEARCH,EP-IND-07061
NET-07062,2026-01-01 16:54:38+00:00,1,IOMT-002,S-IOMT-002-83,LAB_RESULTS,EP-IND-07062
NET-07063,2026-01-01 16:54:59+00:00,0,IOMT-020,S-IOMT-020-84,EHR_WRITE,EP-IND-07063
NET-07064,2026-01-01 16:55:07+00:00,1,IOMT-028,S-IOMT-028-85,EHR_WRITE,EP-IND-07064
NET-07065,2026-01-01 16:55:10+00:00,0,IOMT-045,S-IOMT-045-86,EHR_WRITE,EP-IND-07065
NET-07066,2026-01-01 16:55:13+00:00,0,IOMT-042,S-IOMT-042-87,EHR_WRITE,EP-IND-07066
NET-07067,2026-01-01 16:55:22+00:00,0,IOMT-016,S-IOMT-016-88,EHR_WRITE,EP-IND-07067
NET-07068,2026-01-01 16:55:31+00:00,0,IOMT-048,S-IOMT-048-89,RESEARCH,EP-IND-07068
NET-07069,2026-01-01 16:55:32+00:00,0,IOMT-031,S-IOMT-031-90,RESEARCH,EP-IND-07069
NET-07070,2026-01-01 16:55:32+00:00,0,IOMT-027,S-IOMT-027-91,RESEARCH,EP-IND-07070
NET-07071,2026-01-01 16:55:38+00:00,0,IOMT-013,S-IOMT-013-92,IMAGING,EP-IND-07071
NET-07072,2026-01-01 16:55:41+00:00,0,IOMT-047,S-IOMT-047-93,RESEARCH,EP-IND-07072
NET-07073,2026-01-01 16:55:53+00:00,0,IOMT-009,S-IOMT-009-94,LAB_RESULTS,EP-IND-07073
NET-07074,2026-01-01 16:55:56+00:00,0,IOMT-007,S-IOMT-007-95,EHR_READ,EP-IND-07074
NET-07075,2026-01-01 16:56:00+00:00,0,IOMT-021,S-IOMT-021-96,EHR_WRITE,EP-IND-07075
NET-07076,2026-01-01 16:56:18+00:00,0,IOMT-027,S-IOMT-027-97,RESEARCH,EP-IND-07076
NET-07077,2026-01-01 16:56:24+00:00,0,IOMT-008,S-IOMT-008-98,IMAGING,EP-IND-07077
NET-07078,2026-01-01 16:56:24+00:00,0,IOMT-045,S-IOMT-045-99,EHR_READ,EP-IND-07078
NET-07079,2026-01-01 16:56:40+00:00,0,IOMT-028,S-IOMT-028-100,IMAGING,EP-IND-07079
NET-07080,2026-01-01 16:56:40+00:00,0,IOMT-008,S-IOMT-008-101,EHR_READ,EP-IND-07080
NET-07081,2026-01-01 16:56:45+00:00,0,IOMT-004,S-IOMT-004-102,LAB_RESULTS,EP-IND-07081
NET-07082,2026-01-01 16:56:49+00:00,0,IOMT-025,S-IOMT-025-103,RESEARCH,EP-IND-07082
NET-07083,2026-01-01 16:57:01+00:00,0,IOMT-032,S-IOMT-032-104,IMAGING,EP-IND-07083
NET-07084,2026-01-01 16:57:01+00:00,0,IOMT-049,S-IOMT-049-105,EHR_WRITE,EP-IND-07084
NET-07085,2026-01-01 16:57:02+00:00,0,IOMT-049,S-IOMT-049-106,LAB_RESULTS,EP-IND-07085
NET-07086,2026-01-01 16:57:37+00:00,0,IOMT-010,S-IOMT-010-107,EHR_WRITE,EP-IND-07086
NET-07087,2026-01-01 16:57:51+00:00,0,IOMT-008,S-IOMT-008-108,LAB_RESULTS,EP-IND-07087
NET-07088,2026-01-01 16:57:59+00:00,0,IOMT-002,S-IOMT-002-109,IMAGING,EP-IND-07088
NET-07089,2026-01-01 16:58:00+00:00,0,IOMT-017,S-IOMT-017-110,EHR_WRITE,EP-IND-07089
NET-07090,2026-01-01 16:58:05+00:00,0,IOMT-022,S-IOMT-022-111,LAB_RESULTS,EP-IND-07090
NET-07091,2026-01-01 16:58:08+00:00,0,IOMT-039,S-IOMT-039-112,IMAGING,EP-IND-07091
NET-07092,2026-01-01 16:58:22+00:00,0,IOMT-018,S-IOMT-018-113,EHR_WRITE,EP-IND-07092
NET-07093,2026-01-01 16:58:25+00:00,0,IOMT-018,S-IOMT-018-114,IMAGING,EP-IND-07093
NET-07094,2026-01-01 16:58:30+00:00,0,IOMT-012,S-IOMT-012-115,IMAGING,EP-IND-07094
NET-07095,2026-01-01 16:58:33+00:00,0,IOMT-011,S-IOMT-011-116,LAB_RESULTS,EP-IND-07095
NET-07096,2026-01-01 16:58:35+00:00,0,IOMT-007,S-IOMT-007-117,EHR_READ,EP-IND-07096
NET-07097,2026-01-01 16:58:44+00:00,0,IOMT-033,S-IOMT-033-118,IMAGING,EP-IND-07097
NET-07098,2026-01-01 16:58:48+00:00,0,IOMT-045,S-IOMT-045-119,EHR_READ,EP-IND-07098
NET-07099,2026-01-01 16:59:02+00:00,0,IOMT-013,S-IOMT-013-120,LAB_RESULTS,EP-IND-07099
NET-07100,2026-01-01 16:59:04+00:00,0,IOMT-000,S-IOMT-000-121,EHR_WRITE,EP-IND-07100
NET-07101,2026-01-01 16:59:08+00:00,0,IOMT-015,S-IOMT-015-122,RESEARCH,EP-IND-07101
NET-07102,2026-01-01 16:59:10+00:00,0,IOMT-014,S-IOMT-014-123,LAB_RESULTS,EP-IND-07102
NET-07103,2026-01-01 16:59:11+00:00,0,IOMT-000,S-IOMT-000-124,IMAGING,EP-IND-07103
NET-07104,2026-01-01 16:59:19+00:00,0,IOMT-017,S-IOMT-017-125,EHR_READ,EP-IND-07104
NET-07105,2026-01-01 16:59:33+00:00,0,IOMT-024,S-IOMT-024-126,EHR_WRITE,EP-IND-07105
NET-07106,2026-01-01 16:59:34+00:00,0,IOMT-014,S-IOMT-014-127,IMAGING,EP-IND-07106
NET-07107,2026-01-01 16:59:39+00:00,0,IOMT-006,S-IOMT-006-128,LAB_RESULTS,EP-IND-07107
NET-07108,2026-01-01 16:59:43+00:00,0,IOMT-032,S-IOMT-032-129,EHR_READ,EP-IND-07108
NET-07109,2026-01-01 17:00:01+00:00,0,IOMT-006,S-IOMT-006-130,EHR_WRITE,EP-IND-07109
NET-07110,2026-01-01 17:00:10+00:00,0,IOMT-021,S-IOMT-021-131,RESEARCH,EP-IND-07110
NET-07111,2026-01-01 17:00:23+00:00,0,IOMT-043,S-IOMT-043-132,EHR_READ,EP-IND-07111
NET-07112,2026-01-01 17:00:26+00:00,0,IOMT-015,S-IOMT-015-133,EHR_READ,EP-IND-07112
NET-07113,2026-01-01 17:00:28+00:00,0,IOMT-007,S-IOMT-007-134,EHR_WRITE,EP-IND-07113
NET-07114,2026-01-01 17:00:28+00:00,0,IOMT-034,S-IOMT-034-135,RESEARCH,EP-IND-07114
NET-07115,2026-01-01 17:00:30+00:00,0,IOMT-010,S-IOMT-010-136,EHR_WRITE,EP-IND-07115
NET-07116,2026-01-01 17:00:34+00:00,0,IOMT-032,S-IOMT-032-137,EHR_READ,EP-IND-07116
NET-07117,2026-01-01 17:00:37+00:00,0,IOMT-038,S-IOMT-038-138,IMAGING,EP-IND-07117
NET-07118,2026-01-01 17:00:39+00:00,0,IOMT-001,S-IOMT-001-139,LAB_RESULTS,EP-IND-07118
NET-07119,2026-01-01 17:00:53+00:00,0,IOMT-035,S-IOMT-035-140,EHR_WRITE,EP-IND-07119
NET-07120,2026-01-01 17:00:55+00:00,0,IOMT-020,S-IOMT-020-141,LAB_RESULTS,EP-IND-07120
NET-07121,2026-01-01 17:01:02+00:00,0,IOMT-030,S-IOMT-030-142,EHR_WRITE,EP-IND-07121
NET-07122,2026-01-01 17:01:21+00:00,0,IOMT-022,S-IOMT-022-143,IMAGING,EP-IND-07122
NET-07123,2026-01-01 17:01:34+00:00,0,IOMT-004,S-IOMT-004-144,RESEARCH,EP-IND-07123
NET-07124,2026-01-01 17:01:43+00:00,0,IOMT-024,S-IOMT-024-145,LAB_RESULTS,EP-IND-07124
NET-07125,2026-01-01 17:01:51+00:00,0,IOMT-047,S-IOMT-047-146,RESEARCH,EP-IND-07125
NET-07126,2026-01-01 17:01:54+00:00,0,IOMT-034,S-IOMT-034-147,EHR_WRITE,EP-IND-07126
NET-07127,2026-01-01 17:01:59+00:00,0,IOMT-004,S-IOMT-004-148,EHR_WRITE,EP-IND-07127
NET-07128,2026-01-01 17:02:05+00:00,0,IOMT-029,S-IOMT-029-149,EHR_WRITE,EP-IND-07128
NET-07129,2026-01-01 17:02:13+00:00,0,IOMT-033,S-IOMT-033-150,EHR_WRITE,EP-IND-07129
NET-07130,2026-01-01 17:02:16+00:00,1,IOMT-028,S-IOMT-028-151,RESEARCH,EP-IND-07130
NET-07131,2026-01-01 17:02:16+00:00,0,IOMT-029,S-IOMT-029-152,EHR_WRITE,EP-IND-07131
NET-07132,2026-01-01 17:02:24+00:00,0,IOMT-025,S-IOMT-025-153,LAB_RESULTS,EP-IND-07132
NET-07133,2026-01-01 17:02:30+00:00,0,IOMT-013,S-IOMT-013-154,EHR_WRITE,EP-IND-07133
NET-07134,2026-01-01 17:02:44+00:00,0,IOMT-020,S-IOMT-020-155,EHR_WRITE,EP-IND-07134
NET-07135,2026-01-01 17:02:47+00:00,0,IOMT-009,S-IOMT-009-156,EHR_WRITE,EP-IND-07135
NET-07136,2026-01-01 17:03:02+00:00,0,IOMT-046,S-IOMT-046-157,IMAGING,EP-IND-07136
NET-07137,2026-01-01 17:03:20+00:00,0,IOMT-010,S-IOMT-010-158,LAB_RESULTS,EP-IND-07137
NET-07138,2026-01-01 17:03:32+00:00,0,IOMT-023,S-IOMT-023-159,RESEARCH,EP-IND-07138
NET-07139,2026-01-01 17:03:54+00:00,0,IOMT-003,S-IOMT-003-160,EHR_WRITE,EP-IND-07139
NET-07140,2026-01-01 17:04:01+00:00,0,IOMT-023,S-IOMT-023-161,RESEARCH,EP-IND-07140
NET-07141,2026-01-01 17:04:03+00:00,0,IOMT-021,S-IOMT-021-162,EHR_WRITE,EP-IND-07141
NET-07142,2026-01-01 17:04:12+00:00,0,IOMT-022,S-IOMT-022-163,EHR_READ,EP-IND-07142
NET-07143,2026-01-01 17:04:26+00:00,0,IOMT-025,S-IOMT-025-164,RESEARCH,EP-IND-07143
NET-07144,2026-01-01 17:04:33+00:00,0,IOMT-016,S-IOMT-016-165,EHR_READ,EP-IND-07144
NET-07145,2026-01-01 17:04:41+00:00,0,IOMT-020,S-IOMT-020-166,EHR_READ,EP-IND-07145
NET-07146,2026-01-01 17:04:56+00:00,0,IOMT-017,S-IOMT-017-167,RESEARCH,EP-IND-07146
NET-07147,2026-01-01 17:05:06+00:00,0,IOMT-005,S-IOMT-005-168,IMAGING,EP-IND-07147
NET-07148,2026-01-01 17:05:08+00:00,0,IOMT-032,S-IOMT-032-169,RESEARCH,EP-IND-07148
NET-07149,2026-01-01 17:05:09+00:00,0,IOMT-035,S-IOMT-035-170,IMAGING,EP-IND-07149
NET-07150,2026-01-01 17:05:20+00:00,0,IOMT-025,S-IOMT-025-171,IMAGING,EP-IND-07150
NET-07151,2026-01-01 17:05:24+00:00,0,IOMT-001,S-IOMT-001-172,IMAGING,EP-IND-07151
NET-07152,2026-01-01 17:05:37+00:00,0,IOMT-042,S-IOMT-042-173,IMAGING,EP-IND-07152
NET-07153,2026-01-01 17:05:44+00:00,0,IOMT-033,S-IOMT-033-174,EHR_WRITE,EP-IND-07153
NET-07154,2026-01-01 17:05:54+00:00,0,IOMT-042,S-IOMT-042-175,EHR_READ,EP-IND-07154
NET-07155,2026-01-01 17:05:54+00:00,0,IOMT-038,S-IOMT-038-176,RESEARCH,EP-IND-07155
NET-07156,2026-01-01 17:06:01+00:00,0,IOMT-019,S-IOMT-019-177,EHR_READ,EP-IND-07156
NET-07157,2026-01-01 17:06:02+00:00,1,IOMT-015,S-IOMT-015-178,EHR_WRITE,EP-IND-07157
NET-07158,2026-01-01 17:06:04+00:00,0,IOMT-041,S-IOMT-041-179,LAB_RESULTS,EP-IND-07158
NET-07159,2026-01-01 17:06:31+00:00,0,IOMT-015,S-IOMT-015-180,LAB_RESULTS,EP-IND-07159
NET-07160,2026-01-01 17:06:34+00:00,0,IOMT-043,S-IOMT-043-181,RESEARCH,EP-IND-07160
NET-07161,2026-01-01 17:06:42+00:00,0,IOMT-005,S-IOMT-005-182,EHR_WRITE,EP-IND-07161
NET-07162,2026-01-01 17:06:53+00:00,0,IOMT-026,S-IOMT-026-183,IMAGING,EP-IND-07162
NET-07163,2026-01-01 17:06:55+00:00,0,IOMT-037,S-IOMT-037-184,EHR_WRITE,EP-IND-07163
NET-07164,2026-01-01 17:07:11+00:00,0,IOMT-046,S-IOMT-046-185,LAB_RESULTS,EP-IND-07164
NET-07165,2026-01-01 17:07:12+00:00,0,IOMT-011,S-IOMT-011-186,EHR_READ,EP-IND-07165
NET-07166,2026-01-01 17:07:17+00:00,0,IOMT-040,S-IOMT-040-187,LAB_RESULTS,EP-IND-07166
NET-07167,2026-01-01 17:07:38+00:00,0,IOMT-047,S-IOMT-047-188,EHR_READ,EP-IND-07167
NET-07168,2026-01-01 17:07:41+00:00,0,IOMT-038,S-IOMT-038-189,RESEARCH,EP-IND-07168
NET-07169,2026-01-01 17:07:42+00:00,0,IOMT-012,S-IOMT-012-190,EHR_WRITE,EP-IND-07169
NET-07170,2026-01-01 17:08:13+00:00,0,IOMT-001,S-IOMT-001-191,LAB_RESULTS,EP-IND-07170
NET-07171,2026-01-01 17:08:27+00:00,0,IOMT-023,S-IOMT-023-192,LAB_RESULTS,EP-IND-07171
NET-07172,2026-01-01 17:08:39+00:00,0,IOMT-046,S-IOMT-046-193,EHR_READ,EP-IND-07172
NET-07173,2026-01-01 17:09:01+00:00,0,IOMT-004,S-IOMT-004-194,LAB_RESULTS,EP-IND-07173
NET-07174,2026-01-01 17:09:16+00:00,0,IOMT-017,S-IOMT-017-195,RESEARCH,EP-IND-07174
NET-07175,2026-01-01 17:09:20+00:00,0,IOMT-011,S-IOMT-011-196,EHR_READ,EP-IND-07175
NET-07176,2026-01-01 17:09:30+00:00,0,IOMT-037,S-IOMT-037-197,RESEARCH,EP-IND-07176
NET-07177,2026-01-01 17:09:35+00:00,0,IOMT-026,S-IOMT-026-198,RESEARCH,EP-IND-07177
NET-07178,2026-01-01 17:09:35+00:00,0,IOMT-013,S-IOMT-013-199,RESEARCH,EP-IND-07178
NET-07179,2026-01-01 17:09:37+00:00,0,IOMT-001,S-IOMT-001-200,RESEARCH,EP-IND-07179
NET-07180,2026-01-01 17:09:39+00:00,0,IOMT-023,S-IOMT-023-201,EHR_READ,EP-IND-07180
NET-07181,2026-01-01 17:09:44+00:00,0,IOMT-048,S-IOMT-048-202,RESEARCH,EP-IND-07181
NET-07182,2026-01-01 17:09:44+00:00,1,IOMT-006,S-IOMT-006-203,EHR_WRITE,EP-IND-07182
NET-07183,2026-01-01 17:09:48+00:00,0,IOMT-026,S-IOMT-026-204,IMAGING,EP-IND-07183
NET-07184,2026-01-01 17:09:57+00:00,0,IOMT-021,S-IOMT-021-205,EHR_WRITE,EP-IND-07184
NET-07185,2026-01-01 17:10:24+00:00,0,IOMT-040,S-IOMT-040-206,LAB_RESULTS,EP-IND-07185
NET-07186,2026-01-01 17:10:30+00:00,0,IOMT-040,S-IOMT-040-207,EHR_WRITE,EP-IND-07186
NET-07187,2026-01-01 17:10:34+00:00,0,IOMT-028,S-IOMT-028-208,LAB_RESULTS,EP-IND-07187
NET-07188,2026-01-01 17:10:59+00:00,0,IOMT-002,S-IOMT-002-209,IMAGING,EP-IND-07188
NET-07189,2026-01-01 17:11:18+00:00,0,IOMT-022,S-IOMT-022-210,EHR_WRITE,EP-IND-07189
NET-07190,2026-01-01 17:11:36+00:00,0,IOMT-044,S-IOMT-044-211,RESEARCH,EP-IND-07190
NET-07191,2026-01-01 17:11:44+00:00,0,IOMT-047,S-IOMT-047-212,EHR_WRITE,EP-IND-07191
NET-07192,2026-01-01 17:11:45+00:00,0,IOMT-007,S-IOMT-007-213,EHR_WRITE,EP-IND-07192
NET-07193,2026-01-01 17:11:47+00:00,0,IOMT-048,S-IOMT-048-214,IMAGING,EP-IND-07193
NET-07194,2026-01-01 17:11:50+00:00,0,IOMT-031,S-IOMT-031-215,EHR_WRITE,EP-IND-07194
NET-07195,2026-01-01 17:11:51+00:00,0,IOMT-027,S-IOMT-027-216,RESEARCH,EP-IND-07195
NET-07196,2026-01-01 17:11:55+00:00,0,IOMT-040,S-IOMT-040-217,RESEARCH,EP-IND-07196
NET-07197,2026-01-01 17:11:57+00:00,0,IOMT-024,S-IOMT-024-218,IMAGING,EP-IND-07197
NET-07198,2026-01-01 17:12:00+00:00,0,IOMT-002,S-IOMT-002-219,LAB_RESULTS,EP-IND-07198
NET-07199,2026-01-01 17:12:05+00:00,0,IOMT-033,S-IOMT-033-220,RESEARCH,EP-IND-07199
NET-07200,2026-01-01 17:12:07+00:00,0,IOMT-032,S-IOMT-032-221,EHR_READ,EP-IND-07200
NET-07201,2026-01-01 17:12:07+00:00,0,IOMT-027,S-IOMT-027-222,EHR_WRITE,EP-IND-07201
NET-07202,2026-01-01 17:12:23+00:00,0,IOMT-030,S-IOMT-030-223,RESEARCH,EP-IND-07202
NET-07203,2026-01-01 17:12:27+00:00,1,IOMT-019,S-IOMT-019-224,EHR_WRITE,EP-IND-07203
NET-07204,2026-01-01 17:12:35+00:00,0,IOMT-044,S-IOMT-044-225,EHR_WRITE,EP-IND-07204
NET-07205,2026-01-01 17:12:44+00:00,0,IOMT-011,S-IOMT-011-226,EHR_READ,EP-IND-07205
NET-07206,2026-01-01 17:12:45+00:00,0,IOMT-006,S-IOMT-006-227,EHR_WRITE,EP-IND-07206
NET-07207,2026-01-01 17:12:45+00:00,0,IOMT-039,S-IOMT-039-228,EHR_READ,EP-IND-07207
NET-07208,2026-01-01 17:12:52+00:00,0,IOMT-039,S-IOMT-039-229,LAB_RESULTS,EP-IND-07208
NET-07209,2026-01-01 17:12:55+00:00,0,IOMT-000,S-IOMT-000-230,EHR_READ,EP-IND-07209
NET-07210,2026-01-01 17:12:59+00:00,0,IOMT-015,S-IOMT-015-231,RESEARCH,EP-IND-07210
NET-07211,2026-01-01 17:13:29+00:00,0,IOMT-034,S-IOMT-034-232,RESEARCH,EP-IND-07211
NET-07212,2026-01-01 17:13:35+00:00,0,IOMT-040,S-IOMT-040-233,LAB_RESULTS,EP-IND-07212
NET-07213,2026-01-01 17:13:51+00:00,0,IOMT-003,S-IOMT-003-234,LAB_RESULTS,EP-IND-07213
NET-07214,2026-01-01 17:13:52+00:00,0,IOMT-037,S-IOMT-037-235,EHR_WRITE,EP-IND-07214
NET-07215,2026-01-01 17:14:34+00:00,0,IOMT-018,S-IOMT-018-236,LAB_RESULTS,EP-IND-07215
NET-07216,2026-01-01 17:14:37+00:00,0,IOMT-024,S-IOMT-024-237,EHR_READ,EP-IND-07216
NET-07217,2026-01-01 17:14:44+00:00,0,IOMT-043,S-IOMT-043-238,IMAGING,EP-IND-07217
NET-07218,2026-01-01 17:14:50+00:00,0,IOMT-040,S-IOMT-040-239,EHR_WRITE,EP-IND-07218
NET-07219,2026-01-01 17:14:51+00:00,0,IOMT-002,S-IOMT-002-240,EHR_READ,EP-IND-07219
NET-07220,2026-01-01 17:15:01+00:00,0,IOMT-004,S-IOMT-004-241,LAB_RESULTS,EP-IND-07220
NET-07221,2026-01-01 17:15:10+00:00,0,IOMT-043,S-IOMT-043-242,IMAGING,EP-IND-07221
NET-07222,2026-01-01 17:15:15+00:00,0,IOMT-000,S-IOMT-000-243,LAB_RESULTS,EP-IND-07222
NET-07223,2026-01-01 17:15:31+00:00,0,IOMT-039,S-IOMT-039-244,IMAGING,EP-IND-07223
NET-07224,2026-01-01 17:15:39+00:00,0,IOMT-006,S-IOMT-006-245,EHR_WRITE,EP-IND-07224
NET-07225,2026-01-01 17:16:01+00:00,0,IOMT-034,S-IOMT-034-246,EHR_READ,EP-IND-07225
NET-07226,2026-01-01 17:16:04+00:00,1,IOMT-009,S-IOMT-009-247,EHR_WRITE,EP-IND-07226
NET-07227,2026-01-01 17:16:15+00:00,0,IOMT-013,S-IOMT-013-248,EHR_READ,EP-IND-07227
NET-07228,2026-01-01 17:16:37+00:00,1,IOMT-035,S-IOMT-035-249,EHR_WRITE,EP-IND-07228
NET-07229,2026-01-01 17:16:38+00:00,0,IOMT-013,S-IOMT-013-250,EHR_WRITE,EP-IND-07229
NET-07230,2026-01-01 17:16:38+00:00,0,IOMT-027,S-IOMT-027-251,EHR_WRITE,EP-IND-07230
NET-07231,2026-01-01 17:16:40+00:00,0,IOMT-019,S-IOMT-019-252,EHR_WRITE,EP-IND-07231
NET-07232,2026-01-01 17:16:42+00:00,0,IOMT-002,S-IOMT-002-253,EHR_WRITE,EP-IND-07232
NET-07233,2026-01-01 17:16:55+00:00,0,IOMT-024,S-IOMT-024-254,EHR_READ,EP-IND-07233
NET-07234,2026-01-01 17:17:02+00:00,0,IOMT-031,S-IOMT-031-255,RESEARCH,EP-IND-07234
NET-07235,2026-01-01 17:17:05+00:00,0,IOMT-046,S-IOMT-046-256,EHR_WRITE,EP-IND-07235
NET-07236,2026-01-01 17:17:17+00:00,0,IOMT-046,S-IOMT-046-257,IMAGING,EP-IND-07236
NET-07237,2026-01-01 17:17:18+00:00,0,IOMT-024,S-IOMT-024-258,LAB_RESULTS,EP-IND-07237
NET-07238,2026-01-01 17:17:21+00:00,1,IOMT-033,S-IOMT-033-259,EHR_READ,EP-IND-07238
NET-07239,2026-01-01 17:17:24+00:00,1,IOMT-042,S-IOMT-042-260,RESEARCH,EP-IND-07239
NET-07240,2026-01-01 17:17:33+00:00,0,IOMT-005,S-IOMT-005-261,EHR_READ,EP-IND-07240
NET-07241,2026-01-01 17:17:34+00:00,0,IOMT-025,S-IOMT-025-262,LAB_RESULTS,EP-IND-07241
NET-07242,2026-01-01 17:17:40+00:00,0,IOMT-007,S-IOMT-007-263,IMAGING,EP-IND-07242
NET-07243,2026-01-01 17:17:50+00:00,0,IOMT-049,S-IOMT-049-264,IMAGING,EP-IND-07243
NET-07244,2026-01-01 17:17:55+00:00,0,IOMT-039,S-IOMT-039-265,EHR_WRITE,EP-IND-07244
NET-07245,2026-01-01 17:17:59+00:00,0,IOMT-010,S-IOMT-010-266,IMAGING,EP-IND-07245
NET-07246,2026-01-01 17:17:59+00:00,0,IOMT-045,S-IOMT-045-267,EHR_READ,EP-IND-07246
NET-07247,2026-01-01 17:18:02+00:00,0,IOMT-042,S-IOMT-042-268,LAB_RESULTS,EP-IND-07247
NET-07248,2026-01-01 17:18:03+00:00,0,IOMT-033,S-IOMT-033-269,EHR_READ,EP-IND-07248
NET-07249,2026-01-01 17:18:25+00:00,0,IOMT-034,S-IOMT-034-270,IMAGING,EP-IND-07249
NET-07250,2026-01-01 17:18:29+00:00,0,IOMT-001,S-IOMT-001-271,LAB_RESULTS,EP-IND-07250
NET-07251,2026-01-01 17:18:30+00:00,0,IOMT-006,S-IOMT-006-272,LAB_RESULTS,EP-IND-07251
NET-07252,2026-01-01 17:18:36+00:00,0,IOMT-023,S-IOMT-023-273,RESEARCH,EP-IND-07252
NET-07253,2026-01-01 17:18:49+00:00,0,IOMT-048,S-IOMT-048-274,RESEARCH,EP-IND-07253
NET-07254,2026-01-01 17:19:02+00:00,1,IOMT-048,S-IOMT-048-275,EHR_WRITE,EP-IND-07254
NET-07255,2026-01-01 17:19:05+00:00,0,IOMT-023,S-IOMT-023-276,EHR_WRITE,EP-IND-07255
NET-07256,2026-01-01 17:19:15+00:00,0,IOMT-015,S-IOMT-015-277,EHR_READ,EP-IND-07256
NET-07257,2026-01-01 17:19:18+00:00,0,IOMT-019,S-IOMT-019-278,RESEARCH,EP-IND-07257
NET-07258,2026-01-01 17:19:33+00:00,0,IOMT-025,S-IOMT-025-279,RESEARCH,EP-IND-07258
NET-07259,2026-01-01 17:19:34+00:00,0,IOMT-016,S-IOMT-016-280,EHR_READ,EP-IND-07259
NET-07260,2026-01-01 17:19:38+00:00,0,IOMT-034,S-IOMT-034-281,RESEARCH,EP-IND-07260
NET-07261,2026-01-01 17:19:43+00:00,0,IOMT-006,S-IOMT-006-282,EHR_READ,EP-IND-07261
NET-07262,2026-01-01 17:19:43+00:00,0,IOMT-009,S-IOMT-009-283,RESEARCH,EP-IND-07262
NET-07263,2026-01-01 17:19:48+00:00,0,IOMT-013,S-IOMT-013-284,RESEARCH,EP-IND-07263
NET-07264,2026-01-01 17:19:49+00:00,0,IOMT-016,S-IOMT-016-285,EHR_WRITE,EP-IND-07264
NET-07265,2026-01-01 17:19:51+00:00,0,IOMT-008,S-IOMT-008-286,EHR_WRITE,EP-IND-07265
NET-07266,2026-01-01 17:19:54+00:00,0,IOMT-001,S-IOMT-001-287,IMAGING,EP-IND-07266
NET-07267,2026-01-01 17:20:15+00:00,0,IOMT-022,S-IOMT-022-288,RESEARCH,EP-IND-07267
NET-07268,2026-01-01 17:20:21+00:00,0,IOMT-037,S-IOMT-037-289,IMAGING,EP-IND-07268
NET-07269,2026-01-01 17:20:22+00:00,0,IOMT-046,S-IOMT-046-290,IMAGING,EP-IND-07269
NET-07270,2026-01-01 17:20:23+00:00,0,IOMT-035,S-IOMT-035-291,RESEARCH,EP-IND-07270
NET-07271,2026-01-01 17:20:37+00:00,0,IOMT-005,S-IOMT-005-292,IMAGING,EP-IND-07271
NET-07272,2026-01-01 17:20:46+00:00,0,IOMT-007,S-IOMT-007-293,IMAGING,EP-IND-07272
NET-07273,2026-01-01 17:21:11+00:00,0,IOMT-001,S-IOMT-001-294,EHR_WRITE,EP-IND-07273
NET-07274,2026-01-01 17:21:11+00:00,0,IOMT-047,S-IOMT-047-295,EHR_READ,EP-IND-07274
NET-07275,2026-01-01 17:21:16+00:00,0,IOMT-025,S-IOMT-025-296,IMAGING,EP-IND-07275
NET-07276,2026-01-01 17:21:23+00:00,0,IOMT-028,S-IOMT-028-297,LAB_RESULTS,EP-IND-07276
NET-07277,2026-01-01 17:21:42+00:00,0,IOMT-046,S-IOMT-046-298,EHR_WRITE,EP-IND-07277
NET-07278,2026-01-01 17:22:04+00:00,0,IOMT-041,S-IOMT-041-299,IMAGING,EP-IND-07278
NET-07279,2026-01-01 17:22:10+00:00,0,IOMT-028,S-IOMT-028-300,RESEARCH,EP-IND-07279
NET-07280,2026-01-01 17:22:14+00:00,0,IOMT-040,S-IOMT-040-301,EHR_READ,EP-IND-07280
NET-07281,2026-01-01 17:22:18+00:00,0,IOMT-030,S-IOMT-030-302,IMAGING,EP-IND-07281
NET-07282,2026-01-01 17:22:20+00:00,0,IOMT-006,S-IOMT-006-303,EHR_WRITE,EP-IND-07282
NET-07283,2026-01-01 17:22:20+00:00,0,IOMT-046,S-IOMT-046-304,EHR_READ,EP-IND-07283
NET-07284,2026-01-01 17:22:25+00:00,0,IOMT-000,S-IOMT-000-305,EHR_READ,EP-IND-07284
NET-07285,2026-01-01 17:22:32+00:00,0,IOMT-006,S-IOMT-006-306,RESEARCH,EP-IND-07285
NET-07286,2026-01-01 17:22:37+00:00,0,IOMT-045,S-IOMT-045-307,IMAGING,EP-IND-07286
NET-07287,2026-01-01 17:22:47+00:00,0,IOMT-017,S-IOMT-017-308,EHR_READ,EP-IND-07287
NET-07288,2026-01-01 17:22:48+00:00,0,IOMT-002,S-IOMT-002-309,IMAGING,EP-IND-07288
NET-07289,2026-01-01 17:23:08+00:00,0,IOMT-040,S-IOMT-040-310,IMAGING,EP-IND-07289
NET-07290,2026-01-01 17:23:10+00:00,0,IOMT-018,S-IOMT-018-311,EHR_READ,EP-IND-07290
NET-07291,2026-01-01 17:23:10+00:00,0,IOMT-039,S-IOMT-039-312,EHR_READ,EP-IND-07291
NET-07292,2026-01-01 17:23:32+00:00,0,IOMT-012,S-IOMT-012-313,EHR_READ,EP-IND-07292
NET-07293,2026-01-01 17:23:33+00:00,0,IOMT-029,S-IOMT-029-314,RESEARCH,EP-IND-07293
NET-07294,2026-01-01 17:23:38+00:00,0,IOMT-028,S-IOMT-028-315,EHR_READ,EP-IND-07294
NET-07295,2026-01-01 17:24:20+00:00,0,IOMT-007,S-IOMT-007-316,IMAGING,EP-IND-07295
NET-07296,2026-01-01 17:24:21+00:00,0,IOMT-026,S-IOMT-026-317,IMAGING,EP-IND-07296
NET-07297,2026-01-01 17:24:22+00:00,0,IOMT-035,S-IOMT-035-318,IMAGING,EP-IND-07297
NET-07298,2026-01-01 17:24:31+00:00,0,IOMT-033,S-IOMT-033-319,IMAGING,EP-IND-07298
NET-07299,2026-01-01 17:24:33+00:00,0,IOMT-038,S-IOMT-038-320,EHR_READ,EP-IND-07299
NET-07300,2026-01-01 17:24:35+00:00,0,IOMT-018,S-IOMT-018-321,EHR_WRITE,EP-IND-07300
NET-07301,2026-01-01 17:25:02+00:00,0,IOMT-042,S-IOMT-042-322,EHR_READ,EP-IND-07301
NET-07302,2026-01-01 17:25:05+00:00,0,IOMT-049,S-IOMT-049-323,EHR_WRITE,EP-IND-07302
NET-07303,2026-01-01 17:25:33+00:00,1,IOMT-002,S-IOMT-002-324,LAB_RESULTS,EP-IND-07303
NET-07304,2026-01-01 17:25:38+00:00,0,IOMT-012,S-IOMT-012-325,LAB_RESULTS,EP-IND-07304
NET-07305,2026-01-01 17:25:43+00:00,0,IOMT-045,S-IOMT-045-326,RESEARCH,EP-IND-07305
NET-07306,2026-01-01 17:25:45+00:00,0,IOMT-017,S-IOMT-017-327,LAB_RESULTS,EP-IND-07306
NET-07307,2026-01-01 17:25:55+00:00,0,IOMT-042,S-IOMT-042-328,IMAGING,EP-IND-07307
NET-07308,2026-01-01 17:26:07+00:00,0,IOMT-047,S-IOMT-047-329,IMAGING,EP-IND-07308
NET-07309,2026-01-01 17:26:18+00:00,0,IOMT-014,S-IOMT-014-330,IMAGING,EP-IND-07309
NET-07310,2026-01-01 17:26:40+00:00,0,IOMT-022,S-IOMT-022-331,EHR_WRITE,EP-IND-07310
NET-07311,2026-01-01 17:26:44+00:00,0,IOMT-029,S-IOMT-029-332,RESEARCH,EP-IND-07311
NET-07312,2026-01-01 17:27:20+00:00,0,IOMT-032,S-IOMT-032-333,LAB_RESULTS,EP-IND-07312
NET-07313,2026-01-01 17:27:22+00:00,0,IOMT-028,S-IOMT-028-334,RESEARCH,EP-IND-07313
NET-07314,2026-01-01 17:27:26+00:00,0,IOMT-018,S-IOMT-018-335,IMAGING,EP-IND-07314
NET-07315,2026-01-01 17:27:27+00:00,0,IOMT-044,S-IOMT-044-336,RESEARCH,EP-IND-07315
NET-07316,2026-01-01 17:27:38+00:00,0,IOMT-029,S-IOMT-029-337,EHR_WRITE,EP-IND-07316
NET-07317,2026-01-01 17:27:47+00:00,0,IOMT-045,S-IOMT-045-338,LAB_RESULTS,EP-IND-07317
NET-07318,2026-01-01 17:27:51+00:00,0,IOMT-014,S-IOMT-014-339,LAB_RESULTS,EP-IND-07318
NET-07319,2026-01-01 17:27:53+00:00,0,IOMT-026,S-IOMT-026-340,IMAGING,EP-IND-07319
NET-07320,2026-01-01 17:28:03+00:00,1,IOMT-047,S-IOMT-047-341,IMAGING,EP-IND-07320
NET-07321,2026-01-01 17:28:04+00:00,0,IOMT-022,S-IOMT-022-342,RESEARCH,EP-IND-07321
NET-07322,2026-01-01 17:28:14+00:00,0,IOMT-009,S-IOMT-009-343,RESEARCH,EP-IND-07322
NET-07323,2026-01-01 17:28:14+00:00,0,IOMT-012,S-IOMT-012-344,IMAGING,EP-IND-07323
NET-07324,2026-01-01 17:28:16+00:00,0,IOMT-013,S-IOMT-013-345,EHR_WRITE,EP-IND-07324
NET-07325,2026-01-01 17:28:28+00:00,0,IOMT-040,S-IOMT-040-346,EHR_READ,EP-IND-07325
NET-07326,2026-01-01 17:28:30+00:00,0,IOMT-008,S-IOMT-008-347,EHR_READ,EP-IND-07326
NET-07327,2026-01-01 17:28:50+00:00,0,IOMT-039,S-IOMT-039-348,IMAGING,EP-IND-07327
NET-07328,2026-01-01 17:29:03+00:00,1,IOMT-049,S-IOMT-049-349,RESEARCH,EP-IND-07328
NET-07329,2026-01-01 17:29:04+00:00,0,IOMT-014,S-IOMT-014-350,EHR_READ,EP-IND-07329
NET-07330,2026-01-01 17:29:17+00:00,1,IOMT-026,S-IOMT-026-351,IMAGING,EP-IND-07330
NET-07331,2026-01-01 17:29:19+00:00,0,IOMT-018,S-IOMT-018-352,IMAGING,EP-IND-07331
NET-07332,2026-01-01 17:29:29+00:00,0,IOMT-011,S-IOMT-011-353,IMAGING,EP-IND-07332
NET-07333,2026-01-01 17:29:48+00:00,0,IOMT-018,S-IOMT-018-354,EHR_WRITE,EP-IND-07333
NET-07334,2026-01-01 17:29:49+00:00,0,IOMT-012,S-IOMT-012-355,IMAGING,EP-IND-07334
NET-07335,2026-01-01 17:29:58+00:00,0,IOMT-035,S-IOMT-035-356,IMAGING,EP-IND-07335
NET-07336,2026-01-01 17:30:24+00:00,0,IOMT-041,S-IOMT-041-357,RESEARCH,EP-IND-07336
NET-07337,2026-01-01 17:30:28+00:00,0,IOMT-017,S-IOMT-017-358,EHR_READ,EP-IND-07337
NET-07338,2026-01-01 17:30:34+00:00,0,IOMT-024,S-IOMT-024-359,LAB_RESULTS,EP-IND-07338
NET-07339,2026-01-01 17:30:37+00:00,0,IOMT-005,S-IOMT-005-360,LAB_RESULTS,EP-IND-07339
NET-07340,2026-01-01 17:30:40+00:00,0,IOMT-000,S-IOMT-000-361,EHR_READ,EP-IND-07340
NET-07341,2026-01-01 17:30:47+00:00,0,IOMT-006,S-IOMT-006-362,RESEARCH,EP-IND-07341
NET-07342,2026-01-01 17:30:52+00:00,0,IOMT-047,S-IOMT-047-363,LAB_RESULTS,EP-IND-07342
NET-07343,2026-01-01 17:30:52+00:00,0,IOMT-002,S-IOMT-002-364,IMAGING,EP-IND-07343
NET-07344,2026-01-01 17:30:54+00:00,0,IOMT-018,S-IOMT-018-365,LAB_RESULTS,EP-IND-07344
NET-07345,2026-01-01 17:30:57+00:00,0,IOMT-034,S-IOMT-034-366,EHR_WRITE,EP-IND-07345
NET-07346,2026-01-01 17:31:04+00:00,0,IOMT-021,S-IOMT-021-367,EHR_WRITE,EP-IND-07346
NET-07347,2026-01-01 17:31:08+00:00,0,IOMT-015,S-IOMT-015-368,RESEARCH,EP-IND-07347
NET-07348,2026-01-01 17:31:14+00:00,0,IOMT-029,S-IOMT-029-369,RESEARCH,EP-IND-07348
NET-07349,2026-01-01 17:31:59+00:00,0,IOMT-012,S-IOMT-012-370,RESEARCH,EP-IND-07349
NET-07350,2026-01-01 17:32:13+00:00,0,IOMT-016,S-IOMT-016-371,IMAGING,EP-IND-07350
NET-07351,2026-01-01 17:32:23+00:00,0,IOMT-016,S-IOMT-016-372,IMAGING,EP-IND-07351
NET-07352,2026-01-01 17:32:32+00:00,0,IOMT-017,S-IOMT-017-373,IMAGING,EP-IND-07352
NET-07353,2026-01-01 17:32:42+00:00,0,IOMT-028,S-IOMT-028-374,LAB_RESULTS,EP-IND-07353
NET-07354,2026-01-01 17:32:50+00:00,0,IOMT-004,S-IOMT-004-375,LAB_RESULTS,EP-IND-07354
NET-07355,2026-01-01 17:33:11+00:00,0,IOMT-040,S-IOMT-040-376,IMAGING,EP-IND-07355
NET-07356,2026-01-01 17:33:30+00:00,0,IOMT-029,S-IOMT-029-377,EHR_READ,EP-IND-07356
NET-07357,2026-01-01 17:33:33+00:00,0,IOMT-033,S-IOMT-033-378,RESEARCH,EP-IND-07357
NET-07358,2026-01-01 17:33:49+00:00,1,IOMT-045,S-IOMT-045-379,RESEARCH,EP-IND-07358
NET-07359,2026-01-01 17:33:50+00:00,0,IOMT-028,S-IOMT-028-380,EHR_WRITE,EP-IND-07359
NET-07360,2026-01-01 17:33:54+00:00,0,IOMT-020,S-IOMT-020-381,RESEARCH,EP-IND-07360
NET-07361,2026-01-01 17:33:55+00:00,0,IOMT-030,S-IOMT-030-382,RESEARCH,EP-IND-07361
NET-07362,2026-01-01 17:33:57+00:00,0,IOMT-049,S-IOMT-049-383,LAB_RESULTS,EP-IND-07362
NET-07363,2026-01-01 17:34:02+00:00,0,IOMT-006,S-IOMT-006-384,EHR_WRITE,EP-IND-07363
NET-07364,2026-01-01 17:34:07+00:00,0,IOMT-017,S-IOMT-017-385,EHR_READ,EP-IND-07364
NET-07365,2026-01-01 17:34:13+00:00,0,IOMT-039,S-IOMT-039-386,EHR_WRITE,EP-IND-07365
NET-07366,2026-01-01 17:34:18+00:00,0,IOMT-016,S-IOMT-016-387,IMAGING,EP-IND-07366
NET-07367,2026-01-01 17:34:46+00:00,0,IOMT-032,S-IOMT-032-388,IMAGING,EP-IND-07367
NET-07368,2026-01-01 17:34:47+00:00,0,IOMT-007,S-IOMT-007-389,EHR_WRITE,EP-IND-07368
NET-07369,2026-01-01 17:34:54+00:00,0,IOMT-004,S-IOMT-004-390,EHR_WRITE,EP-IND-07369
NET-07370,2026-01-01 17:34:55+00:00,0,IOMT-026,S-IOMT-026-391,RESEARCH,EP-IND-07370
NET-07371,2026-01-01 17:35:01+00:00,0,IOMT-006,S-IOMT-006-392,LAB_RESULTS,EP-IND-07371
NET-07372,2026-01-01 17:35:09+00:00,0,IOMT-001,S-IOMT-001-393,EHR_READ,EP-IND-07372
NET-07373,2026-01-01 17:35:37+00:00,0,IOMT-040,S-IOMT-040-394,IMAGING,EP-IND-07373
NET-07374,2026-01-01 17:35:47+00:00,0,IOMT-021,S-IOMT-021-395,EHR_WRITE,EP-IND-07374
NET-07375,2026-01-01 17:35:57+00:00,0,IOMT-019,S-IOMT-019-396,EHR_READ,EP-IND-07375
NET-07376,2026-01-01 17:35:57+00:00,0,IOMT-039,S-IOMT-039-397,EHR_READ,EP-IND-07376
NET-07377,2026-01-01 17:36:13+00:00,1,IOMT-002,S-IOMT-002-398,LAB_RESULTS,EP-IND-07377
NET-07378,2026-01-01 17:36:30+00:00,0,IOMT-001,S-IOMT-001-399,IMAGING,EP-IND-07378
NET-07379,2026-01-01 17:36:50+00:00,0,IOMT-007,S-IOMT-007-400,LAB_RESULTS,EP-IND-07379
NET-07380,2026-01-01 17:36:53+00:00,0,IOMT-006,S-IOMT-006-401,EHR_WRITE,EP-IND-07380
NET-07381,2026-01-01 17:36:54+00:00,0,IOMT-044,S-IOMT-044-402,IMAGING,EP-IND-07381
NET-07382,2026-01-01 17:36:59+00:00,0,IOMT-016,S-IOMT-016-403,EHR_READ,EP-IND-07382
NET-07383,2026-01-01 17:37:09+00:00,0,IOMT-041,S-IOMT-041-404,RESEARCH,EP-IND-07383
NET-07384,2026-01-01 17:37:11+00:00,0,IOMT-011,S-IOMT-011-405,IMAGING,EP-IND-07384
NET-07385,2026-01-01 17:37:27+00:00,0,IOMT-021,S-IOMT-021-406,EHR_WRITE,EP-IND-07385
NET-07386,2026-01-01 17:37:41+00:00,0,IOMT-012,S-IOMT-012-407,IMAGING,EP-IND-07386
NET-07387,2026-01-01 17:37:41+00:00,0,IOMT-048,S-IOMT-048-408,LAB_RESULTS,EP-IND-07387
NET-07388,2026-01-01 17:37:46+00:00,0,IOMT-022,S-IOMT-022-409,EHR_READ,EP-IND-07388
NET-07389,2026-01-01 17:38:05+00:00,0,IOMT-034,S-IOMT-034-410,EHR_WRITE,EP-IND-07389
NET-07390,2026-01-01 17:38:19+00:00,0,IOMT-006,S-IOMT-006-411,IMAGING,EP-IND-07390
NET-07391,2026-01-01 17:38:28+00:00,0,IOMT-043,S-IOMT-043-412,EHR_READ,EP-IND-07391
NET-07392,2026-01-01 17:38:35+00:00,0,IOMT-022,S-IOMT-022-413,EHR_WRITE,EP-IND-07392
NET-07393,2026-01-01 17:38:40+00:00,0,IOMT-031,S-IOMT-031-414,IMAGING,EP-IND-07393
NET-07394,2026-01-01 17:38:46+00:00,0,IOMT-026,S-IOMT-026-415,EHR_WRITE,EP-IND-07394
NET-07395,2026-01-01 17:38:52+00:00,0,IOMT-002,S-IOMT-002-416,EHR_READ,EP-IND-07395
NET-07396,2026-01-01 17:38:53+00:00,0,IOMT-040,S-IOMT-040-417,IMAGING,EP-IND-07396
NET-07397,2026-01-01 17:39:09+00:00,0,IOMT-033,S-IOMT-033-418,EHR_WRITE,EP-IND-07397
NET-07398,2026-01-01 17:39:20+00:00,0,IOMT-023,S-IOMT-023-419,EHR_WRITE,EP-IND-07398
NET-07399,2026-01-01 17:39:33+00:00,0,IOMT-019,S-IOMT-019-420,IMAGING,EP-IND-07399
NET-07400,2026-01-01 17:39:34+00:00,0,IOMT-022,S-IOMT-022-421,LAB_RESULTS,EP-IND-07400
NET-07401,2026-01-01 17:39:37+00:00,0,IOMT-021,S-IOMT-021-422,IMAGING,EP-IND-07401
NET-07402,2026-01-01 17:39:38+00:00,0,IOMT-002,S-IOMT-002-423,IMAGING,EP-IND-07402
NET-07403,2026-01-01 17:39:40+00:00,0,IOMT-031,S-IOMT-031-424,EHR_READ,EP-IND-07403
NET-07404,2026-01-01 17:39:48+00:00,0,IOMT-001,S-IOMT-001-425,EHR_READ,EP-IND-07404
NET-07405,2026-01-01 17:39:56+00:00,0,IOMT-049,S-IOMT-049-426,RESEARCH,EP-IND-07405
NET-07406,2026-01-01 17:39:58+00:00,0,IOMT-017,S-IOMT-017-427,LAB_RESULTS,EP-IND-07406
NET-07407,2026-01-01 17:40:12+00:00,0,IOMT-041,S-IOMT-041-428,LAB_RESULTS,EP-IND-07407
NET-07408,2026-01-01 17:40:14+00:00,0,IOMT-049,S-IOMT-049-429,EHR_WRITE,EP-IND-07408
NET-07409,2026-01-01 17:40:16+00:00,1,IOMT-015,S-IOMT-015-430,LAB_RESULTS,EP-IND-07409
NET-07410,2026-01-01 17:40:16+00:00,0,IOMT-023,S-IOMT-023-431,IMAGING,EP-IND-07410
NET-07411,2026-01-01 17:40:22+00:00,0,IOMT-031,S-IOMT-031-432,RESEARCH,EP-IND-07411
NET-07412,2026-01-01 17:40:36+00:00,0,IOMT-033,S-IOMT-033-433,IMAGING,EP-IND-07412
NET-07413,2026-01-01 17:40:40+00:00,0,IOMT-043,S-IOMT-043-434,RESEARCH,EP-IND-07413
NET-07414,2026-01-01 17:40:40+00:00,1,IOMT-030,S-IOMT-030-435,RESEARCH,EP-IND-07414
NET-07415,2026-01-01 17:40:44+00:00,0,IOMT-025,S-IOMT-025-436,LAB_RESULTS,EP-IND-07415
NET-07416,2026-01-01 17:40:47+00:00,1,IOMT-019,S-IOMT-019-437,IMAGING,EP-IND-07416
NET-07417,2026-01-01 17:40:48+00:00,0,IOMT-008,S-IOMT-008-438,IMAGING,EP-IND-07417
NET-07418,2026-01-01 17:40:48+00:00,0,IOMT-042,S-IOMT-042-439,EHR_READ,EP-IND-07418
NET-07419,2026-01-01 17:40:55+00:00,1,IOMT-017,S-IOMT-017-440,EHR_WRITE,EP-IND-07419
NET-07420,2026-01-01 17:41:04+00:00,0,IOMT-021,S-IOMT-021-441,EHR_WRITE,EP-IND-07420
NET-07421,2026-01-01 17:41:06+00:00,0,IOMT-002,S-IOMT-002-442,EHR_WRITE,EP-IND-07421
NET-07422,2026-01-01 17:41:09+00:00,0,IOMT-043,S-IOMT-043-443,EHR_WRITE,EP-IND-07422
NET-07423,2026-01-01 17:41:11+00:00,0,IOMT-041,S-IOMT-041-444,LAB_RESULTS,EP-IND-07423
NET-07424,2026-01-01 17:41:26+00:00,0,IOMT-002,S-IOMT-002-445,EHR_READ,EP-IND-07424
NET-07425,2026-01-01 17:41:28+00:00,0,IOMT-004,S-IOMT-004-446,LAB_RESULTS,EP-IND-07425
NET-07426,2026-01-01 17:41:38+00:00,0,IOMT-001,S-IOMT-001-447,IMAGING,EP-IND-07426
NET-07427,2026-01-01 17:41:47+00:00,0,IOMT-034,S-IOMT-034-448,EHR_WRITE,EP-IND-07427
NET-07428,2026-01-01 17:41:51+00:00,0,IOMT-005,S-IOMT-005-449,IMAGING,EP-IND-07428
NET-07429,2026-01-01 17:41:54+00:00,0,IOMT-015,S-IOMT-015-450,RESEARCH,EP-IND-07429
NET-07430,2026-01-01 17:42:01+00:00,0,IOMT-007,S-IOMT-007-451,RESEARCH,EP-IND-07430
NET-07431,2026-01-01 17:42:03+00:00,0,IOMT-030,S-IOMT-030-452,IMAGING,EP-IND-07431
NET-07432,2026-01-01 17:42:06+00:00,0,IOMT-035,S-IOMT-035-453,EHR_READ,EP-IND-07432
NET-07433,2026-01-01 17:42:08+00:00,0,IOMT-041,S-IOMT-041-454,LAB_RESULTS,EP-IND-07433
NET-07434,2026-01-01 17:42:21+00:00,0,IOMT-025,S-IOMT-025-455,EHR_READ,EP-IND-07434
NET-07435,2026-01-01 17:42:26+00:00,0,IOMT-001,S-IOMT-001-456,RESEARCH,EP-IND-07435
NET-07436,2026-01-01 17:42:40+00:00,0,IOMT-011,S-IOMT-011-457,LAB_RESULTS,EP-IND-07436
NET-07437,2026-01-01 17:42:42+00:00,0,IOMT-024,S-IOMT-024-458,IMAGING,EP-IND-07437
NET-07438,2026-01-01 17:42:55+00:00,1,IOMT-035,S-IOMT-035-459,EHR_READ,EP-IND-07438
NET-07439,2026-01-01 17:42:58+00:00,0,IOMT-039,S-IOMT-039-460,EHR_READ,EP-IND-07439
NET-07440,2026-01-01 17:43:08+00:00,1,IOMT-018,S-IOMT-018-461,RESEARCH,EP-IND-07440
NET-07441,2026-01-01 17:43:09+00:00,0,IOMT-010,S-IOMT-010-462,IMAGING,EP-IND-07441
NET-07442,2026-01-01 17:43:30+00:00,0,IOMT-038,S-IOMT-038-463,EHR_READ,EP-IND-07442
NET-07443,2026-01-01 17:43:37+00:00,0,IOMT-008,S-IOMT-008-464,RESEARCH,EP-IND-07443
NET-07444,2026-01-01 17:43:55+00:00,0,IOMT-022,S-IOMT-022-465,EHR_READ,EP-IND-07444
NET-07445,2026-01-01 17:43:57+00:00,0,IOMT-030,S-IOMT-030-466,EHR_WRITE,EP-IND-07445
NET-07446,2026-01-01 17:44:12+00:00,0,IOMT-032,S-IOMT-032-467,IMAGING,EP-IND-07446
NET-07447,2026-01-01 17:44:14+00:00,0,IOMT-017,S-IOMT-017-468,IMAGING,EP-IND-07447
NET-07448,2026-01-01 17:44:19+00:00,0,IOMT-032,S-IOMT-032-469,EHR_WRITE,EP-IND-07448
NET-07449,2026-01-01 17:44:27+00:00,0,IOMT-012,S-IOMT-012-470,IMAGING,EP-IND-07449
NET-07450,2026-01-01 17:44:33+00:00,0,IOMT-026,S-IOMT-026-471,IMAGING,EP-IND-07450
NET-07451,2026-01-01 17:44:42+00:00,0,IOMT-000,S-IOMT-000-472,RESEARCH,EP-IND-07451
NET-07452,2026-01-01 17:44:44+00:00,0,IOMT-021,S-IOMT-021-473,EHR_READ,EP-IND-07452
NET-07453,2026-01-01 17:44:50+00:00,0,IOMT-021,S-IOMT-021-474,IMAGING,EP-IND-07453
NET-07454,2026-01-01 17:45:05+00:00,0,IOMT-013,S-IOMT-013-475,EHR_READ,EP-IND-07454
NET-07455,2026-01-01 17:45:06+00:00,0,IOMT-003,S-IOMT-003-476,EHR_READ,EP-IND-07455
NET-07456,2026-01-01 17:45:24+00:00,1,IOMT-027,S-IOMT-027-477,EHR_WRITE,EP-IND-07456
NET-07457,2026-01-01 17:45:30+00:00,0,IOMT-004,S-IOMT-004-478,IMAGING,EP-IND-07457
NET-07458,2026-01-01 17:45:33+00:00,0,IOMT-026,S-IOMT-026-479,LAB_RESULTS,EP-IND-07458
NET-07459,2026-01-01 17:45:38+00:00,0,IOMT-005,S-IOMT-005-480,LAB_RESULTS,EP-IND-07459
NET-07460,2026-01-01 17:45:39+00:00,0,IOMT-033,S-IOMT-033-481,LAB_RESULTS,EP-IND-07460
NET-07461,2026-01-01 17:45:47+00:00,0,IOMT-023,S-IOMT-023-482,LAB_RESULTS,EP-IND-07461
NET-07462,2026-01-01 17:46:03+00:00,0,IOMT-021,S-IOMT-021-483,EHR_WRITE,EP-IND-07462
NET-07463,2026-01-01 17:46:14+00:00,0,IOMT-047,S-IOMT-047-484,IMAGING,EP-IND-07463
NET-07464,2026-01-01 17:46:23+00:00,1,IOMT-036,S-IOMT-036-485,EHR_WRITE,EP-IND-07464
NET-07465,2026-01-01 17:46:39+00:00,0,IOMT-017,S-IOMT-017-486,EHR_READ,EP-IND-07465
NET-07466,2026-01-01 17:47:16+00:00,0,IOMT-029,S-IOMT-029-487,EHR_READ,EP-IND-07466
NET-07467,2026-01-01 17:47:21+00:00,0,IOMT-031,S-IOMT-031-488,IMAGING,EP-IND-07467
NET-07468,2026-01-01 17:47:33+00:00,0,IOMT-040,S-IOMT-040-489,RESEARCH,EP-IND-07468
NET-07469,2026-01-01 17:47:36+00:00,0,IOMT-028,S-IOMT-028-490,IMAGING,EP-IND-07469
NET-07470,2026-01-01 17:47:41+00:00,0,IOMT-001,S-IOMT-001-491,IMAGING,EP-IND-07470
NET-07471,2026-01-01 17:47:43+00:00,0,IOMT-000,S-IOMT-000-492,EHR_WRITE,EP-IND-07471
NET-07472,2026-01-01 17:47:46+00:00,0,IOMT-048,S-IOMT-048-493,EHR_READ,EP-IND-07472
NET-07473,2026-01-01 17:47:55+00:00,0,IOMT-027,S-IOMT-027-494,RESEARCH,EP-IND-07473
NET-07474,2026-01-01 17:47:55+00:00,0,IOMT-041,S-IOMT-041-495,LAB_RESULTS,EP-IND-07474
NET-07475,2026-01-01 17:48:03+00:00,0,IOMT-036,S-IOMT-036-496,LAB_RESULTS,EP-IND-07475
NET-07476,2026-01-01 17:48:06+00:00,0,IOMT-026,S-IOMT-026-497,RESEARCH,EP-IND-07476
NET-07477,2026-01-01 17:48:09+00:00,0,IOMT-028,S-IOMT-028-498,EHR_WRITE,EP-IND-07477
NET-07478,2026-01-01 17:48:27+00:00,0,IOMT-048,S-IOMT-048-499,LAB_RESULTS,EP-IND-07478
NET-07479,2026-01-01 17:48:31+00:00,0,IOMT-022,S-IOMT-022-500,LAB_RESULTS,EP-IND-07479
NET-07480,2026-01-01 17:48:32+00:00,0,IOMT-024,S-IOMT-024-501,IMAGING,EP-IND-07480
NET-07481,2026-01-01 17:48:35+00:00,0,IOMT-026,S-IOMT-026-502,EHR_READ,EP-IND-07481
NET-07482,2026-01-01 17:48:35+00:00,0,IOMT-016,S-IOMT-016-503,IMAGING,EP-IND-07482
NET-07483,2026-01-01 17:48:38+00:00,0,IOMT-017,S-IOMT-017-504,IMAGING,EP-IND-07483
NET-07484,2026-01-01 17:49:04+00:00,0,IOMT-003,S-IOMT-003-505,EHR_READ,EP-IND-07484
NET-07485,2026-01-01 17:49:08+00:00,0,IOMT-024,S-IOMT-024-506,LAB_RESULTS,EP-IND-07485
NET-07486,2026-01-01 17:49:23+00:00,0,IOMT-044,S-IOMT-044-507,EHR_READ,EP-IND-07486
NET-07487,2026-01-01 17:49:31+00:00,0,IOMT-043,S-IOMT-043-508,IMAGING,EP-IND-07487
NET-07488,2026-01-01 17:49:36+00:00,0,IOMT-017,S-IOMT-017-509,LAB_RESULTS,EP-IND-07488
NET-07489,2026-01-01 17:49:42+00:00,0,IOMT-029,S-IOMT-029-510,RESEARCH,EP-IND-07489
NET-07490,2026-01-01 17:49:42+00:00,1,IOMT-007,S-IOMT-007-511,LAB_RESULTS,EP-IND-07490
NET-07491,2026-01-01 17:49:53+00:00,0,IOMT-039,S-IOMT-039-512,LAB_RESULTS,EP-IND-07491
NET-07492,2026-01-01 17:50:01+00:00,0,IOMT-026,S-IOMT-026-513,EHR_WRITE,EP-IND-07492
NET-07493,2026-01-01 17:50:25+00:00,0,IOMT-013,S-IOMT-013-514,EHR_WRITE,EP-IND-07493
NET-07494,2026-01-01 17:50:39+00:00,0,IOMT-049,S-IOMT-049-515,EHR_READ,EP-IND-07494
NET-07495,2026-01-01 17:50:45+00:00,0,IOMT-009,S-IOMT-009-516,LAB_RESULTS,EP-IND-07495
NET-07496,2026-01-01 17:50:56+00:00,0,IOMT-001,S-IOMT-001-517,EHR_READ,EP-IND-07496
NET-07497,2026-01-01 17:51:19+00:00,1,IOMT-031,S-IOMT-031-518,EHR_READ,EP-IND-07497
NET-07498,2026-01-01 17:51:34+00:00,0,IOMT-029,S-IOMT-029-519,IMAGING,EP-IND-07498
NET-07499,2026-01-01 17:51:51+00:00,0,IOMT-016,S-IOMT-016-520,LAB_RESULTS,EP-IND-07499
NET-07500,2026-01-01 17:52:10+00:00,0,IOMT-002,S-IOMT-002-521,EHR_READ,EP-IND-07500
NET-07501,2026-01-01 17:52:21+00:00,0,IOMT-040,S-IOMT-040-522,IMAGING,EP-IND-07501
NET-07502,2026-01-01 17:52:24+00:00,0,IOMT-041,S-IOMT-041-523,EHR_READ,EP-IND-07502
NET-07503,2026-01-01 17:52:28+00:00,0,IOMT-012,S-IOMT-012-524,RESEARCH,EP-IND-07503
NET-07504,2026-01-01 17:52:43+00:00,0,IOMT-043,S-IOMT-043-525,LAB_RESULTS,EP-IND-07504
NET-07505,2026-01-01 17:52:51+00:00,0,IOMT-013,S-IOMT-013-526,LAB_RESULTS,EP-IND-07505
NET-07506,2026-01-01 17:53:05+00:00,0,IOMT-011,S-IOMT-011-527,EHR_READ,EP-IND-07506
NET-07507,2026-01-01 17:53:17+00:00,0,IOMT-009,S-IOMT-009-528,LAB_RESULTS,EP-IND-07507
NET-07508,2026-01-01 17:53:30+00:00,0,IOMT-004,S-IOMT-004-529,LAB_RESULTS,EP-IND-07508
NET-07509,2026-01-01 17:53:42+00:00,0,IOMT-011,S-IOMT-011-530,LAB_RESULTS,EP-IND-07509
NET-07510,2026-01-01 17:53:47+00:00,0,IOMT-029,S-IOMT-029-531,EHR_WRITE,EP-IND-07510
NET-07511,2026-01-01 17:53:52+00:00,0,IOMT-003,S-IOMT-003-532,EHR_READ,EP-IND-07511
NET-07512,2026-01-01 17:54:27+00:00,0,IOMT-003,S-IOMT-003-533,EHR_READ,EP-IND-07512
NET-07513,2026-01-01 17:54:30+00:00,1,IOMT-002,S-IOMT-002-534,RESEARCH,EP-IND-07513
NET-07514,2026-01-01 17:54:33+00:00,0,IOMT-027,S-IOMT-027-535,RESEARCH,EP-IND-07514
NET-07515,2026-01-01 17:54:40+00:00,0,IOMT-049,S-IOMT-049-536,EHR_READ,EP-IND-07515
NET-07516,2026-01-01 17:54:42+00:00,0,IOMT-044,S-IOMT-044-537,EHR_READ,EP-IND-07516
NET-07517,2026-01-01 17:54:57+00:00,0,IOMT-027,S-IOMT-027-538,RESEARCH,EP-IND-07517
NET-07518,2026-01-01 17:55:08+00:00,0,IOMT-018,S-IOMT-018-539,RESEARCH,EP-IND-07518
NET-07519,2026-01-01 17:55:14+00:00,0,IOMT-018,S-IOMT-018-540,LAB_RESULTS,EP-IND-07519
NET-07520,2026-01-01 17:55:14+00:00,0,IOMT-040,S-IOMT-040-541,EHR_READ,EP-IND-07520
NET-07521,2026-01-01 17:55:15+00:00,0,IOMT-028,S-IOMT-028-542,LAB_RESULTS,EP-IND-07521
NET-07522,2026-01-01 17:55:28+00:00,0,IOMT-046,S-IOMT-046-543,IMAGING,EP-IND-07522
NET-07523,2026-01-01 17:55:51+00:00,0,IOMT-008,S-IOMT-008-544,RESEARCH,EP-IND-07523
NET-07524,2026-01-01 17:55:55+00:00,0,IOMT-038,S-IOMT-038-545,LAB_RESULTS,EP-IND-07524
NET-07525,2026-01-01 17:55:57+00:00,0,IOMT-002,S-IOMT-002-546,IMAGING,EP-IND-07525
NET-07526,2026-01-01 17:56:01+00:00,0,IOMT-012,S-IOMT-012-547,EHR_WRITE,EP-IND-07526
NET-07527,2026-01-01 17:56:12+00:00,0,IOMT-035,S-IOMT-035-548,RESEARCH,EP-IND-07527
NET-07528,2026-01-01 17:56:19+00:00,0,IOMT-003,S-IOMT-003-549,IMAGING,EP-IND-07528
NET-07529,2026-01-01 17:56:45+00:00,0,IOMT-029,S-IOMT-029-550,IMAGING,EP-IND-07529
NET-07530,2026-01-01 17:56:51+00:00,1,IOMT-031,S-IOMT-031-551,IMAGING,EP-IND-07530
NET-07531,2026-01-01 17:56:55+00:00,0,IOMT-008,S-IOMT-008-552,LAB_RESULTS,EP-IND-07531
NET-07532,2026-01-01 17:57:05+00:00,0,IOMT-024,S-IOMT-024-553,IMAGING,EP-IND-07532
NET-07533,2026-01-01 17:57:19+00:00,0,IOMT-020,S-IOMT-020-554,IMAGING,EP-IND-07533
NET-07534,2026-01-01 17:57:24+00:00,0,IOMT-008,S-IOMT-008-555,LAB_RESULTS,EP-IND-07534
NET-07535,2026-01-01 17:57:56+00:00,0,IOMT-017,S-IOMT-017-556,RESEARCH,EP-IND-07535
NET-07536,2026-01-01 17:58:13+00:00,0,IOMT-001,S-IOMT-001-557,RESEARCH,EP-IND-07536
NET-07537,2026-01-01 17:58:21+00:00,0,IOMT-003,S-IOMT-003-558,IMAGING,EP-IND-07537
NET-07538,2026-01-01 17:58:42+00:00,0,IOMT-023,S-IOMT-023-559,RESEARCH,EP-IND-07538
NET-07539,2026-01-01 17:58:48+00:00,0,IOMT-000,S-IOMT-000-560,LAB_RESULTS,EP-IND-07539
NET-07540,2026-01-01 17:58:55+00:00,0,IOMT-030,S-IOMT-030-561,LAB_RESULTS,EP-IND-07540
NET-07541,2026-01-01 17:58:55+00:00,0,IOMT-005,S-IOMT-005-562,IMAGING,EP-IND-07541
NET-07542,2026-01-01 17:59:07+00:00,0,IOMT-029,S-IOMT-029-563,EHR_WRITE,EP-IND-07542
NET-07543,2026-01-01 17:59:17+00:00,0,IOMT-008,S-IOMT-008-564,LAB_RESULTS,EP-IND-07543
NET-07544,2026-01-01 17:59:48+00:00,0,IOMT-043,S-IOMT-043-565,LAB_RESULTS,EP-IND-07544
NET-07545,2026-01-01 18:00:26+00:00,0,IOMT-019,S-IOMT-019-566,LAB_RESULTS,EP-IND-07545
NET-07546,2026-01-01 18:00:40+00:00,0,IOMT-020,S-IOMT-020-567,EHR_WRITE,EP-IND-07546
NET-07547,2026-01-01 18:00:42+00:00,0,IOMT-036,S-IOMT-036-568,EHR_READ,EP-IND-07547
NET-07548,2026-01-01 18:01:12+00:00,0,IOMT-028,S-IOMT-028-569,RESEARCH,EP-IND-07548
NET-07549,2026-01-01 18:01:15+00:00,0,IOMT-014,S-IOMT-014-570,RESEARCH,EP-IND-07549
NET-07550,2026-01-01 18:01:27+00:00,0,IOMT-011,S-IOMT-011-571,IMAGING,EP-IND-07550
NET-07551,2026-01-01 18:01:32+00:00,0,IOMT-007,S-IOMT-007-572,EHR_READ,EP-IND-07551
NET-07552,2026-01-01 18:01:37+00:00,1,IOMT-012,S-IOMT-012-573,IMAGING,EP-IND-07552
NET-07553,2026-01-01 18:01:47+00:00,0,IOMT-042,S-IOMT-042-574,RESEARCH,EP-IND-07553
NET-07554,2026-01-01 18:01:56+00:00,0,IOMT-030,S-IOMT-030-575,EHR_READ,EP-IND-07554
NET-07555,2026-01-01 18:02:09+00:00,0,IOMT-029,S-IOMT-029-576,LAB_RESULTS,EP-IND-07555
NET-07556,2026-01-01 18:02:13+00:00,0,IOMT-046,S-IOMT-046-577,EHR_WRITE,EP-IND-07556
NET-07557,2026-01-01 18:02:20+00:00,0,IOMT-040,S-IOMT-040-578,EHR_READ,EP-IND-07557
NET-07558,2026-01-01 18:02:21+00:00,0,IOMT-047,S-IOMT-047-579,RESEARCH,EP-IND-07558
NET-07559,2026-01-01 18:02:45+00:00,0,IOMT-038,S-IOMT-038-580,EHR_READ,EP-IND-07559
NET-07560,2026-01-01 18:02:52+00:00,0,IOMT-017,S-IOMT-017-581,RESEARCH,EP-IND-07560
NET-07561,2026-01-01 18:02:57+00:00,1,IOMT-005,S-IOMT-005-582,EHR_WRITE,EP-IND-07561
NET-07562,2026-01-01 18:02:58+00:00,0,IOMT-016,S-IOMT-016-583,RESEARCH,EP-IND-07562
NET-07563,2026-01-01 18:03:18+00:00,0,IOMT-006,S-IOMT-006-584,IMAGING,EP-IND-07563
NET-07564,2026-01-01 18:03:21+00:00,0,IOMT-027,S-IOMT-027-585,RESEARCH,EP-IND-07564
NET-07565,2026-01-01 18:03:25+00:00,0,IOMT-049,S-IOMT-049-586,EHR_READ,EP-IND-07565
NET-07566,2026-01-01 18:03:33+00:00,0,IOMT-038,S-IOMT-038-587,RESEARCH,EP-IND-07566
NET-07567,2026-01-01 18:03:48+00:00,0,IOMT-004,S-IOMT-004-588,EHR_WRITE,EP-IND-07567
NET-07568,2026-01-01 18:03:57+00:00,0,IOMT-038,S-IOMT-038-589,EHR_WRITE,EP-IND-07568
NET-07569,2026-01-01 18:04:08+00:00,0,IOMT-013,S-IOMT-013-590,RESEARCH,EP-IND-07569
NET-07570,2026-01-01 18:04:10+00:00,0,IOMT-013,S-IOMT-013-591,RESEARCH,EP-IND-07570
NET-07571,2026-01-01 18:04:21+00:00,0,IOMT-042,S-IOMT-042-592,RESEARCH,EP-IND-07571
NET-07572,2026-01-01 18:04:27+00:00,0,IOMT-039,S-IOMT-039-593,IMAGING,EP-IND-07572
NET-07573,2026-01-01 18:04:41+00:00,0,IOMT-006,S-IOMT-006-594,EHR_WRITE,EP-IND-07573
NET-07574,2026-01-01 18:04:44+00:00,0,IOMT-003,S-IOMT-003-595,EHR_READ,EP-IND-07574
NET-07575,2026-01-01 18:04:55+00:00,0,IOMT-002,S-IOMT-002-596,IMAGING,EP-IND-07575
NET-07576,2026-01-01 18:05:10+00:00,0,IOMT-042,S-IOMT-042-597,LAB_RESULTS,EP-IND-07576
NET-07577,2026-01-01 18:05:12+00:00,0,IOMT-038,S-IOMT-038-598,IMAGING,EP-IND-07577
NET-07578,2026-01-01 18:05:26+00:00,0,IOMT-049,S-IOMT-049-599,RESEARCH,EP-IND-07578
NET-07579,2026-01-01 18:05:50+00:00,0,IOMT-046,S-IOMT-046-600,IMAGING,EP-IND-07579
NET-07580,2026-01-01 18:05:56+00:00,0,IOMT-023,S-IOMT-023-601,RESEARCH,EP-IND-07580
NET-07581,2026-01-01 18:06:00+00:00,0,IOMT-008,S-IOMT-008-602,LAB_RESULTS,EP-IND-07581
NET-07582,2026-01-01 18:06:12+00:00,0,IOMT-009,S-IOMT-009-603,RESEARCH,EP-IND-07582
NET-07583,2026-01-01 18:06:31+00:00,0,IOMT-047,S-IOMT-047-604,LAB_RESULTS,EP-IND-07583
NET-07584,2026-01-01 18:06:37+00:00,0,IOMT-015,S-IOMT-015-605,EHR_READ,EP-IND-07584
NET-07585,2026-01-01 18:07:21+00:00,0,IOMT-022,S-IOMT-022-606,RESEARCH,EP-IND-07585
NET-07586,2026-01-01 18:07:29+00:00,0,IOMT-028,S-IOMT-028-607,LAB_RESULTS,EP-IND-07586
NET-07587,2026-01-01 18:07:33+00:00,0,IOMT-028,S-IOMT-028-608,RESEARCH,EP-IND-07587
NET-07588,2026-01-01 18:08:02+00:00,0,IOMT-049,S-IOMT-049-609,EHR_WRITE,EP-IND-07588
NET-07589,2026-01-01 18:08:02+00:00,0,IOMT-021,S-IOMT-021-610,RESEARCH,EP-IND-07589
NET-07590,2026-01-01 18:08:25+00:00,0,IOMT-009,S-IOMT-009-611,RESEARCH,EP-IND-07590
NET-07591,2026-01-01 18:08:28+00:00,0,IOMT-005,S-IOMT-005-612,RESEARCH,EP-IND-07591
NET-07592,2026-01-01 18:08:28+00:00,1,IOMT-047,S-IOMT-047-613,RESEARCH,EP-IND-07592
NET-07593,2026-01-01 18:08:40+00:00,0,IOMT-004,S-IOMT-004-614,RESEARCH,EP-IND-07593
NET-07594,2026-01-01 18:08:46+00:00,0,IOMT-021,S-IOMT-021-615,IMAGING,EP-IND-07594
NET-07595,2026-01-01 18:09:08+00:00,0,IOMT-008,S-IOMT-008-616,EHR_WRITE,EP-IND-07595
NET-07596,2026-01-01 18:09:20+00:00,0,IOMT-047,S-IOMT-047-617,IMAGING,EP-IND-07596
NET-07597,2026-01-01 18:09:34+00:00,0,IOMT-033,S-IOMT-033-618,LAB_RESULTS,EP-IND-07597
NET-07598,2026-01-01 18:09:48+00:00,0,IOMT-035,S-IOMT-035-619,RESEARCH,EP-IND-07598
NET-07599,2026-01-01 18:09:51+00:00,0,IOMT-033,S-IOMT-033-620,LAB_RESULTS,EP-IND-07599
NET-07600,2026-01-01 18:09:55+00:00,0,IOMT-015,S-IOMT-015-621,EHR_READ,EP-IND-07600
NET-07601,2026-01-01 18:10:00+00:00,0,IOMT-019,S-IOMT-019-622,EHR_READ,EP-IND-07601
NET-07602,2026-01-01 18:10:01+00:00,0,IOMT-033,S-IOMT-033-623,RESEARCH,EP-IND-07602
NET-07603,2026-01-01 18:10:11+00:00,0,IOMT-016,S-IOMT-016-624,IMAGING,EP-IND-07603
NET-07604,2026-01-01 18:10:15+00:00,0,IOMT-037,S-IOMT-037-625,RESEARCH,EP-IND-07604
NET-07605,2026-01-01 18:10:19+00:00,0,IOMT-027,S-IOMT-027-626,RESEARCH,EP-IND-07605
NET-07606,2026-01-01 18:10:31+00:00,0,IOMT-020,S-IOMT-020-627,EHR_READ,EP-IND-07606
NET-07607,2026-01-01 18:10:41+00:00,0,IOMT-047,S-IOMT-047-628,RESEARCH,EP-IND-07607
NET-07608,2026-01-01 18:10:50+00:00,0,IOMT-007,S-IOMT-007-629,IMAGING,EP-IND-07608
NET-07609,2026-01-01 18:10:52+00:00,0,IOMT-027,S-IOMT-027-630,LAB_RESULTS,EP-IND-07609
NET-07610,2026-01-01 18:10:53+00:00,0,IOMT-038,S-IOMT-038-631,EHR_READ,EP-IND-07610
NET-07611,2026-01-01 18:11:02+00:00,0,IOMT-038,S-IOMT-038-632,RESEARCH,EP-IND-07611
NET-07612,2026-01-01 18:11:22+00:00,0,IOMT-017,S-IOMT-017-633,EHR_WRITE,EP-IND-07612
NET-07613,2026-01-01 18:11:24+00:00,1,IOMT-042,S-IOMT-042-634,LAB_RESULTS,EP-IND-07613
NET-07614,2026-01-01 18:11:39+00:00,0,IOMT-039,S-IOMT-039-635,EHR_WRITE,EP-IND-07614
NET-07615,2026-01-01 18:11:40+00:00,0,IOMT-045,S-IOMT-045-636,IMAGING,EP-IND-07615
NET-07616,2026-01-01 18:11:43+00:00,0,IOMT-035,S-IOMT-035-637,LAB_RESULTS,EP-IND-07616
NET-07617,2026-01-01 18:11:47+00:00,0,IOMT-047,S-IOMT-047-638,IMAGING,EP-IND-07617
NET-07618,2026-01-01 18:11:48+00:00,0,IOMT-036,S-IOMT-036-639,RESEARCH,EP-IND-07618
NET-07619,2026-01-01 18:12:08+00:00,0,IOMT-049,S-IOMT-049-640,EHR_WRITE,EP-IND-07619
NET-07620,2026-01-01 18:12:11+00:00,0,IOMT-033,S-IOMT-033-641,LAB_RESULTS,EP-IND-07620
NET-07621,2026-01-01 18:12:30+00:00,0,IOMT-038,S-IOMT-038-642,EHR_WRITE,EP-IND-07621
NET-07622,2026-01-01 18:12:35+00:00,0,IOMT-007,S-IOMT-007-643,EHR_WRITE,EP-IND-07622
NET-07623,2026-01-01 18:13:01+00:00,0,IOMT-016,S-IOMT-016-644,IMAGING,EP-IND-07623
NET-07624,2026-01-01 18:13:22+00:00,0,IOMT-047,S-IOMT-047-645,EHR_WRITE,EP-IND-07624
NET-07625,2026-01-01 18:13:24+00:00,0,IOMT-019,S-IOMT-019-646,IMAGING,EP-IND-07625
NET-07626,2026-01-01 18:13:25+00:00,0,IOMT-003,S-IOMT-003-647,EHR_WRITE,EP-IND-07626
NET-07627,2026-01-01 18:13:35+00:00,0,IOMT-031,S-IOMT-031-648,EHR_READ,EP-IND-07627
NET-07628,2026-01-01 18:13:46+00:00,0,IOMT-042,S-IOMT-042-649,IMAGING,EP-IND-07628
NET-07629,2026-01-01 18:13:52+00:00,0,IOMT-030,S-IOMT-030-650,LAB_RESULTS,EP-IND-07629
NET-07630,2026-01-01 18:13:54+00:00,0,IOMT-035,S-IOMT-035-651,IMAGING,EP-IND-07630
NET-07631,2026-01-01 18:14:04+00:00,0,IOMT-024,S-IOMT-024-652,EHR_WRITE,EP-IND-07631
NET-07632,2026-01-01 18:14:13+00:00,0,IOMT-000,S-IOMT-000-653,RESEARCH,EP-IND-07632
NET-07633,2026-01-01 18:14:18+00:00,0,IOMT-044,S-IOMT-044-654,LAB_RESULTS,EP-IND-07633
NET-07634,2026-01-01 18:14:18+00:00,0,IOMT-001,S-IOMT-001-655,EHR_READ,EP-IND-07634
NET-07635,2026-01-01 18:14:27+00:00,0,IOMT-025,S-IOMT-025-656,IMAGING,EP-IND-07635
NET-07636,2026-01-01 18:14:29+00:00,0,IOMT-010,S-IOMT-010-657,IMAGING,EP-IND-07636
NET-07637,2026-01-01 18:14:29+00:00,0,IOMT-023,S-IOMT-023-658,EHR_READ,EP-IND-07637
NET-07638,2026-01-01 18:14:33+00:00,0,IOMT-042,S-IOMT-042-659,IMAGING,EP-IND-07638
NET-07639,2026-01-01 18:14:43+00:00,0,IOMT-048,S-IOMT-048-660,EHR_WRITE,EP-IND-07639
NET-07640,2026-01-01 18:14:49+00:00,0,IOMT-006,S-IOMT-006-661,IMAGING,EP-IND-07640
NET-07641,2026-01-01 18:15:23+00:00,1,IOMT-021,S-IOMT-021-662,EHR_WRITE,EP-IND-07641
NET-07642,2026-01-01 18:15:36+00:00,0,IOMT-013,S-IOMT-013-663,IMAGING,EP-IND-07642
NET-07643,2026-01-01 18:15:45+00:00,0,IOMT-035,S-IOMT-035-664,LAB_RESULTS,EP-IND-07643
NET-07644,2026-01-01 18:16:26+00:00,0,IOMT-001,S-IOMT-001-665,RESEARCH,EP-IND-07644
NET-07645,2026-01-01 18:16:27+00:00,1,IOMT-005,S-IOMT-005-666,LAB_RESULTS,EP-IND-07645
NET-07646,2026-01-01 18:16:29+00:00,0,IOMT-015,S-IOMT-015-667,LAB_RESULTS,EP-IND-07646
NET-07647,2026-01-01 18:16:33+00:00,0,IOMT-022,S-IOMT-022-668,EHR_WRITE,EP-IND-07647
NET-07648,2026-01-01 18:16:40+00:00,0,IOMT-028,S-IOMT-028-669,LAB_RESULTS,EP-IND-07648
NET-07649,2026-01-01 18:16:45+00:00,0,IOMT-036,S-IOMT-036-670,RESEARCH,EP-IND-07649
NET-07650,2026-01-01 18:16:50+00:00,1,IOMT-005,S-IOMT-005-671,RESEARCH,EP-IND-07650
NET-07651,2026-01-01 18:17:40+00:00,0,IOMT-014,S-IOMT-014-672,EHR_READ,EP-IND-07651
NET-07652,2026-01-01 18:17:41+00:00,0,IOMT-025,S-IOMT-025-673,LAB_RESULTS,EP-IND-07652
NET-07653,2026-01-01 18:17:57+00:00,0,IOMT-010,S-IOMT-010-674,EHR_READ,EP-IND-07653
NET-07654,2026-01-01 18:18:08+00:00,0,IOMT-036,S-IOMT-036-675,EHR_WRITE,EP-IND-07654
NET-07655,2026-01-01 18:18:13+00:00,0,IOMT-036,S-IOMT-036-676,IMAGING,EP-IND-07655
NET-07656,2026-01-01 18:18:25+00:00,0,IOMT-030,S-IOMT-030-677,EHR_WRITE,EP-IND-07656
NET-07657,2026-01-01 18:19:08+00:00,0,IOMT-010,S-IOMT-010-678,EHR_READ,EP-IND-07657
NET-07658,2026-01-01 18:19:24+00:00,0,IOMT-040,S-IOMT-040-679,EHR_WRITE,EP-IND-07658
NET-07659,2026-01-01 18:19:30+00:00,0,IOMT-018,S-IOMT-018-680,EHR_READ,EP-IND-07659
NET-07660,2026-01-01 18:19:32+00:00,0,IOMT-036,S-IOMT-036-681,IMAGING,EP-IND-07660
NET-07661,2026-01-01 18:19:32+00:00,0,IOMT-007,S-IOMT-007-682,EHR_WRITE,EP-IND-07661
NET-07662,2026-01-01 18:20:04+00:00,0,IOMT-031,S-IOMT-031-683,IMAGING,EP-IND-07662
NET-07663,2026-01-01 18:20:06+00:00,0,IOMT-031,S-IOMT-031-684,EHR_READ,EP-IND-07663
NET-07664,2026-01-01 18:20:19+00:00,0,IOMT-013,S-IOMT-013-685,EHR_READ,EP-IND-07664
NET-07665,2026-01-01 18:20:19+00:00,0,IOMT-030,S-IOMT-030-686,EHR_READ,EP-IND-07665
NET-07666,2026-01-01 18:20:22+00:00,0,IOMT-041,S-IOMT-041-687,EHR_READ,EP-IND-07666
NET-07667,2026-01-01 18:20:24+00:00,0,IOMT-002,S-IOMT-002-688,IMAGING,EP-IND-07667
NET-07668,2026-01-01 18:20:37+00:00,0,IOMT-041,S-IOMT-041-689,IMAGING,EP-IND-07668
NET-07669,2026-01-01 18:20:38+00:00,0,IOMT-002,S-IOMT-002-690,RESEARCH,EP-IND-07669
NET-07670,2026-01-01 18:21:00+00:00,0,IOMT-013,S-IOMT-013-691,LAB_RESULTS,EP-IND-07670
NET-07671,2026-01-01 18:21:06+00:00,0,IOMT-042,S-IOMT-042-692,RESEARCH,EP-IND-07671
NET-07672,2026-01-01 18:21:23+00:00,0,IOMT-013,S-IOMT-013-693,RESEARCH,EP-IND-07672
NET-07673,2026-01-01 18:21:24+00:00,0,IOMT-006,S-IOMT-006-694,EHR_READ,EP-IND-07673
NET-07674,2026-01-01 18:21:24+00:00,0,IOMT-018,S-IOMT-018-695,RESEARCH,EP-IND-07674
NET-07675,2026-01-01 18:21:29+00:00,0,IOMT-030,S-IOMT-030-696,IMAGING,EP-IND-07675
NET-07676,2026-01-01 18:21:35+00:00,0,IOMT-006,S-IOMT-006-697,RESEARCH,EP-IND-07676
NET-07677,2026-01-01 18:21:36+00:00,0,IOMT-017,S-IOMT-017-698,EHR_READ,EP-IND-07677
NET-07678,2026-01-01 18:21:57+00:00,0,IOMT-033,S-IOMT-033-699,EHR_READ,EP-IND-07678
NET-07679,2026-01-01 18:22:04+00:00,0,IOMT-037,S-IOMT-037-700,EHR_READ,EP-IND-07679
NET-07680,2026-01-01 18:22:07+00:00,0,IOMT-042,S-IOMT-042-701,RESEARCH,EP-IND-07680
NET-07681,2026-01-01 18:22:16+00:00,0,IOMT-034,S-IOMT-034-702,RESEARCH,EP-IND-07681
NET-07682,2026-01-01 18:22:36+00:00,0,IOMT-015,S-IOMT-015-703,RESEARCH,EP-IND-07682
NET-07683,2026-01-01 18:23:19+00:00,0,IOMT-000,S-IOMT-000-704,IMAGING,EP-IND-07683
NET-07684,2026-01-01 18:23:21+00:00,0,IOMT-034,S-IOMT-034-705,LAB_RESULTS,EP-IND-07684
NET-07685,2026-01-01 18:23:21+00:00,0,IOMT-045,S-IOMT-045-706,IMAGING,EP-IND-07685
NET-07686,2026-01-01 18:23:52+00:00,0,IOMT-006,S-IOMT-006-707,IMAGING,EP-IND-07686
NET-07687,2026-01-01 18:23:53+00:00,0,IOMT-000,S-IOMT-000-708,IMAGING,EP-IND-07687
NET-07688,2026-01-01 18:23:55+00:00,0,IOMT-028,S-IOMT-028-709,RESEARCH,EP-IND-07688
NET-07689,2026-01-01 18:24:02+00:00,0,IOMT-019,S-IOMT-019-710,EHR_WRITE,EP-IND-07689
NET-07690,2026-01-01 18:24:05+00:00,0,IOMT-006,S-IOMT-006-711,RESEARCH,EP-IND-07690
NET-07691,2026-01-01 18:24:08+00:00,0,IOMT-027,S-IOMT-027-712,LAB_RESULTS,EP-IND-07691
NET-07692,2026-01-01 18:24:15+00:00,0,IOMT-019,S-IOMT-019-713,IMAGING,EP-IND-07692
NET-07693,2026-01-01 18:24:17+00:00,0,IOMT-012,S-IOMT-012-714,EHR_READ,EP-IND-07693
NET-07694,2026-01-01 18:24:30+00:00,0,IOMT-013,S-IOMT-013-715,EHR_WRITE,EP-IND-07694
NET-07695,2026-01-01 18:24:34+00:00,0,IOMT-017,S-IOMT-017-716,LAB_RESULTS,EP-IND-07695
NET-07696,2026-01-01 18:24:41+00:00,0,IOMT-037,S-IOMT-037-717,RESEARCH,EP-IND-07696
NET-07697,2026-01-01 18:24:54+00:00,1,IOMT-046,S-IOMT-046-718,EHR_READ,EP-IND-07697
NET-07698,2026-01-01 18:25:08+00:00,0,IOMT-039,S-IOMT-039-719,EHR_READ,EP-IND-07698
NET-07699,2026-01-01 18:25:16+00:00,0,IOMT-029,S-IOMT-029-720,EHR_READ,EP-IND-07699
NET-07700,2026-01-01 18:25:36+00:00,0,IOMT-031,S-IOMT-031-721,EHR_READ,EP-IND-07700
NET-07701,2026-01-01 18:25:53+00:00,0,IOMT-034,S-IOMT-034-722,EHR_WRITE,EP-IND-07701
NET-07702,2026-01-01 18:26:36+00:00,0,IOMT-034,S-IOMT-034-723,EHR_READ,EP-IND-07702
NET-07703,2026-01-01 18:26:37+00:00,0,IOMT-031,S-IOMT-031-724,RESEARCH,EP-IND-07703
NET-07704,2026-01-01 18:26:59+00:00,0,IOMT-025,S-IOMT-025-725,EHR_READ,EP-IND-07704
NET-07705,2026-01-01 18:27:13+00:00,0,IOMT-035,S-IOMT-035-726,LAB_RESULTS,EP-IND-07705
NET-07706,2026-01-01 18:27:14+00:00,0,IOMT-026,S-IOMT-026-727,EHR_READ,EP-IND-07706
NET-07707,2026-01-01 18:27:15+00:00,0,IOMT-037,S-IOMT-037-728,IMAGING,EP-IND-07707
NET-07708,2026-01-01 18:27:32+00:00,0,IOMT-000,S-IOMT-000-729,RESEARCH,EP-IND-07708
NET-07709,2026-01-01 18:27:33+00:00,1,IOMT-008,S-IOMT-008-730,EHR_WRITE,EP-IND-07709
NET-07710,2026-01-01 18:27:37+00:00,0,IOMT-025,S-IOMT-025-731,IMAGING,EP-IND-07710
NET-07711,2026-01-01 18:27:37+00:00,0,IOMT-007,S-IOMT-007-732,IMAGING,EP-IND-07711
NET-07712,2026-01-01 18:27:38+00:00,0,IOMT-008,S-IOMT-008-733,EHR_WRITE,EP-IND-07712
NET-07713,2026-01-01 18:27:41+00:00,0,IOMT-012,S-IOMT-012-734,RESEARCH,EP-IND-07713
NET-07714,2026-01-01 18:27:57+00:00,1,IOMT-030,S-IOMT-030-735,LAB_RESULTS,EP-IND-07714
NET-07715,2026-01-01 18:28:06+00:00,0,IOMT-017,S-IOMT-017-736,LAB_RESULTS,EP-IND-07715
NET-07716,2026-01-01 18:28:10+00:00,0,IOMT-042,S-IOMT-042-737,LAB_RESULTS,EP-IND-07716
NET-07717,2026-01-01 18:28:41+00:00,0,IOMT-023,S-IOMT-023-738,LAB_RESULTS,EP-IND-07717
NET-07718,2026-01-01 18:28:44+00:00,0,IOMT-038,S-IOMT-038-739,LAB_RESULTS,EP-IND-07718
NET-07719,2026-01-01 18:28:45+00:00,0,IOMT-010,S-IOMT-010-740,LAB_RESULTS,EP-IND-07719
NET-07720,2026-01-01 18:29:05+00:00,0,IOMT-040,S-IOMT-040-741,LAB_RESULTS,EP-IND-07720
NET-07721,2026-01-01 18:29:32+00:00,0,IOMT-039,S-IOMT-039-742,LAB_RESULTS,EP-IND-07721
NET-07722,2026-01-01 18:29:38+00:00,0,IOMT-035,S-IOMT-035-743,LAB_RESULTS,EP-IND-07722
NET-07723,2026-01-01 18:29:38+00:00,0,IOMT-004,S-IOMT-004-744,EHR_READ,EP-IND-07723
NET-07724,2026-01-01 18:29:39+00:00,0,IOMT-045,S-IOMT-045-745,IMAGING,EP-IND-07724
NET-07725,2026-01-01 18:29:51+00:00,0,IOMT-001,S-IOMT-001-746,EHR_READ,EP-IND-07725
NET-07726,2026-01-01 18:29:51+00:00,0,IOMT-010,S-IOMT-010-747,EHR_READ,EP-IND-07726
NET-07727,2026-01-01 18:30:03+00:00,0,IOMT-004,S-IOMT-004-748,RESEARCH,EP-IND-07727
NET-07728,2026-01-01 18:30:04+00:00,0,IOMT-036,S-IOMT-036-749,LAB_RESULTS,EP-IND-07728
NET-07729,2026-01-01 18:30:15+00:00,0,IOMT-008,S-IOMT-008-750,LAB_RESULTS,EP-IND-07729
NET-07730,2026-01-01 18:30:35+00:00,0,IOMT-003,S-IOMT-003-751,RESEARCH,EP-IND-07730
NET-07731,2026-01-01 18:31:34+00:00,0,IOMT-011,S-IOMT-011-752,RESEARCH,EP-IND-07731
NET-07732,2026-01-01 18:31:38+00:00,0,IOMT-013,S-IOMT-013-753,EHR_READ,EP-IND-07732
NET-07733,2026-01-01 18:31:42+00:00,0,IOMT-029,S-IOMT-029-754,EHR_WRITE,EP-IND-07733
NET-07734,2026-01-01 18:31:46+00:00,0,IOMT-048,S-IOMT-048-755,IMAGING,EP-IND-07734
NET-07735,2026-01-01 18:31:51+00:00,0,IOMT-039,S-IOMT-039-756,LAB_RESULTS,EP-IND-07735
NET-07736,2026-01-01 18:31:54+00:00,0,IOMT-034,S-IOMT-034-757,LAB_RESULTS,EP-IND-07736
NET-07737,2026-01-01 18:31:56+00:00,0,IOMT-021,S-IOMT-021-758,LAB_RESULTS,EP-IND-07737
NET-07738,2026-01-01 18:32:07+00:00,0,IOMT-014,S-IOMT-014-759,RESEARCH,EP-IND-07738
NET-07739,2026-01-01 18:32:18+00:00,0,IOMT-019,S-IOMT-019-760,IMAGING,EP-IND-07739
NET-07740,2026-01-01 18:32:20+00:00,0,IOMT-007,S-IOMT-007-761,RESEARCH,EP-IND-07740
NET-07741,2026-01-01 18:32:21+00:00,0,IOMT-015,S-IOMT-015-762,LAB_RESULTS,EP-IND-07741
NET-07742,2026-01-01 18:32:26+00:00,0,IOMT-031,S-IOMT-031-763,RESEARCH,EP-IND-07742
NET-07743,2026-01-01 18:32:30+00:00,0,IOMT-029,S-IOMT-029-764,LAB_RESULTS,EP-IND-07743
NET-07744,2026-01-01 18:32:56+00:00,0,IOMT-022,S-IOMT-022-765,IMAGING,EP-IND-07744
NET-07745,2026-01-01 18:33:07+00:00,0,IOMT-005,S-IOMT-005-766,RESEARCH,EP-IND-07745
NET-07746,2026-01-01 18:33:12+00:00,0,IOMT-017,S-IOMT-017-767,EHR_READ,EP-IND-07746
NET-07747,2026-01-01 18:33:18+00:00,0,IOMT-048,S-IOMT-048-768,IMAGING,EP-IND-07747
NET-07748,2026-01-01 18:33:19+00:00,0,IOMT-005,S-IOMT-005-769,EHR_READ,EP-IND-07748
NET-07749,2026-01-01 18:33:27+00:00,0,IOMT-036,S-IOMT-036-770,EHR_READ,EP-IND-07749
NET-07750,2026-01-01 18:33:56+00:00,0,IOMT-018,S-IOMT-018-771,IMAGING,EP-IND-07750
NET-07751,2026-01-01 18:33:57+00:00,0,IOMT-001,S-IOMT-001-772,EHR_READ,EP-IND-07751
NET-07752,2026-01-01 18:33:58+00:00,0,IOMT-010,S-IOMT-010-773,IMAGING,EP-IND-07752
NET-07753,2026-01-01 18:34:00+00:00,0,IOMT-041,S-IOMT-041-774,LAB_RESULTS,EP-IND-07753
NET-07754,2026-01-01 18:34:04+00:00,1,IOMT-004,S-IOMT-004-775,RESEARCH,EP-IND-07754
NET-07755,2026-01-01 18:34:31+00:00,0,IOMT-047,S-IOMT-047-776,EHR_WRITE,EP-IND-07755
NET-07756,2026-01-01 18:34:32+00:00,0,IOMT-010,S-IOMT-010-777,RESEARCH,EP-IND-07756
NET-07757,2026-01-01 18:34:36+00:00,0,IOMT-023,S-IOMT-023-778,EHR_WRITE,EP-IND-07757
NET-07758,2026-01-01 18:34:39+00:00,0,IOMT-002,S-IOMT-002-779,IMAGING,EP-IND-07758
NET-07759,2026-01-01 18:34:40+00:00,0,IOMT-026,S-IOMT-026-780,EHR_WRITE,EP-IND-07759
NET-07760,2026-01-01 18:34:48+00:00,0,IOMT-027,S-IOMT-027-781,LAB_RESULTS,EP-IND-07760
NET-07761,2026-01-01 18:35:08+00:00,1,IOMT-009,S-IOMT-009-782,RESEARCH,EP-IND-07761
NET-07762,2026-01-01 18:35:11+00:00,0,IOMT-020,S-IOMT-020-783,EHR_WRITE,EP-IND-07762
NET-07763,2026-01-01 18:35:12+00:00,0,IOMT-021,S-IOMT-021-784,LAB_RESULTS,EP-IND-07763
NET-07764,2026-01-01 18:35:23+00:00,0,IOMT-033,S-IOMT-033-785,EHR_WRITE,EP-IND-07764
NET-07765,2026-01-01 18:35:24+00:00,0,IOMT-028,S-IOMT-028-786,RESEARCH,EP-IND-07765
NET-07766,2026-01-01 18:35:32+00:00,0,IOMT-036,S-IOMT-036-787,RESEARCH,EP-IND-07766
NET-07767,2026-01-01 18:35:34+00:00,0,IOMT-034,S-IOMT-034-788,EHR_WRITE,EP-IND-07767
NET-07768,2026-01-01 18:35:38+00:00,0,IOMT-015,S-IOMT-015-789,IMAGING,EP-IND-07768
NET-07769,2026-01-01 18:35:49+00:00,0,IOMT-048,S-IOMT-048-790,LAB_RESULTS,EP-IND-07769
NET-07770,2026-01-01 18:35:54+00:00,0,IOMT-033,S-IOMT-033-791,EHR_READ,EP-IND-07770
NET-07771,2026-01-01 18:36:10+00:00,0,IOMT-039,S-IOMT-039-792,LAB_RESULTS,EP-IND-07771
NET-07772,2026-01-01 18:36:13+00:00,0,IOMT-008,S-IOMT-008-793,LAB_RESULTS,EP-IND-07772
NET-07773,2026-01-01 18:36:14+00:00,0,IOMT-048,S-IOMT-048-794,IMAGING,EP-IND-07773
NET-07774,2026-01-01 18:36:29+00:00,0,IOMT-013,S-IOMT-013-795,EHR_WRITE,EP-IND-07774
NET-07775,2026-01-01 18:36:32+00:00,0,IOMT-021,S-IOMT-021-796,RESEARCH,EP-IND-07775
NET-07776,2026-01-01 18:36:38+00:00,0,IOMT-028,S-IOMT-028-797,LAB_RESULTS,EP-IND-07776
NET-07777,2026-01-01 18:36:38+00:00,0,IOMT-021,S-IOMT-021-798,EHR_READ,EP-IND-07777
NET-07778,2026-01-01 18:36:40+00:00,0,IOMT-009,S-IOMT-009-799,IMAGING,EP-IND-07778
NET-07779,2026-01-01 18:36:59+00:00,0,IOMT-030,S-IOMT-030-800,EHR_WRITE,EP-IND-07779
NET-07780,2026-01-01 18:37:01+00:00,0,IOMT-026,S-IOMT-026-801,RESEARCH,EP-IND-07780
NET-07781,2026-01-01 18:37:01+00:00,0,IOMT-007,S-IOMT-007-802,EHR_READ,EP-IND-07781
NET-07782,2026-01-01 18:37:14+00:00,0,IOMT-049,S-IOMT-049-803,RESEARCH,EP-IND-07782
NET-07783,2026-01-01 18:37:17+00:00,0,IOMT-026,S-IOMT-026-804,EHR_WRITE,EP-IND-07783
NET-07784,2026-01-01 18:37:19+00:00,0,IOMT-037,S-IOMT-037-805,EHR_WRITE,EP-IND-07784
NET-07785,2026-01-01 18:37:19+00:00,0,IOMT-015,S-IOMT-015-806,IMAGING,EP-IND-07785
NET-07786,2026-01-01 18:37:23+00:00,0,IOMT-049,S-IOMT-049-807,IMAGING,EP-IND-07786
NET-07787,2026-01-01 18:37:32+00:00,0,IOMT-038,S-IOMT-038-808,RESEARCH,EP-IND-07787
NET-07788,2026-01-01 18:37:34+00:00,0,IOMT-031,S-IOMT-031-809,EHR_WRITE,EP-IND-07788
NET-07789,2026-01-01 18:37:35+00:00,0,IOMT-042,S-IOMT-042-810,EHR_WRITE,EP-IND-07789
NET-07790,2026-01-01 18:37:36+00:00,0,IOMT-012,S-IOMT-012-811,LAB_RESULTS,EP-IND-07790
NET-07791,2026-01-01 18:37:36+00:00,0,IOMT-043,S-IOMT-043-812,EHR_READ,EP-IND-07791
NET-07792,2026-01-01 18:37:36+00:00,0,IOMT-045,S-IOMT-045-813,LAB_RESULTS,EP-IND-07792
NET-07793,2026-01-01 18:37:49+00:00,0,IOMT-034,S-IOMT-034-814,EHR_WRITE,EP-IND-07793
NET-07794,2026-01-01 18:37:50+00:00,0,IOMT-030,S-IOMT-030-815,EHR_WRITE,EP-IND-07794
NET-07795,2026-01-01 18:37:54+00:00,0,IOMT-028,S-IOMT-028-816,RESEARCH,EP-IND-07795
NET-07796,2026-01-01 18:37:55+00:00,0,IOMT-028,S-IOMT-028-817,EHR_READ,EP-IND-07796
NET-07797,2026-01-01 18:38:00+00:00,0,IOMT-040,S-IOMT-040-818,IMAGING,EP-IND-07797
NET-07798,2026-01-01 18:38:02+00:00,0,IOMT-013,S-IOMT-013-819,LAB_RESULTS,EP-IND-07798
NET-07799,2026-01-01 18:38:03+00:00,0,IOMT-022,S-IOMT-022-820,RESEARCH,EP-IND-07799
NET-07800,2026-01-01 18:38:09+00:00,1,IOMT-044,S-IOMT-044-821,LAB_RESULTS,EP-IND-07800
NET-07801,2026-01-01 18:38:12+00:00,0,IOMT-033,S-IOMT-033-822,EHR_WRITE,EP-IND-07801
NET-07802,2026-01-01 18:38:13+00:00,0,IOMT-039,S-IOMT-039-823,RESEARCH,EP-IND-07802
NET-07803,2026-01-01 18:38:26+00:00,0,IOMT-046,S-IOMT-046-824,IMAGING,EP-IND-07803
NET-07804,2026-01-01 18:38:28+00:00,0,IOMT-017,S-IOMT-017-825,LAB_RESULTS,EP-IND-07804
NET-07805,2026-01-01 18:38:29+00:00,0,IOMT-018,S-IOMT-018-826,RESEARCH,EP-IND-07805
NET-07806,2026-01-01 18:38:31+00:00,0,IOMT-033,S-IOMT-033-827,IMAGING,EP-IND-07806
NET-07807,2026-01-01 18:38:33+00:00,0,IOMT-029,S-IOMT-029-828,LAB_RESULTS,EP-IND-07807
NET-07808,2026-01-01 18:38:42+00:00,0,IOMT-047,S-IOMT-047-829,RESEARCH,EP-IND-07808
NET-07809,2026-01-01 18:38:58+00:00,0,IOMT-000,S-IOMT-000-830,LAB_RESULTS,EP-IND-07809
NET-07810,2026-01-01 18:39:17+00:00,0,IOMT-040,S-IOMT-040-831,IMAGING,EP-IND-07810
NET-07811,2026-01-01 18:39:44+00:00,0,IOMT-041,S-IOMT-041-832,RESEARCH,EP-IND-07811
NET-07812,2026-01-01 18:39:48+00:00,0,IOMT-032,S-IOMT-032-833,LAB_RESULTS,EP-IND-07812
NET-07813,2026-01-01 18:39:51+00:00,0,IOMT-041,S-IOMT-041-834,IMAGING,EP-IND-07813
NET-07814,2026-01-01 18:39:52+00:00,0,IOMT-049,S-IOMT-049-835,EHR_WRITE,EP-IND-07814
NET-07815,2026-01-01 18:39:55+00:00,0,IOMT-039,S-IOMT-039-836,LAB_RESULTS,EP-IND-07815
NET-07816,2026-01-01 18:39:57+00:00,0,IOMT-028,S-IOMT-028-837,EHR_WRITE,EP-IND-07816
NET-07817,2026-01-01 18:40:25+00:00,0,IOMT-010,S-IOMT-010-838,EHR_READ,EP-IND-07817
NET-07818,2026-01-01 18:40:28+00:00,0,IOMT-033,S-IOMT-033-839,RESEARCH,EP-IND-07818
NET-07819,2026-01-01 18:40:31+00:00,0,IOMT-019,S-IOMT-019-840,LAB_RESULTS,EP-IND-07819
NET-07820,2026-01-01 18:40:34+00:00,0,IOMT-009,S-IOMT-009-841,EHR_READ,EP-IND-07820
NET-07821,2026-01-01 18:40:40+00:00,0,IOMT-024,S-IOMT-024-842,IMAGING,EP-IND-07821
NET-07822,2026-01-01 18:40:57+00:00,0,IOMT-011,S-IOMT-011-843,IMAGING,EP-IND-07822
NET-07823,2026-01-01 18:41:07+00:00,0,IOMT-045,S-IOMT-045-844,EHR_WRITE,EP-IND-07823
NET-07824,2026-01-01 18:41:10+00:00,0,IOMT-025,S-IOMT-025-845,IMAGING,EP-IND-07824
NET-07825,2026-01-01 18:41:27+00:00,1,IOMT-011,S-IOMT-011-846,EHR_READ,EP-IND-07825
NET-07826,2026-01-01 18:41:31+00:00,0,IOMT-041,S-IOMT-041-847,IMAGING,EP-IND-07826
NET-07827,2026-01-01 18:41:37+00:00,0,IOMT-017,S-IOMT-017-848,LAB_RESULTS,EP-IND-07827
NET-07828,2026-01-01 18:41:37+00:00,0,IOMT-006,S-IOMT-006-849,LAB_RESULTS,EP-IND-07828
NET-07829,2026-01-01 18:41:43+00:00,0,IOMT-025,S-IOMT-025-850,RESEARCH,EP-IND-07829
NET-07830,2026-01-01 18:41:46+00:00,0,IOMT-000,S-IOMT-000-851,LAB_RESULTS,EP-IND-07830
NET-07831,2026-01-01 18:41:49+00:00,0,IOMT-013,S-IOMT-013-852,EHR_READ,EP-IND-07831
NET-07832,2026-01-01 18:41:52+00:00,0,IOMT-031,S-IOMT-031-853,EHR_WRITE,EP-IND-07832
NET-07833,2026-01-01 18:41:55+00:00,0,IOMT-021,S-IOMT-021-854,IMAGING,EP-IND-07833
NET-07834,2026-01-01 18:42:03+00:00,0,IOMT-013,S-IOMT-013-855,LAB_RESULTS,EP-IND-07834
NET-07835,2026-01-01 18:42:13+00:00,0,IOMT-001,S-IOMT-001-856,EHR_READ,EP-IND-07835
NET-07836,2026-01-01 18:42:35+00:00,0,IOMT-016,S-IOMT-016-857,EHR_WRITE,EP-IND-07836
NET-07837,2026-01-01 18:42:36+00:00,0,IOMT-002,S-IOMT-002-858,EHR_READ,EP-IND-07837
NET-07838,2026-01-01 18:42:42+00:00,0,IOMT-032,S-IOMT-032-859,EHR_WRITE,EP-IND-07838
NET-07839,2026-01-01 18:42:44+00:00,0,IOMT-033,S-IOMT-033-860,EHR_READ,EP-IND-07839
NET-07840,2026-01-01 18:43:00+00:00,0,IOMT-000,S-IOMT-000-861,LAB_RESULTS,EP-IND-07840
NET-07841,2026-01-01 18:43:02+00:00,0,IOMT-033,S-IOMT-033-862,EHR_WRITE,EP-IND-07841
NET-07842,2026-01-01 18:43:03+00:00,0,IOMT-023,S-IOMT-023-863,EHR_READ,EP-IND-07842
NET-07843,2026-01-01 18:43:09+00:00,0,IOMT-001,S-IOMT-001-864,RESEARCH,EP-IND-07843
NET-07844,2026-01-01 18:43:12+00:00,0,IOMT-033,S-IOMT-033-865,EHR_READ,EP-IND-07844
NET-07845,2026-01-01 18:43:43+00:00,0,IOMT-048,S-IOMT-048-866,LAB_RESULTS,EP-IND-07845
NET-07846,2026-01-01 18:43:43+00:00,0,IOMT-033,S-IOMT-033-867,LAB_RESULTS,EP-IND-07846
NET-07847,2026-01-01 18:43:45+00:00,0,IOMT-025,S-IOMT-025-868,EHR_WRITE,EP-IND-07847
NET-07848,2026-01-01 18:44:05+00:00,0,IOMT-033,S-IOMT-033-869,LAB_RESULTS,EP-IND-07848
NET-07849,2026-01-01 18:44:05+00:00,1,IOMT-004,S-IOMT-004-870,RESEARCH,EP-IND-07849
NET-07850,2026-01-01 18:44:51+00:00,0,IOMT-028,S-IOMT-028-871,EHR_READ,EP-IND-07850
NET-07851,2026-01-01 18:44:56+00:00,0,IOMT-042,S-IOMT-042-872,EHR_READ,EP-IND-07851
NET-07852,2026-01-01 18:45:06+00:00,0,IOMT-003,S-IOMT-003-873,LAB_RESULTS,EP-IND-07852
NET-07853,2026-01-01 18:45:09+00:00,0,IOMT-018,S-IOMT-018-874,LAB_RESULTS,EP-IND-07853
NET-07854,2026-01-01 18:45:25+00:00,0,IOMT-033,S-IOMT-033-875,EHR_WRITE,EP-IND-07854
NET-07855,2026-01-01 18:45:25+00:00,0,IOMT-016,S-IOMT-016-876,LAB_RESULTS,EP-IND-07855
NET-07856,2026-01-01 18:45:30+00:00,0,IOMT-012,S-IOMT-012-877,LAB_RESULTS,EP-IND-07856
NET-07857,2026-01-01 18:46:07+00:00,0,IOMT-044,S-IOMT-044-878,RESEARCH,EP-IND-07857
NET-07858,2026-01-01 18:46:14+00:00,0,IOMT-009,S-IOMT-009-879,EHR_READ,EP-IND-07858
NET-07859,2026-01-01 18:46:23+00:00,0,IOMT-011,S-IOMT-011-880,EHR_READ,EP-IND-07859
NET-07860,2026-01-01 18:46:23+00:00,0,IOMT-041,S-IOMT-041-881,IMAGING,EP-IND-07860
NET-07861,2026-01-01 18:46:35+00:00,0,IOMT-029,S-IOMT-029-882,IMAGING,EP-IND-07861
NET-07862,2026-01-01 18:46:41+00:00,0,IOMT-020,S-IOMT-020-883,LAB_RESULTS,EP-IND-07862
NET-07863,2026-01-01 18:46:45+00:00,0,IOMT-014,S-IOMT-014-884,RESEARCH,EP-IND-07863
NET-07864,2026-01-01 18:47:19+00:00,0,IOMT-001,S-IOMT-001-885,EHR_READ,EP-IND-07864
NET-07865,2026-01-01 18:47:23+00:00,0,IOMT-048,S-IOMT-048-886,EHR_WRITE,EP-IND-07865
NET-07866,2026-01-01 18:47:58+00:00,0,IOMT-041,S-IOMT-041-887,RESEARCH,EP-IND-07866
NET-07867,2026-01-01 18:48:02+00:00,0,IOMT-040,S-IOMT-040-888,LAB_RESULTS,EP-IND-07867
NET-07868,2026-01-01 18:48:05+00:00,0,IOMT-038,S-IOMT-038-889,LAB_RESULTS,EP-IND-07868
NET-07869,2026-01-01 18:48:17+00:00,0,IOMT-004,S-IOMT-004-890,EHR_READ,EP-IND-07869
NET-07870,2026-01-01 18:48:24+00:00,0,IOMT-013,S-IOMT-013-891,LAB_RESULTS,EP-IND-07870
NET-07871,2026-01-01 18:48:25+00:00,0,IOMT-004,S-IOMT-004-892,EHR_READ,EP-IND-07871
NET-07872,2026-01-01 18:48:30+00:00,0,IOMT-015,S-IOMT-015-893,EHR_WRITE,EP-IND-07872
NET-07873,2026-01-01 18:48:48+00:00,0,IOMT-024,S-IOMT-024-894,LAB_RESULTS,EP-IND-07873
NET-07874,2026-01-01 18:48:53+00:00,0,IOMT-025,S-IOMT-025-895,EHR_WRITE,EP-IND-07874
NET-07875,2026-01-01 18:48:54+00:00,0,IOMT-032,S-IOMT-032-896,IMAGING,EP-IND-07875
NET-07876,2026-01-01 18:48:55+00:00,0,IOMT-018,S-IOMT-018-897,IMAGING,EP-IND-07876
NET-07877,2026-01-01 18:49:09+00:00,0,IOMT-040,S-IOMT-040-898,EHR_WRITE,EP-IND-07877
NET-07878,2026-01-01 18:49:13+00:00,0,IOMT-035,S-IOMT-035-899,EHR_READ,EP-IND-07878
NET-07879,2026-01-01 18:49:13+00:00,0,IOMT-038,S-IOMT-038-900,IMAGING,EP-IND-07879
NET-07880,2026-01-01 18:49:41+00:00,0,IOMT-009,S-IOMT-009-901,EHR_WRITE,EP-IND-07880
NET-07881,2026-01-01 18:50:01+00:00,0,IOMT-009,S-IOMT-009-902,EHR_WRITE,EP-IND-07881
NET-07882,2026-01-01 18:50:01+00:00,0,IOMT-036,S-IOMT-036-903,RESEARCH,EP-IND-07882
NET-07883,2026-01-01 18:50:05+00:00,0,IOMT-035,S-IOMT-035-904,LAB_RESULTS,EP-IND-07883
NET-07884,2026-01-01 18:50:19+00:00,0,IOMT-027,S-IOMT-027-905,RESEARCH,EP-IND-07884
NET-07885,2026-01-01 18:50:22+00:00,0,IOMT-034,S-IOMT-034-906,RESEARCH,EP-IND-07885
NET-07886,2026-01-01 18:50:22+00:00,1,IOMT-006,S-IOMT-006-907,EHR_READ,EP-IND-07886
NET-07887,2026-01-01 18:50:25+00:00,0,IOMT-040,S-IOMT-040-908,EHR_WRITE,EP-IND-07887
NET-07888,2026-01-01 18:50:42+00:00,0,IOMT-030,S-IOMT-030-909,IMAGING,EP-IND-07888
NET-07889,2026-01-01 18:51:28+00:00,0,IOMT-042,S-IOMT-042-910,RESEARCH,EP-IND-07889
NET-07890,2026-01-01 18:51:28+00:00,0,IOMT-040,S-IOMT-040-911,EHR_READ,EP-IND-07890
NET-07891,2026-01-01 18:51:31+00:00,0,IOMT-011,S-IOMT-011-912,IMAGING,EP-IND-07891
NET-07892,2026-01-01 18:51:43+00:00,0,IOMT-044,S-IOMT-044-913,EHR_WRITE,EP-IND-07892
NET-07893,2026-01-01 18:51:48+00:00,0,IOMT-006,S-IOMT-006-914,LAB_RESULTS,EP-IND-07893
NET-07894,2026-01-01 18:51:51+00:00,1,IOMT-035,S-IOMT-035-915,LAB_RESULTS,EP-IND-07894
NET-07895,2026-01-01 18:52:12+00:00,0,IOMT-030,S-IOMT-030-916,IMAGING,EP-IND-07895
NET-07896,2026-01-01 18:52:17+00:00,0,IOMT-012,S-IOMT-012-917,LAB_RESULTS,EP-IND-07896
NET-07897,2026-01-01 18:52:19+00:00,0,IOMT-022,S-IOMT-022-918,IMAGING,EP-IND-07897
NET-07898,2026-01-01 18:52:43+00:00,0,IOMT-017,S-IOMT-017-919,EHR_WRITE,EP-IND-07898
NET-07899,2026-01-01 18:52:47+00:00,0,IOMT-032,S-IOMT-032-920,IMAGING,EP-IND-07899
NET-07900,2026-01-01 18:52:55+00:00,0,IOMT-040,S-IOMT-040-921,RESEARCH,EP-IND-07900
NET-07901,2026-01-01 18:52:59+00:00,0,IOMT-026,S-IOMT-026-922,EHR_READ,EP-IND-07901
NET-07902,2026-01-01 18:53:03+00:00,0,IOMT-020,S-IOMT-020-923,EHR_WRITE,EP-IND-07902
NET-07903,2026-01-01 18:53:15+00:00,0,IOMT-021,S-IOMT-021-924,IMAGING,EP-IND-07903
NET-07904,2026-01-01 18:53:15+00:00,0,IOMT-016,S-IOMT-016-925,IMAGING,EP-IND-07904
NET-07905,2026-01-01 18:53:37+00:00,0,IOMT-024,S-IOMT-024-926,IMAGING,EP-IND-07905
NET-07906,2026-01-01 18:53:58+00:00,0,IOMT-043,S-IOMT-043-927,EHR_READ,EP-IND-07906
NET-07907,2026-01-01 18:54:23+00:00,0,IOMT-020,S-IOMT-020-928,EHR_READ,EP-IND-07907
NET-07908,2026-01-01 18:54:34+00:00,0,IOMT-046,S-IOMT-046-929,LAB_RESULTS,EP-IND-07908
NET-07909,2026-01-01 18:54:43+00:00,0,IOMT-026,S-IOMT-026-930,EHR_READ,EP-IND-07909
NET-07910,2026-01-01 18:55:08+00:00,0,IOMT-044,S-IOMT-044-931,IMAGING,EP-IND-07910
NET-07911,2026-01-01 18:55:15+00:00,0,IOMT-012,S-IOMT-012-932,IMAGING,EP-IND-07911
NET-07912,2026-01-01 18:55:16+00:00,0,IOMT-004,S-IOMT-004-933,LAB_RESULTS,EP-IND-07912
NET-07913,2026-01-01 18:55:27+00:00,0,IOMT-013,S-IOMT-013-934,IMAGING,EP-IND-07913
NET-07914,2026-01-01 18:55:37+00:00,0,IOMT-006,S-IOMT-006-935,EHR_READ,EP-IND-07914
NET-07915,2026-01-01 18:55:39+00:00,0,IOMT-016,S-IOMT-016-936,EHR_READ,EP-IND-07915
NET-07916,2026-01-01 18:55:46+00:00,0,IOMT-041,S-IOMT-041-937,EHR_READ,EP-IND-07916
NET-07917,2026-01-01 18:55:47+00:00,0,IOMT-049,S-IOMT-049-938,RESEARCH,EP-IND-07917
NET-07918,2026-01-01 18:55:48+00:00,0,IOMT-027,S-IOMT-027-939,IMAGING,EP-IND-07918
NET-07919,2026-01-01 18:55:53+00:00,0,IOMT-006,S-IOMT-006-940,EHR_WRITE,EP-IND-07919
NET-07920,2026-01-01 18:55:58+00:00,0,IOMT-045,S-IOMT-045-941,RESEARCH,EP-IND-07920
NET-07921,2026-01-01 18:56:01+00:00,0,IOMT-021,S-IOMT-021-942,IMAGING,EP-IND-07921
NET-07922,2026-01-01 18:56:03+00:00,0,IOMT-010,S-IOMT-010-943,EHR_WRITE,EP-IND-07922
NET-07923,2026-01-01 18:56:05+00:00,0,IOMT-019,S-IOMT-019-944,IMAGING,EP-IND-07923
NET-07924,2026-01-01 18:56:05+00:00,0,IOMT-017,S-IOMT-017-945,EHR_WRITE,EP-IND-07924
NET-07925,2026-01-01 18:56:08+00:00,0,IOMT-028,S-IOMT-028-946,IMAGING,EP-IND-07925
NET-07926,2026-01-01 18:56:18+00:00,0,IOMT-015,S-IOMT-015-947,RESEARCH,EP-IND-07926
NET-07927,2026-01-01 18:56:20+00:00,0,IOMT-011,S-IOMT-011-948,EHR_WRITE,EP-IND-07927
NET-07928,2026-01-01 18:56:22+00:00,0,IOMT-036,S-IOMT-036-949,EHR_WRITE,EP-IND-07928
NET-07929,2026-01-01 18:56:25+00:00,0,IOMT-010,S-IOMT-010-950,RESEARCH,EP-IND-07929
NET-07930,2026-01-01 18:56:47+00:00,0,IOMT-003,S-IOMT-003-951,RESEARCH,EP-IND-07930
NET-07931,2026-01-01 18:56:49+00:00,0,IOMT-000,S-IOMT-000-952,EHR_WRITE,EP-IND-07931
NET-07932,2026-01-01 18:56:55+00:00,0,IOMT-028,S-IOMT-028-953,IMAGING,EP-IND-07932
NET-07933,2026-01-01 18:56:59+00:00,0,IOMT-014,S-IOMT-014-954,IMAGING,EP-IND-07933
NET-07934,2026-01-01 18:57:05+00:00,0,IOMT-020,S-IOMT-020-955,RESEARCH,EP-IND-07934
NET-07935,2026-01-01 18:57:06+00:00,0,IOMT-043,S-IOMT-043-956,EHR_READ,EP-IND-07935
NET-07936,2026-01-01 18:57:08+00:00,0,IOMT-023,S-IOMT-023-957,LAB_RESULTS,EP-IND-07936
NET-07937,2026-01-01 18:57:21+00:00,0,IOMT-041,S-IOMT-041-958,EHR_WRITE,EP-IND-07937
NET-07938,2026-01-01 18:57:39+00:00,0,IOMT-025,S-IOMT-025-959,EHR_READ,EP-IND-07938
NET-07939,2026-01-01 18:57:48+00:00,0,IOMT-025,S-IOMT-025-960,RESEARCH,EP-IND-07939
NET-07940,2026-01-01 18:57:50+00:00,1,IOMT-044,S-IOMT-044-961,RESEARCH,EP-IND-07940
NET-07941,2026-01-01 18:57:54+00:00,0,IOMT-023,S-IOMT-023-962,IMAGING,EP-IND-07941
NET-07942,2026-01-01 18:57:57+00:00,0,IOMT-023,S-IOMT-023-963,EHR_WRITE,EP-IND-07942
NET-07943,2026-01-01 18:57:57+00:00,1,IOMT-029,S-IOMT-029-964,LAB_RESULTS,EP-IND-07943
NET-07944,2026-01-01 18:58:20+00:00,0,IOMT-043,S-IOMT-043-965,EHR_READ,EP-IND-07944
NET-07945,2026-01-01 18:58:28+00:00,0,IOMT-011,S-IOMT-011-966,RESEARCH,EP-IND-07945
NET-07946,2026-01-01 18:58:28+00:00,0,IOMT-016,S-IOMT-016-967,IMAGING,EP-IND-07946
NET-07947,2026-01-01 18:58:40+00:00,0,IOMT-023,S-IOMT-023-968,IMAGING,EP-IND-07947
NET-07948,2026-01-01 18:58:44+00:00,0,IOMT-017,S-IOMT-017-969,EHR_WRITE,EP-IND-07948
NET-07949,2026-01-01 18:58:52+00:00,0,IOMT-013,S-IOMT-013-970,IMAGING,EP-IND-07949
NET-07950,2026-01-01 18:58:52+00:00,0,IOMT-002,S-IOMT-002-971,EHR_WRITE,EP-IND-07950
NET-07951,2026-01-01 18:58:53+00:00,0,IOMT-042,S-IOMT-042-972,IMAGING,EP-IND-07951
NET-07952,2026-01-01 18:58:59+00:00,0,IOMT-031,S-IOMT-031-973,EHR_READ,EP-IND-07952
NET-07953,2026-01-01 18:59:02+00:00,0,IOMT-046,S-IOMT-046-974,IMAGING,EP-IND-07953
NET-07954,2026-01-01 18:59:13+00:00,0,IOMT-022,S-IOMT-022-975,EHR_WRITE,EP-IND-07954
NET-07955,2026-01-01 18:59:15+00:00,0,IOMT-026,S-IOMT-026-976,IMAGING,EP-IND-07955
NET-07956,2026-01-01 18:59:26+00:00,0,IOMT-002,S-IOMT-002-977,LAB_RESULTS,EP-IND-07956
NET-07957,2026-01-01 18:59:27+00:00,0,IOMT-015,S-IOMT-015-978,LAB_RESULTS,EP-IND-07957
NET-07958,2026-01-01 18:59:31+00:00,0,IOMT-007,S-IOMT-007-979,IMAGING,EP-IND-07958
NET-07959,2026-01-01 18:59:31+00:00,0,IOMT-049,S-IOMT-049-980,LAB_RESULTS,EP-IND-07959
NET-07960,2026-01-01 18:59:45+00:00,0,IOMT-045,S-IOMT-045-981,IMAGING,EP-IND-07960
NET-07961,2026-01-01 18:59:45+00:00,0,IOMT-046,S-IOMT-046-982,EHR_WRITE,EP-IND-07961
NET-07962,2026-01-01 18:59:48+00:00,0,IOMT-002,S-IOMT-002-983,LAB_RESULTS,EP-IND-07962
NET-07963,2026-01-01 18:59:52+00:00,0,IOMT-020,S-IOMT-020-984,EHR_READ,EP-IND-07963
NET-07964,2026-01-01 18:59:54+00:00,0,IOMT-048,S-IOMT-048-985,RESEARCH,EP-IND-07964
NET-07965,2026-01-01 19:00:09+00:00,0,IOMT-023,S-IOMT-023-986,IMAGING,EP-IND-07965
NET-07966,2026-01-01 19:00:21+00:00,0,IOMT-034,S-IOMT-034-987,LAB_RESULTS,EP-IND-07966
NET-07967,2026-01-01 19:00:37+00:00,0,IOMT-012,S-IOMT-012-988,IMAGING,EP-IND-07967
NET-07968,2026-01-01 19:00:38+00:00,0,IOMT-023,S-IOMT-023-989,IMAGING,EP-IND-07968
NET-07969,2026-01-01 19:00:53+00:00,0,IOMT-018,S-IOMT-018-990,EHR_WRITE,EP-IND-07969
NET-07970,2026-01-01 19:01:01+00:00,1,IOMT-004,S-IOMT-004-991,RESEARCH,EP-IND-07970
NET-07971,2026-01-01 19:01:22+00:00,1,IOMT-034,S-IOMT-034-992,RESEARCH,EP-IND-07971
NET-07972,2026-01-01 19:01:27+00:00,0,IOMT-002,S-IOMT-002-993,EHR_READ,EP-IND-07972
NET-07973,2026-01-01 19:01:38+00:00,0,IOMT-034,S-IOMT-034-994,EHR_WRITE,EP-IND-07973
NET-07974,2026-01-01 19:02:17+00:00,0,IOMT-002,S-IOMT-002-995,LAB_RESULTS,EP-IND-07974
NET-07975,2026-01-01 19:02:31+00:00,0,IOMT-049,S-IOMT-049-996,EHR_READ,EP-IND-07975
NET-07976,2026-01-01 19:02:31+00:00,0,IOMT-027,S-IOMT-027-0,EHR_READ,EP-IND-07976
NET-07977,2026-01-01 19:02:39+00:00,0,IOMT-002,S-IOMT-002-1,IMAGING,EP-IND-07977
NET-07978,2026-01-01 19:02:45+00:00,0,IOMT-015,S-IOMT-015-2,IMAGING,EP-IND-07978
NET-07979,2026-01-01 19:02:48+00:00,0,IOMT-000,S-IOMT-000-3,RESEARCH,EP-IND-07979
NET-07980,2026-01-01 19:02:56+00:00,0,IOMT-017,S-IOMT-017-4,IMAGING,EP-IND-07980
NET-07981,2026-01-01 19:03:22+00:00,0,IOMT-023,S-IOMT-023-5,EHR_WRITE,EP-IND-07981
NET-07982,2026-01-01 19:03:49+00:00,0,IOMT-045,S-IOMT-045-6,EHR_READ,EP-IND-07982
NET-07983,2026-01-01 19:03:59+00:00,0,IOMT-032,S-IOMT-032-7,RESEARCH,EP-IND-07983
NET-07984,2026-01-01 19:04:02+00:00,0,IOMT-028,S-IOMT-028-8,IMAGING,EP-IND-07984
NET-07985,2026-01-01 19:04:12+00:00,0,IOMT-032,S-IOMT-032-9,EHR_WRITE,EP-IND-07985
NET-07986,2026-01-01 19:04:12+00:00,0,IOMT-049,S-IOMT-049-10,IMAGING,EP-IND-07986
NET-07987,2026-01-01 19:04:14+00:00,0,IOMT-006,S-IOMT-006-11,RESEARCH,EP-IND-07987
NET-07988,2026-01-01 19:04:24+00:00,0,IOMT-042,S-IOMT-042-12,LAB_RESULTS,EP-IND-07988
NET-07989,2026-01-01 19:04:34+00:00,0,IOMT-021,S-IOMT-021-13,IMAGING,EP-IND-07989
NET-07990,2026-01-01 19:04:35+00:00,0,IOMT-001,S-IOMT-001-14,EHR_READ,EP-IND-07990
NET-07991,2026-01-01 19:04:42+00:00,0,IOMT-049,S-IOMT-049-15,LAB_RESULTS,EP-IND-07991
NET-07992,2026-01-01 19:05:08+00:00,0,IOMT-002,S-IOMT-002-16,RESEARCH,EP-IND-07992
NET-07993,2026-01-01 19:05:18+00:00,0,IOMT-012,S-IOMT-012-17,LAB_RESULTS,EP-IND-07993
NET-07994,2026-01-01 19:05:22+00:00,0,IOMT-010,S-IOMT-010-18,EHR_READ,EP-IND-07994
NET-07995,2026-01-01 19:05:26+00:00,0,IOMT-009,S-IOMT-009-19,LAB_RESULTS,EP-IND-07995
NET-07996,2026-01-01 19:05:29+00:00,0,IOMT-017,S-IOMT-017-20,EHR_WRITE,EP-IND-07996
NET-07997,2026-01-01 19:05:33+00:00,0,IOMT-017,S-IOMT-017-21,IMAGING,EP-IND-07997
NET-07998,2026-01-01 19:05:40+00:00,0,IOMT-021,S-IOMT-021-22,RESEARCH,EP-IND-07998
NET-07999,2026-01-01 19:05:54+00:00,0,IOMT-024,S-IOMT-024-23,RESEARCH,EP-IND-07999
NET-08000,2026-01-01 19:05:59+00:00,0,IOMT-039,S-IOMT-039-24,IMAGING,EP-IND-08000
NET-08001,2026-01-01 19:05:59+00:00,0,IOMT-036,S-IOMT-036-25,IMAGING,EP-IND-08001
NET-08002,2026-01-01 19:06:03+00:00,0,IOMT-003,S-IOMT-003-26,IMAGING,EP-IND-08002
NET-08003,2026-01-01 19:06:12+00:00,0,IOMT-045,S-IOMT-045-27,EHR_READ,EP-IND-08003
NET-08004,2026-01-01 19:06:17+00:00,0,IOMT-008,S-IOMT-008-28,LAB_RESULTS,EP-IND-08004
NET-08005,2026-01-01 19:06:26+00:00,0,IOMT-036,S-IOMT-036-29,LAB_RESULTS,EP-IND-08005
NET-08006,2026-01-01 19:06:28+00:00,0,IOMT-044,S-IOMT-044-30,RESEARCH,EP-IND-08006
NET-08007,2026-01-01 19:06:40+00:00,0,IOMT-043,S-IOMT-043-31,LAB_RESULTS,EP-IND-08007
NET-08008,2026-01-01 19:06:43+00:00,0,IOMT-021,S-IOMT-021-32,EHR_WRITE,EP-IND-08008
NET-08009,2026-01-01 19:06:50+00:00,0,IOMT-008,S-IOMT-008-33,EHR_WRITE,EP-IND-08009
NET-08010,2026-01-01 19:07:01+00:00,0,IOMT-008,S-IOMT-008-34,EHR_WRITE,EP-IND-08010
NET-08011,2026-01-01 19:07:35+00:00,0,IOMT-009,S-IOMT-009-35,EHR_READ,EP-IND-08011
NET-08012,2026-01-01 19:07:43+00:00,0,IOMT-025,S-IOMT-025-36,RESEARCH,EP-IND-08012
NET-08013,2026-01-01 19:07:43+00:00,0,IOMT-024,S-IOMT-024-37,LAB_RESULTS,EP-IND-08013
NET-08014,2026-01-01 19:07:45+00:00,0,IOMT-036,S-IOMT-036-38,LAB_RESULTS,EP-IND-08014
NET-08015,2026-01-01 19:07:45+00:00,0,IOMT-033,S-IOMT-033-39,RESEARCH,EP-IND-08015
NET-08016,2026-01-01 19:07:48+00:00,0,IOMT-041,S-IOMT-041-40,IMAGING,EP-IND-08016
NET-08017,2026-01-01 19:07:58+00:00,0,IOMT-044,S-IOMT-044-41,IMAGING,EP-IND-08017
NET-08018,2026-01-01 19:08:13+00:00,1,IOMT-020,S-IOMT-020-42,EHR_READ,EP-IND-08018
NET-08019,2026-01-01 19:08:14+00:00,0,IOMT-003,S-IOMT-003-43,EHR_READ,EP-IND-08019
NET-08020,2026-01-01 19:08:20+00:00,0,IOMT-013,S-IOMT-013-44,EHR_READ,EP-IND-08020
NET-08021,2026-01-01 19:08:21+00:00,0,IOMT-042,S-IOMT-042-45,EHR_READ,EP-IND-08021
NET-08022,2026-01-01 19:08:23+00:00,1,IOMT-033,S-IOMT-033-46,EHR_WRITE,EP-IND-08022
NET-08023,2026-01-01 19:08:26+00:00,0,IOMT-008,S-IOMT-008-47,EHR_WRITE,EP-IND-08023
NET-08024,2026-01-01 19:08:26+00:00,0,IOMT-008,S-IOMT-008-48,EHR_READ,EP-IND-08024
NET-08025,2026-01-01 19:08:34+00:00,0,IOMT-037,S-IOMT-037-49,RESEARCH,EP-IND-08025
NET-08026,2026-01-01 19:08:37+00:00,0,IOMT-018,S-IOMT-018-50,LAB_RESULTS,EP-IND-08026
NET-08027,2026-01-01 19:09:07+00:00,0,IOMT-040,S-IOMT-040-51,EHR_WRITE,EP-IND-08027
NET-08028,2026-01-01 19:09:18+00:00,0,IOMT-010,S-IOMT-010-52,IMAGING,EP-IND-08028
NET-08029,2026-01-01 19:09:23+00:00,0,IOMT-003,S-IOMT-003-53,RESEARCH,EP-IND-08029
NET-08030,2026-01-01 19:09:46+00:00,0,IOMT-021,S-IOMT-021-54,RESEARCH,EP-IND-08030
NET-08031,2026-01-01 19:09:46+00:00,0,IOMT-016,S-IOMT-016-55,LAB_RESULTS,EP-IND-08031
NET-08032,2026-01-01 19:09:54+00:00,0,IOMT-041,S-IOMT-041-56,LAB_RESULTS,EP-IND-08032
NET-08033,2026-01-01 19:09:57+00:00,0,IOMT-007,S-IOMT-007-57,EHR_WRITE,EP-IND-08033
NET-08034,2026-01-01 19:09:58+00:00,0,IOMT-002,S-IOMT-002-58,LAB_RESULTS,EP-IND-08034
NET-08035,2026-01-01 19:10:05+00:00,0,IOMT-025,S-IOMT-025-59,RESEARCH,EP-IND-08035
NET-08036,2026-01-01 19:10:12+00:00,0,IOMT-003,S-IOMT-003-60,IMAGING,EP-IND-08036
NET-08037,2026-01-01 19:10:18+00:00,0,IOMT-026,S-IOMT-026-61,EHR_READ,EP-IND-08037
NET-08038,2026-01-01 19:10:18+00:00,0,IOMT-015,S-IOMT-015-62,LAB_RESULTS,EP-IND-08038
NET-08039,2026-01-01 19:10:20+00:00,0,IOMT-047,S-IOMT-047-63,RESEARCH,EP-IND-08039
NET-08040,2026-01-01 19:10:37+00:00,0,IOMT-025,S-IOMT-025-64,IMAGING,EP-IND-08040
NET-08041,2026-01-01 19:10:47+00:00,0,IOMT-006,S-IOMT-006-65,IMAGING,EP-IND-08041
NET-08042,2026-01-01 19:10:47+00:00,0,IOMT-044,S-IOMT-044-66,LAB_RESULTS,EP-IND-08042
NET-08043,2026-01-01 19:11:06+00:00,0,IOMT-014,S-IOMT-014-67,EHR_WRITE,EP-IND-08043
NET-08044,2026-01-01 19:11:08+00:00,0,IOMT-014,S-IOMT-014-68,LAB_RESULTS,EP-IND-08044
NET-08045,2026-01-01 19:11:33+00:00,0,IOMT-007,S-IOMT-007-69,IMAGING,EP-IND-08045
NET-08046,2026-01-01 19:11:33+00:00,0,IOMT-019,S-IOMT-019-70,EHR_READ,EP-IND-08046
NET-08047,2026-01-01 19:11:38+00:00,0,IOMT-049,S-IOMT-049-71,RESEARCH,EP-IND-08047
NET-08048,2026-01-01 19:11:41+00:00,0,IOMT-031,S-IOMT-031-72,EHR_READ,EP-IND-08048
NET-08049,2026-01-01 19:11:49+00:00,0,IOMT-007,S-IOMT-007-73,LAB_RESULTS,EP-IND-08049
NET-08050,2026-01-01 19:12:11+00:00,0,IOMT-002,S-IOMT-002-74,EHR_WRITE,EP-IND-08050
NET-08051,2026-01-01 19:12:25+00:00,0,IOMT-009,S-IOMT-009-75,RESEARCH,EP-IND-08051
NET-08052,2026-01-01 19:12:27+00:00,0,IOMT-020,S-IOMT-020-76,EHR_READ,EP-IND-08052
NET-08053,2026-01-01 19:12:28+00:00,0,IOMT-025,S-IOMT-025-77,EHR_READ,EP-IND-08053
NET-08054,2026-01-01 19:12:40+00:00,0,IOMT-014,S-IOMT-014-78,IMAGING,EP-IND-08054
NET-08055,2026-01-01 19:12:40+00:00,0,IOMT-008,S-IOMT-008-79,IMAGING,EP-IND-08055
NET-08056,2026-01-01 19:12:43+00:00,1,IOMT-004,S-IOMT-004-80,EHR_WRITE,EP-IND-08056
NET-08057,2026-01-01 19:12:44+00:00,0,IOMT-022,S-IOMT-022-81,RESEARCH,EP-IND-08057
NET-08058,2026-01-01 19:12:49+00:00,0,IOMT-047,S-IOMT-047-82,EHR_WRITE,EP-IND-08058
NET-08059,2026-01-01 19:12:54+00:00,0,IOMT-037,S-IOMT-037-83,EHR_READ,EP-IND-08059
NET-08060,2026-01-01 19:12:55+00:00,0,IOMT-040,S-IOMT-040-84,EHR_READ,EP-IND-08060
NET-08061,2026-01-01 19:13:23+00:00,0,IOMT-005,S-IOMT-005-85,EHR_WRITE,EP-IND-08061
NET-08062,2026-01-01 19:13:25+00:00,0,IOMT-006,S-IOMT-006-86,EHR_READ,EP-IND-08062
NET-08063,2026-01-01 19:13:33+00:00,0,IOMT-024,S-IOMT-024-87,EHR_READ,EP-IND-08063
NET-08064,2026-01-01 19:13:34+00:00,0,IOMT-034,S-IOMT-034-88,EHR_WRITE,EP-IND-08064
NET-08065,2026-01-01 19:13:46+00:00,0,IOMT-000,S-IOMT-000-89,LAB_RESULTS,EP-IND-08065
NET-08066,2026-01-01 19:14:01+00:00,0,IOMT-004,S-IOMT-004-90,EHR_WRITE,EP-IND-08066
NET-08067,2026-01-01 19:14:02+00:00,0,IOMT-018,S-IOMT-018-91,IMAGING,EP-IND-08067
NET-08068,2026-01-01 19:14:03+00:00,0,IOMT-022,S-IOMT-022-92,IMAGING,EP-IND-08068
NET-08069,2026-01-01 19:14:03+00:00,0,IOMT-017,S-IOMT-017-93,IMAGING,EP-IND-08069
NET-08070,2026-01-01 19:14:10+00:00,0,IOMT-025,S-IOMT-025-94,IMAGING,EP-IND-08070
NET-08071,2026-01-01 19:14:14+00:00,0,IOMT-035,S-IOMT-035-95,EHR_READ,EP-IND-08071
NET-08072,2026-01-01 19:14:25+00:00,0,IOMT-000,S-IOMT-000-96,RESEARCH,EP-IND-08072
NET-08073,2026-01-01 19:14:26+00:00,0,IOMT-046,S-IOMT-046-97,EHR_READ,EP-IND-08073
NET-08074,2026-01-01 19:14:29+00:00,0,IOMT-006,S-IOMT-006-98,RESEARCH,EP-IND-08074
NET-08075,2026-01-01 19:14:40+00:00,0,IOMT-032,S-IOMT-032-99,RESEARCH,EP-IND-08075
NET-08076,2026-01-01 19:14:47+00:00,0,IOMT-030,S-IOMT-030-100,IMAGING,EP-IND-08076
NET-08077,2026-01-01 19:15:08+00:00,0,IOMT-018,S-IOMT-018-101,IMAGING,EP-IND-08077
NET-08078,2026-01-01 19:15:08+00:00,0,IOMT-027,S-IOMT-027-102,EHR_READ,EP-IND-08078
NET-08079,2026-01-01 19:15:14+00:00,0,IOMT-024,S-IOMT-024-103,LAB_RESULTS,EP-IND-08079
NET-08080,2026-01-01 19:15:24+00:00,0,IOMT-035,S-IOMT-035-104,EHR_READ,EP-IND-08080
NET-08081,2026-01-01 19:15:27+00:00,0,IOMT-029,S-IOMT-029-105,RESEARCH,EP-IND-08081
NET-08082,2026-01-01 19:15:29+00:00,0,IOMT-048,S-IOMT-048-106,EHR_WRITE,EP-IND-08082
NET-08083,2026-01-01 19:15:37+00:00,0,IOMT-019,S-IOMT-019-107,LAB_RESULTS,EP-IND-08083
NET-08084,2026-01-01 19:15:57+00:00,0,IOMT-025,S-IOMT-025-108,LAB_RESULTS,EP-IND-08084
NET-08085,2026-01-01 19:16:03+00:00,0,IOMT-029,S-IOMT-029-109,LAB_RESULTS,EP-IND-08085
NET-08086,2026-01-01 19:16:08+00:00,1,IOMT-040,S-IOMT-040-110,RESEARCH,EP-IND-08086
NET-08087,2026-01-01 19:16:26+00:00,0,IOMT-029,S-IOMT-029-111,IMAGING,EP-IND-08087
NET-08088,2026-01-01 19:16:34+00:00,0,IOMT-015,S-IOMT-015-112,EHR_WRITE,EP-IND-08088
NET-08089,2026-01-01 19:16:38+00:00,0,IOMT-045,S-IOMT-045-113,LAB_RESULTS,EP-IND-08089
NET-08090,2026-01-01 19:16:57+00:00,0,IOMT-030,S-IOMT-030-114,RESEARCH,EP-IND-08090
NET-08091,2026-01-01 19:17:01+00:00,1,IOMT-046,S-IOMT-046-115,EHR_WRITE,EP-IND-08091
NET-08092,2026-01-01 19:17:12+00:00,0,IOMT-014,S-IOMT-014-116,RESEARCH,EP-IND-08092
NET-08093,2026-01-01 19:17:16+00:00,0,IOMT-017,S-IOMT-017-117,EHR_WRITE,EP-IND-08093
NET-08094,2026-01-01 19:17:22+00:00,0,IOMT-016,S-IOMT-016-118,LAB_RESULTS,EP-IND-08094
NET-08095,2026-01-01 19:17:28+00:00,0,IOMT-005,S-IOMT-005-119,IMAGING,EP-IND-08095
NET-08096,2026-01-01 19:17:30+00:00,0,IOMT-023,S-IOMT-023-120,IMAGING,EP-IND-08096
NET-08097,2026-01-01 19:17:40+00:00,1,IOMT-022,S-IOMT-022-121,EHR_WRITE,EP-IND-08097
NET-08098,2026-01-01 19:17:47+00:00,0,IOMT-026,S-IOMT-026-122,LAB_RESULTS,EP-IND-08098
NET-08099,2026-01-01 19:17:47+00:00,0,IOMT-049,S-IOMT-049-123,EHR_READ,EP-IND-08099
NET-08100,2026-01-01 19:18:01+00:00,0,IOMT-025,S-IOMT-025-124,RESEARCH,EP-IND-08100
NET-08101,2026-01-01 19:18:05+00:00,0,IOMT-003,S-IOMT-003-125,RESEARCH,EP-IND-08101
NET-08102,2026-01-01 19:18:10+00:00,0,IOMT-019,S-IOMT-019-126,RESEARCH,EP-IND-08102
NET-08103,2026-01-01 19:18:10+00:00,0,IOMT-014,S-IOMT-014-127,RESEARCH,EP-IND-08103
NET-08104,2026-01-01 19:18:14+00:00,0,IOMT-043,S-IOMT-043-128,EHR_WRITE,EP-IND-08104
NET-08105,2026-01-01 19:18:35+00:00,0,IOMT-046,S-IOMT-046-129,LAB_RESULTS,EP-IND-08105
NET-08106,2026-01-01 19:18:39+00:00,0,IOMT-040,S-IOMT-040-130,EHR_WRITE,EP-IND-08106
NET-08107,2026-01-01 19:18:41+00:00,0,IOMT-044,S-IOMT-044-131,IMAGING,EP-IND-08107
NET-08108,2026-01-01 19:18:42+00:00,0,IOMT-040,S-IOMT-040-132,RESEARCH,EP-IND-08108
NET-08109,2026-01-01 19:18:42+00:00,1,IOMT-025,S-IOMT-025-133,LAB_RESULTS,EP-IND-08109
NET-08110,2026-01-01 19:18:49+00:00,0,IOMT-028,S-IOMT-028-134,LAB_RESULTS,EP-IND-08110
NET-08111,2026-01-01 19:19:05+00:00,0,IOMT-026,S-IOMT-026-135,LAB_RESULTS,EP-IND-08111
NET-08112,2026-01-01 19:19:09+00:00,0,IOMT-024,S-IOMT-024-136,EHR_WRITE,EP-IND-08112
NET-08113,2026-01-01 19:19:19+00:00,0,IOMT-015,S-IOMT-015-137,RESEARCH,EP-IND-08113
NET-08114,2026-01-01 19:19:36+00:00,0,IOMT-046,S-IOMT-046-138,LAB_RESULTS,EP-IND-08114
NET-08115,2026-01-01 19:19:54+00:00,0,IOMT-001,S-IOMT-001-139,EHR_WRITE,EP-IND-08115
NET-08116,2026-01-01 19:19:55+00:00,0,IOMT-048,S-IOMT-048-140,LAB_RESULTS,EP-IND-08116
NET-08117,2026-01-01 19:19:55+00:00,0,IOMT-026,S-IOMT-026-141,RESEARCH,EP-IND-08117
NET-08118,2026-01-01 19:19:57+00:00,0,IOMT-010,S-IOMT-010-142,LAB_RESULTS,EP-IND-08118
NET-08119,2026-01-01 19:20:09+00:00,1,IOMT-003,S-IOMT-003-143,IMAGING,EP-IND-08119
NET-08120,2026-01-01 19:20:09+00:00,0,IOMT-011,S-IOMT-011-144,LAB_RESULTS,EP-IND-08120
NET-08121,2026-01-01 19:20:11+00:00,0,IOMT-000,S-IOMT-000-145,RESEARCH,EP-IND-08121
NET-08122,2026-01-01 19:20:12+00:00,0,IOMT-045,S-IOMT-045-146,IMAGING,EP-IND-08122
NET-08123,2026-01-01 19:20:20+00:00,0,IOMT-045,S-IOMT-045-147,IMAGING,EP-IND-08123
NET-08124,2026-01-01 19:20:42+00:00,0,IOMT-027,S-IOMT-027-148,RESEARCH,EP-IND-08124
NET-08125,2026-01-01 19:20:44+00:00,0,IOMT-015,S-IOMT-015-149,EHR_WRITE,EP-IND-08125
NET-08126,2026-01-01 19:21:14+00:00,0,IOMT-014,S-IOMT-014-150,LAB_RESULTS,EP-IND-08126
NET-08127,2026-01-01 19:21:28+00:00,0,IOMT-000,S-IOMT-000-151,IMAGING,EP-IND-08127
NET-08128,2026-01-01 19:21:35+00:00,0,IOMT-008,S-IOMT-008-152,EHR_READ,EP-IND-08128
NET-08129,2026-01-01 19:21:37+00:00,0,IOMT-010,S-IOMT-010-153,EHR_WRITE,EP-IND-08129
NET-08130,2026-01-01 19:21:55+00:00,0,IOMT-044,S-IOMT-044-154,EHR_READ,EP-IND-08130
NET-08131,2026-01-01 19:22:03+00:00,0,IOMT-018,S-IOMT-018-155,EHR_WRITE,EP-IND-08131
NET-08132,2026-01-01 19:22:21+00:00,0,IOMT-035,S-IOMT-035-156,RESEARCH,EP-IND-08132
NET-08133,2026-01-01 19:22:25+00:00,0,IOMT-024,S-IOMT-024-157,IMAGING,EP-IND-08133
NET-08134,2026-01-01 19:22:32+00:00,0,IOMT-035,S-IOMT-035-158,EHR_WRITE,EP-IND-08134
NET-08135,2026-01-01 19:22:51+00:00,0,IOMT-019,S-IOMT-019-159,EHR_READ,EP-IND-08135
NET-08136,2026-01-01 19:22:53+00:00,0,IOMT-049,S-IOMT-049-160,LAB_RESULTS,EP-IND-08136
NET-08137,2026-01-01 19:23:00+00:00,0,IOMT-048,S-IOMT-048-161,IMAGING,EP-IND-08137
NET-08138,2026-01-01 19:23:12+00:00,0,IOMT-025,S-IOMT-025-162,EHR_WRITE,EP-IND-08138
NET-08139,2026-01-01 19:23:19+00:00,0,IOMT-031,S-IOMT-031-163,IMAGING,EP-IND-08139
NET-08140,2026-01-01 19:23:22+00:00,0,IOMT-044,S-IOMT-044-164,EHR_READ,EP-IND-08140
NET-08141,2026-01-01 19:23:30+00:00,0,IOMT-048,S-IOMT-048-165,EHR_READ,EP-IND-08141
NET-08142,2026-01-01 19:23:36+00:00,0,IOMT-046,S-IOMT-046-166,IMAGING,EP-IND-08142
NET-08143,2026-01-01 19:23:42+00:00,0,IOMT-007,S-IOMT-007-167,IMAGING,EP-IND-08143
NET-08144,2026-01-01 19:23:42+00:00,0,IOMT-004,S-IOMT-004-168,IMAGING,EP-IND-08144
NET-08145,2026-01-01 19:23:51+00:00,0,IOMT-008,S-IOMT-008-169,IMAGING,EP-IND-08145
NET-08146,2026-01-01 19:24:07+00:00,0,IOMT-014,S-IOMT-014-170,EHR_READ,EP-IND-08146
NET-08147,2026-01-01 19:24:28+00:00,0,IOMT-045,S-IOMT-045-171,IMAGING,EP-IND-08147
NET-08148,2026-01-01 19:24:28+00:00,0,IOMT-039,S-IOMT-039-172,EHR_READ,EP-IND-08148
NET-08149,2026-01-01 19:24:29+00:00,0,IOMT-006,S-IOMT-006-173,EHR_WRITE,EP-IND-08149
NET-08150,2026-01-01 19:24:44+00:00,0,IOMT-017,S-IOMT-017-174,LAB_RESULTS,EP-IND-08150
NET-08151,2026-01-01 19:25:13+00:00,0,IOMT-000,S-IOMT-000-175,EHR_WRITE,EP-IND-08151
NET-08152,2026-01-01 19:25:21+00:00,0,IOMT-023,S-IOMT-023-176,IMAGING,EP-IND-08152
NET-08153,2026-01-01 19:25:26+00:00,0,IOMT-037,S-IOMT-037-177,RESEARCH,EP-IND-08153
NET-08154,2026-01-01 19:25:32+00:00,0,IOMT-000,S-IOMT-000-178,EHR_READ,EP-IND-08154
NET-08155,2026-01-01 19:25:58+00:00,0,IOMT-021,S-IOMT-021-179,EHR_WRITE,EP-IND-08155
NET-08156,2026-01-01 19:26:06+00:00,0,IOMT-009,S-IOMT-009-180,EHR_WRITE,EP-IND-08156
NET-08157,2026-01-01 19:26:13+00:00,0,IOMT-025,S-IOMT-025-181,LAB_RESULTS,EP-IND-08157
NET-08158,2026-01-01 19:26:22+00:00,0,IOMT-042,S-IOMT-042-182,EHR_READ,EP-IND-08158
NET-08159,2026-01-01 19:26:28+00:00,0,IOMT-007,S-IOMT-007-183,RESEARCH,EP-IND-08159
NET-08160,2026-01-01 19:26:34+00:00,0,IOMT-009,S-IOMT-009-184,RESEARCH,EP-IND-08160
NET-08161,2026-01-01 19:26:41+00:00,0,IOMT-013,S-IOMT-013-185,LAB_RESULTS,EP-IND-08161
NET-08162,2026-01-01 19:26:52+00:00,0,IOMT-015,S-IOMT-015-186,EHR_READ,EP-IND-08162
NET-08163,2026-01-01 19:26:53+00:00,0,IOMT-011,S-IOMT-011-187,IMAGING,EP-IND-08163
NET-08164,2026-01-01 19:27:06+00:00,0,IOMT-004,S-IOMT-004-188,EHR_READ,EP-IND-08164
NET-08165,2026-01-01 19:27:10+00:00,0,IOMT-008,S-IOMT-008-189,RESEARCH,EP-IND-08165
NET-08166,2026-01-01 19:27:20+00:00,0,IOMT-018,S-IOMT-018-190,LAB_RESULTS,EP-IND-08166
NET-08167,2026-01-01 19:27:25+00:00,0,IOMT-018,S-IOMT-018-191,IMAGING,EP-IND-08167
NET-08168,2026-01-01 19:27:39+00:00,0,IOMT-042,S-IOMT-042-192,IMAGING,EP-IND-08168
NET-08169,2026-01-01 19:27:39+00:00,0,IOMT-013,S-IOMT-013-193,EHR_READ,EP-IND-08169
NET-08170,2026-01-01 19:27:46+00:00,1,IOMT-037,S-IOMT-037-194,LAB_RESULTS,EP-IND-08170
NET-08171,2026-01-01 19:27:49+00:00,0,IOMT-011,S-IOMT-011-195,RESEARCH,EP-IND-08171
NET-08172,2026-01-01 19:27:50+00:00,0,IOMT-019,S-IOMT-019-196,LAB_RESULTS,EP-IND-08172
NET-08173,2026-01-01 19:27:50+00:00,0,IOMT-033,S-IOMT-033-197,IMAGING,EP-IND-08173
NET-08174,2026-01-01 19:28:01+00:00,0,IOMT-041,S-IOMT-041-198,IMAGING,EP-IND-08174
NET-08175,2026-01-01 19:28:02+00:00,0,IOMT-008,S-IOMT-008-199,IMAGING,EP-IND-08175
NET-08176,2026-01-01 19:28:06+00:00,0,IOMT-036,S-IOMT-036-200,IMAGING,EP-IND-08176
NET-08177,2026-01-01 19:28:06+00:00,0,IOMT-023,S-IOMT-023-201,IMAGING,EP-IND-08177
NET-08178,2026-01-01 19:28:20+00:00,0,IOMT-034,S-IOMT-034-202,EHR_WRITE,EP-IND-08178
NET-08179,2026-01-01 19:28:28+00:00,0,IOMT-015,S-IOMT-015-203,IMAGING,EP-IND-08179
NET-08180,2026-01-01 19:28:45+00:00,0,IOMT-027,S-IOMT-027-204,LAB_RESULTS,EP-IND-08180
NET-08181,2026-01-01 19:28:51+00:00,0,IOMT-030,S-IOMT-030-205,LAB_RESULTS,EP-IND-08181
NET-08182,2026-01-01 19:28:58+00:00,0,IOMT-046,S-IOMT-046-206,IMAGING,EP-IND-08182
NET-08183,2026-01-01 19:29:04+00:00,0,IOMT-020,S-IOMT-020-207,EHR_WRITE,EP-IND-08183
NET-08184,2026-01-01 19:29:10+00:00,0,IOMT-008,S-IOMT-008-208,LAB_RESULTS,EP-IND-08184
NET-08185,2026-01-01 19:29:43+00:00,0,IOMT-027,S-IOMT-027-209,EHR_READ,EP-IND-08185
NET-08186,2026-01-01 19:29:56+00:00,0,IOMT-011,S-IOMT-011-210,EHR_WRITE,EP-IND-08186
NET-08187,2026-01-01 19:30:25+00:00,0,IOMT-004,S-IOMT-004-211,IMAGING,EP-IND-08187
NET-08188,2026-01-01 19:30:28+00:00,0,IOMT-037,S-IOMT-037-212,IMAGING,EP-IND-08188
NET-08189,2026-01-01 19:30:31+00:00,0,IOMT-032,S-IOMT-032-213,EHR_WRITE,EP-IND-08189
NET-08190,2026-01-01 19:30:36+00:00,0,IOMT-038,S-IOMT-038-214,RESEARCH,EP-IND-08190
NET-08191,2026-01-01 19:30:44+00:00,0,IOMT-025,S-IOMT-025-215,LAB_RESULTS,EP-IND-08191
NET-08192,2026-01-01 19:30:47+00:00,0,IOMT-024,S-IOMT-024-216,IMAGING,EP-IND-08192
NET-08193,2026-01-01 19:30:59+00:00,0,IOMT-005,S-IOMT-005-217,EHR_READ,EP-IND-08193
NET-08194,2026-01-01 19:31:04+00:00,0,IOMT-024,S-IOMT-024-218,IMAGING,EP-IND-08194
NET-08195,2026-01-01 19:31:21+00:00,0,IOMT-000,S-IOMT-000-219,IMAGING,EP-IND-08195
NET-08196,2026-01-01 19:31:23+00:00,0,IOMT-025,S-IOMT-025-220,EHR_READ,EP-IND-08196
NET-08197,2026-01-01 19:32:06+00:00,0,IOMT-046,S-IOMT-046-221,LAB_RESULTS,EP-IND-08197
NET-08198,2026-01-01 19:32:19+00:00,0,IOMT-016,S-IOMT-016-222,EHR_WRITE,EP-IND-08198
NET-08199,2026-01-01 19:32:26+00:00,0,IOMT-011,S-IOMT-011-223,LAB_RESULTS,EP-IND-08199
NET-08200,2026-01-01 19:32:39+00:00,0,IOMT-004,S-IOMT-004-224,EHR_WRITE,EP-IND-08200
NET-08201,2026-01-01 19:32:39+00:00,0,IOMT-019,S-IOMT-019-225,LAB_RESULTS,EP-IND-08201
NET-08202,2026-01-01 19:32:59+00:00,0,IOMT-033,S-IOMT-033-226,RESEARCH,EP-IND-08202
NET-08203,2026-01-01 19:33:14+00:00,0,IOMT-045,S-IOMT-045-227,EHR_READ,EP-IND-08203
NET-08204,2026-01-01 19:33:23+00:00,0,IOMT-002,S-IOMT-002-228,EHR_READ,EP-IND-08204
NET-08205,2026-01-01 19:33:33+00:00,0,IOMT-038,S-IOMT-038-229,LAB_RESULTS,EP-IND-08205
NET-08206,2026-01-01 19:33:36+00:00,0,IOMT-036,S-IOMT-036-230,IMAGING,EP-IND-08206
NET-08207,2026-01-01 19:33:51+00:00,0,IOMT-020,S-IOMT-020-231,RESEARCH,EP-IND-08207
NET-08208,2026-01-01 19:33:51+00:00,0,IOMT-036,S-IOMT-036-232,LAB_RESULTS,EP-IND-08208
NET-08209,2026-01-01 19:34:22+00:00,0,IOMT-049,S-IOMT-049-233,EHR_READ,EP-IND-08209
NET-08210,2026-01-01 19:34:30+00:00,0,IOMT-040,S-IOMT-040-234,RESEARCH,EP-IND-08210
NET-08211,2026-01-01 19:34:45+00:00,0,IOMT-045,S-IOMT-045-235,EHR_WRITE,EP-IND-08211
NET-08212,2026-01-01 19:34:51+00:00,0,IOMT-024,S-IOMT-024-236,LAB_RESULTS,EP-IND-08212
NET-08213,2026-01-01 19:35:07+00:00,0,IOMT-003,S-IOMT-003-237,IMAGING,EP-IND-08213
NET-08214,2026-01-01 19:35:08+00:00,0,IOMT-004,S-IOMT-004-238,EHR_WRITE,EP-IND-08214
NET-08215,2026-01-01 19:35:14+00:00,0,IOMT-006,S-IOMT-006-239,RESEARCH,EP-IND-08215
NET-08216,2026-01-01 19:35:34+00:00,0,IOMT-023,S-IOMT-023-240,LAB_RESULTS,EP-IND-08216
NET-08217,2026-01-01 19:35:38+00:00,0,IOMT-044,S-IOMT-044-241,LAB_RESULTS,EP-IND-08217
NET-08218,2026-01-01 19:35:38+00:00,0,IOMT-001,S-IOMT-001-242,EHR_READ,EP-IND-08218
NET-08219,2026-01-01 19:35:39+00:00,0,IOMT-044,S-IOMT-044-243,RESEARCH,EP-IND-08219
NET-08220,2026-01-01 19:35:52+00:00,0,IOMT-039,S-IOMT-039-244,EHR_READ,EP-IND-08220
NET-08221,2026-01-01 19:35:54+00:00,0,IOMT-018,S-IOMT-018-245,RESEARCH,EP-IND-08221
NET-08222,2026-01-01 19:36:17+00:00,0,IOMT-000,S-IOMT-000-246,LAB_RESULTS,EP-IND-08222
NET-08223,2026-01-01 19:36:51+00:00,0,IOMT-025,S-IOMT-025-247,EHR_READ,EP-IND-08223
NET-08224,2026-01-01 19:37:05+00:00,0,IOMT-021,S-IOMT-021-248,LAB_RESULTS,EP-IND-08224
NET-08225,2026-01-01 19:37:12+00:00,0,IOMT-010,S-IOMT-010-249,EHR_READ,EP-IND-08225
NET-08226,2026-01-01 19:37:14+00:00,0,IOMT-005,S-IOMT-005-250,LAB_RESULTS,EP-IND-08226
NET-08227,2026-01-01 19:37:40+00:00,0,IOMT-027,S-IOMT-027-251,IMAGING,EP-IND-08227
NET-08228,2026-01-01 19:37:53+00:00,0,IOMT-017,S-IOMT-017-252,EHR_WRITE,EP-IND-08228
NET-08229,2026-01-01 19:38:05+00:00,0,IOMT-027,S-IOMT-027-253,RESEARCH,EP-IND-08229
NET-08230,2026-01-01 19:38:08+00:00,0,IOMT-004,S-IOMT-004-254,EHR_WRITE,EP-IND-08230
NET-08231,2026-01-01 19:38:14+00:00,0,IOMT-035,S-IOMT-035-255,LAB_RESULTS,EP-IND-08231
NET-08232,2026-01-01 19:38:45+00:00,0,IOMT-010,S-IOMT-010-256,EHR_READ,EP-IND-08232
NET-08233,2026-01-01 19:39:01+00:00,0,IOMT-032,S-IOMT-032-257,IMAGING,EP-IND-08233
NET-08234,2026-01-01 19:39:18+00:00,0,IOMT-043,S-IOMT-043-258,RESEARCH,EP-IND-08234
NET-08235,2026-01-01 19:39:18+00:00,0,IOMT-004,S-IOMT-004-259,LAB_RESULTS,EP-IND-08235
NET-08236,2026-01-01 19:39:22+00:00,0,IOMT-015,S-IOMT-015-260,LAB_RESULTS,EP-IND-08236
NET-08237,2026-01-01 19:39:50+00:00,0,IOMT-040,S-IOMT-040-261,LAB_RESULTS,EP-IND-08237
NET-08238,2026-01-01 19:39:52+00:00,1,IOMT-024,S-IOMT-024-262,EHR_WRITE,EP-IND-08238
NET-08239,2026-01-01 19:39:56+00:00,0,IOMT-031,S-IOMT-031-263,EHR_WRITE,EP-IND-08239
NET-08240,2026-01-01 19:40:05+00:00,0,IOMT-010,S-IOMT-010-264,EHR_READ,EP-IND-08240
NET-08241,2026-01-01 19:40:16+00:00,0,IOMT-027,S-IOMT-027-265,RESEARCH,EP-IND-08241
NET-08242,2026-01-01 19:40:20+00:00,0,IOMT-000,S-IOMT-000-266,EHR_READ,EP-IND-08242
NET-08243,2026-01-01 19:40:33+00:00,0,IOMT-047,S-IOMT-047-267,LAB_RESULTS,EP-IND-08243
NET-08244,2026-01-01 19:40:39+00:00,0,IOMT-018,S-IOMT-018-268,RESEARCH,EP-IND-08244
NET-08245,2026-01-01 19:40:44+00:00,0,IOMT-022,S-IOMT-022-269,EHR_WRITE,EP-IND-08245
NET-08246,2026-01-01 19:40:45+00:00,0,IOMT-034,S-IOMT-034-270,IMAGING,EP-IND-08246
NET-08247,2026-01-01 19:41:29+00:00,0,IOMT-046,S-IOMT-046-271,IMAGING,EP-IND-08247
NET-08248,2026-01-01 19:41:31+00:00,0,IOMT-033,S-IOMT-033-272,EHR_READ,EP-IND-08248
NET-08249,2026-01-01 19:41:31+00:00,0,IOMT-038,S-IOMT-038-273,EHR_WRITE,EP-IND-08249
NET-08250,2026-01-01 19:41:33+00:00,0,IOMT-037,S-IOMT-037-274,LAB_RESULTS,EP-IND-08250
NET-08251,2026-01-01 19:41:34+00:00,0,IOMT-015,S-IOMT-015-275,EHR_READ,EP-IND-08251
NET-08252,2026-01-01 19:41:46+00:00,0,IOMT-009,S-IOMT-009-276,RESEARCH,EP-IND-08252
NET-08253,2026-01-01 19:41:55+00:00,0,IOMT-042,S-IOMT-042-277,IMAGING,EP-IND-08253
NET-08254,2026-01-01 19:42:04+00:00,0,IOMT-030,S-IOMT-030-278,RESEARCH,EP-IND-08254
NET-08255,2026-01-01 19:42:05+00:00,0,IOMT-007,S-IOMT-007-279,EHR_READ,EP-IND-08255
NET-08256,2026-01-01 19:42:10+00:00,0,IOMT-031,S-IOMT-031-280,EHR_WRITE,EP-IND-08256
NET-08257,2026-01-01 19:42:27+00:00,0,IOMT-037,S-IOMT-037-281,EHR_READ,EP-IND-08257
NET-08258,2026-01-01 19:42:34+00:00,0,IOMT-032,S-IOMT-032-282,RESEARCH,EP-IND-08258
NET-08259,2026-01-01 19:42:44+00:00,0,IOMT-029,S-IOMT-029-283,RESEARCH,EP-IND-08259
NET-08260,2026-01-01 19:42:49+00:00,0,IOMT-013,S-IOMT-013-284,EHR_WRITE,EP-IND-08260
NET-08261,2026-01-01 19:43:05+00:00,0,IOMT-016,S-IOMT-016-285,EHR_WRITE,EP-IND-08261
NET-08262,2026-01-01 19:43:22+00:00,0,IOMT-027,S-IOMT-027-286,RESEARCH,EP-IND-08262
NET-08263,2026-01-01 19:43:37+00:00,0,IOMT-017,S-IOMT-017-287,LAB_RESULTS,EP-IND-08263
NET-08264,2026-01-01 19:43:44+00:00,0,IOMT-015,S-IOMT-015-288,IMAGING,EP-IND-08264
NET-08265,2026-01-01 19:43:51+00:00,0,IOMT-022,S-IOMT-022-289,LAB_RESULTS,EP-IND-08265
NET-08266,2026-01-01 19:44:11+00:00,0,IOMT-041,S-IOMT-041-290,LAB_RESULTS,EP-IND-08266
NET-08267,2026-01-01 19:44:22+00:00,1,IOMT-031,S-IOMT-031-291,EHR_WRITE,EP-IND-08267
NET-08268,2026-01-01 19:44:26+00:00,0,IOMT-021,S-IOMT-021-292,EHR_WRITE,EP-IND-08268
NET-08269,2026-01-01 19:44:44+00:00,0,IOMT-020,S-IOMT-020-293,RESEARCH,EP-IND-08269
NET-08270,2026-01-01 19:44:45+00:00,0,IOMT-032,S-IOMT-032-294,RESEARCH,EP-IND-08270
NET-08271,2026-01-01 19:44:56+00:00,0,IOMT-033,S-IOMT-033-295,EHR_WRITE,EP-IND-08271
NET-08272,2026-01-01 19:44:57+00:00,0,IOMT-026,S-IOMT-026-296,RESEARCH,EP-IND-08272
NET-08273,2026-01-01 19:45:14+00:00,0,IOMT-003,S-IOMT-003-297,IMAGING,EP-IND-08273
NET-08274,2026-01-01 19:45:15+00:00,0,IOMT-039,S-IOMT-039-298,EHR_READ,EP-IND-08274
NET-08275,2026-01-01 19:45:36+00:00,0,IOMT-014,S-IOMT-014-299,EHR_WRITE,EP-IND-08275
NET-08276,2026-01-01 19:45:41+00:00,0,IOMT-031,S-IOMT-031-300,IMAGING,EP-IND-08276
NET-08277,2026-01-01 19:45:43+00:00,0,IOMT-024,S-IOMT-024-301,IMAGING,EP-IND-08277
NET-08278,2026-01-01 19:45:44+00:00,0,IOMT-004,S-IOMT-004-302,IMAGING,EP-IND-08278
NET-08279,2026-01-01 19:45:46+00:00,0,IOMT-002,S-IOMT-002-303,IMAGING,EP-IND-08279
NET-08280,2026-01-01 19:45:59+00:00,0,IOMT-045,S-IOMT-045-304,EHR_READ,EP-IND-08280
NET-08281,2026-01-01 19:46:18+00:00,0,IOMT-022,S-IOMT-022-305,RESEARCH,EP-IND-08281
NET-08282,2026-01-01 19:46:22+00:00,0,IOMT-042,S-IOMT-042-306,EHR_WRITE,EP-IND-08282
NET-08283,2026-01-01 19:46:36+00:00,0,IOMT-024,S-IOMT-024-307,LAB_RESULTS,EP-IND-08283
NET-08284,2026-01-01 19:46:37+00:00,0,IOMT-007,S-IOMT-007-308,IMAGING,EP-IND-08284
NET-08285,2026-01-01 19:47:06+00:00,0,IOMT-033,S-IOMT-033-309,IMAGING,EP-IND-08285
NET-08286,2026-01-01 19:47:14+00:00,1,IOMT-005,S-IOMT-005-310,EHR_WRITE,EP-IND-08286
NET-08287,2026-01-01 19:47:25+00:00,0,IOMT-039,S-IOMT-039-311,LAB_RESULTS,EP-IND-08287
NET-08288,2026-01-01 19:47:40+00:00,0,IOMT-010,S-IOMT-010-312,LAB_RESULTS,EP-IND-08288
NET-08289,2026-01-01 19:47:40+00:00,0,IOMT-038,S-IOMT-038-313,IMAGING,EP-IND-08289
NET-08290,2026-01-01 19:47:58+00:00,0,IOMT-028,S-IOMT-028-314,EHR_READ,EP-IND-08290
NET-08291,2026-01-01 19:48:06+00:00,0,IOMT-004,S-IOMT-004-315,IMAGING,EP-IND-08291
NET-08292,2026-01-01 19:48:15+00:00,0,IOMT-009,S-IOMT-009-316,EHR_READ,EP-IND-08292
NET-08293,2026-01-01 19:48:46+00:00,0,IOMT-019,S-IOMT-019-317,IMAGING,EP-IND-08293
NET-08294,2026-01-01 19:48:52+00:00,0,IOMT-010,S-IOMT-010-318,EHR_READ,EP-IND-08294
NET-08295,2026-01-01 19:48:53+00:00,0,IOMT-023,S-IOMT-023-319,IMAGING,EP-IND-08295
NET-08296,2026-01-01 19:48:56+00:00,0,IOMT-038,S-IOMT-038-320,EHR_WRITE,EP-IND-08296
NET-08297,2026-01-01 19:49:09+00:00,0,IOMT-026,S-IOMT-026-321,EHR_WRITE,EP-IND-08297
NET-08298,2026-01-01 19:49:12+00:00,0,IOMT-007,S-IOMT-007-322,EHR_READ,EP-IND-08298
NET-08299,2026-01-01 19:49:17+00:00,0,IOMT-003,S-IOMT-003-323,RESEARCH,EP-IND-08299
NET-08300,2026-01-01 19:49:19+00:00,1,IOMT-031,S-IOMT-031-324,EHR_WRITE,EP-IND-08300
NET-08301,2026-01-01 19:49:29+00:00,0,IOMT-006,S-IOMT-006-325,EHR_READ,EP-IND-08301
NET-08302,2026-01-01 19:49:39+00:00,0,IOMT-001,S-IOMT-001-326,LAB_RESULTS,EP-IND-08302
NET-08303,2026-01-01 19:49:52+00:00,0,IOMT-043,S-IOMT-043-327,EHR_READ,EP-IND-08303
NET-08304,2026-01-01 19:49:57+00:00,0,IOMT-017,S-IOMT-017-328,EHR_WRITE,EP-IND-08304
NET-08305,2026-01-01 19:50:00+00:00,0,IOMT-035,S-IOMT-035-329,EHR_READ,EP-IND-08305
NET-08306,2026-01-01 19:50:18+00:00,0,IOMT-045,S-IOMT-045-330,IMAGING,EP-IND-08306
NET-08307,2026-01-01 19:50:38+00:00,0,IOMT-025,S-IOMT-025-331,EHR_READ,EP-IND-08307
NET-08308,2026-01-01 19:50:40+00:00,0,IOMT-003,S-IOMT-003-332,RESEARCH,EP-IND-08308
NET-08309,2026-01-01 19:50:41+00:00,0,IOMT-028,S-IOMT-028-333,LAB_RESULTS,EP-IND-08309
NET-08310,2026-01-01 19:50:50+00:00,0,IOMT-049,S-IOMT-049-334,RESEARCH,EP-IND-08310
NET-08311,2026-01-01 19:50:59+00:00,0,IOMT-004,S-IOMT-004-335,IMAGING,EP-IND-08311
NET-08312,2026-01-01 19:51:02+00:00,0,IOMT-009,S-IOMT-009-336,EHR_READ,EP-IND-08312
NET-08313,2026-01-01 19:51:27+00:00,0,IOMT-026,S-IOMT-026-337,IMAGING,EP-IND-08313
NET-08314,2026-01-01 19:51:27+00:00,0,IOMT-028,S-IOMT-028-338,EHR_READ,EP-IND-08314
NET-08315,2026-01-01 19:51:32+00:00,0,IOMT-038,S-IOMT-038-339,LAB_RESULTS,EP-IND-08315
NET-08316,2026-01-01 19:52:00+00:00,0,IOMT-029,S-IOMT-029-340,RESEARCH,EP-IND-08316
NET-08317,2026-01-01 19:52:02+00:00,0,IOMT-049,S-IOMT-049-341,EHR_WRITE,EP-IND-08317
NET-08318,2026-01-01 19:52:06+00:00,0,IOMT-037,S-IOMT-037-342,EHR_WRITE,EP-IND-08318
NET-08319,2026-01-01 19:52:11+00:00,0,IOMT-020,S-IOMT-020-343,RESEARCH,EP-IND-08319
NET-08320,2026-01-01 19:52:12+00:00,0,IOMT-003,S-IOMT-003-344,EHR_WRITE,EP-IND-08320
NET-08321,2026-01-01 19:52:20+00:00,0,IOMT-022,S-IOMT-022-345,RESEARCH,EP-IND-08321
NET-08322,2026-01-01 19:52:36+00:00,0,IOMT-041,S-IOMT-041-346,RESEARCH,EP-IND-08322
NET-08323,2026-01-01 19:52:59+00:00,0,IOMT-010,S-IOMT-010-347,LAB_RESULTS,EP-IND-08323
NET-08324,2026-01-01 19:53:00+00:00,0,IOMT-012,S-IOMT-012-348,RESEARCH,EP-IND-08324
NET-08325,2026-01-01 19:53:03+00:00,0,IOMT-029,S-IOMT-029-349,RESEARCH,EP-IND-08325
NET-08326,2026-01-01 19:53:04+00:00,0,IOMT-037,S-IOMT-037-350,EHR_WRITE,EP-IND-08326
NET-08327,2026-01-01 19:53:35+00:00,0,IOMT-003,S-IOMT-003-351,IMAGING,EP-IND-08327
NET-08328,2026-01-01 19:53:40+00:00,0,IOMT-010,S-IOMT-010-352,EHR_READ,EP-IND-08328
NET-08329,2026-01-01 19:53:55+00:00,0,IOMT-005,S-IOMT-005-353,EHR_READ,EP-IND-08329
NET-08330,2026-01-01 19:54:14+00:00,0,IOMT-026,S-IOMT-026-354,RESEARCH,EP-IND-08330
NET-08331,2026-01-01 19:54:38+00:00,0,IOMT-039,S-IOMT-039-355,RESEARCH,EP-IND-08331
NET-08332,2026-01-01 19:54:45+00:00,0,IOMT-023,S-IOMT-023-356,EHR_READ,EP-IND-08332
NET-08333,2026-01-01 19:54:59+00:00,0,IOMT-043,S-IOMT-043-357,LAB_RESULTS,EP-IND-08333
NET-08334,2026-01-01 19:55:04+00:00,0,IOMT-017,S-IOMT-017-358,RESEARCH,EP-IND-08334
NET-08335,2026-01-01 19:55:06+00:00,0,IOMT-015,S-IOMT-015-359,RESEARCH,EP-IND-08335
NET-08336,2026-01-01 19:55:10+00:00,0,IOMT-046,S-IOMT-046-360,LAB_RESULTS,EP-IND-08336
NET-08337,2026-01-01 19:55:29+00:00,0,IOMT-044,S-IOMT-044-361,LAB_RESULTS,EP-IND-08337
NET-08338,2026-01-01 19:55:30+00:00,0,IOMT-032,S-IOMT-032-362,IMAGING,EP-IND-08338
NET-08339,2026-01-01 19:55:48+00:00,0,IOMT-025,S-IOMT-025-363,EHR_READ,EP-IND-08339
NET-08340,2026-01-01 19:56:17+00:00,0,IOMT-021,S-IOMT-021-364,EHR_WRITE,EP-IND-08340
NET-08341,2026-01-01 19:56:30+00:00,0,IOMT-021,S-IOMT-021-365,EHR_READ,EP-IND-08341
NET-08342,2026-01-01 19:56:57+00:00,0,IOMT-021,S-IOMT-021-366,RESEARCH,EP-IND-08342
NET-08343,2026-01-01 19:56:59+00:00,0,IOMT-032,S-IOMT-032-367,EHR_WRITE,EP-IND-08343
NET-08344,2026-01-01 19:57:01+00:00,0,IOMT-020,S-IOMT-020-368,EHR_READ,EP-IND-08344
NET-08345,2026-01-01 19:57:01+00:00,0,IOMT-024,S-IOMT-024-369,LAB_RESULTS,EP-IND-08345
NET-08346,2026-01-01 19:57:01+00:00,0,IOMT-006,S-IOMT-006-370,LAB_RESULTS,EP-IND-08346
NET-08347,2026-01-01 19:57:02+00:00,0,IOMT-000,S-IOMT-000-371,IMAGING,EP-IND-08347
NET-08348,2026-01-01 19:57:18+00:00,0,IOMT-005,S-IOMT-005-372,EHR_WRITE,EP-IND-08348
NET-08349,2026-01-01 19:57:20+00:00,1,IOMT-032,S-IOMT-032-373,EHR_READ,EP-IND-08349
NET-08350,2026-01-01 19:57:44+00:00,0,IOMT-003,S-IOMT-003-374,IMAGING,EP-IND-08350
NET-08351,2026-01-01 19:57:47+00:00,0,IOMT-042,S-IOMT-042-375,RESEARCH,EP-IND-08351
NET-08352,2026-01-01 19:58:18+00:00,0,IOMT-023,S-IOMT-023-376,LAB_RESULTS,EP-IND-08352
NET-08353,2026-01-01 19:58:21+00:00,0,IOMT-002,S-IOMT-002-377,EHR_READ,EP-IND-08353
NET-08354,2026-01-01 19:58:40+00:00,0,IOMT-031,S-IOMT-031-378,RESEARCH,EP-IND-08354
NET-08355,2026-01-01 19:58:41+00:00,0,IOMT-031,S-IOMT-031-379,LAB_RESULTS,EP-IND-08355
NET-08356,2026-01-01 19:58:45+00:00,0,IOMT-014,S-IOMT-014-380,EHR_WRITE,EP-IND-08356
NET-08357,2026-01-01 19:58:46+00:00,0,IOMT-023,S-IOMT-023-381,IMAGING,EP-IND-08357
NET-08358,2026-01-01 19:58:57+00:00,0,IOMT-009,S-IOMT-009-382,IMAGING,EP-IND-08358
NET-08359,2026-01-01 19:59:05+00:00,0,IOMT-041,S-IOMT-041-383,EHR_READ,EP-IND-08359
NET-08360,2026-01-01 19:59:14+00:00,0,IOMT-040,S-IOMT-040-384,EHR_WRITE,EP-IND-08360
NET-08361,2026-01-01 19:59:15+00:00,0,IOMT-010,S-IOMT-010-385,LAB_RESULTS,EP-IND-08361
NET-08362,2026-01-01 19:59:17+00:00,0,IOMT-009,S-IOMT-009-386,IMAGING,EP-IND-08362
NET-08363,2026-01-01 19:59:18+00:00,0,IOMT-046,S-IOMT-046-387,IMAGING,EP-IND-08363
NET-08364,2026-01-01 19:59:21+00:00,0,IOMT-036,S-IOMT-036-388,EHR_READ,EP-IND-08364
NET-08365,2026-01-01 19:59:21+00:00,0,IOMT-019,S-IOMT-019-389,EHR_READ,EP-IND-08365
NET-08366,2026-01-01 19:59:28+00:00,1,IOMT-000,S-IOMT-000-390,EHR_READ,EP-IND-08366
NET-08367,2026-01-01 19:59:42+00:00,0,IOMT-004,S-IOMT-004-391,EHR_READ,EP-IND-08367
NET-08368,2026-01-01 19:59:47+00:00,0,IOMT-039,S-IOMT-039-392,EHR_READ,EP-IND-08368
NET-08369,2026-01-01 19:59:48+00:00,0,IOMT-029,S-IOMT-029-393,RESEARCH,EP-IND-08369
NET-08370,2026-01-01 19:59:50+00:00,0,IOMT-040,S-IOMT-040-394,EHR_READ,EP-IND-08370
NET-08371,2026-01-01 20:00:03+00:00,0,IOMT-028,S-IOMT-028-395,EHR_READ,EP-IND-08371
NET-08372,2026-01-01 20:00:08+00:00,0,IOMT-012,S-IOMT-012-396,RESEARCH,EP-IND-08372
NET-08373,2026-01-01 20:00:11+00:00,0,IOMT-012,S-IOMT-012-397,RESEARCH,EP-IND-08373
NET-08374,2026-01-01 20:00:24+00:00,0,IOMT-032,S-IOMT-032-398,LAB_RESULTS,EP-IND-08374
NET-08375,2026-01-01 20:00:31+00:00,0,IOMT-044,S-IOMT-044-399,EHR_READ,EP-IND-08375
NET-08376,2026-01-01 20:00:39+00:00,0,IOMT-001,S-IOMT-001-400,EHR_READ,EP-IND-08376
NET-08377,2026-01-01 20:00:40+00:00,0,IOMT-020,S-IOMT-020-401,LAB_RESULTS,EP-IND-08377
NET-08378,2026-01-01 20:00:46+00:00,0,IOMT-044,S-IOMT-044-402,LAB_RESULTS,EP-IND-08378
NET-08379,2026-01-01 20:01:08+00:00,0,IOMT-025,S-IOMT-025-403,EHR_READ,EP-IND-08379
NET-08380,2026-01-01 20:01:27+00:00,1,IOMT-038,S-IOMT-038-404,LAB_RESULTS,EP-IND-08380
NET-08381,2026-01-01 20:01:30+00:00,0,IOMT-003,S-IOMT-003-405,EHR_WRITE,EP-IND-08381
NET-08382,2026-01-01 20:01:41+00:00,0,IOMT-034,S-IOMT-034-406,IMAGING,EP-IND-08382
NET-08383,2026-01-01 20:01:55+00:00,0,IOMT-032,S-IOMT-032-407,RESEARCH,EP-IND-08383
NET-08384,2026-01-01 20:02:07+00:00,0,IOMT-008,S-IOMT-008-408,RESEARCH,EP-IND-08384
NET-08385,2026-01-01 20:02:21+00:00,0,IOMT-037,S-IOMT-037-409,IMAGING,EP-IND-08385
NET-08386,2026-01-01 20:02:35+00:00,0,IOMT-045,S-IOMT-045-410,IMAGING,EP-IND-08386
NET-08387,2026-01-01 20:02:40+00:00,0,IOMT-001,S-IOMT-001-411,EHR_WRITE,EP-IND-08387
NET-08388,2026-01-01 20:02:45+00:00,0,IOMT-003,S-IOMT-003-412,LAB_RESULTS,EP-IND-08388
NET-08389,2026-01-01 20:03:12+00:00,0,IOMT-037,S-IOMT-037-413,RESEARCH,EP-IND-08389
NET-08390,2026-01-01 20:03:16+00:00,0,IOMT-042,S-IOMT-042-414,EHR_READ,EP-IND-08390
NET-08391,2026-01-01 20:03:18+00:00,0,IOMT-046,S-IOMT-046-415,LAB_RESULTS,EP-IND-08391
NET-08392,2026-01-01 20:03:19+00:00,0,IOMT-046,S-IOMT-046-416,LAB_RESULTS,EP-IND-08392
NET-08393,2026-01-01 20:03:27+00:00,0,IOMT-033,S-IOMT-033-417,EHR_WRITE,EP-IND-08393
NET-08394,2026-01-01 20:03:30+00:00,0,IOMT-026,S-IOMT-026-418,LAB_RESULTS,EP-IND-08394
NET-08395,2026-01-01 20:03:30+00:00,0,IOMT-029,S-IOMT-029-419,EHR_READ,EP-IND-08395
NET-08396,2026-01-01 20:03:38+00:00,0,IOMT-035,S-IOMT-035-420,LAB_RESULTS,EP-IND-08396
NET-08397,2026-01-01 20:03:46+00:00,0,IOMT-017,S-IOMT-017-421,LAB_RESULTS,EP-IND-08397
NET-08398,2026-01-01 20:04:12+00:00,0,IOMT-021,S-IOMT-021-422,EHR_READ,EP-IND-08398
NET-08399,2026-01-01 20:04:17+00:00,0,IOMT-014,S-IOMT-014-423,EHR_WRITE,EP-IND-08399
NET-08400,2026-01-01 20:04:41+00:00,0,IOMT-035,S-IOMT-035-424,RESEARCH,EP-IND-08400
NET-08401,2026-01-01 20:04:42+00:00,0,IOMT-001,S-IOMT-001-425,LAB_RESULTS,EP-IND-08401
NET-08402,2026-01-01 20:04:42+00:00,0,IOMT-043,S-IOMT-043-426,EHR_WRITE,EP-IND-08402
NET-08403,2026-01-01 20:04:44+00:00,0,IOMT-034,S-IOMT-034-427,IMAGING,EP-IND-08403
NET-08404,2026-01-01 20:04:46+00:00,0,IOMT-012,S-IOMT-012-428,RESEARCH,EP-IND-08404
NET-08405,2026-01-01 20:04:46+00:00,0,IOMT-024,S-IOMT-024-429,LAB_RESULTS,EP-IND-08405
NET-08406,2026-01-01 20:04:52+00:00,0,IOMT-036,S-IOMT-036-430,RESEARCH,EP-IND-08406
NET-08407,2026-01-01 20:05:00+00:00,0,IOMT-024,S-IOMT-024-431,RESEARCH,EP-IND-08407
NET-08408,2026-01-01 20:05:02+00:00,0,IOMT-012,S-IOMT-012-432,LAB_RESULTS,EP-IND-08408
NET-08409,2026-01-01 20:05:07+00:00,0,IOMT-016,S-IOMT-016-433,IMAGING,EP-IND-08409
NET-08410,2026-01-01 20:05:17+00:00,1,IOMT-006,S-IOMT-006-434,RESEARCH,EP-IND-08410
NET-08411,2026-01-01 20:05:20+00:00,0,IOMT-010,S-IOMT-010-435,RESEARCH,EP-IND-08411
NET-08412,2026-01-01 20:05:41+00:00,0,IOMT-043,S-IOMT-043-436,RESEARCH,EP-IND-08412
NET-08413,2026-01-01 20:05:47+00:00,0,IOMT-019,S-IOMT-019-437,IMAGING,EP-IND-08413
NET-08414,2026-01-01 20:05:59+00:00,0,IOMT-003,S-IOMT-003-438,EHR_WRITE,EP-IND-08414
NET-08415,2026-01-01 20:06:10+00:00,0,IOMT-027,S-IOMT-027-439,EHR_WRITE,EP-IND-08415
NET-08416,2026-01-01 20:06:11+00:00,0,IOMT-023,S-IOMT-023-440,EHR_READ,EP-IND-08416
NET-08417,2026-01-01 20:06:14+00:00,0,IOMT-030,S-IOMT-030-441,EHR_READ,EP-IND-08417
NET-08418,2026-01-01 20:06:21+00:00,0,IOMT-017,S-IOMT-017-442,RESEARCH,EP-IND-08418
NET-08419,2026-01-01 20:06:22+00:00,0,IOMT-037,S-IOMT-037-443,RESEARCH,EP-IND-08419
NET-08420,2026-01-01 20:06:23+00:00,0,IOMT-001,S-IOMT-001-444,LAB_RESULTS,EP-IND-08420
NET-08421,2026-01-01 20:06:24+00:00,0,IOMT-008,S-IOMT-008-445,EHR_READ,EP-IND-08421
NET-08422,2026-01-01 20:06:30+00:00,0,IOMT-033,S-IOMT-033-446,EHR_WRITE,EP-IND-08422
NET-08423,2026-01-01 20:06:32+00:00,0,IOMT-029,S-IOMT-029-447,EHR_WRITE,EP-IND-08423
NET-08424,2026-01-01 20:06:39+00:00,0,IOMT-024,S-IOMT-024-448,RESEARCH,EP-IND-08424
NET-08425,2026-01-01 20:06:39+00:00,0,IOMT-000,S-IOMT-000-449,LAB_RESULTS,EP-IND-08425
NET-08426,2026-01-01 20:06:40+00:00,0,IOMT-033,S-IOMT-033-450,IMAGING,EP-IND-08426
NET-08427,2026-01-01 20:07:19+00:00,0,IOMT-009,S-IOMT-009-451,RESEARCH,EP-IND-08427
NET-08428,2026-01-01 20:07:33+00:00,0,IOMT-044,S-IOMT-044-452,RESEARCH,EP-IND-08428
NET-08429,2026-01-01 20:07:46+00:00,0,IOMT-049,S-IOMT-049-453,RESEARCH,EP-IND-08429
NET-08430,2026-01-01 20:08:05+00:00,0,IOMT-048,S-IOMT-048-454,LAB_RESULTS,EP-IND-08430
NET-08431,2026-01-01 20:08:07+00:00,0,IOMT-015,S-IOMT-015-455,EHR_WRITE,EP-IND-08431
NET-08432,2026-01-01 20:08:17+00:00,0,IOMT-039,S-IOMT-039-456,RESEARCH,EP-IND-08432
NET-08433,2026-01-01 20:08:26+00:00,0,IOMT-041,S-IOMT-041-457,LAB_RESULTS,EP-IND-08433
NET-08434,2026-01-01 20:08:39+00:00,0,IOMT-037,S-IOMT-037-458,EHR_WRITE,EP-IND-08434
NET-08435,2026-01-01 20:08:46+00:00,1,IOMT-028,S-IOMT-028-459,EHR_WRITE,EP-IND-08435
NET-08436,2026-01-01 20:08:54+00:00,0,IOMT-007,S-IOMT-007-460,IMAGING,EP-IND-08436
NET-08437,2026-01-01 20:08:57+00:00,0,IOMT-003,S-IOMT-003-461,IMAGING,EP-IND-08437
NET-08438,2026-01-01 20:09:21+00:00,0,IOMT-008,S-IOMT-008-462,EHR_WRITE,EP-IND-08438
NET-08439,2026-01-01 20:09:29+00:00,0,IOMT-024,S-IOMT-024-463,LAB_RESULTS,EP-IND-08439
NET-08440,2026-01-01 20:09:46+00:00,0,IOMT-037,S-IOMT-037-464,LAB_RESULTS,EP-IND-08440
NET-08441,2026-01-01 20:09:56+00:00,0,IOMT-031,S-IOMT-031-465,EHR_WRITE,EP-IND-08441
NET-08442,2026-01-01 20:10:17+00:00,0,IOMT-012,S-IOMT-012-466,LAB_RESULTS,EP-IND-08442
NET-08443,2026-01-01 20:10:21+00:00,0,IOMT-018,S-IOMT-018-467,LAB_RESULTS,EP-IND-08443
NET-08444,2026-01-01 20:10:23+00:00,0,IOMT-012,S-IOMT-012-468,RESEARCH,EP-IND-08444
NET-08445,2026-01-01 20:10:40+00:00,0,IOMT-015,S-IOMT-015-469,RESEARCH,EP-IND-08445
NET-08446,2026-01-01 20:10:40+00:00,0,IOMT-016,S-IOMT-016-470,IMAGING,EP-IND-08446
NET-08447,2026-01-01 20:10:47+00:00,0,IOMT-027,S-IOMT-027-471,EHR_READ,EP-IND-08447
NET-08448,2026-01-01 20:11:27+00:00,0,IOMT-030,S-IOMT-030-472,LAB_RESULTS,EP-IND-08448
NET-08449,2026-01-01 20:11:29+00:00,0,IOMT-048,S-IOMT-048-473,EHR_WRITE,EP-IND-08449
NET-08450,2026-01-01 20:11:31+00:00,0,IOMT-022,S-IOMT-022-474,IMAGING,EP-IND-08450
NET-08451,2026-01-01 20:11:41+00:00,0,IOMT-010,S-IOMT-010-475,EHR_READ,EP-IND-08451
NET-08452,2026-01-01 20:11:46+00:00,0,IOMT-030,S-IOMT-030-476,RESEARCH,EP-IND-08452
NET-08453,2026-01-01 20:12:03+00:00,0,IOMT-004,S-IOMT-004-477,LAB_RESULTS,EP-IND-08453
NET-08454,2026-01-01 20:12:03+00:00,0,IOMT-037,S-IOMT-037-478,RESEARCH,EP-IND-08454
NET-08455,2026-01-01 20:12:12+00:00,0,IOMT-003,S-IOMT-003-479,EHR_READ,EP-IND-08455
NET-08456,2026-01-01 20:12:22+00:00,0,IOMT-042,S-IOMT-042-480,EHR_READ,EP-IND-08456
NET-08457,2026-01-01 20:12:28+00:00,0,IOMT-017,S-IOMT-017-481,LAB_RESULTS,EP-IND-08457
NET-08458,2026-01-01 20:12:48+00:00,0,IOMT-028,S-IOMT-028-482,EHR_WRITE,EP-IND-08458
NET-08459,2026-01-01 20:13:02+00:00,0,IOMT-013,S-IOMT-013-483,EHR_READ,EP-IND-08459
NET-08460,2026-01-01 20:13:05+00:00,0,IOMT-028,S-IOMT-028-484,LAB_RESULTS,EP-IND-08460
NET-08461,2026-01-01 20:13:18+00:00,0,IOMT-044,S-IOMT-044-485,EHR_READ,EP-IND-08461
NET-08462,2026-01-01 20:13:36+00:00,0,IOMT-043,S-IOMT-043-486,EHR_READ,EP-IND-08462
NET-08463,2026-01-01 20:13:44+00:00,0,IOMT-025,S-IOMT-025-487,RESEARCH,EP-IND-08463
NET-08464,2026-01-01 20:13:54+00:00,0,IOMT-018,S-IOMT-018-488,IMAGING,EP-IND-08464
NET-08465,2026-01-01 20:13:56+00:00,0,IOMT-037,S-IOMT-037-489,EHR_READ,EP-IND-08465
NET-08466,2026-01-01 20:13:56+00:00,0,IOMT-033,S-IOMT-033-490,IMAGING,EP-IND-08466
NET-08467,2026-01-01 20:14:01+00:00,0,IOMT-049,S-IOMT-049-491,RESEARCH,EP-IND-08467
NET-08468,2026-01-01 20:14:17+00:00,0,IOMT-048,S-IOMT-048-492,IMAGING,EP-IND-08468
NET-08469,2026-01-01 20:14:32+00:00,0,IOMT-036,S-IOMT-036-493,LAB_RESULTS,EP-IND-08469
NET-08470,2026-01-01 20:14:45+00:00,0,IOMT-047,S-IOMT-047-494,EHR_READ,EP-IND-08470
NET-08471,2026-01-01 20:14:51+00:00,0,IOMT-005,S-IOMT-005-495,LAB_RESULTS,EP-IND-08471
NET-08472,2026-01-01 20:14:53+00:00,0,IOMT-017,S-IOMT-017-496,IMAGING,EP-IND-08472
NET-08473,2026-01-01 20:14:54+00:00,0,IOMT-007,S-IOMT-007-497,EHR_READ,EP-IND-08473
NET-08474,2026-01-01 20:14:57+00:00,0,IOMT-041,S-IOMT-041-498,IMAGING,EP-IND-08474
NET-08475,2026-01-01 20:15:13+00:00,0,IOMT-034,S-IOMT-034-499,LAB_RESULTS,EP-IND-08475
NET-08476,2026-01-01 20:15:15+00:00,0,IOMT-004,S-IOMT-004-500,LAB_RESULTS,EP-IND-08476
NET-08477,2026-01-01 20:15:58+00:00,0,IOMT-023,S-IOMT-023-501,RESEARCH,EP-IND-08477
NET-08478,2026-01-01 20:16:11+00:00,0,IOMT-008,S-IOMT-008-502,IMAGING,EP-IND-08478
NET-08479,2026-01-01 20:16:20+00:00,0,IOMT-021,S-IOMT-021-503,EHR_WRITE,EP-IND-08479
NET-08480,2026-01-01 20:16:43+00:00,0,IOMT-027,S-IOMT-027-504,LAB_RESULTS,EP-IND-08480
NET-08481,2026-01-01 20:16:45+00:00,0,IOMT-006,S-IOMT-006-505,RESEARCH,EP-IND-08481
NET-08482,2026-01-01 20:17:03+00:00,0,IOMT-009,S-IOMT-009-506,EHR_READ,EP-IND-08482
NET-08483,2026-01-01 20:17:17+00:00,0,IOMT-007,S-IOMT-007-507,RESEARCH,EP-IND-08483
NET-08484,2026-01-01 20:17:26+00:00,0,IOMT-031,S-IOMT-031-508,IMAGING,EP-IND-08484
NET-08485,2026-01-01 20:17:31+00:00,1,IOMT-003,S-IOMT-003-509,EHR_WRITE,EP-IND-08485
NET-08486,2026-01-01 20:17:31+00:00,0,IOMT-010,S-IOMT-010-510,IMAGING,EP-IND-08486
NET-08487,2026-01-01 20:17:32+00:00,0,IOMT-031,S-IOMT-031-511,EHR_READ,EP-IND-08487
NET-08488,2026-01-01 20:17:38+00:00,0,IOMT-049,S-IOMT-049-512,LAB_RESULTS,EP-IND-08488
NET-08489,2026-01-01 20:17:55+00:00,0,IOMT-032,S-IOMT-032-513,EHR_WRITE,EP-IND-08489
NET-08490,2026-01-01 20:18:31+00:00,0,IOMT-041,S-IOMT-041-514,RESEARCH,EP-IND-08490
NET-08491,2026-01-01 20:18:37+00:00,0,IOMT-012,S-IOMT-012-515,IMAGING,EP-IND-08491
NET-08492,2026-01-01 20:19:11+00:00,0,IOMT-026,S-IOMT-026-516,EHR_WRITE,EP-IND-08492
NET-08493,2026-01-01 20:19:14+00:00,0,IOMT-048,S-IOMT-048-517,EHR_WRITE,EP-IND-08493
NET-08494,2026-01-01 20:19:15+00:00,0,IOMT-015,S-IOMT-015-518,EHR_READ,EP-IND-08494
NET-08495,2026-01-01 20:19:27+00:00,0,IOMT-030,S-IOMT-030-519,EHR_READ,EP-IND-08495
NET-08496,2026-01-01 20:19:29+00:00,0,IOMT-032,S-IOMT-032-520,EHR_WRITE,EP-IND-08496
NET-08497,2026-01-01 20:19:36+00:00,0,IOMT-028,S-IOMT-028-521,IMAGING,EP-IND-08497
NET-08498,2026-01-01 20:19:38+00:00,1,IOMT-042,S-IOMT-042-522,EHR_WRITE,EP-IND-08498
NET-08499,2026-01-01 20:19:39+00:00,0,IOMT-024,S-IOMT-024-523,EHR_READ,EP-IND-08499
NET-08500,2026-01-01 20:19:58+00:00,0,IOMT-016,S-IOMT-016-524,EHR_READ,EP-IND-08500
NET-08501,2026-01-01 20:20:05+00:00,0,IOMT-014,S-IOMT-014-525,IMAGING,EP-IND-08501
NET-08502,2026-01-01 20:20:08+00:00,0,IOMT-027,S-IOMT-027-526,RESEARCH,EP-IND-08502
NET-08503,2026-01-01 20:20:18+00:00,0,IOMT-016,S-IOMT-016-527,EHR_WRITE,EP-IND-08503
NET-08504,2026-01-01 20:20:20+00:00,0,IOMT-044,S-IOMT-044-528,LAB_RESULTS,EP-IND-08504
NET-08505,2026-01-01 20:20:25+00:00,0,IOMT-021,S-IOMT-021-529,IMAGING,EP-IND-08505
NET-08506,2026-01-01 20:20:43+00:00,0,IOMT-019,S-IOMT-019-530,LAB_RESULTS,EP-IND-08506
NET-08507,2026-01-01 20:20:55+00:00,0,IOMT-046,S-IOMT-046-531,RESEARCH,EP-IND-08507
NET-08508,2026-01-01 20:21:25+00:00,0,IOMT-018,S-IOMT-018-532,EHR_READ,EP-IND-08508
NET-08509,2026-01-01 20:21:45+00:00,0,IOMT-006,S-IOMT-006-533,EHR_WRITE,EP-IND-08509
NET-08510,2026-01-01 20:22:07+00:00,0,IOMT-010,S-IOMT-010-534,EHR_WRITE,EP-IND-08510
NET-08511,2026-01-01 20:22:12+00:00,0,IOMT-000,S-IOMT-000-535,EHR_READ,EP-IND-08511
NET-08512,2026-01-01 20:22:15+00:00,0,IOMT-029,S-IOMT-029-536,IMAGING,EP-IND-08512
NET-08513,2026-01-01 20:22:41+00:00,0,IOMT-010,S-IOMT-010-537,LAB_RESULTS,EP-IND-08513
NET-08514,2026-01-01 20:22:54+00:00,0,IOMT-041,S-IOMT-041-538,EHR_READ,EP-IND-08514
NET-08515,2026-01-01 20:23:16+00:00,0,IOMT-006,S-IOMT-006-539,LAB_RESULTS,EP-IND-08515
NET-08516,2026-01-01 20:23:34+00:00,0,IOMT-015,S-IOMT-015-540,IMAGING,EP-IND-08516
NET-08517,2026-01-01 20:23:48+00:00,0,IOMT-017,S-IOMT-017-541,LAB_RESULTS,EP-IND-08517
NET-08518,2026-01-01 20:23:51+00:00,0,IOMT-039,S-IOMT-039-542,LAB_RESULTS,EP-IND-08518
NET-08519,2026-01-01 20:23:52+00:00,0,IOMT-010,S-IOMT-010-543,EHR_WRITE,EP-IND-08519
NET-08520,2026-01-01 20:23:54+00:00,0,IOMT-011,S-IOMT-011-544,LAB_RESULTS,EP-IND-08520
NET-08521,2026-01-01 20:23:56+00:00,0,IOMT-048,S-IOMT-048-545,EHR_WRITE,EP-IND-08521
NET-08522,2026-01-01 20:24:14+00:00,0,IOMT-048,S-IOMT-048-546,LAB_RESULTS,EP-IND-08522
NET-08523,2026-01-01 20:24:19+00:00,0,IOMT-004,S-IOMT-004-547,LAB_RESULTS,EP-IND-08523
NET-08524,2026-01-01 20:24:23+00:00,0,IOMT-032,S-IOMT-032-548,RESEARCH,EP-IND-08524
NET-08525,2026-01-01 20:24:24+00:00,0,IOMT-034,S-IOMT-034-549,IMAGING,EP-IND-08525
NET-08526,2026-01-01 20:24:26+00:00,0,IOMT-002,S-IOMT-002-550,RESEARCH,EP-IND-08526
NET-08527,2026-01-01 20:24:29+00:00,0,IOMT-031,S-IOMT-031-551,LAB_RESULTS,EP-IND-08527
NET-08528,2026-01-01 20:24:31+00:00,0,IOMT-043,S-IOMT-043-552,LAB_RESULTS,EP-IND-08528
NET-08529,2026-01-01 20:24:44+00:00,0,IOMT-017,S-IOMT-017-553,IMAGING,EP-IND-08529
NET-08530,2026-01-01 20:24:44+00:00,0,IOMT-031,S-IOMT-031-554,EHR_WRITE,EP-IND-08530
NET-08531,2026-01-01 20:24:51+00:00,0,IOMT-040,S-IOMT-040-555,EHR_WRITE,EP-IND-08531
NET-08532,2026-01-01 20:25:04+00:00,0,IOMT-008,S-IOMT-008-556,IMAGING,EP-IND-08532
NET-08533,2026-01-01 20:25:54+00:00,0,IOMT-025,S-IOMT-025-557,EHR_WRITE,EP-IND-08533
NET-08534,2026-01-01 20:26:06+00:00,0,IOMT-019,S-IOMT-019-558,LAB_RESULTS,EP-IND-08534
NET-08535,2026-01-01 20:26:12+00:00,0,IOMT-025,S-IOMT-025-559,EHR_READ,EP-IND-08535
NET-08536,2026-01-01 20:26:16+00:00,0,IOMT-042,S-IOMT-042-560,RESEARCH,EP-IND-08536
NET-08537,2026-01-01 20:26:21+00:00,0,IOMT-044,S-IOMT-044-561,RESEARCH,EP-IND-08537
NET-08538,2026-01-01 20:26:24+00:00,0,IOMT-027,S-IOMT-027-562,EHR_READ,EP-IND-08538
NET-08539,2026-01-01 20:26:36+00:00,0,IOMT-023,S-IOMT-023-563,EHR_READ,EP-IND-08539
NET-08540,2026-01-01 20:26:48+00:00,0,IOMT-036,S-IOMT-036-564,EHR_READ,EP-IND-08540
NET-08541,2026-01-01 20:26:55+00:00,0,IOMT-018,S-IOMT-018-565,EHR_READ,EP-IND-08541
NET-08542,2026-01-01 20:27:08+00:00,0,IOMT-037,S-IOMT-037-566,RESEARCH,EP-IND-08542
NET-08543,2026-01-01 20:27:16+00:00,0,IOMT-037,S-IOMT-037-567,RESEARCH,EP-IND-08543
NET-08544,2026-01-01 20:27:32+00:00,0,IOMT-013,S-IOMT-013-568,IMAGING,EP-IND-08544
NET-08545,2026-01-01 20:27:33+00:00,0,IOMT-012,S-IOMT-012-569,LAB_RESULTS,EP-IND-08545
NET-08546,2026-01-01 20:27:39+00:00,0,IOMT-017,S-IOMT-017-570,IMAGING,EP-IND-08546
NET-08547,2026-01-01 20:27:42+00:00,0,IOMT-022,S-IOMT-022-571,EHR_WRITE,EP-IND-08547
NET-08548,2026-01-01 20:27:50+00:00,0,IOMT-016,S-IOMT-016-572,RESEARCH,EP-IND-08548
NET-08549,2026-01-01 20:27:50+00:00,0,IOMT-006,S-IOMT-006-573,EHR_READ,EP-IND-08549
NET-08550,2026-01-01 20:27:52+00:00,0,IOMT-045,S-IOMT-045-574,RESEARCH,EP-IND-08550
NET-08551,2026-01-01 20:28:04+00:00,0,IOMT-016,S-IOMT-016-575,LAB_RESULTS,EP-IND-08551
NET-08552,2026-01-01 20:28:11+00:00,0,IOMT-035,S-IOMT-035-576,RESEARCH,EP-IND-08552
NET-08553,2026-01-01 20:28:19+00:00,0,IOMT-036,S-IOMT-036-577,LAB_RESULTS,EP-IND-08553
NET-08554,2026-01-01 20:28:21+00:00,0,IOMT-003,S-IOMT-003-578,IMAGING,EP-IND-08554
NET-08555,2026-01-01 20:28:28+00:00,0,IOMT-043,S-IOMT-043-579,LAB_RESULTS,EP-IND-08555
NET-08556,2026-01-01 20:28:37+00:00,0,IOMT-035,S-IOMT-035-580,EHR_WRITE,EP-IND-08556
NET-08557,2026-01-01 20:28:40+00:00,0,IOMT-002,S-IOMT-002-581,IMAGING,EP-IND-08557
NET-08558,2026-01-01 20:28:58+00:00,0,IOMT-018,S-IOMT-018-582,LAB_RESULTS,EP-IND-08558
NET-08559,2026-01-01 20:29:03+00:00,0,IOMT-014,S-IOMT-014-583,RESEARCH,EP-IND-08559
NET-08560,2026-01-01 20:29:11+00:00,0,IOMT-033,S-IOMT-033-584,RESEARCH,EP-IND-08560
NET-08561,2026-01-01 20:29:11+00:00,0,IOMT-024,S-IOMT-024-585,RESEARCH,EP-IND-08561
NET-08562,2026-01-01 20:29:18+00:00,0,IOMT-017,S-IOMT-017-586,IMAGING,EP-IND-08562
NET-08563,2026-01-01 20:29:21+00:00,0,IOMT-018,S-IOMT-018-587,EHR_READ,EP-IND-08563
NET-08564,2026-01-01 20:29:24+00:00,0,IOMT-016,S-IOMT-016-588,RESEARCH,EP-IND-08564
NET-08565,2026-01-01 20:29:53+00:00,0,IOMT-005,S-IOMT-005-589,EHR_WRITE,EP-IND-08565
NET-08566,2026-01-01 20:29:56+00:00,0,IOMT-030,S-IOMT-030-590,IMAGING,EP-IND-08566
NET-08567,2026-01-01 20:29:56+00:00,0,IOMT-005,S-IOMT-005-591,EHR_WRITE,EP-IND-08567
NET-08568,2026-01-01 20:30:06+00:00,0,IOMT-027,S-IOMT-027-592,EHR_WRITE,EP-IND-08568
NET-08569,2026-01-01 20:30:06+00:00,0,IOMT-034,S-IOMT-034-593,RESEARCH,EP-IND-08569
NET-08570,2026-01-01 20:30:14+00:00,0,IOMT-022,S-IOMT-022-594,EHR_READ,EP-IND-08570
NET-08571,2026-01-01 20:30:14+00:00,0,IOMT-033,S-IOMT-033-595,RESEARCH,EP-IND-08571
NET-08572,2026-01-01 20:30:17+00:00,0,IOMT-016,S-IOMT-016-596,LAB_RESULTS,EP-IND-08572
NET-08573,2026-01-01 20:30:17+00:00,0,IOMT-041,S-IOMT-041-597,EHR_READ,EP-IND-08573
NET-08574,2026-01-01 20:30:34+00:00,0,IOMT-039,S-IOMT-039-598,RESEARCH,EP-IND-08574
NET-08575,2026-01-01 20:31:01+00:00,0,IOMT-023,S-IOMT-023-599,IMAGING,EP-IND-08575
NET-08576,2026-01-01 20:31:07+00:00,0,IOMT-004,S-IOMT-004-600,RESEARCH,EP-IND-08576
NET-08577,2026-01-01 20:31:20+00:00,1,IOMT-031,S-IOMT-031-601,RESEARCH,EP-IND-08577
NET-08578,2026-01-01 20:31:22+00:00,0,IOMT-036,S-IOMT-036-602,RESEARCH,EP-IND-08578
NET-08579,2026-01-01 20:31:25+00:00,0,IOMT-028,S-IOMT-028-603,IMAGING,EP-IND-08579
NET-08580,2026-01-01 20:31:33+00:00,0,IOMT-028,S-IOMT-028-604,LAB_RESULTS,EP-IND-08580
NET-08581,2026-01-01 20:31:39+00:00,0,IOMT-038,S-IOMT-038-605,RESEARCH,EP-IND-08581
NET-08582,2026-01-01 20:31:48+00:00,0,IOMT-015,S-IOMT-015-606,IMAGING,EP-IND-08582
NET-08583,2026-01-01 20:32:00+00:00,0,IOMT-010,S-IOMT-010-607,RESEARCH,EP-IND-08583
NET-08584,2026-01-01 20:32:01+00:00,0,IOMT-001,S-IOMT-001-608,IMAGING,EP-IND-08584
NET-08585,2026-01-01 20:32:13+00:00,0,IOMT-008,S-IOMT-008-609,EHR_WRITE,EP-IND-08585
NET-08586,2026-01-01 20:32:15+00:00,0,IOMT-039,S-IOMT-039-610,RESEARCH,EP-IND-08586
NET-08587,2026-01-01 20:32:17+00:00,0,IOMT-031,S-IOMT-031-611,EHR_READ,EP-IND-08587
NET-08588,2026-01-01 20:32:20+00:00,0,IOMT-011,S-IOMT-011-612,IMAGING,EP-IND-08588
NET-08589,2026-01-01 20:32:23+00:00,0,IOMT-040,S-IOMT-040-613,IMAGING,EP-IND-08589
NET-08590,2026-01-01 20:32:27+00:00,0,IOMT-026,S-IOMT-026-614,EHR_READ,EP-IND-08590
NET-08591,2026-01-01 20:32:28+00:00,0,IOMT-010,S-IOMT-010-615,IMAGING,EP-IND-08591
NET-08592,2026-01-01 20:32:36+00:00,0,IOMT-034,S-IOMT-034-616,EHR_WRITE,EP-IND-08592
NET-08593,2026-01-01 20:32:39+00:00,0,IOMT-034,S-IOMT-034-617,RESEARCH,EP-IND-08593
NET-08594,2026-01-01 20:32:44+00:00,0,IOMT-016,S-IOMT-016-618,RESEARCH,EP-IND-08594
NET-08595,2026-01-01 20:33:02+00:00,0,IOMT-011,S-IOMT-011-619,RESEARCH,EP-IND-08595
NET-08596,2026-01-01 20:33:10+00:00,1,IOMT-033,S-IOMT-033-620,LAB_RESULTS,EP-IND-08596
NET-08597,2026-01-01 20:33:11+00:00,0,IOMT-008,S-IOMT-008-621,LAB_RESULTS,EP-IND-08597
NET-08598,2026-01-01 20:33:14+00:00,0,IOMT-035,S-IOMT-035-622,RESEARCH,EP-IND-08598
NET-08599,2026-01-01 20:33:14+00:00,0,IOMT-035,S-IOMT-035-623,RESEARCH,EP-IND-08599
NET-08600,2026-01-01 20:33:17+00:00,0,IOMT-041,S-IOMT-041-624,EHR_WRITE,EP-IND-08600
NET-08601,2026-01-01 20:33:22+00:00,0,IOMT-017,S-IOMT-017-625,IMAGING,EP-IND-08601
NET-08602,2026-01-01 20:33:40+00:00,0,IOMT-046,S-IOMT-046-626,EHR_READ,EP-IND-08602
NET-08603,2026-01-01 20:33:48+00:00,0,IOMT-042,S-IOMT-042-627,IMAGING,EP-IND-08603
NET-08604,2026-01-01 20:33:56+00:00,0,IOMT-022,S-IOMT-022-628,RESEARCH,EP-IND-08604
NET-08605,2026-01-01 20:33:57+00:00,0,IOMT-030,S-IOMT-030-629,EHR_READ,EP-IND-08605
NET-08606,2026-01-01 20:34:00+00:00,0,IOMT-026,S-IOMT-026-630,IMAGING,EP-IND-08606
NET-08607,2026-01-01 20:34:03+00:00,0,IOMT-035,S-IOMT-035-631,EHR_WRITE,EP-IND-08607
NET-08608,2026-01-01 20:34:04+00:00,0,IOMT-047,S-IOMT-047-632,RESEARCH,EP-IND-08608
NET-08609,2026-01-01 20:34:05+00:00,0,IOMT-020,S-IOMT-020-633,RESEARCH,EP-IND-08609
NET-08610,2026-01-01 20:34:07+00:00,0,IOMT-012,S-IOMT-012-634,RESEARCH,EP-IND-08610
NET-08611,2026-01-01 20:34:16+00:00,0,IOMT-044,S-IOMT-044-635,IMAGING,EP-IND-08611
NET-08612,2026-01-01 20:34:23+00:00,0,IOMT-025,S-IOMT-025-636,EHR_WRITE,EP-IND-08612
NET-08613,2026-01-01 20:34:24+00:00,0,IOMT-039,S-IOMT-039-637,EHR_WRITE,EP-IND-08613
NET-08614,2026-01-01 20:35:00+00:00,0,IOMT-007,S-IOMT-007-638,LAB_RESULTS,EP-IND-08614
NET-08615,2026-01-01 20:35:59+00:00,0,IOMT-022,S-IOMT-022-639,LAB_RESULTS,EP-IND-08615
NET-08616,2026-01-01 20:35:59+00:00,0,IOMT-028,S-IOMT-028-640,RESEARCH,EP-IND-08616
NET-08617,2026-01-01 20:36:08+00:00,0,IOMT-036,S-IOMT-036-641,EHR_READ,EP-IND-08617
NET-08618,2026-01-01 20:36:20+00:00,0,IOMT-027,S-IOMT-027-642,EHR_READ,EP-IND-08618
NET-08619,2026-01-01 20:36:33+00:00,0,IOMT-027,S-IOMT-027-643,LAB_RESULTS,EP-IND-08619
NET-08620,2026-01-01 20:36:38+00:00,0,IOMT-040,S-IOMT-040-644,LAB_RESULTS,EP-IND-08620
NET-08621,2026-01-01 20:36:43+00:00,0,IOMT-007,S-IOMT-007-645,EHR_WRITE,EP-IND-08621
NET-08622,2026-01-01 20:37:08+00:00,1,IOMT-029,S-IOMT-029-646,IMAGING,EP-IND-08622
NET-08623,2026-01-01 20:37:09+00:00,0,IOMT-043,S-IOMT-043-647,RESEARCH,EP-IND-08623
NET-08624,2026-01-01 20:37:15+00:00,0,IOMT-019,S-IOMT-019-648,IMAGING,EP-IND-08624
NET-08625,2026-01-01 20:37:16+00:00,0,IOMT-024,S-IOMT-024-649,LAB_RESULTS,EP-IND-08625
NET-08626,2026-01-01 20:37:18+00:00,0,IOMT-006,S-IOMT-006-650,EHR_READ,EP-IND-08626
NET-08627,2026-01-01 20:37:45+00:00,0,IOMT-018,S-IOMT-018-651,RESEARCH,EP-IND-08627
NET-08628,2026-01-01 20:37:48+00:00,0,IOMT-045,S-IOMT-045-652,RESEARCH,EP-IND-08628
NET-08629,2026-01-01 20:37:49+00:00,0,IOMT-036,S-IOMT-036-653,LAB_RESULTS,EP-IND-08629
NET-08630,2026-01-01 20:37:56+00:00,0,IOMT-006,S-IOMT-006-654,EHR_WRITE,EP-IND-08630
NET-08631,2026-01-01 20:37:57+00:00,0,IOMT-048,S-IOMT-048-655,LAB_RESULTS,EP-IND-08631
NET-08632,2026-01-01 20:37:59+00:00,0,IOMT-041,S-IOMT-041-656,EHR_WRITE,EP-IND-08632
NET-08633,2026-01-01 20:38:11+00:00,0,IOMT-046,S-IOMT-046-657,RESEARCH,EP-IND-08633
NET-08634,2026-01-01 20:38:23+00:00,0,IOMT-046,S-IOMT-046-658,LAB_RESULTS,EP-IND-08634
NET-08635,2026-01-01 20:38:27+00:00,0,IOMT-016,S-IOMT-016-659,EHR_READ,EP-IND-08635
NET-08636,2026-01-01 20:38:33+00:00,0,IOMT-019,S-IOMT-019-660,EHR_READ,EP-IND-08636
NET-08637,2026-01-01 20:38:34+00:00,0,IOMT-022,S-IOMT-022-661,LAB_RESULTS,EP-IND-08637
NET-08638,2026-01-01 20:38:39+00:00,0,IOMT-041,S-IOMT-041-662,EHR_READ,EP-IND-08638
NET-08639,2026-01-01 20:38:41+00:00,0,IOMT-010,S-IOMT-010-663,EHR_WRITE,EP-IND-08639
NET-08640,2026-01-01 20:38:49+00:00,1,IOMT-017,S-IOMT-017-664,EHR_READ,EP-IND-08640
NET-08641,2026-01-01 20:38:51+00:00,0,IOMT-043,S-IOMT-043-665,LAB_RESULTS,EP-IND-08641
NET-08642,2026-01-01 20:38:53+00:00,0,IOMT-024,S-IOMT-024-666,EHR_READ,EP-IND-08642
NET-08643,2026-01-01 20:39:31+00:00,1,IOMT-001,S-IOMT-001-667,IMAGING,EP-IND-08643
NET-08644,2026-01-01 20:39:40+00:00,0,IOMT-041,S-IOMT-041-668,EHR_READ,EP-IND-08644
NET-08645,2026-01-01 20:39:50+00:00,0,IOMT-030,S-IOMT-030-669,LAB_RESULTS,EP-IND-08645
NET-08646,2026-01-01 20:40:11+00:00,0,IOMT-025,S-IOMT-025-670,IMAGING,EP-IND-08646
NET-08647,2026-01-01 20:40:38+00:00,0,IOMT-000,S-IOMT-000-671,EHR_WRITE,EP-IND-08647
NET-08648,2026-01-01 20:40:39+00:00,0,IOMT-038,S-IOMT-038-672,LAB_RESULTS,EP-IND-08648
NET-08649,2026-01-01 20:40:56+00:00,0,IOMT-039,S-IOMT-039-673,EHR_READ,EP-IND-08649
NET-08650,2026-01-01 20:41:19+00:00,0,IOMT-030,S-IOMT-030-674,IMAGING,EP-IND-08650
NET-08651,2026-01-01 20:41:22+00:00,0,IOMT-013,S-IOMT-013-675,IMAGING,EP-IND-08651
NET-08652,2026-01-01 20:41:38+00:00,0,IOMT-005,S-IOMT-005-676,IMAGING,EP-IND-08652
NET-08653,2026-01-01 20:41:48+00:00,0,IOMT-001,S-IOMT-001-677,IMAGING,EP-IND-08653
NET-08654,2026-01-01 20:42:06+00:00,0,IOMT-023,S-IOMT-023-678,IMAGING,EP-IND-08654
NET-08655,2026-01-01 20:42:09+00:00,0,IOMT-027,S-IOMT-027-679,LAB_RESULTS,EP-IND-08655
NET-08656,2026-01-01 20:42:37+00:00,0,IOMT-033,S-IOMT-033-680,LAB_RESULTS,EP-IND-08656
NET-08657,2026-01-01 20:42:39+00:00,0,IOMT-043,S-IOMT-043-681,LAB_RESULTS,EP-IND-08657
NET-08658,2026-01-01 20:42:40+00:00,0,IOMT-015,S-IOMT-015-682,EHR_WRITE,EP-IND-08658
NET-08659,2026-01-01 20:42:45+00:00,0,IOMT-002,S-IOMT-002-683,RESEARCH,EP-IND-08659
NET-08660,2026-01-01 20:42:45+00:00,0,IOMT-013,S-IOMT-013-684,EHR_WRITE,EP-IND-08660
NET-08661,2026-01-01 20:43:03+00:00,0,IOMT-001,S-IOMT-001-685,IMAGING,EP-IND-08661
NET-08662,2026-01-01 20:43:11+00:00,0,IOMT-021,S-IOMT-021-686,EHR_WRITE,EP-IND-08662
NET-08663,2026-01-01 20:43:19+00:00,0,IOMT-038,S-IOMT-038-687,EHR_READ,EP-IND-08663
NET-08664,2026-01-01 20:43:51+00:00,0,IOMT-030,S-IOMT-030-688,EHR_WRITE,EP-IND-08664
NET-08665,2026-01-01 20:43:56+00:00,1,IOMT-044,S-IOMT-044-689,LAB_RESULTS,EP-IND-08665
NET-08666,2026-01-01 20:44:00+00:00,0,IOMT-021,S-IOMT-021-690,EHR_READ,EP-IND-08666
NET-08667,2026-01-01 20:44:16+00:00,0,IOMT-023,S-IOMT-023-691,IMAGING,EP-IND-08667
NET-08668,2026-01-01 20:44:19+00:00,0,IOMT-047,S-IOMT-047-692,RESEARCH,EP-IND-08668
NET-08669,2026-01-01 20:44:29+00:00,0,IOMT-010,S-IOMT-010-693,LAB_RESULTS,EP-IND-08669
NET-08670,2026-01-01 20:44:46+00:00,0,IOMT-046,S-IOMT-046-694,LAB_RESULTS,EP-IND-08670
NET-08671,2026-01-01 20:44:59+00:00,0,IOMT-031,S-IOMT-031-695,LAB_RESULTS,EP-IND-08671
NET-08672,2026-01-01 20:45:06+00:00,0,IOMT-045,S-IOMT-045-696,RESEARCH,EP-IND-08672
NET-08673,2026-01-01 20:45:17+00:00,0,IOMT-044,S-IOMT-044-697,LAB_RESULTS,EP-IND-08673
NET-08674,2026-01-01 20:45:17+00:00,0,IOMT-027,S-IOMT-027-698,IMAGING,EP-IND-08674
NET-08675,2026-01-01 20:45:22+00:00,0,IOMT-020,S-IOMT-020-699,EHR_WRITE,EP-IND-08675
NET-08676,2026-01-01 20:45:24+00:00,0,IOMT-034,S-IOMT-034-700,RESEARCH,EP-IND-08676
NET-08677,2026-01-01 20:45:30+00:00,0,IOMT-011,S-IOMT-011-701,LAB_RESULTS,EP-IND-08677
NET-08678,2026-01-01 20:45:32+00:00,0,IOMT-012,S-IOMT-012-702,EHR_READ,EP-IND-08678
NET-08679,2026-01-01 20:45:37+00:00,0,IOMT-012,S-IOMT-012-703,RESEARCH,EP-IND-08679
NET-08680,2026-01-01 20:45:43+00:00,0,IOMT-019,S-IOMT-019-704,IMAGING,EP-IND-08680
NET-08681,2026-01-01 20:45:50+00:00,0,IOMT-009,S-IOMT-009-705,EHR_WRITE,EP-IND-08681
NET-08682,2026-01-01 20:45:55+00:00,0,IOMT-039,S-IOMT-039-706,EHR_READ,EP-IND-08682
NET-08683,2026-01-01 20:45:55+00:00,1,IOMT-012,S-IOMT-012-707,LAB_RESULTS,EP-IND-08683
NET-08684,2026-01-01 20:46:01+00:00,0,IOMT-018,S-IOMT-018-708,EHR_READ,EP-IND-08684
NET-08685,2026-01-01 20:46:06+00:00,0,IOMT-041,S-IOMT-041-709,RESEARCH,EP-IND-08685
NET-08686,2026-01-01 20:46:22+00:00,0,IOMT-039,S-IOMT-039-710,EHR_WRITE,EP-IND-08686
NET-08687,2026-01-01 20:46:24+00:00,0,IOMT-022,S-IOMT-022-711,RESEARCH,EP-IND-08687
NET-08688,2026-01-01 20:46:34+00:00,0,IOMT-005,S-IOMT-005-712,EHR_READ,EP-IND-08688
NET-08689,2026-01-01 20:46:35+00:00,0,IOMT-035,S-IOMT-035-713,IMAGING,EP-IND-08689
NET-08690,2026-01-01 20:46:45+00:00,0,IOMT-024,S-IOMT-024-714,EHR_WRITE,EP-IND-08690
NET-08691,2026-01-01 20:46:49+00:00,0,IOMT-041,S-IOMT-041-715,LAB_RESULTS,EP-IND-08691
NET-08692,2026-01-01 20:46:57+00:00,0,IOMT-006,S-IOMT-006-716,IMAGING,EP-IND-08692
NET-08693,2026-01-01 20:47:00+00:00,0,IOMT-043,S-IOMT-043-717,EHR_WRITE,EP-IND-08693
NET-08694,2026-01-01 20:47:02+00:00,0,IOMT-020,S-IOMT-020-718,LAB_RESULTS,EP-IND-08694
NET-08695,2026-01-01 20:47:08+00:00,0,IOMT-037,S-IOMT-037-719,EHR_WRITE,EP-IND-08695
NET-08696,2026-01-01 20:47:30+00:00,0,IOMT-011,S-IOMT-011-720,EHR_READ,EP-IND-08696
NET-08697,2026-01-01 20:47:36+00:00,0,IOMT-023,S-IOMT-023-721,EHR_READ,EP-IND-08697
NET-08698,2026-01-01 20:48:09+00:00,0,IOMT-033,S-IOMT-033-722,EHR_READ,EP-IND-08698
NET-08699,2026-01-01 20:48:28+00:00,0,IOMT-014,S-IOMT-014-723,EHR_WRITE,EP-IND-08699
NET-08700,2026-01-01 20:48:48+00:00,0,IOMT-014,S-IOMT-014-724,RESEARCH,EP-IND-08700
NET-08701,2026-01-01 20:49:14+00:00,0,IOMT-026,S-IOMT-026-725,EHR_READ,EP-IND-08701
NET-08702,2026-01-01 20:49:38+00:00,0,IOMT-001,S-IOMT-001-726,IMAGING,EP-IND-08702
NET-08703,2026-01-01 20:49:44+00:00,0,IOMT-001,S-IOMT-001-727,IMAGING,EP-IND-08703
NET-08704,2026-01-01 20:49:49+00:00,0,IOMT-022,S-IOMT-022-728,EHR_WRITE,EP-IND-08704
NET-08705,2026-01-01 20:50:01+00:00,0,IOMT-014,S-IOMT-014-729,EHR_WRITE,EP-IND-08705
NET-08706,2026-01-01 20:50:12+00:00,0,IOMT-025,S-IOMT-025-730,EHR_WRITE,EP-IND-08706
NET-08707,2026-01-01 20:50:17+00:00,0,IOMT-031,S-IOMT-031-731,IMAGING,EP-IND-08707
NET-08708,2026-01-01 20:50:20+00:00,0,IOMT-026,S-IOMT-026-732,EHR_READ,EP-IND-08708
NET-08709,2026-01-01 20:50:37+00:00,0,IOMT-016,S-IOMT-016-733,LAB_RESULTS,EP-IND-08709
NET-08710,2026-01-01 20:50:38+00:00,0,IOMT-047,S-IOMT-047-734,RESEARCH,EP-IND-08710
NET-08711,2026-01-01 20:50:49+00:00,0,IOMT-026,S-IOMT-026-735,EHR_WRITE,EP-IND-08711
NET-08712,2026-01-01 20:51:07+00:00,0,IOMT-035,S-IOMT-035-736,EHR_WRITE,EP-IND-08712
NET-08713,2026-01-01 20:51:08+00:00,0,IOMT-048,S-IOMT-048-737,LAB_RESULTS,EP-IND-08713
NET-08714,2026-01-01 20:51:11+00:00,0,IOMT-019,S-IOMT-019-738,LAB_RESULTS,EP-IND-08714
NET-08715,2026-01-01 20:51:11+00:00,0,IOMT-044,S-IOMT-044-739,IMAGING,EP-IND-08715
NET-08716,2026-01-01 20:51:12+00:00,0,IOMT-029,S-IOMT-029-740,EHR_READ,EP-IND-08716
NET-08717,2026-01-01 20:51:21+00:00,0,IOMT-012,S-IOMT-012-741,EHR_WRITE,EP-IND-08717
NET-08718,2026-01-01 20:51:43+00:00,0,IOMT-049,S-IOMT-049-742,RESEARCH,EP-IND-08718
NET-08719,2026-01-01 20:51:49+00:00,0,IOMT-025,S-IOMT-025-743,IMAGING,EP-IND-08719
NET-08720,2026-01-01 20:51:57+00:00,0,IOMT-005,S-IOMT-005-744,EHR_WRITE,EP-IND-08720
NET-08721,2026-01-01 20:52:03+00:00,0,IOMT-023,S-IOMT-023-745,RESEARCH,EP-IND-08721
NET-08722,2026-01-01 20:52:19+00:00,0,IOMT-032,S-IOMT-032-746,LAB_RESULTS,EP-IND-08722
NET-08723,2026-01-01 20:52:22+00:00,0,IOMT-010,S-IOMT-010-747,LAB_RESULTS,EP-IND-08723
NET-08724,2026-01-01 20:52:23+00:00,0,IOMT-029,S-IOMT-029-748,LAB_RESULTS,EP-IND-08724
NET-08725,2026-01-01 20:52:26+00:00,0,IOMT-027,S-IOMT-027-749,LAB_RESULTS,EP-IND-08725
NET-08726,2026-01-01 20:52:40+00:00,0,IOMT-012,S-IOMT-012-750,EHR_READ,EP-IND-08726
NET-08727,2026-01-01 20:52:40+00:00,0,IOMT-006,S-IOMT-006-751,LAB_RESULTS,EP-IND-08727
NET-08728,2026-01-01 20:52:53+00:00,0,IOMT-019,S-IOMT-019-752,RESEARCH,EP-IND-08728
NET-08729,2026-01-01 20:52:58+00:00,0,IOMT-040,S-IOMT-040-753,IMAGING,EP-IND-08729
NET-08730,2026-01-01 20:53:01+00:00,0,IOMT-027,S-IOMT-027-754,RESEARCH,EP-IND-08730
NET-08731,2026-01-01 20:53:07+00:00,0,IOMT-046,S-IOMT-046-755,RESEARCH,EP-IND-08731
NET-08732,2026-01-01 20:53:15+00:00,0,IOMT-034,S-IOMT-034-756,EHR_WRITE,EP-IND-08732
NET-08733,2026-01-01 20:53:21+00:00,0,IOMT-024,S-IOMT-024-757,IMAGING,EP-IND-08733
NET-08734,2026-01-01 20:53:22+00:00,0,IOMT-022,S-IOMT-022-758,IMAGING,EP-IND-08734
NET-08735,2026-01-01 20:53:24+00:00,0,IOMT-030,S-IOMT-030-759,EHR_WRITE,EP-IND-08735
NET-08736,2026-01-01 20:53:25+00:00,0,IOMT-038,S-IOMT-038-760,LAB_RESULTS,EP-IND-08736
NET-08737,2026-01-01 20:53:26+00:00,0,IOMT-022,S-IOMT-022-761,LAB_RESULTS,EP-IND-08737
NET-08738,2026-01-01 20:53:36+00:00,0,IOMT-043,S-IOMT-043-762,EHR_READ,EP-IND-08738
NET-08739,2026-01-01 20:53:54+00:00,0,IOMT-031,S-IOMT-031-763,IMAGING,EP-IND-08739
NET-08740,2026-01-01 20:54:08+00:00,0,IOMT-028,S-IOMT-028-764,EHR_WRITE,EP-IND-08740
NET-08741,2026-01-01 20:54:09+00:00,0,IOMT-042,S-IOMT-042-765,RESEARCH,EP-IND-08741
NET-08742,2026-01-01 20:54:14+00:00,1,IOMT-012,S-IOMT-012-766,EHR_READ,EP-IND-08742
NET-08743,2026-01-01 20:54:34+00:00,0,IOMT-018,S-IOMT-018-767,EHR_WRITE,EP-IND-08743
NET-08744,2026-01-01 20:54:52+00:00,0,IOMT-040,S-IOMT-040-768,RESEARCH,EP-IND-08744
NET-08745,2026-01-01 20:54:52+00:00,0,IOMT-032,S-IOMT-032-769,EHR_WRITE,EP-IND-08745
NET-08746,2026-01-01 20:55:04+00:00,0,IOMT-040,S-IOMT-040-770,EHR_WRITE,EP-IND-08746
NET-08747,2026-01-01 20:55:09+00:00,0,IOMT-048,S-IOMT-048-771,IMAGING,EP-IND-08747
NET-08748,2026-01-01 20:55:13+00:00,0,IOMT-030,S-IOMT-030-772,IMAGING,EP-IND-08748
NET-08749,2026-01-01 20:55:39+00:00,0,IOMT-048,S-IOMT-048-773,EHR_READ,EP-IND-08749
NET-08750,2026-01-01 20:55:51+00:00,0,IOMT-028,S-IOMT-028-774,RESEARCH,EP-IND-08750
NET-08751,2026-01-01 20:55:53+00:00,0,IOMT-036,S-IOMT-036-775,LAB_RESULTS,EP-IND-08751
NET-08752,2026-01-01 20:56:20+00:00,0,IOMT-040,S-IOMT-040-776,EHR_READ,EP-IND-08752
NET-08753,2026-01-01 20:56:21+00:00,0,IOMT-037,S-IOMT-037-777,IMAGING,EP-IND-08753
NET-08754,2026-01-01 20:56:41+00:00,0,IOMT-006,S-IOMT-006-778,EHR_WRITE,EP-IND-08754
NET-08755,2026-01-01 20:56:47+00:00,0,IOMT-030,S-IOMT-030-779,RESEARCH,EP-IND-08755
NET-08756,2026-01-01 20:56:53+00:00,1,IOMT-036,S-IOMT-036-780,EHR_WRITE,EP-IND-08756
NET-08757,2026-01-01 20:57:02+00:00,0,IOMT-013,S-IOMT-013-781,RESEARCH,EP-IND-08757
NET-08758,2026-01-01 20:57:06+00:00,0,IOMT-008,S-IOMT-008-782,EHR_WRITE,EP-IND-08758
NET-08759,2026-01-01 20:57:13+00:00,0,IOMT-033,S-IOMT-033-783,EHR_WRITE,EP-IND-08759
NET-08760,2026-01-01 20:57:14+00:00,0,IOMT-000,S-IOMT-000-784,EHR_READ,EP-IND-08760
NET-08761,2026-01-01 20:57:14+00:00,1,IOMT-046,S-IOMT-046-785,IMAGING,EP-IND-08761
NET-08762,2026-01-01 20:57:15+00:00,1,IOMT-043,S-IOMT-043-786,EHR_READ,EP-IND-08762
NET-08763,2026-01-01 20:57:26+00:00,0,IOMT-039,S-IOMT-039-787,EHR_READ,EP-IND-08763
NET-08764,2026-01-01 20:57:37+00:00,0,IOMT-018,S-IOMT-018-788,LAB_RESULTS,EP-IND-08764
NET-08765,2026-01-01 20:57:38+00:00,0,IOMT-029,S-IOMT-029-789,EHR_WRITE,EP-IND-08765
NET-08766,2026-01-01 20:57:39+00:00,0,IOMT-038,S-IOMT-038-790,IMAGING,EP-IND-08766
NET-08767,2026-01-01 20:57:39+00:00,0,IOMT-031,S-IOMT-031-791,EHR_READ,EP-IND-08767
NET-08768,2026-01-01 20:57:59+00:00,0,IOMT-012,S-IOMT-012-792,IMAGING,EP-IND-08768
NET-08769,2026-01-01 20:58:14+00:00,0,IOMT-037,S-IOMT-037-793,RESEARCH,EP-IND-08769
NET-08770,2026-01-01 20:58:16+00:00,1,IOMT-049,S-IOMT-049-794,IMAGING,EP-IND-08770
NET-08771,2026-01-01 20:58:23+00:00,0,IOMT-034,S-IOMT-034-795,IMAGING,EP-IND-08771
NET-08772,2026-01-01 20:58:24+00:00,0,IOMT-034,S-IOMT-034-796,IMAGING,EP-IND-08772
NET-08773,2026-01-01 20:58:39+00:00,0,IOMT-005,S-IOMT-005-797,RESEARCH,EP-IND-08773
NET-08774,2026-01-01 20:59:09+00:00,0,IOMT-008,S-IOMT-008-798,IMAGING,EP-IND-08774
NET-08775,2026-01-01 20:59:18+00:00,0,IOMT-020,S-IOMT-020-799,LAB_RESULTS,EP-IND-08775
NET-08776,2026-01-01 20:59:26+00:00,0,IOMT-009,S-IOMT-009-800,EHR_READ,EP-IND-08776
NET-08777,2026-01-01 20:59:27+00:00,0,IOMT-002,S-IOMT-002-801,EHR_WRITE,EP-IND-08777
NET-08778,2026-01-01 20:59:46+00:00,0,IOMT-034,S-IOMT-034-802,EHR_WRITE,EP-IND-08778
NET-08779,2026-01-01 20:59:48+00:00,0,IOMT-031,S-IOMT-031-803,LAB_RESULTS,EP-IND-08779
NET-08780,2026-01-01 20:59:50+00:00,0,IOMT-027,S-IOMT-027-804,EHR_READ,EP-IND-08780
NET-08781,2026-01-01 20:59:53+00:00,0,IOMT-036,S-IOMT-036-805,EHR_WRITE,EP-IND-08781
NET-08782,2026-01-01 21:00:01+00:00,0,IOMT-049,S-IOMT-049-806,IMAGING,EP-IND-08782
NET-08783,2026-01-01 21:00:03+00:00,0,IOMT-046,S-IOMT-046-807,EHR_READ,EP-IND-08783
NET-08784,2026-01-01 21:00:17+00:00,0,IOMT-023,S-IOMT-023-808,LAB_RESULTS,EP-IND-08784
NET-08785,2026-01-01 21:00:23+00:00,0,IOMT-011,S-IOMT-011-809,IMAGING,EP-IND-08785
NET-08786,2026-01-01 21:00:27+00:00,0,IOMT-004,S-IOMT-004-810,RESEARCH,EP-IND-08786
NET-08787,2026-01-01 21:00:41+00:00,0,IOMT-039,S-IOMT-039-811,LAB_RESULTS,EP-IND-08787
NET-08788,2026-01-01 21:00:45+00:00,0,IOMT-013,S-IOMT-013-812,LAB_RESULTS,EP-IND-08788
NET-08789,2026-01-01 21:00:46+00:00,0,IOMT-012,S-IOMT-012-813,IMAGING,EP-IND-08789
NET-08790,2026-01-01 21:00:51+00:00,0,IOMT-024,S-IOMT-024-814,IMAGING,EP-IND-08790
NET-08791,2026-01-01 21:01:05+00:00,0,IOMT-026,S-IOMT-026-815,RESEARCH,EP-IND-08791
NET-08792,2026-01-01 21:01:10+00:00,0,IOMT-025,S-IOMT-025-816,RESEARCH,EP-IND-08792
NET-08793,2026-01-01 21:01:16+00:00,0,IOMT-020,S-IOMT-020-817,RESEARCH,EP-IND-08793
NET-08794,2026-01-01 21:01:19+00:00,0,IOMT-049,S-IOMT-049-818,EHR_READ,EP-IND-08794
NET-08795,2026-01-01 21:01:22+00:00,0,IOMT-006,S-IOMT-006-819,EHR_WRITE,EP-IND-08795
NET-08796,2026-01-01 21:01:30+00:00,0,IOMT-022,S-IOMT-022-820,LAB_RESULTS,EP-IND-08796
NET-08797,2026-01-01 21:01:38+00:00,0,IOMT-044,S-IOMT-044-821,LAB_RESULTS,EP-IND-08797
NET-08798,2026-01-01 21:01:38+00:00,0,IOMT-010,S-IOMT-010-822,RESEARCH,EP-IND-08798
NET-08799,2026-01-01 21:01:42+00:00,0,IOMT-027,S-IOMT-027-823,EHR_WRITE,EP-IND-08799
NET-08800,2026-01-01 21:02:15+00:00,0,IOMT-039,S-IOMT-039-824,LAB_RESULTS,EP-IND-08800
NET-08801,2026-01-01 21:02:17+00:00,1,IOMT-016,S-IOMT-016-825,IMAGING,EP-IND-08801
NET-08802,2026-01-01 21:02:21+00:00,0,IOMT-033,S-IOMT-033-826,IMAGING,EP-IND-08802
NET-08803,2026-01-01 21:02:57+00:00,0,IOMT-043,S-IOMT-043-827,EHR_WRITE,EP-IND-08803
NET-08804,2026-01-01 21:02:59+00:00,0,IOMT-010,S-IOMT-010-828,RESEARCH,EP-IND-08804
NET-08805,2026-01-01 21:03:01+00:00,1,IOMT-016,S-IOMT-016-829,IMAGING,EP-IND-08805
NET-08806,2026-01-01 21:03:07+00:00,0,IOMT-025,S-IOMT-025-830,EHR_READ,EP-IND-08806
NET-08807,2026-01-01 21:03:10+00:00,0,IOMT-044,S-IOMT-044-831,EHR_WRITE,EP-IND-08807
NET-08808,2026-01-01 21:03:25+00:00,0,IOMT-011,S-IOMT-011-832,EHR_WRITE,EP-IND-08808
NET-08809,2026-01-01 21:03:35+00:00,0,IOMT-040,S-IOMT-040-833,LAB_RESULTS,EP-IND-08809
NET-08810,2026-01-01 21:03:36+00:00,0,IOMT-038,S-IOMT-038-834,EHR_WRITE,EP-IND-08810
NET-08811,2026-01-01 21:03:58+00:00,0,IOMT-049,S-IOMT-049-835,LAB_RESULTS,EP-IND-08811
NET-08812,2026-01-01 21:04:01+00:00,0,IOMT-029,S-IOMT-029-836,RESEARCH,EP-IND-08812
NET-08813,2026-01-01 21:04:04+00:00,0,IOMT-033,S-IOMT-033-837,EHR_READ,EP-IND-08813
NET-08814,2026-01-01 21:04:13+00:00,0,IOMT-024,S-IOMT-024-838,IMAGING,EP-IND-08814
NET-08815,2026-01-01 21:04:22+00:00,0,IOMT-021,S-IOMT-021-839,RESEARCH,EP-IND-08815
NET-08816,2026-01-01 21:04:24+00:00,0,IOMT-001,S-IOMT-001-840,EHR_READ,EP-IND-08816
NET-08817,2026-01-01 21:04:37+00:00,0,IOMT-009,S-IOMT-009-841,EHR_READ,EP-IND-08817
NET-08818,2026-01-01 21:04:43+00:00,0,IOMT-029,S-IOMT-029-842,EHR_READ,EP-IND-08818
NET-08819,2026-01-01 21:04:59+00:00,1,IOMT-017,S-IOMT-017-843,IMAGING,EP-IND-08819
NET-08820,2026-01-01 21:05:04+00:00,0,IOMT-018,S-IOMT-018-844,EHR_READ,EP-IND-08820
NET-08821,2026-01-01 21:05:12+00:00,0,IOMT-038,S-IOMT-038-845,IMAGING,EP-IND-08821
NET-08822,2026-01-01 21:05:24+00:00,0,IOMT-034,S-IOMT-034-846,LAB_RESULTS,EP-IND-08822
NET-08823,2026-01-01 21:05:55+00:00,0,IOMT-006,S-IOMT-006-847,RESEARCH,EP-IND-08823
NET-08824,2026-01-01 21:06:12+00:00,0,IOMT-015,S-IOMT-015-848,EHR_WRITE,EP-IND-08824
NET-08825,2026-01-01 21:06:15+00:00,0,IOMT-037,S-IOMT-037-849,EHR_READ,EP-IND-08825
NET-08826,2026-01-01 21:06:31+00:00,0,IOMT-028,S-IOMT-028-850,LAB_RESULTS,EP-IND-08826
NET-08827,2026-01-01 21:06:36+00:00,0,IOMT-009,S-IOMT-009-851,RESEARCH,EP-IND-08827
NET-08828,2026-01-01 21:07:15+00:00,0,IOMT-015,S-IOMT-015-852,EHR_READ,EP-IND-08828
NET-08829,2026-01-01 21:07:16+00:00,0,IOMT-008,S-IOMT-008-853,IMAGING,EP-IND-08829
NET-08830,2026-01-01 21:07:26+00:00,0,IOMT-022,S-IOMT-022-854,RESEARCH,EP-IND-08830
NET-08831,2026-01-01 21:07:33+00:00,0,IOMT-009,S-IOMT-009-855,EHR_READ,EP-IND-08831
NET-08832,2026-01-01 21:07:55+00:00,0,IOMT-038,S-IOMT-038-856,LAB_RESULTS,EP-IND-08832
NET-08833,2026-01-01 21:07:57+00:00,0,IOMT-042,S-IOMT-042-857,EHR_WRITE,EP-IND-08833
NET-08834,2026-01-01 21:08:02+00:00,0,IOMT-025,S-IOMT-025-858,RESEARCH,EP-IND-08834
NET-08835,2026-01-01 21:08:10+00:00,0,IOMT-016,S-IOMT-016-859,RESEARCH,EP-IND-08835
NET-08836,2026-01-01 21:08:19+00:00,0,IOMT-005,S-IOMT-005-860,RESEARCH,EP-IND-08836
NET-08837,2026-01-01 21:08:26+00:00,0,IOMT-031,S-IOMT-031-861,LAB_RESULTS,EP-IND-08837
NET-08838,2026-01-01 21:08:32+00:00,0,IOMT-015,S-IOMT-015-862,EHR_WRITE,EP-IND-08838
NET-08839,2026-01-01 21:08:39+00:00,0,IOMT-040,S-IOMT-040-863,EHR_READ,EP-IND-08839
NET-08840,2026-01-01 21:08:47+00:00,0,IOMT-011,S-IOMT-011-864,EHR_READ,EP-IND-08840
NET-08841,2026-01-01 21:08:49+00:00,0,IOMT-042,S-IOMT-042-865,RESEARCH,EP-IND-08841
NET-08842,2026-01-01 21:09:14+00:00,0,IOMT-012,S-IOMT-012-866,LAB_RESULTS,EP-IND-08842
NET-08843,2026-01-01 21:09:21+00:00,0,IOMT-009,S-IOMT-009-867,EHR_WRITE,EP-IND-08843
NET-08844,2026-01-01 21:09:32+00:00,0,IOMT-035,S-IOMT-035-868,RESEARCH,EP-IND-08844
NET-08845,2026-01-01 21:09:35+00:00,0,IOMT-024,S-IOMT-024-869,EHR_WRITE,EP-IND-08845
NET-08846,2026-01-01 21:09:39+00:00,0,IOMT-029,S-IOMT-029-870,RESEARCH,EP-IND-08846
NET-08847,2026-01-01 21:09:43+00:00,0,IOMT-013,S-IOMT-013-871,EHR_WRITE,EP-IND-08847
NET-08848,2026-01-01 21:09:50+00:00,0,IOMT-049,S-IOMT-049-872,LAB_RESULTS,EP-IND-08848
NET-08849,2026-01-01 21:09:51+00:00,0,IOMT-048,S-IOMT-048-873,EHR_READ,EP-IND-08849
NET-08850,2026-01-01 21:10:05+00:00,0,IOMT-038,S-IOMT-038-874,EHR_READ,EP-IND-08850
NET-08851,2026-01-01 21:10:12+00:00,0,IOMT-009,S-IOMT-009-875,IMAGING,EP-IND-08851
NET-08852,2026-01-01 21:10:16+00:00,0,IOMT-031,S-IOMT-031-876,EHR_READ,EP-IND-08852
NET-08853,2026-01-01 21:10:30+00:00,0,IOMT-003,S-IOMT-003-877,EHR_READ,EP-IND-08853
NET-08854,2026-01-01 21:10:38+00:00,0,IOMT-037,S-IOMT-037-878,EHR_READ,EP-IND-08854
NET-08855,2026-01-01 21:10:38+00:00,0,IOMT-009,S-IOMT-009-879,EHR_READ,EP-IND-08855
NET-08856,2026-01-01 21:10:46+00:00,0,IOMT-028,S-IOMT-028-880,EHR_READ,EP-IND-08856
NET-08857,2026-01-01 21:11:28+00:00,1,IOMT-000,S-IOMT-000-881,RESEARCH,EP-IND-08857
NET-08858,2026-01-01 21:11:30+00:00,0,IOMT-031,S-IOMT-031-882,IMAGING,EP-IND-08858
NET-08859,2026-01-01 21:11:37+00:00,0,IOMT-025,S-IOMT-025-883,EHR_WRITE,EP-IND-08859
NET-08860,2026-01-01 21:11:54+00:00,0,IOMT-030,S-IOMT-030-884,EHR_WRITE,EP-IND-08860
NET-08861,2026-01-01 21:12:20+00:00,0,IOMT-035,S-IOMT-035-885,RESEARCH,EP-IND-08861
NET-08862,2026-01-01 21:12:36+00:00,0,IOMT-024,S-IOMT-024-886,LAB_RESULTS,EP-IND-08862
NET-08863,2026-01-01 21:12:36+00:00,0,IOMT-004,S-IOMT-004-887,IMAGING,EP-IND-08863
NET-08864,2026-01-01 21:12:38+00:00,1,IOMT-022,S-IOMT-022-888,EHR_WRITE,EP-IND-08864
NET-08865,2026-01-01 21:12:44+00:00,0,IOMT-005,S-IOMT-005-889,RESEARCH,EP-IND-08865
NET-08866,2026-01-01 21:12:49+00:00,0,IOMT-010,S-IOMT-010-890,RESEARCH,EP-IND-08866
NET-08867,2026-01-01 21:12:57+00:00,0,IOMT-041,S-IOMT-041-891,RESEARCH,EP-IND-08867
NET-08868,2026-01-01 21:13:04+00:00,0,IOMT-021,S-IOMT-021-892,RESEARCH,EP-IND-08868
NET-08869,2026-01-01 21:13:42+00:00,0,IOMT-022,S-IOMT-022-893,LAB_RESULTS,EP-IND-08869
NET-08870,2026-01-01 21:13:51+00:00,0,IOMT-019,S-IOMT-019-894,IMAGING,EP-IND-08870
NET-08871,2026-01-01 21:13:54+00:00,0,IOMT-029,S-IOMT-029-895,RESEARCH,EP-IND-08871
NET-08872,2026-01-01 21:14:06+00:00,0,IOMT-006,S-IOMT-006-896,EHR_READ,EP-IND-08872
NET-08873,2026-01-01 21:14:08+00:00,0,IOMT-016,S-IOMT-016-897,RESEARCH,EP-IND-08873
NET-08874,2026-01-01 21:14:09+00:00,0,IOMT-047,S-IOMT-047-898,RESEARCH,EP-IND-08874
NET-08875,2026-01-01 21:14:10+00:00,0,IOMT-041,S-IOMT-041-899,EHR_READ,EP-IND-08875
NET-08876,2026-01-01 21:14:12+00:00,0,IOMT-048,S-IOMT-048-900,IMAGING,EP-IND-08876
NET-08877,2026-01-01 21:14:18+00:00,0,IOMT-044,S-IOMT-044-901,IMAGING,EP-IND-08877
NET-08878,2026-01-01 21:14:18+00:00,0,IOMT-027,S-IOMT-027-902,EHR_WRITE,EP-IND-08878
NET-08879,2026-01-01 21:14:30+00:00,0,IOMT-044,S-IOMT-044-903,EHR_READ,EP-IND-08879
NET-08880,2026-01-01 21:14:39+00:00,0,IOMT-019,S-IOMT-019-904,EHR_WRITE,EP-IND-08880
NET-08881,2026-01-01 21:14:48+00:00,0,IOMT-037,S-IOMT-037-905,RESEARCH,EP-IND-08881
NET-08882,2026-01-01 21:14:54+00:00,0,IOMT-004,S-IOMT-004-906,LAB_RESULTS,EP-IND-08882
NET-08883,2026-01-01 21:15:00+00:00,1,IOMT-022,S-IOMT-022-907,RESEARCH,EP-IND-08883
NET-08884,2026-01-01 21:15:03+00:00,0,IOMT-022,S-IOMT-022-908,IMAGING,EP-IND-08884
NET-08885,2026-01-01 21:15:19+00:00,0,IOMT-015,S-IOMT-015-909,EHR_WRITE,EP-IND-08885
NET-08886,2026-01-01 21:15:25+00:00,0,IOMT-028,S-IOMT-028-910,LAB_RESULTS,EP-IND-08886
NET-08887,2026-01-01 21:15:30+00:00,0,IOMT-042,S-IOMT-042-911,IMAGING,EP-IND-08887
NET-08888,2026-01-01 21:15:38+00:00,0,IOMT-038,S-IOMT-038-912,EHR_WRITE,EP-IND-08888
NET-08889,2026-01-01 21:15:40+00:00,0,IOMT-036,S-IOMT-036-913,LAB_RESULTS,EP-IND-08889
NET-08890,2026-01-01 21:15:50+00:00,0,IOMT-033,S-IOMT-033-914,EHR_READ,EP-IND-08890
NET-08891,2026-01-01 21:16:02+00:00,0,IOMT-042,S-IOMT-042-915,IMAGING,EP-IND-08891
NET-08892,2026-01-01 21:16:22+00:00,0,IOMT-044,S-IOMT-044-916,RESEARCH,EP-IND-08892
NET-08893,2026-01-01 21:16:37+00:00,0,IOMT-005,S-IOMT-005-917,LAB_RESULTS,EP-IND-08893
NET-08894,2026-01-01 21:16:38+00:00,0,IOMT-001,S-IOMT-001-918,IMAGING,EP-IND-08894
NET-08895,2026-01-01 21:16:46+00:00,0,IOMT-000,S-IOMT-000-919,EHR_WRITE,EP-IND-08895
NET-08896,2026-01-01 21:16:53+00:00,0,IOMT-023,S-IOMT-023-920,EHR_WRITE,EP-IND-08896
NET-08897,2026-01-01 21:17:19+00:00,1,IOMT-029,S-IOMT-029-921,IMAGING,EP-IND-08897
NET-08898,2026-01-01 21:17:20+00:00,0,IOMT-047,S-IOMT-047-922,EHR_WRITE,EP-IND-08898
NET-08899,2026-01-01 21:17:49+00:00,0,IOMT-031,S-IOMT-031-923,LAB_RESULTS,EP-IND-08899
NET-08900,2026-01-01 21:18:12+00:00,0,IOMT-019,S-IOMT-019-924,LAB_RESULTS,EP-IND-08900
NET-08901,2026-01-01 21:18:15+00:00,0,IOMT-046,S-IOMT-046-925,EHR_WRITE,EP-IND-08901
NET-08902,2026-01-01 21:18:21+00:00,0,IOMT-038,S-IOMT-038-926,EHR_WRITE,EP-IND-08902
NET-08903,2026-01-01 21:18:50+00:00,0,IOMT-034,S-IOMT-034-927,EHR_WRITE,EP-IND-08903
NET-08904,2026-01-01 21:19:06+00:00,0,IOMT-028,S-IOMT-028-928,RESEARCH,EP-IND-08904
NET-08905,2026-01-01 21:19:12+00:00,0,IOMT-033,S-IOMT-033-929,EHR_WRITE,EP-IND-08905
NET-08906,2026-01-01 21:19:24+00:00,0,IOMT-025,S-IOMT-025-930,RESEARCH,EP-IND-08906
NET-08907,2026-01-01 21:19:40+00:00,1,IOMT-007,S-IOMT-007-931,EHR_WRITE,EP-IND-08907
NET-08908,2026-01-01 21:19:51+00:00,0,IOMT-040,S-IOMT-040-932,EHR_WRITE,EP-IND-08908
NET-08909,2026-01-01 21:19:52+00:00,0,IOMT-030,S-IOMT-030-933,IMAGING,EP-IND-08909
NET-08910,2026-01-01 21:19:52+00:00,0,IOMT-044,S-IOMT-044-934,EHR_WRITE,EP-IND-08910
NET-08911,2026-01-01 21:19:52+00:00,0,IOMT-025,S-IOMT-025-935,RESEARCH,EP-IND-08911
NET-08912,2026-01-01 21:19:56+00:00,0,IOMT-046,S-IOMT-046-936,EHR_READ,EP-IND-08912
NET-08913,2026-01-01 21:19:58+00:00,0,IOMT-024,S-IOMT-024-937,RESEARCH,EP-IND-08913
NET-08914,2026-01-01 21:20:17+00:00,0,IOMT-027,S-IOMT-027-938,LAB_RESULTS,EP-IND-08914
NET-08915,2026-01-01 21:20:23+00:00,0,IOMT-030,S-IOMT-030-939,EHR_READ,EP-IND-08915
NET-08916,2026-01-01 21:20:28+00:00,0,IOMT-041,S-IOMT-041-940,EHR_WRITE,EP-IND-08916
NET-08917,2026-01-01 21:20:30+00:00,0,IOMT-022,S-IOMT-022-941,RESEARCH,EP-IND-08917
NET-08918,2026-01-01 21:20:44+00:00,0,IOMT-020,S-IOMT-020-942,EHR_READ,EP-IND-08918
NET-08919,2026-01-01 21:21:18+00:00,0,IOMT-035,S-IOMT-035-943,EHR_READ,EP-IND-08919
NET-08920,2026-01-01 21:21:32+00:00,0,IOMT-034,S-IOMT-034-944,EHR_READ,EP-IND-08920
NET-08921,2026-01-01 21:21:49+00:00,0,IOMT-033,S-IOMT-033-945,LAB_RESULTS,EP-IND-08921
NET-08922,2026-01-01 21:22:00+00:00,1,IOMT-024,S-IOMT-024-946,EHR_READ,EP-IND-08922
NET-08923,2026-01-01 21:22:04+00:00,0,IOMT-032,S-IOMT-032-947,LAB_RESULTS,EP-IND-08923
NET-08924,2026-01-01 21:22:10+00:00,0,IOMT-039,S-IOMT-039-948,RESEARCH,EP-IND-08924
NET-08925,2026-01-01 21:22:12+00:00,0,IOMT-003,S-IOMT-003-949,EHR_WRITE,EP-IND-08925
NET-08926,2026-01-01 21:22:14+00:00,0,IOMT-014,S-IOMT-014-950,IMAGING,EP-IND-08926
NET-08927,2026-01-01 21:22:24+00:00,0,IOMT-022,S-IOMT-022-951,IMAGING,EP-IND-08927
NET-08928,2026-01-01 21:22:27+00:00,0,IOMT-015,S-IOMT-015-952,EHR_READ,EP-IND-08928
NET-08929,2026-01-01 21:22:30+00:00,0,IOMT-016,S-IOMT-016-953,EHR_READ,EP-IND-08929
NET-08930,2026-01-01 21:22:39+00:00,0,IOMT-012,S-IOMT-012-954,RESEARCH,EP-IND-08930
NET-08931,2026-01-01 21:22:49+00:00,0,IOMT-039,S-IOMT-039-955,IMAGING,EP-IND-08931
NET-08932,2026-01-01 21:22:56+00:00,0,IOMT-024,S-IOMT-024-956,IMAGING,EP-IND-08932
NET-08933,2026-01-01 21:23:10+00:00,0,IOMT-002,S-IOMT-002-957,IMAGING,EP-IND-08933
NET-08934,2026-01-01 21:23:18+00:00,1,IOMT-004,S-IOMT-004-958,LAB_RESULTS,EP-IND-08934
NET-08935,2026-01-01 21:23:42+00:00,0,IOMT-036,S-IOMT-036-959,EHR_WRITE,EP-IND-08935
NET-08936,2026-01-01 21:23:49+00:00,0,IOMT-004,S-IOMT-004-960,EHR_WRITE,EP-IND-08936
NET-08937,2026-01-01 21:24:20+00:00,0,IOMT-019,S-IOMT-019-961,EHR_READ,EP-IND-08937
NET-08938,2026-01-01 21:24:37+00:00,0,IOMT-001,S-IOMT-001-962,EHR_WRITE,EP-IND-08938
NET-08939,2026-01-01 21:24:43+00:00,0,IOMT-037,S-IOMT-037-963,RESEARCH,EP-IND-08939
NET-08940,2026-01-01 21:24:46+00:00,0,IOMT-000,S-IOMT-000-964,EHR_WRITE,EP-IND-08940
NET-08941,2026-01-01 21:25:06+00:00,0,IOMT-046,S-IOMT-046-965,RESEARCH,EP-IND-08941
NET-08942,2026-01-01 21:25:09+00:00,0,IOMT-033,S-IOMT-033-966,LAB_RESULTS,EP-IND-08942
NET-08943,2026-01-01 21:25:11+00:00,0,IOMT-016,S-IOMT-016-967,LAB_RESULTS,EP-IND-08943
NET-08944,2026-01-01 21:25:29+00:00,0,IOMT-019,S-IOMT-019-968,EHR_WRITE,EP-IND-08944
NET-08945,2026-01-01 21:25:29+00:00,0,IOMT-049,S-IOMT-049-969,EHR_READ,EP-IND-08945
NET-08946,2026-01-01 21:25:32+00:00,0,IOMT-025,S-IOMT-025-970,IMAGING,EP-IND-08946
NET-08947,2026-01-01 21:25:34+00:00,0,IOMT-036,S-IOMT-036-971,EHR_WRITE,EP-IND-08947
NET-08948,2026-01-01 21:25:55+00:00,0,IOMT-007,S-IOMT-007-972,LAB_RESULTS,EP-IND-08948
NET-08949,2026-01-01 21:25:59+00:00,0,IOMT-018,S-IOMT-018-973,EHR_WRITE,EP-IND-08949
NET-08950,2026-01-01 21:26:00+00:00,0,IOMT-006,S-IOMT-006-974,EHR_READ,EP-IND-08950
NET-08951,2026-01-01 21:26:02+00:00,0,IOMT-024,S-IOMT-024-975,IMAGING,EP-IND-08951
NET-08952,2026-01-01 21:26:13+00:00,0,IOMT-042,S-IOMT-042-976,LAB_RESULTS,EP-IND-08952
NET-08953,2026-01-01 21:26:16+00:00,0,IOMT-001,S-IOMT-001-977,EHR_WRITE,EP-IND-08953
NET-08954,2026-01-01 21:26:30+00:00,0,IOMT-019,S-IOMT-019-978,IMAGING,EP-IND-08954
NET-08955,2026-01-01 21:26:37+00:00,0,IOMT-015,S-IOMT-015-979,EHR_READ,EP-IND-08955
NET-08956,2026-01-01 21:26:55+00:00,0,IOMT-022,S-IOMT-022-980,EHR_WRITE,EP-IND-08956
NET-08957,2026-01-01 21:27:07+00:00,0,IOMT-047,S-IOMT-047-981,EHR_WRITE,EP-IND-08957
NET-08958,2026-01-01 21:27:14+00:00,0,IOMT-015,S-IOMT-015-982,LAB_RESULTS,EP-IND-08958
NET-08959,2026-01-01 21:27:23+00:00,0,IOMT-024,S-IOMT-024-983,LAB_RESULTS,EP-IND-08959
NET-08960,2026-01-01 21:27:39+00:00,0,IOMT-021,S-IOMT-021-984,LAB_RESULTS,EP-IND-08960
NET-08961,2026-01-01 21:27:44+00:00,0,IOMT-002,S-IOMT-002-985,RESEARCH,EP-IND-08961
NET-08962,2026-01-01 21:27:44+00:00,0,IOMT-045,S-IOMT-045-986,EHR_READ,EP-IND-08962
NET-08963,2026-01-01 21:27:52+00:00,0,IOMT-038,S-IOMT-038-987,EHR_WRITE,EP-IND-08963
NET-08964,2026-01-01 21:28:04+00:00,1,IOMT-006,S-IOMT-006-988,EHR_READ,EP-IND-08964
NET-08965,2026-01-01 21:28:08+00:00,0,IOMT-027,S-IOMT-027-989,EHR_WRITE,EP-IND-08965
NET-08966,2026-01-01 21:28:10+00:00,0,IOMT-000,S-IOMT-000-990,EHR_WRITE,EP-IND-08966
NET-08967,2026-01-01 21:28:27+00:00,0,IOMT-018,S-IOMT-018-991,EHR_WRITE,EP-IND-08967
NET-08968,2026-01-01 21:28:31+00:00,0,IOMT-039,S-IOMT-039-992,EHR_WRITE,EP-IND-08968
NET-08969,2026-01-01 21:28:52+00:00,0,IOMT-041,S-IOMT-041-993,IMAGING,EP-IND-08969
NET-08970,2026-01-01 21:29:03+00:00,0,IOMT-049,S-IOMT-049-994,EHR_WRITE,EP-IND-08970
NET-08971,2026-01-01 21:29:11+00:00,0,IOMT-020,S-IOMT-020-995,LAB_RESULTS,EP-IND-08971
NET-08972,2026-01-01 21:29:29+00:00,0,IOMT-015,S-IOMT-015-996,EHR_WRITE,EP-IND-08972
NET-08973,2026-01-01 21:29:31+00:00,0,IOMT-047,S-IOMT-047-0,EHR_WRITE,EP-IND-08973
NET-08974,2026-01-01 21:29:36+00:00,0,IOMT-029,S-IOMT-029-1,EHR_WRITE,EP-IND-08974
NET-08975,2026-01-01 21:29:48+00:00,0,IOMT-042,S-IOMT-042-2,EHR_WRITE,EP-IND-08975
NET-08976,2026-01-01 21:29:57+00:00,1,IOMT-012,S-IOMT-012-3,RESEARCH,EP-IND-08976
NET-08977,2026-01-01 21:30:23+00:00,0,IOMT-000,S-IOMT-000-4,EHR_READ,EP-IND-08977
NET-08978,2026-01-01 21:30:40+00:00,0,IOMT-048,S-IOMT-048-5,IMAGING,EP-IND-08978
NET-08979,2026-01-01 21:31:09+00:00,0,IOMT-029,S-IOMT-029-6,LAB_RESULTS,EP-IND-08979
NET-08980,2026-01-01 21:31:28+00:00,0,IOMT-018,S-IOMT-018-7,EHR_WRITE,EP-IND-08980
NET-08981,2026-01-01 21:31:37+00:00,0,IOMT-031,S-IOMT-031-8,IMAGING,EP-IND-08981
NET-08982,2026-01-01 21:31:39+00:00,0,IOMT-002,S-IOMT-002-9,RESEARCH,EP-IND-08982
NET-08983,2026-01-01 21:31:43+00:00,0,IOMT-007,S-IOMT-007-10,IMAGING,EP-IND-08983
NET-08984,2026-01-01 21:31:45+00:00,0,IOMT-042,S-IOMT-042-11,EHR_READ,EP-IND-08984
NET-08985,2026-01-01 21:32:00+00:00,0,IOMT-025,S-IOMT-025-12,IMAGING,EP-IND-08985
NET-08986,2026-01-01 21:32:01+00:00,0,IOMT-012,S-IOMT-012-13,EHR_WRITE,EP-IND-08986
NET-08987,2026-01-01 21:32:06+00:00,0,IOMT-008,S-IOMT-008-14,EHR_READ,EP-IND-08987
NET-08988,2026-01-01 21:32:09+00:00,0,IOMT-049,S-IOMT-049-15,IMAGING,EP-IND-08988
NET-08989,2026-01-01 21:32:30+00:00,0,IOMT-008,S-IOMT-008-16,EHR_WRITE,EP-IND-08989
NET-08990,2026-01-01 21:32:30+00:00,0,IOMT-048,S-IOMT-048-17,EHR_WRITE,EP-IND-08990
NET-08991,2026-01-01 21:32:44+00:00,0,IOMT-022,S-IOMT-022-18,EHR_READ,EP-IND-08991
NET-08992,2026-01-01 21:32:44+00:00,0,IOMT-047,S-IOMT-047-19,EHR_READ,EP-IND-08992
NET-08993,2026-01-01 21:32:52+00:00,0,IOMT-014,S-IOMT-014-20,IMAGING,EP-IND-08993
NET-08994,2026-01-01 21:32:55+00:00,0,IOMT-023,S-IOMT-023-21,IMAGING,EP-IND-08994
NET-08995,2026-01-01 21:33:09+00:00,0,IOMT-042,S-IOMT-042-22,EHR_READ,EP-IND-08995
NET-08996,2026-01-01 21:33:11+00:00,0,IOMT-040,S-IOMT-040-23,LAB_RESULTS,EP-IND-08996
NET-08997,2026-01-01 21:33:34+00:00,0,IOMT-038,S-IOMT-038-24,IMAGING,EP-IND-08997
NET-08998,2026-01-01 21:33:35+00:00,0,IOMT-010,S-IOMT-010-25,LAB_RESULTS,EP-IND-08998
NET-08999,2026-01-01 21:33:42+00:00,1,IOMT-026,S-IOMT-026-26,EHR_WRITE,EP-IND-08999
NET-09000,2026-01-01 21:33:44+00:00,0,IOMT-009,S-IOMT-009-27,IMAGING,EP-IND-09000
NET-09001,2026-01-01 21:33:56+00:00,0,IOMT-018,S-IOMT-018-28,IMAGING,EP-IND-09001
NET-09002,2026-01-01 21:34:00+00:00,0,IOMT-029,S-IOMT-029-29,LAB_RESULTS,EP-IND-09002
NET-09003,2026-01-01 21:34:08+00:00,0,IOMT-022,S-IOMT-022-30,EHR_WRITE,EP-IND-09003
NET-09004,2026-01-01 21:34:36+00:00,0,IOMT-038,S-IOMT-038-31,IMAGING,EP-IND-09004
NET-09005,2026-01-01 21:34:38+00:00,0,IOMT-028,S-IOMT-028-32,EHR_WRITE,EP-IND-09005
NET-09006,2026-01-01 21:34:42+00:00,0,IOMT-030,S-IOMT-030-33,IMAGING,EP-IND-09006
NET-09007,2026-01-01 21:34:45+00:00,0,IOMT-041,S-IOMT-041-34,EHR_READ,EP-IND-09007
NET-09008,2026-01-01 21:35:26+00:00,0,IOMT-011,S-IOMT-011-35,EHR_READ,EP-IND-09008
NET-09009,2026-01-01 21:35:46+00:00,0,IOMT-021,S-IOMT-021-36,IMAGING,EP-IND-09009
NET-09010,2026-01-01 21:35:53+00:00,0,IOMT-041,S-IOMT-041-37,EHR_READ,EP-IND-09010
NET-09011,2026-01-01 21:35:54+00:00,0,IOMT-045,S-IOMT-045-38,IMAGING,EP-IND-09011
NET-09012,2026-01-01 21:36:04+00:00,0,IOMT-026,S-IOMT-026-39,EHR_READ,EP-IND-09012
NET-09013,2026-01-01 21:36:06+00:00,0,IOMT-011,S-IOMT-011-40,LAB_RESULTS,EP-IND-09013
NET-09014,2026-01-01 21:36:12+00:00,0,IOMT-046,S-IOMT-046-41,LAB_RESULTS,EP-IND-09014
NET-09015,2026-01-01 21:36:18+00:00,0,IOMT-023,S-IOMT-023-42,EHR_READ,EP-IND-09015
NET-09016,2026-01-01 21:36:31+00:00,0,IOMT-013,S-IOMT-013-43,LAB_RESULTS,EP-IND-09016
NET-09017,2026-01-01 21:36:38+00:00,0,IOMT-000,S-IOMT-000-44,RESEARCH,EP-IND-09017
NET-09018,2026-01-01 21:36:40+00:00,0,IOMT-038,S-IOMT-038-45,EHR_READ,EP-IND-09018
NET-09019,2026-01-01 21:36:41+00:00,0,IOMT-014,S-IOMT-014-46,EHR_WRITE,EP-IND-09019
NET-09020,2026-01-01 21:36:44+00:00,0,IOMT-001,S-IOMT-001-47,EHR_WRITE,EP-IND-09020
NET-09021,2026-01-01 21:36:48+00:00,0,IOMT-004,S-IOMT-004-48,RESEARCH,EP-IND-09021
NET-09022,2026-01-01 21:37:04+00:00,0,IOMT-034,S-IOMT-034-49,IMAGING,EP-IND-09022
NET-09023,2026-01-01 21:37:04+00:00,0,IOMT-048,S-IOMT-048-50,EHR_READ,EP-IND-09023
NET-09024,2026-01-01 21:37:08+00:00,0,IOMT-029,S-IOMT-029-51,EHR_READ,EP-IND-09024
NET-09025,2026-01-01 21:37:14+00:00,0,IOMT-022,S-IOMT-022-52,EHR_WRITE,EP-IND-09025
NET-09026,2026-01-01 21:37:20+00:00,0,IOMT-024,S-IOMT-024-53,IMAGING,EP-IND-09026
NET-09027,2026-01-01 21:37:24+00:00,0,IOMT-016,S-IOMT-016-54,EHR_READ,EP-IND-09027
NET-09028,2026-01-01 21:37:25+00:00,0,IOMT-033,S-IOMT-033-55,EHR_WRITE,EP-IND-09028
NET-09029,2026-01-01 21:37:41+00:00,0,IOMT-045,S-IOMT-045-56,EHR_WRITE,EP-IND-09029
NET-09030,2026-01-01 21:37:44+00:00,0,IOMT-033,S-IOMT-033-57,EHR_READ,EP-IND-09030
NET-09031,2026-01-01 21:37:44+00:00,0,IOMT-042,S-IOMT-042-58,RESEARCH,EP-IND-09031
NET-09032,2026-01-01 21:37:47+00:00,0,IOMT-007,S-IOMT-007-59,LAB_RESULTS,EP-IND-09032
NET-09033,2026-01-01 21:37:56+00:00,0,IOMT-004,S-IOMT-004-60,RESEARCH,EP-IND-09033
NET-09034,2026-01-01 21:38:01+00:00,0,IOMT-001,S-IOMT-001-61,IMAGING,EP-IND-09034
NET-09035,2026-01-01 21:38:04+00:00,0,IOMT-047,S-IOMT-047-62,LAB_RESULTS,EP-IND-09035
NET-09036,2026-01-01 21:38:08+00:00,0,IOMT-025,S-IOMT-025-63,IMAGING,EP-IND-09036
NET-09037,2026-01-01 21:38:15+00:00,1,IOMT-016,S-IOMT-016-64,EHR_READ,EP-IND-09037
NET-09038,2026-01-01 21:38:21+00:00,0,IOMT-036,S-IOMT-036-65,LAB_RESULTS,EP-IND-09038
NET-09039,2026-01-01 21:38:56+00:00,0,IOMT-041,S-IOMT-041-66,IMAGING,EP-IND-09039
NET-09040,2026-01-01 21:39:12+00:00,0,IOMT-015,S-IOMT-015-67,EHR_READ,EP-IND-09040
NET-09041,2026-01-01 21:39:17+00:00,0,IOMT-031,S-IOMT-031-68,RESEARCH,EP-IND-09041
NET-09042,2026-01-01 21:39:32+00:00,0,IOMT-027,S-IOMT-027-69,EHR_READ,EP-IND-09042
NET-09043,2026-01-01 21:39:38+00:00,0,IOMT-019,S-IOMT-019-70,IMAGING,EP-IND-09043
NET-09044,2026-01-01 21:39:48+00:00,0,IOMT-002,S-IOMT-002-71,IMAGING,EP-IND-09044
NET-09045,2026-01-01 21:39:55+00:00,1,IOMT-021,S-IOMT-021-72,EHR_WRITE,EP-IND-09045
NET-09046,2026-01-01 21:40:08+00:00,0,IOMT-038,S-IOMT-038-73,EHR_WRITE,EP-IND-09046
NET-09047,2026-01-01 21:40:12+00:00,1,IOMT-012,S-IOMT-012-74,LAB_RESULTS,EP-IND-09047
NET-09048,2026-01-01 21:40:14+00:00,0,IOMT-019,S-IOMT-019-75,EHR_READ,EP-IND-09048
NET-09049,2026-01-01 21:40:30+00:00,0,IOMT-019,S-IOMT-019-76,LAB_RESULTS,EP-IND-09049
NET-09050,2026-01-01 21:40:47+00:00,0,IOMT-014,S-IOMT-014-77,IMAGING,EP-IND-09050
NET-09051,2026-01-01 21:40:53+00:00,0,IOMT-027,S-IOMT-027-78,IMAGING,EP-IND-09051
NET-09052,2026-01-01 21:40:53+00:00,0,IOMT-043,S-IOMT-043-79,RESEARCH,EP-IND-09052
NET-09053,2026-01-01 21:41:33+00:00,0,IOMT-027,S-IOMT-027-80,EHR_READ,EP-IND-09053
NET-09054,2026-01-01 21:41:35+00:00,0,IOMT-013,S-IOMT-013-81,RESEARCH,EP-IND-09054
NET-09055,2026-01-01 21:41:51+00:00,0,IOMT-006,S-IOMT-006-82,EHR_WRITE,EP-IND-09055
NET-09056,2026-01-01 21:41:58+00:00,0,IOMT-009,S-IOMT-009-83,IMAGING,EP-IND-09056
NET-09057,2026-01-01 21:42:11+00:00,0,IOMT-003,S-IOMT-003-84,IMAGING,EP-IND-09057
NET-09058,2026-01-01 21:42:11+00:00,0,IOMT-046,S-IOMT-046-85,IMAGING,EP-IND-09058
NET-09059,2026-01-01 21:42:13+00:00,0,IOMT-018,S-IOMT-018-86,RESEARCH,EP-IND-09059
NET-09060,2026-01-01 21:42:21+00:00,0,IOMT-025,S-IOMT-025-87,EHR_WRITE,EP-IND-09060
NET-09061,2026-01-01 21:42:33+00:00,0,IOMT-011,S-IOMT-011-88,IMAGING,EP-IND-09061
NET-09062,2026-01-01 21:42:37+00:00,0,IOMT-044,S-IOMT-044-89,RESEARCH,EP-IND-09062
NET-09063,2026-01-01 21:42:44+00:00,1,IOMT-026,S-IOMT-026-90,EHR_READ,EP-IND-09063
NET-09064,2026-01-01 21:42:44+00:00,0,IOMT-044,S-IOMT-044-91,RESEARCH,EP-IND-09064
NET-09065,2026-01-01 21:42:52+00:00,0,IOMT-031,S-IOMT-031-92,EHR_READ,EP-IND-09065
NET-09066,2026-01-01 21:42:59+00:00,0,IOMT-021,S-IOMT-021-93,LAB_RESULTS,EP-IND-09066
NET-09067,2026-01-01 21:43:00+00:00,0,IOMT-000,S-IOMT-000-94,RESEARCH,EP-IND-09067
NET-09068,2026-01-01 21:43:01+00:00,0,IOMT-022,S-IOMT-022-95,RESEARCH,EP-IND-09068
NET-09069,2026-01-01 21:43:13+00:00,0,IOMT-047,S-IOMT-047-96,EHR_READ,EP-IND-09069
NET-09070,2026-01-01 21:43:15+00:00,0,IOMT-009,S-IOMT-009-97,EHR_WRITE,EP-IND-09070
NET-09071,2026-01-01 21:43:39+00:00,0,IOMT-029,S-IOMT-029-98,EHR_READ,EP-IND-09071
NET-09072,2026-01-01 21:43:40+00:00,0,IOMT-012,S-IOMT-012-99,IMAGING,EP-IND-09072
NET-09073,2026-01-01 21:43:48+00:00,0,IOMT-045,S-IOMT-045-100,IMAGING,EP-IND-09073
NET-09074,2026-01-01 21:43:49+00:00,0,IOMT-003,S-IOMT-003-101,IMAGING,EP-IND-09074
NET-09075,2026-01-01 21:43:50+00:00,0,IOMT-015,S-IOMT-015-102,EHR_WRITE,EP-IND-09075
NET-09076,2026-01-01 21:43:57+00:00,0,IOMT-022,S-IOMT-022-103,LAB_RESULTS,EP-IND-09076
NET-09077,2026-01-01 21:44:00+00:00,0,IOMT-040,S-IOMT-040-104,LAB_RESULTS,EP-IND-09077
NET-09078,2026-01-01 21:44:03+00:00,0,IOMT-000,S-IOMT-000-105,EHR_READ,EP-IND-09078
NET-09079,2026-01-01 21:44:39+00:00,0,IOMT-017,S-IOMT-017-106,IMAGING,EP-IND-09079
NET-09080,2026-01-01 21:44:51+00:00,0,IOMT-017,S-IOMT-017-107,EHR_WRITE,EP-IND-09080
NET-09081,2026-01-01 21:44:55+00:00,0,IOMT-048,S-IOMT-048-108,EHR_READ,EP-IND-09081
NET-09082,2026-01-01 21:44:57+00:00,0,IOMT-037,S-IOMT-037-109,LAB_RESULTS,EP-IND-09082
NET-09083,2026-01-01 21:44:57+00:00,0,IOMT-024,S-IOMT-024-110,LAB_RESULTS,EP-IND-09083
NET-09084,2026-01-01 21:45:10+00:00,0,IOMT-048,S-IOMT-048-111,EHR_WRITE,EP-IND-09084
NET-09085,2026-01-01 21:45:12+00:00,0,IOMT-032,S-IOMT-032-112,EHR_READ,EP-IND-09085
NET-09086,2026-01-01 21:45:18+00:00,0,IOMT-016,S-IOMT-016-113,LAB_RESULTS,EP-IND-09086
NET-09087,2026-01-01 21:45:20+00:00,0,IOMT-011,S-IOMT-011-114,EHR_WRITE,EP-IND-09087
NET-09088,2026-01-01 21:45:21+00:00,0,IOMT-032,S-IOMT-032-115,RESEARCH,EP-IND-09088
NET-09089,2026-01-01 21:45:29+00:00,0,IOMT-016,S-IOMT-016-116,RESEARCH,EP-IND-09089
NET-09090,2026-01-01 21:45:40+00:00,0,IOMT-020,S-IOMT-020-117,EHR_READ,EP-IND-09090
NET-09091,2026-01-01 21:45:44+00:00,0,IOMT-006,S-IOMT-006-118,RESEARCH,EP-IND-09091
NET-09092,2026-01-01 21:45:53+00:00,0,IOMT-006,S-IOMT-006-119,EHR_READ,EP-IND-09092
NET-09093,2026-01-01 21:45:57+00:00,0,IOMT-002,S-IOMT-002-120,EHR_READ,EP-IND-09093
NET-09094,2026-01-01 21:45:59+00:00,0,IOMT-016,S-IOMT-016-121,EHR_READ,EP-IND-09094
NET-09095,2026-01-01 21:46:11+00:00,0,IOMT-002,S-IOMT-002-122,EHR_WRITE,EP-IND-09095
NET-09096,2026-01-01 21:46:12+00:00,0,IOMT-046,S-IOMT-046-123,RESEARCH,EP-IND-09096
NET-09097,2026-01-01 21:46:21+00:00,0,IOMT-036,S-IOMT-036-124,IMAGING,EP-IND-09097
NET-09098,2026-01-01 21:46:33+00:00,0,IOMT-013,S-IOMT-013-125,EHR_READ,EP-IND-09098
NET-09099,2026-01-01 21:46:43+00:00,0,IOMT-003,S-IOMT-003-126,LAB_RESULTS,EP-IND-09099
NET-09100,2026-01-01 21:47:06+00:00,0,IOMT-036,S-IOMT-036-127,IMAGING,EP-IND-09100
NET-09101,2026-01-01 21:47:14+00:00,0,IOMT-020,S-IOMT-020-128,RESEARCH,EP-IND-09101
NET-09102,2026-01-01 21:47:18+00:00,0,IOMT-003,S-IOMT-003-129,EHR_WRITE,EP-IND-09102
NET-09103,2026-01-01 21:47:21+00:00,0,IOMT-026,S-IOMT-026-130,LAB_RESULTS,EP-IND-09103
NET-09104,2026-01-01 21:47:26+00:00,0,IOMT-035,S-IOMT-035-131,IMAGING,EP-IND-09104
NET-09105,2026-01-01 21:47:42+00:00,0,IOMT-045,S-IOMT-045-132,IMAGING,EP-IND-09105
NET-09106,2026-01-01 21:47:44+00:00,0,IOMT-011,S-IOMT-011-133,IMAGING,EP-IND-09106
NET-09107,2026-01-01 21:47:47+00:00,0,IOMT-023,S-IOMT-023-134,EHR_WRITE,EP-IND-09107
NET-09108,2026-01-01 21:47:56+00:00,0,IOMT-002,S-IOMT-002-135,RESEARCH,EP-IND-09108
NET-09109,2026-01-01 21:47:59+00:00,0,IOMT-023,S-IOMT-023-136,RESEARCH,EP-IND-09109
NET-09110,2026-01-01 21:48:03+00:00,0,IOMT-017,S-IOMT-017-137,LAB_RESULTS,EP-IND-09110
NET-09111,2026-01-01 21:48:24+00:00,0,IOMT-006,S-IOMT-006-138,EHR_READ,EP-IND-09111
NET-09112,2026-01-01 21:48:27+00:00,0,IOMT-016,S-IOMT-016-139,EHR_WRITE,EP-IND-09112
NET-09113,2026-01-01 21:48:35+00:00,0,IOMT-026,S-IOMT-026-140,EHR_READ,EP-IND-09113
NET-09114,2026-01-01 21:48:42+00:00,0,IOMT-025,S-IOMT-025-141,LAB_RESULTS,EP-IND-09114
NET-09115,2026-01-01 21:48:48+00:00,0,IOMT-049,S-IOMT-049-142,IMAGING,EP-IND-09115
NET-09116,2026-01-01 21:48:52+00:00,1,IOMT-014,S-IOMT-014-143,EHR_READ,EP-IND-09116
NET-09117,2026-01-01 21:48:52+00:00,0,IOMT-025,S-IOMT-025-144,EHR_WRITE,EP-IND-09117
NET-09118,2026-01-01 21:49:06+00:00,0,IOMT-011,S-IOMT-011-145,EHR_READ,EP-IND-09118
NET-09119,2026-01-01 21:49:18+00:00,0,IOMT-046,S-IOMT-046-146,EHR_READ,EP-IND-09119
NET-09120,2026-01-01 21:49:19+00:00,0,IOMT-024,S-IOMT-024-147,RESEARCH,EP-IND-09120
NET-09121,2026-01-01 21:49:22+00:00,0,IOMT-047,S-IOMT-047-148,EHR_READ,EP-IND-09121
NET-09122,2026-01-01 21:49:43+00:00,0,IOMT-037,S-IOMT-037-149,RESEARCH,EP-IND-09122
NET-09123,2026-01-01 21:49:49+00:00,1,IOMT-041,S-IOMT-041-150,EHR_WRITE,EP-IND-09123
NET-09124,2026-01-01 21:50:06+00:00,0,IOMT-048,S-IOMT-048-151,EHR_WRITE,EP-IND-09124
NET-09125,2026-01-01 21:50:39+00:00,0,IOMT-038,S-IOMT-038-152,IMAGING,EP-IND-09125
NET-09126,2026-01-01 21:50:45+00:00,0,IOMT-046,S-IOMT-046-153,LAB_RESULTS,EP-IND-09126
NET-09127,2026-01-01 21:50:49+00:00,1,IOMT-024,S-IOMT-024-154,LAB_RESULTS,EP-IND-09127
NET-09128,2026-01-01 21:50:56+00:00,0,IOMT-035,S-IOMT-035-155,EHR_READ,EP-IND-09128
NET-09129,2026-01-01 21:51:03+00:00,0,IOMT-038,S-IOMT-038-156,EHR_WRITE,EP-IND-09129
NET-09130,2026-01-01 21:51:30+00:00,0,IOMT-043,S-IOMT-043-157,LAB_RESULTS,EP-IND-09130
NET-09131,2026-01-01 21:51:31+00:00,0,IOMT-002,S-IOMT-002-158,IMAGING,EP-IND-09131
NET-09132,2026-01-01 21:51:37+00:00,0,IOMT-023,S-IOMT-023-159,RESEARCH,EP-IND-09132
NET-09133,2026-01-01 21:51:41+00:00,0,IOMT-021,S-IOMT-021-160,LAB_RESULTS,EP-IND-09133
NET-09134,2026-01-01 21:51:51+00:00,0,IOMT-049,S-IOMT-049-161,IMAGING,EP-IND-09134
NET-09135,2026-01-01 21:52:11+00:00,0,IOMT-005,S-IOMT-005-162,LAB_RESULTS,EP-IND-09135
NET-09136,2026-01-01 21:52:33+00:00,0,IOMT-037,S-IOMT-037-163,IMAGING,EP-IND-09136
NET-09137,2026-01-01 21:52:57+00:00,0,IOMT-036,S-IOMT-036-164,RESEARCH,EP-IND-09137
NET-09138,2026-01-01 21:53:03+00:00,0,IOMT-000,S-IOMT-000-165,LAB_RESULTS,EP-IND-09138
NET-09139,2026-01-01 21:53:13+00:00,0,IOMT-043,S-IOMT-043-166,EHR_WRITE,EP-IND-09139
NET-09140,2026-01-01 21:53:26+00:00,0,IOMT-007,S-IOMT-007-167,RESEARCH,EP-IND-09140
NET-09141,2026-01-01 21:53:29+00:00,0,IOMT-017,S-IOMT-017-168,RESEARCH,EP-IND-09141
NET-09142,2026-01-01 21:53:35+00:00,0,IOMT-048,S-IOMT-048-169,EHR_READ,EP-IND-09142
NET-09143,2026-01-01 21:53:40+00:00,0,IOMT-034,S-IOMT-034-170,RESEARCH,EP-IND-09143
NET-09144,2026-01-01 21:53:45+00:00,0,IOMT-044,S-IOMT-044-171,IMAGING,EP-IND-09144
NET-09145,2026-01-01 21:53:52+00:00,0,IOMT-028,S-IOMT-028-172,EHR_READ,EP-IND-09145
NET-09146,2026-01-01 21:53:55+00:00,0,IOMT-000,S-IOMT-000-173,EHR_WRITE,EP-IND-09146
NET-09147,2026-01-01 21:54:14+00:00,0,IOMT-004,S-IOMT-004-174,IMAGING,EP-IND-09147
NET-09148,2026-01-01 21:54:24+00:00,0,IOMT-031,S-IOMT-031-175,IMAGING,EP-IND-09148
NET-09149,2026-01-01 21:54:29+00:00,0,IOMT-002,S-IOMT-002-176,EHR_READ,EP-IND-09149
NET-09150,2026-01-01 21:54:36+00:00,0,IOMT-009,S-IOMT-009-177,EHR_READ,EP-IND-09150
NET-09151,2026-01-01 21:55:06+00:00,0,IOMT-005,S-IOMT-005-178,LAB_RESULTS,EP-IND-09151
NET-09152,2026-01-01 21:55:19+00:00,0,IOMT-026,S-IOMT-026-179,EHR_WRITE,EP-IND-09152
NET-09153,2026-01-01 21:55:31+00:00,0,IOMT-021,S-IOMT-021-180,EHR_READ,EP-IND-09153
NET-09154,2026-01-01 21:55:32+00:00,0,IOMT-045,S-IOMT-045-181,EHR_WRITE,EP-IND-09154
NET-09155,2026-01-01 21:55:40+00:00,0,IOMT-043,S-IOMT-043-182,EHR_WRITE,EP-IND-09155
NET-09156,2026-01-01 21:55:45+00:00,0,IOMT-028,S-IOMT-028-183,EHR_WRITE,EP-IND-09156
NET-09157,2026-01-01 21:55:50+00:00,0,IOMT-003,S-IOMT-003-184,EHR_READ,EP-IND-09157
NET-09158,2026-01-01 21:55:54+00:00,1,IOMT-033,S-IOMT-033-185,EHR_WRITE,EP-IND-09158
NET-09159,2026-01-01 21:55:56+00:00,0,IOMT-017,S-IOMT-017-186,LAB_RESULTS,EP-IND-09159
NET-09160,2026-01-01 21:55:57+00:00,0,IOMT-001,S-IOMT-001-187,IMAGING,EP-IND-09160
NET-09161,2026-01-01 21:55:57+00:00,0,IOMT-045,S-IOMT-045-188,EHR_READ,EP-IND-09161
NET-09162,2026-01-01 21:56:12+00:00,0,IOMT-007,S-IOMT-007-189,EHR_WRITE,EP-IND-09162
NET-09163,2026-01-01 21:56:26+00:00,0,IOMT-028,S-IOMT-028-190,RESEARCH,EP-IND-09163
NET-09164,2026-01-01 21:56:33+00:00,1,IOMT-022,S-IOMT-022-191,EHR_WRITE,EP-IND-09164
NET-09165,2026-01-01 21:56:46+00:00,0,IOMT-047,S-IOMT-047-192,RESEARCH,EP-IND-09165
NET-09166,2026-01-01 21:56:57+00:00,0,IOMT-024,S-IOMT-024-193,EHR_READ,EP-IND-09166
NET-09167,2026-01-01 21:57:08+00:00,0,IOMT-004,S-IOMT-004-194,LAB_RESULTS,EP-IND-09167
NET-09168,2026-01-01 21:57:30+00:00,0,IOMT-042,S-IOMT-042-195,RESEARCH,EP-IND-09168
NET-09169,2026-01-01 21:57:35+00:00,0,IOMT-025,S-IOMT-025-196,IMAGING,EP-IND-09169
NET-09170,2026-01-01 21:57:45+00:00,0,IOMT-028,S-IOMT-028-197,IMAGING,EP-IND-09170
NET-09171,2026-01-01 21:57:47+00:00,0,IOMT-040,S-IOMT-040-198,EHR_READ,EP-IND-09171
NET-09172,2026-01-01 21:57:56+00:00,0,IOMT-000,S-IOMT-000-199,RESEARCH,EP-IND-09172
NET-09173,2026-01-01 21:57:59+00:00,0,IOMT-044,S-IOMT-044-200,EHR_READ,EP-IND-09173
NET-09174,2026-01-01 21:58:04+00:00,0,IOMT-000,S-IOMT-000-201,IMAGING,EP-IND-09174
NET-09175,2026-01-01 21:58:09+00:00,0,IOMT-033,S-IOMT-033-202,IMAGING,EP-IND-09175
NET-09176,2026-01-01 21:58:10+00:00,0,IOMT-049,S-IOMT-049-203,RESEARCH,EP-IND-09176
NET-09177,2026-01-01 21:58:14+00:00,0,IOMT-048,S-IOMT-048-204,EHR_WRITE,EP-IND-09177
NET-09178,2026-01-01 21:58:19+00:00,0,IOMT-031,S-IOMT-031-205,IMAGING,EP-IND-09178
NET-09179,2026-01-01 21:58:20+00:00,0,IOMT-037,S-IOMT-037-206,EHR_READ,EP-IND-09179
NET-09180,2026-01-01 21:58:21+00:00,0,IOMT-034,S-IOMT-034-207,EHR_READ,EP-IND-09180
NET-09181,2026-01-01 21:58:36+00:00,0,IOMT-019,S-IOMT-019-208,RESEARCH,EP-IND-09181
NET-09182,2026-01-01 21:58:54+00:00,0,IOMT-002,S-IOMT-002-209,RESEARCH,EP-IND-09182
NET-09183,2026-01-01 21:59:05+00:00,0,IOMT-008,S-IOMT-008-210,RESEARCH,EP-IND-09183
NET-09184,2026-01-01 21:59:27+00:00,0,IOMT-008,S-IOMT-008-211,IMAGING,EP-IND-09184
NET-09185,2026-01-01 21:59:33+00:00,0,IOMT-040,S-IOMT-040-212,LAB_RESULTS,EP-IND-09185
NET-09186,2026-01-01 21:59:40+00:00,0,IOMT-049,S-IOMT-049-213,EHR_READ,EP-IND-09186
NET-09187,2026-01-01 22:00:03+00:00,0,IOMT-031,S-IOMT-031-214,RESEARCH,EP-IND-09187
NET-09188,2026-01-01 22:00:24+00:00,0,IOMT-014,S-IOMT-014-215,IMAGING,EP-IND-09188
NET-09189,2026-01-01 22:00:31+00:00,0,IOMT-021,S-IOMT-021-216,EHR_READ,EP-IND-09189
NET-09190,2026-01-01 22:00:49+00:00,0,IOMT-005,S-IOMT-005-217,EHR_WRITE,EP-IND-09190
NET-09191,2026-01-01 22:00:52+00:00,0,IOMT-048,S-IOMT-048-218,EHR_WRITE,EP-IND-09191
NET-09192,2026-01-01 22:01:02+00:00,0,IOMT-029,S-IOMT-029-219,EHR_READ,EP-IND-09192
NET-09193,2026-01-01 22:01:05+00:00,0,IOMT-013,S-IOMT-013-220,EHR_READ,EP-IND-09193
NET-09194,2026-01-01 22:01:18+00:00,0,IOMT-036,S-IOMT-036-221,LAB_RESULTS,EP-IND-09194
NET-09195,2026-01-01 22:01:29+00:00,0,IOMT-009,S-IOMT-009-222,IMAGING,EP-IND-09195
NET-09196,2026-01-01 22:01:31+00:00,0,IOMT-024,S-IOMT-024-223,LAB_RESULTS,EP-IND-09196
NET-09197,2026-01-01 22:01:35+00:00,0,IOMT-007,S-IOMT-007-224,EHR_WRITE,EP-IND-09197
NET-09198,2026-01-01 22:01:36+00:00,0,IOMT-011,S-IOMT-011-225,RESEARCH,EP-IND-09198
NET-09199,2026-01-01 22:01:37+00:00,0,IOMT-029,S-IOMT-029-226,RESEARCH,EP-IND-09199
NET-09200,2026-01-01 22:01:54+00:00,0,IOMT-020,S-IOMT-020-227,EHR_WRITE,EP-IND-09200
NET-09201,2026-01-01 22:02:00+00:00,0,IOMT-032,S-IOMT-032-228,EHR_WRITE,EP-IND-09201
NET-09202,2026-01-01 22:02:15+00:00,0,IOMT-043,S-IOMT-043-229,RESEARCH,EP-IND-09202
NET-09203,2026-01-01 22:02:28+00:00,0,IOMT-004,S-IOMT-004-230,IMAGING,EP-IND-09203
NET-09204,2026-01-01 22:02:40+00:00,0,IOMT-032,S-IOMT-032-231,RESEARCH,EP-IND-09204
NET-09205,2026-01-01 22:02:41+00:00,0,IOMT-030,S-IOMT-030-232,EHR_WRITE,EP-IND-09205
NET-09206,2026-01-01 22:02:47+00:00,0,IOMT-016,S-IOMT-016-233,RESEARCH,EP-IND-09206
NET-09207,2026-01-01 22:02:57+00:00,0,IOMT-003,S-IOMT-003-234,LAB_RESULTS,EP-IND-09207
NET-09208,2026-01-01 22:03:08+00:00,0,IOMT-019,S-IOMT-019-235,IMAGING,EP-IND-09208
NET-09209,2026-01-01 22:03:19+00:00,0,IOMT-033,S-IOMT-033-236,EHR_READ,EP-IND-09209
NET-09210,2026-01-01 22:03:28+00:00,0,IOMT-049,S-IOMT-049-237,LAB_RESULTS,EP-IND-09210
NET-09211,2026-01-01 22:03:31+00:00,1,IOMT-041,S-IOMT-041-238,EHR_READ,EP-IND-09211
NET-09212,2026-01-01 22:03:38+00:00,0,IOMT-008,S-IOMT-008-239,RESEARCH,EP-IND-09212
NET-09213,2026-01-01 22:03:40+00:00,1,IOMT-045,S-IOMT-045-240,EHR_WRITE,EP-IND-09213
NET-09214,2026-01-01 22:03:45+00:00,0,IOMT-037,S-IOMT-037-241,EHR_READ,EP-IND-09214
NET-09215,2026-01-01 22:03:50+00:00,0,IOMT-035,S-IOMT-035-242,RESEARCH,EP-IND-09215
NET-09216,2026-01-01 22:03:50+00:00,0,IOMT-038,S-IOMT-038-243,EHR_WRITE,EP-IND-09216
NET-09217,2026-01-01 22:03:51+00:00,0,IOMT-007,S-IOMT-007-244,EHR_READ,EP-IND-09217
NET-09218,2026-01-01 22:04:08+00:00,0,IOMT-031,S-IOMT-031-245,EHR_WRITE,EP-IND-09218
NET-09219,2026-01-01 22:04:33+00:00,0,IOMT-025,S-IOMT-025-246,EHR_WRITE,EP-IND-09219
NET-09220,2026-01-01 22:04:37+00:00,0,IOMT-001,S-IOMT-001-247,EHR_WRITE,EP-IND-09220
NET-09221,2026-01-01 22:04:40+00:00,0,IOMT-009,S-IOMT-009-248,RESEARCH,EP-IND-09221
NET-09222,2026-01-01 22:04:41+00:00,0,IOMT-045,S-IOMT-045-249,EHR_WRITE,EP-IND-09222
NET-09223,2026-01-01 22:04:42+00:00,0,IOMT-036,S-IOMT-036-250,IMAGING,EP-IND-09223
NET-09224,2026-01-01 22:04:42+00:00,0,IOMT-033,S-IOMT-033-251,RESEARCH,EP-IND-09224
NET-09225,2026-01-01 22:04:50+00:00,0,IOMT-032,S-IOMT-032-252,EHR_READ,EP-IND-09225
NET-09226,2026-01-01 22:05:15+00:00,0,IOMT-018,S-IOMT-018-253,IMAGING,EP-IND-09226
NET-09227,2026-01-01 22:05:18+00:00,0,IOMT-011,S-IOMT-011-254,EHR_WRITE,EP-IND-09227
NET-09228,2026-01-01 22:05:22+00:00,0,IOMT-007,S-IOMT-007-255,EHR_READ,EP-IND-09228
NET-09229,2026-01-01 22:05:28+00:00,0,IOMT-009,S-IOMT-009-256,RESEARCH,EP-IND-09229
NET-09230,2026-01-01 22:05:39+00:00,0,IOMT-040,S-IOMT-040-257,EHR_READ,EP-IND-09230
NET-09231,2026-01-01 22:05:42+00:00,0,IOMT-000,S-IOMT-000-258,EHR_WRITE,EP-IND-09231
NET-09232,2026-01-01 22:06:01+00:00,0,IOMT-017,S-IOMT-017-259,EHR_READ,EP-IND-09232
NET-09233,2026-01-01 22:06:08+00:00,0,IOMT-037,S-IOMT-037-260,EHR_READ,EP-IND-09233
NET-09234,2026-01-01 22:06:39+00:00,0,IOMT-041,S-IOMT-041-261,IMAGING,EP-IND-09234
NET-09235,2026-01-01 22:06:56+00:00,0,IOMT-041,S-IOMT-041-262,IMAGING,EP-IND-09235
NET-09236,2026-01-01 22:06:59+00:00,1,IOMT-017,S-IOMT-017-263,RESEARCH,EP-IND-09236
NET-09237,2026-01-01 22:07:06+00:00,0,IOMT-047,S-IOMT-047-264,RESEARCH,EP-IND-09237
NET-09238,2026-01-01 22:07:20+00:00,0,IOMT-044,S-IOMT-044-265,EHR_READ,EP-IND-09238
NET-09239,2026-01-01 22:07:27+00:00,0,IOMT-014,S-IOMT-014-266,RESEARCH,EP-IND-09239
NET-09240,2026-01-01 22:07:33+00:00,0,IOMT-021,S-IOMT-021-267,LAB_RESULTS,EP-IND-09240
NET-09241,2026-01-01 22:07:35+00:00,0,IOMT-019,S-IOMT-019-268,EHR_READ,EP-IND-09241
NET-09242,2026-01-01 22:07:38+00:00,1,IOMT-043,S-IOMT-043-269,EHR_WRITE,EP-IND-09242
NET-09243,2026-01-01 22:07:42+00:00,0,IOMT-040,S-IOMT-040-270,EHR_READ,EP-IND-09243
NET-09244,2026-01-01 22:07:58+00:00,0,IOMT-004,S-IOMT-004-271,IMAGING,EP-IND-09244
NET-09245,2026-01-01 22:08:24+00:00,0,IOMT-002,S-IOMT-002-272,EHR_WRITE,EP-IND-09245
NET-09246,2026-01-01 22:08:36+00:00,0,IOMT-004,S-IOMT-004-273,IMAGING,EP-IND-09246
NET-09247,2026-01-01 22:08:43+00:00,0,IOMT-001,S-IOMT-001-274,RESEARCH,EP-IND-09247
NET-09248,2026-01-01 22:08:53+00:00,0,IOMT-021,S-IOMT-021-275,EHR_READ,EP-IND-09248
NET-09249,2026-01-01 22:08:55+00:00,0,IOMT-005,S-IOMT-005-276,EHR_WRITE,EP-IND-09249
NET-09250,2026-01-01 22:09:01+00:00,0,IOMT-019,S-IOMT-019-277,IMAGING,EP-IND-09250
NET-09251,2026-01-01 22:09:09+00:00,0,IOMT-001,S-IOMT-001-278,IMAGING,EP-IND-09251
NET-09252,2026-01-01 22:09:10+00:00,0,IOMT-030,S-IOMT-030-279,EHR_WRITE,EP-IND-09252
NET-09253,2026-01-01 22:09:24+00:00,0,IOMT-009,S-IOMT-009-280,EHR_WRITE,EP-IND-09253
NET-09254,2026-01-01 22:09:49+00:00,0,IOMT-022,S-IOMT-022-281,LAB_RESULTS,EP-IND-09254
NET-09255,2026-01-01 22:09:59+00:00,0,IOMT-006,S-IOMT-006-282,RESEARCH,EP-IND-09255
NET-09256,2026-01-01 22:09:59+00:00,0,IOMT-029,S-IOMT-029-283,RESEARCH,EP-IND-09256
NET-09257,2026-01-01 22:10:00+00:00,0,IOMT-046,S-IOMT-046-284,IMAGING,EP-IND-09257
NET-09258,2026-01-01 22:10:01+00:00,0,IOMT-024,S-IOMT-024-285,LAB_RESULTS,EP-IND-09258
NET-09259,2026-01-01 22:10:09+00:00,0,IOMT-025,S-IOMT-025-286,IMAGING,EP-IND-09259
NET-09260,2026-01-01 22:10:18+00:00,0,IOMT-024,S-IOMT-024-287,EHR_WRITE,EP-IND-09260
NET-09261,2026-01-01 22:10:18+00:00,0,IOMT-029,S-IOMT-029-288,EHR_READ,EP-IND-09261
NET-09262,2026-01-01 22:10:39+00:00,0,IOMT-005,S-IOMT-005-289,EHR_READ,EP-IND-09262
NET-09263,2026-01-01 22:11:34+00:00,0,IOMT-009,S-IOMT-009-290,EHR_WRITE,EP-IND-09263
NET-09264,2026-01-01 22:12:03+00:00,0,IOMT-020,S-IOMT-020-291,IMAGING,EP-IND-09264
NET-09265,2026-01-01 22:12:09+00:00,0,IOMT-036,S-IOMT-036-292,EHR_READ,EP-IND-09265
NET-09266,2026-01-01 22:12:10+00:00,0,IOMT-021,S-IOMT-021-293,LAB_RESULTS,EP-IND-09266
NET-09267,2026-01-01 22:12:11+00:00,0,IOMT-047,S-IOMT-047-294,RESEARCH,EP-IND-09267
NET-09268,2026-01-01 22:12:22+00:00,0,IOMT-004,S-IOMT-004-295,IMAGING,EP-IND-09268
NET-09269,2026-01-01 22:12:24+00:00,0,IOMT-002,S-IOMT-002-296,EHR_WRITE,EP-IND-09269
NET-09270,2026-01-01 22:12:31+00:00,0,IOMT-005,S-IOMT-005-297,EHR_READ,EP-IND-09270
NET-09271,2026-01-01 22:12:37+00:00,0,IOMT-015,S-IOMT-015-298,EHR_READ,EP-IND-09271
NET-09272,2026-01-01 22:12:42+00:00,0,IOMT-032,S-IOMT-032-299,LAB_RESULTS,EP-IND-09272
NET-09273,2026-01-01 22:12:44+00:00,0,IOMT-002,S-IOMT-002-300,LAB_RESULTS,EP-IND-09273
NET-09274,2026-01-01 22:13:19+00:00,0,IOMT-018,S-IOMT-018-301,EHR_WRITE,EP-IND-09274
NET-09275,2026-01-01 22:13:35+00:00,0,IOMT-043,S-IOMT-043-302,LAB_RESULTS,EP-IND-09275
NET-09276,2026-01-01 22:13:49+00:00,0,IOMT-020,S-IOMT-020-303,LAB_RESULTS,EP-IND-09276
NET-09277,2026-01-01 22:14:00+00:00,0,IOMT-041,S-IOMT-041-304,RESEARCH,EP-IND-09277
NET-09278,2026-01-01 22:14:09+00:00,0,IOMT-047,S-IOMT-047-305,RESEARCH,EP-IND-09278
NET-09279,2026-01-01 22:14:12+00:00,0,IOMT-017,S-IOMT-017-306,IMAGING,EP-IND-09279
NET-09280,2026-01-01 22:14:35+00:00,0,IOMT-011,S-IOMT-011-307,RESEARCH,EP-IND-09280
NET-09281,2026-01-01 22:14:43+00:00,0,IOMT-037,S-IOMT-037-308,EHR_WRITE,EP-IND-09281
NET-09282,2026-01-01 22:14:44+00:00,0,IOMT-013,S-IOMT-013-309,EHR_WRITE,EP-IND-09282
NET-09283,2026-01-01 22:14:52+00:00,0,IOMT-009,S-IOMT-009-310,RESEARCH,EP-IND-09283
NET-09284,2026-01-01 22:14:52+00:00,0,IOMT-045,S-IOMT-045-311,IMAGING,EP-IND-09284
NET-09285,2026-01-01 22:15:02+00:00,0,IOMT-030,S-IOMT-030-312,RESEARCH,EP-IND-09285
NET-09286,2026-01-01 22:15:02+00:00,0,IOMT-037,S-IOMT-037-313,EHR_WRITE,EP-IND-09286
NET-09287,2026-01-01 22:15:12+00:00,0,IOMT-047,S-IOMT-047-314,EHR_WRITE,EP-IND-09287
NET-09288,2026-01-01 22:15:29+00:00,0,IOMT-020,S-IOMT-020-315,RESEARCH,EP-IND-09288
NET-09289,2026-01-01 22:15:35+00:00,0,IOMT-014,S-IOMT-014-316,EHR_READ,EP-IND-09289
NET-09290,2026-01-01 22:15:37+00:00,0,IOMT-005,S-IOMT-005-317,RESEARCH,EP-IND-09290
NET-09291,2026-01-01 22:15:41+00:00,0,IOMT-042,S-IOMT-042-318,RESEARCH,EP-IND-09291
NET-09292,2026-01-01 22:15:41+00:00,0,IOMT-033,S-IOMT-033-319,EHR_READ,EP-IND-09292
NET-09293,2026-01-01 22:15:43+00:00,0,IOMT-025,S-IOMT-025-320,LAB_RESULTS,EP-IND-09293
NET-09294,2026-01-01 22:16:01+00:00,0,IOMT-014,S-IOMT-014-321,EHR_READ,EP-IND-09294
NET-09295,2026-01-01 22:16:05+00:00,0,IOMT-041,S-IOMT-041-322,RESEARCH,EP-IND-09295
NET-09296,2026-01-01 22:16:06+00:00,0,IOMT-019,S-IOMT-019-323,LAB_RESULTS,EP-IND-09296
NET-09297,2026-01-01 22:16:07+00:00,0,IOMT-012,S-IOMT-012-324,EHR_READ,EP-IND-09297
NET-09298,2026-01-01 22:16:30+00:00,0,IOMT-045,S-IOMT-045-325,RESEARCH,EP-IND-09298
NET-09299,2026-01-01 22:16:30+00:00,0,IOMT-012,S-IOMT-012-326,IMAGING,EP-IND-09299
NET-09300,2026-01-01 22:16:42+00:00,0,IOMT-047,S-IOMT-047-327,IMAGING,EP-IND-09300
NET-09301,2026-01-01 22:16:48+00:00,0,IOMT-001,S-IOMT-001-328,RESEARCH,EP-IND-09301
NET-09302,2026-01-01 22:17:04+00:00,0,IOMT-045,S-IOMT-045-329,EHR_READ,EP-IND-09302
NET-09303,2026-01-01 22:17:05+00:00,0,IOMT-014,S-IOMT-014-330,EHR_READ,EP-IND-09303
NET-09304,2026-01-01 22:17:19+00:00,0,IOMT-008,S-IOMT-008-331,EHR_WRITE,EP-IND-09304
NET-09305,2026-01-01 22:17:21+00:00,0,IOMT-005,S-IOMT-005-332,EHR_READ,EP-IND-09305
NET-09306,2026-01-01 22:17:25+00:00,0,IOMT-038,S-IOMT-038-333,LAB_RESULTS,EP-IND-09306
NET-09307,2026-01-01 22:17:40+00:00,0,IOMT-028,S-IOMT-028-334,EHR_WRITE,EP-IND-09307
NET-09308,2026-01-01 22:18:07+00:00,0,IOMT-005,S-IOMT-005-335,LAB_RESULTS,EP-IND-09308
NET-09309,2026-01-01 22:18:08+00:00,0,IOMT-022,S-IOMT-022-336,IMAGING,EP-IND-09309
NET-09310,2026-01-01 22:18:16+00:00,0,IOMT-018,S-IOMT-018-337,IMAGING,EP-IND-09310
NET-09311,2026-01-01 22:18:52+00:00,0,IOMT-027,S-IOMT-027-338,IMAGING,EP-IND-09311
NET-09312,2026-01-01 22:19:03+00:00,0,IOMT-041,S-IOMT-041-339,IMAGING,EP-IND-09312
NET-09313,2026-01-01 22:19:04+00:00,0,IOMT-015,S-IOMT-015-340,RESEARCH,EP-IND-09313
NET-09314,2026-01-01 22:19:18+00:00,0,IOMT-022,S-IOMT-022-341,RESEARCH,EP-IND-09314
NET-09315,2026-01-01 22:19:27+00:00,0,IOMT-027,S-IOMT-027-342,IMAGING,EP-IND-09315
NET-09316,2026-01-01 22:19:29+00:00,0,IOMT-003,S-IOMT-003-343,IMAGING,EP-IND-09316
NET-09317,2026-01-01 22:19:41+00:00,0,IOMT-010,S-IOMT-010-344,EHR_READ,EP-IND-09317
NET-09318,2026-01-01 22:19:57+00:00,0,IOMT-033,S-IOMT-033-345,EHR_READ,EP-IND-09318
NET-09319,2026-01-01 22:20:03+00:00,0,IOMT-009,S-IOMT-009-346,LAB_RESULTS,EP-IND-09319
NET-09320,2026-01-01 22:20:11+00:00,0,IOMT-015,S-IOMT-015-347,EHR_WRITE,EP-IND-09320
NET-09321,2026-01-01 22:20:27+00:00,0,IOMT-029,S-IOMT-029-348,EHR_READ,EP-IND-09321
NET-09322,2026-01-01 22:20:28+00:00,0,IOMT-008,S-IOMT-008-349,EHR_WRITE,EP-IND-09322
NET-09323,2026-01-01 22:20:43+00:00,0,IOMT-016,S-IOMT-016-350,EHR_READ,EP-IND-09323
NET-09324,2026-01-01 22:20:48+00:00,0,IOMT-011,S-IOMT-011-351,RESEARCH,EP-IND-09324
NET-09325,2026-01-01 22:21:00+00:00,0,IOMT-000,S-IOMT-000-352,EHR_READ,EP-IND-09325
NET-09326,2026-01-01 22:21:05+00:00,0,IOMT-000,S-IOMT-000-353,IMAGING,EP-IND-09326
NET-09327,2026-01-01 22:21:17+00:00,0,IOMT-007,S-IOMT-007-354,LAB_RESULTS,EP-IND-09327
NET-09328,2026-01-01 22:21:31+00:00,0,IOMT-044,S-IOMT-044-355,LAB_RESULTS,EP-IND-09328
NET-09329,2026-01-01 22:21:32+00:00,1,IOMT-024,S-IOMT-024-356,LAB_RESULTS,EP-IND-09329
NET-09330,2026-01-01 22:21:40+00:00,0,IOMT-004,S-IOMT-004-357,EHR_READ,EP-IND-09330
NET-09331,2026-01-01 22:21:41+00:00,0,IOMT-006,S-IOMT-006-358,EHR_READ,EP-IND-09331
NET-09332,2026-01-01 22:21:44+00:00,0,IOMT-029,S-IOMT-029-359,RESEARCH,EP-IND-09332
NET-09333,2026-01-01 22:21:46+00:00,0,IOMT-005,S-IOMT-005-360,IMAGING,EP-IND-09333
NET-09334,2026-01-01 22:21:48+00:00,0,IOMT-011,S-IOMT-011-361,RESEARCH,EP-IND-09334
NET-09335,2026-01-01 22:21:58+00:00,0,IOMT-000,S-IOMT-000-362,IMAGING,EP-IND-09335
NET-09336,2026-01-01 22:22:04+00:00,0,IOMT-014,S-IOMT-014-363,LAB_RESULTS,EP-IND-09336
NET-09337,2026-01-01 22:22:05+00:00,0,IOMT-018,S-IOMT-018-364,EHR_READ,EP-IND-09337
NET-09338,2026-01-01 22:22:06+00:00,0,IOMT-032,S-IOMT-032-365,IMAGING,EP-IND-09338
NET-09339,2026-01-01 22:22:10+00:00,0,IOMT-009,S-IOMT-009-366,IMAGING,EP-IND-09339
NET-09340,2026-01-01 22:22:37+00:00,0,IOMT-049,S-IOMT-049-367,EHR_READ,EP-IND-09340
NET-09341,2026-01-01 22:22:40+00:00,0,IOMT-047,S-IOMT-047-368,LAB_RESULTS,EP-IND-09341
NET-09342,2026-01-01 22:22:42+00:00,1,IOMT-008,S-IOMT-008-369,IMAGING,EP-IND-09342
NET-09343,2026-01-01 22:22:44+00:00,0,IOMT-016,S-IOMT-016-370,EHR_READ,EP-IND-09343
NET-09344,2026-01-01 22:23:10+00:00,0,IOMT-037,S-IOMT-037-371,RESEARCH,EP-IND-09344
NET-09345,2026-01-01 22:23:13+00:00,0,IOMT-007,S-IOMT-007-372,EHR_WRITE,EP-IND-09345
NET-09346,2026-01-01 22:23:14+00:00,0,IOMT-006,S-IOMT-006-373,IMAGING,EP-IND-09346
NET-09347,2026-01-01 22:23:15+00:00,0,IOMT-006,S-IOMT-006-374,RESEARCH,EP-IND-09347
NET-09348,2026-01-01 22:23:22+00:00,0,IOMT-006,S-IOMT-006-375,LAB_RESULTS,EP-IND-09348
NET-09349,2026-01-01 22:23:35+00:00,0,IOMT-024,S-IOMT-024-376,EHR_READ,EP-IND-09349
NET-09350,2026-01-01 22:24:29+00:00,0,IOMT-012,S-IOMT-012-377,EHR_WRITE,EP-IND-09350
NET-09351,2026-01-01 22:24:30+00:00,0,IOMT-010,S-IOMT-010-378,EHR_READ,EP-IND-09351
NET-09352,2026-01-01 22:24:37+00:00,1,IOMT-043,S-IOMT-043-379,IMAGING,EP-IND-09352
NET-09353,2026-01-01 22:24:39+00:00,0,IOMT-044,S-IOMT-044-380,LAB_RESULTS,EP-IND-09353
NET-09354,2026-01-01 22:24:42+00:00,0,IOMT-028,S-IOMT-028-381,IMAGING,EP-IND-09354
NET-09355,2026-01-01 22:24:45+00:00,0,IOMT-048,S-IOMT-048-382,IMAGING,EP-IND-09355
NET-09356,2026-01-01 22:25:03+00:00,0,IOMT-035,S-IOMT-035-383,RESEARCH,EP-IND-09356
NET-09357,2026-01-01 22:25:25+00:00,1,IOMT-041,S-IOMT-041-384,EHR_WRITE,EP-IND-09357
NET-09358,2026-01-01 22:25:26+00:00,1,IOMT-041,S-IOMT-041-385,LAB_RESULTS,EP-IND-09358
NET-09359,2026-01-01 22:25:38+00:00,0,IOMT-044,S-IOMT-044-386,RESEARCH,EP-IND-09359
NET-09360,2026-01-01 22:25:42+00:00,0,IOMT-006,S-IOMT-006-387,EHR_WRITE,EP-IND-09360
NET-09361,2026-01-01 22:25:45+00:00,0,IOMT-038,S-IOMT-038-388,EHR_WRITE,EP-IND-09361
NET-09362,2026-01-01 22:25:49+00:00,0,IOMT-041,S-IOMT-041-389,EHR_READ,EP-IND-09362
NET-09363,2026-01-01 22:25:58+00:00,0,IOMT-040,S-IOMT-040-390,IMAGING,EP-IND-09363
NET-09364,2026-01-01 22:26:00+00:00,0,IOMT-037,S-IOMT-037-391,EHR_WRITE,EP-IND-09364
NET-09365,2026-01-01 22:26:02+00:00,0,IOMT-001,S-IOMT-001-392,EHR_READ,EP-IND-09365
NET-09366,2026-01-01 22:26:06+00:00,0,IOMT-038,S-IOMT-038-393,LAB_RESULTS,EP-IND-09366
NET-09367,2026-01-01 22:26:33+00:00,1,IOMT-038,S-IOMT-038-394,IMAGING,EP-IND-09367
NET-09368,2026-01-01 22:26:40+00:00,0,IOMT-029,S-IOMT-029-395,RESEARCH,EP-IND-09368
NET-09369,2026-01-01 22:26:44+00:00,0,IOMT-043,S-IOMT-043-396,RESEARCH,EP-IND-09369
NET-09370,2026-01-01 22:26:44+00:00,0,IOMT-014,S-IOMT-014-397,IMAGING,EP-IND-09370
NET-09371,2026-01-01 22:26:51+00:00,0,IOMT-014,S-IOMT-014-398,EHR_WRITE,EP-IND-09371
NET-09372,2026-01-01 22:27:02+00:00,1,IOMT-045,S-IOMT-045-399,IMAGING,EP-IND-09372
NET-09373,2026-01-01 22:27:20+00:00,0,IOMT-037,S-IOMT-037-400,IMAGING,EP-IND-09373
NET-09374,2026-01-01 22:27:21+00:00,0,IOMT-025,S-IOMT-025-401,EHR_READ,EP-IND-09374
NET-09375,2026-01-01 22:27:24+00:00,0,IOMT-043,S-IOMT-043-402,EHR_READ,EP-IND-09375
NET-09376,2026-01-01 22:27:36+00:00,1,IOMT-041,S-IOMT-041-403,LAB_RESULTS,EP-IND-09376
NET-09377,2026-01-01 22:27:40+00:00,0,IOMT-022,S-IOMT-022-404,EHR_READ,EP-IND-09377
NET-09378,2026-01-01 22:27:50+00:00,0,IOMT-008,S-IOMT-008-405,EHR_WRITE,EP-IND-09378
NET-09379,2026-01-01 22:27:54+00:00,0,IOMT-043,S-IOMT-043-406,LAB_RESULTS,EP-IND-09379
NET-09380,2026-01-01 22:28:07+00:00,0,IOMT-046,S-IOMT-046-407,EHR_READ,EP-IND-09380
NET-09381,2026-01-01 22:28:08+00:00,0,IOMT-015,S-IOMT-015-408,IMAGING,EP-IND-09381
NET-09382,2026-01-01 22:28:17+00:00,0,IOMT-025,S-IOMT-025-409,LAB_RESULTS,EP-IND-09382
NET-09383,2026-01-01 22:28:26+00:00,0,IOMT-001,S-IOMT-001-410,EHR_WRITE,EP-IND-09383
NET-09384,2026-01-01 22:28:29+00:00,1,IOMT-045,S-IOMT-045-411,RESEARCH,EP-IND-09384
NET-09385,2026-01-01 22:28:58+00:00,0,IOMT-004,S-IOMT-004-412,EHR_WRITE,EP-IND-09385
NET-09386,2026-01-01 22:29:08+00:00,0,IOMT-029,S-IOMT-029-413,LAB_RESULTS,EP-IND-09386
NET-09387,2026-01-01 22:29:10+00:00,0,IOMT-029,S-IOMT-029-414,IMAGING,EP-IND-09387
NET-09388,2026-01-01 22:29:44+00:00,0,IOMT-013,S-IOMT-013-415,IMAGING,EP-IND-09388
NET-09389,2026-01-01 22:29:56+00:00,0,IOMT-039,S-IOMT-039-416,EHR_WRITE,EP-IND-09389
NET-09390,2026-01-01 22:29:59+00:00,0,IOMT-020,S-IOMT-020-417,EHR_READ,EP-IND-09390
NET-09391,2026-01-01 22:30:01+00:00,0,IOMT-045,S-IOMT-045-418,RESEARCH,EP-IND-09391
NET-09392,2026-01-01 22:30:08+00:00,0,IOMT-033,S-IOMT-033-419,EHR_WRITE,EP-IND-09392
NET-09393,2026-01-01 22:30:49+00:00,0,IOMT-004,S-IOMT-004-420,LAB_RESULTS,EP-IND-09393
NET-09394,2026-01-01 22:30:57+00:00,1,IOMT-029,S-IOMT-029-421,EHR_WRITE,EP-IND-09394
NET-09395,2026-01-01 22:31:01+00:00,0,IOMT-012,S-IOMT-012-422,LAB_RESULTS,EP-IND-09395
NET-09396,2026-01-01 22:31:15+00:00,0,IOMT-006,S-IOMT-006-423,RESEARCH,EP-IND-09396
NET-09397,2026-01-01 22:31:16+00:00,0,IOMT-040,S-IOMT-040-424,LAB_RESULTS,EP-IND-09397
NET-09398,2026-01-01 22:31:25+00:00,0,IOMT-004,S-IOMT-004-425,RESEARCH,EP-IND-09398
NET-09399,2026-01-01 22:31:45+00:00,0,IOMT-006,S-IOMT-006-426,RESEARCH,EP-IND-09399
NET-09400,2026-01-01 22:31:46+00:00,0,IOMT-031,S-IOMT-031-427,EHR_READ,EP-IND-09400
NET-09401,2026-01-01 22:31:57+00:00,0,IOMT-041,S-IOMT-041-428,IMAGING,EP-IND-09401
NET-09402,2026-01-01 22:32:01+00:00,0,IOMT-013,S-IOMT-013-429,IMAGING,EP-IND-09402
NET-09403,2026-01-01 22:32:32+00:00,0,IOMT-017,S-IOMT-017-430,EHR_READ,EP-IND-09403
NET-09404,2026-01-01 22:32:34+00:00,0,IOMT-029,S-IOMT-029-431,IMAGING,EP-IND-09404
NET-09405,2026-01-01 22:32:37+00:00,0,IOMT-016,S-IOMT-016-432,RESEARCH,EP-IND-09405
NET-09406,2026-01-01 22:32:52+00:00,0,IOMT-028,S-IOMT-028-433,EHR_READ,EP-IND-09406
NET-09407,2026-01-01 22:33:00+00:00,0,IOMT-002,S-IOMT-002-434,IMAGING,EP-IND-09407
NET-09408,2026-01-01 22:33:00+00:00,0,IOMT-008,S-IOMT-008-435,LAB_RESULTS,EP-IND-09408
NET-09409,2026-01-01 22:33:03+00:00,0,IOMT-018,S-IOMT-018-436,LAB_RESULTS,EP-IND-09409
NET-09410,2026-01-01 22:33:13+00:00,0,IOMT-024,S-IOMT-024-437,LAB_RESULTS,EP-IND-09410
NET-09411,2026-01-01 22:33:15+00:00,0,IOMT-026,S-IOMT-026-438,LAB_RESULTS,EP-IND-09411
NET-09412,2026-01-01 22:33:15+00:00,0,IOMT-046,S-IOMT-046-439,IMAGING,EP-IND-09412
NET-09413,2026-01-01 22:33:18+00:00,0,IOMT-017,S-IOMT-017-440,IMAGING,EP-IND-09413
NET-09414,2026-01-01 22:33:34+00:00,0,IOMT-046,S-IOMT-046-441,EHR_READ,EP-IND-09414
NET-09415,2026-01-01 22:33:42+00:00,0,IOMT-044,S-IOMT-044-442,IMAGING,EP-IND-09415
NET-09416,2026-01-01 22:33:46+00:00,0,IOMT-016,S-IOMT-016-443,IMAGING,EP-IND-09416
NET-09417,2026-01-01 22:34:01+00:00,0,IOMT-012,S-IOMT-012-444,RESEARCH,EP-IND-09417
NET-09418,2026-01-01 22:34:07+00:00,0,IOMT-048,S-IOMT-048-445,IMAGING,EP-IND-09418
NET-09419,2026-01-01 22:34:12+00:00,0,IOMT-002,S-IOMT-002-446,EHR_WRITE,EP-IND-09419
NET-09420,2026-01-01 22:34:26+00:00,0,IOMT-049,S-IOMT-049-447,EHR_WRITE,EP-IND-09420
NET-09421,2026-01-01 22:34:37+00:00,0,IOMT-026,S-IOMT-026-448,LAB_RESULTS,EP-IND-09421
NET-09422,2026-01-01 22:34:55+00:00,0,IOMT-040,S-IOMT-040-449,LAB_RESULTS,EP-IND-09422
NET-09423,2026-01-01 22:34:55+00:00,0,IOMT-022,S-IOMT-022-450,RESEARCH,EP-IND-09423
NET-09424,2026-01-01 22:35:00+00:00,0,IOMT-008,S-IOMT-008-451,LAB_RESULTS,EP-IND-09424
NET-09425,2026-01-01 22:35:10+00:00,0,IOMT-024,S-IOMT-024-452,RESEARCH,EP-IND-09425
NET-09426,2026-01-01 22:35:22+00:00,0,IOMT-028,S-IOMT-028-453,EHR_WRITE,EP-IND-09426
NET-09427,2026-01-01 22:35:27+00:00,0,IOMT-005,S-IOMT-005-454,IMAGING,EP-IND-09427
NET-09428,2026-01-01 22:35:50+00:00,0,IOMT-009,S-IOMT-009-455,RESEARCH,EP-IND-09428
NET-09429,2026-01-01 22:36:01+00:00,0,IOMT-006,S-IOMT-006-456,EHR_READ,EP-IND-09429
NET-09430,2026-01-01 22:36:08+00:00,0,IOMT-006,S-IOMT-006-457,IMAGING,EP-IND-09430
NET-09431,2026-01-01 22:36:18+00:00,0,IOMT-028,S-IOMT-028-458,IMAGING,EP-IND-09431
NET-09432,2026-01-01 22:36:42+00:00,0,IOMT-038,S-IOMT-038-459,LAB_RESULTS,EP-IND-09432
NET-09433,2026-01-01 22:36:56+00:00,0,IOMT-042,S-IOMT-042-460,EHR_WRITE,EP-IND-09433
NET-09434,2026-01-01 22:37:04+00:00,0,IOMT-027,S-IOMT-027-461,RESEARCH,EP-IND-09434
NET-09435,2026-01-01 22:37:08+00:00,0,IOMT-003,S-IOMT-003-462,EHR_WRITE,EP-IND-09435
NET-09436,2026-01-01 22:37:10+00:00,0,IOMT-026,S-IOMT-026-463,RESEARCH,EP-IND-09436
NET-09437,2026-01-01 22:37:39+00:00,0,IOMT-038,S-IOMT-038-464,EHR_WRITE,EP-IND-09437
NET-09438,2026-01-01 22:37:44+00:00,0,IOMT-029,S-IOMT-029-465,RESEARCH,EP-IND-09438
NET-09439,2026-01-01 22:38:13+00:00,0,IOMT-046,S-IOMT-046-466,LAB_RESULTS,EP-IND-09439
NET-09440,2026-01-01 22:38:15+00:00,0,IOMT-030,S-IOMT-030-467,EHR_WRITE,EP-IND-09440
NET-09441,2026-01-01 22:38:17+00:00,0,IOMT-003,S-IOMT-003-468,EHR_READ,EP-IND-09441
NET-09442,2026-01-01 22:38:18+00:00,0,IOMT-024,S-IOMT-024-469,IMAGING,EP-IND-09442
NET-09443,2026-01-01 22:38:20+00:00,0,IOMT-015,S-IOMT-015-470,LAB_RESULTS,EP-IND-09443
NET-09444,2026-01-01 22:38:22+00:00,0,IOMT-021,S-IOMT-021-471,IMAGING,EP-IND-09444
NET-09445,2026-01-01 22:39:05+00:00,0,IOMT-022,S-IOMT-022-472,EHR_READ,EP-IND-09445
NET-09446,2026-01-01 22:39:07+00:00,0,IOMT-045,S-IOMT-045-473,LAB_RESULTS,EP-IND-09446
NET-09447,2026-01-01 22:39:13+00:00,0,IOMT-027,S-IOMT-027-474,EHR_WRITE,EP-IND-09447
NET-09448,2026-01-01 22:39:18+00:00,0,IOMT-024,S-IOMT-024-475,IMAGING,EP-IND-09448
NET-09449,2026-01-01 22:39:20+00:00,0,IOMT-015,S-IOMT-015-476,LAB_RESULTS,EP-IND-09449
NET-09450,2026-01-01 22:39:29+00:00,0,IOMT-031,S-IOMT-031-477,EHR_WRITE,EP-IND-09450
NET-09451,2026-01-01 22:40:01+00:00,0,IOMT-047,S-IOMT-047-478,RESEARCH,EP-IND-09451
NET-09452,2026-01-01 22:40:19+00:00,0,IOMT-010,S-IOMT-010-479,IMAGING,EP-IND-09452
NET-09453,2026-01-01 22:40:27+00:00,0,IOMT-023,S-IOMT-023-480,LAB_RESULTS,EP-IND-09453
NET-09454,2026-01-01 22:40:35+00:00,0,IOMT-001,S-IOMT-001-481,RESEARCH,EP-IND-09454
NET-09455,2026-01-01 22:40:52+00:00,0,IOMT-002,S-IOMT-002-482,IMAGING,EP-IND-09455
NET-09456,2026-01-01 22:40:54+00:00,0,IOMT-045,S-IOMT-045-483,EHR_WRITE,EP-IND-09456
NET-09457,2026-01-01 22:40:54+00:00,0,IOMT-018,S-IOMT-018-484,LAB_RESULTS,EP-IND-09457
NET-09458,2026-01-01 22:41:12+00:00,0,IOMT-021,S-IOMT-021-485,IMAGING,EP-IND-09458
NET-09459,2026-01-01 22:41:16+00:00,0,IOMT-027,S-IOMT-027-486,IMAGING,EP-IND-09459
NET-09460,2026-01-01 22:41:18+00:00,0,IOMT-020,S-IOMT-020-487,LAB_RESULTS,EP-IND-09460
NET-09461,2026-01-01 22:41:24+00:00,0,IOMT-041,S-IOMT-041-488,EHR_WRITE,EP-IND-09461
NET-09462,2026-01-01 22:41:33+00:00,0,IOMT-034,S-IOMT-034-489,IMAGING,EP-IND-09462
NET-09463,2026-01-01 22:41:50+00:00,0,IOMT-043,S-IOMT-043-490,RESEARCH,EP-IND-09463
NET-09464,2026-01-01 22:42:06+00:00,0,IOMT-030,S-IOMT-030-491,RESEARCH,EP-IND-09464
NET-09465,2026-01-01 22:42:15+00:00,0,IOMT-023,S-IOMT-023-492,IMAGING,EP-IND-09465
NET-09466,2026-01-01 22:42:19+00:00,0,IOMT-002,S-IOMT-002-493,LAB_RESULTS,EP-IND-09466
NET-09467,2026-01-01 22:42:27+00:00,0,IOMT-024,S-IOMT-024-494,EHR_WRITE,EP-IND-09467
NET-09468,2026-01-01 22:42:34+00:00,0,IOMT-032,S-IOMT-032-495,RESEARCH,EP-IND-09468
NET-09469,2026-01-01 22:42:44+00:00,0,IOMT-002,S-IOMT-002-496,EHR_READ,EP-IND-09469
NET-09470,2026-01-01 22:42:48+00:00,0,IOMT-042,S-IOMT-042-497,EHR_READ,EP-IND-09470
NET-09471,2026-01-01 22:42:59+00:00,1,IOMT-019,S-IOMT-019-498,IMAGING,EP-IND-09471
NET-09472,2026-01-01 22:43:00+00:00,0,IOMT-011,S-IOMT-011-499,IMAGING,EP-IND-09472
NET-09473,2026-01-01 22:43:28+00:00,0,IOMT-027,S-IOMT-027-500,LAB_RESULTS,EP-IND-09473
NET-09474,2026-01-01 22:43:28+00:00,0,IOMT-006,S-IOMT-006-501,IMAGING,EP-IND-09474
NET-09475,2026-01-01 22:43:37+00:00,0,IOMT-036,S-IOMT-036-502,EHR_READ,EP-IND-09475
NET-09476,2026-01-01 22:43:51+00:00,0,IOMT-010,S-IOMT-010-503,RESEARCH,EP-IND-09476
NET-09477,2026-01-01 22:44:00+00:00,0,IOMT-011,S-IOMT-011-504,EHR_WRITE,EP-IND-09477
NET-09478,2026-01-01 22:44:01+00:00,0,IOMT-024,S-IOMT-024-505,EHR_WRITE,EP-IND-09478
NET-09479,2026-01-01 22:44:02+00:00,0,IOMT-023,S-IOMT-023-506,LAB_RESULTS,EP-IND-09479
NET-09480,2026-01-01 22:44:32+00:00,0,IOMT-036,S-IOMT-036-507,RESEARCH,EP-IND-09480
NET-09481,2026-01-01 22:44:35+00:00,0,IOMT-033,S-IOMT-033-508,IMAGING,EP-IND-09481
NET-09482,2026-01-01 22:44:57+00:00,0,IOMT-018,S-IOMT-018-509,LAB_RESULTS,EP-IND-09482
NET-09483,2026-01-01 22:45:06+00:00,0,IOMT-014,S-IOMT-014-510,EHR_READ,EP-IND-09483
NET-09484,2026-01-01 22:45:11+00:00,0,IOMT-047,S-IOMT-047-511,IMAGING,EP-IND-09484
NET-09485,2026-01-01 22:45:16+00:00,0,IOMT-042,S-IOMT-042-512,LAB_RESULTS,EP-IND-09485
NET-09486,2026-01-01 22:45:29+00:00,0,IOMT-000,S-IOMT-000-513,RESEARCH,EP-IND-09486
NET-09487,2026-01-01 22:45:32+00:00,0,IOMT-049,S-IOMT-049-514,EHR_WRITE,EP-IND-09487
NET-09488,2026-01-01 22:45:34+00:00,0,IOMT-015,S-IOMT-015-515,RESEARCH,EP-IND-09488
NET-09489,2026-01-01 22:45:35+00:00,0,IOMT-028,S-IOMT-028-516,LAB_RESULTS,EP-IND-09489
NET-09490,2026-01-01 22:45:47+00:00,0,IOMT-018,S-IOMT-018-517,EHR_READ,EP-IND-09490
NET-09491,2026-01-01 22:46:09+00:00,0,IOMT-027,S-IOMT-027-518,LAB_RESULTS,EP-IND-09491
NET-09492,2026-01-01 22:46:10+00:00,0,IOMT-044,S-IOMT-044-519,IMAGING,EP-IND-09492
NET-09493,2026-01-01 22:46:14+00:00,0,IOMT-046,S-IOMT-046-520,EHR_WRITE,EP-IND-09493
NET-09494,2026-01-01 22:46:21+00:00,0,IOMT-006,S-IOMT-006-521,EHR_READ,EP-IND-09494
NET-09495,2026-01-01 22:46:27+00:00,0,IOMT-015,S-IOMT-015-522,EHR_READ,EP-IND-09495
NET-09496,2026-01-01 22:46:29+00:00,0,IOMT-045,S-IOMT-045-523,EHR_WRITE,EP-IND-09496
NET-09497,2026-01-01 22:46:35+00:00,0,IOMT-018,S-IOMT-018-524,RESEARCH,EP-IND-09497
NET-09498,2026-01-01 22:46:45+00:00,0,IOMT-016,S-IOMT-016-525,EHR_WRITE,EP-IND-09498
NET-09499,2026-01-01 22:46:53+00:00,0,IOMT-035,S-IOMT-035-526,EHR_WRITE,EP-IND-09499
NET-09500,2026-01-01 22:46:56+00:00,0,IOMT-021,S-IOMT-021-527,EHR_READ,EP-IND-09500
NET-09501,2026-01-01 22:47:00+00:00,0,IOMT-002,S-IOMT-002-528,IMAGING,EP-IND-09501
NET-09502,2026-01-01 22:47:01+00:00,0,IOMT-028,S-IOMT-028-529,EHR_WRITE,EP-IND-09502
NET-09503,2026-01-01 22:47:05+00:00,0,IOMT-002,S-IOMT-002-530,LAB_RESULTS,EP-IND-09503
NET-09504,2026-01-01 22:47:19+00:00,0,IOMT-027,S-IOMT-027-531,EHR_READ,EP-IND-09504
NET-09505,2026-01-01 22:47:23+00:00,0,IOMT-001,S-IOMT-001-532,RESEARCH,EP-IND-09505
NET-09506,2026-01-01 22:47:23+00:00,0,IOMT-038,S-IOMT-038-533,LAB_RESULTS,EP-IND-09506
NET-09507,2026-01-01 22:47:33+00:00,0,IOMT-043,S-IOMT-043-534,IMAGING,EP-IND-09507
NET-09508,2026-01-01 22:47:45+00:00,0,IOMT-023,S-IOMT-023-535,LAB_RESULTS,EP-IND-09508
NET-09509,2026-01-01 22:47:45+00:00,0,IOMT-012,S-IOMT-012-536,EHR_WRITE,EP-IND-09509
NET-09510,2026-01-01 22:47:46+00:00,0,IOMT-000,S-IOMT-000-537,EHR_WRITE,EP-IND-09510
NET-09511,2026-01-01 22:47:48+00:00,0,IOMT-038,S-IOMT-038-538,EHR_WRITE,EP-IND-09511
NET-09512,2026-01-01 22:48:01+00:00,0,IOMT-004,S-IOMT-004-539,RESEARCH,EP-IND-09512
NET-09513,2026-01-01 22:48:06+00:00,0,IOMT-014,S-IOMT-014-540,EHR_WRITE,EP-IND-09513
NET-09514,2026-01-01 22:48:18+00:00,0,IOMT-006,S-IOMT-006-541,EHR_READ,EP-IND-09514
NET-09515,2026-01-01 22:48:18+00:00,0,IOMT-027,S-IOMT-027-542,LAB_RESULTS,EP-IND-09515
NET-09516,2026-01-01 22:48:21+00:00,0,IOMT-042,S-IOMT-042-543,EHR_READ,EP-IND-09516
NET-09517,2026-01-01 22:48:27+00:00,0,IOMT-012,S-IOMT-012-544,RESEARCH,EP-IND-09517
NET-09518,2026-01-01 22:48:37+00:00,1,IOMT-046,S-IOMT-046-545,IMAGING,EP-IND-09518
NET-09519,2026-01-01 22:49:10+00:00,1,IOMT-016,S-IOMT-016-546,EHR_WRITE,EP-IND-09519
NET-09520,2026-01-01 22:49:21+00:00,0,IOMT-019,S-IOMT-019-547,IMAGING,EP-IND-09520
NET-09521,2026-01-01 22:49:34+00:00,0,IOMT-024,S-IOMT-024-548,EHR_WRITE,EP-IND-09521
NET-09522,2026-01-01 22:49:35+00:00,1,IOMT-045,S-IOMT-045-549,EHR_WRITE,EP-IND-09522
NET-09523,2026-01-01 22:49:47+00:00,0,IOMT-000,S-IOMT-000-550,IMAGING,EP-IND-09523
NET-09524,2026-01-01 22:49:48+00:00,0,IOMT-034,S-IOMT-034-551,EHR_READ,EP-IND-09524
NET-09525,2026-01-01 22:49:50+00:00,0,IOMT-036,S-IOMT-036-552,IMAGING,EP-IND-09525
NET-09526,2026-01-01 22:49:50+00:00,0,IOMT-041,S-IOMT-041-553,LAB_RESULTS,EP-IND-09526
NET-09527,2026-01-01 22:49:59+00:00,0,IOMT-002,S-IOMT-002-554,IMAGING,EP-IND-09527
NET-09528,2026-01-01 22:50:08+00:00,0,IOMT-031,S-IOMT-031-555,RESEARCH,EP-IND-09528
NET-09529,2026-01-01 22:50:17+00:00,0,IOMT-017,S-IOMT-017-556,LAB_RESULTS,EP-IND-09529
NET-09530,2026-01-01 22:50:22+00:00,0,IOMT-040,S-IOMT-040-557,IMAGING,EP-IND-09530
NET-09531,2026-01-01 22:50:28+00:00,0,IOMT-042,S-IOMT-042-558,EHR_READ,EP-IND-09531
NET-09532,2026-01-01 22:50:28+00:00,0,IOMT-014,S-IOMT-014-559,RESEARCH,EP-IND-09532
NET-09533,2026-01-01 22:50:37+00:00,0,IOMT-013,S-IOMT-013-560,EHR_READ,EP-IND-09533
NET-09534,2026-01-01 22:50:43+00:00,0,IOMT-005,S-IOMT-005-561,EHR_WRITE,EP-IND-09534
NET-09535,2026-01-01 22:50:43+00:00,1,IOMT-011,S-IOMT-011-562,RESEARCH,EP-IND-09535
NET-09536,2026-01-01 22:50:48+00:00,0,IOMT-044,S-IOMT-044-563,EHR_READ,EP-IND-09536
NET-09537,2026-01-01 22:50:52+00:00,0,IOMT-041,S-IOMT-041-564,EHR_WRITE,EP-IND-09537
NET-09538,2026-01-01 22:51:05+00:00,0,IOMT-011,S-IOMT-011-565,LAB_RESULTS,EP-IND-09538
NET-09539,2026-01-01 22:51:13+00:00,0,IOMT-042,S-IOMT-042-566,LAB_RESULTS,EP-IND-09539
NET-09540,2026-01-01 22:51:17+00:00,0,IOMT-037,S-IOMT-037-567,EHR_WRITE,EP-IND-09540
NET-09541,2026-01-01 22:51:20+00:00,0,IOMT-028,S-IOMT-028-568,IMAGING,EP-IND-09541
NET-09542,2026-01-01 22:51:30+00:00,0,IOMT-037,S-IOMT-037-569,RESEARCH,EP-IND-09542
NET-09543,2026-01-01 22:51:30+00:00,1,IOMT-042,S-IOMT-042-570,IMAGING,EP-IND-09543
NET-09544,2026-01-01 22:51:39+00:00,0,IOMT-008,S-IOMT-008-571,RESEARCH,EP-IND-09544
NET-09545,2026-01-01 22:51:56+00:00,0,IOMT-007,S-IOMT-007-572,EHR_WRITE,EP-IND-09545
NET-09546,2026-01-01 22:52:08+00:00,0,IOMT-031,S-IOMT-031-573,EHR_READ,EP-IND-09546
NET-09547,2026-01-01 22:52:21+00:00,0,IOMT-024,S-IOMT-024-574,EHR_WRITE,EP-IND-09547
NET-09548,2026-01-01 22:52:26+00:00,0,IOMT-022,S-IOMT-022-575,IMAGING,EP-IND-09548
NET-09549,2026-01-01 22:52:49+00:00,0,IOMT-001,S-IOMT-001-576,IMAGING,EP-IND-09549
NET-09550,2026-01-01 22:53:07+00:00,0,IOMT-042,S-IOMT-042-577,LAB_RESULTS,EP-IND-09550
NET-09551,2026-01-01 22:53:17+00:00,0,IOMT-003,S-IOMT-003-578,RESEARCH,EP-IND-09551
NET-09552,2026-01-01 22:53:21+00:00,0,IOMT-033,S-IOMT-033-579,RESEARCH,EP-IND-09552
NET-09553,2026-01-01 22:53:26+00:00,0,IOMT-045,S-IOMT-045-580,EHR_READ,EP-IND-09553
NET-09554,2026-01-01 22:53:42+00:00,0,IOMT-031,S-IOMT-031-581,RESEARCH,EP-IND-09554
NET-09555,2026-01-01 22:53:45+00:00,0,IOMT-030,S-IOMT-030-582,LAB_RESULTS,EP-IND-09555
NET-09556,2026-01-01 22:54:01+00:00,0,IOMT-032,S-IOMT-032-583,EHR_WRITE,EP-IND-09556
NET-09557,2026-01-01 22:54:02+00:00,0,IOMT-022,S-IOMT-022-584,RESEARCH,EP-IND-09557
NET-09558,2026-01-01 22:54:04+00:00,0,IOMT-010,S-IOMT-010-585,EHR_READ,EP-IND-09558
NET-09559,2026-01-01 22:54:08+00:00,0,IOMT-045,S-IOMT-045-586,RESEARCH,EP-IND-09559
NET-09560,2026-01-01 22:54:13+00:00,0,IOMT-016,S-IOMT-016-587,RESEARCH,EP-IND-09560
NET-09561,2026-01-01 22:54:14+00:00,0,IOMT-049,S-IOMT-049-588,EHR_READ,EP-IND-09561
NET-09562,2026-01-01 22:54:14+00:00,0,IOMT-038,S-IOMT-038-589,IMAGING,EP-IND-09562
NET-09563,2026-01-01 22:54:14+00:00,0,IOMT-014,S-IOMT-014-590,IMAGING,EP-IND-09563
NET-09564,2026-01-01 22:54:24+00:00,0,IOMT-013,S-IOMT-013-591,RESEARCH,EP-IND-09564
NET-09565,2026-01-01 22:54:32+00:00,0,IOMT-044,S-IOMT-044-592,IMAGING,EP-IND-09565
NET-09566,2026-01-01 22:54:36+00:00,0,IOMT-045,S-IOMT-045-593,EHR_WRITE,EP-IND-09566
NET-09567,2026-01-01 22:54:41+00:00,0,IOMT-041,S-IOMT-041-594,LAB_RESULTS,EP-IND-09567
NET-09568,2026-01-01 22:55:13+00:00,0,IOMT-005,S-IOMT-005-595,IMAGING,EP-IND-09568
NET-09569,2026-01-01 22:55:21+00:00,0,IOMT-031,S-IOMT-031-596,IMAGING,EP-IND-09569
NET-09570,2026-01-01 22:55:22+00:00,0,IOMT-046,S-IOMT-046-597,LAB_RESULTS,EP-IND-09570
NET-09571,2026-01-01 22:55:29+00:00,0,IOMT-026,S-IOMT-026-598,LAB_RESULTS,EP-IND-09571
NET-09572,2026-01-01 22:55:36+00:00,0,IOMT-033,S-IOMT-033-599,EHR_READ,EP-IND-09572
NET-09573,2026-01-01 22:55:39+00:00,0,IOMT-034,S-IOMT-034-600,EHR_READ,EP-IND-09573
NET-09574,2026-01-01 22:55:48+00:00,0,IOMT-006,S-IOMT-006-601,LAB_RESULTS,EP-IND-09574
NET-09575,2026-01-01 22:56:04+00:00,0,IOMT-026,S-IOMT-026-602,RESEARCH,EP-IND-09575
NET-09576,2026-01-01 22:56:05+00:00,0,IOMT-037,S-IOMT-037-603,RESEARCH,EP-IND-09576
NET-09577,2026-01-01 22:56:06+00:00,0,IOMT-015,S-IOMT-015-604,EHR_READ,EP-IND-09577
NET-09578,2026-01-01 22:56:08+00:00,0,IOMT-015,S-IOMT-015-605,EHR_READ,EP-IND-09578
NET-09579,2026-01-01 22:56:12+00:00,0,IOMT-031,S-IOMT-031-606,IMAGING,EP-IND-09579
NET-09580,2026-01-01 22:56:29+00:00,0,IOMT-033,S-IOMT-033-607,IMAGING,EP-IND-09580
NET-09581,2026-01-01 22:56:33+00:00,0,IOMT-040,S-IOMT-040-608,EHR_WRITE,EP-IND-09581
NET-09582,2026-01-01 22:56:35+00:00,0,IOMT-033,S-IOMT-033-609,IMAGING,EP-IND-09582
NET-09583,2026-01-01 22:56:52+00:00,0,IOMT-020,S-IOMT-020-610,LAB_RESULTS,EP-IND-09583
NET-09584,2026-01-01 22:56:58+00:00,0,IOMT-041,S-IOMT-041-611,EHR_WRITE,EP-IND-09584
NET-09585,2026-01-01 22:56:58+00:00,0,IOMT-036,S-IOMT-036-612,EHR_WRITE,EP-IND-09585
NET-09586,2026-01-01 22:56:59+00:00,0,IOMT-014,S-IOMT-014-613,EHR_READ,EP-IND-09586
NET-09587,2026-01-01 22:57:01+00:00,0,IOMT-041,S-IOMT-041-614,EHR_READ,EP-IND-09587
NET-09588,2026-01-01 22:57:06+00:00,0,IOMT-008,S-IOMT-008-615,EHR_WRITE,EP-IND-09588
NET-09589,2026-01-01 22:57:48+00:00,0,IOMT-045,S-IOMT-045-616,EHR_READ,EP-IND-09589
NET-09590,2026-01-01 22:57:48+00:00,0,IOMT-032,S-IOMT-032-617,EHR_READ,EP-IND-09590
NET-09591,2026-01-01 22:57:52+00:00,1,IOMT-013,S-IOMT-013-618,LAB_RESULTS,EP-IND-09591
NET-09592,2026-01-01 22:57:57+00:00,0,IOMT-033,S-IOMT-033-619,RESEARCH,EP-IND-09592
NET-09593,2026-01-01 22:58:13+00:00,0,IOMT-014,S-IOMT-014-620,EHR_WRITE,EP-IND-09593
NET-09594,2026-01-01 22:58:15+00:00,0,IOMT-035,S-IOMT-035-621,RESEARCH,EP-IND-09594
NET-09595,2026-01-01 22:58:30+00:00,0,IOMT-049,S-IOMT-049-622,LAB_RESULTS,EP-IND-09595
NET-09596,2026-01-01 22:58:32+00:00,0,IOMT-027,S-IOMT-027-623,EHR_WRITE,EP-IND-09596
NET-09597,2026-01-01 22:58:35+00:00,0,IOMT-002,S-IOMT-002-624,EHR_READ,EP-IND-09597
NET-09598,2026-01-01 22:58:36+00:00,0,IOMT-047,S-IOMT-047-625,EHR_WRITE,EP-IND-09598
NET-09599,2026-01-01 22:58:44+00:00,0,IOMT-017,S-IOMT-017-626,EHR_WRITE,EP-IND-09599
NET-09600,2026-01-01 22:58:53+00:00,0,IOMT-035,S-IOMT-035-627,LAB_RESULTS,EP-IND-09600
NET-09601,2026-01-01 22:58:55+00:00,0,IOMT-047,S-IOMT-047-628,EHR_READ,EP-IND-09601
NET-09602,2026-01-01 22:59:08+00:00,0,IOMT-022,S-IOMT-022-629,RESEARCH,EP-IND-09602
NET-09603,2026-01-01 22:59:13+00:00,0,IOMT-001,S-IOMT-001-630,RESEARCH,EP-IND-09603
NET-09604,2026-01-01 22:59:16+00:00,0,IOMT-047,S-IOMT-047-631,RESEARCH,EP-IND-09604
NET-09605,2026-01-01 22:59:29+00:00,0,IOMT-033,S-IOMT-033-632,EHR_READ,EP-IND-09605
NET-09606,2026-01-01 22:59:45+00:00,0,IOMT-006,S-IOMT-006-633,EHR_READ,EP-IND-09606
NET-09607,2026-01-01 22:59:57+00:00,0,IOMT-037,S-IOMT-037-634,IMAGING,EP-IND-09607
NET-09608,2026-01-01 23:00:22+00:00,0,IOMT-020,S-IOMT-020-635,RESEARCH,EP-IND-09608
NET-09609,2026-01-01 23:00:31+00:00,0,IOMT-038,S-IOMT-038-636,LAB_RESULTS,EP-IND-09609
NET-09610,2026-01-01 23:00:38+00:00,0,IOMT-013,S-IOMT-013-637,IMAGING,EP-IND-09610
NET-09611,2026-01-01 23:00:44+00:00,0,IOMT-035,S-IOMT-035-638,IMAGING,EP-IND-09611
NET-09612,2026-01-01 23:00:44+00:00,0,IOMT-010,S-IOMT-010-639,EHR_READ,EP-IND-09612
NET-09613,2026-01-01 23:00:49+00:00,0,IOMT-035,S-IOMT-035-640,EHR_WRITE,EP-IND-09613
NET-09614,2026-01-01 23:00:53+00:00,0,IOMT-031,S-IOMT-031-641,EHR_READ,EP-IND-09614
NET-09615,2026-01-01 23:01:02+00:00,0,IOMT-002,S-IOMT-002-642,IMAGING,EP-IND-09615
NET-09616,2026-01-01 23:01:05+00:00,0,IOMT-038,S-IOMT-038-643,IMAGING,EP-IND-09616
NET-09617,2026-01-01 23:01:19+00:00,1,IOMT-024,S-IOMT-024-644,RESEARCH,EP-IND-09617
NET-09618,2026-01-01 23:01:22+00:00,0,IOMT-039,S-IOMT-039-645,EHR_WRITE,EP-IND-09618
NET-09619,2026-01-01 23:01:23+00:00,0,IOMT-040,S-IOMT-040-646,IMAGING,EP-IND-09619
NET-09620,2026-01-01 23:01:39+00:00,0,IOMT-042,S-IOMT-042-647,RESEARCH,EP-IND-09620
NET-09621,2026-01-01 23:01:58+00:00,0,IOMT-016,S-IOMT-016-648,EHR_WRITE,EP-IND-09621
NET-09622,2026-01-01 23:02:10+00:00,0,IOMT-042,S-IOMT-042-649,IMAGING,EP-IND-09622
NET-09623,2026-01-01 23:02:23+00:00,0,IOMT-008,S-IOMT-008-650,EHR_READ,EP-IND-09623
NET-09624,2026-01-01 23:02:31+00:00,0,IOMT-006,S-IOMT-006-651,IMAGING,EP-IND-09624
NET-09625,2026-01-01 23:02:38+00:00,0,IOMT-013,S-IOMT-013-652,EHR_READ,EP-IND-09625
NET-09626,2026-01-01 23:02:47+00:00,0,IOMT-017,S-IOMT-017-653,RESEARCH,EP-IND-09626
NET-09627,2026-01-01 23:03:12+00:00,0,IOMT-021,S-IOMT-021-654,LAB_RESULTS,EP-IND-09627
NET-09628,2026-01-01 23:03:39+00:00,0,IOMT-014,S-IOMT-014-655,LAB_RESULTS,EP-IND-09628
NET-09629,2026-01-01 23:03:45+00:00,0,IOMT-039,S-IOMT-039-656,EHR_WRITE,EP-IND-09629
NET-09630,2026-01-01 23:03:47+00:00,0,IOMT-048,S-IOMT-048-657,LAB_RESULTS,EP-IND-09630
NET-09631,2026-01-01 23:03:53+00:00,0,IOMT-038,S-IOMT-038-658,IMAGING,EP-IND-09631
NET-09632,2026-01-01 23:04:02+00:00,0,IOMT-045,S-IOMT-045-659,EHR_WRITE,EP-IND-09632
NET-09633,2026-01-01 23:04:12+00:00,0,IOMT-013,S-IOMT-013-660,EHR_WRITE,EP-IND-09633
NET-09634,2026-01-01 23:04:18+00:00,1,IOMT-014,S-IOMT-014-661,EHR_WRITE,EP-IND-09634
NET-09635,2026-01-01 23:04:36+00:00,0,IOMT-012,S-IOMT-012-662,EHR_WRITE,EP-IND-09635
NET-09636,2026-01-01 23:04:38+00:00,0,IOMT-023,S-IOMT-023-663,EHR_WRITE,EP-IND-09636
NET-09637,2026-01-01 23:04:38+00:00,0,IOMT-033,S-IOMT-033-664,EHR_WRITE,EP-IND-09637
NET-09638,2026-01-01 23:04:39+00:00,0,IOMT-010,S-IOMT-010-665,IMAGING,EP-IND-09638
NET-09639,2026-01-01 23:04:42+00:00,0,IOMT-034,S-IOMT-034-666,LAB_RESULTS,EP-IND-09639
NET-09640,2026-01-01 23:04:58+00:00,1,IOMT-012,S-IOMT-012-667,EHR_READ,EP-IND-09640
NET-09641,2026-01-01 23:05:08+00:00,0,IOMT-015,S-IOMT-015-668,RESEARCH,EP-IND-09641
NET-09642,2026-01-01 23:05:10+00:00,0,IOMT-042,S-IOMT-042-669,IMAGING,EP-IND-09642
NET-09643,2026-01-01 23:05:19+00:00,0,IOMT-040,S-IOMT-040-670,EHR_READ,EP-IND-09643
NET-09644,2026-01-01 23:05:39+00:00,0,IOMT-007,S-IOMT-007-671,EHR_READ,EP-IND-09644
NET-09645,2026-01-01 23:05:55+00:00,0,IOMT-017,S-IOMT-017-672,RESEARCH,EP-IND-09645
NET-09646,2026-01-01 23:05:58+00:00,0,IOMT-013,S-IOMT-013-673,LAB_RESULTS,EP-IND-09646
NET-09647,2026-01-01 23:06:06+00:00,0,IOMT-004,S-IOMT-004-674,RESEARCH,EP-IND-09647
NET-09648,2026-01-01 23:06:35+00:00,0,IOMT-039,S-IOMT-039-675,EHR_READ,EP-IND-09648
NET-09649,2026-01-01 23:06:37+00:00,0,IOMT-024,S-IOMT-024-676,LAB_RESULTS,EP-IND-09649
NET-09650,2026-01-01 23:06:42+00:00,0,IOMT-002,S-IOMT-002-677,EHR_READ,EP-IND-09650
NET-09651,2026-01-01 23:06:43+00:00,0,IOMT-048,S-IOMT-048-678,EHR_READ,EP-IND-09651
NET-09652,2026-01-01 23:06:47+00:00,0,IOMT-037,S-IOMT-037-679,EHR_READ,EP-IND-09652
NET-09653,2026-01-01 23:06:48+00:00,0,IOMT-040,S-IOMT-040-680,LAB_RESULTS,EP-IND-09653
NET-09654,2026-01-01 23:06:52+00:00,0,IOMT-032,S-IOMT-032-681,RESEARCH,EP-IND-09654
NET-09655,2026-01-01 23:07:00+00:00,0,IOMT-014,S-IOMT-014-682,RESEARCH,EP-IND-09655
NET-09656,2026-01-01 23:07:05+00:00,0,IOMT-012,S-IOMT-012-683,LAB_RESULTS,EP-IND-09656
NET-09657,2026-01-01 23:07:11+00:00,0,IOMT-037,S-IOMT-037-684,EHR_WRITE,EP-IND-09657
NET-09658,2026-01-01 23:07:12+00:00,0,IOMT-024,S-IOMT-024-685,EHR_READ,EP-IND-09658
NET-09659,2026-01-01 23:07:21+00:00,0,IOMT-004,S-IOMT-004-686,LAB_RESULTS,EP-IND-09659
NET-09660,2026-01-01 23:07:26+00:00,0,IOMT-028,S-IOMT-028-687,EHR_WRITE,EP-IND-09660
NET-09661,2026-01-01 23:07:33+00:00,0,IOMT-047,S-IOMT-047-688,IMAGING,EP-IND-09661
NET-09662,2026-01-01 23:07:43+00:00,0,IOMT-044,S-IOMT-044-689,RESEARCH,EP-IND-09662
NET-09663,2026-01-01 23:07:44+00:00,0,IOMT-023,S-IOMT-023-690,EHR_WRITE,EP-IND-09663
NET-09664,2026-01-01 23:07:52+00:00,0,IOMT-016,S-IOMT-016-691,EHR_WRITE,EP-IND-09664
NET-09665,2026-01-01 23:07:54+00:00,0,IOMT-039,S-IOMT-039-692,EHR_WRITE,EP-IND-09665
NET-09666,2026-01-01 23:08:19+00:00,0,IOMT-011,S-IOMT-011-693,EHR_READ,EP-IND-09666
NET-09667,2026-01-01 23:08:23+00:00,0,IOMT-039,S-IOMT-039-694,EHR_READ,EP-IND-09667
NET-09668,2026-01-01 23:08:37+00:00,0,IOMT-029,S-IOMT-029-695,LAB_RESULTS,EP-IND-09668
NET-09669,2026-01-01 23:08:42+00:00,0,IOMT-031,S-IOMT-031-696,LAB_RESULTS,EP-IND-09669
NET-09670,2026-01-01 23:08:57+00:00,0,IOMT-025,S-IOMT-025-697,RESEARCH,EP-IND-09670
NET-09671,2026-01-01 23:09:18+00:00,0,IOMT-035,S-IOMT-035-698,RESEARCH,EP-IND-09671
NET-09672,2026-01-01 23:09:37+00:00,0,IOMT-005,S-IOMT-005-699,IMAGING,EP-IND-09672
NET-09673,2026-01-01 23:09:42+00:00,0,IOMT-049,S-IOMT-049-700,LAB_RESULTS,EP-IND-09673
NET-09674,2026-01-01 23:09:43+00:00,0,IOMT-021,S-IOMT-021-701,EHR_WRITE,EP-IND-09674
NET-09675,2026-01-01 23:09:48+00:00,0,IOMT-022,S-IOMT-022-702,RESEARCH,EP-IND-09675
NET-09676,2026-01-01 23:09:51+00:00,0,IOMT-008,S-IOMT-008-703,EHR_READ,EP-IND-09676
NET-09677,2026-01-01 23:09:56+00:00,0,IOMT-001,S-IOMT-001-704,EHR_WRITE,EP-IND-09677
NET-09678,2026-01-01 23:10:00+00:00,0,IOMT-034,S-IOMT-034-705,RESEARCH,EP-IND-09678
NET-09679,2026-01-01 23:10:34+00:00,0,IOMT-020,S-IOMT-020-706,EHR_READ,EP-IND-09679
NET-09680,2026-01-01 23:10:38+00:00,0,IOMT-022,S-IOMT-022-707,RESEARCH,EP-IND-09680
NET-09681,2026-01-01 23:10:53+00:00,0,IOMT-014,S-IOMT-014-708,EHR_WRITE,EP-IND-09681
NET-09682,2026-01-01 23:10:54+00:00,0,IOMT-033,S-IOMT-033-709,EHR_READ,EP-IND-09682
NET-09683,2026-01-01 23:10:55+00:00,0,IOMT-024,S-IOMT-024-710,RESEARCH,EP-IND-09683
NET-09684,2026-01-01 23:10:55+00:00,0,IOMT-043,S-IOMT-043-711,LAB_RESULTS,EP-IND-09684
NET-09685,2026-01-01 23:10:58+00:00,0,IOMT-006,S-IOMT-006-712,RESEARCH,EP-IND-09685
NET-09686,2026-01-01 23:11:11+00:00,0,IOMT-034,S-IOMT-034-713,RESEARCH,EP-IND-09686
NET-09687,2026-01-01 23:11:44+00:00,0,IOMT-045,S-IOMT-045-714,EHR_WRITE,EP-IND-09687
NET-09688,2026-01-01 23:12:12+00:00,0,IOMT-011,S-IOMT-011-715,EHR_WRITE,EP-IND-09688
NET-09689,2026-01-01 23:12:17+00:00,0,IOMT-018,S-IOMT-018-716,EHR_WRITE,EP-IND-09689
NET-09690,2026-01-01 23:12:18+00:00,1,IOMT-045,S-IOMT-045-717,EHR_WRITE,EP-IND-09690
NET-09691,2026-01-01 23:13:07+00:00,0,IOMT-019,S-IOMT-019-718,EHR_READ,EP-IND-09691
NET-09692,2026-01-01 23:13:21+00:00,0,IOMT-014,S-IOMT-014-719,LAB_RESULTS,EP-IND-09692
NET-09693,2026-01-01 23:13:33+00:00,0,IOMT-021,S-IOMT-021-720,EHR_WRITE,EP-IND-09693
NET-09694,2026-01-01 23:14:06+00:00,0,IOMT-012,S-IOMT-012-721,EHR_READ,EP-IND-09694
NET-09695,2026-01-01 23:14:33+00:00,1,IOMT-019,S-IOMT-019-722,LAB_RESULTS,EP-IND-09695
NET-09696,2026-01-01 23:14:36+00:00,0,IOMT-002,S-IOMT-002-723,EHR_WRITE,EP-IND-09696
NET-09697,2026-01-01 23:14:40+00:00,1,IOMT-033,S-IOMT-033-724,LAB_RESULTS,EP-IND-09697
NET-09698,2026-01-01 23:14:48+00:00,0,IOMT-009,S-IOMT-009-725,LAB_RESULTS,EP-IND-09698
NET-09699,2026-01-01 23:14:48+00:00,0,IOMT-018,S-IOMT-018-726,RESEARCH,EP-IND-09699
NET-09700,2026-01-01 23:14:48+00:00,0,IOMT-047,S-IOMT-047-727,EHR_READ,EP-IND-09700
NET-09701,2026-01-01 23:14:55+00:00,0,IOMT-016,S-IOMT-016-728,LAB_RESULTS,EP-IND-09701
NET-09702,2026-01-01 23:15:07+00:00,0,IOMT-035,S-IOMT-035-729,EHR_READ,EP-IND-09702
NET-09703,2026-01-01 23:15:07+00:00,0,IOMT-000,S-IOMT-000-730,EHR_WRITE,EP-IND-09703
NET-09704,2026-01-01 23:15:27+00:00,0,IOMT-047,S-IOMT-047-731,EHR_READ,EP-IND-09704
NET-09705,2026-01-01 23:15:42+00:00,0,IOMT-042,S-IOMT-042-732,EHR_READ,EP-IND-09705
NET-09706,2026-01-01 23:15:52+00:00,1,IOMT-041,S-IOMT-041-733,EHR_WRITE,EP-IND-09706
NET-09707,2026-01-01 23:16:16+00:00,0,IOMT-014,S-IOMT-014-734,EHR_WRITE,EP-IND-09707
NET-09708,2026-01-01 23:16:47+00:00,0,IOMT-049,S-IOMT-049-735,EHR_READ,EP-IND-09708
NET-09709,2026-01-01 23:17:02+00:00,0,IOMT-044,S-IOMT-044-736,EHR_WRITE,EP-IND-09709
NET-09710,2026-01-01 23:17:09+00:00,0,IOMT-006,S-IOMT-006-737,EHR_READ,EP-IND-09710
NET-09711,2026-01-01 23:17:14+00:00,0,IOMT-012,S-IOMT-012-738,EHR_READ,EP-IND-09711
NET-09712,2026-01-01 23:17:18+00:00,1,IOMT-037,S-IOMT-037-739,RESEARCH,EP-IND-09712
NET-09713,2026-01-01 23:17:33+00:00,0,IOMT-024,S-IOMT-024-740,EHR_WRITE,EP-IND-09713
NET-09714,2026-01-01 23:17:38+00:00,0,IOMT-021,S-IOMT-021-741,EHR_WRITE,EP-IND-09714
NET-09715,2026-01-01 23:17:45+00:00,0,IOMT-038,S-IOMT-038-742,IMAGING,EP-IND-09715
NET-09716,2026-01-01 23:17:47+00:00,0,IOMT-029,S-IOMT-029-743,LAB_RESULTS,EP-IND-09716
NET-09717,2026-01-01 23:17:53+00:00,0,IOMT-000,S-IOMT-000-744,EHR_READ,EP-IND-09717
NET-09718,2026-01-01 23:17:54+00:00,1,IOMT-019,S-IOMT-019-745,LAB_RESULTS,EP-IND-09718
NET-09719,2026-01-01 23:17:59+00:00,0,IOMT-019,S-IOMT-019-746,EHR_WRITE,EP-IND-09719
NET-09720,2026-01-01 23:18:01+00:00,0,IOMT-013,S-IOMT-013-747,LAB_RESULTS,EP-IND-09720
NET-09721,2026-01-01 23:18:12+00:00,0,IOMT-005,S-IOMT-005-748,EHR_READ,EP-IND-09721
NET-09722,2026-01-01 23:18:18+00:00,0,IOMT-025,S-IOMT-025-749,RESEARCH,EP-IND-09722
NET-09723,2026-01-01 23:18:33+00:00,0,IOMT-010,S-IOMT-010-750,IMAGING,EP-IND-09723
NET-09724,2026-01-01 23:18:38+00:00,0,IOMT-036,S-IOMT-036-751,RESEARCH,EP-IND-09724
NET-09725,2026-01-01 23:19:20+00:00,0,IOMT-004,S-IOMT-004-752,RESEARCH,EP-IND-09725
NET-09726,2026-01-01 23:19:25+00:00,0,IOMT-024,S-IOMT-024-753,IMAGING,EP-IND-09726
NET-09727,2026-01-01 23:19:38+00:00,0,IOMT-045,S-IOMT-045-754,IMAGING,EP-IND-09727
NET-09728,2026-01-01 23:19:40+00:00,1,IOMT-013,S-IOMT-013-755,IMAGING,EP-IND-09728
NET-09729,2026-01-01 23:19:43+00:00,0,IOMT-034,S-IOMT-034-756,EHR_WRITE,EP-IND-09729
NET-09730,2026-01-01 23:19:52+00:00,0,IOMT-041,S-IOMT-041-757,LAB_RESULTS,EP-IND-09730
NET-09731,2026-01-01 23:20:03+00:00,0,IOMT-040,S-IOMT-040-758,LAB_RESULTS,EP-IND-09731
NET-09732,2026-01-01 23:20:12+00:00,0,IOMT-009,S-IOMT-009-759,EHR_WRITE,EP-IND-09732
NET-09733,2026-01-01 23:20:17+00:00,0,IOMT-032,S-IOMT-032-760,RESEARCH,EP-IND-09733
NET-09734,2026-01-01 23:20:17+00:00,0,IOMT-030,S-IOMT-030-761,RESEARCH,EP-IND-09734
NET-09735,2026-01-01 23:20:41+00:00,0,IOMT-003,S-IOMT-003-762,EHR_WRITE,EP-IND-09735
NET-09736,2026-01-01 23:20:50+00:00,0,IOMT-033,S-IOMT-033-763,EHR_READ,EP-IND-09736
NET-09737,2026-01-01 23:21:05+00:00,0,IOMT-026,S-IOMT-026-764,LAB_RESULTS,EP-IND-09737
NET-09738,2026-01-01 23:21:05+00:00,0,IOMT-039,S-IOMT-039-765,LAB_RESULTS,EP-IND-09738
NET-09739,2026-01-01 23:21:25+00:00,0,IOMT-016,S-IOMT-016-766,IMAGING,EP-IND-09739
NET-09740,2026-01-01 23:21:29+00:00,0,IOMT-010,S-IOMT-010-767,RESEARCH,EP-IND-09740
NET-09741,2026-01-01 23:22:04+00:00,0,IOMT-029,S-IOMT-029-768,IMAGING,EP-IND-09741
NET-09742,2026-01-01 23:22:06+00:00,1,IOMT-005,S-IOMT-005-769,LAB_RESULTS,EP-IND-09742
NET-09743,2026-01-01 23:22:15+00:00,0,IOMT-015,S-IOMT-015-770,IMAGING,EP-IND-09743
NET-09744,2026-01-01 23:22:24+00:00,0,IOMT-023,S-IOMT-023-771,IMAGING,EP-IND-09744
NET-09745,2026-01-01 23:22:29+00:00,0,IOMT-004,S-IOMT-004-772,LAB_RESULTS,EP-IND-09745
NET-09746,2026-01-01 23:22:33+00:00,0,IOMT-043,S-IOMT-043-773,EHR_READ,EP-IND-09746
NET-09747,2026-01-01 23:22:42+00:00,0,IOMT-032,S-IOMT-032-774,IMAGING,EP-IND-09747
NET-09748,2026-01-01 23:22:52+00:00,0,IOMT-022,S-IOMT-022-775,RESEARCH,EP-IND-09748
NET-09749,2026-01-01 23:23:22+00:00,0,IOMT-016,S-IOMT-016-776,EHR_WRITE,EP-IND-09749
NET-09750,2026-01-01 23:23:28+00:00,0,IOMT-023,S-IOMT-023-777,IMAGING,EP-IND-09750
NET-09751,2026-01-01 23:23:32+00:00,0,IOMT-035,S-IOMT-035-778,LAB_RESULTS,EP-IND-09751
NET-09752,2026-01-01 23:23:33+00:00,0,IOMT-030,S-IOMT-030-779,LAB_RESULTS,EP-IND-09752
NET-09753,2026-01-01 23:23:53+00:00,0,IOMT-029,S-IOMT-029-780,IMAGING,EP-IND-09753
NET-09754,2026-01-01 23:23:53+00:00,0,IOMT-005,S-IOMT-005-781,EHR_READ,EP-IND-09754
NET-09755,2026-01-01 23:23:54+00:00,0,IOMT-006,S-IOMT-006-782,LAB_RESULTS,EP-IND-09755
NET-09756,2026-01-01 23:24:06+00:00,0,IOMT-032,S-IOMT-032-783,IMAGING,EP-IND-09756
NET-09757,2026-01-01 23:24:13+00:00,0,IOMT-042,S-IOMT-042-784,IMAGING,EP-IND-09757
NET-09758,2026-01-01 23:24:14+00:00,0,IOMT-010,S-IOMT-010-785,EHR_READ,EP-IND-09758
NET-09759,2026-01-01 23:24:24+00:00,0,IOMT-037,S-IOMT-037-786,EHR_READ,EP-IND-09759
NET-09760,2026-01-01 23:24:26+00:00,0,IOMT-037,S-IOMT-037-787,LAB_RESULTS,EP-IND-09760
NET-09761,2026-01-01 23:24:50+00:00,0,IOMT-045,S-IOMT-045-788,EHR_WRITE,EP-IND-09761
NET-09762,2026-01-01 23:25:02+00:00,0,IOMT-001,S-IOMT-001-789,EHR_WRITE,EP-IND-09762
NET-09763,2026-01-01 23:25:06+00:00,0,IOMT-006,S-IOMT-006-790,RESEARCH,EP-IND-09763
NET-09764,2026-01-01 23:25:08+00:00,0,IOMT-006,S-IOMT-006-791,RESEARCH,EP-IND-09764
NET-09765,2026-01-01 23:25:13+00:00,0,IOMT-002,S-IOMT-002-792,EHR_WRITE,EP-IND-09765
NET-09766,2026-01-01 23:25:47+00:00,0,IOMT-013,S-IOMT-013-793,LAB_RESULTS,EP-IND-09766
NET-09767,2026-01-01 23:26:02+00:00,0,IOMT-031,S-IOMT-031-794,EHR_READ,EP-IND-09767
NET-09768,2026-01-01 23:26:21+00:00,0,IOMT-007,S-IOMT-007-795,IMAGING,EP-IND-09768
NET-09769,2026-01-01 23:26:40+00:00,1,IOMT-030,S-IOMT-030-796,EHR_WRITE,EP-IND-09769
NET-09770,2026-01-01 23:27:01+00:00,0,IOMT-039,S-IOMT-039-797,LAB_RESULTS,EP-IND-09770
NET-09771,2026-01-01 23:27:07+00:00,0,IOMT-024,S-IOMT-024-798,EHR_WRITE,EP-IND-09771
NET-09772,2026-01-01 23:27:16+00:00,0,IOMT-016,S-IOMT-016-799,EHR_READ,EP-IND-09772
NET-09773,2026-01-01 23:27:22+00:00,0,IOMT-034,S-IOMT-034-800,EHR_READ,EP-IND-09773
NET-09774,2026-01-01 23:27:28+00:00,0,IOMT-022,S-IOMT-022-801,RESEARCH,EP-IND-09774
NET-09775,2026-01-01 23:27:48+00:00,0,IOMT-029,S-IOMT-029-802,IMAGING,EP-IND-09775
NET-09776,2026-01-01 23:27:50+00:00,0,IOMT-019,S-IOMT-019-803,EHR_READ,EP-IND-09776
NET-09777,2026-01-01 23:27:55+00:00,0,IOMT-039,S-IOMT-039-804,EHR_READ,EP-IND-09777
NET-09778,2026-01-01 23:27:59+00:00,0,IOMT-006,S-IOMT-006-805,EHR_READ,EP-IND-09778
NET-09779,2026-01-01 23:28:05+00:00,1,IOMT-004,S-IOMT-004-806,EHR_WRITE,EP-IND-09779
NET-09780,2026-01-01 23:28:11+00:00,0,IOMT-008,S-IOMT-008-807,EHR_READ,EP-IND-09780
NET-09781,2026-01-01 23:28:13+00:00,0,IOMT-009,S-IOMT-009-808,LAB_RESULTS,EP-IND-09781
NET-09782,2026-01-01 23:28:23+00:00,0,IOMT-048,S-IOMT-048-809,EHR_WRITE,EP-IND-09782
NET-09783,2026-01-01 23:28:41+00:00,0,IOMT-026,S-IOMT-026-810,IMAGING,EP-IND-09783
NET-09784,2026-01-01 23:28:45+00:00,0,IOMT-025,S-IOMT-025-811,RESEARCH,EP-IND-09784
NET-09785,2026-01-01 23:28:45+00:00,0,IOMT-045,S-IOMT-045-812,IMAGING,EP-IND-09785
NET-09786,2026-01-01 23:29:12+00:00,0,IOMT-037,S-IOMT-037-813,RESEARCH,EP-IND-09786
NET-09787,2026-01-01 23:29:34+00:00,0,IOMT-046,S-IOMT-046-814,LAB_RESULTS,EP-IND-09787
NET-09788,2026-01-01 23:29:44+00:00,0,IOMT-027,S-IOMT-027-815,EHR_READ,EP-IND-09788
NET-09789,2026-01-01 23:29:47+00:00,0,IOMT-045,S-IOMT-045-816,LAB_RESULTS,EP-IND-09789
NET-09790,2026-01-01 23:29:55+00:00,0,IOMT-015,S-IOMT-015-817,EHR_READ,EP-IND-09790
NET-09791,2026-01-01 23:29:57+00:00,0,IOMT-040,S-IOMT-040-818,LAB_RESULTS,EP-IND-09791
NET-09792,2026-01-01 23:30:16+00:00,0,IOMT-042,S-IOMT-042-819,LAB_RESULTS,EP-IND-09792
NET-09793,2026-01-01 23:30:35+00:00,0,IOMT-012,S-IOMT-012-820,IMAGING,EP-IND-09793
NET-09794,2026-01-01 23:30:37+00:00,0,IOMT-043,S-IOMT-043-821,RESEARCH,EP-IND-09794
NET-09795,2026-01-01 23:30:52+00:00,0,IOMT-049,S-IOMT-049-822,RESEARCH,EP-IND-09795
NET-09796,2026-01-01 23:30:53+00:00,0,IOMT-044,S-IOMT-044-823,IMAGING,EP-IND-09796
NET-09797,2026-01-01 23:30:54+00:00,0,IOMT-030,S-IOMT-030-824,EHR_READ,EP-IND-09797
NET-09798,2026-01-01 23:31:02+00:00,0,IOMT-038,S-IOMT-038-825,IMAGING,EP-IND-09798
NET-09799,2026-01-01 23:31:05+00:00,0,IOMT-047,S-IOMT-047-826,EHR_WRITE,EP-IND-09799
NET-09800,2026-01-01 23:31:14+00:00,0,IOMT-004,S-IOMT-004-827,IMAGING,EP-IND-09800
NET-09801,2026-01-01 23:31:18+00:00,0,IOMT-005,S-IOMT-005-828,IMAGING,EP-IND-09801
NET-09802,2026-01-01 23:31:24+00:00,0,IOMT-014,S-IOMT-014-829,IMAGING,EP-IND-09802
NET-09803,2026-01-01 23:31:54+00:00,0,IOMT-020,S-IOMT-020-830,EHR_READ,EP-IND-09803
NET-09804,2026-01-01 23:31:57+00:00,0,IOMT-027,S-IOMT-027-831,EHR_READ,EP-IND-09804
NET-09805,2026-01-01 23:32:01+00:00,0,IOMT-009,S-IOMT-009-832,IMAGING,EP-IND-09805
NET-09806,2026-01-01 23:32:04+00:00,0,IOMT-045,S-IOMT-045-833,LAB_RESULTS,EP-IND-09806
NET-09807,2026-01-01 23:32:05+00:00,0,IOMT-038,S-IOMT-038-834,RESEARCH,EP-IND-09807
NET-09808,2026-01-01 23:32:23+00:00,0,IOMT-028,S-IOMT-028-835,EHR_WRITE,EP-IND-09808
NET-09809,2026-01-01 23:32:23+00:00,0,IOMT-021,S-IOMT-021-836,LAB_RESULTS,EP-IND-09809
NET-09810,2026-01-01 23:32:26+00:00,0,IOMT-018,S-IOMT-018-837,EHR_WRITE,EP-IND-09810
NET-09811,2026-01-01 23:32:29+00:00,0,IOMT-011,S-IOMT-011-838,LAB_RESULTS,EP-IND-09811
NET-09812,2026-01-01 23:32:31+00:00,0,IOMT-007,S-IOMT-007-839,EHR_WRITE,EP-IND-09812
NET-09813,2026-01-01 23:32:43+00:00,0,IOMT-012,S-IOMT-012-840,IMAGING,EP-IND-09813
NET-09814,2026-01-01 23:32:49+00:00,0,IOMT-013,S-IOMT-013-841,EHR_READ,EP-IND-09814
NET-09815,2026-01-01 23:32:57+00:00,0,IOMT-037,S-IOMT-037-842,IMAGING,EP-IND-09815
NET-09816,2026-01-01 23:33:00+00:00,0,IOMT-047,S-IOMT-047-843,RESEARCH,EP-IND-09816
NET-09817,2026-01-01 23:33:03+00:00,0,IOMT-036,S-IOMT-036-844,RESEARCH,EP-IND-09817
NET-09818,2026-01-01 23:33:14+00:00,0,IOMT-034,S-IOMT-034-845,EHR_READ,EP-IND-09818
NET-09819,2026-01-01 23:33:16+00:00,0,IOMT-013,S-IOMT-013-846,LAB_RESULTS,EP-IND-09819
NET-09820,2026-01-01 23:33:19+00:00,0,IOMT-023,S-IOMT-023-847,RESEARCH,EP-IND-09820
NET-09821,2026-01-01 23:33:25+00:00,0,IOMT-021,S-IOMT-021-848,RESEARCH,EP-IND-09821
NET-09822,2026-01-01 23:33:37+00:00,0,IOMT-004,S-IOMT-004-849,RESEARCH,EP-IND-09822
NET-09823,2026-01-01 23:33:46+00:00,0,IOMT-009,S-IOMT-009-850,RESEARCH,EP-IND-09823
NET-09824,2026-01-01 23:33:49+00:00,0,IOMT-037,S-IOMT-037-851,IMAGING,EP-IND-09824
NET-09825,2026-01-01 23:33:50+00:00,0,IOMT-014,S-IOMT-014-852,IMAGING,EP-IND-09825
NET-09826,2026-01-01 23:34:19+00:00,0,IOMT-002,S-IOMT-002-853,EHR_READ,EP-IND-09826
NET-09827,2026-01-01 23:35:07+00:00,0,IOMT-018,S-IOMT-018-854,IMAGING,EP-IND-09827
NET-09828,2026-01-01 23:35:21+00:00,0,IOMT-044,S-IOMT-044-855,EHR_WRITE,EP-IND-09828
NET-09829,2026-01-01 23:35:21+00:00,1,IOMT-033,S-IOMT-033-856,LAB_RESULTS,EP-IND-09829
NET-09830,2026-01-01 23:35:32+00:00,0,IOMT-040,S-IOMT-040-857,LAB_RESULTS,EP-IND-09830
NET-09831,2026-01-01 23:35:34+00:00,0,IOMT-023,S-IOMT-023-858,IMAGING,EP-IND-09831
NET-09832,2026-01-01 23:35:36+00:00,0,IOMT-049,S-IOMT-049-859,EHR_READ,EP-IND-09832
NET-09833,2026-01-01 23:35:36+00:00,0,IOMT-021,S-IOMT-021-860,RESEARCH,EP-IND-09833
NET-09834,2026-01-01 23:35:37+00:00,0,IOMT-041,S-IOMT-041-861,EHR_READ,EP-IND-09834
NET-09835,2026-01-01 23:35:47+00:00,0,IOMT-038,S-IOMT-038-862,LAB_RESULTS,EP-IND-09835
NET-09836,2026-01-01 23:35:59+00:00,0,IOMT-045,S-IOMT-045-863,RESEARCH,EP-IND-09836
NET-09837,2026-01-01 23:36:03+00:00,0,IOMT-034,S-IOMT-034-864,LAB_RESULTS,EP-IND-09837
NET-09838,2026-01-01 23:36:06+00:00,0,IOMT-013,S-IOMT-013-865,LAB_RESULTS,EP-IND-09838
NET-09839,2026-01-01 23:36:12+00:00,0,IOMT-019,S-IOMT-019-866,LAB_RESULTS,EP-IND-09839
NET-09840,2026-01-01 23:36:16+00:00,0,IOMT-043,S-IOMT-043-867,EHR_WRITE,EP-IND-09840
NET-09841,2026-01-01 23:36:23+00:00,1,IOMT-011,S-IOMT-011-868,LAB_RESULTS,EP-IND-09841
NET-09842,2026-01-01 23:36:25+00:00,0,IOMT-033,S-IOMT-033-869,LAB_RESULTS,EP-IND-09842
NET-09843,2026-01-01 23:36:32+00:00,0,IOMT-017,S-IOMT-017-870,EHR_READ,EP-IND-09843
NET-09844,2026-01-01 23:36:34+00:00,0,IOMT-004,S-IOMT-004-871,EHR_READ,EP-IND-09844
NET-09845,2026-01-01 23:36:48+00:00,0,IOMT-014,S-IOMT-014-872,LAB_RESULTS,EP-IND-09845
NET-09846,2026-01-01 23:36:48+00:00,0,IOMT-029,S-IOMT-029-873,EHR_READ,EP-IND-09846
NET-09847,2026-01-01 23:36:56+00:00,0,IOMT-041,S-IOMT-041-874,EHR_WRITE,EP-IND-09847
NET-09848,2026-01-01 23:36:59+00:00,0,IOMT-023,S-IOMT-023-875,EHR_WRITE,EP-IND-09848
NET-09849,2026-01-01 23:37:00+00:00,0,IOMT-043,S-IOMT-043-876,RESEARCH,EP-IND-09849
NET-09850,2026-01-01 23:37:14+00:00,0,IOMT-046,S-IOMT-046-877,LAB_RESULTS,EP-IND-09850
NET-09851,2026-01-01 23:37:17+00:00,0,IOMT-013,S-IOMT-013-878,EHR_WRITE,EP-IND-09851
NET-09852,2026-01-01 23:37:21+00:00,1,IOMT-033,S-IOMT-033-879,EHR_WRITE,EP-IND-09852
NET-09853,2026-01-01 23:37:35+00:00,1,IOMT-027,S-IOMT-027-880,RESEARCH,EP-IND-09853
NET-09854,2026-01-01 23:37:40+00:00,0,IOMT-038,S-IOMT-038-881,RESEARCH,EP-IND-09854
NET-09855,2026-01-01 23:37:40+00:00,0,IOMT-032,S-IOMT-032-882,EHR_WRITE,EP-IND-09855
NET-09856,2026-01-01 23:38:19+00:00,0,IOMT-013,S-IOMT-013-883,EHR_WRITE,EP-IND-09856
NET-09857,2026-01-01 23:38:19+00:00,0,IOMT-006,S-IOMT-006-884,RESEARCH,EP-IND-09857
NET-09858,2026-01-01 23:38:19+00:00,0,IOMT-028,S-IOMT-028-885,LAB_RESULTS,EP-IND-09858
NET-09859,2026-01-01 23:38:22+00:00,0,IOMT-025,S-IOMT-025-886,EHR_WRITE,EP-IND-09859
NET-09860,2026-01-01 23:38:25+00:00,0,IOMT-033,S-IOMT-033-887,RESEARCH,EP-IND-09860
NET-09861,2026-01-01 23:38:25+00:00,0,IOMT-006,S-IOMT-006-888,LAB_RESULTS,EP-IND-09861
NET-09862,2026-01-01 23:38:38+00:00,1,IOMT-040,S-IOMT-040-889,LAB_RESULTS,EP-IND-09862
NET-09863,2026-01-01 23:38:40+00:00,0,IOMT-031,S-IOMT-031-890,EHR_READ,EP-IND-09863
NET-09864,2026-01-01 23:38:45+00:00,0,IOMT-023,S-IOMT-023-891,EHR_WRITE,EP-IND-09864
NET-09865,2026-01-01 23:38:49+00:00,0,IOMT-001,S-IOMT-001-892,LAB_RESULTS,EP-IND-09865
NET-09866,2026-01-01 23:39:02+00:00,0,IOMT-030,S-IOMT-030-893,LAB_RESULTS,EP-IND-09866
NET-09867,2026-01-01 23:39:06+00:00,0,IOMT-042,S-IOMT-042-894,RESEARCH,EP-IND-09867
NET-09868,2026-01-01 23:39:29+00:00,0,IOMT-032,S-IOMT-032-895,IMAGING,EP-IND-09868
NET-09869,2026-01-01 23:39:31+00:00,0,IOMT-035,S-IOMT-035-896,RESEARCH,EP-IND-09869
NET-09870,2026-01-01 23:39:32+00:00,0,IOMT-034,S-IOMT-034-897,RESEARCH,EP-IND-09870
NET-09871,2026-01-01 23:39:40+00:00,0,IOMT-042,S-IOMT-042-898,RESEARCH,EP-IND-09871
NET-09872,2026-01-01 23:39:54+00:00,0,IOMT-000,S-IOMT-000-899,EHR_READ,EP-IND-09872
NET-09873,2026-01-01 23:40:07+00:00,0,IOMT-034,S-IOMT-034-900,RESEARCH,EP-IND-09873
NET-09874,2026-01-01 23:40:15+00:00,0,IOMT-008,S-IOMT-008-901,RESEARCH,EP-IND-09874
NET-09875,2026-01-01 23:40:41+00:00,0,IOMT-000,S-IOMT-000-902,EHR_WRITE,EP-IND-09875
NET-09876,2026-01-01 23:40:51+00:00,0,IOMT-039,S-IOMT-039-903,EHR_READ,EP-IND-09876
NET-09877,2026-01-01 23:40:51+00:00,1,IOMT-031,S-IOMT-031-904,LAB_RESULTS,EP-IND-09877
NET-09878,2026-01-01 23:40:54+00:00,0,IOMT-021,S-IOMT-021-905,EHR_WRITE,EP-IND-09878
NET-09879,2026-01-01 23:40:58+00:00,0,IOMT-037,S-IOMT-037-906,EHR_WRITE,EP-IND-09879
NET-09880,2026-01-01 23:41:02+00:00,0,IOMT-043,S-IOMT-043-907,EHR_READ,EP-IND-09880
NET-09881,2026-01-01 23:41:03+00:00,0,IOMT-015,S-IOMT-015-908,RESEARCH,EP-IND-09881
NET-09882,2026-01-01 23:41:06+00:00,0,IOMT-032,S-IOMT-032-909,IMAGING,EP-IND-09882
NET-09883,2026-01-01 23:41:09+00:00,0,IOMT-002,S-IOMT-002-910,RESEARCH,EP-IND-09883
NET-09884,2026-01-01 23:41:13+00:00,0,IOMT-029,S-IOMT-029-911,EHR_READ,EP-IND-09884
NET-09885,2026-01-01 23:41:17+00:00,0,IOMT-017,S-IOMT-017-912,RESEARCH,EP-IND-09885
NET-09886,2026-01-01 23:41:20+00:00,0,IOMT-004,S-IOMT-004-913,IMAGING,EP-IND-09886
NET-09887,2026-01-01 23:41:33+00:00,0,IOMT-007,S-IOMT-007-914,RESEARCH,EP-IND-09887
NET-09888,2026-01-01 23:41:35+00:00,0,IOMT-027,S-IOMT-027-915,EHR_WRITE,EP-IND-09888
NET-09889,2026-01-01 23:41:40+00:00,0,IOMT-047,S-IOMT-047-916,LAB_RESULTS,EP-IND-09889
NET-09890,2026-01-01 23:41:48+00:00,0,IOMT-016,S-IOMT-016-917,IMAGING,EP-IND-09890
NET-09891,2026-01-01 23:41:52+00:00,0,IOMT-030,S-IOMT-030-918,EHR_READ,EP-IND-09891
NET-09892,2026-01-01 23:41:58+00:00,0,IOMT-043,S-IOMT-043-919,EHR_READ,EP-IND-09892
NET-09893,2026-01-01 23:42:03+00:00,0,IOMT-044,S-IOMT-044-920,EHR_WRITE,EP-IND-09893
NET-09894,2026-01-01 23:42:16+00:00,0,IOMT-014,S-IOMT-014-921,LAB_RESULTS,EP-IND-09894
NET-09895,2026-01-01 23:42:53+00:00,0,IOMT-003,S-IOMT-003-922,LAB_RESULTS,EP-IND-09895
NET-09896,2026-01-01 23:42:58+00:00,0,IOMT-028,S-IOMT-028-923,EHR_READ,EP-IND-09896
NET-09897,2026-01-01 23:43:02+00:00,0,IOMT-003,S-IOMT-003-924,EHR_READ,EP-IND-09897
NET-09898,2026-01-01 23:43:14+00:00,0,IOMT-005,S-IOMT-005-925,LAB_RESULTS,EP-IND-09898
NET-09899,2026-01-01 23:43:15+00:00,0,IOMT-014,S-IOMT-014-926,EHR_WRITE,EP-IND-09899
NET-09900,2026-01-01 23:43:18+00:00,0,IOMT-040,S-IOMT-040-927,EHR_WRITE,EP-IND-09900
NET-09901,2026-01-01 23:43:29+00:00,0,IOMT-009,S-IOMT-009-928,EHR_READ,EP-IND-09901
NET-09902,2026-01-01 23:43:33+00:00,0,IOMT-033,S-IOMT-033-929,EHR_WRITE,EP-IND-09902
NET-09903,2026-01-01 23:43:39+00:00,0,IOMT-021,S-IOMT-021-930,RESEARCH,EP-IND-09903
NET-09904,2026-01-01 23:43:40+00:00,0,IOMT-022,S-IOMT-022-931,EHR_READ,EP-IND-09904
NET-09905,2026-01-01 23:43:49+00:00,0,IOMT-019,S-IOMT-019-932,EHR_WRITE,EP-IND-09905
NET-09906,2026-01-01 23:43:55+00:00,0,IOMT-021,S-IOMT-021-933,RESEARCH,EP-IND-09906
NET-09907,2026-01-01 23:43:59+00:00,0,IOMT-007,S-IOMT-007-934,EHR_WRITE,EP-IND-09907
NET-09908,2026-01-01 23:44:02+00:00,0,IOMT-016,S-IOMT-016-935,LAB_RESULTS,EP-IND-09908
NET-09909,2026-01-01 23:44:27+00:00,0,IOMT-024,S-IOMT-024-936,EHR_WRITE,EP-IND-09909
NET-09910,2026-01-01 23:44:29+00:00,0,IOMT-022,S-IOMT-022-937,LAB_RESULTS,EP-IND-09910
NET-09911,2026-01-01 23:44:30+00:00,0,IOMT-005,S-IOMT-005-938,EHR_WRITE,EP-IND-09911
NET-09912,2026-01-01 23:44:32+00:00,0,IOMT-006,S-IOMT-006-939,LAB_RESULTS,EP-IND-09912
NET-09913,2026-01-01 23:44:33+00:00,0,IOMT-015,S-IOMT-015-940,LAB_RESULTS,EP-IND-09913
NET-09914,2026-01-01 23:44:47+00:00,0,IOMT-015,S-IOMT-015-941,EHR_READ,EP-IND-09914
NET-09915,2026-01-01 23:45:04+00:00,0,IOMT-023,S-IOMT-023-942,EHR_READ,EP-IND-09915
NET-09916,2026-01-01 23:45:13+00:00,0,IOMT-005,S-IOMT-005-943,IMAGING,EP-IND-09916
NET-09917,2026-01-01 23:45:47+00:00,0,IOMT-011,S-IOMT-011-944,RESEARCH,EP-IND-09917
NET-09918,2026-01-01 23:45:48+00:00,0,IOMT-044,S-IOMT-044-945,RESEARCH,EP-IND-09918
NET-09919,2026-01-01 23:45:53+00:00,0,IOMT-047,S-IOMT-047-946,EHR_READ,EP-IND-09919
NET-09920,2026-01-01 23:46:13+00:00,0,IOMT-038,S-IOMT-038-947,IMAGING,EP-IND-09920
NET-09921,2026-01-01 23:46:16+00:00,0,IOMT-018,S-IOMT-018-948,EHR_WRITE,EP-IND-09921
NET-09922,2026-01-01 23:46:16+00:00,0,IOMT-046,S-IOMT-046-949,IMAGING,EP-IND-09922
NET-09923,2026-01-01 23:46:23+00:00,0,IOMT-002,S-IOMT-002-950,IMAGING,EP-IND-09923
NET-09924,2026-01-01 23:46:30+00:00,0,IOMT-003,S-IOMT-003-951,LAB_RESULTS,EP-IND-09924
NET-09925,2026-01-01 23:46:37+00:00,0,IOMT-043,S-IOMT-043-952,RESEARCH,EP-IND-09925
NET-09926,2026-01-01 23:46:57+00:00,0,IOMT-045,S-IOMT-045-953,LAB_RESULTS,EP-IND-09926
NET-09927,2026-01-01 23:47:05+00:00,0,IOMT-033,S-IOMT-033-954,RESEARCH,EP-IND-09927
NET-09928,2026-01-01 23:47:14+00:00,0,IOMT-021,S-IOMT-021-955,EHR_READ,EP-IND-09928
NET-09929,2026-01-01 23:47:17+00:00,0,IOMT-035,S-IOMT-035-956,RESEARCH,EP-IND-09929
NET-09930,2026-01-01 23:47:22+00:00,1,IOMT-009,S-IOMT-009-957,EHR_WRITE,EP-IND-09930
NET-09931,2026-01-01 23:47:26+00:00,0,IOMT-001,S-IOMT-001-958,EHR_READ,EP-IND-09931
NET-09932,2026-01-01 23:47:48+00:00,0,IOMT-036,S-IOMT-036-959,EHR_READ,EP-IND-09932
NET-09933,2026-01-01 23:48:06+00:00,0,IOMT-025,S-IOMT-025-960,IMAGING,EP-IND-09933
NET-09934,2026-01-01 23:48:09+00:00,1,IOMT-036,S-IOMT-036-961,EHR_READ,EP-IND-09934
NET-09935,2026-01-01 23:48:18+00:00,0,IOMT-029,S-IOMT-029-962,RESEARCH,EP-IND-09935
NET-09936,2026-01-01 23:48:25+00:00,0,IOMT-048,S-IOMT-048-963,IMAGING,EP-IND-09936
NET-09937,2026-01-01 23:48:39+00:00,0,IOMT-007,S-IOMT-007-964,EHR_READ,EP-IND-09937
NET-09938,2026-01-01 23:49:09+00:00,0,IOMT-005,S-IOMT-005-965,LAB_RESULTS,EP-IND-09938
NET-09939,2026-01-01 23:49:09+00:00,0,IOMT-038,S-IOMT-038-966,EHR_WRITE,EP-IND-09939
NET-09940,2026-01-01 23:49:29+00:00,0,IOMT-020,S-IOMT-020-967,LAB_RESULTS,EP-IND-09940
NET-09941,2026-01-01 23:49:51+00:00,0,IOMT-034,S-IOMT-034-968,RESEARCH,EP-IND-09941
NET-09942,2026-01-01 23:49:58+00:00,0,IOMT-029,S-IOMT-029-969,RESEARCH,EP-IND-09942
NET-09943,2026-01-01 23:50:03+00:00,0,IOMT-029,S-IOMT-029-970,RESEARCH,EP-IND-09943
NET-09944,2026-01-01 23:50:06+00:00,0,IOMT-000,S-IOMT-000-971,IMAGING,EP-IND-09944
NET-09945,2026-01-01 23:50:09+00:00,0,IOMT-026,S-IOMT-026-972,EHR_WRITE,EP-IND-09945
NET-09946,2026-01-01 23:50:38+00:00,0,IOMT-007,S-IOMT-007-973,RESEARCH,EP-IND-09946
NET-09947,2026-01-01 23:50:40+00:00,0,IOMT-032,S-IOMT-032-974,LAB_RESULTS,EP-IND-09947
NET-09948,2026-01-01 23:50:51+00:00,0,IOMT-021,S-IOMT-021-975,LAB_RESULTS,EP-IND-09948
NET-09949,2026-01-01 23:51:21+00:00,0,IOMT-025,S-IOMT-025-976,EHR_READ,EP-IND-09949
NET-09950,2026-01-01 23:51:24+00:00,0,IOMT-010,S-IOMT-010-977,EHR_WRITE,EP-IND-09950
NET-09951,2026-01-01 23:51:32+00:00,0,IOMT-023,S-IOMT-023-978,RESEARCH,EP-IND-09951
NET-09952,2026-01-01 23:51:52+00:00,0,IOMT-037,S-IOMT-037-979,RESEARCH,EP-IND-09952
NET-09953,2026-01-01 23:51:53+00:00,0,IOMT-049,S-IOMT-049-980,LAB_RESULTS,EP-IND-09953
NET-09954,2026-01-01 23:52:02+00:00,0,IOMT-040,S-IOMT-040-981,EHR_READ,EP-IND-09954
NET-09955,2026-01-01 23:52:07+00:00,0,IOMT-041,S-IOMT-041-982,RESEARCH,EP-IND-09955
NET-09956,2026-01-01 23:52:08+00:00,1,IOMT-032,S-IOMT-032-983,RESEARCH,EP-IND-09956
NET-09957,2026-01-01 23:52:15+00:00,0,IOMT-009,S-IOMT-009-984,EHR_READ,EP-IND-09957
NET-09958,2026-01-01 23:52:18+00:00,0,IOMT-001,S-IOMT-001-985,EHR_WRITE,EP-IND-09958
NET-09959,2026-01-01 23:52:38+00:00,0,IOMT-047,S-IOMT-047-986,RESEARCH,EP-IND-09959
NET-09960,2026-01-01 23:52:42+00:00,0,IOMT-029,S-IOMT-029-987,EHR_WRITE,EP-IND-09960
NET-09961,2026-01-01 23:52:54+00:00,0,IOMT-011,S-IOMT-011-988,IMAGING,EP-IND-09961
NET-09962,2026-01-01 23:52:55+00:00,0,IOMT-001,S-IOMT-001-989,RESEARCH,EP-IND-09962
NET-09963,2026-01-01 23:52:59+00:00,0,IOMT-010,S-IOMT-010-990,RESEARCH,EP-IND-09963
NET-09964,2026-01-01 23:53:04+00:00,0,IOMT-026,S-IOMT-026-991,IMAGING,EP-IND-09964
NET-09965,2026-01-01 23:53:30+00:00,0,IOMT-041,S-IOMT-041-992,EHR_WRITE,EP-IND-09965
NET-09966,2026-01-01 23:53:33+00:00,0,IOMT-046,S-IOMT-046-993,IMAGING,EP-IND-09966
NET-09967,2026-01-01 23:53:37+00:00,0,IOMT-027,S-IOMT-027-994,LAB_RESULTS,EP-IND-09967
NET-09968,2026-01-01 23:54:04+00:00,0,IOMT-003,S-IOMT-003-995,EHR_WRITE,EP-IND-09968
NET-09969,2026-01-01 23:54:09+00:00,0,IOMT-044,S-IOMT-044-996,LAB_RESULTS,EP-IND-09969
NET-09970,2026-01-01 23:54:20+00:00,0,IOMT-039,S-IOMT-039-0,IMAGING,EP-IND-09970
NET-09971,2026-01-01 23:54:40+00:00,0,IOMT-037,S-IOMT-037-1,EHR_READ,EP-IND-09971
NET-09972,2026-01-01 23:54:41+00:00,0,IOMT-020,S-IOMT-020-2,EHR_READ,EP-IND-09972
NET-09973,2026-01-01 23:54:51+00:00,0,IOMT-033,S-IOMT-033-3,EHR_READ,EP-IND-09973
NET-09974,2026-01-01 23:55:22+00:00,0,IOMT-031,S-IOMT-031-4,IMAGING,EP-IND-09974
NET-09975,2026-01-01 23:55:46+00:00,0,IOMT-000,S-IOMT-000-5,EHR_READ,EP-IND-09975
NET-09976,2026-01-01 23:55:55+00:00,0,IOMT-016,S-IOMT-016-6,RESEARCH,EP-IND-09976
NET-09977,2026-01-01 23:56:06+00:00,0,IOMT-013,S-IOMT-013-7,RESEARCH,EP-IND-09977
NET-09978,2026-01-01 23:56:11+00:00,0,IOMT-037,S-IOMT-037-8,IMAGING,EP-IND-09978
NET-09979,2026-01-01 23:56:12+00:00,0,IOMT-026,S-IOMT-026-9,EHR_READ,EP-IND-09979
NET-09980,2026-01-01 23:56:12+00:00,0,IOMT-002,S-IOMT-002-10,RESEARCH,EP-IND-09980
NET-09981,2026-01-01 23:56:25+00:00,0,IOMT-008,S-IOMT-008-11,EHR_READ,EP-IND-09981
NET-09982,2026-01-01 23:56:28+00:00,0,IOMT-036,S-IOMT-036-12,RESEARCH,EP-IND-09982
NET-09983,2026-01-01 23:56:42+00:00,0,IOMT-036,S-IOMT-036-13,IMAGING,EP-IND-09983
NET-09984,2026-01-01 23:56:49+00:00,0,IOMT-003,S-IOMT-003-14,LAB_RESULTS,EP-IND-09984
NET-09985,2026-01-01 23:57:28+00:00,0,IOMT-042,S-IOMT-042-15,LAB_RESULTS,EP-IND-09985
NET-09986,2026-01-01 23:57:29+00:00,0,IOMT-046,S-IOMT-046-16,LAB_RESULTS,EP-IND-09986
NET-09987,2026-01-01 23:57:45+00:00,0,IOMT-043,S-IOMT-043-17,EHR_READ,EP-IND-09987
NET-09988,2026-01-01 23:57:59+00:00,0,IOMT-040,S-IOMT-040-18,LAB_RESULTS,EP-IND-09988
NET-09989,2026-01-01 23:57:59+00:00,0,IOMT-023,S-IOMT-023-19,IMAGING,EP-IND-09989
NET-09990,2026-01-01 23:58:22+00:00,0,IOMT-032,S-IOMT-032-20,EHR_READ,EP-IND-09990
NET-09991,2026-01-01 23:58:31+00:00,0,IOMT-048,S-IOMT-048-21,LAB_RESULTS,EP-IND-09991
NET-09992,2026-01-01 23:58:34+00:00,0,IOMT-014,S-IOMT-014-22,RESEARCH,EP-IND-09992
NET-09993,2026-01-01 23:58:55+00:00,0,IOMT-041,S-IOMT-041-23,EHR_READ,EP-IND-09993
NET-09994,2026-01-01 23:59:08+00:00,0,IOMT-017,S-IOMT-017-24,EHR_READ,EP-IND-09994
NET-09995,2026-01-01 23:59:19+00:00,0,IOMT-008,S-IOMT-008-25,RESEARCH,EP-IND-09995
NET-09996,2026-01-01 23:59:25+00:00,0,IOMT-010,S-IOMT-010-26,IMAGING,EP-IND-09996
NET-09997,2026-01-01 23:59:36+00:00,0,IOMT-025,S-IOMT-025-27,EHR_READ,EP-IND-09997
NET-09998,2026-01-01 23:59:52+00:00,0,IOMT-009,S-IOMT-009-28,EHR_WRITE,EP-IND-09998
NET-09999,2026-01-01 23:59:54+00:00,0,IOMT-023,S-IOMT-023-29,LAB_RESULTS,EP-IND-09999
