net_event,reason
NET-00000,device_session_mismatch
NET-00001,device_session_mismatch
NET-00002,device_session_mismatch
NET-00003,device_session_mismatch
NET-00004,device_session_mismatch
NET-00005,device_session_mismatch
NET-00006,consent_scope_mismatch
NET-00007,consent_scope_mismatch
NET-00008,device_session_mismatch
NET-00009,device_session_mismatch
NET-00010,consent_scope_mismatch
NET-00011,device_session_mismatch
NET-00013,device_session_mismatch
NET-00014,device_session_mismatch
NET-00015,consent_scope_mismatch
NET-00016,device_session_mismatch
NET-00017,device_session_mismatch
NET-00018,device_session_mismatch
NET-00019,device_session_mismatch
NET-00020,device_session_mismatch
NET-00021,consent_scope_mismatch
NET-00022,device_session_mismatch
NET-00023,device_session_mismatch
NET-00024,device_session_mismatch
NET-00025,consent_scope_mismatch
NET-00026,device_session_mismatch
NET-00027,consent_scope_mismatch
NET-00028,device_session_mismatch
NET-00029,device_session_mismatch
NET-00030,device_session_mismatch
NET-00031,device_session_mismatch
NET-00032,device_session_mismatch
NET-00033,device_session_mismatch
NET-00034,device_session_mismatch
NET-00035,consent_scope_mismatch
NET-00036,device_session_mismatch
NET-00037,device_session_mismatch
NET-00038,device_session_mismatch
NET-00039,consent_scope_mismatch
NET-00040,consent_scope_mismatch
NET-00041,device_session_mismatch
NET-00042,device_session_mismatch
NET-00043,device_session_mismatch
NET-00044,consent_scope_mismatch
NET-00045,device_session_mismatch
NET-00046,device_session_mismatch
NET-00047,device_session_mismatch
NET-00048,device_session_mismatch
NET-00049,device_session_mismatch
NET-00050,consent_scope_mismatch
NET-00051,consent_scope_mismatch
NET-00052,consent_scope_mismatch
NET-00053,device_session_mismatch
NET-00054,consent_scope_mismatch
NET-00055,device_session_mismatch
NET-00056,device_session_mismatch
NET-00057,consent_scope_mismatch
NET-00058,consent_scope_mismatch
NET-00059,device_session_mismatch
NET-00060,device_session_mismatch
NET-00061,device_session_mismatch
NET-00062,device_session_mismatch
NET-00063,consent_scope_mismatch
NET-00064,device_session_mismatch
NET-00065,consent_scope_mismatch
NET-00066,device_session_mismatch
NET-00067,device_session_mismatch
NET-00068,consent_scope_mismatch
NET-00069,device_session_mismatch
NET-00070,device_session_mismatch
NET-00071,consent_scope_mismatch
NET-00072,device_session_mismatch
NET-00073,device_session_mismatch
NET-00074,device_session_mismatch
NET-00075,device_session_mismatch
NET-00076,device_session_mismatch
NET-00077,device_session_mismatch
NET-00078,consent_scope_mismatch
NET-00079,device_session_mismatch
NET-00080,consent_scope_mismatch
NET-00081,device_session_mismatch
NET-00082,device_session_mismatch
NET-00083,device_session_mismatch
NET-00084,device_session_mismatch
NET-00085,device_session_mismatch
NET-00086,device_session_mismatch
NET-00087,device_session_mismatch
NET-00088,device_session_mismatch
NET-00089,device_session_mismatch
NET-00090,device_session_mismatch
NET-00091,device_session_mismatch
NET-00092,consent_scope_mismatch
NET-00093,device_session_mismatch
NET-00094,device_session_mismatch
NET-00095,device_session_mismatch
NET-00096,device_session_mismatch
NET-00097,device_session_mismatch
NET-00098,device_session_mismatch
NET-00099,device_session_mismatch
NET-00100,device_session_mismatch
NET-00101,consent_scope_mismatch
NET-00102,consent_scope_mismatch
NET-00103,consent_scope_mismatch
NET-00104,consent_scope_mismatch
NET-00105,device_session_mismatch
NET-00107,device_session_mismatch
NET-00108,consent_scope_mismatch
NET-00109,device_session_mismatch
NET-00110,device_session_mismatch
NET-00111,consent_scope_mismatch
NET-00112,device_session_mismatch
NET-00113,device_session_mismatch
NET-00114,device_session_mismatch
NET-00115,device_session_mismatch
NET-00116,device_session_mismatch
NET-00117,device_session_mismatch
NET-00118,device_session_mismatch
NET-00119,consent_scope_mismatch
NET-00121,device_session_mismatch
NET-00122,consent_scope_mismatch
NET-00123,device_session_mismatch
NET-00124,device_session_mismatch
NET-00125,consent_scope_mismatch
NET-00126,consent_scope_mismatch
NET-00127,consent_scope_mismatch
NET-00128,device_session_mismatch
NET-00129,consent_scope_mismatch
NET-00130,device_session_mismatch
NET-00131,consent_scope_mismatch
NET-00132,device_session_mismatch
NET-00133,consent_scope_mismatch
NET-00134,device_session_mismatch
NET-00135,device_session_mismatch
NET-00136,consent_scope_mismatch
NET-00137,device_session_mismatch
NET-00138,device_session_mismatch
NET-00139,consent_scope_mismatch
NET-00140,consent_scope_mismatch
NET-00141,consent_scope_mismatch
NET-00142,device_session_mismatch
NET-00143,device_session_mismatch
NET-00144,device_session_mismatch
NET-00145,device_session_mismatch
NET-00146,device_session_mismatch
NET-00147,device_session_mismatch
NET-00148,device_session_mismatch
NET-00149,device_session_mismatch
NET-00150,device_session_mismatch
NET-00151,device_session_mismatch
NET-00152,device_session_mismatch
NET-00153,device_session_mismatch
NET-00154,device_session_mismatch
NET-00155,device_session_mismatch
NET-00156,device_session_mismatch
NET-00157,device_session_mismatch
NET-00158,device_session_mismatch
NET-00159,consent_scope_mismatch
NET-00160,device_session_mismatch
NET-00161,device_session_mismatch
NET-00162,device_session_mismatch
NET-00163,consent_scope_mismatch
NET-00164,device_session_mismatch
NET-00165,consent_scope_mismatch
NET-00166,consent_scope_mismatch
NET-00167,device_session_mismatch
NET-00168,consent_scope_mismatch
NET-00169,device_session_mismatch
NET-00170,device_session_mismatch
NET-00171,device_session_mismatch
NET-00172,device_session_mismatch
NET-00173,device_session_mismatch
NET-00174,consent_scope_mismatch
NET-00175,device_session_mismatch
NET-00176,consent_scope_mismatch
NET-00177,device_session_mismatch
NET-00178,device_session_mismatch
NET-00179,device_session_mismatch
NET-00180,consent_scope_mismatch
NET-00181,consent_scope_mismatch
NET-00182,device_session_mismatch
NET-00183,device_session_mismatch
NET-00184,device_session_mismatch
NET-00185,device_session_mismatch
NET-00186,device_session_mismatch
NET-00187,consent_scope_mismatch
NET-00188,consent_scope_mismatch
NET-00189,device_session_mismatch
NET-00190,device_session_mismatch
NET-00193,device_session_mismatch
NET-00194,device_session_mismatch
NET-00195,device_session_mismatch
NET-00196,device_session_mismatch
NET-00197,device_session_mismatch
NET-00198,device_session_mismatch
NET-00199,device_session_mismatch
NET-00200,device_session_mismatch
NET-00201,consent_scope_mismatch
NET-00203,device_session_mismatch
NET-00204,consent_scope_mismatch
NET-00205,consent_scope_mismatch
NET-00206,device_session_mismatch
NET-00207,device_session_mismatch
NET-00208,device_session_mismatch
NET-00209,device_session_mismatch
NET-00210,consent_scope_mismatch
NET-00211,device_session_mismatch
NET-00212,device_session_mismatch
NET-00213,consent_scope_mismatch
NET-00214,device_session_mismatch
NET-00215,device_session_mismatch
NET-00216,device_session_mismatch
NET-00217,device_session_mismatch
NET-00218,device_session_mismatch
NET-00219,device_session_mismatch
NET-00220,consent_scope_mismatch
NET-00221,device_session_mismatch
NET-00222,consent_scope_mismatch
NET-00223,device_session_mismatch
NET-00224,device_session_mismatch
NET-00225,consent_scope_mismatch
NET-00226,device_session_mismatch
NET-00227,consent_scope_mismatch
NET-00228,device_session_mismatch
NET-00229,device_session_mismatch
NET-00230,device_session_mismatch
NET-00231,device_session_mismatch
NET-00232,device_session_mismatch
NET-00233,consent_scope_mismatch
NET-00234,device_session_mismatch
NET-00235,device_session_mismatch
NET-00236,device_session_mismatch
NET-00237,device_session_mismatch
NET-00238,device_session_mismatch
NET-00239,device_session_mismatch
NET-00240,device_session_mismatch
NET-00241,consent_scope_mismatch
NET-00242,device_session_mismatch
NET-00243,consent_scope_mismatch
NET-00244,consent_scope_mismatch
NET-00245,device_session_mismatch
NET-00246,device_session_mismatch
NET-00247,device_session_mismatch
NET-00248,device_session_mismatch
NET-00249,device_session_mismatch
NET-00250,device_session_mismatch
NET-00251,device_session_mismatch
NET-00252,device_session_mismatch
NET-00253,device_session_mismatch
NET-00254,device_session_mismatch
NET-00255,consent_scope_mismatch
NET-00256,device_session_mismatch
NET-00257,device_session_mismatch
NET-00258,device_session_mismatch
NET-00259,consent_scope_mismatch
NET-00260,device_session_mismatch
NET-00261,device_session_mismatch
NET-00262,device_session_mismatch
NET-00263,device_session_mismatch
NET-00264,consent_scope_mismatch
NET-00265,device_session_mismatch
NET-00266,device_session_mismatch
NET-00267,device_session_mismatch
NET-00268,device_session_mismatch
NET-00269,consent_scope_mismatch
NET-00270,device_session_mismatch
NET-00271,device_session_mismatch
NET-00272,device_session_mismatch
NET-00273,device_session_mismatch
NET-00274,device_session_mismatch
NET-00275,device_session_mismatch
NET-00276,device_session_mismatch
NET-00277,device_session_mismatch
NET-00278,device_session_mismatch
NET-00279,device_session_mismatch
NET-00280,device_session_mismatch
NET-00281,device_session_mismatch
NET-00282,device_session_mismatch
NET-00283,device_session_mismatch
NET-00284,device_session_mismatch
NET-00285,consent_scope_mismatch
NET-00286,device_session_mismatch
NET-00287,device_session_mismatch
NET-00288,device_session_mismatch
NET-00289,device_session_mismatch
NET-00290,device_session_mismatch
NET-00291,device_session_mismatch
NET-00292,device_session_mismatch
NET-00293,device_session_mismatch
NET-00294,consent_scope_mismatch
NET-00295,device_session_mismatch
NET-00296,consent_scope_mismatch
NET-00297,consent_scope_mismatch
NET-00298,device_session_mismatch
NET-00299,device_session_mismatch
NET-00300,device_session_mismatch
NET-00301,consent_scope_mismatch
NET-00302,device_session_mismatch
NET-00303,device_session_mismatch
NET-00304,device_session_mismatch
NET-00305,device_session_mismatch
NET-00306,device_session_mismatch
NET-00307,consent_scope_mismatch
NET-00308,device_session_mismatch
NET-00309,device_session_mismatch
NET-00310,device_session_mismatch
NET-00311,device_session_mismatch
NET-00312,consent_scope_mismatch
NET-00313,device_session_mismatch
NET-00314,device_session_mismatch
NET-00315,device_session_mismatch
NET-00316,device_session_mismatch
NET-00317,device_session_mismatch
NET-00318,device_session_mismatch
NET-00319,device_session_mismatch
NET-00320,device_session_mismatch
NET-00321,device_session_mismatch
NET-00322,device_session_mismatch
NET-00323,consent_scope_mismatch
NET-00324,device_session_mismatch
NET-00325,device_session_mismatch
NET-00326,device_session_mismatch
NET-00327,device_session_mismatch
NET-00328,consent_scope_mismatch
NET-00329,device_session_mismatch
NET-00330,consent_scope_mismatch
NET-00331,consent_scope_mismatch
NET-00332,consent_scope_mismatch
NET-00333,device_session_mismatch
NET-00334,device_session_mismatch
NET-00335,device_session_mismatch
NET-00336,device_session_mismatch
NET-00337,device_session_mismatch
NET-00338,device_session_mismatch
NET-00339,consent_scope_mismatch
NET-00340,device_session_mismatch
NET-00341,device_session_mismatch
NET-00342,device_session_mismatch
NET-00343,device_session_mismatch
NET-00344,device_session_mismatch
NET-00346,consent_scope_mismatch
NET-00347,device_session_mismatch
NET-00348,device_session_mismatch
NET-00349,device_session_mismatch
NET-00350,consent_scope_mismatch
NET-00351,device_session_mismatch
NET-00352,device_session_mismatch
NET-00353,consent_scope_mismatch
NET-00354,device_session_mismatch
NET-00355,device_session_mismatch
NET-00356,device_session_mismatch
NET-00357,consent_scope_mismatch
NET-00358,device_session_mismatch
NET-00359,consent_scope_mismatch
NET-00360,device_session_mismatch
NET-00361,device_session_mismatch
NET-00362,device_session_mismatch
NET-00363,consent_scope_mismatch
NET-00364,device_session_mismatch
NET-00365,device_session_mismatch
NET-00366,device_session_mismatch
NET-00367,consent_scope_mismatch
NET-00368,device_session_mismatch
NET-00369,device_session_mismatch
NET-00370,consent_scope_mismatch
NET-00371,consent_scope_mismatch
NET-00372,device_session_mismatch
NET-00373,device_session_mismatch
NET-00374,device_session_mismatch
NET-00375,device_session_mismatch
NET-00376,consent_scope_mismatch
NET-00377,consent_scope_mismatch
NET-00378,device_session_mismatch
NET-00379,device_session_mismatch
NET-00380,device_session_mismatch
NET-00381,consent_scope_mismatch
NET-00382,device_session_mismatch
NET-00383,device_session_mismatch
NET-00384,device_session_mismatch
NET-00385,consent_scope_mismatch
NET-00386,device_session_mismatch
NET-00387,consent_scope_mismatch
NET-00388,device_session_mismatch
NET-00389,device_session_mismatch
NET-00390,consent_scope_mismatch
NET-00391,consent_scope_mismatch
NET-00392,device_session_mismatch
NET-00393,consent_scope_mismatch
NET-00394,consent_scope_mismatch
NET-00395,device_session_mismatch
NET-00396,device_session_mismatch
NET-00397,device_session_mismatch
NET-00398,device_session_mismatch
NET-00399,device_session_mismatch
NET-00400,consent_scope_mismatch
NET-00401,device_session_mismatch
NET-00402,device_session_mismatch
NET-00403,consent_scope_mismatch
NET-00404,consent_scope_mismatch
NET-00405,device_session_mismatch
NET-00406,consent_scope_mismatch
NET-00407,device_session_mismatch
NET-00408,device_session_mismatch
NET-00409,consent_scope_mismatch
NET-00410,device_session_mismatch
NET-00411,consent_scope_mismatch
NET-00412,device_session_mismatch
NET-00413,consent_scope_mismatch
NET-00414,device_session_mismatch
NET-00415,device_session_mismatch
NET-00416,device_session_mismatch
NET-00417,device_session_mismatch
NET-00418,device_session_mismatch
NET-00419,device_session_mismatch
NET-00420,device_session_mismatch
NET-00421,consent_scope_mismatch
NET-00422,consent_scope_mismatch
NET-00423,consent_scope_mismatch
NET-00424,device_session_mismatch
NET-00425,consent_scope_mismatch
NET-00426,consent_scope_mismatch
NET-00427,device_session_mismatch
NET-00428,device_session_mismatch
NET-00429,device_session_mismatch
NET-00430,device_session_mismatch
NET-00431,device_session_mismatch
NET-00432,device_session_mismatch
NET-00433,device_session_mismatch
NET-00434,device_session_mismatch
NET-00435,device_session_mismatch
NET-00436,device_session_mismatch
NET-00437,device_session_mismatch
NET-00438,device_session_mismatch
NET-00439,device_session_mismatch
NET-00440,device_session_mismatch
NET-00441,device_session_mismatch
NET-00442,device_session_mismatch
NET-00443,device_session_mismatch
NET-00444,device_session_mismatch
NET-00445,device_session_mismatch
NET-00446,consent_scope_mismatch
NET-00447,device_session_mismatch
NET-00448,device_session_mismatch
NET-00449,device_session_mismatch
NET-00450,device_session_mismatch
NET-00451,consent_scope_mismatch
NET-00452,device_session_mismatch
NET-00453,device_session_mismatch
NET-00454,device_session_mismatch
NET-00455,device_session_mismatch
NET-00456,device_session_mismatch
NET-00457,consent_scope_mismatch
NET-00458,device_session_mismatch
NET-00459,device_session_mismatch
NET-00460,device_session_mismatch
NET-00461,device_session_mismatch
NET-00462,device_session_mismatch
NET-00463,device_session_mismatch
NET-00464,device_session_mismatch
NET-00465,device_session_mismatch
NET-00466,device_session_mismatch
NET-00467,device_session_mismatch
NET-00469,consent_scope_mismatch
NET-00470,device_session_mismatch
NET-00471,consent_scope_mismatch
NET-00472,device_session_mismatch
NET-00473,consent_scope_mismatch
NET-00474,device_session_mismatch
NET-00475,device_session_mismatch
NET-00476,consent_scope_mismatch
NET-00477,consent_scope_mismatch
NET-00478,device_session_mismatch
NET-00479,consent_scope_mismatch
NET-00480,consent_scope_mismatch
NET-00481,device_session_mismatch
NET-00482,device_session_mismatch
NET-00483,consent_scope_mismatch
NET-00484,device_session_mismatch
NET-00485,device_session_mismatch
NET-00486,device_session_mismatch
NET-00487,device_session_mismatch
NET-00488,consent_scope_mismatch
NET-00489,device_session_mismatch
NET-00490,device_session_mismatch
NET-00491,consent_scope_mismatch
NET-00492,device_session_mismatch
NET-00493,device_session_mismatch
NET-00494,device_session_mismatch
NET-00495,consent_scope_mismatch
NET-00496,device_session_mismatch
NET-00497,device_session_mismatch
NET-00498,device_session_mismatch
NET-00499,device_session_mismatch
NET-00500,device_session_mismatch
NET-00501,device_session_mismatch
NET-00502,device_session_mismatch
NET-00503,device_session_mismatch
NET-00504,device_session_mismatch
NET-00505,device_session_mismatch
NET-00507,device_session_mismatch
NET-00508,device_session_mismatch
NET-00509,device_session_mismatch
NET-00510,consent_scope_mismatch
NET-00511,consent_scope_mismatch
NET-00512,device_session_mismatch
NET-00513,device_session_mismatch
NET-00514,device_session_mismatch
NET-00515,device_session_mismatch
NET-00516,device_session_mismatch
NET-00517,device_session_mismatch
NET-00518,device_session_mismatch
NET-00519,device_session_mismatch
NET-00520,consent_scope_mismatch
NET-00521,device_session_mismatch
NET-00522,device_session_mismatch
NET-00523,device_session_mismatch
NET-00524,device_session_mismatch
NET-00525,device_session_mismatch
NET-00526,device_session_mismatch
NET-00527,consent_scope_mismatch
NET-00528,device_session_mismatch
NET-00529,consent_scope_mismatch
NET-00530,device_session_mismatch
NET-00531,consent_scope_mismatch
NET-00532,consent_scope_mismatch
NET-00533,device_session_mismatch
NET-00534,device_session_mismatch
NET-00535,device_session_mismatch
NET-00536,device_session_mismatch
NET-00537,device_session_mismatch
NET-00538,device_session_mismatch
NET-00539,device_session_mismatch
NET-00540,device_session_mismatch
NET-00541,consent_scope_mismatch
NET-00542,consent_scope_mismatch
NET-00543,device_session_mismatch
NET-00544,device_session_mismatch
NET-00545,device_session_mismatch
NET-00546,device_session_mismatch
NET-00547,device_session_mismatch
NET-00548,device_session_mismatch
NET-00549,device_session_mismatch
NET-00550,device_session_mismatch
NET-00551,device_session_mismatch
NET-00552,device_session_mismatch
NET-00553,device_session_mismatch
NET-00554,device_session_mismatch
NET-00555,device_session_mismatch
NET-00556,device_session_mismatch
NET-00557,device_session_mismatch
NET-00558,consent_scope_mismatch
NET-00559,device_session_mismatch
NET-00560,device_session_mismatch
NET-00561,consent_scope_mismatch
NET-00562,device_session_mismatch
NET-00563,device_session_mismatch
NET-00564,device_session_mismatch
NET-00565,device_session_mismatch
NET-00566,device_session_mismatch
NET-00567,device_session_mismatch
NET-00568,device_session_mismatch
NET-00569,device_session_mismatch
NET-00570,device_session_mismatch
NET-00571,device_session_mismatch
NET-00572,device_session_mismatch
NET-00573,device_session_mismatch
NET-00574,device_session_mismatch
NET-00575,consent_scope_mismatch
NET-00576,device_session_mismatch
NET-00577,consent_scope_mismatch
NET-00578,consent_scope_mismatch
NET-00579,device_session_mismatch
NET-00580,device_session_mismatch
NET-00581,device_session_mismatch
NET-00582,device_session_mismatch
NET-00583,device_session_mismatch
NET-00584,consent_scope_mismatch
NET-00585,device_session_mismatch
NET-00586,device_session_mismatch
NET-00587,device_session_mismatch
NET-00588,device_session_mismatch
NET-00589,consent_scope_mismatch
NET-00590,device_session_mismatch
NET-00591,consent_scope_mismatch
NET-00592,device_session_mismatch
NET-00593,device_session_mismatch
NET-00594,device_session_mismatch
NET-00595,consent_scope_mismatch
NET-00596,consent_scope_mismatch
NET-00597,device_session_mismatch
NET-00598,device_session_mismatch
NET-00599,device_session_mismatch
NET-00600,device_session_mismatch
NET-00601,device_session_mismatch
NET-00602,device_session_mismatch
NET-00603,device_session_mismatch
NET-00604,device_session_mismatch
NET-00605,device_session_mismatch
NET-00606,device_session_mismatch
NET-00607,consent_scope_mismatch
NET-00608,device_session_mismatch
NET-00609,device_session_mismatch
NET-00610,device_session_mismatch
NET-00611,device_session_mismatch
NET-00612,consent_scope_mismatch
NET-00613,device_session_mismatch
NET-00614,consent_scope_mismatch
NET-00615,consent_scope_mismatch
NET-00616,device_session_mismatch
NET-00617,consent_scope_mismatch
NET-00618,device_session_mismatch
NET-00619,consent_scope_mismatch
NET-00620,consent_scope_mismatch
NET-00621,device_session_mismatch
NET-00622,device_session_mismatch
NET-00623,device_session_mismatch
NET-00625,device_session_mismatch
NET-00626,device_session_mismatch
NET-00627,device_session_mismatch
NET-00628,device_session_mismatch
NET-00629,consent_scope_mismatch
NET-00630,device_session_mismatch
NET-00631,device_session_mismatch
NET-00632,device_session_mismatch
NET-00633,device_session_mismatch
NET-00634,device_session_mismatch
NET-00635,device_session_mismatch
NET-00636,device_session_mismatch
NET-00637,device_session_mismatch
NET-00638,device_session_mismatch
NET-00639,device_session_mismatch
NET-00640,device_session_mismatch
NET-00641,consent_scope_mismatch
NET-00642,device_session_mismatch
NET-00643,device_session_mismatch
NET-00644,device_session_mismatch
NET-00645,device_session_mismatch
NET-00646,device_session_mismatch
NET-00647,device_session_mismatch
NET-00648,device_session_mismatch
NET-00649,device_session_mismatch
NET-00650,device_session_mismatch
NET-00651,device_session_mismatch
NET-00652,device_session_mismatch
NET-00653,device_session_mismatch
NET-00654,device_session_mismatch
NET-00655,device_session_mismatch
NET-00656,consent_scope_mismatch
NET-00657,device_session_mismatch
NET-00658,device_session_mismatch
NET-00659,device_session_mismatch
NET-00660,consent_scope_mismatch
NET-00661,device_session_mismatch
NET-00662,device_session_mismatch
NET-00663,device_session_mismatch
NET-00664,device_session_mismatch
NET-00665,device_session_mismatch
NET-00666,consent_scope_mismatch
NET-00667,device_session_mismatch
NET-00668,device_session_mismatch
NET-00669,consent_scope_mismatch
NET-00670,device_session_mismatch
NET-00671,consent_scope_mismatch
NET-00672,device_session_mismatch
NET-00673,device_session_mismatch
NET-00674,device_session_mismatch
NET-00675,device_session_mismatch
NET-00676,consent_scope_mismatch
NET-00677,device_session_mismatch
NET-00678,device_session_mismatch
NET-00679,device_session_mismatch
NET-00680,device_session_mismatch
NET-00681,device_session_mismatch
NET-00682,device_session_mismatch
NET-00683,device_session_mismatch
NET-00684,consent_scope_mismatch
NET-00685,device_session_mismatch
NET-00686,device_session_mismatch
NET-00688,device_session_mismatch
NET-00689,consent_scope_mismatch
NET-00690,device_session_mismatch
NET-00691,device_session_mismatch
NET-00692,consent_scope_mismatch
NET-00693,device_session_mismatch
NET-00694,device_session_mismatch
NET-00695,consent_scope_mismatch
NET-00696,device_session_mismatch
NET-00697,consent_scope_mismatch
NET-00698,device_session_mismatch
NET-00699,device_session_mismatch
NET-00700,device_session_mismatch
NET-00701,device_session_mismatch
NET-00702,device_session_mismatch
NET-00703,consent_scope_mismatch
NET-00704,consent_scope_mismatch
NET-00705,device_session_mismatch
NET-00706,device_session_mismatch
NET-00707,consent_scope_mismatch
NET-00708,device_session_mismatch
NET-00709,device_session_mismatch
NET-00710,device_session_mismatch
NET-00711,device_session_mismatch
NET-00712,device_session_mismatch
NET-00713,device_session_mismatch
NET-00714,device_session_mismatch
NET-00715,device_session_mismatch
NET-00716,consent_scope_mismatch
NET-00717,device_session_mismatch
NET-00718,device_session_mismatch
NET-00719,device_session_mismatch
NET-00720,device_session_mismatch
NET-00721,device_session_mismatch
NET-00722,device_session_mismatch
NET-00723,device_session_mismatch
NET-00724,device_session_mismatch
NET-00725,device_session_mismatch
NET-00726,device_session_mismatch
NET-00727,device_session_mismatch
NET-00728,device_session_mismatch
NET-00729,consent_scope_mismatch
NET-00731,consent_scope_mismatch
NET-00732,device_session_mismatch
NET-00733,consent_scope_mismatch
NET-00734,consent_scope_mismatch
NET-00735,consent_scope_mismatch
NET-00736,consent_scope_mismatch
NET-00737,device_session_mismatch
NET-00738,device_session_mismatch
NET-00739,device_session_mismatch
NET-00740,consent_scope_mismatch
NET-00741,consent_scope_mismatch
NET-00742,device_session_mismatch
NET-00743,consent_scope_mismatch
NET-00744,device_session_mismatch
NET-00745,device_session_mismatch
NET-00746,device_session_mismatch
NET-00747,device_session_mismatch
NET-00748,device_session_mismatch
NET-00749,device_session_mismatch
NET-00750,consent_scope_mismatch
NET-00752,device_session_mismatch
NET-00753,device_session_mismatch
NET-00754,device_session_mismatch
NET-00755,consent_scope_mismatch
NET-00756,device_session_mismatch
NET-00757,device_session_mismatch
NET-00758,device_session_mismatch
NET-00759,device_session_mismatch
NET-00760,device_session_mismatch
NET-00761,device_session_mismatch
NET-00762,device_session_mismatch
NET-00764,device_session_mismatch
NET-00765,device_session_mismatch
NET-00766,consent_scope_mismatch
NET-00767,device_session_mismatch
NET-00768,device_session_mismatch
NET-00769,device_session_mismatch
NET-00770,device_session_mismatch
NET-00771,device_session_mismatch
NET-00773,consent_scope_mismatch
NET-00774,consent_scope_mismatch
NET-00775,device_session_mismatch
NET-00776,device_session_mismatch
NET-00777,device_session_mismatch
NET-00778,consent_scope_mismatch
NET-00779,device_session_mismatch
NET-00780,device_session_mismatch
NET-00781,device_session_mismatch
NET-00782,device_session_mismatch
NET-00783,device_session_mismatch
NET-00784,device_session_mismatch
NET-00785,device_session_mismatch
NET-00786,device_session_mismatch
NET-00787,device_session_mismatch
NET-00788,device_session_mismatch
NET-00789,device_session_mismatch
NET-00790,device_session_mismatch
NET-00791,device_session_mismatch
NET-00792,device_session_mismatch
NET-00793,device_session_mismatch
NET-00794,device_session_mismatch
NET-00795,device_session_mismatch
NET-00796,device_session_mismatch
NET-00797,device_session_mismatch
NET-00798,consent_scope_mismatch
NET-00799,consent_scope_mismatch
NET-00800,device_session_mismatch
NET-00801,device_session_mismatch
NET-00802,device_session_mismatch
NET-00803,consent_scope_mismatch
NET-00804,device_session_mismatch
NET-00805,consent_scope_mismatch
NET-00806,device_session_mismatch
NET-00807,device_session_mismatch
NET-00808,device_session_mismatch
NET-00809,device_session_mismatch
NET-00810,device_session_mismatch
NET-00811,consent_scope_mismatch
NET-00812,device_session_mismatch
NET-00813,device_session_mismatch
NET-00814,device_session_mismatch
NET-00815,device_session_mismatch
NET-00816,consent_scope_mismatch
NET-00817,consent_scope_mismatch
NET-00818,device_session_mismatch
NET-00819,device_session_mismatch
NET-00820,device_session_mismatch
NET-00821,device_session_mismatch
NET-00822,device_session_mismatch
NET-00823,device_session_mismatch
NET-00824,device_session_mismatch
NET-00825,device_session_mismatch
NET-00826,device_session_mismatch
NET-00827,device_session_mismatch
NET-00828,device_session_mismatch
NET-00829,device_session_mismatch
NET-00830,device_session_mismatch
NET-00831,consent_scope_mismatch
NET-00832,device_session_mismatch
NET-00833,device_session_mismatch
NET-00834,device_session_mismatch
NET-00835,device_session_mismatch
NET-00836,device_session_mismatch
NET-00837,device_session_mismatch
NET-00838,device_session_mismatch
NET-00839,consent_scope_mismatch
NET-00840,device_session_mismatch
NET-00841,device_session_mismatch
NET-00842,consent_scope_mismatch
NET-00843,consent_scope_mismatch
NET-00844,device_session_mismatch
NET-00845,device_session_mismatch
NET-00846,device_session_mismatch
NET-00847,consent_scope_mismatch
NET-00848,device_session_mismatch
NET-00849,device_session_mismatch
NET-00850,device_session_mismatch
NET-00851,device_session_mismatch
NET-00852,device_session_mismatch
NET-00853,consent_scope_mismatch
NET-00854,device_session_mismatch
NET-00855,device_session_mismatch
NET-00856,device_session_mismatch
NET-00857,consent_scope_mismatch
NET-00858,consent_scope_mismatch
NET-00859,device_session_mismatch
NET-00860,device_session_mismatch
NET-00861,device_session_mismatch
NET-00862,device_session_mismatch
NET-00863,device_session_mismatch
NET-00864,device_session_mismatch
NET-00865,consent_scope_mismatch
NET-00866,device_session_mismatch
NET-00867,consent_scope_mismatch
NET-00868,device_session_mismatch
NET-00869,consent_scope_mismatch
NET-00870,device_session_mismatch
NET-00871,device_session_mismatch
NET-00872,device_session_mismatch
NET-00873,device_session_mismatch
NET-00874,consent_scope_mismatch
NET-00875,consent_scope_mismatch
NET-00876,device_session_mismatch
NET-00877,device_session_mismatch
NET-00878,device_session_mismatch
NET-00879,device_session_mismatch
NET-00880,device_session_mismatch
NET-00881,consent_scope_mismatch
NET-00882,device_session_mismatch
NET-00883,device_session_mismatch
NET-00884,device_session_mismatch
NET-00885,device_session_mismatch
NET-00886,device_session_mismatch
NET-00887,device_session_mismatch
NET-00888,device_session_mismatch
NET-00889,device_session_mismatch
NET-00890,device_session_mismatch
NET-00891,consent_scope_mismatch
NET-00892,device_session_mismatch
NET-00893,device_session_mismatch
NET-00894,device_session_mismatch
NET-00895,device_session_mismatch
NET-00896,device_session_mismatch
NET-00897,device_session_mismatch
NET-00898,device_session_mismatch
NET-00899,consent_scope_mismatch
NET-00900,device_session_mismatch
NET-00901,consent_scope_mismatch
NET-00902,device_session_mismatch
NET-00903,device_session_mismatch
NET-00904,consent_scope_mismatch
NET-00905,device_session_mismatch
NET-00906,device_session_mismatch
NET-00907,consent_scope_mismatch
NET-00908,consent_scope_mismatch
NET-00909,device_session_mismatch
NET-00910,device_session_mismatch
NET-00911,device_session_mismatch
NET-00912,device_session_mismatch
NET-00913,device_session_mismatch
NET-00914,device_session_mismatch
NET-00915,device_session_mismatch
NET-00916,consent_scope_mismatch
NET-00917,consent_scope_mismatch
NET-00918,consent_scope_mismatch
NET-00919,device_session_mismatch
NET-00920,device_session_mismatch
NET-00921,device_session_mismatch
NET-00922,device_session_mismatch
NET-00923,consent_scope_mismatch
NET-00924,consent_scope_mismatch
NET-00925,device_session_mismatch
NET-00926,device_session_mismatch
NET-00927,consent_scope_mismatch
NET-00928,device_session_mismatch
NET-00929,consent_scope_mismatch
NET-00930,device_session_mismatch
NET-00931,consent_scope_mismatch
NET-00932,device_session_mismatch
NET-00933,device_session_mismatch
NET-00934,device_session_mismatch
NET-00935,device_session_mismatch
NET-00936,device_session_mismatch
NET-00937,device_session_mismatch
NET-00938,device_session_mismatch
NET-00939,device_session_mismatch
NET-00940,device_session_mismatch
NET-00941,consent_scope_mismatch
NET-00942,device_session_mismatch
NET-00943,device_session_mismatch
NET-00944,device_session_mismatch
NET-00945,device_session_mismatch
NET-00946,consent_scope_mismatch
NET-00947,device_session_mismatch
NET-00948,device_session_mismatch
NET-00949,device_session_mismatch
NET-00950,device_session_mismatch
NET-00951,device_session_mismatch
NET-00952,device_session_mismatch
NET-00953,consent_scope_mismatch
NET-00954,device_session_mismatch
NET-00955,device_session_mismatch
NET-00956,consent_scope_mismatch
NET-00957,device_session_mismatch
NET-00958,device_session_mismatch
NET-00959,device_session_mismatch
NET-00960,device_session_mismatch
NET-00961,device_session_mismatch
NET-00962,device_session_mismatch
NET-00963,device_session_mismatch
NET-00964,device_session_mismatch
NET-00965,device_session_mismatch
NET-00966,device_session_mismatch
NET-00967,device_session_mismatch
NET-00968,device_session_mismatch
NET-00969,device_session_mismatch
NET-00970,device_session_mismatch
NET-00971,consent_scope_mismatch
NET-00972,device_session_mismatch
NET-00973,device_session_mismatch
NET-00974,device_session_mismatch
NET-00975,device_session_mismatch
NET-00976,device_session_mismatch
NET-00977,device_session_mismatch
NET-00978,device_session_mismatch
NET-00979,consent_scope_mismatch
NET-00980,device_session_mismatch
NET-00981,device_session_mismatch
NET-00982,device_session_mismatch
NET-00983,device_session_mismatch
NET-00984,consent_scope_mismatch
NET-00985,device_session_mismatch
NET-00986,device_session_mismatch
NET-00987,consent_scope_mismatch
NET-00988,device_session_mismatch
NET-00989,consent_scope_mismatch
NET-00990,device_session_mismatch
NET-00991,device_session_mismatch
NET-00992,consent_scope_mismatch
NET-00993,device_session_mismatch
NET-00994,consent_scope_mismatch
NET-00995,device_session_mismatch
NET-00996,device_session_mismatch
NET-00997,device_session_mismatch
NET-00998,consent_scope_mismatch
NET-00999,device_session_mismatch
NET-01000,device_session_mismatch
NET-01001,consent_scope_mismatch
NET-01002,device_session_mismatch
NET-01003,device_session_mismatch
NET-01004,device_session_mismatch
NET-01005,device_session_mismatch
NET-01006,device_session_mismatch
NET-01007,device_session_mismatch
NET-01008,consent_scope_mismatch
NET-01009,device_session_mismatch
NET-01010,device_session_mismatch
NET-01011,consent_scope_mismatch
NET-01012,device_session_mismatch
NET-01013,device_session_mismatch
NET-01014,consent_scope_mismatch
NET-01015,consent_scope_mismatch
NET-01016,device_session_mismatch
NET-01017,device_session_mismatch
NET-01018,device_session_mismatch
NET-01019,device_session_mismatch
NET-01020,device_session_mismatch
NET-01021,device_session_mismatch
NET-01022,device_session_mismatch
NET-01023,device_session_mismatch
NET-01024,device_session_mismatch
NET-01025,consent_scope_mismatch
NET-01026,device_session_mismatch
NET-01027,device_session_mismatch
NET-01028,consent_scope_mismatch
NET-01029,device_session_mismatch
NET-01030,device_session_mismatch
NET-01031,device_session_mismatch
NET-01032,device_session_mismatch
NET-01033,device_session_mismatch
NET-01034,consent_scope_mismatch
NET-01035,consent_scope_mismatch
NET-01036,consent_scope_mismatch
NET-01037,device_session_mismatch
NET-01038,device_session_mismatch
NET-01039,device_session_mismatch
NET-01040,device_session_mismatch
NET-01041,consent_scope_mismatch
NET-01042,device_session_mismatch
NET-01043,device_session_mismatch
NET-01044,consent_scope_mismatch
NET-01045,device_session_mismatch
NET-01046,device_session_mismatch
NET-01047,device_session_mismatch
NET-01048,device_session_mismatch
NET-01049,consent_scope_mismatch
NET-01050,consent_scope_mismatch
NET-01051,device_session_mismatch
NET-01052,consent_scope_mismatch
NET-01053,device_session_mismatch
NET-01054,consent_scope_mismatch
NET-01055,device_session_mismatch
NET-01056,device_session_mismatch
NET-01057,device_session_mismatch
NET-01058,device_session_mismatch
NET-01059,consent_scope_mismatch
NET-01060,device_session_mismatch
NET-01061,consent_scope_mismatch
NET-01062,device_session_mismatch
NET-01063,consent_scope_mismatch
NET-01064,consent_scope_mismatch
NET-01065,device_session_mismatch
NET-01066,device_session_mismatch
NET-01067,device_session_mismatch
NET-01068,device_session_mismatch
NET-01069,device_session_mismatch
NET-01070,device_session_mismatch
NET-01071,device_session_mismatch
NET-01072,device_session_mismatch
NET-01073,consent_scope_mismatch
NET-01074,consent_scope_mismatch
NET-01075,device_session_mismatch
NET-01076,device_session_mismatch
NET-01077,consent_scope_mismatch
NET-01078,device_session_mismatch
NET-01079,device_session_mismatch
NET-01080,device_session_mismatch
NET-01081,consent_scope_mismatch
NET-01082,device_session_mismatch
NET-01083,consent_scope_mismatch
NET-01084,consent_scope_mismatch
NET-01085,consent_scope_mismatch
NET-01086,device_session_mismatch
NET-01087,device_session_mismatch
NET-01088,device_session_mismatch
NET-01089,device_session_mismatch
NET-01090,device_session_mismatch
NET-01091,consent_scope_mismatch
NET-01092,consent_scope_mismatch
NET-01093,device_session_mismatch
NET-01094,device_session_mismatch
NET-01095,device_session_mismatch
NET-01096,device_session_mismatch
NET-01097,consent_scope_mismatch
NET-01098,device_session_mismatch
NET-01099,consent_scope_mismatch
NET-01100,device_session_mismatch
NET-01101,device_session_mismatch
NET-01102,device_session_mismatch
NET-01103,consent_scope_mismatch
NET-01104,device_session_mismatch
NET-01105,device_session_mismatch
NET-01106,device_session_mismatch
NET-01107,consent_scope_mismatch
NET-01108,device_session_mismatch
NET-01109,consent_scope_mismatch
NET-01110,consent_scope_mismatch
NET-01111,consent_scope_mismatch
NET-01112,consent_scope_mismatch
NET-01113,device_session_mismatch
NET-01114,device_session_mismatch
NET-01115,device_session_mismatch
NET-01116,device_session_mismatch
NET-01117,device_session_mismatch
NET-01118,device_session_mismatch
NET-01119,device_session_mismatch
NET-01120,consent_scope_mismatch
NET-01121,consent_scope_mismatch
NET-01122,device_session_mismatch
NET-01123,device_session_mismatch
NET-01124,consent_scope_mismatch
NET-01125,device_session_mismatch
NET-01126,consent_scope_mismatch
NET-01127,device_session_mismatch
NET-01128,device_session_mismatch
NET-01129,device_session_mismatch
NET-01130,device_session_mismatch
NET-01131,device_session_mismatch
NET-01132,device_session_mismatch
NET-01133,device_session_mismatch
NET-01134,consent_scope_mismatch
NET-01135,device_session_mismatch
NET-01136,consent_scope_mismatch
NET-01137,device_session_mismatch
NET-01138,device_session_mismatch
NET-01139,device_session_mismatch
NET-01140,device_session_mismatch
NET-01141,device_session_mismatch
NET-01142,consent_scope_mismatch
NET-01143,device_session_mismatch
NET-01144,consent_scope_mismatch
NET-01145,consent_scope_mismatch
NET-01146,consent_scope_mismatch
NET-01147,device_session_mismatch
NET-01148,consent_scope_mismatch
NET-01149,consent_scope_mismatch
NET-01150,consent_scope_mismatch
NET-01151,device_session_mismatch
NET-01152,device_session_mismatch
NET-01153,device_session_mismatch
NET-01154,device_session_mismatch
NET-01155,device_session_mismatch
NET-01156,device_session_mismatch
NET-01157,consent_scope_mismatch
NET-01158,consent_scope_mismatch
NET-01159,consent_scope_mismatch
NET-01160,device_session_mismatch
NET-01161,device_session_mismatch
NET-01162,device_session_mismatch
NET-01163,device_session_mismatch
NET-01164,device_session_mismatch
NET-01165,device_session_mismatch
NET-01166,consent_scope_mismatch
NET-01167,device_session_mismatch
NET-01168,consent_scope_mismatch
NET-01169,consent_scope_mismatch
NET-01170,device_session_mismatch
NET-01171,device_session_mismatch
NET-01172,consent_scope_mismatch
NET-01173,consent_scope_mismatch
NET-01174,consent_scope_mismatch
NET-01175,consent_scope_mismatch
NET-01176,device_session_mismatch
NET-01177,device_session_mismatch
NET-01178,device_session_mismatch
NET-01179,device_session_mismatch
NET-01180,device_session_mismatch
NET-01181,device_session_mismatch
NET-01182,device_session_mismatch
NET-01183,device_session_mismatch
NET-01184,device_session_mismatch
NET-01185,device_session_mismatch
NET-01186,consent_scope_mismatch
NET-01187,device_session_mismatch
NET-01188,device_session_mismatch
NET-01189,consent_scope_mismatch
NET-01190,device_session_mismatch
NET-01191,device_session_mismatch
NET-01192,device_session_mismatch
NET-01193,device_session_mismatch
NET-01194,device_session_mismatch
NET-01195,device_session_mismatch
NET-01196,consent_scope_mismatch
NET-01197,device_session_mismatch
NET-01198,consent_scope_mismatch
NET-01199,device_session_mismatch
NET-01200,device_session_mismatch
NET-01201,device_session_mismatch
NET-01202,device_session_mismatch
NET-01203,device_session_mismatch
NET-01204,device_session_mismatch
NET-01205,device_session_mismatch
NET-01206,device_session_mismatch
NET-01207,consent_scope_mismatch
NET-01208,device_session_mismatch
NET-01209,device_session_mismatch
NET-01210,device_session_mismatch
NET-01211,device_session_mismatch
NET-01212,device_session_mismatch
NET-01213,device_session_mismatch
NET-01214,device_session_mismatch
NET-01215,consent_scope_mismatch
NET-01216,device_session_mismatch
NET-01217,device_session_mismatch
NET-01218,device_session_mismatch
NET-01219,device_session_mismatch
NET-01220,device_session_mismatch
NET-01221,device_session_mismatch
NET-01222,device_session_mismatch
NET-01223,device_session_mismatch
NET-01224,device_session_mismatch
NET-01225,device_session_mismatch
NET-01226,device_session_mismatch
NET-01227,consent_scope_mismatch
NET-01228,device_session_mismatch
NET-01229,device_session_mismatch
NET-01230,device_session_mismatch
NET-01231,device_session_mismatch
NET-01232,device_session_mismatch
NET-01233,device_session_mismatch
NET-01234,device_session_mismatch
NET-01235,device_session_mismatch
NET-01236,device_session_mismatch
NET-01237,device_session_mismatch
NET-01238,device_session_mismatch
NET-01239,device_session_mismatch
NET-01240,device_session_mismatch
NET-01241,device_session_mismatch
NET-01242,device_session_mismatch
NET-01243,device_session_mismatch
NET-01244,device_session_mismatch
NET-01245,device_session_mismatch
NET-01246,device_session_mismatch
NET-01247,device_session_mismatch
NET-01248,device_session_mismatch
NET-01249,device_session_mismatch
NET-01250,device_session_mismatch
NET-01251,consent_scope_mismatch
NET-01252,device_session_mismatch
NET-01253,device_session_mismatch
NET-01254,consent_scope_mismatch
NET-01255,device_session_mismatch
NET-01256,device_session_mismatch
NET-01257,consent_scope_mismatch
NET-01258,device_session_mismatch
NET-01259,device_session_mismatch
NET-01260,device_session_mismatch
NET-01261,device_session_mismatch
NET-01262,device_session_mismatch
NET-01263,device_session_mismatch
NET-01264,device_session_mismatch
NET-01265,device_session_mismatch
NET-01266,consent_scope_mismatch
NET-01267,device_session_mismatch
NET-01268,device_session_mismatch
NET-01269,consent_scope_mismatch
NET-01270,consent_scope_mismatch
NET-01271,device_session_mismatch
NET-01272,device_session_mismatch
NET-01273,consent_scope_mismatch
NET-01274,device_session_mismatch
NET-01275,consent_scope_mismatch
NET-01276,device_session_mismatch
NET-01277,device_session_mismatch
NET-01278,consent_scope_mismatch
NET-01279,device_session_mismatch
NET-01280,device_session_mismatch
NET-01281,consent_scope_mismatch
NET-01282,consent_scope_mismatch
NET-01283,consent_scope_mismatch
NET-01284,device_session_mismatch
NET-01285,device_session_mismatch
NET-01286,consent_scope_mismatch
NET-01287,consent_scope_mismatch
NET-01288,device_session_mismatch
NET-01289,device_session_mismatch
NET-01290,device_session_mismatch
NET-01291,device_session_mismatch
NET-01292,device_session_mismatch
NET-01293,device_session_mismatch
NET-01294,consent_scope_mismatch
NET-01295,device_session_mismatch
NET-01296,device_session_mismatch
NET-01297,device_session_mismatch
NET-01298,consent_scope_mismatch
NET-01299,device_session_mismatch
NET-01300,device_session_mismatch
NET-01301,consent_scope_mismatch
NET-01302,device_session_mismatch
NET-01303,device_session_mismatch
NET-01304,device_session_mismatch
NET-01305,device_session_mismatch
NET-01306,device_session_mismatch
NET-01307,device_session_mismatch
NET-01308,device_session_mismatch
NET-01309,device_session_mismatch
NET-01310,consent_scope_mismatch
NET-01311,device_session_mismatch
NET-01312,device_session_mismatch
NET-01313,device_session_mismatch
NET-01314,consent_scope_mismatch
NET-01315,device_session_mismatch
NET-01316,device_session_mismatch
NET-01317,consent_scope_mismatch
NET-01318,device_session_mismatch
NET-01319,device_session_mismatch
NET-01320,device_session_mismatch
NET-01321,device_session_mismatch
NET-01322,consent_scope_mismatch
NET-01323,device_session_mismatch
NET-01324,device_session_mismatch
NET-01325,device_session_mismatch
NET-01326,consent_scope_mismatch
NET-01327,device_session_mismatch
NET-01328,device_session_mismatch
NET-01329,consent_scope_mismatch
NET-01330,device_session_mismatch
NET-01331,device_session_mismatch
NET-01332,device_session_mismatch
NET-01333,device_session_mismatch
NET-01334,device_session_mismatch
NET-01335,device_session_mismatch
NET-01336,device_session_mismatch
NET-01337,device_session_mismatch
NET-01338,device_session_mismatch
NET-01339,device_session_mismatch
NET-01340,device_session_mismatch
NET-01341,device_session_mismatch
NET-01342,consent_scope_mismatch
NET-01343,device_session_mismatch
NET-01344,device_session_mismatch
NET-01345,device_session_mismatch
NET-01346,device_session_mismatch
NET-01347,device_session_mismatch
NET-01348,consent_scope_mismatch
NET-01349,device_session_mismatch
NET-01350,device_session_mismatch
NET-01351,consent_scope_mismatch
NET-01352,device_session_mismatch
NET-01353,device_session_mismatch
NET-01354,device_session_mismatch
NET-01355,device_session_mismatch
NET-01356,device_session_mismatch
NET-01357,device_session_mismatch
NET-01358,device_session_mismatch
NET-01359,device_session_mismatch
NET-01360,device_session_mismatch
NET-01361,device_session_mismatch
NET-01362,device_session_mismatch
NET-01363,device_session_mismatch
NET-01364,device_session_mismatch
NET-01365,device_session_mismatch
NET-01366,consent_scope_mismatch
NET-01367,device_session_mismatch
NET-01368,consent_scope_mismatch
NET-01369,consent_scope_mismatch
NET-01370,consent_scope_mismatch
NET-01371,device_session_mismatch
NET-01372,device_session_mismatch
NET-01373,consent_scope_mismatch
NET-01374,consent_scope_mismatch
NET-01375,consent_scope_mismatch
NET-01376,device_session_mismatch
NET-01377,device_session_mismatch
NET-01378,device_session_mismatch
NET-01379,device_session_mismatch
NET-01380,device_session_mismatch
NET-01381,device_session_mismatch
NET-01382,device_session_mismatch
NET-01383,device_session_mismatch
NET-01384,device_session_mismatch
NET-01385,device_session_mismatch
NET-01386,consent_scope_mismatch
NET-01387,consent_scope_mismatch
NET-01388,device_session_mismatch
NET-01389,device_session_mismatch
NET-01390,device_session_mismatch
NET-01391,device_session_mismatch
NET-01392,consent_scope_mismatch
NET-01393,device_session_mismatch
NET-01394,device_session_mismatch
NET-01395,device_session_mismatch
NET-01396,device_session_mismatch
NET-01397,consent_scope_mismatch
NET-01398,device_session_mismatch
NET-01399,consent_scope_mismatch
NET-01400,device_session_mismatch
NET-01401,device_session_mismatch
NET-01402,device_session_mismatch
NET-01403,device_session_mismatch
NET-01404,consent_scope_mismatch
NET-01405,device_session_mismatch
NET-01406,device_session_mismatch
NET-01407,device_session_mismatch
NET-01408,device_session_mismatch
NET-01409,device_session_mismatch
NET-01410,device_session_mismatch
NET-01411,consent_scope_mismatch
NET-01412,device_session_mismatch
NET-01413,device_session_mismatch
NET-01414,consent_scope_mismatch
NET-01415,device_session_mismatch
NET-01416,device_session_mismatch
NET-01417,device_session_mismatch
NET-01418,device_session_mismatch
NET-01419,consent_scope_mismatch
NET-01420,consent_scope_mismatch
NET-01421,consent_scope_mismatch
NET-01422,device_session_mismatch
NET-01423,device_session_mismatch
NET-01424,device_session_mismatch
NET-01425,device_session_mismatch
NET-01426,device_session_mismatch
NET-01427,device_session_mismatch
NET-01428,consent_scope_mismatch
NET-01429,device_session_mismatch
NET-01430,device_session_mismatch
NET-01431,device_session_mismatch
NET-01432,consent_scope_mismatch
NET-01433,consent_scope_mismatch
NET-01434,consent_scope_mismatch
NET-01435,device_session_mismatch
NET-01436,device_session_mismatch
NET-01437,device_session_mismatch
NET-01438,consent_scope_mismatch
NET-01439,device_session_mismatch
NET-01440,device_session_mismatch
NET-01441,device_session_mismatch
NET-01442,device_session_mismatch
NET-01443,device_session_mismatch
NET-01444,device_session_mismatch
NET-01445,device_session_mismatch
NET-01446,device_session_mismatch
NET-01447,device_session_mismatch
NET-01448,device_session_mismatch
NET-01449,device_session_mismatch
NET-01450,device_session_mismatch
NET-01451,device_session_mismatch
NET-01452,device_session_mismatch
NET-01453,device_session_mismatch
NET-01454,device_session_mismatch
NET-01455,device_session_mismatch
NET-01456,device_session_mismatch
NET-01457,device_session_mismatch
NET-01458,device_session_mismatch
NET-01459,device_session_mismatch
NET-01460,consent_scope_mismatch
NET-01461,consent_scope_mismatch
NET-01462,device_session_mismatch
NET-01463,device_session_mismatch
NET-01464,device_session_mismatch
NET-01465,device_session_mismatch
NET-01466,device_session_mismatch
NET-01467,device_session_mismatch
NET-01468,device_session_mismatch
NET-01469,consent_scope_mismatch
NET-01470,device_session_mismatch
NET-01471,device_session_mismatch
NET-01472,device_session_mismatch
NET-01473,consent_scope_mismatch
NET-01474,device_session_mismatch
NET-01475,device_session_mismatch
NET-01476,consent_scope_mismatch
NET-01477,device_session_mismatch
NET-01478,device_session_mismatch
NET-01479,device_session_mismatch
NET-01480,consent_scope_mismatch
NET-01481,device_session_mismatch
NET-01482,consent_scope_mismatch
NET-01483,device_session_mismatch
NET-01484,device_session_mismatch
NET-01485,device_session_mismatch
NET-01486,device_session_mismatch
NET-01487,consent_scope_mismatch
NET-01488,device_session_mismatch
NET-01489,consent_scope_mismatch
NET-01490,consent_scope_mismatch
NET-01491,device_session_mismatch
NET-01492,device_session_mismatch
NET-01493,device_session_mismatch
NET-01494,consent_scope_mismatch
NET-01495,device_session_mismatch
NET-01496,consent_scope_mismatch
NET-01497,device_session_mismatch
NET-01498,device_session_mismatch
NET-01499,device_session_mismatch
NET-01500,device_session_mismatch
NET-01501,device_session_mismatch
NET-01502,consent_scope_mismatch
NET-01503,consent_scope_mismatch
NET-01504,device_session_mismatch
NET-01505,device_session_mismatch
NET-01506,device_session_mismatch
NET-01507,device_session_mismatch
NET-01508,consent_scope_mismatch
NET-01509,device_session_mismatch
NET-01510,device_session_mismatch
NET-01511,device_session_mismatch
NET-01512,device_session_mismatch
NET-01513,device_session_mismatch
NET-01514,consent_scope_mismatch
NET-01515,device_session_mismatch
NET-01516,consent_scope_mismatch
NET-01517,consent_scope_mismatch
NET-01518,consent_scope_mismatch
NET-01519,device_session_mismatch
NET-01520,consent_scope_mismatch
NET-01521,device_session_mismatch
NET-01522,device_session_mismatch
NET-01523,device_session_mismatch
NET-01524,consent_scope_mismatch
NET-01525,consent_scope_mismatch
NET-01526,consent_scope_mismatch
NET-01527,device_session_mismatch
NET-01528,device_session_mismatch
NET-01529,device_session_mismatch
NET-01530,device_session_mismatch
NET-01531,device_session_mismatch
NET-01532,device_session_mismatch
NET-01533,device_session_mismatch
NET-01534,device_session_mismatch
NET-01535,device_session_mismatch
NET-01536,consent_scope_mismatch
NET-01537,consent_scope_mismatch
NET-01538,device_session_mismatch
NET-01539,device_session_mismatch
NET-01540,consent_scope_mismatch
NET-01541,consent_scope_mismatch
NET-01542,device_session_mismatch
NET-01543,device_session_mismatch
NET-01544,consent_scope_mismatch
NET-01545,device_session_mismatch
NET-01546,device_session_mismatch
NET-01547,consent_scope_mismatch
NET-01548,device_session_mismatch
NET-01549,device_session_mismatch
NET-01550,device_session_mismatch
NET-01551,consent_scope_mismatch
NET-01552,device_session_mismatch
NET-01553,device_session_mismatch
NET-01554,device_session_mismatch
NET-01555,device_session_mismatch
NET-01556,device_session_mismatch
NET-01557,device_session_mismatch
NET-01558,device_session_mismatch
NET-01559,device_session_mismatch
NET-01560,device_session_mismatch
NET-01561,device_session_mismatch
NET-01562,consent_scope_mismatch
NET-01563,device_session_mismatch
NET-01564,device_session_mismatch
NET-01565,device_session_mismatch
NET-01566,device_session_mismatch
NET-01567,consent_scope_mismatch
NET-01568,consent_scope_mismatch
NET-01569,device_session_mismatch
NET-01570,device_session_mismatch
NET-01571,device_session_mismatch
NET-01572,device_session_mismatch
NET-01573,device_session_mismatch
NET-01574,device_session_mismatch
NET-01575,device_session_mismatch
NET-01576,device_session_mismatch
NET-01577,device_session_mismatch
NET-01578,device_session_mismatch
NET-01579,device_session_mismatch
NET-01580,device_session_mismatch
NET-01581,consent_scope_mismatch
NET-01582,device_session_mismatch
NET-01583,device_session_mismatch
NET-01584,device_session_mismatch
NET-01585,device_session_mismatch
NET-01586,device_session_mismatch
NET-01587,device_session_mismatch
NET-01588,consent_scope_mismatch
NET-01589,device_session_mismatch
NET-01590,device_session_mismatch
NET-01591,device_session_mismatch
NET-01592,device_session_mismatch
NET-01593,device_session_mismatch
NET-01594,consent_scope_mismatch
NET-01595,consent_scope_mismatch
NET-01596,device_session_mismatch
NET-01597,device_session_mismatch
NET-01598,device_session_mismatch
NET-01599,device_session_mismatch
NET-01600,device_session_mismatch
NET-01601,device_session_mismatch
NET-01602,device_session_mismatch
NET-01603,device_session_mismatch
NET-01604,device_session_mismatch
NET-01605,device_session_mismatch
NET-01606,device_session_mismatch
NET-01607,device_session_mismatch
NET-01608,device_session_mismatch
NET-01609,device_session_mismatch
NET-01610,device_session_mismatch
NET-01611,device_session_mismatch
NET-01612,device_session_mismatch
NET-01613,device_session_mismatch
NET-01614,device_session_mismatch
NET-01615,device_session_mismatch
NET-01616,device_session_mismatch
NET-01617,device_session_mismatch
NET-01618,device_session_mismatch
NET-01619,device_session_mismatch
NET-01620,device_session_mismatch
NET-01621,device_session_mismatch
NET-01622,device_session_mismatch
NET-01623,device_session_mismatch
NET-01624,consent_scope_mismatch
NET-01625,device_session_mismatch
NET-01626,consent_scope_mismatch
NET-01627,consent_scope_mismatch
NET-01628,device_session_mismatch
NET-01629,device_session_mismatch
NET-01630,device_session_mismatch
NET-01631,device_session_mismatch
NET-01632,device_session_mismatch
NET-01633,device_session_mismatch
NET-01634,consent_scope_mismatch
NET-01635,device_session_mismatch
NET-01636,device_session_mismatch
NET-01637,device_session_mismatch
NET-01638,device_session_mismatch
NET-01639,device_session_mismatch
NET-01640,device_session_mismatch
NET-01641,consent_scope_mismatch
NET-01642,device_session_mismatch
NET-01643,device_session_mismatch
NET-01644,device_session_mismatch
NET-01645,device_session_mismatch
NET-01646,device_session_mismatch
NET-01647,device_session_mismatch
NET-01648,device_session_mismatch
NET-01649,device_session_mismatch
NET-01650,device_session_mismatch
NET-01651,device_session_mismatch
NET-01652,device_session_mismatch
NET-01653,device_session_mismatch
NET-01654,device_session_mismatch
NET-01655,device_session_mismatch
NET-01656,device_session_mismatch
NET-01657,device_session_mismatch
NET-01658,device_session_mismatch
NET-01659,device_session_mismatch
NET-01660,device_session_mismatch
NET-01661,device_session_mismatch
NET-01662,consent_scope_mismatch
NET-01663,device_session_mismatch
NET-01664,consent_scope_mismatch
NET-01665,device_session_mismatch
NET-01666,device_session_mismatch
NET-01667,device_session_mismatch
NET-01668,device_session_mismatch
NET-01669,consent_scope_mismatch
NET-01670,device_session_mismatch
NET-01671,device_session_mismatch
NET-01672,device_session_mismatch
NET-01673,device_session_mismatch
NET-01674,consent_scope_mismatch
NET-01675,consent_scope_mismatch
NET-01676,device_session_mismatch
NET-01677,consent_scope_mismatch
NET-01678,device_session_mismatch
NET-01679,device_session_mismatch
NET-01680,device_session_mismatch
NET-01681,device_session_mismatch
NET-01682,consent_scope_mismatch
NET-01683,device_session_mismatch
NET-01684,consent_scope_mismatch
NET-01685,device_session_mismatch
NET-01686,device_session_mismatch
NET-01687,consent_scope_mismatch
NET-01688,device_session_mismatch
NET-01689,device_session_mismatch
NET-01690,consent_scope_mismatch
NET-01691,device_session_mismatch
NET-01692,device_session_mismatch
NET-01693,device_session_mismatch
NET-01694,device_session_mismatch
NET-01695,device_session_mismatch
NET-01696,device_session_mismatch
NET-01697,device_session_mismatch
NET-01698,device_session_mismatch
NET-01699,device_session_mismatch
NET-01700,consent_scope_mismatch
NET-01701,device_session_mismatch
NET-01702,consent_scope_mismatch
NET-01703,device_session_mismatch
NET-01704,device_session_mismatch
NET-01705,device_session_mismatch
NET-01706,device_session_mismatch
NET-01707,device_session_mismatch
NET-01708,device_session_mismatch
NET-01709,consent_scope_mismatch
NET-01711,consent_scope_mismatch
NET-01712,device_session_mismatch
NET-01713,consent_scope_mismatch
NET-01714,device_session_mismatch
NET-01715,device_session_mismatch
NET-01716,device_session_mismatch
NET-01717,consent_scope_mismatch
NET-01718,device_session_mismatch
NET-01719,device_session_mismatch
NET-01720,device_session_mismatch
NET-01721,consent_scope_mismatch
NET-01722,device_session_mismatch
NET-01723,device_session_mismatch
NET-01724,device_session_mismatch
NET-01725,device_session_mismatch
NET-01726,device_session_mismatch
NET-01727,consent_scope_mismatch
NET-01728,device_session_mismatch
NET-01729,consent_scope_mismatch
NET-01730,consent_scope_mismatch
NET-01731,device_session_mismatch
NET-01732,device_session_mismatch
NET-01733,consent_scope_mismatch
NET-01734,consent_scope_mismatch
NET-01735,device_session_mismatch
NET-01736,device_session_mismatch
NET-01737,consent_scope_mismatch
NET-01738,device_session_mismatch
NET-01739,device_session_mismatch
NET-01740,device_session_mismatch
NET-01741,device_session_mismatch
NET-01742,device_session_mismatch
NET-01743,device_session_mismatch
NET-01744,device_session_mismatch
NET-01745,device_session_mismatch
NET-01746,consent_scope_mismatch
NET-01747,device_session_mismatch
NET-01748,device_session_mismatch
NET-01749,device_session_mismatch
NET-01750,device_session_mismatch
NET-01751,device_session_mismatch
NET-01752,device_session_mismatch
NET-01753,consent_scope_mismatch
NET-01754,device_session_mismatch
NET-01755,device_session_mismatch
NET-01756,device_session_mismatch
NET-01757,device_session_mismatch
NET-01758,consent_scope_mismatch
NET-01759,device_session_mismatch
NET-01760,device_session_mismatch
NET-01761,device_session_mismatch
NET-01762,consent_scope_mismatch
NET-01763,device_session_mismatch
NET-01764,consent_scope_mismatch
NET-01765,consent_scope_mismatch
NET-01766,device_session_mismatch
NET-01767,device_session_mismatch
NET-01768,device_session_mismatch
NET-01769,device_session_mismatch
NET-01770,device_session_mismatch
NET-01771,device_session_mismatch
NET-01772,device_session_mismatch
NET-01773,consent_scope_mismatch
NET-01774,device_session_mismatch
NET-01775,device_session_mismatch
NET-01776,device_session_mismatch
NET-01777,consent_scope_mismatch
NET-01778,device_session_mismatch
NET-01779,device_session_mismatch
NET-01780,device_session_mismatch
NET-01781,device_session_mismatch
NET-01782,device_session_mismatch
NET-01783,device_session_mismatch
NET-01784,consent_scope_mismatch
NET-01785,device_session_mismatch
NET-01786,device_session_mismatch
NET-01787,device_session_mismatch
NET-01788,device_session_mismatch
NET-01789,consent_scope_mismatch
NET-01790,consent_scope_mismatch
NET-01791,device_session_mismatch
NET-01792,device_session_mismatch
NET-01793,device_session_mismatch
NET-01794,device_session_mismatch
NET-01795,device_session_mismatch
NET-01796,device_session_mismatch
NET-01797,device_session_mismatch
NET-01798,device_session_mismatch
NET-01799,device_session_mismatch
NET-01800,consent_scope_mismatch
NET-01801,device_session_mismatch
NET-01802,device_session_mismatch
NET-01803,device_session_mismatch
NET-01804,device_session_mismatch
NET-01805,device_session_mismatch
NET-01806,device_session_mismatch
NET-01807,device_session_mismatch
NET-01808,device_session_mismatch
NET-01809,device_session_mismatch
NET-01810,device_session_mismatch
NET-01811,consent_scope_mismatch
NET-01812,device_session_mismatch
NET-01813,device_session_mismatch
NET-01814,device_session_mismatch
NET-01815,device_session_mismatch
NET-01816,device_session_mismatch
NET-01817,device_session_mismatch
NET-01818,device_session_mismatch
NET-01819,device_session_mismatch
NET-01820,consent_scope_mismatch
NET-01821,consent_scope_mismatch
NET-01822,device_session_mismatch
NET-01823,device_session_mismatch
NET-01824,device_session_mismatch
NET-01825,device_session_mismatch
NET-01826,device_session_mismatch
NET-01827,consent_scope_mismatch
NET-01828,consent_scope_mismatch
NET-01829,device_session_mismatch
NET-01830,device_session_mismatch
NET-01831,device_session_mismatch
NET-01832,device_session_mismatch
NET-01833,device_session_mismatch
NET-01834,device_session_mismatch
NET-01835,device_session_mismatch
NET-01836,device_session_mismatch
NET-01837,device_session_mismatch
NET-01838,device_session_mismatch
NET-01839,device_session_mismatch
NET-01840,device_session_mismatch
NET-01841,device_session_mismatch
NET-01842,device_session_mismatch
NET-01843,device_session_mismatch
NET-01844,device_session_mismatch
NET-01845,device_session_mismatch
NET-01846,device_session_mismatch
NET-01847,consent_scope_mismatch
NET-01848,device_session_mismatch
NET-01849,consent_scope_mismatch
NET-01850,consent_scope_mismatch
NET-01851,device_session_mismatch
NET-01852,device_session_mismatch
NET-01853,device_session_mismatch
NET-01854,device_session_mismatch
NET-01855,device_session_mismatch
NET-01856,consent_scope_mismatch
NET-01857,device_session_mismatch
NET-01858,device_session_mismatch
NET-01859,device_session_mismatch
NET-01860,device_session_mismatch
NET-01861,consent_scope_mismatch
NET-01862,device_session_mismatch
NET-01863,consent_scope_mismatch
NET-01864,device_session_mismatch
NET-01865,consent_scope_mismatch
NET-01866,device_session_mismatch
NET-01867,device_session_mismatch
NET-01868,device_session_mismatch
NET-01869,consent_scope_mismatch
NET-01870,device_session_mismatch
NET-01871,consent_scope_mismatch
NET-01872,device_session_mismatch
NET-01873,device_session_mismatch
NET-01874,device_session_mismatch
NET-01875,device_session_mismatch
NET-01876,device_session_mismatch
NET-01877,device_session_mismatch
NET-01878,consent_scope_mismatch
NET-01879,device_session_mismatch
NET-01880,consent_scope_mismatch
NET-01881,consent_scope_mismatch
NET-01882,device_session_mismatch
NET-01883,consent_scope_mismatch
NET-01884,device_session_mismatch
NET-01885,consent_scope_mismatch
NET-01886,consent_scope_mismatch
NET-01887,device_session_mismatch
NET-01888,device_session_mismatch
NET-01889,device_session_mismatch
NET-01890,device_session_mismatch
NET-01891,device_session_mismatch
NET-01892,consent_scope_mismatch
NET-01893,device_session_mismatch
NET-01894,device_session_mismatch
NET-01895,device_session_mismatch
NET-01896,device_session_mismatch
NET-01897,consent_scope_mismatch
NET-01898,device_session_mismatch
NET-01899,device_session_mismatch
NET-01900,consent_scope_mismatch
NET-01901,device_session_mismatch
NET-01902,consent_scope_mismatch
NET-01903,device_session_mismatch
NET-01904,device_session_mismatch
NET-01905,device_session_mismatch
NET-01906,consent_scope_mismatch
NET-01907,device_session_mismatch
NET-01908,device_session_mismatch
NET-01909,device_session_mismatch
NET-01910,device_session_mismatch
NET-01911,consent_scope_mismatch
NET-01912,device_session_mismatch
NET-01913,device_session_mismatch
NET-01914,device_session_mismatch
NET-01915,device_session_mismatch
NET-01916,device_session_mismatch
NET-01917,device_session_mismatch
NET-01918,device_session_mismatch
NET-01919,device_session_mismatch
NET-01920,device_session_mismatch
NET-01921,device_session_mismatch
NET-01922,device_session_mismatch
NET-01923,device_session_mismatch
NET-01924,device_session_mismatch
NET-01925,device_session_mismatch
NET-01926,device_session_mismatch
NET-01927,device_session_mismatch
NET-01928,device_session_mismatch
NET-01929,device_session_mismatch
NET-01930,device_session_mismatch
NET-01931,device_session_mismatch
NET-01932,device_session_mismatch
NET-01933,device_session_mismatch
NET-01934,device_session_mismatch
NET-01935,device_session_mismatch
NET-01936,device_session_mismatch
NET-01937,consent_scope_mismatch
NET-01938,device_session_mismatch
NET-01939,device_session_mismatch
NET-01940,device_session_mismatch
NET-01941,device_session_mismatch
NET-01942,device_session_mismatch
NET-01943,consent_scope_mismatch
NET-01944,consent_scope_mismatch
NET-01945,consent_scope_mismatch
NET-01946,device_session_mismatch
NET-01947,device_session_mismatch
NET-01948,device_session_mismatch
NET-01949,device_session_mismatch
NET-01950,device_session_mismatch
NET-01951,device_session_mismatch
NET-01952,consent_scope_mismatch
NET-01953,device_session_mismatch
NET-01954,device_session_mismatch
NET-01955,device_session_mismatch
NET-01956,consent_scope_mismatch
NET-01957,device_session_mismatch
NET-01958,device_session_mismatch
NET-01959,device_session_mismatch
NET-01960,device_session_mismatch
NET-01961,device_session_mismatch
NET-01962,device_session_mismatch
NET-01963,device_session_mismatch
NET-01964,device_session_mismatch
NET-01965,consent_scope_mismatch
NET-01966,device_session_mismatch
NET-01967,device_session_mismatch
NET-01968,device_session_mismatch
NET-01969,device_session_mismatch
NET-01970,device_session_mismatch
NET-01971,device_session_mismatch
NET-01972,consent_scope_mismatch
NET-01973,consent_scope_mismatch
NET-01974,device_session_mismatch
NET-01975,device_session_mismatch
NET-01976,device_session_mismatch
NET-01977,consent_scope_mismatch
NET-01978,consent_scope_mismatch
NET-01979,device_session_mismatch
NET-01980,device_session_mismatch
NET-01981,consent_scope_mismatch
NET-01982,device_session_mismatch
NET-01983,device_session_mismatch
NET-01984,consent_scope_mismatch
NET-01985,device_session_mismatch
NET-01986,device_session_mismatch
NET-01987,device_session_mismatch
NET-01988,device_session_mismatch
NET-01989,consent_scope_mismatch
NET-01990,consent_scope_mismatch
NET-01991,device_session_mismatch
NET-01992,device_session_mismatch
NET-01993,consent_scope_mismatch
NET-01994,consent_scope_mismatch
NET-01995,device_session_mismatch
NET-01996,device_session_mismatch
NET-01997,consent_scope_mismatch
NET-01998,device_session_mismatch
NET-01999,device_session_mismatch
NET-02000,device_session_mismatch
NET-02001,consent_scope_mismatch
NET-02002,device_session_mismatch
NET-02003,consent_scope_mismatch
NET-02004,device_session_mismatch
NET-02005,consent_scope_mismatch
NET-02006,device_session_mismatch
NET-02007,device_session_mismatch
NET-02008,device_session_mismatch
NET-02009,consent_scope_mismatch
NET-02010,device_session_mismatch
NET-02011,device_session_mismatch
NET-02012,device_session_mismatch
NET-02013,device_session_mismatch
NET-02014,device_session_mismatch
NET-02015,device_session_mismatch
NET-02016,consent_scope_mismatch
NET-02017,device_session_mismatch
NET-02018,device_session_mismatch
NET-02019,device_session_mismatch
NET-02020,device_session_mismatch
NET-02021,consent_scope_mismatch
NET-02022,device_session_mismatch
NET-02023,device_session_mismatch
NET-02024,device_session_mismatch
NET-02025,consent_scope_mismatch
NET-02026,device_session_mismatch
NET-02027,device_session_mismatch
NET-02028,device_session_mismatch
NET-02029,device_session_mismatch
NET-02030,consent_scope_mismatch
NET-02031,device_session_mismatch
NET-02032,consent_scope_mismatch
NET-02033,device_session_mismatch
NET-02034,consent_scope_mismatch
NET-02035,device_session_mismatch
NET-02036,consent_scope_mismatch
NET-02037,device_session_mismatch
NET-02038,device_session_mismatch
NET-02039,device_session_mismatch
NET-02040,consent_scope_mismatch
NET-02041,device_session_mismatch
NET-02042,device_session_mismatch
NET-02043,device_session_mismatch
NET-02044,device_session_mismatch
NET-02045,device_session_mismatch
NET-02046,device_session_mismatch
NET-02047,device_session_mismatch
NET-02048,device_session_mismatch
NET-02049,device_session_mismatch
NET-02050,device_session_mismatch
NET-02051,consent_scope_mismatch
NET-02052,device_session_mismatch
NET-02053,device_session_mismatch
NET-02054,device_session_mismatch
NET-02055,device_session_mismatch
NET-02056,device_session_mismatch
NET-02057,device_session_mismatch
NET-02058,consent_scope_mismatch
NET-02059,device_session_mismatch
NET-02060,consent_scope_mismatch
NET-02061,device_session_mismatch
NET-02062,device_session_mismatch
NET-02063,consent_scope_mismatch
NET-02064,device_session_mismatch
NET-02065,device_session_mismatch
NET-02066,consent_scope_mismatch
NET-02067,device_session_mismatch
NET-02068,device_session_mismatch
NET-02069,consent_scope_mismatch
NET-02070,device_session_mismatch
NET-02071,device_session_mismatch
NET-02072,device_session_mismatch
NET-02073,device_session_mismatch
NET-02074,device_session_mismatch
NET-02075,consent_scope_mismatch
NET-02076,device_session_mismatch
NET-02077,device_session_mismatch
NET-02078,consent_scope_mismatch
NET-02079,consent_scope_mismatch
NET-02080,device_session_mismatch
NET-02081,device_session_mismatch
NET-02082,device_session_mismatch
NET-02083,device_session_mismatch
NET-02084,device_session_mismatch
NET-02085,consent_scope_mismatch
NET-02086,device_session_mismatch
NET-02087,device_session_mismatch
NET-02088,consent_scope_mismatch
NET-02089,device_session_mismatch
NET-02090,device_session_mismatch
NET-02091,device_session_mismatch
NET-02092,consent_scope_mismatch
NET-02093,consent_scope_mismatch
NET-02094,device_session_mismatch
NET-02095,consent_scope_mismatch
NET-02096,consent_scope_mismatch
NET-02097,consent_scope_mismatch
NET-02098,device_session_mismatch
NET-02099,device_session_mismatch
NET-02100,consent_scope_mismatch
NET-02101,device_session_mismatch
NET-02102,consent_scope_mismatch
NET-02103,device_session_mismatch
NET-02104,consent_scope_mismatch
NET-02105,device_session_mismatch
NET-02106,consent_scope_mismatch
NET-02107,consent_scope_mismatch
NET-02108,consent_scope_mismatch
NET-02109,device_session_mismatch
NET-02110,consent_scope_mismatch
NET-02111,device_session_mismatch
NET-02112,device_session_mismatch
NET-02113,device_session_mismatch
NET-02114,device_session_mismatch
NET-02115,consent_scope_mismatch
NET-02116,device_session_mismatch
NET-02117,device_session_mismatch
NET-02118,device_session_mismatch
NET-02119,device_session_mismatch
NET-02120,device_session_mismatch
NET-02121,device_session_mismatch
NET-02122,device_session_mismatch
NET-02123,device_session_mismatch
NET-02124,consent_scope_mismatch
NET-02125,device_session_mismatch
NET-02126,device_session_mismatch
NET-02127,device_session_mismatch
NET-02128,device_session_mismatch
NET-02129,device_session_mismatch
NET-02130,device_session_mismatch
NET-02131,device_session_mismatch
NET-02132,device_session_mismatch
NET-02133,device_session_mismatch
NET-02134,device_session_mismatch
NET-02135,device_session_mismatch
NET-02136,device_session_mismatch
NET-02137,device_session_mismatch
NET-02138,device_session_mismatch
NET-02139,consent_scope_mismatch
NET-02140,device_session_mismatch
NET-02141,device_session_mismatch
NET-02142,consent_scope_mismatch
NET-02143,device_session_mismatch
NET-02144,device_session_mismatch
NET-02145,device_session_mismatch
NET-02146,device_session_mismatch
NET-02147,device_session_mismatch
NET-02148,device_session_mismatch
NET-02149,device_session_mismatch
NET-02150,consent_scope_mismatch
NET-02151,device_session_mismatch
NET-02152,device_session_mismatch
NET-02153,consent_scope_mismatch
NET-02154,consent_scope_mismatch
NET-02155,consent_scope_mismatch
NET-02156,device_session_mismatch
NET-02157,device_session_mismatch
NET-02158,consent_scope_mismatch
NET-02159,device_session_mismatch
NET-02160,consent_scope_mismatch
NET-02161,device_session_mismatch
NET-02162,device_session_mismatch
NET-02163,device_session_mismatch
NET-02164,device_session_mismatch
NET-02165,device_session_mismatch
NET-02166,device_session_mismatch
NET-02167,device_session_mismatch
NET-02168,consent_scope_mismatch
NET-02169,device_session_mismatch
NET-02170,device_session_mismatch
NET-02171,device_session_mismatch
NET-02172,device_session_mismatch
NET-02173,device_session_mismatch
NET-02174,device_session_mismatch
NET-02175,device_session_mismatch
NET-02176,device_session_mismatch
NET-02177,consent_scope_mismatch
NET-02178,device_session_mismatch
NET-02179,device_session_mismatch
NET-02180,device_session_mismatch
NET-02181,device_session_mismatch
NET-02182,consent_scope_mismatch
NET-02183,device_session_mismatch
NET-02184,device_session_mismatch
NET-02185,device_session_mismatch
NET-02186,device_session_mismatch
NET-02187,device_session_mismatch
NET-02188,device_session_mismatch
NET-02189,device_session_mismatch
NET-02190,device_session_mismatch
NET-02191,device_session_mismatch
NET-02192,device_session_mismatch
NET-02193,device_session_mismatch
NET-02194,device_session_mismatch
NET-02195,consent_scope_mismatch
NET-02196,device_session_mismatch
NET-02197,device_session_mismatch
NET-02198,device_session_mismatch
NET-02199,device_session_mismatch
NET-02200,device_session_mismatch
NET-02201,device_session_mismatch
NET-02202,consent_scope_mismatch
NET-02203,device_session_mismatch
NET-02204,device_session_mismatch
NET-02205,device_session_mismatch
NET-02206,device_session_mismatch
NET-02207,device_session_mismatch
NET-02208,consent_scope_mismatch
NET-02209,device_session_mismatch
NET-02210,device_session_mismatch
NET-02211,device_session_mismatch
NET-02212,consent_scope_mismatch
NET-02213,device_session_mismatch
NET-02214,device_session_mismatch
NET-02215,device_session_mismatch
NET-02216,device_session_mismatch
NET-02217,device_session_mismatch
NET-02218,device_session_mismatch
NET-02219,device_session_mismatch
NET-02220,device_session_mismatch
NET-02221,consent_scope_mismatch
NET-02222,device_session_mismatch
NET-02223,device_session_mismatch
NET-02224,device_session_mismatch
NET-02225,device_session_mismatch
NET-02226,device_session_mismatch
NET-02227,device_session_mismatch
NET-02228,consent_scope_mismatch
NET-02229,consent_scope_mismatch
NET-02230,device_session_mismatch
NET-02231,device_session_mismatch
NET-02232,device_session_mismatch
NET-02233,consent_scope_mismatch
NET-02234,consent_scope_mismatch
NET-02235,device_session_mismatch
NET-02236,device_session_mismatch
NET-02237,device_session_mismatch
NET-02238,consent_scope_mismatch
NET-02239,device_session_mismatch
NET-02240,device_session_mismatch
NET-02241,device_session_mismatch
NET-02242,consent_scope_mismatch
NET-02243,device_session_mismatch
NET-02244,consent_scope_mismatch
NET-02245,consent_scope_mismatch
NET-02246,device_session_mismatch
NET-02247,consent_scope_mismatch
NET-02248,device_session_mismatch
NET-02249,device_session_mismatch
NET-02250,consent_scope_mismatch
NET-02251,device_session_mismatch
NET-02252,device_session_mismatch
NET-02253,device_session_mismatch
NET-02254,device_session_mismatch
NET-02255,device_session_mismatch
NET-02256,device_session_mismatch
NET-02257,device_session_mismatch
NET-02258,consent_scope_mismatch
NET-02259,device_session_mismatch
NET-02260,device_session_mismatch
NET-02261,device_session_mismatch
NET-02262,device_session_mismatch
NET-02263,device_session_mismatch
NET-02264,device_session_mismatch
NET-02265,device_session_mismatch
NET-02266,device_session_mismatch
NET-02267,device_session_mismatch
NET-02268,device_session_mismatch
NET-02269,device_session_mismatch
NET-02270,device_session_mismatch
NET-02271,device_session_mismatch
NET-02272,device_session_mismatch
NET-02273,device_session_mismatch
NET-02274,consent_scope_mismatch
NET-02275,device_session_mismatch
NET-02276,device_session_mismatch
NET-02277,device_session_mismatch
NET-02278,device_session_mismatch
NET-02279,device_session_mismatch
NET-02280,consent_scope_mismatch
NET-02281,device_session_mismatch
NET-02282,device_session_mismatch
NET-02283,device_session_mismatch
NET-02284,device_session_mismatch
NET-02285,device_session_mismatch
NET-02286,device_session_mismatch
NET-02287,device_session_mismatch
NET-02288,device_session_mismatch
NET-02289,device_session_mismatch
NET-02290,consent_scope_mismatch
NET-02291,device_session_mismatch
NET-02292,device_session_mismatch
NET-02293,device_session_mismatch
NET-02294,device_session_mismatch
NET-02295,device_session_mismatch
NET-02296,device_session_mismatch
NET-02297,device_session_mismatch
NET-02298,consent_scope_mismatch
NET-02299,consent_scope_mismatch
NET-02300,consent_scope_mismatch
NET-02301,consent_scope_mismatch
NET-02302,device_session_mismatch
NET-02303,consent_scope_mismatch
NET-02304,device_session_mismatch
NET-02305,device_session_mismatch
NET-02306,device_session_mismatch
NET-02307,device_session_mismatch
NET-02308,device_session_mismatch
NET-02309,consent_scope_mismatch
NET-02310,device_session_mismatch
NET-02311,device_session_mismatch
NET-02312,device_session_mismatch
NET-02313,device_session_mismatch
NET-02314,device_session_mismatch
NET-02315,device_session_mismatch
NET-02316,consent_scope_mismatch
NET-02317,device_session_mismatch
NET-02318,device_session_mismatch
NET-02319,consent_scope_mismatch
NET-02320,device_session_mismatch
NET-02321,consent_scope_mismatch
NET-02322,device_session_mismatch
NET-02323,consent_scope_mismatch
NET-02324,device_session_mismatch
NET-02325,device_session_mismatch
NET-02326,device_session_mismatch
NET-02327,device_session_mismatch
NET-02328,device_session_mismatch
NET-02329,device_session_mismatch
NET-02330,device_session_mismatch
NET-02331,device_session_mismatch
NET-02332,device_session_mismatch
NET-02333,device_session_mismatch
NET-02334,consent_scope_mismatch
NET-02335,device_session_mismatch
NET-02336,device_session_mismatch
NET-02337,device_session_mismatch
NET-02338,device_session_mismatch
NET-02339,device_session_mismatch
NET-02340,consent_scope_mismatch
NET-02341,consent_scope_mismatch
NET-02342,device_session_mismatch
NET-02343,consent_scope_mismatch
NET-02344,device_session_mismatch
NET-02345,device_session_mismatch
NET-02346,device_session_mismatch
NET-02347,consent_scope_mismatch
NET-02348,device_session_mismatch
NET-02349,device_session_mismatch
NET-02350,device_session_mismatch
NET-02351,device_session_mismatch
NET-02352,consent_scope_mismatch
NET-02353,device_session_mismatch
NET-02354,consent_scope_mismatch
NET-02355,device_session_mismatch
NET-02356,device_session_mismatch
NET-02357,device_session_mismatch
NET-02358,consent_scope_mismatch
NET-02359,consent_scope_mismatch
NET-02360,device_session_mismatch
NET-02361,device_session_mismatch
NET-02362,device_session_mismatch
NET-02363,device_session_mismatch
NET-02364,device_session_mismatch
NET-02365,device_session_mismatch
NET-02366,consent_scope_mismatch
NET-02367,device_session_mismatch
NET-02368,device_session_mismatch
NET-02369,device_session_mismatch
NET-02370,device_session_mismatch
NET-02371,device_session_mismatch
NET-02372,device_session_mismatch
NET-02373,consent_scope_mismatch
NET-02374,consent_scope_mismatch
NET-02375,device_session_mismatch
NET-02376,device_session_mismatch
NET-02377,device_session_mismatch
NET-02378,device_session_mismatch
NET-02379,device_session_mismatch
NET-02380,device_session_mismatch
NET-02381,device_session_mismatch
NET-02382,consent_scope_mismatch
NET-02383,device_session_mismatch
NET-02384,device_session_mismatch
NET-02385,device_session_mismatch
NET-02386,device_session_mismatch
NET-02387,device_session_mismatch
NET-02388,device_session_mismatch
NET-02389,device_session_mismatch
NET-02390,device_session_mismatch
NET-02391,device_session_mismatch
NET-02392,device_session_mismatch
NET-02393,device_session_mismatch
NET-02394,device_session_mismatch
NET-02395,device_session_mismatch
NET-02396,device_session_mismatch
NET-02397,device_session_mismatch
NET-02398,device_session_mismatch
NET-02399,device_session_mismatch
NET-02400,device_session_mismatch
NET-02401,device_session_mismatch
NET-02402,device_session_mismatch
NET-02403,device_session_mismatch
NET-02404,device_session_mismatch
NET-02405,device_session_mismatch
NET-02406,device_session_mismatch
NET-02407,device_session_mismatch
NET-02408,device_session_mismatch
NET-02409,consent_scope_mismatch
NET-02410,device_session_mismatch
NET-02411,device_session_mismatch
NET-02412,device_session_mismatch
NET-02413,device_session_mismatch
NET-02414,device_session_mismatch
NET-02415,device_session_mismatch
NET-02416,device_session_mismatch
NET-02417,device_session_mismatch
NET-02418,device_session_mismatch
NET-02419,device_session_mismatch
NET-02420,consent_scope_mismatch
NET-02421,device_session_mismatch
NET-02422,device_session_mismatch
NET-02423,device_session_mismatch
NET-02424,consent_scope_mismatch
NET-02425,device_session_mismatch
NET-02426,device_session_mismatch
NET-02427,consent_scope_mismatch
NET-02428,consent_scope_mismatch
NET-02429,consent_scope_mismatch
NET-02430,device_session_mismatch
NET-02431,device_session_mismatch
NET-02432,device_session_mismatch
NET-02433,consent_scope_mismatch
NET-02434,device_session_mismatch
NET-02435,device_session_mismatch
NET-02436,consent_scope_mismatch
NET-02437,device_session_mismatch
NET-02438,device_session_mismatch
NET-02439,consent_scope_mismatch
NET-02440,device_session_mismatch
NET-02441,device_session_mismatch
NET-02442,device_session_mismatch
NET-02443,consent_scope_mismatch
NET-02444,consent_scope_mismatch
NET-02445,consent_scope_mismatch
NET-02446,consent_scope_mismatch
NET-02447,device_session_mismatch
NET-02448,consent_scope_mismatch
NET-02449,device_session_mismatch
NET-02450,device_session_mismatch
NET-02451,device_session_mismatch
NET-02452,device_session_mismatch
NET-02453,consent_scope_mismatch
NET-02454,device_session_mismatch
NET-02455,device_session_mismatch
NET-02456,consent_scope_mismatch
NET-02457,device_session_mismatch
NET-02458,device_session_mismatch
NET-02459,device_session_mismatch
NET-02460,device_session_mismatch
NET-02461,device_session_mismatch
NET-02462,device_session_mismatch
NET-02463,consent_scope_mismatch
NET-02464,device_session_mismatch
NET-02465,device_session_mismatch
NET-02466,consent_scope_mismatch
NET-02467,consent_scope_mismatch
NET-02468,device_session_mismatch
NET-02469,consent_scope_mismatch
NET-02470,device_session_mismatch
NET-02471,consent_scope_mismatch
NET-02472,device_session_mismatch
NET-02473,device_session_mismatch
NET-02474,device_session_mismatch
NET-02475,device_session_mismatch
NET-02476,consent_scope_mismatch
NET-02477,device_session_mismatch
NET-02478,device_session_mismatch
NET-02479,device_session_mismatch
NET-02480,device_session_mismatch
NET-02481,device_session_mismatch
NET-02482,device_session_mismatch
NET-02483,device_session_mismatch
NET-02484,consent_scope_mismatch
NET-02485,consent_scope_mismatch
NET-02486,device_session_mismatch
NET-02487,consent_scope_mismatch
NET-02488,device_session_mismatch
NET-02489,device_session_mismatch
NET-02490,device_session_mismatch
NET-02491,device_session_mismatch
NET-02492,device_session_mismatch
NET-02493,device_session_mismatch
NET-02494,device_session_mismatch
NET-02495,device_session_mismatch
NET-02496,consent_scope_mismatch
NET-02497,device_session_mismatch
NET-02498,consent_scope_mismatch
NET-02499,consent_scope_mismatch
NET-02500,device_session_mismatch
NET-02501,consent_scope_mismatch
NET-02502,device_session_mismatch
NET-02503,device_session_mismatch
NET-02504,consent_scope_mismatch
NET-02505,device_session_mismatch
NET-02506,device_session_mismatch
NET-02507,device_session_mismatch
NET-02508,device_session_mismatch
NET-02509,device_session_mismatch
NET-02510,device_session_mismatch
NET-02511,consent_scope_mismatch
NET-02512,device_session_mismatch
NET-02513,consent_scope_mismatch
NET-02514,device_session_mismatch
NET-02515,device_session_mismatch
NET-02516,device_session_mismatch
NET-02517,device_session_mismatch
NET-02518,device_session_mismatch
NET-02519,device_session_mismatch
NET-02520,device_session_mismatch
NET-02521,device_session_mismatch
NET-02522,device_session_mismatch
NET-02523,device_session_mismatch
NET-02524,consent_scope_mismatch
NET-02525,consent_scope_mismatch
NET-02526,consent_scope_mismatch
NET-02527,device_session_mismatch
NET-02528,device_session_mismatch
NET-02529,device_session_mismatch
NET-02530,device_session_mismatch
NET-02531,device_session_mismatch
NET-02532,device_session_mismatch
NET-02533,consent_scope_mismatch
NET-02534,device_session_mismatch
NET-02535,device_session_mismatch
NET-02536,device_session_mismatch
NET-02537,consent_scope_mismatch
NET-02538,device_session_mismatch
NET-02539,device_session_mismatch
NET-02540,consent_scope_mismatch
NET-02541,device_session_mismatch
NET-02542,consent_scope_mismatch
NET-02543,device_session_mismatch
NET-02544,device_session_mismatch
NET-02545,device_session_mismatch
NET-02546,device_session_mismatch
NET-02547,device_session_mismatch
NET-02548,consent_scope_mismatch
NET-02549,device_session_mismatch
NET-02550,device_session_mismatch
NET-02551,consent_scope_mismatch
NET-02552,consent_scope_mismatch
NET-02553,consent_scope_mismatch
NET-02554,device_session_mismatch
NET-02555,device_session_mismatch
NET-02556,consent_scope_mismatch
NET-02557,consent_scope_mismatch
NET-02558,device_session_mismatch
NET-02559,device_session_mismatch
NET-02560,device_session_mismatch
NET-02561,device_session_mismatch
NET-02562,device_session_mismatch
NET-02563,device_session_mismatch
NET-02564,device_session_mismatch
NET-02565,consent_scope_mismatch
NET-02566,device_session_mismatch
NET-02567,device_session_mismatch
NET-02568,device_session_mismatch
NET-02569,consent_scope_mismatch
NET-02570,device_session_mismatch
NET-02571,consent_scope_mismatch
NET-02572,device_session_mismatch
NET-02573,device_session_mismatch
NET-02574,device_session_mismatch
NET-02575,device_session_mismatch
NET-02576,device_session_mismatch
NET-02577,device_session_mismatch
NET-02578,device_session_mismatch
NET-02579,device_session_mismatch
NET-02580,device_session_mismatch
NET-02581,device_session_mismatch
NET-02582,device_session_mismatch
NET-02583,consent_scope_mismatch
NET-02584,device_session_mismatch
NET-02585,device_session_mismatch
NET-02586,device_session_mismatch
NET-02587,consent_scope_mismatch
NET-02588,device_session_mismatch
NET-02589,device_session_mismatch
NET-02590,consent_scope_mismatch
NET-02591,device_session_mismatch
NET-02592,device_session_mismatch
NET-02593,consent_scope_mismatch
NET-02594,device_session_mismatch
NET-02595,device_session_mismatch
NET-02596,device_session_mismatch
NET-02597,consent_scope_mismatch
NET-02598,device_session_mismatch
NET-02599,device_session_mismatch
NET-02600,device_session_mismatch
NET-02601,device_session_mismatch
NET-02602,device_session_mismatch
NET-02603,device_session_mismatch
NET-02604,device_session_mismatch
NET-02605,device_session_mismatch
NET-02606,device_session_mismatch
NET-02607,device_session_mismatch
NET-02608,device_session_mismatch
NET-02609,device_session_mismatch
NET-02610,device_session_mismatch
NET-02611,consent_scope_mismatch
NET-02612,device_session_mismatch
NET-02613,consent_scope_mismatch
NET-02614,device_session_mismatch
NET-02615,consent_scope_mismatch
NET-02616,device_session_mismatch
NET-02617,device_session_mismatch
NET-02618,consent_scope_mismatch
NET-02619,device_session_mismatch
NET-02620,device_session_mismatch
NET-02621,device_session_mismatch
NET-02622,device_session_mismatch
NET-02623,device_session_mismatch
NET-02624,device_session_mismatch
NET-02625,device_session_mismatch
NET-02626,device_session_mismatch
NET-02627,consent_scope_mismatch
NET-02628,consent_scope_mismatch
NET-02629,device_session_mismatch
NET-02630,consent_scope_mismatch
NET-02631,device_session_mismatch
NET-02632,device_session_mismatch
NET-02633,device_session_mismatch
NET-02634,device_session_mismatch
NET-02635,device_session_mismatch
NET-02636,device_session_mismatch
NET-02637,consent_scope_mismatch
NET-02638,device_session_mismatch
NET-02639,device_session_mismatch
NET-02640,consent_scope_mismatch
NET-02641,device_session_mismatch
NET-02642,device_session_mismatch
NET-02643,device_session_mismatch
NET-02644,device_session_mismatch
NET-02645,device_session_mismatch
NET-02646,device_session_mismatch
NET-02647,device_session_mismatch
NET-02648,consent_scope_mismatch
NET-02649,device_session_mismatch
NET-02650,device_session_mismatch
NET-02651,device_session_mismatch
NET-02652,consent_scope_mismatch
NET-02653,device_session_mismatch
NET-02654,device_session_mismatch
NET-02655,consent_scope_mismatch
NET-02656,consent_scope_mismatch
NET-02657,consent_scope_mismatch
NET-02658,consent_scope_mismatch
NET-02659,consent_scope_mismatch
NET-02660,consent_scope_mismatch
NET-02661,device_session_mismatch
NET-02662,consent_scope_mismatch
NET-02663,consent_scope_mismatch
NET-02664,device_session_mismatch
NET-02665,consent_scope_mismatch
NET-02666,device_session_mismatch
NET-02667,device_session_mismatch
NET-02668,device_session_mismatch
NET-02669,device_session_mismatch
NET-02670,device_session_mismatch
NET-02671,device_session_mismatch
NET-02672,consent_scope_mismatch
NET-02673,device_session_mismatch
NET-02674,device_session_mismatch
NET-02675,device_session_mismatch
NET-02676,device_session_mismatch
NET-02677,consent_scope_mismatch
NET-02678,consent_scope_mismatch
NET-02679,device_session_mismatch
NET-02680,consent_scope_mismatch
NET-02681,consent_scope_mismatch
NET-02682,device_session_mismatch
NET-02683,device_session_mismatch
NET-02684,device_session_mismatch
NET-02685,device_session_mismatch
NET-02686,device_session_mismatch
NET-02687,device_session_mismatch
NET-02688,device_session_mismatch
NET-02689,device_session_mismatch
NET-02690,consent_scope_mismatch
NET-02691,device_session_mismatch
NET-02692,device_session_mismatch
NET-02693,consent_scope_mismatch
NET-02694,consent_scope_mismatch
NET-02695,device_session_mismatch
NET-02696,device_session_mismatch
NET-02697,device_session_mismatch
NET-02698,device_session_mismatch
NET-02699,device_session_mismatch
NET-02700,device_session_mismatch
NET-02701,device_session_mismatch
NET-02702,device_session_mismatch
NET-02703,device_session_mismatch
NET-02704,device_session_mismatch
NET-02705,device_session_mismatch
NET-02706,device_session_mismatch
NET-02707,device_session_mismatch
NET-02708,device_session_mismatch
NET-02709,device_session_mismatch
NET-02710,consent_scope_mismatch
NET-02711,consent_scope_mismatch
NET-02712,device_session_mismatch
NET-02713,consent_scope_mismatch
NET-02714,device_session_mismatch
NET-02715,consent_scope_mismatch
NET-02716,device_session_mismatch
NET-02717,device_session_mismatch
NET-02718,device_session_mismatch
NET-02719,device_session_mismatch
NET-02720,device_session_mismatch
NET-02721,device_session_mismatch
NET-02722,device_session_mismatch
NET-02723,device_session_mismatch
NET-02724,consent_scope_mismatch
NET-02725,device_session_mismatch
NET-02726,consent_scope_mismatch
NET-02727,device_session_mismatch
NET-02728,device_session_mismatch
NET-02729,consent_scope_mismatch
NET-02730,device_session_mismatch
NET-02731,consent_scope_mismatch
NET-02732,device_session_mismatch
NET-02733,consent_scope_mismatch
NET-02734,device_session_mismatch
NET-02735,device_session_mismatch
NET-02736,device_session_mismatch
NET-02737,device_session_mismatch
NET-02738,consent_scope_mismatch
NET-02739,device_session_mismatch
NET-02740,device_session_mismatch
NET-02741,device_session_mismatch
NET-02742,device_session_mismatch
NET-02743,device_session_mismatch
NET-02744,device_session_mismatch
NET-02745,device_session_mismatch
NET-02746,consent_scope_mismatch
NET-02747,consent_scope_mismatch
NET-02748,device_session_mismatch
NET-02749,consent_scope_mismatch
NET-02750,device_session_mismatch
NET-02751,device_session_mismatch
NET-02752,consent_scope_mismatch
NET-02753,consent_scope_mismatch
NET-02754,consent_scope_mismatch
NET-02755,device_session_mismatch
NET-02756,device_session_mismatch
NET-02757,consent_scope_mismatch
NET-02758,consent_scope_mismatch
NET-02759,device_session_mismatch
NET-02760,consent_scope_mismatch
NET-02761,consent_scope_mismatch
NET-02762,device_session_mismatch
NET-02763,consent_scope_mismatch
NET-02764,device_session_mismatch
NET-02765,device_session_mismatch
NET-02766,device_session_mismatch
NET-02767,consent_scope_mismatch
NET-02768,consent_scope_mismatch
NET-02769,device_session_mismatch
NET-02770,device_session_mismatch
NET-02771,device_session_mismatch
NET-02772,device_session_mismatch
NET-02773,device_session_mismatch
NET-02774,device_session_mismatch
NET-02775,device_session_mismatch
NET-02776,device_session_mismatch
NET-02777,consent_scope_mismatch
NET-02778,device_session_mismatch
NET-02779,device_session_mismatch
NET-02780,consent_scope_mismatch
NET-02782,consent_scope_mismatch
NET-02783,device_session_mismatch
NET-02784,device_session_mismatch
NET-02785,device_session_mismatch
NET-02786,consent_scope_mismatch
NET-02787,device_session_mismatch
NET-02788,consent_scope_mismatch
NET-02789,consent_scope_mismatch
NET-02790,consent_scope_mismatch
NET-02791,device_session_mismatch
NET-02792,device_session_mismatch
NET-02793,device_session_mismatch
NET-02794,device_session_mismatch
NET-02795,device_session_mismatch
NET-02796,device_session_mismatch
NET-02797,device_session_mismatch
NET-02798,device_session_mismatch
NET-02799,device_session_mismatch
NET-02800,device_session_mismatch
NET-02801,device_session_mismatch
NET-02802,device_session_mismatch
NET-02803,device_session_mismatch
NET-02804,consent_scope_mismatch
NET-02805,consent_scope_mismatch
NET-02806,device_session_mismatch
NET-02807,consent_scope_mismatch
NET-02808,device_session_mismatch
NET-02809,device_session_mismatch
NET-02810,device_session_mismatch
NET-02811,device_session_mismatch
NET-02812,device_session_mismatch
NET-02813,device_session_mismatch
NET-02814,device_session_mismatch
NET-02815,device_session_mismatch
NET-02816,device_session_mismatch
NET-02817,device_session_mismatch
NET-02818,device_session_mismatch
NET-02819,device_session_mismatch
NET-02820,consent_scope_mismatch
NET-02821,consent_scope_mismatch
NET-02822,device_session_mismatch
NET-02823,device_session_mismatch
NET-02824,consent_scope_mismatch
NET-02825,device_session_mismatch
NET-02826,device_session_mismatch
NET-02827,device_session_mismatch
NET-02828,consent_scope_mismatch
NET-02829,device_session_mismatch
NET-02830,consent_scope_mismatch
NET-02831,consent_scope_mismatch
NET-02832,consent_scope_mismatch
NET-02833,device_session_mismatch
NET-02834,device_session_mismatch
NET-02835,consent_scope_mismatch
NET-02836,consent_scope_mismatch
NET-02837,device_session_mismatch
NET-02838,consent_scope_mismatch
NET-02839,device_session_mismatch
NET-02840,device_session_mismatch
NET-02841,device_session_mismatch
NET-02842,device_session_mismatch
NET-02843,device_session_mismatch
NET-02844,device_session_mismatch
NET-02845,consent_scope_mismatch
NET-02846,consent_scope_mismatch
NET-02847,device_session_mismatch
NET-02848,device_session_mismatch
NET-02849,device_session_mismatch
NET-02850,device_session_mismatch
NET-02851,device_session_mismatch
NET-02852,device_session_mismatch
NET-02853,device_session_mismatch
NET-02854,device_session_mismatch
NET-02856,consent_scope_mismatch
NET-02857,device_session_mismatch
NET-02858,device_session_mismatch
NET-02859,consent_scope_mismatch
NET-02860,device_session_mismatch
NET-02861,device_session_mismatch
NET-02862,device_session_mismatch
NET-02863,device_session_mismatch
NET-02864,device_session_mismatch
NET-02865,device_session_mismatch
NET-02866,device_session_mismatch
NET-02867,device_session_mismatch
NET-02868,device_session_mismatch
NET-02869,device_session_mismatch
NET-02870,device_session_mismatch
NET-02871,device_session_mismatch
NET-02872,device_session_mismatch
NET-02873,device_session_mismatch
NET-02874,device_session_mismatch
NET-02875,device_session_mismatch
NET-02876,device_session_mismatch
NET-02877,device_session_mismatch
NET-02878,device_session_mismatch
NET-02879,device_session_mismatch
NET-02880,device_session_mismatch
NET-02881,device_session_mismatch
NET-02882,device_session_mismatch
NET-02883,device_session_mismatch
NET-02884,device_session_mismatch
NET-02885,device_session_mismatch
NET-02886,device_session_mismatch
NET-02887,device_session_mismatch
NET-02888,device_session_mismatch
NET-02889,device_session_mismatch
NET-02890,device_session_mismatch
NET-02891,device_session_mismatch
NET-02892,device_session_mismatch
NET-02893,device_session_mismatch
NET-02894,device_session_mismatch
NET-02895,consent_scope_mismatch
NET-02896,device_session_mismatch
NET-02897,device_session_mismatch
NET-02898,device_session_mismatch
NET-02899,device_session_mismatch
NET-02900,device_session_mismatch
NET-02901,device_session_mismatch
NET-02902,device_session_mismatch
NET-02903,device_session_mismatch
NET-02904,device_session_mismatch
NET-02905,device_session_mismatch
NET-02906,device_session_mismatch
NET-02907,device_session_mismatch
NET-02908,device_session_mismatch
NET-02909,device_session_mismatch
NET-02910,device_session_mismatch
NET-02911,device_session_mismatch
NET-02912,device_session_mismatch
NET-02913,device_session_mismatch
NET-02914,device_session_mismatch
NET-02915,consent_scope_mismatch
NET-02916,device_session_mismatch
NET-02917,device_session_mismatch
NET-02918,device_session_mismatch
NET-02919,device_session_mismatch
NET-02920,consent_scope_mismatch
NET-02921,consent_scope_mismatch
NET-02922,consent_scope_mismatch
NET-02923,device_session_mismatch
NET-02924,consent_scope_mismatch
NET-02925,device_session_mismatch
NET-02926,device_session_mismatch
NET-02927,consent_scope_mismatch
NET-02928,consent_scope_mismatch
NET-02929,consent_scope_mismatch
NET-02930,device_session_mismatch
NET-02931,device_session_mismatch
NET-02932,device_session_mismatch
NET-02933,consent_scope_mismatch
NET-02934,device_session_mismatch
NET-02935,consent_scope_mismatch
NET-02936,device_session_mismatch
NET-02937,device_session_mismatch
NET-02938,device_session_mismatch
NET-02939,consent_scope_mismatch
NET-02940,device_session_mismatch
NET-02941,device_session_mismatch
NET-02942,device_session_mismatch
NET-02943,device_session_mismatch
NET-02945,device_session_mismatch
NET-02946,consent_scope_mismatch
NET-02947,consent_scope_mismatch
NET-02948,consent_scope_mismatch
NET-02949,consent_scope_mismatch
NET-02950,device_session_mismatch
NET-02951,consent_scope_mismatch
NET-02952,device_session_mismatch
NET-02953,device_session_mismatch
NET-02954,consent_scope_mismatch
NET-02955,device_session_mismatch
NET-02956,device_session_mismatch
NET-02957,consent_scope_mismatch
NET-02958,device_session_mismatch
NET-02959,device_session_mismatch
NET-02960,device_session_mismatch
NET-02961,consent_scope_mismatch
NET-02962,consent_scope_mismatch
NET-02963,device_session_mismatch
NET-02964,device_session_mismatch
NET-02965,device_session_mismatch
NET-02966,device_session_mismatch
NET-02967,device_session_mismatch
NET-02968,device_session_mismatch
NET-02969,device_session_mismatch
NET-02970,device_session_mismatch
NET-02971,device_session_mismatch
NET-02972,device_session_mismatch
NET-02973,consent_scope_mismatch
NET-02974,device_session_mismatch
NET-02975,device_session_mismatch
NET-02976,device_session_mismatch
NET-02977,device_session_mismatch
NET-02978,device_session_mismatch
NET-02979,device_session_mismatch
NET-02980,device_session_mismatch
NET-02981,device_session_mismatch
NET-02982,device_session_mismatch
NET-02983,device_session_mismatch
NET-02984,device_session_mismatch
NET-02985,consent_scope_mismatch
NET-02986,device_session_mismatch
NET-02987,consent_scope_mismatch
NET-02988,device_session_mismatch
NET-02989,device_session_mismatch
NET-02990,device_session_mismatch
NET-02991,consent_scope_mismatch
NET-02992,device_session_mismatch
NET-02993,device_session_mismatch
NET-02994,consent_scope_mismatch
NET-02995,consent_scope_mismatch
NET-02996,device_session_mismatch
NET-02997,consent_scope_mismatch
NET-02998,device_session_mismatch
NET-02999,device_session_mismatch
NET-03000,consent_scope_mismatch
NET-03001,device_session_mismatch
NET-03002,consent_scope_mismatch
NET-03003,device_session_mismatch
NET-03004,device_session_mismatch
NET-03005,device_session_mismatch
NET-03006,device_session_mismatch
NET-03007,consent_scope_mismatch
NET-03008,consent_scope_mismatch
NET-03009,consent_scope_mismatch
NET-03010,device_session_mismatch
NET-03011,device_session_mismatch
NET-03012,consent_scope_mismatch
NET-03013,consent_scope_mismatch
NET-03014,device_session_mismatch
NET-03015,device_session_mismatch
NET-03016,device_session_mismatch
NET-03017,consent_scope_mismatch
NET-03018,device_session_mismatch
NET-03019,device_session_mismatch
NET-03020,consent_scope_mismatch
NET-03021,consent_scope_mismatch
NET-03022,device_session_mismatch
NET-03023,device_session_mismatch
NET-03024,device_session_mismatch
NET-03025,device_session_mismatch
NET-03026,consent_scope_mismatch
NET-03027,device_session_mismatch
NET-03028,device_session_mismatch
NET-03029,consent_scope_mismatch
NET-03030,device_session_mismatch
NET-03031,device_session_mismatch
NET-03032,consent_scope_mismatch
NET-03033,device_session_mismatch
NET-03034,device_session_mismatch
NET-03035,device_session_mismatch
NET-03036,consent_scope_mismatch
NET-03037,consent_scope_mismatch
NET-03038,device_session_mismatch
NET-03039,device_session_mismatch
NET-03040,device_session_mismatch
NET-03041,device_session_mismatch
NET-03042,device_session_mismatch
NET-03043,consent_scope_mismatch
NET-03044,device_session_mismatch
NET-03045,consent_scope_mismatch
NET-03046,device_session_mismatch
NET-03047,device_session_mismatch
NET-03048,device_session_mismatch
NET-03049,consent_scope_mismatch
NET-03050,device_session_mismatch
NET-03051,device_session_mismatch
NET-03052,device_session_mismatch
NET-03053,device_session_mismatch
NET-03054,device_session_mismatch
NET-03055,consent_scope_mismatch
NET-03056,consent_scope_mismatch
NET-03057,consent_scope_mismatch
NET-03058,device_session_mismatch
NET-03059,device_session_mismatch
NET-03060,device_session_mismatch
NET-03061,device_session_mismatch
NET-03062,consent_scope_mismatch
NET-03063,device_session_mismatch
NET-03064,device_session_mismatch
NET-03065,device_session_mismatch
NET-03066,device_session_mismatch
NET-03067,consent_scope_mismatch
NET-03068,device_session_mismatch
NET-03069,device_session_mismatch
NET-03070,consent_scope_mismatch
NET-03071,device_session_mismatch
NET-03072,consent_scope_mismatch
NET-03073,consent_scope_mismatch
NET-03074,device_session_mismatch
NET-03075,device_session_mismatch
NET-03076,device_session_mismatch
NET-03077,device_session_mismatch
NET-03078,device_session_mismatch
NET-03079,consent_scope_mismatch
NET-03080,device_session_mismatch
NET-03081,device_session_mismatch
NET-03082,device_session_mismatch
NET-03083,device_session_mismatch
NET-03084,device_session_mismatch
NET-03085,device_session_mismatch
NET-03086,device_session_mismatch
NET-03087,device_session_mismatch
NET-03088,consent_scope_mismatch
NET-03090,device_session_mismatch
NET-03091,consent_scope_mismatch
NET-03092,device_session_mismatch
NET-03093,consent_scope_mismatch
NET-03094,consent_scope_mismatch
NET-03095,consent_scope_mismatch
NET-03096,device_session_mismatch
NET-03097,device_session_mismatch
NET-03098,device_session_mismatch
NET-03099,device_session_mismatch
NET-03100,device_session_mismatch
NET-03101,device_session_mismatch
NET-03102,device_session_mismatch
NET-03103,consent_scope_mismatch
NET-03104,device_session_mismatch
NET-03105,device_session_mismatch
NET-03106,device_session_mismatch
NET-03107,device_session_mismatch
NET-03108,device_session_mismatch
NET-03109,consent_scope_mismatch
NET-03110,device_session_mismatch
NET-03111,device_session_mismatch
NET-03112,consent_scope_mismatch
NET-03113,device_session_mismatch
NET-03114,device_session_mismatch
NET-03115,device_session_mismatch
NET-03116,device_session_mismatch
NET-03117,device_session_mismatch
NET-03118,consent_scope_mismatch
NET-03119,device_session_mismatch
NET-03120,consent_scope_mismatch
NET-03121,device_session_mismatch
NET-03122,consent_scope_mismatch
NET-03123,consent_scope_mismatch
NET-03124,consent_scope_mismatch
NET-03125,device_session_mismatch
NET-03126,consent_scope_mismatch
NET-03127,device_session_mismatch
NET-03128,device_session_mismatch
NET-03129,device_session_mismatch
NET-03130,device_session_mismatch
NET-03131,consent_scope_mismatch
NET-03132,consent_scope_mismatch
NET-03133,consent_scope_mismatch
NET-03134,device_session_mismatch
NET-03135,device_session_mismatch
NET-03136,device_session_mismatch
NET-03137,device_session_mismatch
NET-03138,device_session_mismatch
NET-03139,consent_scope_mismatch
NET-03140,consent_scope_mismatch
NET-03141,consent_scope_mismatch
NET-03142,device_session_mismatch
NET-03143,consent_scope_mismatch
NET-03144,device_session_mismatch
NET-03145,consent_scope_mismatch
NET-03146,device_session_mismatch
NET-03147,device_session_mismatch
NET-03148,device_session_mismatch
NET-03149,device_session_mismatch
NET-03150,device_session_mismatch
NET-03151,device_session_mismatch
NET-03152,device_session_mismatch
NET-03153,device_session_mismatch
NET-03154,device_session_mismatch
NET-03155,consent_scope_mismatch
NET-03156,device_session_mismatch
NET-03157,device_session_mismatch
NET-03158,device_session_mismatch
NET-03159,device_session_mismatch
NET-03160,device_session_mismatch
NET-03161,device_session_mismatch
NET-03162,device_session_mismatch
NET-03163,device_session_mismatch
NET-03164,consent_scope_mismatch
NET-03165,consent_scope_mismatch
NET-03166,device_session_mismatch
NET-03167,consent_scope_mismatch
NET-03168,device_session_mismatch
NET-03169,device_session_mismatch
NET-03170,consent_scope_mismatch
NET-03171,consent_scope_mismatch
NET-03172,device_session_mismatch
NET-03173,consent_scope_mismatch
NET-03174,device_session_mismatch
NET-03175,device_session_mismatch
NET-03176,device_session_mismatch
NET-03177,consent_scope_mismatch
NET-03178,device_session_mismatch
NET-03179,device_session_mismatch
NET-03180,device_session_mismatch
NET-03181,consent_scope_mismatch
NET-03182,device_session_mismatch
NET-03183,device_session_mismatch
NET-03184,device_session_mismatch
NET-03185,device_session_mismatch
NET-03186,device_session_mismatch
NET-03187,device_session_mismatch
NET-03188,device_session_mismatch
NET-03189,device_session_mismatch
NET-03190,device_session_mismatch
NET-03191,device_session_mismatch
NET-03192,device_session_mismatch
NET-03193,device_session_mismatch
NET-03194,device_session_mismatch
NET-03195,device_session_mismatch
NET-03196,device_session_mismatch
NET-03197,device_session_mismatch
NET-03198,device_session_mismatch
NET-03199,device_session_mismatch
NET-03200,device_session_mismatch
NET-03201,device_session_mismatch
NET-03202,device_session_mismatch
NET-03203,device_session_mismatch
NET-03204,consent_scope_mismatch
NET-03205,device_session_mismatch
NET-03206,consent_scope_mismatch
NET-03207,device_session_mismatch
NET-03208,device_session_mismatch
NET-03209,consent_scope_mismatch
NET-03210,consent_scope_mismatch
NET-03211,consent_scope_mismatch
NET-03212,device_session_mismatch
NET-03213,consent_scope_mismatch
NET-03214,device_session_mismatch
NET-03215,device_session_mismatch
NET-03216,device_session_mismatch
NET-03217,device_session_mismatch
NET-03218,device_session_mismatch
NET-03219,device_session_mismatch
NET-03220,consent_scope_mismatch
NET-03221,device_session_mismatch
NET-03222,device_session_mismatch
NET-03223,device_session_mismatch
NET-03224,consent_scope_mismatch
NET-03225,consent_scope_mismatch
NET-03226,device_session_mismatch
NET-03227,device_session_mismatch
NET-03228,consent_scope_mismatch
NET-03229,device_session_mismatch
NET-03230,device_session_mismatch
NET-03231,consent_scope_mismatch
NET-03232,device_session_mismatch
NET-03233,device_session_mismatch
NET-03234,device_session_mismatch
NET-03235,device_session_mismatch
NET-03236,consent_scope_mismatch
NET-03237,device_session_mismatch
NET-03238,device_session_mismatch
NET-03239,consent_scope_mismatch
NET-03240,consent_scope_mismatch
NET-03241,device_session_mismatch
NET-03242,device_session_mismatch
NET-03243,device_session_mismatch
NET-03244,device_session_mismatch
NET-03245,device_session_mismatch
NET-03246,device_session_mismatch
NET-03247,device_session_mismatch
NET-03248,device_session_mismatch
NET-03249,consent_scope_mismatch
NET-03250,device_session_mismatch
NET-03251,consent_scope_mismatch
NET-03252,device_session_mismatch
NET-03253,device_session_mismatch
NET-03254,device_session_mismatch
NET-03255,device_session_mismatch
NET-03256,device_session_mismatch
NET-03257,device_session_mismatch
NET-03258,consent_scope_mismatch
NET-03259,device_session_mismatch
NET-03260,device_session_mismatch
NET-03261,consent_scope_mismatch
NET-03262,device_session_mismatch
NET-03263,consent_scope_mismatch
NET-03264,device_session_mismatch
NET-03265,device_session_mismatch
NET-03266,device_session_mismatch
NET-03267,device_session_mismatch
NET-03268,consent_scope_mismatch
NET-03269,device_session_mismatch
NET-03270,consent_scope_mismatch
NET-03271,device_session_mismatch
NET-03272,device_session_mismatch
NET-03273,device_session_mismatch
NET-03274,device_session_mismatch
NET-03275,device_session_mismatch
NET-03276,device_session_mismatch
NET-03277,consent_scope_mismatch
NET-03278,consent_scope_mismatch
NET-03279,consent_scope_mismatch
NET-03280,consent_scope_mismatch
NET-03281,device_session_mismatch
NET-03282,consent_scope_mismatch
NET-03283,device_session_mismatch
NET-03284,device_session_mismatch
NET-03285,consent_scope_mismatch
NET-03286,consent_scope_mismatch
NET-03287,device_session_mismatch
NET-03288,consent_scope_mismatch
NET-03289,consent_scope_mismatch
NET-03290,device_session_mismatch
NET-03291,consent_scope_mismatch
NET-03292,consent_scope_mismatch
NET-03293,device_session_mismatch
NET-03294,device_session_mismatch
NET-03295,device_session_mismatch
NET-03296,device_session_mismatch
NET-03297,device_session_mismatch
NET-03298,device_session_mismatch
NET-03299,device_session_mismatch
NET-03300,consent_scope_mismatch
NET-03301,device_session_mismatch
NET-03302,device_session_mismatch
NET-03303,device_session_mismatch
NET-03304,device_session_mismatch
NET-03305,device_session_mismatch
NET-03306,device_session_mismatch
NET-03307,consent_scope_mismatch
NET-03308,device_session_mismatch
NET-03309,device_session_mismatch
NET-03310,consent_scope_mismatch
NET-03311,device_session_mismatch
NET-03312,consent_scope_mismatch
NET-03313,device_session_mismatch
NET-03314,consent_scope_mismatch
NET-03315,consent_scope_mismatch
NET-03316,device_session_mismatch
NET-03317,device_session_mismatch
NET-03318,device_session_mismatch
NET-03319,device_session_mismatch
NET-03320,device_session_mismatch
NET-03321,device_session_mismatch
NET-03322,device_session_mismatch
NET-03323,device_session_mismatch
NET-03324,device_session_mismatch
NET-03325,device_session_mismatch
NET-03326,consent_scope_mismatch
NET-03327,consent_scope_mismatch
NET-03328,device_session_mismatch
NET-03329,device_session_mismatch
NET-03330,device_session_mismatch
NET-03331,device_session_mismatch
NET-03332,device_session_mismatch
NET-03333,device_session_mismatch
NET-03334,device_session_mismatch
NET-03335,device_session_mismatch
NET-03336,consent_scope_mismatch
NET-03337,device_session_mismatch
NET-03338,device_session_mismatch
NET-03339,device_session_mismatch
NET-03340,device_session_mismatch
NET-03341,consent_scope_mismatch
NET-03342,device_session_mismatch
NET-03343,device_session_mismatch
NET-03344,device_session_mismatch
NET-03345,consent_scope_mismatch
NET-03346,consent_scope_mismatch
NET-03347,device_session_mismatch
NET-03348,device_session_mismatch
NET-03349,device_session_mismatch
NET-03350,device_session_mismatch
NET-03351,device_session_mismatch
NET-03352,consent_scope_mismatch
NET-03353,device_session_mismatch
NET-03354,device_session_mismatch
NET-03355,consent_scope_mismatch
NET-03356,consent_scope_mismatch
NET-03357,device_session_mismatch
NET-03358,device_session_mismatch
NET-03359,device_session_mismatch
NET-03360,device_session_mismatch
NET-03361,device_session_mismatch
NET-03362,device_session_mismatch
NET-03363,consent_scope_mismatch
NET-03364,device_session_mismatch
NET-03365,device_session_mismatch
NET-03366,device_session_mismatch
NET-03367,consent_scope_mismatch
NET-03368,device_session_mismatch
NET-03369,device_session_mismatch
NET-03370,device_session_mismatch
NET-03371,device_session_mismatch
NET-03372,device_session_mismatch
NET-03373,device_session_mismatch
NET-03374,device_session_mismatch
NET-03375,device_session_mismatch
NET-03376,consent_scope_mismatch
NET-03377,consent_scope_mismatch
NET-03378,device_session_mismatch
NET-03379,device_session_mismatch
NET-03380,device_session_mismatch
NET-03381,device_session_mismatch
NET-03382,device_session_mismatch
NET-03383,device_session_mismatch
NET-03384,device_session_mismatch
NET-03385,consent_scope_mismatch
NET-03386,device_session_mismatch
NET-03387,consent_scope_mismatch
NET-03388,device_session_mismatch
NET-03389,device_session_mismatch
NET-03390,device_session_mismatch
NET-03391,consent_scope_mismatch
NET-03392,consent_scope_mismatch
NET-03393,consent_scope_mismatch
NET-03394,device_session_mismatch
NET-03395,device_session_mismatch
NET-03396,device_session_mismatch
NET-03397,consent_scope_mismatch
NET-03398,device_session_mismatch
NET-03399,consent_scope_mismatch
NET-03400,device_session_mismatch
NET-03401,device_session_mismatch
NET-03402,device_session_mismatch
NET-03403,consent_scope_mismatch
NET-03404,device_session_mismatch
NET-03405,device_session_mismatch
NET-03406,device_session_mismatch
NET-03407,device_session_mismatch
NET-03408,device_session_mismatch
NET-03409,device_session_mismatch
NET-03410,device_session_mismatch
NET-03411,consent_scope_mismatch
NET-03412,device_session_mismatch
NET-03413,device_session_mismatch
NET-03414,device_session_mismatch
NET-03415,device_session_mismatch
NET-03416,device_session_mismatch
NET-03417,device_session_mismatch
NET-03418,consent_scope_mismatch
NET-03419,device_session_mismatch
NET-03420,consent_scope_mismatch
NET-03421,device_session_mismatch
NET-03422,device_session_mismatch
NET-03423,device_session_mismatch
NET-03424,device_session_mismatch
NET-03425,consent_scope_mismatch
NET-03426,consent_scope_mismatch
NET-03427,consent_scope_mismatch
NET-03428,device_session_mismatch
NET-03429,device_session_mismatch
NET-03430,device_session_mismatch
NET-03431,device_session_mismatch
NET-03432,device_session_mismatch
NET-03433,device_session_mismatch
NET-03434,device_session_mismatch
NET-03435,consent_scope_mismatch
NET-03436,device_session_mismatch
NET-03437,device_session_mismatch
NET-03438,device_session_mismatch
NET-03439,device_session_mismatch
NET-03440,consent_scope_mismatch
NET-03441,device_session_mismatch
NET-03442,consent_scope_mismatch
NET-03443,device_session_mismatch
NET-03444,device_session_mismatch
NET-03445,device_session_mismatch
NET-03446,device_session_mismatch
NET-03447,device_session_mismatch
NET-03448,consent_scope_mismatch
NET-03449,device_session_mismatch
NET-03450,device_session_mismatch
NET-03451,consent_scope_mismatch
NET-03452,device_session_mismatch
NET-03453,consent_scope_mismatch
NET-03454,consent_scope_mismatch
NET-03455,device_session_mismatch
NET-03456,device_session_mismatch
NET-03457,device_session_mismatch
NET-03458,device_session_mismatch
NET-03459,consent_scope_mismatch
NET-03460,device_session_mismatch
NET-03461,device_session_mismatch
NET-03462,consent_scope_mismatch
NET-03463,device_session_mismatch
NET-03464,device_session_mismatch
NET-03465,device_session_mismatch
NET-03466,device_session_mismatch
NET-03467,device_session_mismatch
NET-03468,device_session_mismatch
NET-03469,device_session_mismatch
NET-03470,device_session_mismatch
NET-03471,device_session_mismatch
NET-03472,consent_scope_mismatch
NET-03473,device_session_mismatch
NET-03474,device_session_mismatch
NET-03475,device_session_mismatch
NET-03476,device_session_mismatch
NET-03477,device_session_mismatch
NET-03478,consent_scope_mismatch
NET-03479,device_session_mismatch
NET-03480,device_session_mismatch
NET-03481,device_session_mismatch
NET-03482,device_session_mismatch
NET-03483,consent_scope_mismatch
NET-03484,device_session_mismatch
NET-03485,device_session_mismatch
NET-03486,device_session_mismatch
NET-03487,consent_scope_mismatch
NET-03488,device_session_mismatch
NET-03489,consent_scope_mismatch
NET-03490,consent_scope_mismatch
NET-03491,device_session_mismatch
NET-03492,device_session_mismatch
NET-03493,device_session_mismatch
NET-03494,device_session_mismatch
NET-03495,device_session_mismatch
NET-03496,device_session_mismatch
NET-03497,consent_scope_mismatch
NET-03498,device_session_mismatch
NET-03499,device_session_mismatch
NET-03500,consent_scope_mismatch
NET-03501,device_session_mismatch
NET-03502,device_session_mismatch
NET-03503,consent_scope_mismatch
NET-03504,device_session_mismatch
NET-03505,consent_scope_mismatch
NET-03506,device_session_mismatch
NET-03507,consent_scope_mismatch
NET-03508,device_session_mismatch
NET-03509,device_session_mismatch
NET-03510,consent_scope_mismatch
NET-03511,device_session_mismatch
NET-03512,device_session_mismatch
NET-03513,device_session_mismatch
NET-03514,device_session_mismatch
NET-03515,device_session_mismatch
NET-03516,consent_scope_mismatch
NET-03517,device_session_mismatch
NET-03518,device_session_mismatch
NET-03519,device_session_mismatch
NET-03520,consent_scope_mismatch
NET-03521,device_session_mismatch
NET-03522,device_session_mismatch
NET-03523,device_session_mismatch
NET-03524,consent_scope_mismatch
NET-03525,device_session_mismatch
NET-03526,device_session_mismatch
NET-03527,device_session_mismatch
NET-03528,device_session_mismatch
NET-03529,device_session_mismatch
NET-03530,device_session_mismatch
NET-03531,consent_scope_mismatch
NET-03532,device_session_mismatch
NET-03533,consent_scope_mismatch
NET-03534,consent_scope_mismatch
NET-03535,device_session_mismatch
NET-03536,device_session_mismatch
NET-03537,consent_scope_mismatch
NET-03538,device_session_mismatch
NET-03539,device_session_mismatch
NET-03540,consent_scope_mismatch
NET-03541,device_session_mismatch
NET-03542,device_session_mismatch
NET-03543,device_session_mismatch
NET-03544,device_session_mismatch
NET-03545,device_session_mismatch
NET-03546,consent_scope_mismatch
NET-03547,device_session_mismatch
NET-03548,device_session_mismatch
NET-03549,device_session_mismatch
NET-03550,consent_scope_mismatch
NET-03551,device_session_mismatch
NET-03552,device_session_mismatch
NET-03553,device_session_mismatch
NET-03554,device_session_mismatch
NET-03555,device_session_mismatch
NET-03556,device_session_mismatch
NET-03557,device_session_mismatch
NET-03558,device_session_mismatch
NET-03559,consent_scope_mismatch
NET-03560,device_session_mismatch
NET-03561,device_session_mismatch
NET-03562,consent_scope_mismatch
NET-03563,device_session_mismatch
NET-03564,device_session_mismatch
NET-03565,device_session_mismatch
NET-03566,device_session_mismatch
NET-03567,device_session_mismatch
NET-03568,consent_scope_mismatch
NET-03569,device_session_mismatch
NET-03570,consent_scope_mismatch
NET-03571,consent_scope_mismatch
NET-03572,device_session_mismatch
NET-03573,device_session_mismatch
NET-03574,device_session_mismatch
NET-03575,device_session_mismatch
NET-03576,consent_scope_mismatch
NET-03577,device_session_mismatch
NET-03578,device_session_mismatch
NET-03579,device_session_mismatch
NET-03580,consent_scope_mismatch
NET-03581,device_session_mismatch
NET-03582,device_session_mismatch
NET-03583,device_session_mismatch
NET-03584,device_session_mismatch
NET-03585,device_session_mismatch
NET-03586,device_session_mismatch
NET-03587,device_session_mismatch
NET-03588,device_session_mismatch
NET-03589,device_session_mismatch
NET-03590,device_session_mismatch
NET-03591,device_session_mismatch
NET-03592,consent_scope_mismatch
NET-03593,device_session_mismatch
NET-03594,consent_scope_mismatch
NET-03595,device_session_mismatch
NET-03596,consent_scope_mismatch
NET-03597,device_session_mismatch
NET-03598,device_session_mismatch
NET-03599,consent_scope_mismatch
NET-03600,device_session_mismatch
NET-03601,device_session_mismatch
NET-03602,consent_scope_mismatch
NET-03603,device_session_mismatch
NET-03604,device_session_mismatch
NET-03605,device_session_mismatch
NET-03606,device_session_mismatch
NET-03607,device_session_mismatch
NET-03608,device_session_mismatch
NET-03609,consent_scope_mismatch
NET-03610,device_session_mismatch
NET-03611,device_session_mismatch
NET-03612,device_session_mismatch
NET-03613,device_session_mismatch
NET-03614,consent_scope_mismatch
NET-03615,device_session_mismatch
NET-03616,consent_scope_mismatch
NET-03617,device_session_mismatch
NET-03618,consent_scope_mismatch
NET-03619,device_session_mismatch
NET-03620,consent_scope_mismatch
NET-03621,consent_scope_mismatch
NET-03622,device_session_mismatch
NET-03623,consent_scope_mismatch
NET-03624,device_session_mismatch
NET-03625,device_session_mismatch
NET-03626,device_session_mismatch
NET-03627,device_session_mismatch
NET-03628,device_session_mismatch
NET-03629,device_session_mismatch
NET-03630,device_session_mismatch
NET-03631,consent_scope_mismatch
NET-03632,device_session_mismatch
NET-03633,device_session_mismatch
NET-03634,device_session_mismatch
NET-03635,device_session_mismatch
NET-03636,device_session_mismatch
NET-03637,device_session_mismatch
NET-03638,device_session_mismatch
NET-03639,consent_scope_mismatch
NET-03640,device_session_mismatch
NET-03641,device_session_mismatch
NET-03642,consent_scope_mismatch
NET-03643,device_session_mismatch
NET-03644,device_session_mismatch
NET-03645,device_session_mismatch
NET-03646,consent_scope_mismatch
NET-03647,consent_scope_mismatch
NET-03648,consent_scope_mismatch
NET-03649,device_session_mismatch
NET-03650,device_session_mismatch
NET-03651,device_session_mismatch
NET-03652,device_session_mismatch
NET-03653,device_session_mismatch
NET-03654,device_session_mismatch
NET-03655,device_session_mismatch
NET-03656,consent_scope_mismatch
NET-03657,device_session_mismatch
NET-03658,device_session_mismatch
NET-03659,device_session_mismatch
NET-03660,device_session_mismatch
NET-03661,device_session_mismatch
NET-03662,device_session_mismatch
NET-03663,consent_scope_mismatch
NET-03664,device_session_mismatch
NET-03665,device_session_mismatch
NET-03666,device_session_mismatch
NET-03667,device_session_mismatch
NET-03668,device_session_mismatch
NET-03669,device_session_mismatch
NET-03670,device_session_mismatch
NET-03671,device_session_mismatch
NET-03672,device_session_mismatch
NET-03673,device_session_mismatch
NET-03674,device_session_mismatch
NET-03675,device_session_mismatch
NET-03676,device_session_mismatch
NET-03677,device_session_mismatch
NET-03678,device_session_mismatch
NET-03679,device_session_mismatch
NET-03680,device_session_mismatch
NET-03681,device_session_mismatch
NET-03682,device_session_mismatch
NET-03683,device_session_mismatch
NET-03684,device_session_mismatch
NET-03685,device_session_mismatch
NET-03686,device_session_mismatch
NET-03687,device_session_mismatch
NET-03688,consent_scope_mismatch
NET-03689,device_session_mismatch
NET-03690,consent_scope_mismatch
NET-03691,consent_scope_mismatch
NET-03692,device_session_mismatch
NET-03693,device_session_mismatch
NET-03694,device_session_mismatch
NET-03695,consent_scope_mismatch
NET-03696,device_session_mismatch
NET-03697,device_session_mismatch
NET-03698,device_session_mismatch
NET-03699,device_session_mismatch
NET-03700,device_session_mismatch
NET-03701,device_session_mismatch
NET-03702,device_session_mismatch
NET-03703,device_session_mismatch
NET-03704,device_session_mismatch
NET-03705,device_session_mismatch
NET-03706,device_session_mismatch
NET-03707,device_session_mismatch
NET-03708,device_session_mismatch
NET-03709,device_session_mismatch
NET-03710,device_session_mismatch
NET-03711,device_session_mismatch
NET-03712,device_session_mismatch
NET-03713,device_session_mismatch
NET-03714,device_session_mismatch
NET-03715,consent_scope_mismatch
NET-03716,device_session_mismatch
NET-03717,consent_scope_mismatch
NET-03718,consent_scope_mismatch
NET-03719,device_session_mismatch
NET-03720,consent_scope_mismatch
NET-03721,consent_scope_mismatch
NET-03722,consent_scope_mismatch
NET-03723,device_session_mismatch
NET-03724,device_session_mismatch
NET-03725,device_session_mismatch
NET-03726,device_session_mismatch
NET-03727,device_session_mismatch
NET-03728,device_session_mismatch
NET-03729,consent_scope_mismatch
NET-03730,consent_scope_mismatch
NET-03731,device_session_mismatch
NET-03732,consent_scope_mismatch
NET-03733,device_session_mismatch
NET-03734,device_session_mismatch
NET-03735,device_session_mismatch
NET-03736,consent_scope_mismatch
NET-03737,device_session_mismatch
NET-03738,device_session_mismatch
NET-03739,device_session_mismatch
NET-03740,device_session_mismatch
NET-03741,device_session_mismatch
NET-03742,device_session_mismatch
NET-03743,device_session_mismatch
NET-03744,device_session_mismatch
NET-03745,device_session_mismatch
NET-03746,device_session_mismatch
NET-03747,consent_scope_mismatch
NET-03748,device_session_mismatch
NET-03749,consent_scope_mismatch
NET-03750,device_session_mismatch
NET-03751,device_session_mismatch
NET-03752,device_session_mismatch
NET-03753,consent_scope_mismatch
NET-03754,consent_scope_mismatch
NET-03755,device_session_mismatch
NET-03756,device_session_mismatch
NET-03757,device_session_mismatch
NET-03758,device_session_mismatch
NET-03759,device_session_mismatch
NET-03760,device_session_mismatch
NET-03761,device_session_mismatch
NET-03762,device_session_mismatch
NET-03763,device_session_mismatch
NET-03764,device_session_mismatch
NET-03765,device_session_mismatch
NET-03766,device_session_mismatch
NET-03767,device_session_mismatch
NET-03768,consent_scope_mismatch
NET-03769,device_session_mismatch
NET-03770,device_session_mismatch
NET-03771,consent_scope_mismatch
NET-03772,device_session_mismatch
NET-03773,consent_scope_mismatch
NET-03774,consent_scope_mismatch
NET-03775,device_session_mismatch
NET-03776,consent_scope_mismatch
NET-03777,consent_scope_mismatch
NET-03778,device_session_mismatch
NET-03779,consent_scope_mismatch
NET-03780,device_session_mismatch
NET-03781,device_session_mismatch
NET-03782,device_session_mismatch
NET-03783,device_session_mismatch
NET-03784,device_session_mismatch
NET-03785,device_session_mismatch
NET-03786,device_session_mismatch
NET-03787,device_session_mismatch
NET-03788,device_session_mismatch
NET-03789,device_session_mismatch
NET-03790,device_session_mismatch
NET-03791,device_session_mismatch
NET-03792,device_session_mismatch
NET-03793,device_session_mismatch
NET-03794,device_session_mismatch
NET-03795,device_session_mismatch
NET-03796,consent_scope_mismatch
NET-03797,device_session_mismatch
NET-03798,device_session_mismatch
NET-03799,consent_scope_mismatch
NET-03800,device_session_mismatch
NET-03801,device_session_mismatch
NET-03802,device_session_mismatch
NET-03803,consent_scope_mismatch
NET-03804,device_session_mismatch
NET-03805,device_session_mismatch
NET-03806,device_session_mismatch
NET-03807,device_session_mismatch
NET-03808,device_session_mismatch
NET-03809,device_session_mismatch
NET-03810,device_session_mismatch
NET-03811,consent_scope_mismatch
NET-03812,consent_scope_mismatch
NET-03813,device_session_mismatch
NET-03814,device_session_mismatch
NET-03815,device_session_mismatch
NET-03816,consent_scope_mismatch
NET-03817,device_session_mismatch
NET-03818,device_session_mismatch
NET-03819,device_session_mismatch
NET-03820,device_session_mismatch
NET-03821,consent_scope_mismatch
NET-03822,consent_scope_mismatch
NET-03823,consent_scope_mismatch
NET-03824,device_session_mismatch
NET-03825,device_session_mismatch
NET-03826,device_session_mismatch
NET-03827,consent_scope_mismatch
NET-03828,device_session_mismatch
NET-03829,device_session_mismatch
NET-03830,consent_scope_mismatch
NET-03831,device_session_mismatch
NET-03832,consent_scope_mismatch
NET-03833,device_session_mismatch
NET-03834,device_session_mismatch
NET-03835,device_session_mismatch
NET-03836,consent_scope_mismatch
NET-03837,device_session_mismatch
NET-03838,device_session_mismatch
NET-03839,device_session_mismatch
NET-03840,device_session_mismatch
NET-03841,device_session_mismatch
NET-03842,consent_scope_mismatch
NET-03843,device_session_mismatch
NET-03844,device_session_mismatch
NET-03845,device_session_mismatch
NET-03846,device_session_mismatch
NET-03847,device_session_mismatch
NET-03848,device_session_mismatch
NET-03849,device_session_mismatch
NET-03850,device_session_mismatch
NET-03851,device_session_mismatch
NET-03852,device_session_mismatch
NET-03853,device_session_mismatch
NET-03854,device_session_mismatch
NET-03855,device_session_mismatch
NET-03856,device_session_mismatch
NET-03857,device_session_mismatch
NET-03858,consent_scope_mismatch
NET-03859,device_session_mismatch
NET-03860,device_session_mismatch
NET-03861,device_session_mismatch
NET-03862,device_session_mismatch
NET-03863,consent_scope_mismatch
NET-03864,device_session_mismatch
NET-03865,device_session_mismatch
NET-03866,device_session_mismatch
NET-03867,device_session_mismatch
NET-03868,device_session_mismatch
NET-03869,consent_scope_mismatch
NET-03870,device_session_mismatch
NET-03871,consent_scope_mismatch
NET-03872,device_session_mismatch
NET-03873,device_session_mismatch
NET-03874,device_session_mismatch
NET-03875,device_session_mismatch
NET-03876,device_session_mismatch
NET-03877,device_session_mismatch
NET-03878,device_session_mismatch
NET-03879,device_session_mismatch
NET-03880,device_session_mismatch
NET-03881,device_session_mismatch
NET-03882,device_session_mismatch
NET-03883,consent_scope_mismatch
NET-03884,device_session_mismatch
NET-03885,device_session_mismatch
NET-03886,device_session_mismatch
NET-03887,device_session_mismatch
NET-03888,device_session_mismatch
NET-03889,device_session_mismatch
NET-03890,device_session_mismatch
NET-03891,device_session_mismatch
NET-03892,consent_scope_mismatch
NET-03893,device_session_mismatch
NET-03894,device_session_mismatch
NET-03895,device_session_mismatch
NET-03896,device_session_mismatch
NET-03897,device_session_mismatch
NET-03898,device_session_mismatch
NET-03899,device_session_mismatch
NET-03900,device_session_mismatch
NET-03901,device_session_mismatch
NET-03902,device_session_mismatch
NET-03903,device_session_mismatch
NET-03904,device_session_mismatch
NET-03905,device_session_mismatch
NET-03906,consent_scope_mismatch
NET-03907,consent_scope_mismatch
NET-03908,device_session_mismatch
NET-03909,device_session_mismatch
NET-03910,device_session_mismatch
NET-03911,device_session_mismatch
NET-03912,device_session_mismatch
NET-03913,consent_scope_mismatch
NET-03914,consent_scope_mismatch
NET-03915,consent_scope_mismatch
NET-03916,consent_scope_mismatch
NET-03917,device_session_mismatch
NET-03918,device_session_mismatch
NET-03919,device_session_mismatch
NET-03920,consent_scope_mismatch
NET-03921,device_session_mismatch
NET-03922,consent_scope_mismatch
NET-03923,device_session_mismatch
NET-03924,device_session_mismatch
NET-03925,device_session_mismatch
NET-03926,device_session_mismatch
NET-03927,device_session_mismatch
NET-03928,device_session_mismatch
NET-03929,device_session_mismatch
NET-03930,device_session_mismatch
NET-03931,consent_scope_mismatch
NET-03932,consent_scope_mismatch
NET-03933,device_session_mismatch
NET-03934,consent_scope_mismatch
NET-03935,device_session_mismatch
NET-03936,device_session_mismatch
NET-03937,device_session_mismatch
NET-03938,device_session_mismatch
NET-03939,device_session_mismatch
NET-03940,device_session_mismatch
NET-03941,device_session_mismatch
NET-03942,device_session_mismatch
NET-03943,device_session_mismatch
NET-03944,consent_scope_mismatch
NET-03945,device_session_mismatch
NET-03946,consent_scope_mismatch
NET-03947,consent_scope_mismatch
NET-03948,device_session_mismatch
NET-03949,device_session_mismatch
NET-03950,device_session_mismatch
NET-03951,device_session_mismatch
NET-03952,device_session_mismatch
NET-03953,consent_scope_mismatch
NET-03954,device_session_mismatch
NET-03955,device_session_mismatch
NET-03956,device_session_mismatch
NET-03957,consent_scope_mismatch
NET-03958,device_session_mismatch
NET-03959,device_session_mismatch
NET-03960,device_session_mismatch
NET-03961,device_session_mismatch
NET-03962,device_session_mismatch
NET-03963,device_session_mismatch
NET-03964,consent_scope_mismatch
NET-03965,device_session_mismatch
NET-03966,consent_scope_mismatch
NET-03967,consent_scope_mismatch
NET-03968,device_session_mismatch
NET-03969,device_session_mismatch
NET-03970,device_session_mismatch
NET-03971,device_session_mismatch
NET-03972,device_session_mismatch
NET-03973,device_session_mismatch
NET-03974,device_session_mismatch
NET-03975,device_session_mismatch
NET-03976,device_session_mismatch
NET-03977,device_session_mismatch
NET-03978,consent_scope_mismatch
NET-03979,device_session_mismatch
NET-03980,device_session_mismatch
NET-03981,consent_scope_mismatch
NET-03982,device_session_mismatch
NET-03983,device_session_mismatch
NET-03984,consent_scope_mismatch
NET-03985,consent_scope_mismatch
NET-03986,consent_scope_mismatch
NET-03987,device_session_mismatch
NET-03988,device_session_mismatch
NET-03989,consent_scope_mismatch
NET-03990,consent_scope_mismatch
NET-03991,device_session_mismatch
NET-03992,consent_scope_mismatch
NET-03993,device_session_mismatch
NET-03994,device_session_mismatch
NET-03995,device_session_mismatch
NET-03996,device_session_mismatch
NET-03997,device_session_mismatch
NET-03998,device_session_mismatch
NET-03999,device_session_mismatch
NET-04000,consent_scope_mismatch
NET-04001,device_session_mismatch
NET-04002,device_session_mismatch
NET-04003,device_session_mismatch
NET-04004,device_session_mismatch
NET-04005,device_session_mismatch
NET-04006,device_session_mismatch
NET-04007,device_session_mismatch
NET-04008,device_session_mismatch
NET-04009,device_session_mismatch
NET-04010,device_session_mismatch
NET-04011,device_session_mismatch
NET-04012,device_session_mismatch
NET-04013,device_session_mismatch
NET-04014,device_session_mismatch
NET-04015,device_session_mismatch
NET-04016,device_session_mismatch
NET-04017,device_session_mismatch
NET-04018,device_session_mismatch
NET-04019,consent_scope_mismatch
NET-04020,device_session_mismatch
NET-04021,consent_scope_mismatch
NET-04022,device_session_mismatch
NET-04023,device_session_mismatch
NET-04024,consent_scope_mismatch
NET-04025,device_session_mismatch
NET-04026,consent_scope_mismatch
NET-04027,consent_scope_mismatch
NET-04028,device_session_mismatch
NET-04029,device_session_mismatch
NET-04030,device_session_mismatch
NET-04031,consent_scope_mismatch
NET-04032,device_session_mismatch
NET-04033,device_session_mismatch
NET-04034,consent_scope_mismatch
NET-04035,consent_scope_mismatch
NET-04036,consent_scope_mismatch
NET-04037,device_session_mismatch
NET-04038,device_session_mismatch
NET-04039,device_session_mismatch
NET-04040,device_session_mismatch
NET-04041,device_session_mismatch
NET-04042,device_session_mismatch
NET-04043,device_session_mismatch
NET-04044,device_session_mismatch
NET-04045,device_session_mismatch
NET-04046,consent_scope_mismatch
NET-04047,consent_scope_mismatch
NET-04048,consent_scope_mismatch
NET-04049,device_session_mismatch
NET-04050,device_session_mismatch
NET-04051,device_session_mismatch
NET-04052,device_session_mismatch
NET-04053,device_session_mismatch
NET-04054,consent_scope_mismatch
NET-04055,device_session_mismatch
NET-04056,consent_scope_mismatch
NET-04057,device_session_mismatch
NET-04058,device_session_mismatch
NET-04059,device_session_mismatch
NET-04060,consent_scope_mismatch
NET-04061,device_session_mismatch
NET-04062,device_session_mismatch
NET-04063,device_session_mismatch
NET-04064,device_session_mismatch
NET-04065,consent_scope_mismatch
NET-04066,consent_scope_mismatch
NET-04067,device_session_mismatch
NET-04068,device_session_mismatch
NET-04069,device_session_mismatch
NET-04070,device_session_mismatch
NET-04071,device_session_mismatch
NET-04072,device_session_mismatch
NET-04073,consent_scope_mismatch
NET-04074,device_session_mismatch
NET-04075,consent_scope_mismatch
NET-04076,device_session_mismatch
NET-04077,consent_scope_mismatch
NET-04078,device_session_mismatch
NET-04079,device_session_mismatch
NET-04080,device_session_mismatch
NET-04081,consent_scope_mismatch
NET-04082,consent_scope_mismatch
NET-04083,consent_scope_mismatch
NET-04084,device_session_mismatch
NET-04085,consent_scope_mismatch
NET-04086,device_session_mismatch
NET-04087,device_session_mismatch
NET-04088,consent_scope_mismatch
NET-04089,device_session_mismatch
NET-04090,consent_scope_mismatch
NET-04091,consent_scope_mismatch
NET-04092,device_session_mismatch
NET-04093,device_session_mismatch
NET-04094,consent_scope_mismatch
NET-04095,device_session_mismatch
NET-04096,consent_scope_mismatch
NET-04097,consent_scope_mismatch
NET-04098,device_session_mismatch
NET-04099,consent_scope_mismatch
NET-04100,device_session_mismatch
NET-04101,device_session_mismatch
NET-04102,device_session_mismatch
NET-04103,device_session_mismatch
NET-04104,device_session_mismatch
NET-04105,device_session_mismatch
NET-04106,device_session_mismatch
NET-04107,consent_scope_mismatch
NET-04108,device_session_mismatch
NET-04109,device_session_mismatch
NET-04110,device_session_mismatch
NET-04111,consent_scope_mismatch
NET-04112,consent_scope_mismatch
NET-04113,consent_scope_mismatch
NET-04114,device_session_mismatch
NET-04115,device_session_mismatch
NET-04116,device_session_mismatch
NET-04117,consent_scope_mismatch
NET-04118,consent_scope_mismatch
NET-04119,consent_scope_mismatch
NET-04120,consent_scope_mismatch
NET-04121,consent_scope_mismatch
NET-04122,consent_scope_mismatch
NET-04123,device_session_mismatch
NET-04124,device_session_mismatch
NET-04125,device_session_mismatch
NET-04126,device_session_mismatch
NET-04127,consent_scope_mismatch
NET-04128,device_session_mismatch
NET-04129,device_session_mismatch
NET-04130,consent_scope_mismatch
NET-04131,consent_scope_mismatch
NET-04132,device_session_mismatch
NET-04133,consent_scope_mismatch
NET-04134,device_session_mismatch
NET-04135,device_session_mismatch
NET-04136,device_session_mismatch
NET-04137,device_session_mismatch
NET-04138,consent_scope_mismatch
NET-04139,device_session_mismatch
NET-04140,device_session_mismatch
NET-04141,consent_scope_mismatch
NET-04142,device_session_mismatch
NET-04143,consent_scope_mismatch
NET-04144,device_session_mismatch
NET-04145,device_session_mismatch
NET-04146,device_session_mismatch
NET-04147,consent_scope_mismatch
NET-04148,device_session_mismatch
NET-04149,device_session_mismatch
NET-04150,device_session_mismatch
NET-04151,device_session_mismatch
NET-04152,consent_scope_mismatch
NET-04153,device_session_mismatch
NET-04154,device_session_mismatch
NET-04155,device_session_mismatch
NET-04156,device_session_mismatch
NET-04157,device_session_mismatch
NET-04158,device_session_mismatch
NET-04159,device_session_mismatch
NET-04160,device_session_mismatch
NET-04161,device_session_mismatch
NET-04162,device_session_mismatch
NET-04163,device_session_mismatch
NET-04164,consent_scope_mismatch
NET-04165,device_session_mismatch
NET-04166,device_session_mismatch
NET-04167,consent_scope_mismatch
NET-04168,device_session_mismatch
NET-04169,device_session_mismatch
NET-04170,consent_scope_mismatch
NET-04171,consent_scope_mismatch
NET-04172,device_session_mismatch
NET-04173,device_session_mismatch
NET-04174,consent_scope_mismatch
NET-04175,device_session_mismatch
NET-04176,device_session_mismatch
NET-04177,consent_scope_mismatch
NET-04178,device_session_mismatch
NET-04179,device_session_mismatch
NET-04180,device_session_mismatch
NET-04181,consent_scope_mismatch
NET-04182,device_session_mismatch
NET-04183,device_session_mismatch
NET-04184,device_session_mismatch
NET-04185,device_session_mismatch
NET-04186,consent_scope_mismatch
NET-04187,device_session_mismatch
NET-04188,device_session_mismatch
NET-04189,device_session_mismatch
NET-04190,device_session_mismatch
NET-04191,consent_scope_mismatch
NET-04192,device_session_mismatch
NET-04193,device_session_mismatch
NET-04194,device_session_mismatch
NET-04195,device_session_mismatch
NET-04196,device_session_mismatch
NET-04197,device_session_mismatch
NET-04198,device_session_mismatch
NET-04199,device_session_mismatch
NET-04200,device_session_mismatch
NET-04201,device_session_mismatch
NET-04202,device_session_mismatch
NET-04203,device_session_mismatch
NET-04204,device_session_mismatch
NET-04205,device_session_mismatch
NET-04206,device_session_mismatch
NET-04207,device_session_mismatch
NET-04208,device_session_mismatch
NET-04209,consent_scope_mismatch
NET-04210,device_session_mismatch
NET-04211,device_session_mismatch
NET-04212,device_session_mismatch
NET-04213,device_session_mismatch
NET-04214,consent_scope_mismatch
NET-04215,device_session_mismatch
NET-04216,device_session_mismatch
NET-04217,device_session_mismatch
NET-04218,consent_scope_mismatch
NET-04219,device_session_mismatch
NET-04220,device_session_mismatch
NET-04221,consent_scope_mismatch
NET-04222,device_session_mismatch
NET-04223,device_session_mismatch
NET-04224,device_session_mismatch
NET-04225,consent_scope_mismatch
NET-04226,device_session_mismatch
NET-04227,device_session_mismatch
NET-04228,device_session_mismatch
NET-04229,device_session_mismatch
NET-04230,device_session_mismatch
NET-04231,device_session_mismatch
NET-04232,device_session_mismatch
NET-04233,consent_scope_mismatch
NET-04234,device_session_mismatch
NET-04235,consent_scope_mismatch
NET-04236,device_session_mismatch
NET-04237,consent_scope_mismatch
NET-04238,device_session_mismatch
NET-04239,device_session_mismatch
NET-04240,consent_scope_mismatch
NET-04241,device_session_mismatch
NET-04242,device_session_mismatch
NET-04243,device_session_mismatch
NET-04244,consent_scope_mismatch
NET-04245,consent_scope_mismatch
NET-04246,device_session_mismatch
NET-04247,consent_scope_mismatch
NET-04248,consent_scope_mismatch
NET-04249,device_session_mismatch
NET-04250,device_session_mismatch
NET-04251,consent_scope_mismatch
NET-04252,device_session_mismatch
NET-04253,device_session_mismatch
NET-04254,device_session_mismatch
NET-04255,device_session_mismatch
NET-04256,device_session_mismatch
NET-04257,device_session_mismatch
NET-04258,device_session_mismatch
NET-04259,device_session_mismatch
NET-04260,device_session_mismatch
NET-04261,device_session_mismatch
NET-04262,consent_scope_mismatch
NET-04263,device_session_mismatch
NET-04264,device_session_mismatch
NET-04265,device_session_mismatch
NET-04266,device_session_mismatch
NET-04267,device_session_mismatch
NET-04268,device_session_mismatch
NET-04269,device_session_mismatch
NET-04270,device_session_mismatch
NET-04271,device_session_mismatch
NET-04272,consent_scope_mismatch
NET-04273,device_session_mismatch
NET-04274,device_session_mismatch
NET-04275,consent_scope_mismatch
NET-04276,device_session_mismatch
NET-04277,device_session_mismatch
NET-04278,device_session_mismatch
NET-04279,consent_scope_mismatch
NET-04280,device_session_mismatch
NET-04281,consent_scope_mismatch
NET-04282,device_session_mismatch
NET-04283,consent_scope_mismatch
NET-04284,device_session_mismatch
NET-04285,device_session_mismatch
NET-04286,device_session_mismatch
NET-04287,device_session_mismatch
NET-04288,device_session_mismatch
NET-04289,device_session_mismatch
NET-04290,consent_scope_mismatch
NET-04291,device_session_mismatch
NET-04292,device_session_mismatch
NET-04293,consent_scope_mismatch
NET-04294,device_session_mismatch
NET-04295,device_session_mismatch
NET-04296,device_session_mismatch
NET-04297,device_session_mismatch
NET-04298,device_session_mismatch
NET-04299,device_session_mismatch
NET-04300,device_session_mismatch
NET-04301,device_session_mismatch
NET-04302,device_session_mismatch
NET-04303,consent_scope_mismatch
NET-04304,device_session_mismatch
NET-04305,consent_scope_mismatch
NET-04306,device_session_mismatch
NET-04307,device_session_mismatch
NET-04308,device_session_mismatch
NET-04309,device_session_mismatch
NET-04310,device_session_mismatch
NET-04311,device_session_mismatch
NET-04312,device_session_mismatch
NET-04313,consent_scope_mismatch
NET-04314,device_session_mismatch
NET-04315,consent_scope_mismatch
NET-04316,device_session_mismatch
NET-04317,device_session_mismatch
NET-04318,device_session_mismatch
NET-04319,consent_scope_mismatch
NET-04320,device_session_mismatch
NET-04321,device_session_mismatch
NET-04322,device_session_mismatch
NET-04323,consent_scope_mismatch
NET-04324,device_session_mismatch
NET-04325,consent_scope_mismatch
NET-04326,device_session_mismatch
NET-04327,device_session_mismatch
NET-04328,consent_scope_mismatch
NET-04329,consent_scope_mismatch
NET-04330,consent_scope_mismatch
NET-04331,device_session_mismatch
NET-04332,device_session_mismatch
NET-04333,device_session_mismatch
NET-04334,device_session_mismatch
NET-04335,device_session_mismatch
NET-04336,device_session_mismatch
NET-04337,device_session_mismatch
NET-04338,device_session_mismatch
NET-04339,device_session_mismatch
NET-04340,device_session_mismatch
NET-04341,device_session_mismatch
NET-04342,device_session_mismatch
NET-04343,device_session_mismatch
NET-04344,device_session_mismatch
NET-04345,device_session_mismatch
NET-04346,device_session_mismatch
NET-04347,device_session_mismatch
NET-04348,device_session_mismatch
NET-04349,device_session_mismatch
NET-04350,device_session_mismatch
NET-04351,device_session_mismatch
NET-04352,device_session_mismatch
NET-04353,device_session_mismatch
NET-04354,device_session_mismatch
NET-04355,device_session_mismatch
NET-04356,device_session_mismatch
NET-04357,device_session_mismatch
NET-04358,device_session_mismatch
NET-04359,consent_scope_mismatch
NET-04360,consent_scope_mismatch
NET-04361,consent_scope_mismatch
NET-04362,device_session_mismatch
NET-04363,device_session_mismatch
NET-04364,device_session_mismatch
NET-04365,consent_scope_mismatch
NET-04366,device_session_mismatch
NET-04367,device_session_mismatch
NET-04368,consent_scope_mismatch
NET-04369,device_session_mismatch
NET-04370,device_session_mismatch
NET-04371,consent_scope_mismatch
NET-04372,device_session_mismatch
NET-04373,consent_scope_mismatch
NET-04374,device_session_mismatch
NET-04375,device_session_mismatch
NET-04376,device_session_mismatch
NET-04377,consent_scope_mismatch
NET-04378,device_session_mismatch
NET-04379,device_session_mismatch
NET-04380,device_session_mismatch
NET-04381,device_session_mismatch
NET-04382,consent_scope_mismatch
NET-04383,consent_scope_mismatch
NET-04384,consent_scope_mismatch
NET-04385,consent_scope_mismatch
NET-04386,consent_scope_mismatch
NET-04387,device_session_mismatch
NET-04388,consent_scope_mismatch
NET-04389,consent_scope_mismatch
NET-04390,device_session_mismatch
NET-04391,device_session_mismatch
NET-04392,device_session_mismatch
NET-04393,consent_scope_mismatch
NET-04394,device_session_mismatch
NET-04395,device_session_mismatch
NET-04396,device_session_mismatch
NET-04397,device_session_mismatch
NET-04398,device_session_mismatch
NET-04399,device_session_mismatch
NET-04400,device_session_mismatch
NET-04401,device_session_mismatch
NET-04402,device_session_mismatch
NET-04403,device_session_mismatch
NET-04404,device_session_mismatch
NET-04405,device_session_mismatch
NET-04406,device_session_mismatch
NET-04407,device_session_mismatch
NET-04408,consent_scope_mismatch
NET-04409,device_session_mismatch
NET-04410,consent_scope_mismatch
NET-04411,device_session_mismatch
NET-04412,device_session_mismatch
NET-04413,device_session_mismatch
NET-04414,device_session_mismatch
NET-04415,device_session_mismatch
NET-04416,consent_scope_mismatch
NET-04417,consent_scope_mismatch
NET-04418,consent_scope_mismatch
NET-04419,consent_scope_mismatch
NET-04420,device_session_mismatch
NET-04421,device_session_mismatch
NET-04422,device_session_mismatch
NET-04423,device_session_mismatch
NET-04424,consent_scope_mismatch
NET-04425,device_session_mismatch
NET-04426,consent_scope_mismatch
NET-04427,consent_scope_mismatch
NET-04428,device_session_mismatch
NET-04429,device_session_mismatch
NET-04430,device_session_mismatch
NET-04431,device_session_mismatch
NET-04432,device_session_mismatch
NET-04433,device_session_mismatch
NET-04434,device_session_mismatch
NET-04435,device_session_mismatch
NET-04436,device_session_mismatch
NET-04437,device_session_mismatch
NET-04438,device_session_mismatch
NET-04439,device_session_mismatch
NET-04440,consent_scope_mismatch
NET-04441,device_session_mismatch
NET-04442,device_session_mismatch
NET-04443,device_session_mismatch
NET-04444,consent_scope_mismatch
NET-04445,consent_scope_mismatch
NET-04446,device_session_mismatch
NET-04447,device_session_mismatch
NET-04448,consent_scope_mismatch
NET-04449,consent_scope_mismatch
NET-04450,device_session_mismatch
NET-04451,device_session_mismatch
NET-04452,device_session_mismatch
NET-04453,consent_scope_mismatch
NET-04454,device_session_mismatch
NET-04455,consent_scope_mismatch
NET-04456,device_session_mismatch
NET-04457,device_session_mismatch
NET-04458,device_session_mismatch
NET-04459,device_session_mismatch
NET-04460,consent_scope_mismatch
NET-04461,consent_scope_mismatch
NET-04462,consent_scope_mismatch
NET-04463,device_session_mismatch
NET-04464,consent_scope_mismatch
NET-04465,device_session_mismatch
NET-04466,device_session_mismatch
NET-04467,consent_scope_mismatch
NET-04468,device_session_mismatch
NET-04469,consent_scope_mismatch
NET-04470,device_session_mismatch
NET-04471,device_session_mismatch
NET-04472,device_session_mismatch
NET-04473,consent_scope_mismatch
NET-04474,device_session_mismatch
NET-04475,device_session_mismatch
NET-04476,device_session_mismatch
NET-04477,device_session_mismatch
NET-04478,consent_scope_mismatch
NET-04479,device_session_mismatch
NET-04480,device_session_mismatch
NET-04481,device_session_mismatch
NET-04482,consent_scope_mismatch
NET-04483,device_session_mismatch
NET-04484,device_session_mismatch
NET-04485,consent_scope_mismatch
NET-04486,device_session_mismatch
NET-04487,consent_scope_mismatch
NET-04488,consent_scope_mismatch
NET-04489,consent_scope_mismatch
NET-04490,consent_scope_mismatch
NET-04491,consent_scope_mismatch
NET-04492,device_session_mismatch
NET-04493,device_session_mismatch
NET-04494,device_session_mismatch
NET-04495,device_session_mismatch
NET-04496,device_session_mismatch
NET-04497,consent_scope_mismatch
NET-04498,device_session_mismatch
NET-04499,consent_scope_mismatch
NET-04500,device_session_mismatch
NET-04501,device_session_mismatch
NET-04502,device_session_mismatch
NET-04503,device_session_mismatch
NET-04504,consent_scope_mismatch
NET-04505,device_session_mismatch
NET-04506,device_session_mismatch
NET-04507,consent_scope_mismatch
NET-04508,device_session_mismatch
NET-04509,consent_scope_mismatch
NET-04510,device_session_mismatch
NET-04511,device_session_mismatch
NET-04512,device_session_mismatch
NET-04513,device_session_mismatch
NET-04514,device_session_mismatch
NET-04515,device_session_mismatch
NET-04516,consent_scope_mismatch
NET-04517,device_session_mismatch
NET-04518,consent_scope_mismatch
NET-04519,device_session_mismatch
NET-04520,device_session_mismatch
NET-04521,device_session_mismatch
NET-04522,consent_scope_mismatch
NET-04523,device_session_mismatch
NET-04524,device_session_mismatch
NET-04525,device_session_mismatch
NET-04526,device_session_mismatch
NET-04527,device_session_mismatch
NET-04528,device_session_mismatch
NET-04529,device_session_mismatch
NET-04530,device_session_mismatch
NET-04531,device_session_mismatch
NET-04532,consent_scope_mismatch
NET-04533,device_session_mismatch
NET-04534,device_session_mismatch
NET-04535,device_session_mismatch
NET-04536,device_session_mismatch
NET-04537,device_session_mismatch
NET-04538,device_session_mismatch
NET-04539,consent_scope_mismatch
NET-04540,consent_scope_mismatch
NET-04541,device_session_mismatch
NET-04542,consent_scope_mismatch
NET-04543,device_session_mismatch
NET-04544,device_session_mismatch
NET-04545,device_session_mismatch
NET-04546,device_session_mismatch
NET-04547,device_session_mismatch
NET-04548,consent_scope_mismatch
NET-04549,device_session_mismatch
NET-04550,device_session_mismatch
NET-04551,device_session_mismatch
NET-04552,device_session_mismatch
NET-04553,device_session_mismatch
NET-04554,device_session_mismatch
NET-04555,device_session_mismatch
NET-04556,consent_scope_mismatch
NET-04557,device_session_mismatch
NET-04558,consent_scope_mismatch
NET-04559,device_session_mismatch
NET-04560,device_session_mismatch
NET-04561,device_session_mismatch
NET-04562,device_session_mismatch
NET-04563,device_session_mismatch
NET-04564,device_session_mismatch
NET-04565,device_session_mismatch
NET-04566,device_session_mismatch
NET-04567,device_session_mismatch
NET-04568,device_session_mismatch
NET-04569,consent_scope_mismatch
NET-04570,device_session_mismatch
NET-04571,device_session_mismatch
NET-04572,device_session_mismatch
NET-04573,device_session_mismatch
NET-04574,device_session_mismatch
NET-04575,device_session_mismatch
NET-04576,device_session_mismatch
NET-04577,device_session_mismatch
NET-04578,device_session_mismatch
NET-04579,device_session_mismatch
NET-04580,device_session_mismatch
NET-04581,device_session_mismatch
NET-04582,device_session_mismatch
NET-04583,device_session_mismatch
NET-04584,device_session_mismatch
NET-04585,device_session_mismatch
NET-04586,consent_scope_mismatch
NET-04587,device_session_mismatch
NET-04588,device_session_mismatch
NET-04589,device_session_mismatch
NET-04590,device_session_mismatch
NET-04591,device_session_mismatch
NET-04592,device_session_mismatch
NET-04593,device_session_mismatch
NET-04594,device_session_mismatch
NET-04595,device_session_mismatch
NET-04596,device_session_mismatch
NET-04597,device_session_mismatch
NET-04598,device_session_mismatch
NET-04599,device_session_mismatch
NET-04600,device_session_mismatch
NET-04601,device_session_mismatch
NET-04602,consent_scope_mismatch
NET-04603,consent_scope_mismatch
NET-04604,device_session_mismatch
NET-04605,device_session_mismatch
NET-04606,device_session_mismatch
NET-04607,device_session_mismatch
NET-04608,device_session_mismatch
NET-04609,consent_scope_mismatch
NET-04610,device_session_mismatch
NET-04611,device_session_mismatch
NET-04612,consent_scope_mismatch
NET-04613,consent_scope_mismatch
NET-04614,consent_scope_mismatch
NET-04615,device_session_mismatch
NET-04616,device_session_mismatch
NET-04617,device_session_mismatch
NET-04618,device_session_mismatch
NET-04619,device_session_mismatch
NET-04620,device_session_mismatch
NET-04621,device_session_mismatch
NET-04622,device_session_mismatch
NET-04623,device_session_mismatch
NET-04624,consent_scope_mismatch
NET-04625,consent_scope_mismatch
NET-04626,device_session_mismatch
NET-04627,device_session_mismatch
NET-04628,device_session_mismatch
NET-04629,device_session_mismatch
NET-04630,consent_scope_mismatch
NET-04631,consent_scope_mismatch
NET-04632,device_session_mismatch
NET-04633,device_session_mismatch
NET-04634,device_session_mismatch
NET-04635,device_session_mismatch
NET-04636,consent_scope_mismatch
NET-04637,consent_scope_mismatch
NET-04638,device_session_mismatch
NET-04639,device_session_mismatch
NET-04640,device_session_mismatch
NET-04641,consent_scope_mismatch
NET-04642,device_session_mismatch
NET-04643,device_session_mismatch
NET-04644,device_session_mismatch
NET-04645,consent_scope_mismatch
NET-04646,device_session_mismatch
NET-04647,device_session_mismatch
NET-04648,consent_scope_mismatch
NET-04649,device_session_mismatch
NET-04650,consent_scope_mismatch
NET-04651,device_session_mismatch
NET-04652,device_session_mismatch
NET-04653,consent_scope_mismatch
NET-04654,device_session_mismatch
NET-04655,consent_scope_mismatch
NET-04656,consent_scope_mismatch
NET-04657,consent_scope_mismatch
NET-04658,device_session_mismatch
NET-04659,consent_scope_mismatch
NET-04660,device_session_mismatch
NET-04661,device_session_mismatch
NET-04662,device_session_mismatch
NET-04663,device_session_mismatch
NET-04664,consent_scope_mismatch
NET-04665,consent_scope_mismatch
NET-04666,device_session_mismatch
NET-04667,consent_scope_mismatch
NET-04668,device_session_mismatch
NET-04669,device_session_mismatch
NET-04670,consent_scope_mismatch
NET-04671,device_session_mismatch
NET-04672,device_session_mismatch
NET-04673,consent_scope_mismatch
NET-04674,device_session_mismatch
NET-04675,consent_scope_mismatch
NET-04676,device_session_mismatch
NET-04677,device_session_mismatch
NET-04678,consent_scope_mismatch
NET-04679,device_session_mismatch
NET-04680,device_session_mismatch
NET-04681,consent_scope_mismatch
NET-04682,device_session_mismatch
NET-04683,device_session_mismatch
NET-04684,device_session_mismatch
NET-04685,consent_scope_mismatch
NET-04686,device_session_mismatch
NET-04687,consent_scope_mismatch
NET-04688,device_session_mismatch
NET-04689,device_session_mismatch
NET-04690,device_session_mismatch
NET-04691,device_session_mismatch
NET-04692,device_session_mismatch
NET-04693,device_session_mismatch
NET-04694,device_session_mismatch
NET-04695,device_session_mismatch
NET-04696,device_session_mismatch
NET-04697,device_session_mismatch
NET-04698,device_session_mismatch
NET-04699,device_session_mismatch
NET-04700,device_session_mismatch
NET-04701,consent_scope_mismatch
NET-04702,device_session_mismatch
NET-04703,device_session_mismatch
NET-04704,device_session_mismatch
NET-04705,device_session_mismatch
NET-04706,device_session_mismatch
NET-04707,consent_scope_mismatch
NET-04708,device_session_mismatch
NET-04709,device_session_mismatch
NET-04710,device_session_mismatch
NET-04711,device_session_mismatch
NET-04712,device_session_mismatch
NET-04713,consent_scope_mismatch
NET-04714,device_session_mismatch
NET-04715,device_session_mismatch
NET-04716,device_session_mismatch
NET-04717,consent_scope_mismatch
NET-04718,consent_scope_mismatch
NET-04719,device_session_mismatch
NET-04720,device_session_mismatch
NET-04721,device_session_mismatch
NET-04722,device_session_mismatch
NET-04723,device_session_mismatch
NET-04724,device_session_mismatch
NET-04725,device_session_mismatch
NET-04726,device_session_mismatch
NET-04727,consent_scope_mismatch
NET-04728,device_session_mismatch
NET-04729,device_session_mismatch
NET-04730,device_session_mismatch
NET-04731,device_session_mismatch
NET-04732,device_session_mismatch
NET-04733,consent_scope_mismatch
NET-04734,device_session_mismatch
NET-04735,device_session_mismatch
NET-04736,consent_scope_mismatch
NET-04737,consent_scope_mismatch
NET-04738,device_session_mismatch
NET-04739,device_session_mismatch
NET-04740,device_session_mismatch
NET-04741,device_session_mismatch
NET-04742,device_session_mismatch
NET-04743,device_session_mismatch
NET-04744,device_session_mismatch
NET-04745,device_session_mismatch
NET-04746,consent_scope_mismatch
NET-04747,device_session_mismatch
NET-04748,device_session_mismatch
NET-04749,device_session_mismatch
NET-04750,device_session_mismatch
NET-04751,consent_scope_mismatch
NET-04752,device_session_mismatch
NET-04753,device_session_mismatch
NET-04754,consent_scope_mismatch
NET-04755,consent_scope_mismatch
NET-04756,device_session_mismatch
NET-04757,device_session_mismatch
NET-04758,consent_scope_mismatch
NET-04759,device_session_mismatch
NET-04760,device_session_mismatch
NET-04761,device_session_mismatch
NET-04762,device_session_mismatch
NET-04763,device_session_mismatch
NET-04764,device_session_mismatch
NET-04765,consent_scope_mismatch
NET-04766,consent_scope_mismatch
NET-04767,consent_scope_mismatch
NET-04768,device_session_mismatch
NET-04769,device_session_mismatch
NET-04770,device_session_mismatch
NET-04771,device_session_mismatch
NET-04772,device_session_mismatch
NET-04773,device_session_mismatch
NET-04774,device_session_mismatch
NET-04775,device_session_mismatch
NET-04776,consent_scope_mismatch
NET-04777,device_session_mismatch
NET-04778,device_session_mismatch
NET-04779,device_session_mismatch
NET-04780,device_session_mismatch
NET-04781,device_session_mismatch
NET-04782,device_session_mismatch
NET-04783,device_session_mismatch
NET-04784,device_session_mismatch
NET-04785,device_session_mismatch
NET-04786,consent_scope_mismatch
NET-04787,device_session_mismatch
NET-04788,consent_scope_mismatch
NET-04789,device_session_mismatch
NET-04790,device_session_mismatch
NET-04791,device_session_mismatch
NET-04792,device_session_mismatch
NET-04793,device_session_mismatch
NET-04794,device_session_mismatch
NET-04795,consent_scope_mismatch
NET-04796,device_session_mismatch
NET-04797,device_session_mismatch
NET-04798,device_session_mismatch
NET-04799,device_session_mismatch
NET-04800,device_session_mismatch
NET-04801,device_session_mismatch
NET-04802,consent_scope_mismatch
NET-04803,device_session_mismatch
NET-04804,device_session_mismatch
NET-04805,consent_scope_mismatch
NET-04806,consent_scope_mismatch
NET-04807,device_session_mismatch
NET-04808,consent_scope_mismatch
NET-04809,device_session_mismatch
NET-04810,device_session_mismatch
NET-04811,device_session_mismatch
NET-04812,consent_scope_mismatch
NET-04813,device_session_mismatch
NET-04814,device_session_mismatch
NET-04815,device_session_mismatch
NET-04816,device_session_mismatch
NET-04817,device_session_mismatch
NET-04818,device_session_mismatch
NET-04819,device_session_mismatch
NET-04820,device_session_mismatch
NET-04821,device_session_mismatch
NET-04822,device_session_mismatch
NET-04823,device_session_mismatch
NET-04824,consent_scope_mismatch
NET-04825,consent_scope_mismatch
NET-04826,device_session_mismatch
NET-04827,device_session_mismatch
NET-04828,device_session_mismatch
NET-04829,device_session_mismatch
NET-04830,device_session_mismatch
NET-04831,device_session_mismatch
NET-04832,consent_scope_mismatch
NET-04833,device_session_mismatch
NET-04834,device_session_mismatch
NET-04835,consent_scope_mismatch
NET-04836,device_session_mismatch
NET-04837,consent_scope_mismatch
NET-04838,device_session_mismatch
NET-04839,device_session_mismatch
NET-04840,device_session_mismatch
NET-04841,device_session_mismatch
NET-04842,device_session_mismatch
NET-04843,device_session_mismatch
NET-04844,device_session_mismatch
NET-04845,device_session_mismatch
NET-04846,device_session_mismatch
NET-04847,consent_scope_mismatch
NET-04848,device_session_mismatch
NET-04849,device_session_mismatch
NET-04850,device_session_mismatch
NET-04851,device_session_mismatch
NET-04852,consent_scope_mismatch
NET-04853,device_session_mismatch
NET-04854,device_session_mismatch
NET-04855,device_session_mismatch
NET-04856,device_session_mismatch
NET-04857,device_session_mismatch
NET-04858,device_session_mismatch
NET-04859,device_session_mismatch
NET-04860,device_session_mismatch
NET-04861,device_session_mismatch
NET-04862,device_session_mismatch
NET-04863,device_session_mismatch
NET-04864,consent_scope_mismatch
NET-04865,device_session_mismatch
NET-04866,device_session_mismatch
NET-04867,consent_scope_mismatch
NET-04868,device_session_mismatch
NET-04869,device_session_mismatch
NET-04870,device_session_mismatch
NET-04871,device_session_mismatch
NET-04872,device_session_mismatch
NET-04873,device_session_mismatch
NET-04874,consent_scope_mismatch
NET-04875,consent_scope_mismatch
NET-04876,consent_scope_mismatch
NET-04877,device_session_mismatch
NET-04878,device_session_mismatch
NET-04879,device_session_mismatch
NET-04880,consent_scope_mismatch
NET-04881,consent_scope_mismatch
NET-04882,device_session_mismatch
NET-04883,consent_scope_mismatch
NET-04884,consent_scope_mismatch
NET-04885,device_session_mismatch
NET-04886,device_session_mismatch
NET-04887,consent_scope_mismatch
NET-04888,device_session_mismatch
NET-04889,device_session_mismatch
NET-04890,device_session_mismatch
NET-04891,device_session_mismatch
NET-04892,device_session_mismatch
NET-04893,consent_scope_mismatch
NET-04894,device_session_mismatch
NET-04895,device_session_mismatch
NET-04896,consent_scope_mismatch
NET-04897,consent_scope_mismatch
NET-04898,device_session_mismatch
NET-04899,device_session_mismatch
NET-04900,device_session_mismatch
NET-04901,device_session_mismatch
NET-04902,device_session_mismatch
NET-04903,device_session_mismatch
NET-04904,device_session_mismatch
NET-04905,device_session_mismatch
NET-04906,device_session_mismatch
NET-04907,consent_scope_mismatch
NET-04908,device_session_mismatch
NET-04909,device_session_mismatch
NET-04910,device_session_mismatch
NET-04911,consent_scope_mismatch
NET-04912,device_session_mismatch
NET-04913,device_session_mismatch
NET-04914,device_session_mismatch
NET-04915,consent_scope_mismatch
NET-04916,consent_scope_mismatch
NET-04917,device_session_mismatch
NET-04918,consent_scope_mismatch
NET-04919,device_session_mismatch
NET-04920,device_session_mismatch
NET-04921,device_session_mismatch
NET-04922,device_session_mismatch
NET-04923,consent_scope_mismatch
NET-04924,consent_scope_mismatch
NET-04925,device_session_mismatch
NET-04926,device_session_mismatch
NET-04927,consent_scope_mismatch
NET-04928,device_session_mismatch
NET-04929,device_session_mismatch
NET-04930,device_session_mismatch
NET-04931,device_session_mismatch
NET-04932,device_session_mismatch
NET-04933,device_session_mismatch
NET-04934,device_session_mismatch
NET-04935,device_session_mismatch
NET-04936,consent_scope_mismatch
NET-04937,device_session_mismatch
NET-04938,device_session_mismatch
NET-04939,device_session_mismatch
NET-04940,device_session_mismatch
NET-04941,consent_scope_mismatch
NET-04942,device_session_mismatch
NET-04943,device_session_mismatch
NET-04944,device_session_mismatch
NET-04945,device_session_mismatch
NET-04946,device_session_mismatch
NET-04947,device_session_mismatch
NET-04948,device_session_mismatch
NET-04949,consent_scope_mismatch
NET-04950,device_session_mismatch
NET-04951,device_session_mismatch
NET-04952,device_session_mismatch
NET-04953,device_session_mismatch
NET-04954,consent_scope_mismatch
NET-04955,device_session_mismatch
NET-04956,device_session_mismatch
NET-04957,device_session_mismatch
NET-04958,device_session_mismatch
NET-04959,device_session_mismatch
NET-04960,consent_scope_mismatch
NET-04961,consent_scope_mismatch
NET-04962,device_session_mismatch
NET-04963,device_session_mismatch
NET-04964,device_session_mismatch
NET-04965,device_session_mismatch
NET-04966,device_session_mismatch
NET-04967,device_session_mismatch
NET-04968,device_session_mismatch
NET-04969,device_session_mismatch
NET-04970,device_session_mismatch
NET-04971,device_session_mismatch
NET-04972,consent_scope_mismatch
NET-04973,consent_scope_mismatch
NET-04974,consent_scope_mismatch
NET-04975,consent_scope_mismatch
NET-04976,device_session_mismatch
NET-04977,consent_scope_mismatch
NET-04978,device_session_mismatch
NET-04979,device_session_mismatch
NET-04980,consent_scope_mismatch
NET-04981,device_session_mismatch
NET-04982,device_session_mismatch
NET-04983,device_session_mismatch
NET-04984,device_session_mismatch
NET-04985,consent_scope_mismatch
NET-04986,consent_scope_mismatch
NET-04987,device_session_mismatch
NET-04988,device_session_mismatch
NET-04989,device_session_mismatch
NET-04990,consent_scope_mismatch
NET-04991,device_session_mismatch
NET-04992,device_session_mismatch
NET-04993,device_session_mismatch
NET-04994,consent_scope_mismatch
NET-04995,device_session_mismatch
NET-04996,device_session_mismatch
NET-04997,device_session_mismatch
NET-04998,device_session_mismatch
NET-04999,device_session_mismatch
NET-05000,consent_scope_mismatch
NET-05001,device_session_mismatch
NET-05002,device_session_mismatch
NET-05003,device_session_mismatch
NET-05004,consent_scope_mismatch
NET-05005,device_session_mismatch
NET-05006,device_session_mismatch
NET-05007,device_session_mismatch
NET-05008,device_session_mismatch
NET-05009,consent_scope_mismatch
NET-05010,device_session_mismatch
NET-05011,device_session_mismatch
NET-05012,device_session_mismatch
NET-05013,device_session_mismatch
NET-05014,device_session_mismatch
NET-05015,device_session_mismatch
NET-05016,device_session_mismatch
NET-05017,device_session_mismatch
NET-05018,device_session_mismatch
NET-05019,device_session_mismatch
NET-05020,device_session_mismatch
NET-05021,device_session_mismatch
NET-05022,device_session_mismatch
NET-05023,device_session_mismatch
NET-05024,device_session_mismatch
NET-05025,device_session_mismatch
NET-05026,device_session_mismatch
NET-05027,device_session_mismatch
NET-05028,device_session_mismatch
NET-05029,device_session_mismatch
NET-05030,consent_scope_mismatch
NET-05031,device_session_mismatch
NET-05032,device_session_mismatch
NET-05033,consent_scope_mismatch
NET-05034,device_session_mismatch
NET-05035,device_session_mismatch
NET-05036,device_session_mismatch
NET-05037,device_session_mismatch
NET-05038,device_session_mismatch
NET-05039,device_session_mismatch
NET-05040,device_session_mismatch
NET-05041,device_session_mismatch
NET-05042,device_session_mismatch
NET-05043,device_session_mismatch
NET-05044,device_session_mismatch
NET-05045,device_session_mismatch
NET-05046,consent_scope_mismatch
NET-05047,device_session_mismatch
NET-05048,device_session_mismatch
NET-05049,consent_scope_mismatch
NET-05050,device_session_mismatch
NET-05051,device_session_mismatch
NET-05052,device_session_mismatch
NET-05053,device_session_mismatch
NET-05054,device_session_mismatch
NET-05055,consent_scope_mismatch
NET-05056,device_session_mismatch
NET-05057,consent_scope_mismatch
NET-05058,device_session_mismatch
NET-05059,device_session_mismatch
NET-05060,consent_scope_mismatch
NET-05061,device_session_mismatch
NET-05062,consent_scope_mismatch
NET-05063,consent_scope_mismatch
NET-05064,consent_scope_mismatch
NET-05065,device_session_mismatch
NET-05066,device_session_mismatch
NET-05067,device_session_mismatch
NET-05068,device_session_mismatch
NET-05069,device_session_mismatch
NET-05070,consent_scope_mismatch
NET-05071,consent_scope_mismatch
NET-05072,device_session_mismatch
NET-05073,device_session_mismatch
NET-05074,consent_scope_mismatch
NET-05075,device_session_mismatch
NET-05076,device_session_mismatch
NET-05077,consent_scope_mismatch
NET-05078,device_session_mismatch
NET-05079,consent_scope_mismatch
NET-05080,consent_scope_mismatch
NET-05081,device_session_mismatch
NET-05082,device_session_mismatch
NET-05083,device_session_mismatch
NET-05084,device_session_mismatch
NET-05085,device_session_mismatch
NET-05086,device_session_mismatch
NET-05087,consent_scope_mismatch
NET-05088,consent_scope_mismatch
NET-05089,device_session_mismatch
NET-05090,device_session_mismatch
NET-05091,device_session_mismatch
NET-05092,device_session_mismatch
NET-05093,device_session_mismatch
NET-05094,device_session_mismatch
NET-05095,device_session_mismatch
NET-05096,consent_scope_mismatch
NET-05097,device_session_mismatch
NET-05098,device_session_mismatch
NET-05099,device_session_mismatch
NET-05100,device_session_mismatch
NET-05101,device_session_mismatch
NET-05102,device_session_mismatch
NET-05103,consent_scope_mismatch
NET-05104,consent_scope_mismatch
NET-05105,consent_scope_mismatch
NET-05106,device_session_mismatch
NET-05107,device_session_mismatch
NET-05108,device_session_mismatch
NET-05109,device_session_mismatch
NET-05110,device_session_mismatch
NET-05111,device_session_mismatch
NET-05112,device_session_mismatch
NET-05113,device_session_mismatch
NET-05114,consent_scope_mismatch
NET-05115,device_session_mismatch
NET-05116,consent_scope_mismatch
NET-05117,consent_scope_mismatch
NET-05118,device_session_mismatch
NET-05119,device_session_mismatch
NET-05120,device_session_mismatch
NET-05121,device_session_mismatch
NET-05122,device_session_mismatch
NET-05123,device_session_mismatch
NET-05124,device_session_mismatch
NET-05125,device_session_mismatch
NET-05126,device_session_mismatch
NET-05127,device_session_mismatch
NET-05128,device_session_mismatch
NET-05129,device_session_mismatch
NET-05130,device_session_mismatch
NET-05131,consent_scope_mismatch
NET-05132,device_session_mismatch
NET-05133,device_session_mismatch
NET-05134,device_session_mismatch
NET-05135,device_session_mismatch
NET-05136,device_session_mismatch
NET-05137,device_session_mismatch
NET-05138,device_session_mismatch
NET-05139,device_session_mismatch
NET-05140,device_session_mismatch
NET-05141,device_session_mismatch
NET-05142,device_session_mismatch
NET-05143,device_session_mismatch
NET-05144,consent_scope_mismatch
NET-05145,device_session_mismatch
NET-05146,device_session_mismatch
NET-05147,consent_scope_mismatch
NET-05148,consent_scope_mismatch
NET-05149,device_session_mismatch
NET-05150,device_session_mismatch
NET-05151,consent_scope_mismatch
NET-05152,device_session_mismatch
NET-05153,consent_scope_mismatch
NET-05154,device_session_mismatch
NET-05155,consent_scope_mismatch
NET-05156,device_session_mismatch
NET-05157,consent_scope_mismatch
NET-05158,device_session_mismatch
NET-05159,device_session_mismatch
NET-05160,device_session_mismatch
NET-05161,device_session_mismatch
NET-05162,device_session_mismatch
NET-05163,device_session_mismatch
NET-05164,device_session_mismatch
NET-05165,device_session_mismatch
NET-05166,consent_scope_mismatch
NET-05167,consent_scope_mismatch
NET-05168,consent_scope_mismatch
NET-05169,device_session_mismatch
NET-05170,consent_scope_mismatch
NET-05171,consent_scope_mismatch
NET-05172,device_session_mismatch
NET-05173,device_session_mismatch
NET-05174,device_session_mismatch
NET-05175,device_session_mismatch
NET-05176,consent_scope_mismatch
NET-05177,device_session_mismatch
NET-05178,device_session_mismatch
NET-05179,device_session_mismatch
NET-05180,device_session_mismatch
NET-05181,consent_scope_mismatch
NET-05182,consent_scope_mismatch
NET-05183,device_session_mismatch
NET-05184,device_session_mismatch
NET-05185,device_session_mismatch
NET-05186,device_session_mismatch
NET-05187,device_session_mismatch
NET-05188,device_session_mismatch
NET-05189,device_session_mismatch
NET-05190,device_session_mismatch
NET-05191,consent_scope_mismatch
NET-05192,device_session_mismatch
NET-05193,consent_scope_mismatch
NET-05194,device_session_mismatch
NET-05195,device_session_mismatch
NET-05196,consent_scope_mismatch
NET-05197,consent_scope_mismatch
NET-05198,device_session_mismatch
NET-05199,device_session_mismatch
NET-05200,consent_scope_mismatch
NET-05201,device_session_mismatch
NET-05202,device_session_mismatch
NET-05203,device_session_mismatch
NET-05204,consent_scope_mismatch
NET-05205,device_session_mismatch
NET-05206,device_session_mismatch
NET-05207,consent_scope_mismatch
NET-05208,consent_scope_mismatch
NET-05209,consent_scope_mismatch
NET-05210,device_session_mismatch
NET-05211,device_session_mismatch
NET-05212,device_session_mismatch
NET-05213,device_session_mismatch
NET-05214,consent_scope_mismatch
NET-05215,consent_scope_mismatch
NET-05216,consent_scope_mismatch
NET-05217,device_session_mismatch
NET-05218,device_session_mismatch
NET-05219,consent_scope_mismatch
NET-05220,device_session_mismatch
NET-05221,consent_scope_mismatch
NET-05222,device_session_mismatch
NET-05223,consent_scope_mismatch
NET-05224,consent_scope_mismatch
NET-05225,device_session_mismatch
NET-05226,consent_scope_mismatch
NET-05227,device_session_mismatch
NET-05228,device_session_mismatch
NET-05229,device_session_mismatch
NET-05230,device_session_mismatch
NET-05231,device_session_mismatch
NET-05232,consent_scope_mismatch
NET-05233,device_session_mismatch
NET-05234,consent_scope_mismatch
NET-05235,device_session_mismatch
NET-05236,device_session_mismatch
NET-05237,device_session_mismatch
NET-05238,device_session_mismatch
NET-05239,device_session_mismatch
NET-05240,device_session_mismatch
NET-05241,device_session_mismatch
NET-05242,device_session_mismatch
NET-05243,device_session_mismatch
NET-05244,device_session_mismatch
NET-05245,device_session_mismatch
NET-05246,device_session_mismatch
NET-05247,device_session_mismatch
NET-05248,consent_scope_mismatch
NET-05249,device_session_mismatch
NET-05250,device_session_mismatch
NET-05251,consent_scope_mismatch
NET-05252,device_session_mismatch
NET-05253,device_session_mismatch
NET-05254,device_session_mismatch
NET-05255,device_session_mismatch
NET-05256,consent_scope_mismatch
NET-05257,device_session_mismatch
NET-05258,device_session_mismatch
NET-05259,device_session_mismatch
NET-05260,device_session_mismatch
NET-05261,device_session_mismatch
NET-05262,device_session_mismatch
NET-05263,device_session_mismatch
NET-05264,device_session_mismatch
NET-05265,device_session_mismatch
NET-05266,device_session_mismatch
NET-05267,device_session_mismatch
NET-05268,device_session_mismatch
NET-05269,consent_scope_mismatch
NET-05270,device_session_mismatch
NET-05271,consent_scope_mismatch
NET-05272,device_session_mismatch
NET-05273,device_session_mismatch
NET-05274,consent_scope_mismatch
NET-05275,consent_scope_mismatch
NET-05276,device_session_mismatch
NET-05277,device_session_mismatch
NET-05278,device_session_mismatch
NET-05279,consent_scope_mismatch
NET-05280,consent_scope_mismatch
NET-05281,device_session_mismatch
NET-05282,device_session_mismatch
NET-05283,device_session_mismatch
NET-05284,consent_scope_mismatch
NET-05285,consent_scope_mismatch
NET-05286,device_session_mismatch
NET-05287,device_session_mismatch
NET-05288,consent_scope_mismatch
NET-05289,device_session_mismatch
NET-05290,device_session_mismatch
NET-05291,device_session_mismatch
NET-05292,device_session_mismatch
NET-05293,device_session_mismatch
NET-05294,device_session_mismatch
NET-05295,device_session_mismatch
NET-05296,device_session_mismatch
NET-05297,device_session_mismatch
NET-05298,device_session_mismatch
NET-05299,device_session_mismatch
NET-05300,device_session_mismatch
NET-05301,device_session_mismatch
NET-05302,consent_scope_mismatch
NET-05303,device_session_mismatch
NET-05304,consent_scope_mismatch
NET-05305,consent_scope_mismatch
NET-05306,consent_scope_mismatch
NET-05307,device_session_mismatch
NET-05308,consent_scope_mismatch
NET-05309,device_session_mismatch
NET-05310,consent_scope_mismatch
NET-05311,device_session_mismatch
NET-05312,consent_scope_mismatch
NET-05313,device_session_mismatch
NET-05314,device_session_mismatch
NET-05315,consent_scope_mismatch
NET-05316,consent_scope_mismatch
NET-05317,device_session_mismatch
NET-05318,consent_scope_mismatch
NET-05319,device_session_mismatch
NET-05320,device_session_mismatch
NET-05321,consent_scope_mismatch
NET-05322,device_session_mismatch
NET-05323,device_session_mismatch
NET-05324,device_session_mismatch
NET-05325,device_session_mismatch
NET-05326,device_session_mismatch
NET-05327,consent_scope_mismatch
NET-05328,device_session_mismatch
NET-05329,device_session_mismatch
NET-05330,device_session_mismatch
NET-05331,device_session_mismatch
NET-05332,device_session_mismatch
NET-05333,consent_scope_mismatch
NET-05334,device_session_mismatch
NET-05335,device_session_mismatch
NET-05336,consent_scope_mismatch
NET-05337,consent_scope_mismatch
NET-05338,device_session_mismatch
NET-05339,device_session_mismatch
NET-05340,device_session_mismatch
NET-05341,consent_scope_mismatch
NET-05342,consent_scope_mismatch
NET-05343,device_session_mismatch
NET-05344,device_session_mismatch
NET-05345,consent_scope_mismatch
NET-05346,consent_scope_mismatch
NET-05347,device_session_mismatch
NET-05348,consent_scope_mismatch
NET-05349,device_session_mismatch
NET-05350,consent_scope_mismatch
NET-05351,device_session_mismatch
NET-05352,device_session_mismatch
NET-05353,device_session_mismatch
NET-05354,device_session_mismatch
NET-05355,consent_scope_mismatch
NET-05356,consent_scope_mismatch
NET-05357,device_session_mismatch
NET-05358,device_session_mismatch
NET-05359,device_session_mismatch
NET-05360,device_session_mismatch
NET-05361,device_session_mismatch
NET-05362,device_session_mismatch
NET-05363,device_session_mismatch
NET-05364,device_session_mismatch
NET-05365,device_session_mismatch
NET-05366,device_session_mismatch
NET-05367,device_session_mismatch
NET-05368,device_session_mismatch
NET-05369,consent_scope_mismatch
NET-05370,consent_scope_mismatch
NET-05371,device_session_mismatch
NET-05372,consent_scope_mismatch
NET-05373,device_session_mismatch
NET-05374,device_session_mismatch
NET-05375,device_session_mismatch
NET-05376,device_session_mismatch
NET-05377,consent_scope_mismatch
NET-05378,device_session_mismatch
NET-05379,consent_scope_mismatch
NET-05380,device_session_mismatch
NET-05381,consent_scope_mismatch
NET-05382,consent_scope_mismatch
NET-05383,device_session_mismatch
NET-05384,device_session_mismatch
NET-05385,consent_scope_mismatch
NET-05386,device_session_mismatch
NET-05387,consent_scope_mismatch
NET-05388,device_session_mismatch
NET-05389,device_session_mismatch
NET-05390,device_session_mismatch
NET-05391,device_session_mismatch
NET-05392,consent_scope_mismatch
NET-05393,device_session_mismatch
NET-05394,device_session_mismatch
NET-05395,device_session_mismatch
NET-05396,consent_scope_mismatch
NET-05397,consent_scope_mismatch
NET-05398,device_session_mismatch
NET-05399,consent_scope_mismatch
NET-05400,device_session_mismatch
NET-05401,device_session_mismatch
NET-05402,device_session_mismatch
NET-05403,consent_scope_mismatch
NET-05404,device_session_mismatch
NET-05405,device_session_mismatch
NET-05406,device_session_mismatch
NET-05407,device_session_mismatch
NET-05408,device_session_mismatch
NET-05409,device_session_mismatch
NET-05410,device_session_mismatch
NET-05411,device_session_mismatch
NET-05412,device_session_mismatch
NET-05413,device_session_mismatch
NET-05414,device_session_mismatch
NET-05415,device_session_mismatch
NET-05416,device_session_mismatch
NET-05417,device_session_mismatch
NET-05418,device_session_mismatch
NET-05419,device_session_mismatch
NET-05420,device_session_mismatch
NET-05421,device_session_mismatch
NET-05422,consent_scope_mismatch
NET-05423,device_session_mismatch
NET-05424,consent_scope_mismatch
NET-05425,device_session_mismatch
NET-05426,device_session_mismatch
NET-05427,consent_scope_mismatch
NET-05428,device_session_mismatch
NET-05429,consent_scope_mismatch
NET-05430,consent_scope_mismatch
NET-05431,device_session_mismatch
NET-05432,device_session_mismatch
NET-05433,consent_scope_mismatch
NET-05434,device_session_mismatch
NET-05435,device_session_mismatch
NET-05436,device_session_mismatch
NET-05437,device_session_mismatch
NET-05438,device_session_mismatch
NET-05439,consent_scope_mismatch
NET-05440,device_session_mismatch
NET-05441,device_session_mismatch
NET-05442,device_session_mismatch
NET-05443,device_session_mismatch
NET-05444,consent_scope_mismatch
NET-05445,device_session_mismatch
NET-05446,device_session_mismatch
NET-05447,device_session_mismatch
NET-05448,consent_scope_mismatch
NET-05449,device_session_mismatch
NET-05450,consent_scope_mismatch
NET-05451,consent_scope_mismatch
NET-05452,consent_scope_mismatch
NET-05453,device_session_mismatch
NET-05454,consent_scope_mismatch
NET-05455,consent_scope_mismatch
NET-05456,device_session_mismatch
NET-05457,device_session_mismatch
NET-05458,device_session_mismatch
NET-05459,consent_scope_mismatch
NET-05460,consent_scope_mismatch
NET-05461,device_session_mismatch
NET-05462,consent_scope_mismatch
NET-05463,device_session_mismatch
NET-05464,device_session_mismatch
NET-05465,consent_scope_mismatch
NET-05466,device_session_mismatch
NET-05467,consent_scope_mismatch
NET-05468,device_session_mismatch
NET-05469,consent_scope_mismatch
NET-05470,device_session_mismatch
NET-05471,device_session_mismatch
NET-05472,device_session_mismatch
NET-05473,device_session_mismatch
NET-05474,device_session_mismatch
NET-05475,device_session_mismatch
NET-05476,consent_scope_mismatch
NET-05477,device_session_mismatch
NET-05478,device_session_mismatch
NET-05479,device_session_mismatch
NET-05480,device_session_mismatch
NET-05481,device_session_mismatch
NET-05482,consent_scope_mismatch
NET-05483,device_session_mismatch
NET-05484,consent_scope_mismatch
NET-05485,device_session_mismatch
NET-05486,device_session_mismatch
NET-05487,consent_scope_mismatch
NET-05488,device_session_mismatch
NET-05489,consent_scope_mismatch
NET-05490,device_session_mismatch
NET-05491,consent_scope_mismatch
NET-05492,device_session_mismatch
NET-05493,device_session_mismatch
NET-05494,device_session_mismatch
NET-05495,device_session_mismatch
NET-05496,device_session_mismatch
NET-05497,device_session_mismatch
NET-05498,device_session_mismatch
NET-05499,device_session_mismatch
NET-05500,consent_scope_mismatch
NET-05501,device_session_mismatch
NET-05502,device_session_mismatch
NET-05503,device_session_mismatch
NET-05504,device_session_mismatch
NET-05505,consent_scope_mismatch
NET-05506,device_session_mismatch
NET-05507,device_session_mismatch
NET-05508,device_session_mismatch
NET-05509,device_session_mismatch
NET-05510,consent_scope_mismatch
NET-05511,device_session_mismatch
NET-05512,consent_scope_mismatch
NET-05513,consent_scope_mismatch
NET-05514,device_session_mismatch
NET-05515,device_session_mismatch
NET-05516,device_session_mismatch
NET-05517,consent_scope_mismatch
NET-05518,device_session_mismatch
NET-05519,device_session_mismatch
NET-05520,device_session_mismatch
NET-05521,device_session_mismatch
NET-05522,device_session_mismatch
NET-05523,device_session_mismatch
NET-05524,device_session_mismatch
NET-05525,consent_scope_mismatch
NET-05526,device_session_mismatch
NET-05527,device_session_mismatch
NET-05528,device_session_mismatch
NET-05529,device_session_mismatch
NET-05530,device_session_mismatch
NET-05531,device_session_mismatch
NET-05532,device_session_mismatch
NET-05533,device_session_mismatch
NET-05534,device_session_mismatch
NET-05535,consent_scope_mismatch
NET-05536,device_session_mismatch
NET-05537,device_session_mismatch
NET-05538,device_session_mismatch
NET-05539,device_session_mismatch
NET-05540,device_session_mismatch
NET-05541,device_session_mismatch
NET-05542,device_session_mismatch
NET-05543,device_session_mismatch
NET-05544,device_session_mismatch
NET-05545,device_session_mismatch
NET-05546,consent_scope_mismatch
NET-05547,device_session_mismatch
NET-05548,consent_scope_mismatch
NET-05549,device_session_mismatch
NET-05550,device_session_mismatch
NET-05551,device_session_mismatch
NET-05552,device_session_mismatch
NET-05553,device_session_mismatch
NET-05554,device_session_mismatch
NET-05555,device_session_mismatch
NET-05556,device_session_mismatch
NET-05557,device_session_mismatch
NET-05558,device_session_mismatch
NET-05559,device_session_mismatch
NET-05560,device_session_mismatch
NET-05561,device_session_mismatch
NET-05562,device_session_mismatch
NET-05563,device_session_mismatch
NET-05564,device_session_mismatch
NET-05565,device_session_mismatch
NET-05566,device_session_mismatch
NET-05567,consent_scope_mismatch
NET-05568,device_session_mismatch
NET-05569,device_session_mismatch
NET-05570,device_session_mismatch
NET-05571,device_session_mismatch
NET-05572,device_session_mismatch
NET-05573,device_session_mismatch
NET-05574,device_session_mismatch
NET-05575,consent_scope_mismatch
NET-05576,device_session_mismatch
NET-05577,device_session_mismatch
NET-05578,device_session_mismatch
NET-05579,device_session_mismatch
NET-05580,device_session_mismatch
NET-05581,consent_scope_mismatch
NET-05582,consent_scope_mismatch
NET-05583,device_session_mismatch
NET-05584,device_session_mismatch
NET-05585,device_session_mismatch
NET-05586,device_session_mismatch
NET-05587,consent_scope_mismatch
NET-05588,consent_scope_mismatch
NET-05589,device_session_mismatch
NET-05590,consent_scope_mismatch
NET-05591,device_session_mismatch
NET-05592,device_session_mismatch
NET-05593,device_session_mismatch
NET-05594,device_session_mismatch
NET-05595,device_session_mismatch
NET-05596,device_session_mismatch
NET-05597,consent_scope_mismatch
NET-05598,device_session_mismatch
NET-05599,device_session_mismatch
NET-05600,device_session_mismatch
NET-05601,consent_scope_mismatch
NET-05602,device_session_mismatch
NET-05603,device_session_mismatch
NET-05604,device_session_mismatch
NET-05605,device_session_mismatch
NET-05606,device_session_mismatch
NET-05607,consent_scope_mismatch
NET-05608,consent_scope_mismatch
NET-05609,device_session_mismatch
NET-05610,device_session_mismatch
NET-05611,device_session_mismatch
NET-05612,consent_scope_mismatch
NET-05613,device_session_mismatch
NET-05614,consent_scope_mismatch
NET-05615,consent_scope_mismatch
NET-05616,consent_scope_mismatch
NET-05617,consent_scope_mismatch
NET-05618,consent_scope_mismatch
NET-05619,device_session_mismatch
NET-05620,device_session_mismatch
NET-05621,device_session_mismatch
NET-05622,consent_scope_mismatch
NET-05623,consent_scope_mismatch
NET-05624,consent_scope_mismatch
NET-05625,device_session_mismatch
NET-05626,consent_scope_mismatch
NET-05627,device_session_mismatch
NET-05628,device_session_mismatch
NET-05629,device_session_mismatch
NET-05630,device_session_mismatch
NET-05631,device_session_mismatch
NET-05632,device_session_mismatch
NET-05633,device_session_mismatch
NET-05634,device_session_mismatch
NET-05635,device_session_mismatch
NET-05636,device_session_mismatch
NET-05637,device_session_mismatch
NET-05638,device_session_mismatch
NET-05639,device_session_mismatch
NET-05640,consent_scope_mismatch
NET-05641,device_session_mismatch
NET-05642,consent_scope_mismatch
NET-05643,device_session_mismatch
NET-05644,device_session_mismatch
NET-05645,device_session_mismatch
NET-05646,device_session_mismatch
NET-05647,device_session_mismatch
NET-05648,device_session_mismatch
NET-05649,consent_scope_mismatch
NET-05650,consent_scope_mismatch
NET-05651,device_session_mismatch
NET-05652,consent_scope_mismatch
NET-05653,device_session_mismatch
NET-05654,device_session_mismatch
NET-05655,device_session_mismatch
NET-05656,device_session_mismatch
NET-05657,device_session_mismatch
NET-05658,device_session_mismatch
NET-05659,device_session_mismatch
NET-05660,consent_scope_mismatch
NET-05661,consent_scope_mismatch
NET-05662,device_session_mismatch
NET-05663,device_session_mismatch
NET-05664,device_session_mismatch
NET-05665,device_session_mismatch
NET-05666,consent_scope_mismatch
NET-05667,device_session_mismatch
NET-05668,device_session_mismatch
NET-05669,device_session_mismatch
NET-05670,device_session_mismatch
NET-05671,consent_scope_mismatch
NET-05672,device_session_mismatch
NET-05673,device_session_mismatch
NET-05674,device_session_mismatch
NET-05675,device_session_mismatch
NET-05676,consent_scope_mismatch
NET-05677,consent_scope_mismatch
NET-05678,device_session_mismatch
NET-05679,consent_scope_mismatch
NET-05680,consent_scope_mismatch
NET-05681,device_session_mismatch
NET-05682,device_session_mismatch
NET-05683,device_session_mismatch
NET-05684,consent_scope_mismatch
NET-05685,device_session_mismatch
NET-05686,device_session_mismatch
NET-05687,device_session_mismatch
NET-05688,consent_scope_mismatch
NET-05689,device_session_mismatch
NET-05690,device_session_mismatch
NET-05691,device_session_mismatch
NET-05692,device_session_mismatch
NET-05693,device_session_mismatch
NET-05694,device_session_mismatch
NET-05695,device_session_mismatch
NET-05696,device_session_mismatch
NET-05697,device_session_mismatch
NET-05698,device_session_mismatch
NET-05699,device_session_mismatch
NET-05700,device_session_mismatch
NET-05701,device_session_mismatch
NET-05702,device_session_mismatch
NET-05703,device_session_mismatch
NET-05704,device_session_mismatch
NET-05705,device_session_mismatch
NET-05706,device_session_mismatch
NET-05707,consent_scope_mismatch
NET-05708,device_session_mismatch
NET-05709,device_session_mismatch
NET-05710,device_session_mismatch
NET-05711,device_session_mismatch
NET-05712,consent_scope_mismatch
NET-05713,consent_scope_mismatch
NET-05714,consent_scope_mismatch
NET-05715,device_session_mismatch
NET-05716,consent_scope_mismatch
NET-05717,device_session_mismatch
NET-05718,device_session_mismatch
NET-05719,device_session_mismatch
NET-05720,device_session_mismatch
NET-05721,device_session_mismatch
NET-05722,device_session_mismatch
NET-05723,device_session_mismatch
NET-05724,device_session_mismatch
NET-05725,device_session_mismatch
NET-05726,device_session_mismatch
NET-05727,consent_scope_mismatch
NET-05728,device_session_mismatch
NET-05729,device_session_mismatch
NET-05730,device_session_mismatch
NET-05731,device_session_mismatch
NET-05732,consent_scope_mismatch
NET-05733,device_session_mismatch
NET-05734,consent_scope_mismatch
NET-05735,device_session_mismatch
NET-05736,consent_scope_mismatch
NET-05737,consent_scope_mismatch
NET-05738,device_session_mismatch
NET-05739,device_session_mismatch
NET-05740,consent_scope_mismatch
NET-05741,device_session_mismatch
NET-05742,device_session_mismatch
NET-05743,consent_scope_mismatch
NET-05744,consent_scope_mismatch
NET-05745,device_session_mismatch
NET-05746,device_session_mismatch
NET-05747,device_session_mismatch
NET-05748,consent_scope_mismatch
NET-05749,consent_scope_mismatch
NET-05750,device_session_mismatch
NET-05751,device_session_mismatch
NET-05752,device_session_mismatch
NET-05753,consent_scope_mismatch
NET-05754,device_session_mismatch
NET-05755,device_session_mismatch
NET-05756,device_session_mismatch
NET-05757,device_session_mismatch
NET-05758,device_session_mismatch
NET-05759,consent_scope_mismatch
NET-05760,device_session_mismatch
NET-05761,device_session_mismatch
NET-05762,consent_scope_mismatch
NET-05763,device_session_mismatch
NET-05764,device_session_mismatch
NET-05765,consent_scope_mismatch
NET-05766,device_session_mismatch
NET-05767,consent_scope_mismatch
NET-05768,device_session_mismatch
NET-05769,device_session_mismatch
NET-05770,device_session_mismatch
NET-05771,device_session_mismatch
NET-05772,consent_scope_mismatch
NET-05773,device_session_mismatch
NET-05774,device_session_mismatch
NET-05775,device_session_mismatch
NET-05776,device_session_mismatch
NET-05777,device_session_mismatch
NET-05778,device_session_mismatch
NET-05779,device_session_mismatch
NET-05780,device_session_mismatch
NET-05781,consent_scope_mismatch
NET-05782,consent_scope_mismatch
NET-05783,device_session_mismatch
NET-05784,consent_scope_mismatch
NET-05785,device_session_mismatch
NET-05786,device_session_mismatch
NET-05787,consent_scope_mismatch
NET-05788,device_session_mismatch
NET-05789,device_session_mismatch
NET-05790,device_session_mismatch
NET-05791,device_session_mismatch
NET-05792,device_session_mismatch
NET-05793,device_session_mismatch
NET-05794,device_session_mismatch
NET-05795,device_session_mismatch
NET-05796,device_session_mismatch
NET-05797,device_session_mismatch
NET-05798,device_session_mismatch
NET-05799,consent_scope_mismatch
NET-05800,device_session_mismatch
NET-05801,device_session_mismatch
NET-05802,device_session_mismatch
NET-05803,device_session_mismatch
NET-05804,device_session_mismatch
NET-05805,consent_scope_mismatch
NET-05806,device_session_mismatch
NET-05807,device_session_mismatch
NET-05808,device_session_mismatch
NET-05809,device_session_mismatch
NET-05810,device_session_mismatch
NET-05811,device_session_mismatch
NET-05812,device_session_mismatch
NET-05813,device_session_mismatch
NET-05814,device_session_mismatch
NET-05815,device_session_mismatch
NET-05816,consent_scope_mismatch
NET-05817,device_session_mismatch
NET-05818,device_session_mismatch
NET-05819,consent_scope_mismatch
NET-05820,device_session_mismatch
NET-05821,device_session_mismatch
NET-05822,consent_scope_mismatch
NET-05823,device_session_mismatch
NET-05824,device_session_mismatch
NET-05825,device_session_mismatch
NET-05826,device_session_mismatch
NET-05827,device_session_mismatch
NET-05828,consent_scope_mismatch
NET-05829,device_session_mismatch
NET-05830,device_session_mismatch
NET-05831,consent_scope_mismatch
NET-05832,device_session_mismatch
NET-05833,device_session_mismatch
NET-05834,device_session_mismatch
NET-05835,device_session_mismatch
NET-05836,device_session_mismatch
NET-05837,consent_scope_mismatch
NET-05838,device_session_mismatch
NET-05839,consent_scope_mismatch
NET-05840,device_session_mismatch
NET-05841,device_session_mismatch
NET-05842,device_session_mismatch
NET-05843,device_session_mismatch
NET-05844,device_session_mismatch
NET-05845,device_session_mismatch
NET-05846,device_session_mismatch
NET-05847,consent_scope_mismatch
NET-05848,device_session_mismatch
NET-05849,device_session_mismatch
NET-05850,device_session_mismatch
NET-05851,device_session_mismatch
NET-05852,device_session_mismatch
NET-05853,consent_scope_mismatch
NET-05854,device_session_mismatch
NET-05855,consent_scope_mismatch
NET-05856,consent_scope_mismatch
NET-05857,device_session_mismatch
NET-05858,consent_scope_mismatch
NET-05859,consent_scope_mismatch
NET-05860,device_session_mismatch
NET-05861,consent_scope_mismatch
NET-05862,device_session_mismatch
NET-05863,device_session_mismatch
NET-05864,device_session_mismatch
NET-05865,device_session_mismatch
NET-05866,device_session_mismatch
NET-05867,consent_scope_mismatch
NET-05868,device_session_mismatch
NET-05869,device_session_mismatch
NET-05870,device_session_mismatch
NET-05871,device_session_mismatch
NET-05872,consent_scope_mismatch
NET-05873,device_session_mismatch
NET-05874,consent_scope_mismatch
NET-05875,consent_scope_mismatch
NET-05876,consent_scope_mismatch
NET-05877,consent_scope_mismatch
NET-05878,device_session_mismatch
NET-05879,device_session_mismatch
NET-05880,device_session_mismatch
NET-05881,device_session_mismatch
NET-05882,device_session_mismatch
NET-05883,device_session_mismatch
NET-05884,consent_scope_mismatch
NET-05885,device_session_mismatch
NET-05886,device_session_mismatch
NET-05887,device_session_mismatch
NET-05888,consent_scope_mismatch
NET-05889,consent_scope_mismatch
NET-05890,device_session_mismatch
NET-05891,device_session_mismatch
NET-05892,device_session_mismatch
NET-05893,device_session_mismatch
NET-05894,consent_scope_mismatch
NET-05895,device_session_mismatch
NET-05896,device_session_mismatch
NET-05897,device_session_mismatch
NET-05898,device_session_mismatch
NET-05899,device_session_mismatch
NET-05900,device_session_mismatch
NET-05901,device_session_mismatch
NET-05902,device_session_mismatch
NET-05903,consent_scope_mismatch
NET-05904,device_session_mismatch
NET-05905,device_session_mismatch
NET-05906,consent_scope_mismatch
NET-05907,device_session_mismatch
NET-05908,device_session_mismatch
NET-05909,consent_scope_mismatch
NET-05910,device_session_mismatch
NET-05911,device_session_mismatch
NET-05912,consent_scope_mismatch
NET-05913,device_session_mismatch
NET-05914,device_session_mismatch
NET-05915,device_session_mismatch
NET-05916,device_session_mismatch
NET-05917,device_session_mismatch
NET-05918,device_session_mismatch
NET-05919,device_session_mismatch
NET-05920,device_session_mismatch
NET-05921,consent_scope_mismatch
NET-05922,device_session_mismatch
NET-05923,device_session_mismatch
NET-05924,device_session_mismatch
NET-05925,device_session_mismatch
NET-05926,device_session_mismatch
NET-05927,device_session_mismatch
NET-05928,device_session_mismatch
NET-05929,device_session_mismatch
NET-05930,device_session_mismatch
NET-05931,consent_scope_mismatch
NET-05932,device_session_mismatch
NET-05933,consent_scope_mismatch
NET-05934,device_session_mismatch
NET-05935,device_session_mismatch
NET-05936,device_session_mismatch
NET-05937,consent_scope_mismatch
NET-05938,device_session_mismatch
NET-05939,device_session_mismatch
NET-05940,consent_scope_mismatch
NET-05941,device_session_mismatch
NET-05942,device_session_mismatch
NET-05943,consent_scope_mismatch
NET-05944,device_session_mismatch
NET-05945,device_session_mismatch
NET-05946,device_session_mismatch
NET-05947,device_session_mismatch
NET-05948,device_session_mismatch
NET-05949,device_session_mismatch
NET-05950,consent_scope_mismatch
NET-05951,device_session_mismatch
NET-05952,device_session_mismatch
NET-05953,consent_scope_mismatch
NET-05954,device_session_mismatch
NET-05955,device_session_mismatch
NET-05956,device_session_mismatch
NET-05957,device_session_mismatch
NET-05958,device_session_mismatch
NET-05959,device_session_mismatch
NET-05960,consent_scope_mismatch
NET-05961,device_session_mismatch
NET-05962,device_session_mismatch
NET-05963,device_session_mismatch
NET-05964,device_session_mismatch
NET-05965,device_session_mismatch
NET-05966,device_session_mismatch
NET-05967,device_session_mismatch
NET-05968,device_session_mismatch
NET-05969,device_session_mismatch
NET-05970,device_session_mismatch
NET-05971,device_session_mismatch
NET-05972,device_session_mismatch
NET-05973,consent_scope_mismatch
NET-05974,device_session_mismatch
NET-05975,device_session_mismatch
NET-05976,device_session_mismatch
NET-05977,device_session_mismatch
NET-05978,device_session_mismatch
NET-05979,device_session_mismatch
NET-05980,device_session_mismatch
NET-05981,device_session_mismatch
NET-05982,device_session_mismatch
NET-05983,device_session_mismatch
NET-05984,consent_scope_mismatch
NET-05985,device_session_mismatch
NET-05986,device_session_mismatch
NET-05987,device_session_mismatch
NET-05988,device_session_mismatch
NET-05989,device_session_mismatch
NET-05990,device_session_mismatch
NET-05991,device_session_mismatch
NET-05992,device_session_mismatch
NET-05993,device_session_mismatch
NET-05994,device_session_mismatch
NET-05995,device_session_mismatch
NET-05996,device_session_mismatch
NET-05997,device_session_mismatch
NET-05998,device_session_mismatch
NET-05999,device_session_mismatch
NET-06000,device_session_mismatch
NET-06001,consent_scope_mismatch
NET-06002,consent_scope_mismatch
NET-06003,consent_scope_mismatch
NET-06004,consent_scope_mismatch
NET-06005,device_session_mismatch
NET-06006,device_session_mismatch
NET-06007,device_session_mismatch
NET-06008,device_session_mismatch
NET-06009,device_session_mismatch
NET-06010,device_session_mismatch
NET-06011,device_session_mismatch
NET-06012,device_session_mismatch
NET-06013,device_session_mismatch
NET-06014,device_session_mismatch
NET-06015,device_session_mismatch
NET-06016,consent_scope_mismatch
NET-06017,device_session_mismatch
NET-06018,device_session_mismatch
NET-06019,consent_scope_mismatch
NET-06020,device_session_mismatch
NET-06021,consent_scope_mismatch
NET-06022,consent_scope_mismatch
NET-06023,consent_scope_mismatch
NET-06024,device_session_mismatch
NET-06025,device_session_mismatch
NET-06026,consent_scope_mismatch
NET-06027,device_session_mismatch
NET-06028,device_session_mismatch
NET-06029,device_session_mismatch
NET-06030,device_session_mismatch
NET-06031,device_session_mismatch
NET-06032,device_session_mismatch
NET-06033,device_session_mismatch
NET-06034,device_session_mismatch
NET-06035,device_session_mismatch
NET-06036,device_session_mismatch
NET-06037,device_session_mismatch
NET-06038,device_session_mismatch
NET-06039,device_session_mismatch
NET-06040,device_session_mismatch
NET-06041,consent_scope_mismatch
NET-06042,consent_scope_mismatch
NET-06043,device_session_mismatch
NET-06044,device_session_mismatch
NET-06045,device_session_mismatch
NET-06046,device_session_mismatch
NET-06047,consent_scope_mismatch
NET-06048,consent_scope_mismatch
NET-06049,device_session_mismatch
NET-06050,consent_scope_mismatch
NET-06051,device_session_mismatch
NET-06052,device_session_mismatch
NET-06053,device_session_mismatch
NET-06054,device_session_mismatch
NET-06055,device_session_mismatch
NET-06056,device_session_mismatch
NET-06057,device_session_mismatch
NET-06058,device_session_mismatch
NET-06059,device_session_mismatch
NET-06060,device_session_mismatch
NET-06061,device_session_mismatch
NET-06062,device_session_mismatch
NET-06063,consent_scope_mismatch
NET-06064,device_session_mismatch
NET-06065,device_session_mismatch
NET-06066,device_session_mismatch
NET-06067,device_session_mismatch
NET-06068,device_session_mismatch
NET-06069,device_session_mismatch
NET-06070,consent_scope_mismatch
NET-06071,device_session_mismatch
NET-06072,device_session_mismatch
NET-06073,device_session_mismatch
NET-06074,device_session_mismatch
NET-06075,device_session_mismatch
NET-06076,device_session_mismatch
NET-06077,device_session_mismatch
NET-06078,device_session_mismatch
NET-06079,device_session_mismatch
NET-06080,device_session_mismatch
NET-06081,device_session_mismatch
NET-06082,device_session_mismatch
NET-06083,consent_scope_mismatch
NET-06084,device_session_mismatch
NET-06085,device_session_mismatch
NET-06086,device_session_mismatch
NET-06087,device_session_mismatch
NET-06088,device_session_mismatch
NET-06089,device_session_mismatch
NET-06090,device_session_mismatch
NET-06091,device_session_mismatch
NET-06092,device_session_mismatch
NET-06093,device_session_mismatch
NET-06094,device_session_mismatch
NET-06095,device_session_mismatch
NET-06096,device_session_mismatch
NET-06097,device_session_mismatch
NET-06098,consent_scope_mismatch
NET-06099,consent_scope_mismatch
NET-06100,device_session_mismatch
NET-06101,device_session_mismatch
NET-06102,device_session_mismatch
NET-06103,consent_scope_mismatch
NET-06104,consent_scope_mismatch
NET-06105,device_session_mismatch
NET-06106,device_session_mismatch
NET-06107,device_session_mismatch
NET-06108,device_session_mismatch
NET-06109,consent_scope_mismatch
NET-06110,consent_scope_mismatch
NET-06111,device_session_mismatch
NET-06112,device_session_mismatch
NET-06113,device_session_mismatch
NET-06114,consent_scope_mismatch
NET-06115,consent_scope_mismatch
NET-06116,device_session_mismatch
NET-06117,device_session_mismatch
NET-06118,device_session_mismatch
NET-06119,device_session_mismatch
NET-06120,device_session_mismatch
NET-06121,device_session_mismatch
NET-06122,device_session_mismatch
NET-06123,device_session_mismatch
NET-06124,consent_scope_mismatch
NET-06125,consent_scope_mismatch
NET-06126,device_session_mismatch
NET-06127,device_session_mismatch
NET-06128,consent_scope_mismatch
NET-06129,consent_scope_mismatch
NET-06130,consent_scope_mismatch
NET-06131,device_session_mismatch
NET-06132,device_session_mismatch
NET-06133,device_session_mismatch
NET-06134,consent_scope_mismatch
NET-06135,device_session_mismatch
NET-06136,device_session_mismatch
NET-06137,device_session_mismatch
NET-06138,device_session_mismatch
NET-06139,consent_scope_mismatch
NET-06140,device_session_mismatch
NET-06141,consent_scope_mismatch
NET-06142,consent_scope_mismatch
NET-06143,device_session_mismatch
NET-06144,consent_scope_mismatch
NET-06145,device_session_mismatch
NET-06146,device_session_mismatch
NET-06147,device_session_mismatch
NET-06148,device_session_mismatch
NET-06149,device_session_mismatch
NET-06150,device_session_mismatch
NET-06151,device_session_mismatch
NET-06152,consent_scope_mismatch
NET-06153,consent_scope_mismatch
NET-06154,device_session_mismatch
NET-06155,device_session_mismatch
NET-06156,device_session_mismatch
NET-06157,device_session_mismatch
NET-06158,device_session_mismatch
NET-06159,device_session_mismatch
NET-06160,consent_scope_mismatch
NET-06161,device_session_mismatch
NET-06162,device_session_mismatch
NET-06163,device_session_mismatch
NET-06164,device_session_mismatch
NET-06165,consent_scope_mismatch
NET-06166,consent_scope_mismatch
NET-06167,device_session_mismatch
NET-06168,device_session_mismatch
NET-06169,consent_scope_mismatch
NET-06170,device_session_mismatch
NET-06171,device_session_mismatch
NET-06172,consent_scope_mismatch
NET-06173,device_session_mismatch
NET-06174,device_session_mismatch
NET-06175,consent_scope_mismatch
NET-06176,device_session_mismatch
NET-06177,device_session_mismatch
NET-06178,consent_scope_mismatch
NET-06179,device_session_mismatch
NET-06180,device_session_mismatch
NET-06181,device_session_mismatch
NET-06182,device_session_mismatch
NET-06183,device_session_mismatch
NET-06184,device_session_mismatch
NET-06185,device_session_mismatch
NET-06186,device_session_mismatch
NET-06187,device_session_mismatch
NET-06188,consent_scope_mismatch
NET-06189,device_session_mismatch
NET-06190,device_session_mismatch
NET-06191,device_session_mismatch
NET-06192,consent_scope_mismatch
NET-06193,consent_scope_mismatch
NET-06194,consent_scope_mismatch
NET-06195,device_session_mismatch
NET-06196,device_session_mismatch
NET-06197,consent_scope_mismatch
NET-06198,consent_scope_mismatch
NET-06199,consent_scope_mismatch
NET-06200,consent_scope_mismatch
NET-06201,device_session_mismatch
NET-06202,device_session_mismatch
NET-06203,device_session_mismatch
NET-06204,device_session_mismatch
NET-06205,consent_scope_mismatch
NET-06206,device_session_mismatch
NET-06207,device_session_mismatch
NET-06208,device_session_mismatch
NET-06209,consent_scope_mismatch
NET-06210,device_session_mismatch
NET-06211,device_session_mismatch
NET-06212,device_session_mismatch
NET-06213,device_session_mismatch
NET-06214,device_session_mismatch
NET-06215,device_session_mismatch
NET-06216,device_session_mismatch
NET-06217,consent_scope_mismatch
NET-06218,device_session_mismatch
NET-06219,device_session_mismatch
NET-06220,device_session_mismatch
NET-06221,consent_scope_mismatch
NET-06222,consent_scope_mismatch
NET-06223,consent_scope_mismatch
NET-06224,consent_scope_mismatch
NET-06225,consent_scope_mismatch
NET-06226,consent_scope_mismatch
NET-06227,device_session_mismatch
NET-06228,device_session_mismatch
NET-06229,consent_scope_mismatch
NET-06230,consent_scope_mismatch
NET-06231,device_session_mismatch
NET-06232,device_session_mismatch
NET-06233,device_session_mismatch
NET-06234,consent_scope_mismatch
NET-06235,consent_scope_mismatch
NET-06236,device_session_mismatch
NET-06237,device_session_mismatch
NET-06238,device_session_mismatch
NET-06239,device_session_mismatch
NET-06240,device_session_mismatch
NET-06241,device_session_mismatch
NET-06242,device_session_mismatch
NET-06243,device_session_mismatch
NET-06244,device_session_mismatch
NET-06245,device_session_mismatch
NET-06246,device_session_mismatch
NET-06247,device_session_mismatch
NET-06248,device_session_mismatch
NET-06249,device_session_mismatch
NET-06250,device_session_mismatch
NET-06251,device_session_mismatch
NET-06252,consent_scope_mismatch
NET-06253,device_session_mismatch
NET-06254,device_session_mismatch
NET-06255,consent_scope_mismatch
NET-06256,device_session_mismatch
NET-06257,consent_scope_mismatch
NET-06258,device_session_mismatch
NET-06259,device_session_mismatch
NET-06260,device_session_mismatch
NET-06261,device_session_mismatch
NET-06262,consent_scope_mismatch
NET-06263,consent_scope_mismatch
NET-06264,device_session_mismatch
NET-06265,device_session_mismatch
NET-06266,consent_scope_mismatch
NET-06267,device_session_mismatch
NET-06268,consent_scope_mismatch
NET-06269,device_session_mismatch
NET-06270,device_session_mismatch
NET-06271,device_session_mismatch
NET-06272,consent_scope_mismatch
NET-06273,device_session_mismatch
NET-06274,consent_scope_mismatch
NET-06275,consent_scope_mismatch
NET-06276,device_session_mismatch
NET-06277,device_session_mismatch
NET-06278,device_session_mismatch
NET-06279,device_session_mismatch
NET-06280,device_session_mismatch
NET-06281,device_session_mismatch
NET-06282,device_session_mismatch
NET-06283,device_session_mismatch
NET-06284,device_session_mismatch
NET-06285,device_session_mismatch
NET-06286,device_session_mismatch
NET-06287,device_session_mismatch
NET-06288,device_session_mismatch
NET-06289,consent_scope_mismatch
NET-06290,device_session_mismatch
NET-06291,device_session_mismatch
NET-06292,device_session_mismatch
NET-06293,device_session_mismatch
NET-06294,device_session_mismatch
NET-06295,device_session_mismatch
NET-06296,consent_scope_mismatch
NET-06297,device_session_mismatch
NET-06298,device_session_mismatch
NET-06299,consent_scope_mismatch
NET-06300,device_session_mismatch
NET-06301,device_session_mismatch
NET-06302,device_session_mismatch
NET-06303,device_session_mismatch
NET-06304,device_session_mismatch
NET-06305,device_session_mismatch
NET-06306,device_session_mismatch
NET-06307,device_session_mismatch
NET-06308,consent_scope_mismatch
NET-06309,device_session_mismatch
NET-06310,device_session_mismatch
NET-06311,device_session_mismatch
NET-06312,device_session_mismatch
NET-06313,device_session_mismatch
NET-06314,device_session_mismatch
NET-06315,device_session_mismatch
NET-06316,device_session_mismatch
NET-06317,device_session_mismatch
NET-06318,device_session_mismatch
NET-06319,consent_scope_mismatch
NET-06320,device_session_mismatch
NET-06321,device_session_mismatch
NET-06322,device_session_mismatch
NET-06323,device_session_mismatch
NET-06324,device_session_mismatch
NET-06325,device_session_mismatch
NET-06326,device_session_mismatch
NET-06327,device_session_mismatch
NET-06328,device_session_mismatch
NET-06329,consent_scope_mismatch
NET-06330,device_session_mismatch
NET-06331,device_session_mismatch
NET-06332,consent_scope_mismatch
NET-06333,device_session_mismatch
NET-06334,consent_scope_mismatch
NET-06335,device_session_mismatch
NET-06336,device_session_mismatch
NET-06337,consent_scope_mismatch
NET-06338,consent_scope_mismatch
NET-06339,device_session_mismatch
NET-06340,device_session_mismatch
NET-06341,device_session_mismatch
NET-06342,device_session_mismatch
NET-06343,device_session_mismatch
NET-06344,consent_scope_mismatch
NET-06345,consent_scope_mismatch
NET-06346,consent_scope_mismatch
NET-06347,consent_scope_mismatch
NET-06348,consent_scope_mismatch
NET-06349,device_session_mismatch
NET-06350,device_session_mismatch
NET-06351,device_session_mismatch
NET-06352,consent_scope_mismatch
NET-06353,device_session_mismatch
NET-06354,device_session_mismatch
NET-06355,device_session_mismatch
NET-06356,consent_scope_mismatch
NET-06357,device_session_mismatch
NET-06358,consent_scope_mismatch
NET-06359,consent_scope_mismatch
NET-06360,device_session_mismatch
NET-06361,device_session_mismatch
NET-06362,device_session_mismatch
NET-06363,consent_scope_mismatch
NET-06364,consent_scope_mismatch
NET-06365,device_session_mismatch
NET-06366,device_session_mismatch
NET-06367,device_session_mismatch
NET-06368,device_session_mismatch
NET-06369,device_session_mismatch
NET-06370,device_session_mismatch
NET-06371,device_session_mismatch
NET-06372,consent_scope_mismatch
NET-06373,device_session_mismatch
NET-06374,consent_scope_mismatch
NET-06375,device_session_mismatch
NET-06376,device_session_mismatch
NET-06377,device_session_mismatch
NET-06378,device_session_mismatch
NET-06379,device_session_mismatch
NET-06380,device_session_mismatch
NET-06381,consent_scope_mismatch
NET-06382,device_session_mismatch
NET-06383,device_session_mismatch
NET-06384,consent_scope_mismatch
NET-06385,consent_scope_mismatch
NET-06386,consent_scope_mismatch
NET-06387,device_session_mismatch
NET-06388,device_session_mismatch
NET-06389,device_session_mismatch
NET-06390,device_session_mismatch
NET-06391,device_session_mismatch
NET-06392,device_session_mismatch
NET-06393,consent_scope_mismatch
NET-06394,device_session_mismatch
NET-06395,consent_scope_mismatch
NET-06396,device_session_mismatch
NET-06397,consent_scope_mismatch
NET-06398,device_session_mismatch
NET-06399,device_session_mismatch
NET-06400,consent_scope_mismatch
NET-06401,device_session_mismatch
NET-06402,device_session_mismatch
NET-06403,device_session_mismatch
NET-06404,device_session_mismatch
NET-06405,device_session_mismatch
NET-06406,consent_scope_mismatch
NET-06407,consent_scope_mismatch
NET-06408,consent_scope_mismatch
NET-06409,device_session_mismatch
NET-06410,device_session_mismatch
NET-06411,device_session_mismatch
NET-06412,device_session_mismatch
NET-06413,device_session_mismatch
NET-06414,device_session_mismatch
NET-06415,device_session_mismatch
NET-06416,device_session_mismatch
NET-06417,device_session_mismatch
NET-06418,consent_scope_mismatch
NET-06419,device_session_mismatch
NET-06420,device_session_mismatch
NET-06421,device_session_mismatch
NET-06422,consent_scope_mismatch
NET-06423,device_session_mismatch
NET-06424,device_session_mismatch
NET-06425,device_session_mismatch
NET-06426,device_session_mismatch
NET-06427,device_session_mismatch
NET-06428,device_session_mismatch
NET-06429,device_session_mismatch
NET-06430,device_session_mismatch
NET-06431,device_session_mismatch
NET-06432,consent_scope_mismatch
NET-06433,device_session_mismatch
NET-06434,consent_scope_mismatch
NET-06435,device_session_mismatch
NET-06436,device_session_mismatch
NET-06437,device_session_mismatch
NET-06438,device_session_mismatch
NET-06439,device_session_mismatch
NET-06440,device_session_mismatch
NET-06441,device_session_mismatch
NET-06442,device_session_mismatch
NET-06443,device_session_mismatch
NET-06444,device_session_mismatch
NET-06445,device_session_mismatch
NET-06446,device_session_mismatch
NET-06447,device_session_mismatch
NET-06448,consent_scope_mismatch
NET-06449,device_session_mismatch
NET-06450,device_session_mismatch
NET-06451,device_session_mismatch
NET-06452,device_session_mismatch
NET-06453,device_session_mismatch
NET-06454,device_session_mismatch
NET-06455,consent_scope_mismatch
NET-06456,consent_scope_mismatch
NET-06457,device_session_mismatch
NET-06458,consent_scope_mismatch
NET-06459,consent_scope_mismatch
NET-06460,consent_scope_mismatch
NET-06461,device_session_mismatch
NET-06462,device_session_mismatch
NET-06463,device_session_mismatch
NET-06464,device_session_mismatch
NET-06465,consent_scope_mismatch
NET-06466,device_session_mismatch
NET-06467,device_session_mismatch
NET-06468,device_session_mismatch
NET-06469,device_session_mismatch
NET-06470,device_session_mismatch
NET-06471,device_session_mismatch
NET-06472,consent_scope_mismatch
NET-06473,device_session_mismatch
NET-06474,device_session_mismatch
NET-06475,device_session_mismatch
NET-06476,device_session_mismatch
NET-06477,consent_scope_mismatch
NET-06478,device_session_mismatch
NET-06479,device_session_mismatch
NET-06480,device_session_mismatch
NET-06481,device_session_mismatch
NET-06482,device_session_mismatch
NET-06483,device_session_mismatch
NET-06484,device_session_mismatch
NET-06485,device_session_mismatch
NET-06486,device_session_mismatch
NET-06487,device_session_mismatch
NET-06488,consent_scope_mismatch
NET-06489,device_session_mismatch
NET-06490,device_session_mismatch
NET-06491,consent_scope_mismatch
NET-06492,consent_scope_mismatch
NET-06493,device_session_mismatch
NET-06494,consent_scope_mismatch
NET-06495,consent_scope_mismatch
NET-06496,device_session_mismatch
NET-06497,device_session_mismatch
NET-06498,consent_scope_mismatch
NET-06499,device_session_mismatch
NET-06500,consent_scope_mismatch
NET-06501,device_session_mismatch
NET-06502,consent_scope_mismatch
NET-06503,device_session_mismatch
NET-06504,device_session_mismatch
NET-06505,device_session_mismatch
NET-06506,consent_scope_mismatch
NET-06507,device_session_mismatch
NET-06508,device_session_mismatch
NET-06509,consent_scope_mismatch
NET-06510,consent_scope_mismatch
NET-06511,device_session_mismatch
NET-06512,device_session_mismatch
NET-06513,device_session_mismatch
NET-06514,device_session_mismatch
NET-06515,device_session_mismatch
NET-06516,consent_scope_mismatch
NET-06517,device_session_mismatch
NET-06518,device_session_mismatch
NET-06519,device_session_mismatch
NET-06520,device_session_mismatch
NET-06521,device_session_mismatch
NET-06522,device_session_mismatch
NET-06523,device_session_mismatch
NET-06524,device_session_mismatch
NET-06525,device_session_mismatch
NET-06526,device_session_mismatch
NET-06527,consent_scope_mismatch
NET-06528,device_session_mismatch
NET-06529,device_session_mismatch
NET-06530,device_session_mismatch
NET-06531,device_session_mismatch
NET-06532,device_session_mismatch
NET-06533,consent_scope_mismatch
NET-06534,device_session_mismatch
NET-06535,consent_scope_mismatch
NET-06536,device_session_mismatch
NET-06537,device_session_mismatch
NET-06538,device_session_mismatch
NET-06539,device_session_mismatch
NET-06540,device_session_mismatch
NET-06541,device_session_mismatch
NET-06542,consent_scope_mismatch
NET-06543,consent_scope_mismatch
NET-06544,consent_scope_mismatch
NET-06545,device_session_mismatch
NET-06546,device_session_mismatch
NET-06547,device_session_mismatch
NET-06548,device_session_mismatch
NET-06549,device_session_mismatch
NET-06550,device_session_mismatch
NET-06551,device_session_mismatch
NET-06552,device_session_mismatch
NET-06553,device_session_mismatch
NET-06554,device_session_mismatch
NET-06555,consent_scope_mismatch
NET-06556,device_session_mismatch
NET-06557,consent_scope_mismatch
NET-06558,device_session_mismatch
NET-06559,device_session_mismatch
NET-06560,device_session_mismatch
NET-06561,device_session_mismatch
NET-06562,device_session_mismatch
NET-06563,device_session_mismatch
NET-06564,consent_scope_mismatch
NET-06565,device_session_mismatch
NET-06566,device_session_mismatch
NET-06567,device_session_mismatch
NET-06568,consent_scope_mismatch
NET-06569,consent_scope_mismatch
NET-06570,consent_scope_mismatch
NET-06571,consent_scope_mismatch
NET-06572,device_session_mismatch
NET-06573,device_session_mismatch
NET-06574,device_session_mismatch
NET-06575,device_session_mismatch
NET-06576,consent_scope_mismatch
NET-06577,consent_scope_mismatch
NET-06578,consent_scope_mismatch
NET-06579,consent_scope_mismatch
NET-06580,device_session_mismatch
NET-06581,device_session_mismatch
NET-06582,device_session_mismatch
NET-06583,consent_scope_mismatch
NET-06584,device_session_mismatch
NET-06585,device_session_mismatch
NET-06586,consent_scope_mismatch
NET-06587,device_session_mismatch
NET-06588,device_session_mismatch
NET-06589,device_session_mismatch
NET-06590,device_session_mismatch
NET-06591,consent_scope_mismatch
NET-06592,device_session_mismatch
NET-06593,consent_scope_mismatch
NET-06594,device_session_mismatch
NET-06595,device_session_mismatch
NET-06596,consent_scope_mismatch
NET-06597,consent_scope_mismatch
NET-06598,device_session_mismatch
NET-06599,device_session_mismatch
NET-06600,device_session_mismatch
NET-06601,device_session_mismatch
NET-06602,device_session_mismatch
NET-06603,device_session_mismatch
NET-06604,consent_scope_mismatch
NET-06605,device_session_mismatch
NET-06606,device_session_mismatch
NET-06607,device_session_mismatch
NET-06608,consent_scope_mismatch
NET-06609,device_session_mismatch
NET-06610,device_session_mismatch
NET-06611,consent_scope_mismatch
NET-06612,device_session_mismatch
NET-06613,device_session_mismatch
NET-06614,device_session_mismatch
NET-06615,device_session_mismatch
NET-06616,device_session_mismatch
NET-06617,device_session_mismatch
NET-06618,device_session_mismatch
NET-06619,device_session_mismatch
NET-06620,device_session_mismatch
NET-06621,device_session_mismatch
NET-06622,device_session_mismatch
NET-06623,device_session_mismatch
NET-06624,device_session_mismatch
NET-06625,device_session_mismatch
NET-06626,consent_scope_mismatch
NET-06627,device_session_mismatch
NET-06628,device_session_mismatch
NET-06629,device_session_mismatch
NET-06630,device_session_mismatch
NET-06631,device_session_mismatch
NET-06632,device_session_mismatch
NET-06633,device_session_mismatch
NET-06634,consent_scope_mismatch
NET-06635,consent_scope_mismatch
NET-06636,device_session_mismatch
NET-06637,device_session_mismatch
NET-06638,device_session_mismatch
NET-06639,device_session_mismatch
NET-06640,device_session_mismatch
NET-06641,device_session_mismatch
NET-06642,device_session_mismatch
NET-06643,consent_scope_mismatch
NET-06644,consent_scope_mismatch
NET-06645,device_session_mismatch
NET-06646,device_session_mismatch
NET-06647,device_session_mismatch
NET-06648,device_session_mismatch
NET-06649,device_session_mismatch
NET-06650,device_session_mismatch
NET-06651,device_session_mismatch
NET-06652,consent_scope_mismatch
NET-06653,device_session_mismatch
NET-06654,consent_scope_mismatch
NET-06655,device_session_mismatch
NET-06656,device_session_mismatch
NET-06657,device_session_mismatch
NET-06658,device_session_mismatch
NET-06659,consent_scope_mismatch
NET-06660,device_session_mismatch
NET-06661,device_session_mismatch
NET-06662,consent_scope_mismatch
NET-06663,consent_scope_mismatch
NET-06664,device_session_mismatch
NET-06665,device_session_mismatch
NET-06666,device_session_mismatch
NET-06667,device_session_mismatch
NET-06668,device_session_mismatch
NET-06669,device_session_mismatch
NET-06670,consent_scope_mismatch
NET-06671,consent_scope_mismatch
NET-06672,device_session_mismatch
NET-06673,consent_scope_mismatch
NET-06674,device_session_mismatch
NET-06675,device_session_mismatch
NET-06676,device_session_mismatch
NET-06677,device_session_mismatch
NET-06678,consent_scope_mismatch
NET-06679,device_session_mismatch
NET-06680,device_session_mismatch
NET-06681,device_session_mismatch
NET-06682,consent_scope_mismatch
NET-06683,device_session_mismatch
NET-06684,consent_scope_mismatch
NET-06685,device_session_mismatch
NET-06686,device_session_mismatch
NET-06687,device_session_mismatch
NET-06688,consent_scope_mismatch
NET-06689,consent_scope_mismatch
NET-06690,device_session_mismatch
NET-06691,device_session_mismatch
NET-06692,device_session_mismatch
NET-06693,device_session_mismatch
NET-06694,consent_scope_mismatch
NET-06695,device_session_mismatch
NET-06696,device_session_mismatch
NET-06697,device_session_mismatch
NET-06698,consent_scope_mismatch
NET-06699,device_session_mismatch
NET-06700,device_session_mismatch
NET-06701,device_session_mismatch
NET-06702,device_session_mismatch
NET-06703,device_session_mismatch
NET-06704,device_session_mismatch
NET-06705,device_session_mismatch
NET-06706,consent_scope_mismatch
NET-06707,device_session_mismatch
NET-06708,device_session_mismatch
NET-06709,device_session_mismatch
NET-06710,device_session_mismatch
NET-06711,device_session_mismatch
NET-06712,device_session_mismatch
NET-06713,consent_scope_mismatch
NET-06714,device_session_mismatch
NET-06715,device_session_mismatch
NET-06716,device_session_mismatch
NET-06717,device_session_mismatch
NET-06718,consent_scope_mismatch
NET-06719,device_session_mismatch
NET-06720,device_session_mismatch
NET-06721,consent_scope_mismatch
NET-06722,device_session_mismatch
NET-06723,device_session_mismatch
NET-06724,device_session_mismatch
NET-06725,device_session_mismatch
NET-06726,device_session_mismatch
NET-06727,device_session_mismatch
NET-06728,consent_scope_mismatch
NET-06729,device_session_mismatch
NET-06730,device_session_mismatch
NET-06731,device_session_mismatch
NET-06732,consent_scope_mismatch
NET-06733,device_session_mismatch
NET-06734,device_session_mismatch
NET-06735,device_session_mismatch
NET-06736,consent_scope_mismatch
NET-06737,device_session_mismatch
NET-06738,consent_scope_mismatch
NET-06739,device_session_mismatch
NET-06740,consent_scope_mismatch
NET-06741,device_session_mismatch
NET-06742,device_session_mismatch
NET-06743,device_session_mismatch
NET-06744,device_session_mismatch
NET-06745,device_session_mismatch
NET-06746,device_session_mismatch
NET-06747,device_session_mismatch
NET-06748,device_session_mismatch
NET-06749,device_session_mismatch
NET-06750,device_session_mismatch
NET-06751,consent_scope_mismatch
NET-06752,consent_scope_mismatch
NET-06753,consent_scope_mismatch
NET-06754,device_session_mismatch
NET-06755,device_session_mismatch
NET-06756,consent_scope_mismatch
NET-06757,device_session_mismatch
NET-06758,device_session_mismatch
NET-06759,device_session_mismatch
NET-06760,device_session_mismatch
NET-06761,consent_scope_mismatch
NET-06762,consent_scope_mismatch
NET-06763,device_session_mismatch
NET-06764,device_session_mismatch
NET-06765,device_session_mismatch
NET-06766,device_session_mismatch
NET-06767,consent_scope_mismatch
NET-06768,device_session_mismatch
NET-06769,device_session_mismatch
NET-06770,device_session_mismatch
NET-06771,device_session_mismatch
NET-06772,device_session_mismatch
NET-06773,device_session_mismatch
NET-06774,device_session_mismatch
NET-06775,device_session_mismatch
NET-06776,device_session_mismatch
NET-06777,device_session_mismatch
NET-06778,consent_scope_mismatch
NET-06779,device_session_mismatch
NET-06780,device_session_mismatch
NET-06781,device_session_mismatch
NET-06782,device_session_mismatch
NET-06783,device_session_mismatch
NET-06784,consent_scope_mismatch
NET-06785,device_session_mismatch
NET-06786,device_session_mismatch
NET-06787,device_session_mismatch
NET-06788,device_session_mismatch
NET-06789,device_session_mismatch
NET-06790,device_session_mismatch
NET-06791,consent_scope_mismatch
NET-06792,device_session_mismatch
NET-06793,device_session_mismatch
NET-06794,device_session_mismatch
NET-06795,device_session_mismatch
NET-06796,device_session_mismatch
NET-06797,device_session_mismatch
NET-06798,consent_scope_mismatch
NET-06799,device_session_mismatch
NET-06800,device_session_mismatch
NET-06801,consent_scope_mismatch
NET-06802,consent_scope_mismatch
NET-06803,device_session_mismatch
NET-06804,device_session_mismatch
NET-06805,device_session_mismatch
NET-06806,consent_scope_mismatch
NET-06807,device_session_mismatch
NET-06808,consent_scope_mismatch
NET-06809,consent_scope_mismatch
NET-06810,consent_scope_mismatch
NET-06811,device_session_mismatch
NET-06812,device_session_mismatch
NET-06813,consent_scope_mismatch
NET-06814,consent_scope_mismatch
NET-06815,device_session_mismatch
NET-06816,device_session_mismatch
NET-06817,consent_scope_mismatch
NET-06818,device_session_mismatch
NET-06819,device_session_mismatch
NET-06820,device_session_mismatch
NET-06821,device_session_mismatch
NET-06822,device_session_mismatch
NET-06823,consent_scope_mismatch
NET-06824,device_session_mismatch
NET-06825,device_session_mismatch
NET-06826,device_session_mismatch
NET-06827,consent_scope_mismatch
NET-06828,consent_scope_mismatch
NET-06829,device_session_mismatch
NET-06830,device_session_mismatch
NET-06831,device_session_mismatch
NET-06832,device_session_mismatch
NET-06833,consent_scope_mismatch
NET-06834,device_session_mismatch
NET-06835,device_session_mismatch
NET-06836,device_session_mismatch
NET-06837,device_session_mismatch
NET-06838,device_session_mismatch
NET-06839,device_session_mismatch
NET-06840,device_session_mismatch
NET-06841,device_session_mismatch
NET-06842,consent_scope_mismatch
NET-06843,device_session_mismatch
NET-06844,consent_scope_mismatch
NET-06845,device_session_mismatch
NET-06846,device_session_mismatch
NET-06847,consent_scope_mismatch
NET-06848,device_session_mismatch
NET-06849,device_session_mismatch
NET-06850,consent_scope_mismatch
NET-06851,device_session_mismatch
NET-06852,device_session_mismatch
NET-06853,device_session_mismatch
NET-06854,device_session_mismatch
NET-06855,consent_scope_mismatch
NET-06856,device_session_mismatch
NET-06857,device_session_mismatch
NET-06858,device_session_mismatch
NET-06859,device_session_mismatch
NET-06860,device_session_mismatch
NET-06861,consent_scope_mismatch
NET-06862,device_session_mismatch
NET-06863,device_session_mismatch
NET-06864,device_session_mismatch
NET-06865,device_session_mismatch
NET-06866,device_session_mismatch
NET-06867,device_session_mismatch
NET-06868,device_session_mismatch
NET-06869,device_session_mismatch
NET-06870,device_session_mismatch
NET-06871,device_session_mismatch
NET-06872,device_session_mismatch
NET-06873,device_session_mismatch
NET-06874,device_session_mismatch
NET-06875,consent_scope_mismatch
NET-06876,device_session_mismatch
NET-06877,consent_scope_mismatch
NET-06878,device_session_mismatch
NET-06879,device_session_mismatch
NET-06880,device_session_mismatch
NET-06881,consent_scope_mismatch
NET-06882,consent_scope_mismatch
NET-06883,consent_scope_mismatch
NET-06884,device_session_mismatch
NET-06885,device_session_mismatch
NET-06886,device_session_mismatch
NET-06887,device_session_mismatch
NET-06888,device_session_mismatch
NET-06889,device_session_mismatch
NET-06890,device_session_mismatch
NET-06891,device_session_mismatch
NET-06892,consent_scope_mismatch
NET-06893,device_session_mismatch
NET-06894,device_session_mismatch
NET-06895,consent_scope_mismatch
NET-06896,consent_scope_mismatch
NET-06897,device_session_mismatch
NET-06898,device_session_mismatch
NET-06899,device_session_mismatch
NET-06900,device_session_mismatch
NET-06901,device_session_mismatch
NET-06902,device_session_mismatch
NET-06903,device_session_mismatch
NET-06904,device_session_mismatch
NET-06905,consent_scope_mismatch
NET-06906,device_session_mismatch
NET-06907,device_session_mismatch
NET-06908,device_session_mismatch
NET-06909,consent_scope_mismatch
NET-06910,consent_scope_mismatch
NET-06911,device_session_mismatch
NET-06912,device_session_mismatch
NET-06913,consent_scope_mismatch
NET-06914,consent_scope_mismatch
NET-06915,device_session_mismatch
NET-06916,device_session_mismatch
NET-06917,device_session_mismatch
NET-06918,device_session_mismatch
NET-06919,device_session_mismatch
NET-06920,device_session_mismatch
NET-06921,consent_scope_mismatch
NET-06922,device_session_mismatch
NET-06923,consent_scope_mismatch
NET-06924,device_session_mismatch
NET-06925,consent_scope_mismatch
NET-06926,device_session_mismatch
NET-06927,device_session_mismatch
NET-06928,device_session_mismatch
NET-06929,consent_scope_mismatch
NET-06931,consent_scope_mismatch
NET-06932,device_session_mismatch
NET-06933,device_session_mismatch
NET-06934,device_session_mismatch
NET-06935,device_session_mismatch
NET-06936,device_session_mismatch
NET-06937,device_session_mismatch
NET-06938,consent_scope_mismatch
NET-06939,device_session_mismatch
NET-06940,device_session_mismatch
NET-06941,consent_scope_mismatch
NET-06942,device_session_mismatch
NET-06943,consent_scope_mismatch
NET-06944,device_session_mismatch
NET-06945,device_session_mismatch
NET-06946,device_session_mismatch
NET-06947,device_session_mismatch
NET-06948,device_session_mismatch
NET-06949,device_session_mismatch
NET-06950,device_session_mismatch
NET-06951,device_session_mismatch
NET-06952,device_session_mismatch
NET-06953,device_session_mismatch
NET-06954,device_session_mismatch
NET-06955,device_session_mismatch
NET-06956,device_session_mismatch
NET-06957,consent_scope_mismatch
NET-06958,device_session_mismatch
NET-06959,device_session_mismatch
NET-06960,consent_scope_mismatch
NET-06961,consent_scope_mismatch
NET-06962,device_session_mismatch
NET-06963,consent_scope_mismatch
NET-06964,device_session_mismatch
NET-06965,consent_scope_mismatch
NET-06966,device_session_mismatch
NET-06967,consent_scope_mismatch
NET-06968,consent_scope_mismatch
NET-06969,consent_scope_mismatch
NET-06970,device_session_mismatch
NET-06971,device_session_mismatch
NET-06972,device_session_mismatch
NET-06973,device_session_mismatch
NET-06974,consent_scope_mismatch
NET-06975,consent_scope_mismatch
NET-06976,consent_scope_mismatch
NET-06977,device_session_mismatch
NET-06978,consent_scope_mismatch
NET-06979,device_session_mismatch
NET-06980,device_session_mismatch
NET-06981,device_session_mismatch
NET-06982,device_session_mismatch
NET-06983,device_session_mismatch
NET-06984,consent_scope_mismatch
NET-06985,consent_scope_mismatch
NET-06986,device_session_mismatch
NET-06987,device_session_mismatch
NET-06988,consent_scope_mismatch
NET-06989,consent_scope_mismatch
NET-06990,device_session_mismatch
NET-06991,device_session_mismatch
NET-06992,device_session_mismatch
NET-06993,consent_scope_mismatch
NET-06994,device_session_mismatch
NET-06995,device_session_mismatch
NET-06996,consent_scope_mismatch
NET-06997,device_session_mismatch
NET-06998,consent_scope_mismatch
NET-06999,consent_scope_mismatch
NET-07000,device_session_mismatch
NET-07001,device_session_mismatch
NET-07002,consent_scope_mismatch
NET-07003,device_session_mismatch
NET-07004,consent_scope_mismatch
NET-07005,device_session_mismatch
NET-07006,device_session_mismatch
NET-07007,device_session_mismatch
NET-07008,device_session_mismatch
NET-07009,device_session_mismatch
NET-07010,device_session_mismatch
NET-07011,device_session_mismatch
NET-07012,device_session_mismatch
NET-07013,device_session_mismatch
NET-07014,device_session_mismatch
NET-07015,consent_scope_mismatch
NET-07016,device_session_mismatch
NET-07017,device_session_mismatch
NET-07018,device_session_mismatch
NET-07019,device_session_mismatch
NET-07020,device_session_mismatch
NET-07021,device_session_mismatch
NET-07022,device_session_mismatch
NET-07023,device_session_mismatch
NET-07024,device_session_mismatch
NET-07025,device_session_mismatch
NET-07026,device_session_mismatch
NET-07027,device_session_mismatch
NET-07028,consent_scope_mismatch
NET-07029,device_session_mismatch
NET-07030,device_session_mismatch
NET-07031,device_session_mismatch
NET-07032,device_session_mismatch
NET-07033,device_session_mismatch
NET-07034,device_session_mismatch
NET-07035,device_session_mismatch
NET-07036,consent_scope_mismatch
NET-07037,device_session_mismatch
NET-07038,device_session_mismatch
NET-07039,device_session_mismatch
NET-07040,consent_scope_mismatch
NET-07041,device_session_mismatch
NET-07042,consent_scope_mismatch
NET-07043,consent_scope_mismatch
NET-07044,consent_scope_mismatch
NET-07045,device_session_mismatch
NET-07046,device_session_mismatch
NET-07047,device_session_mismatch
NET-07048,device_session_mismatch
NET-07049,consent_scope_mismatch
NET-07050,device_session_mismatch
NET-07051,device_session_mismatch
NET-07052,device_session_mismatch
NET-07053,device_session_mismatch
NET-07054,device_session_mismatch
NET-07055,device_session_mismatch
NET-07056,device_session_mismatch
NET-07057,consent_scope_mismatch
NET-07058,consent_scope_mismatch
NET-07059,device_session_mismatch
NET-07060,consent_scope_mismatch
NET-07061,device_session_mismatch
NET-07062,consent_scope_mismatch
NET-07063,device_session_mismatch
NET-07064,consent_scope_mismatch
NET-07065,consent_scope_mismatch
NET-07066,device_session_mismatch
NET-07067,device_session_mismatch
NET-07068,device_session_mismatch
NET-07069,device_session_mismatch
NET-07070,consent_scope_mismatch
NET-07071,device_session_mismatch
NET-07072,consent_scope_mismatch
NET-07073,consent_scope_mismatch
NET-07074,consent_scope_mismatch
NET-07075,device_session_mismatch
NET-07076,device_session_mismatch
NET-07077,device_session_mismatch
NET-07078,device_session_mismatch
NET-07079,device_session_mismatch
NET-07080,device_session_mismatch
NET-07081,device_session_mismatch
NET-07082,device_session_mismatch
NET-07083,device_session_mismatch
NET-07084,consent_scope_mismatch
NET-07085,device_session_mismatch
NET-07086,device_session_mismatch
NET-07087,device_session_mismatch
NET-07088,consent_scope_mismatch
NET-07089,consent_scope_mismatch
NET-07090,device_session_mismatch
NET-07091,device_session_mismatch
NET-07092,consent_scope_mismatch
NET-07093,consent_scope_mismatch
NET-07094,device_session_mismatch
NET-07095,consent_scope_mismatch
NET-07096,consent_scope_mismatch
NET-07097,consent_scope_mismatch
NET-07098,consent_scope_mismatch
NET-07099,device_session_mismatch
NET-07100,device_session_mismatch
NET-07101,device_session_mismatch
NET-07102,consent_scope_mismatch
NET-07103,device_session_mismatch
NET-07104,consent_scope_mismatch
NET-07105,device_session_mismatch
NET-07106,consent_scope_mismatch
NET-07107,device_session_mismatch
NET-07108,device_session_mismatch
NET-07109,device_session_mismatch
NET-07110,device_session_mismatch
NET-07111,device_session_mismatch
NET-07112,consent_scope_mismatch
NET-07113,consent_scope_mismatch
NET-07114,device_session_mismatch
NET-07115,consent_scope_mismatch
NET-07116,device_session_mismatch
NET-07117,consent_scope_mismatch
NET-07118,consent_scope_mismatch
NET-07119,consent_scope_mismatch
NET-07120,device_session_mismatch
NET-07121,device_session_mismatch
NET-07122,device_session_mismatch
NET-07123,consent_scope_mismatch
NET-07124,consent_scope_mismatch
NET-07125,device_session_mismatch
NET-07126,device_session_mismatch
NET-07127,consent_scope_mismatch
NET-07128,consent_scope_mismatch
NET-07129,consent_scope_mismatch
NET-07130,consent_scope_mismatch
NET-07131,device_session_mismatch
NET-07132,consent_scope_mismatch
NET-07133,device_session_mismatch
NET-07134,device_session_mismatch
NET-07135,device_session_mismatch
NET-07136,device_session_mismatch
NET-07137,device_session_mismatch
NET-07138,consent_scope_mismatch
NET-07139,device_session_mismatch
NET-07140,device_session_mismatch
NET-07141,device_session_mismatch
NET-07142,consent_scope_mismatch
NET-07143,device_session_mismatch
NET-07144,consent_scope_mismatch
NET-07145,device_session_mismatch
NET-07146,device_session_mismatch
NET-07147,consent_scope_mismatch
NET-07148,device_session_mismatch
NET-07149,device_session_mismatch
NET-07150,consent_scope_mismatch
NET-07151,device_session_mismatch
NET-07152,device_session_mismatch
NET-07153,device_session_mismatch
NET-07154,consent_scope_mismatch
NET-07155,device_session_mismatch
NET-07156,device_session_mismatch
NET-07157,device_session_mismatch
NET-07158,consent_scope_mismatch
NET-07159,device_session_mismatch
NET-07160,device_session_mismatch
NET-07161,consent_scope_mismatch
NET-07162,consent_scope_mismatch
NET-07163,consent_scope_mismatch
NET-07164,consent_scope_mismatch
NET-07165,consent_scope_mismatch
NET-07166,device_session_mismatch
NET-07167,device_session_mismatch
NET-07168,device_session_mismatch
NET-07169,consent_scope_mismatch
NET-07170,consent_scope_mismatch
NET-07171,device_session_mismatch
NET-07172,device_session_mismatch
NET-07173,device_session_mismatch
NET-07174,device_session_mismatch
NET-07175,device_session_mismatch
NET-07176,device_session_mismatch
NET-07177,consent_scope_mismatch
NET-07178,device_session_mismatch
NET-07179,device_session_mismatch
NET-07180,consent_scope_mismatch
NET-07181,device_session_mismatch
NET-07182,device_session_mismatch
NET-07183,device_session_mismatch
NET-07184,device_session_mismatch
NET-07185,consent_scope_mismatch
NET-07186,device_session_mismatch
NET-07187,device_session_mismatch
NET-07188,device_session_mismatch
NET-07189,device_session_mismatch
NET-07190,device_session_mismatch
NET-07191,consent_scope_mismatch
NET-07192,device_session_mismatch
NET-07193,device_session_mismatch
NET-07194,consent_scope_mismatch
NET-07195,device_session_mismatch
NET-07196,consent_scope_mismatch
NET-07197,consent_scope_mismatch
NET-07198,consent_scope_mismatch
NET-07199,device_session_mismatch
NET-07200,device_session_mismatch
NET-07201,device_session_mismatch
NET-07202,device_session_mismatch
NET-07203,device_session_mismatch
NET-07204,device_session_mismatch
NET-07205,device_session_mismatch
NET-07206,device_session_mismatch
NET-07207,device_session_mismatch
NET-07208,device_session_mismatch
NET-07209,consent_scope_mismatch
NET-07210,device_session_mismatch
NET-07211,device_session_mismatch
NET-07212,device_session_mismatch
NET-07213,device_session_mismatch
NET-07214,device_session_mismatch
NET-07215,device_session_mismatch
NET-07216,device_session_mismatch
NET-07217,consent_scope_mismatch
NET-07218,device_session_mismatch
NET-07219,consent_scope_mismatch
NET-07220,device_session_mismatch
NET-07221,device_session_mismatch
NET-07222,device_session_mismatch
NET-07223,device_session_mismatch
NET-07224,consent_scope_mismatch
NET-07225,device_session_mismatch
NET-07226,device_session_mismatch
NET-07227,device_session_mismatch
NET-07228,device_session_mismatch
NET-07229,device_session_mismatch
NET-07230,consent_scope_mismatch
NET-07231,consent_scope_mismatch
NET-07232,device_session_mismatch
NET-07233,consent_scope_mismatch
NET-07234,device_session_mismatch
NET-07235,device_session_mismatch
NET-07236,device_session_mismatch
NET-07237,consent_scope_mismatch
NET-07238,device_session_mismatch
NET-07239,device_session_mismatch
NET-07240,consent_scope_mismatch
NET-07241,consent_scope_mismatch
NET-07242,device_session_mismatch
NET-07243,consent_scope_mismatch
NET-07244,consent_scope_mismatch
NET-07245,device_session_mismatch
NET-07246,device_session_mismatch
NET-07247,device_session_mismatch
NET-07248,consent_scope_mismatch
NET-07249,device_session_mismatch
NET-07250,device_session_mismatch
NET-07251,consent_scope_mismatch
NET-07252,device_session_mismatch
NET-07253,device_session_mismatch
NET-07254,device_session_mismatch
NET-07255,device_session_mismatch
NET-07256,consent_scope_mismatch
NET-07257,device_session_mismatch
NET-07258,device_session_mismatch
NET-07259,device_session_mismatch
NET-07260,device_session_mismatch
NET-07261,device_session_mismatch
NET-07262,device_session_mismatch
NET-07263,consent_scope_mismatch
NET-07264,device_session_mismatch
NET-07265,device_session_mismatch
NET-07266,device_session_mismatch
NET-07267,consent_scope_mismatch
NET-07268,device_session_mismatch
NET-07269,device_session_mismatch
NET-07270,consent_scope_mismatch
NET-07271,device_session_mismatch
NET-07272,device_session_mismatch
NET-07273,device_session_mismatch
NET-07274,device_session_mismatch
NET-07275,device_session_mismatch
NET-07276,device_session_mismatch
NET-07277,device_session_mismatch
NET-07278,device_session_mismatch
NET-07279,device_session_mismatch
NET-07280,device_session_mismatch
NET-07281,consent_scope_mismatch
NET-07282,device_session_mismatch
NET-07283,device_session_mismatch
NET-07284,device_session_mismatch
NET-07285,consent_scope_mismatch
NET-07286,device_session_mismatch
NET-07287,device_session_mismatch
NET-07288,consent_scope_mismatch
NET-07289,device_session_mismatch
NET-07290,consent_scope_mismatch
NET-07291,consent_scope_mismatch
NET-07292,device_session_mismatch
NET-07293,device_session_mismatch
NET-07294,device_session_mismatch
NET-07295,device_session_mismatch
NET-07296,consent_scope_mismatch
NET-07297,device_session_mismatch
NET-07298,device_session_mismatch
NET-07299,consent_scope_mismatch
NET-07300,device_session_mismatch
NET-07301,consent_scope_mismatch
NET-07302,consent_scope_mismatch
NET-07303,device_session_mismatch
NET-07304,device_session_mismatch
NET-07305,device_session_mismatch
NET-07306,consent_scope_mismatch
NET-07307,device_session_mismatch
NET-07308,device_session_mismatch
NET-07309,device_session_mismatch
NET-07310,device_session_mismatch
NET-07311,consent_scope_mismatch
NET-07312,device_session_mismatch
NET-07313,consent_scope_mismatch
NET-07314,consent_scope_mismatch
NET-07315,device_session_mismatch
NET-07316,device_session_mismatch
NET-07317,device_session_mismatch
NET-07318,consent_scope_mismatch
NET-07319,device_session_mismatch
NET-07320,consent_scope_mismatch
NET-07321,device_session_mismatch
NET-07322,consent_scope_mismatch
NET-07323,consent_scope_mismatch
NET-07324,device_session_mismatch
NET-07325,consent_scope_mismatch
NET-07326,device_session_mismatch
NET-07327,device_session_mismatch
NET-07328,device_session_mismatch
NET-07329,device_session_mismatch
NET-07330,device_session_mismatch
NET-07331,consent_scope_mismatch
NET-07332,consent_scope_mismatch
NET-07333,device_session_mismatch
NET-07334,consent_scope_mismatch
NET-07335,device_session_mismatch
NET-07336,device_session_mismatch
NET-07337,device_session_mismatch
NET-07338,consent_scope_mismatch
NET-07339,device_session_mismatch
NET-07340,device_session_mismatch
NET-07341,consent_scope_mismatch
NET-07342,device_session_mismatch
NET-07343,device_session_mismatch
NET-07344,consent_scope_mismatch
NET-07345,device_session_mismatch
NET-07346,device_session_mismatch
NET-07347,device_session_mismatch
NET-07348,device_session_mismatch
NET-07349,consent_scope_mismatch
NET-07350,device_session_mismatch
NET-07351,device_session_mismatch
NET-07352,device_session_mismatch
NET-07353,consent_scope_mismatch
NET-07354,device_session_mismatch
NET-07355,device_session_mismatch
NET-07356,device_session_mismatch
NET-07357,device_session_mismatch
NET-07358,device_session_mismatch
NET-07359,consent_scope_mismatch
NET-07360,device_session_mismatch
NET-07361,device_session_mismatch
NET-07362,consent_scope_mismatch
NET-07363,consent_scope_mismatch
NET-07364,device_session_mismatch
NET-07365,device_session_mismatch
NET-07366,device_session_mismatch
NET-07367,consent_scope_mismatch
NET-07368,device_session_mismatch
NET-07369,device_session_mismatch
NET-07370,device_session_mismatch
NET-07371,device_session_mismatch
NET-07372,device_session_mismatch
NET-07373,consent_scope_mismatch
NET-07374,device_session_mismatch
NET-07375,consent_scope_mismatch
NET-07376,device_session_mismatch
NET-07377,device_session_mismatch
NET-07378,device_session_mismatch
NET-07379,device_session_mismatch
NET-07380,device_session_mismatch
NET-07381,device_session_mismatch
NET-07382,consent_scope_mismatch
NET-07383,consent_scope_mismatch
NET-07384,device_session_mismatch
NET-07385,consent_scope_mismatch
NET-07386,consent_scope_mismatch
NET-07387,consent_scope_mismatch
NET-07388,consent_scope_mismatch
NET-07389,device_session_mismatch
NET-07390,device_session_mismatch
NET-07391,device_session_mismatch
NET-07392,device_session_mismatch
NET-07393,consent_scope_mismatch
NET-07394,device_session_mismatch
NET-07395,device_session_mismatch
NET-07396,device_session_mismatch
NET-07397,consent_scope_mismatch
NET-07398,consent_scope_mismatch
NET-07399,device_session_mismatch
NET-07400,device_session_mismatch
NET-07401,device_session_mismatch
NET-07402,consent_scope_mismatch
NET-07403,device_session_mismatch
NET-07404,device_session_mismatch
NET-07405,device_session_mismatch
NET-07406,device_session_mismatch
NET-07407,device_session_mismatch
NET-07408,device_session_mismatch
NET-07409,consent_scope_mismatch
NET-07410,device_session_mismatch
NET-07411,device_session_mismatch
NET-07412,device_session_mismatch
NET-07413,device_session_mismatch
NET-07414,device_session_mismatch
NET-07415,device_session_mismatch
NET-07416,device_session_mismatch
NET-07417,consent_scope_mismatch
NET-07418,device_session_mismatch
NET-07419,device_session_mismatch
NET-07420,consent_scope_mismatch
NET-07421,device_session_mismatch
NET-07422,consent_scope_mismatch
NET-07423,device_session_mismatch
NET-07424,consent_scope_mismatch
NET-07425,device_session_mismatch
NET-07426,device_session_mismatch
NET-07427,device_session_mismatch
NET-07428,consent_scope_mismatch
NET-07429,consent_scope_mismatch
NET-07430,consent_scope_mismatch
NET-07431,device_session_mismatch
NET-07432,device_session_mismatch
NET-07433,device_session_mismatch
NET-07434,device_session_mismatch
NET-07435,device_session_mismatch
NET-07436,device_session_mismatch
NET-07437,device_session_mismatch
NET-07438,device_session_mismatch
NET-07439,device_session_mismatch
NET-07440,device_session_mismatch
NET-07441,device_session_mismatch
NET-07442,consent_scope_mismatch
NET-07443,device_session_mismatch
NET-07444,device_session_mismatch
NET-07445,device_session_mismatch
NET-07446,device_session_mismatch
NET-07447,device_session_mismatch
NET-07448,device_session_mismatch
NET-07449,consent_scope_mismatch
NET-07450,device_session_mismatch
NET-07451,consent_scope_mismatch
NET-07452,device_session_mismatch
NET-07453,device_session_mismatch
NET-07454,device_session_mismatch
NET-07455,device_session_mismatch
NET-07456,consent_scope_mismatch
NET-07457,device_session_mismatch
NET-07458,device_session_mismatch
NET-07459,consent_scope_mismatch
NET-07460,device_session_mismatch
NET-07461,device_session_mismatch
NET-07462,device_session_mismatch
NET-07463,device_session_mismatch
NET-07464,device_session_mismatch
NET-07465,device_session_mismatch
NET-07466,consent_scope_mismatch
NET-07467,device_session_mismatch
NET-07468,device_session_mismatch
NET-07469,device_session_mismatch
NET-07470,device_session_mismatch
NET-07471,device_session_mismatch
NET-07472,device_session_mismatch
NET-07473,device_session_mismatch
NET-07474,device_session_mismatch
NET-07475,device_session_mismatch
NET-07476,device_session_mismatch
NET-07477,device_session_mismatch
NET-07478,device_session_mismatch
NET-07479,device_session_mismatch
NET-07480,device_session_mismatch
NET-07481,consent_scope_mismatch
NET-07482,device_session_mismatch
NET-07483,device_session_mismatch
NET-07484,device_session_mismatch
NET-07485,device_session_mismatch
NET-07486,consent_scope_mismatch
NET-07487,consent_scope_mismatch
NET-07488,consent_scope_mismatch
NET-07489,device_session_mismatch
NET-07490,device_session_mismatch
NET-07491,consent_scope_mismatch
NET-07492,device_session_mismatch
NET-07493,device_session_mismatch
NET-07494,device_session_mismatch
NET-07495,device_session_mismatch
NET-07496,consent_scope_mismatch
NET-07497,device_session_mismatch
NET-07498,device_session_mismatch
NET-07499,device_session_mismatch
NET-07500,device_session_mismatch
NET-07501,device_session_mismatch
NET-07502,consent_scope_mismatch
NET-07503,device_session_mismatch
NET-07504,device_session_mismatch
NET-07505,consent_scope_mismatch
NET-07506,device_session_mismatch
NET-07507,device_session_mismatch
NET-07508,device_session_mismatch
NET-07509,device_session_mismatch
NET-07510,consent_scope_mismatch
NET-07511,device_session_mismatch
NET-07512,device_session_mismatch
NET-07513,device_session_mismatch
NET-07514,device_session_mismatch
NET-07515,device_session_mismatch
NET-07516,device_session_mismatch
NET-07517,device_session_mismatch
NET-07518,device_session_mismatch
NET-07519,device_session_mismatch
NET-07520,device_session_mismatch
NET-07521,device_session_mismatch
NET-07522,device_session_mismatch
NET-07523,device_session_mismatch
NET-07524,device_session_mismatch
NET-07525,device_session_mismatch
NET-07526,device_session_mismatch
NET-07527,device_session_mismatch
NET-07528,device_session_mismatch
NET-07529,device_session_mismatch
NET-07530,device_session_mismatch
NET-07531,consent_scope_mismatch
NET-07532,device_session_mismatch
NET-07533,consent_scope_mismatch
NET-07534,device_session_mismatch
NET-07535,device_session_mismatch
NET-07536,device_session_mismatch
NET-07537,device_session_mismatch
NET-07538,device_session_mismatch
NET-07539,device_session_mismatch
NET-07540,device_session_mismatch
NET-07541,device_session_mismatch
NET-07542,device_session_mismatch
NET-07543,consent_scope_mismatch
NET-07544,consent_scope_mismatch
NET-07545,device_session_mismatch
NET-07546,device_session_mismatch
NET-07547,device_session_mismatch
NET-07548,device_session_mismatch
NET-07549,consent_scope_mismatch
NET-07550,device_session_mismatch
NET-07551,device_session_mismatch
NET-07552,device_session_mismatch
NET-07553,consent_scope_mismatch
NET-07554,device_session_mismatch
NET-07555,consent_scope_mismatch
NET-07556,device_session_mismatch
NET-07557,device_session_mismatch
NET-07558,device_session_mismatch
NET-07559,consent_scope_mismatch
NET-07560,consent_scope_mismatch
NET-07561,device_session_mismatch
NET-07562,device_session_mismatch
NET-07563,consent_scope_mismatch
NET-07564,device_session_mismatch
NET-07565,device_session_mismatch
NET-07566,consent_scope_mismatch
NET-07567,device_session_mismatch
NET-07568,device_session_mismatch
NET-07569,device_session_mismatch
NET-07570,device_session_mismatch
NET-07571,device_session_mismatch
NET-07572,device_session_mismatch
NET-07573,device_session_mismatch
NET-07574,device_session_mismatch
NET-07575,consent_scope_mismatch
NET-07576,device_session_mismatch
NET-07577,consent_scope_mismatch
NET-07578,device_session_mismatch
NET-07579,consent_scope_mismatch
NET-07580,device_session_mismatch
NET-07581,consent_scope_mismatch
NET-07582,device_session_mismatch
NET-07583,device_session_mismatch
NET-07584,device_session_mismatch
NET-07585,consent_scope_mismatch
NET-07586,device_session_mismatch
NET-07587,device_session_mismatch
NET-07588,device_session_mismatch
NET-07589,device_session_mismatch
NET-07590,device_session_mismatch
NET-07591,device_session_mismatch
NET-07592,device_session_mismatch
NET-07593,device_session_mismatch
NET-07594,device_session_mismatch
NET-07595,consent_scope_mismatch
NET-07596,consent_scope_mismatch
NET-07597,device_session_mismatch
NET-07598,device_session_mismatch
NET-07599,device_session_mismatch
NET-07600,device_session_mismatch
NET-07601,device_session_mismatch
NET-07602,device_session_mismatch
NET-07603,device_session_mismatch
NET-07604,device_session_mismatch
NET-07605,device_session_mismatch
NET-07606,device_session_mismatch
NET-07607,consent_scope_mismatch
NET-07608,device_session_mismatch
NET-07609,device_session_mismatch
NET-07610,device_session_mismatch
NET-07611,device_session_mismatch
NET-07612,device_session_mismatch
NET-07613,device_session_mismatch
NET-07614,consent_scope_mismatch
NET-07615,device_session_mismatch
NET-07616,device_session_mismatch
NET-07617,device_session_mismatch
NET-07618,device_session_mismatch
NET-07619,consent_scope_mismatch
NET-07620,consent_scope_mismatch
NET-07621,device_session_mismatch
NET-07622,device_session_mismatch
NET-07623,device_session_mismatch
NET-07624,device_session_mismatch
NET-07625,consent_scope_mismatch
NET-07626,device_session_mismatch
NET-07627,device_session_mismatch
NET-07628,consent_scope_mismatch
NET-07629,consent_scope_mismatch
NET-07630,device_session_mismatch
NET-07631,device_session_mismatch
NET-07632,device_session_mismatch
NET-07633,device_session_mismatch
NET-07634,device_session_mismatch
NET-07635,consent_scope_mismatch
NET-07636,device_session_mismatch
NET-07637,device_session_mismatch
NET-07638,device_session_mismatch
NET-07639,device_session_mismatch
NET-07640,device_session_mismatch
NET-07641,device_session_mismatch
NET-07642,device_session_mismatch
NET-07643,device_session_mismatch
NET-07644,device_session_mismatch
NET-07645,device_session_mismatch
NET-07646,device_session_mismatch
NET-07647,device_session_mismatch
NET-07648,device_session_mismatch
NET-07649,device_session_mismatch
NET-07650,consent_scope_mismatch
NET-07651,device_session_mismatch
NET-07652,device_session_mismatch
NET-07653,consent_scope_mismatch
NET-07654,device_session_mismatch
NET-07655,device_session_mismatch
NET-07656,device_session_mismatch
NET-07657,device_session_mismatch
NET-07658,device_session_mismatch
NET-07659,device_session_mismatch
NET-07660,device_session_mismatch
NET-07661,device_session_mismatch
NET-07662,device_session_mismatch
NET-07663,consent_scope_mismatch
NET-07664,device_session_mismatch
NET-07665,device_session_mismatch
NET-07666,device_session_mismatch
NET-07667,device_session_mismatch
NET-07668,device_session_mismatch
NET-07669,device_session_mismatch
NET-07670,device_session_mismatch
NET-07671,device_session_mismatch
NET-07672,device_session_mismatch
NET-07673,consent_scope_mismatch
NET-07674,device_session_mismatch
NET-07675,consent_scope_mismatch
NET-07676,device_session_mismatch
NET-07677,consent_scope_mismatch
NET-07678,device_session_mismatch
NET-07679,device_session_mismatch
NET-07680,device_session_mismatch
NET-07681,device_session_mismatch
NET-07682,device_session_mismatch
NET-07683,consent_scope_mismatch
NET-07684,device_session_mismatch
NET-07685,device_session_mismatch
NET-07686,device_session_mismatch
NET-07687,consent_scope_mismatch
NET-07688,device_session_mismatch
NET-07689,device_session_mismatch
NET-07690,device_session_mismatch
NET-07691,device_session_mismatch
NET-07692,device_session_mismatch
NET-07693,device_session_mismatch
NET-07694,device_session_mismatch
NET-07695,device_session_mismatch
NET-07696,device_session_mismatch
NET-07697,device_session_mismatch
NET-07698,device_session_mismatch
NET-07699,device_session_mismatch
NET-07700,device_session_mismatch
NET-07701,device_session_mismatch
NET-07702,device_session_mismatch
NET-07703,device_session_mismatch
NET-07704,device_session_mismatch
NET-07705,device_session_mismatch
NET-07706,consent_scope_mismatch
NET-07707,device_session_mismatch
NET-07708,device_session_mismatch
NET-07709,device_session_mismatch
NET-07710,device_session_mismatch
NET-07711,device_session_mismatch
NET-07712,device_session_mismatch
NET-07713,consent_scope_mismatch
NET-07714,device_session_mismatch
NET-07715,consent_scope_mismatch
NET-07716,consent_scope_mismatch
NET-07717,device_session_mismatch
NET-07718,device_session_mismatch
NET-07719,device_session_mismatch
NET-07720,consent_scope_mismatch
NET-07721,consent_scope_mismatch
NET-07722,device_session_mismatch
NET-07723,device_session_mismatch
NET-07724,consent_scope_mismatch
NET-07725,device_session_mismatch
NET-07726,device_session_mismatch
NET-07727,device_session_mismatch
NET-07728,consent_scope_mismatch
NET-07729,device_session_mismatch
NET-07730,device_session_mismatch
NET-07731,device_session_mismatch
NET-07732,consent_scope_mismatch
NET-07733,device_session_mismatch
NET-07734,device_session_mismatch
NET-07735,consent_scope_mismatch
NET-07736,device_session_mismatch
NET-07737,device_session_mismatch
NET-07738,device_session_mismatch
NET-07739,device_session_mismatch
NET-07740,device_session_mismatch
NET-07741,consent_scope_mismatch
NET-07742,consent_scope_mismatch
NET-07743,device_session_mismatch
NET-07744,consent_scope_mismatch
NET-07745,device_session_mismatch
NET-07746,consent_scope_mismatch
NET-07747,device_session_mismatch
NET-07748,device_session_mismatch
NET-07749,consent_scope_mismatch
NET-07750,device_session_mismatch
NET-07751,device_session_mismatch
NET-07752,device_session_mismatch
NET-07753,device_session_mismatch
NET-07754,consent_scope_mismatch
NET-07755,consent_scope_mismatch
NET-07756,device_session_mismatch
NET-07757,device_session_mismatch
NET-07758,device_session_mismatch
NET-07759,consent_scope_mismatch
NET-07760,consent_scope_mismatch
NET-07761,device_session_mismatch
NET-07762,device_session_mismatch
NET-07763,device_session_mismatch
NET-07764,device_session_mismatch
NET-07765,device_session_mismatch
NET-07766,device_session_mismatch
NET-07767,consent_scope_mismatch
NET-07768,device_session_mismatch
NET-07769,consent_scope_mismatch
NET-07770,consent_scope_mismatch
NET-07771,device_session_mismatch
NET-07772,consent_scope_mismatch
NET-07773,consent_scope_mismatch
NET-07774,device_session_mismatch
NET-07775,consent_scope_mismatch
NET-07776,device_session_mismatch
NET-07777,device_session_mismatch
NET-07778,device_session_mismatch
NET-07779,consent_scope_mismatch
NET-07780,device_session_mismatch
NET-07781,consent_scope_mismatch
NET-07782,consent_scope_mismatch
NET-07783,consent_scope_mismatch
NET-07784,device_session_mismatch
NET-07785,device_session_mismatch
NET-07786,device_session_mismatch
NET-07787,device_session_mismatch
NET-07788,device_session_mismatch
NET-07789,device_session_mismatch
NET-07790,device_session_mismatch
NET-07791,device_session_mismatch
NET-07792,device_session_mismatch
NET-07793,device_session_mismatch
NET-07794,device_session_mismatch
NET-07795,device_session_mismatch
NET-07796,consent_scope_mismatch
NET-07797,device_session_mismatch
NET-07798,device_session_mismatch
NET-07799,device_session_mismatch
NET-07800,device_session_mismatch
NET-07801,device_session_mismatch
NET-07802,device_session_mismatch
NET-07803,device_session_mismatch
NET-07804,device_session_mismatch
NET-07805,device_session_mismatch
NET-07806,device_session_mismatch
NET-07807,device_session_mismatch
NET-07808,device_session_mismatch
NET-07809,device_session_mismatch
NET-07810,device_session_mismatch
NET-07811,device_session_mismatch
NET-07812,device_session_mismatch
NET-07813,consent_scope_mismatch
NET-07814,device_session_mismatch
NET-07815,device_session_mismatch
NET-07816,device_session_mismatch
NET-07817,device_session_mismatch
NET-07818,device_session_mismatch
NET-07819,device_session_mismatch
NET-07820,consent_scope_mismatch
NET-07821,device_session_mismatch
NET-07822,consent_scope_mismatch
NET-07823,device_session_mismatch
NET-07824,device_session_mismatch
NET-07825,device_session_mismatch
NET-07826,device_session_mismatch
NET-07827,device_session_mismatch
NET-07828,device_session_mismatch
NET-07829,device_session_mismatch
NET-07830,consent_scope_mismatch
NET-07831,device_session_mismatch
NET-07832,device_session_mismatch
NET-07833,device_session_mismatch
NET-07834,consent_scope_mismatch
NET-07835,device_session_mismatch
NET-07836,device_session_mismatch
NET-07837,device_session_mismatch
NET-07838,device_session_mismatch
NET-07839,device_session_mismatch
NET-07840,consent_scope_mismatch
NET-07841,consent_scope_mismatch
NET-07842,consent_scope_mismatch
NET-07843,device_session_mismatch
NET-07844,device_session_mismatch
NET-07845,consent_scope_mismatch
NET-07846,consent_scope_mismatch
NET-07847,consent_scope_mismatch
NET-07848,consent_scope_mismatch
NET-07849,device_session_mismatch
NET-07850,device_session_mismatch
NET-07851,device_session_mismatch
NET-07852,consent_scope_mismatch
NET-07853,consent_scope_mismatch
NET-07854,consent_scope_mismatch
NET-07855,device_session_mismatch
NET-07856,consent_scope_mismatch
NET-07857,device_session_mismatch
NET-07858,device_session_mismatch
NET-07859,device_session_mismatch
NET-07860,consent_scope_mismatch
NET-07861,device_session_mismatch
NET-07862,consent_scope_mismatch
NET-07863,consent_scope_mismatch
NET-07864,consent_scope_mismatch
NET-07865,device_session_mismatch
NET-07866,device_session_mismatch
NET-07867,device_session_mismatch
NET-07868,device_session_mismatch
NET-07869,device_session_mismatch
NET-07870,device_session_mismatch
NET-07871,device_session_mismatch
NET-07872,device_session_mismatch
NET-07873,consent_scope_mismatch
NET-07874,consent_scope_mismatch
NET-07875,device_session_mismatch
NET-07876,device_session_mismatch
NET-07877,device_session_mismatch
NET-07878,device_session_mismatch
NET-07879,device_session_mismatch
NET-07880,device_session_mismatch
NET-07881,device_session_mismatch
NET-07882,device_session_mismatch
NET-07883,device_session_mismatch
NET-07884,device_session_mismatch
NET-07885,device_session_mismatch
NET-07886,device_session_mismatch
NET-07887,device_session_mismatch
NET-07888,device_session_mismatch
NET-07889,device_session_mismatch
NET-07890,device_session_mismatch
NET-07891,device_session_mismatch
NET-07892,consent_scope_mismatch
NET-07893,device_session_mismatch
NET-07894,device_session_mismatch
NET-07895,consent_scope_mismatch
NET-07896,device_session_mismatch
NET-07897,device_session_mismatch
NET-07898,consent_scope_mismatch
NET-07899,device_session_mismatch
NET-07900,device_session_mismatch
NET-07901,device_session_mismatch
NET-07902,device_session_mismatch
NET-07903,device_session_mismatch
NET-07904,device_session_mismatch
NET-07905,device_session_mismatch
NET-07906,consent_scope_mismatch
NET-07907,device_session_mismatch
NET-07908,device_session_mismatch
NET-07909,device_session_mismatch
NET-07910,device_session_mismatch
NET-07911,device_session_mismatch
NET-07912,device_session_mismatch
NET-07913,device_session_mismatch
NET-07914,device_session_mismatch
NET-07915,device_session_mismatch
NET-07916,device_session_mismatch
NET-07917,device_session_mismatch
NET-07918,device_session_mismatch
NET-07919,device_session_mismatch
NET-07920,consent_scope_mismatch
NET-07921,device_session_mismatch
NET-07922,device_session_mismatch
NET-07923,device_session_mismatch
NET-07924,consent_scope_mismatch
NET-07925,device_session_mismatch
NET-07926,consent_scope_mismatch
NET-07927,consent_scope_mismatch
NET-07928,consent_scope_mismatch
NET-07929,device_session_mismatch
NET-07930,consent_scope_mismatch
NET-07931,device_session_mismatch
NET-07932,device_session_mismatch
NET-07933,device_session_mismatch
NET-07934,consent_scope_mismatch
NET-07935,device_session_mismatch
NET-07936,device_session_mismatch
NET-07937,device_session_mismatch
NET-07938,device_session_mismatch
NET-07939,device_session_mismatch
NET-07940,device_session_mismatch
NET-07941,device_session_mismatch
NET-07942,device_session_mismatch
NET-07943,device_session_mismatch
NET-07944,device_session_mismatch
NET-07945,device_session_mismatch
NET-07946,device_session_mismatch
NET-07947,device_session_mismatch
NET-07948,device_session_mismatch
NET-07949,device_session_mismatch
NET-07950,device_session_mismatch
NET-07951,device_session_mismatch
NET-07952,device_session_mismatch
NET-07953,device_session_mismatch
NET-07954,device_session_mismatch
NET-07955,consent_scope_mismatch
NET-07956,consent_scope_mismatch
NET-07957,device_session_mismatch
NET-07958,consent_scope_mismatch
NET-07959,device_session_mismatch
NET-07960,device_session_mismatch
NET-07961,device_session_mismatch
NET-07962,device_session_mismatch
NET-07963,device_session_mismatch
NET-07964,device_session_mismatch
NET-07965,consent_scope_mismatch
NET-07966,device_session_mismatch
NET-07967,device_session_mismatch
NET-07968,device_session_mismatch
NET-07969,consent_scope_mismatch
NET-07970,device_session_mismatch
NET-07971,device_session_mismatch
NET-07972,consent_scope_mismatch
NET-07973,consent_scope_mismatch
NET-07974,device_session_mismatch
NET-07975,device_session_mismatch
NET-07976,device_session_mismatch
NET-07977,device_session_mismatch
NET-07978,consent_scope_mismatch
NET-07979,consent_scope_mismatch
NET-07980,device_session_mismatch
NET-07981,consent_scope_mismatch
NET-07982,consent_scope_mismatch
NET-07983,consent_scope_mismatch
NET-07984,consent_scope_mismatch
NET-07985,device_session_mismatch
NET-07986,device_session_mismatch
NET-07987,device_session_mismatch
NET-07988,device_session_mismatch
NET-07989,device_session_mismatch
NET-07990,consent_scope_mismatch
NET-07991,device_session_mismatch
NET-07992,device_session_mismatch
NET-07993,device_session_mismatch
NET-07994,consent_scope_mismatch
NET-07995,device_session_mismatch
NET-07996,device_session_mismatch
NET-07997,consent_scope_mismatch
NET-07998,consent_scope_mismatch
NET-07999,device_session_mismatch
NET-08000,consent_scope_mismatch
NET-08001,device_session_mismatch
NET-08002,device_session_mismatch
NET-08003,consent_scope_mismatch
NET-08004,device_session_mismatch
NET-08005,device_session_mismatch
NET-08006,device_session_mismatch
NET-08007,device_session_mismatch
NET-08008,device_session_mismatch
NET-08009,device_session_mismatch
NET-08010,device_session_mismatch
NET-08011,consent_scope_mismatch
NET-08012,device_session_mismatch
NET-08013,device_session_mismatch
NET-08014,device_session_mismatch
NET-08015,device_session_mismatch
NET-08016,device_session_mismatch
NET-08017,device_session_mismatch
NET-08018,device_session_mismatch
NET-08019,device_session_mismatch
NET-08020,device_session_mismatch
NET-08021,device_session_mismatch
NET-08022,device_session_mismatch
NET-08023,device_session_mismatch
NET-08024,device_session_mismatch
NET-08025,device_session_mismatch
NET-08026,consent_scope_mismatch
NET-08027,consent_scope_mismatch
NET-08028,device_session_mismatch
NET-08029,device_session_mismatch
NET-08030,device_session_mismatch
NET-08031,device_session_mismatch
NET-08032,device_session_mismatch
NET-08033,consent_scope_mismatch
NET-08034,device_session_mismatch
NET-08035,consent_scope_mismatch
NET-08036,device_session_mismatch
NET-08037,device_session_mismatch
NET-08038,consent_scope_mismatch
NET-08039,consent_scope_mismatch
NET-08040,consent_scope_mismatch
NET-08041,device_session_mismatch
NET-08042,device_session_mismatch
NET-08043,consent_scope_mismatch
NET-08044,device_session_mismatch
NET-08045,device_session_mismatch
NET-08046,consent_scope_mismatch
NET-08047,device_session_mismatch
NET-08048,device_session_mismatch
NET-08049,device_session_mismatch
NET-08050,device_session_mismatch
NET-08051,device_session_mismatch
NET-08052,consent_scope_mismatch
NET-08053,device_session_mismatch
NET-08054,device_session_mismatch
NET-08055,device_session_mismatch
NET-08056,device_session_mismatch
NET-08057,consent_scope_mismatch
NET-08058,device_session_mismatch
NET-08059,device_session_mismatch
NET-08060,consent_scope_mismatch
NET-08061,consent_scope_mismatch
NET-08062,consent_scope_mismatch
NET-08063,device_session_mismatch
NET-08064,device_session_mismatch
NET-08065,consent_scope_mismatch
NET-08066,device_session_mismatch
NET-08067,consent_scope_mismatch
NET-08068,device_session_mismatch
NET-08069,device_session_mismatch
NET-08070,device_session_mismatch
NET-08071,consent_scope_mismatch
NET-08072,consent_scope_mismatch
NET-08073,consent_scope_mismatch
NET-08074,device_session_mismatch
NET-08075,device_session_mismatch
NET-08076,device_session_mismatch
NET-08077,device_session_mismatch
NET-08078,consent_scope_mismatch
NET-08079,consent_scope_mismatch
NET-08080,device_session_mismatch
NET-08081,device_session_mismatch
NET-08082,device_session_mismatch
NET-08083,device_session_mismatch
NET-08084,device_session_mismatch
NET-08085,device_session_mismatch
NET-08086,device_session_mismatch
NET-08087,consent_scope_mismatch
NET-08088,device_session_mismatch
NET-08089,consent_scope_mismatch
NET-08090,consent_scope_mismatch
NET-08091,device_session_mismatch
NET-08092,device_session_mismatch
NET-08093,device_session_mismatch
NET-08094,device_session_mismatch
NET-08095,device_session_mismatch
NET-08096,device_session_mismatch
NET-08097,device_session_mismatch
NET-08098,device_session_mismatch
NET-08099,device_session_mismatch
NET-08100,device_session_mismatch
NET-08101,device_session_mismatch
NET-08102,device_session_mismatch
NET-08103,consent_scope_mismatch
NET-08104,consent_scope_mismatch
NET-08105,consent_scope_mismatch
NET-08106,device_session_mismatch
NET-08107,device_session_mismatch
NET-08108,device_session_mismatch
NET-08109,device_session_mismatch
NET-08110,device_session_mismatch
NET-08111,device_session_mismatch
NET-08112,device_session_mismatch
NET-08113,device_session_mismatch
NET-08114,consent_scope_mismatch
NET-08115,device_session_mismatch
NET-08116,device_session_mismatch
NET-08117,device_session_mismatch
NET-08118,device_session_mismatch
NET-08119,device_session_mismatch
NET-08120,consent_scope_mismatch
NET-08121,device_session_mismatch
NET-08122,consent_scope_mismatch
NET-08123,device_session_mismatch
NET-08124,consent_scope_mismatch
NET-08125,device_session_mismatch
NET-08126,device_session_mismatch
NET-08127,device_session_mismatch
NET-08128,device_session_mismatch
NET-08129,device_session_mismatch
NET-08130,device_session_mismatch
NET-08131,consent_scope_mismatch
NET-08132,device_session_mismatch
NET-08133,device_session_mismatch
NET-08134,device_session_mismatch
NET-08135,consent_scope_mismatch
NET-08136,device_session_mismatch
NET-08137,device_session_mismatch
NET-08138,consent_scope_mismatch
NET-08139,device_session_mismatch
NET-08140,device_session_mismatch
NET-08141,consent_scope_mismatch
NET-08142,consent_scope_mismatch
NET-08143,device_session_mismatch
NET-08144,consent_scope_mismatch
NET-08145,device_session_mismatch
NET-08146,device_session_mismatch
NET-08147,device_session_mismatch
NET-08148,device_session_mismatch
NET-08149,device_session_mismatch
NET-08150,device_session_mismatch
NET-08151,device_session_mismatch
NET-08152,consent_scope_mismatch
NET-08153,consent_scope_mismatch
NET-08154,device_session_mismatch
NET-08155,device_session_mismatch
NET-08156,consent_scope_mismatch
NET-08157,consent_scope_mismatch
NET-08158,consent_scope_mismatch
NET-08159,device_session_mismatch
NET-08160,device_session_mismatch
NET-08161,device_session_mismatch
NET-08162,device_session_mismatch
NET-08163,device_session_mismatch
NET-08164,device_session_mismatch
NET-08165,consent_scope_mismatch
NET-08166,device_session_mismatch
NET-08167,device_session_mismatch
NET-08168,device_session_mismatch
NET-08169,device_session_mismatch
NET-08170,device_session_mismatch
NET-08171,consent_scope_mismatch
NET-08172,device_session_mismatch
NET-08173,consent_scope_mismatch
NET-08174,device_session_mismatch
NET-08175,device_session_mismatch
NET-08176,device_session_mismatch
NET-08177,device_session_mismatch
NET-08178,device_session_mismatch
NET-08179,device_session_mismatch
NET-08180,device_session_mismatch
NET-08181,consent_scope_mismatch
NET-08182,device_session_mismatch
NET-08183,device_session_mismatch
NET-08184,device_session_mismatch
NET-08185,device_session_mismatch
NET-08186,device_session_mismatch
NET-08187,device_session_mismatch
NET-08188,device_session_mismatch
NET-08189,consent_scope_mismatch
NET-08190,device_session_mismatch
NET-08191,device_session_mismatch
NET-08192,device_session_mismatch
NET-08193,device_session_mismatch
NET-08194,device_session_mismatch
NET-08195,consent_scope_mismatch
NET-08196,device_session_mismatch
NET-08197,device_session_mismatch
NET-08198,device_session_mismatch
NET-08199,device_session_mismatch
NET-08200,device_session_mismatch
NET-08201,device_session_mismatch
NET-08202,consent_scope_mismatch
NET-08203,device_session_mismatch
NET-08204,consent_scope_mismatch
NET-08205,device_session_mismatch
NET-08206,device_session_mismatch
NET-08207,device_session_mismatch
NET-08208,device_session_mismatch
NET-08209,device_session_mismatch
NET-08210,consent_scope_mismatch
NET-08211,device_session_mismatch
NET-08212,device_session_mismatch
NET-08213,device_session_mismatch
NET-08214,device_session_mismatch
NET-08215,device_session_mismatch
NET-08216,consent_scope_mismatch
NET-08217,consent_scope_mismatch
NET-08218,device_session_mismatch
NET-08219,consent_scope_mismatch
NET-08220,device_session_mismatch
NET-08221,device_session_mismatch
NET-08222,consent_scope_mismatch
NET-08223,device_session_mismatch
NET-08224,device_session_mismatch
NET-08225,device_session_mismatch
NET-08226,device_session_mismatch
NET-08227,device_session_mismatch
NET-08228,consent_scope_mismatch
NET-08229,device_session_mismatch
NET-08230,device_session_mismatch
NET-08231,device_session_mismatch
NET-08232,device_session_mismatch
NET-08233,device_session_mismatch
NET-08234,device_session_mismatch
NET-08235,device_session_mismatch
NET-08236,device_session_mismatch
NET-08237,device_session_mismatch
NET-08238,consent_scope_mismatch
NET-08239,device_session_mismatch
NET-08240,device_session_mismatch
NET-08241,consent_scope_mismatch
NET-08242,device_session_mismatch
NET-08243,consent_scope_mismatch
NET-08244,device_session_mismatch
NET-08245,device_session_mismatch
NET-08246,device_session_mismatch
NET-08247,device_session_mismatch
NET-08248,device_session_mismatch
NET-08249,consent_scope_mismatch
NET-08250,consent_scope_mismatch
NET-08251,device_session_mismatch
NET-08252,device_session_mismatch
NET-08253,device_session_mismatch
NET-08254,device_session_mismatch
NET-08255,consent_scope_mismatch
NET-08256,device_session_mismatch
NET-08257,device_session_mismatch
NET-08258,device_session_mismatch
NET-08259,device_session_mismatch
NET-08260,device_session_mismatch
NET-08261,device_session_mismatch
NET-08262,consent_scope_mismatch
NET-08263,device_session_mismatch
NET-08264,device_session_mismatch
NET-08265,device_session_mismatch
NET-08266,consent_scope_mismatch
NET-08267,consent_scope_mismatch
NET-08268,consent_scope_mismatch
NET-08269,device_session_mismatch
NET-08270,device_session_mismatch
NET-08271,device_session_mismatch
NET-08272,device_session_mismatch
NET-08273,device_session_mismatch
NET-08274,device_session_mismatch
NET-08275,consent_scope_mismatch
NET-08276,device_session_mismatch
NET-08277,device_session_mismatch
NET-08278,device_session_mismatch
NET-08279,consent_scope_mismatch
NET-08280,device_session_mismatch
NET-08281,device_session_mismatch
NET-08282,device_session_mismatch
NET-08283,device_session_mismatch
NET-08284,device_session_mismatch
NET-08285,consent_scope_mismatch
NET-08286,consent_scope_mismatch
NET-08287,device_session_mismatch
NET-08288,device_session_mismatch
NET-08289,device_session_mismatch
NET-08290,device_session_mismatch
NET-08291,device_session_mismatch
NET-08292,device_session_mismatch
NET-08293,device_session_mismatch
NET-08294,consent_scope_mismatch
NET-08295,device_session_mismatch
NET-08296,device_session_mismatch
NET-08297,device_session_mismatch
NET-08298,device_session_mismatch
NET-08299,device_session_mismatch
NET-08300,device_session_mismatch
NET-08301,consent_scope_mismatch
NET-08302,device_session_mismatch
NET-08303,device_session_mismatch
NET-08304,device_session_mismatch
NET-08305,consent_scope_mismatch
NET-08306,consent_scope_mismatch
NET-08307,device_session_mismatch
NET-08308,device_session_mismatch
NET-08309,device_session_mismatch
NET-08310,device_session_mismatch
NET-08311,device_session_mismatch
NET-08312,consent_scope_mismatch
NET-08313,device_session_mismatch
NET-08314,device_session_mismatch
NET-08315,device_session_mismatch
NET-08316,consent_scope_mismatch
NET-08317,consent_scope_mismatch
NET-08318,device_session_mismatch
NET-08319,consent_scope_mismatch
NET-08320,device_session_mismatch
NET-08321,consent_scope_mismatch
NET-08322,consent_scope_mismatch
NET-08323,device_session_mismatch
NET-08324,device_session_mismatch
NET-08325,device_session_mismatch
NET-08326,device_session_mismatch
NET-08327,consent_scope_mismatch
NET-08328,device_session_mismatch
NET-08329,device_session_mismatch
NET-08330,device_session_mismatch
NET-08331,device_session_mismatch
NET-08332,consent_scope_mismatch
NET-08333,device_session_mismatch
NET-08334,device_session_mismatch
NET-08335,consent_scope_mismatch
NET-08336,device_session_mismatch
NET-08337,device_session_mismatch
NET-08338,device_session_mismatch
NET-08339,device_session_mismatch
NET-08340,consent_scope_mismatch
NET-08341,device_session_mismatch
NET-08342,device_session_mismatch
NET-08343,device_session_mismatch
NET-08344,device_session_mismatch
NET-08345,consent_scope_mismatch
NET-08346,device_session_mismatch
NET-08347,consent_scope_mismatch
NET-08348,device_session_mismatch
NET-08349,device_session_mismatch
NET-08350,device_session_mismatch
NET-08351,device_session_mismatch
NET-08352,consent_scope_mismatch
NET-08353,device_session_mismatch
NET-08354,device_session_mismatch
NET-08355,device_session_mismatch
NET-08356,consent_scope_mismatch
NET-08357,device_session_mismatch
NET-08358,consent_scope_mismatch
NET-08359,device_session_mismatch
NET-08360,device_session_mismatch
NET-08361,device_session_mismatch
NET-08362,device_session_mismatch
NET-08363,consent_scope_mismatch
NET-08364,device_session_mismatch
NET-08365,device_session_mismatch
NET-08366,device_session_mismatch
NET-08367,device_session_mismatch
NET-08368,device_session_mismatch
NET-08369,device_session_mismatch
NET-08370,consent_scope_mismatch
NET-08371,device_session_mismatch
NET-08372,device_session_mismatch
NET-08373,device_session_mismatch
NET-08374,consent_scope_mismatch
NET-08375,device_session_mismatch
NET-08376,device_session_mismatch
NET-08377,device_session_mismatch
NET-08378,device_session_mismatch
NET-08379,device_session_mismatch
NET-08380,device_session_mismatch
NET-08381,device_session_mismatch
NET-08382,device_session_mismatch
NET-08383,consent_scope_mismatch
NET-08384,consent_scope_mismatch
NET-08385,device_session_mismatch
NET-08386,consent_scope_mismatch
NET-08387,consent_scope_mismatch
NET-08388,device_session_mismatch
NET-08389,device_session_mismatch
NET-08390,consent_scope_mismatch
NET-08391,device_session_mismatch
NET-08392,consent_scope_mismatch
NET-08393,device_session_mismatch
NET-08394,consent_scope_mismatch
NET-08395,device_session_mismatch
NET-08396,device_session_mismatch
NET-08397,consent_scope_mismatch
NET-08398,consent_scope_mismatch
NET-08399,device_session_mismatch
NET-08400,device_session_mismatch
NET-08401,consent_scope_mismatch
NET-08402,consent_scope_mismatch
NET-08403,device_session_mismatch
NET-08404,device_session_mismatch
NET-08405,consent_scope_mismatch
NET-08406,consent_scope_mismatch
NET-08407,device_session_mismatch
NET-08408,device_session_mismatch
NET-08409,device_session_mismatch
NET-08410,consent_scope_mismatch
NET-08411,device_session_mismatch
NET-08412,consent_scope_mismatch
NET-08413,consent_scope_mismatch
NET-08414,consent_scope_mismatch
NET-08415,consent_scope_mismatch
NET-08416,device_session_mismatch
NET-08417,consent_scope_mismatch
NET-08418,consent_scope_mismatch
NET-08419,consent_scope_mismatch
NET-08420,device_session_mismatch
NET-08421,device_session_mismatch
NET-08422,device_session_mismatch
NET-08423,device_session_mismatch
NET-08424,device_session_mismatch
NET-08425,device_session_mismatch
NET-08426,device_session_mismatch
NET-08427,device_session_mismatch
NET-08428,consent_scope_mismatch
NET-08429,device_session_mismatch
NET-08430,device_session_mismatch
NET-08431,device_session_mismatch
NET-08432,consent_scope_mismatch
NET-08433,device_session_mismatch
NET-08434,device_session_mismatch
NET-08435,device_session_mismatch
NET-08436,device_session_mismatch
NET-08437,device_session_mismatch
NET-08438,device_session_mismatch
NET-08439,consent_scope_mismatch
NET-08440,device_session_mismatch
NET-08441,device_session_mismatch
NET-08442,device_session_mismatch
NET-08443,device_session_mismatch
NET-08444,consent_scope_mismatch
NET-08445,device_session_mismatch
NET-08446,device_session_mismatch
NET-08447,device_session_mismatch
NET-08448,consent_scope_mismatch
NET-08449,device_session_mismatch
NET-08450,device_session_mismatch
NET-08451,device_session_mismatch
NET-08452,consent_scope_mismatch
NET-08453,consent_scope_mismatch
NET-08454,device_session_mismatch
NET-08455,consent_scope_mismatch
NET-08456,device_session_mismatch
NET-08457,device_session_mismatch
NET-08458,device_session_mismatch
NET-08459,consent_scope_mismatch
NET-08461,device_session_mismatch
NET-08462,device_session_mismatch
NET-08463,device_session_mismatch
NET-08464,device_session_mismatch
NET-08465,consent_scope_mismatch
NET-08466,consent_scope_mismatch
NET-08467,device_session_mismatch
NET-08468,device_session_mismatch
NET-08469,device_session_mismatch
NET-08470,device_session_mismatch
NET-08471,device_session_mismatch
NET-08472,device_session_mismatch
NET-08473,device_session_mismatch
NET-08474,device_session_mismatch
NET-08475,device_session_mismatch
NET-08476,consent_scope_mismatch
NET-08477,device_session_mismatch
NET-08478,device_session_mismatch
NET-08479,device_session_mismatch
NET-08480,device_session_mismatch
NET-08481,consent_scope_mismatch
NET-08482,device_session_mismatch
NET-08483,consent_scope_mismatch
NET-08484,device_session_mismatch
NET-08485,device_session_mismatch
NET-08486,device_session_mismatch
NET-08487,consent_scope_mismatch
NET-08488,device_session_mismatch
NET-08489,consent_scope_mismatch
NET-08490,device_session_mismatch
NET-08491,device_session_mismatch
NET-08492,device_session_mismatch
NET-08493,device_session_mismatch
NET-08494,device_session_mismatch
NET-08495,device_session_mismatch
NET-08496,consent_scope_mismatch
NET-08497,consent_scope_mismatch
NET-08498,device_session_mismatch
NET-08499,device_session_mismatch
NET-08500,device_session_mismatch
NET-08501,consent_scope_mismatch
NET-08502,device_session_mismatch
NET-08503,consent_scope_mismatch
NET-08504,device_session_mismatch
NET-08505,device_session_mismatch
NET-08506,device_session_mismatch
NET-08507,device_session_mismatch
NET-08508,device_session_mismatch
NET-08509,consent_scope_mismatch
NET-08510,device_session_mismatch
NET-08511,device_session_mismatch
NET-08512,device_session_mismatch
NET-08513,device_session_mismatch
NET-08514,device_session_mismatch
NET-08515,device_session_mismatch
NET-08516,device_session_mismatch
NET-08517,device_session_mismatch
NET-08518,device_session_mismatch
NET-08519,device_session_mismatch
NET-08520,device_session_mismatch
NET-08521,device_session_mismatch
NET-08522,device_session_mismatch
NET-08523,consent_scope_mismatch
NET-08524,consent_scope_mismatch
NET-08525,device_session_mismatch
NET-08526,device_session_mismatch
NET-08527,device_session_mismatch
NET-08528,device_session_mismatch
NET-08529,device_session_mismatch
NET-08530,consent_scope_mismatch
NET-08531,device_session_mismatch
NET-08532,device_session_mismatch
NET-08533,consent_scope_mismatch
NET-08534,consent_scope_mismatch
NET-08535,device_session_mismatch
NET-08536,device_session_mismatch
NET-08537,device_session_mismatch
NET-08538,consent_scope_mismatch
NET-08539,device_session_mismatch
NET-08540,device_session_mismatch
NET-08541,consent_scope_mismatch
NET-08542,consent_scope_mismatch
NET-08543,device_session_mismatch
NET-08544,consent_scope_mismatch
NET-08545,consent_scope_mismatch
NET-08546,consent_scope_mismatch
NET-08547,consent_scope_mismatch
NET-08548,device_session_mismatch
NET-08549,device_session_mismatch
NET-08550,device_session_mismatch
NET-08551,device_session_mismatch
NET-08552,device_session_mismatch
NET-08553,consent_scope_mismatch
NET-08554,device_session_mismatch
NET-08555,device_session_mismatch
NET-08556,consent_scope_mismatch
NET-08557,consent_scope_mismatch
NET-08558,device_session_mismatch
NET-08559,consent_scope_mismatch
NET-08560,device_session_mismatch
NET-08561,consent_scope_mismatch
NET-08562,device_session_mismatch
NET-08563,device_session_mismatch
NET-08564,device_session_mismatch
NET-08565,device_session_mismatch
NET-08566,consent_scope_mismatch
NET-08567,device_session_mismatch
NET-08568,device_session_mismatch
NET-08569,device_session_mismatch
NET-08570,device_session_mismatch
NET-08571,device_session_mismatch
NET-08572,device_session_mismatch
NET-08573,device_session_mismatch
NET-08574,consent_scope_mismatch
NET-08575,device_session_mismatch
NET-08576,device_session_mismatch
NET-08577,device_session_mismatch
NET-08578,device_session_mismatch
NET-08579,device_session_mismatch
NET-08580,consent_scope_mismatch
NET-08581,device_session_mismatch
NET-08582,device_session_mismatch
NET-08583,device_session_mismatch
NET-08584,consent_scope_mismatch
NET-08585,consent_scope_mismatch
NET-08586,device_session_mismatch
NET-08587,consent_scope_mismatch
NET-08588,consent_scope_mismatch
NET-08589,device_session_mismatch
NET-08590,device_session_mismatch
NET-08591,device_session_mismatch
NET-08592,device_session_mismatch
NET-08593,consent_scope_mismatch
NET-08594,consent_scope_mismatch
NET-08595,consent_scope_mismatch
NET-08596,consent_scope_mismatch
NET-08597,consent_scope_mismatch
NET-08598,device_session_mismatch
NET-08599,consent_scope_mismatch
NET-08600,consent_scope_mismatch
NET-08601,device_session_mismatch
NET-08602,device_session_mismatch
NET-08603,consent_scope_mismatch
NET-08604,device_session_mismatch
NET-08605,device_session_mismatch
NET-08606,consent_scope_mismatch
NET-08607,device_session_mismatch
NET-08608,consent_scope_mismatch
NET-08609,consent_scope_mismatch
NET-08610,device_session_mismatch
NET-08611,consent_scope_mismatch
NET-08612,device_session_mismatch
NET-08613,device_session_mismatch
NET-08614,device_session_mismatch
NET-08615,device_session_mismatch
NET-08616,device_session_mismatch
NET-08617,device_session_mismatch
NET-08618,device_session_mismatch
NET-08619,device_session_mismatch
NET-08620,device_session_mismatch
NET-08621,device_session_mismatch
NET-08622,device_session_mismatch
NET-08623,device_session_mismatch
NET-08624,device_session_mismatch
NET-08625,device_session_mismatch
NET-08626,device_session_mismatch
NET-08627,device_session_mismatch
NET-08628,device_session_mismatch
NET-08629,device_session_mismatch
NET-08630,device_session_mismatch
NET-08631,consent_scope_mismatch
NET-08632,device_session_mismatch
NET-08633,device_session_mismatch
NET-08634,device_session_mismatch
NET-08635,device_session_mismatch
NET-08636,device_session_mismatch
NET-08637,device_session_mismatch
NET-08638,device_session_mismatch
NET-08639,consent_scope_mismatch
NET-08640,consent_scope_mismatch
NET-08641,consent_scope_mismatch
NET-08642,consent_scope_mismatch
NET-08643,device_session_mismatch
NET-08644,consent_scope_mismatch
NET-08645,consent_scope_mismatch
NET-08646,device_session_mismatch
NET-08647,device_session_mismatch
NET-08648,consent_scope_mismatch
NET-08649,consent_scope_mismatch
NET-08650,consent_scope_mismatch
NET-08651,device_session_mismatch
NET-08652,consent_scope_mismatch
NET-08653,device_session_mismatch
NET-08654,consent_scope_mismatch
NET-08655,device_session_mismatch
NET-08656,device_session_mismatch
NET-08657,device_session_mismatch
NET-08658,device_session_mismatch
NET-08659,device_session_mismatch
NET-08660,device_session_mismatch
NET-08661,device_session_mismatch
NET-08662,device_session_mismatch
NET-08663,consent_scope_mismatch
NET-08664,device_session_mismatch
NET-08665,device_session_mismatch
NET-08666,device_session_mismatch
NET-08667,device_session_mismatch
NET-08668,device_session_mismatch
NET-08669,device_session_mismatch
NET-08670,device_session_mismatch
NET-08671,device_session_mismatch
NET-08672,device_session_mismatch
NET-08673,device_session_mismatch
NET-08674,consent_scope_mismatch
NET-08675,device_session_mismatch
NET-08676,device_session_mismatch
NET-08677,consent_scope_mismatch
NET-08678,consent_scope_mismatch
NET-08679,device_session_mismatch
NET-08680,device_session_mismatch
NET-08681,device_session_mismatch
NET-08682,consent_scope_mismatch
NET-08683,device_session_mismatch
NET-08684,device_session_mismatch
NET-08685,device_session_mismatch
NET-08686,device_session_mismatch
NET-08687,device_session_mismatch
NET-08688,device_session_mismatch
NET-08689,consent_scope_mismatch
NET-08690,device_session_mismatch
NET-08691,consent_scope_mismatch
NET-08692,device_session_mismatch
NET-08693,consent_scope_mismatch
NET-08694,device_session_mismatch
NET-08695,device_session_mismatch
NET-08696,device_session_mismatch
NET-08697,device_session_mismatch
NET-08698,consent_scope_mismatch
NET-08699,device_session_mismatch
NET-08700,device_session_mismatch
NET-08701,device_session_mismatch
NET-08702,device_session_mismatch
NET-08703,device_session_mismatch
NET-08704,consent_scope_mismatch
NET-08705,device_session_mismatch
NET-08706,device_session_mismatch
NET-08707,consent_scope_mismatch
NET-08708,device_session_mismatch
NET-08709,device_session_mismatch
NET-08710,device_session_mismatch
NET-08711,device_session_mismatch
NET-08712,consent_scope_mismatch
NET-08713,device_session_mismatch
NET-08714,consent_scope_mismatch
NET-08715,device_session_mismatch
NET-08716,device_session_mismatch
NET-08717,consent_scope_mismatch
NET-08718,device_session_mismatch
NET-08719,consent_scope_mismatch
NET-08720,consent_scope_mismatch
NET-08721,device_session_mismatch
NET-08722,device_session_mismatch
NET-08723,device_session_mismatch
NET-08724,device_session_mismatch
NET-08725,consent_scope_mismatch
NET-08726,device_session_mismatch
NET-08727,consent_scope_mismatch
NET-08728,device_session_mismatch
NET-08729,device_session_mismatch
NET-08730,device_session_mismatch
NET-08731,device_session_mismatch
NET-08732,device_session_mismatch
NET-08733,device_session_mismatch
NET-08734,device_session_mismatch
NET-08735,device_session_mismatch
NET-08736,device_session_mismatch
NET-08737,device_session_mismatch
NET-08738,device_session_mismatch
NET-08739,device_session_mismatch
NET-08740,device_session_mismatch
NET-08741,device_session_mismatch
NET-08742,device_session_mismatch
NET-08743,device_session_mismatch
NET-08744,device_session_mismatch
NET-08745,device_session_mismatch
NET-08746,device_session_mismatch
NET-08747,consent_scope_mismatch
NET-08748,device_session_mismatch
NET-08749,device_session_mismatch
NET-08750,device_session_mismatch
NET-08751,device_session_mismatch
NET-08752,consent_scope_mismatch
NET-08753,device_session_mismatch
NET-08754,device_session_mismatch
NET-08755,device_session_mismatch
NET-08756,device_session_mismatch
NET-08757,consent_scope_mismatch
NET-08758,device_session_mismatch
NET-08759,device_session_mismatch
NET-08760,consent_scope_mismatch
NET-08761,device_session_mismatch
NET-08762,device_session_mismatch
NET-08763,device_session_mismatch
NET-08764,device_session_mismatch
NET-08765,consent_scope_mismatch
NET-08766,device_session_mismatch
NET-08767,device_session_mismatch
NET-08768,device_session_mismatch
NET-08769,device_session_mismatch
NET-08770,consent_scope_mismatch
NET-08771,device_session_mismatch
NET-08772,device_session_mismatch
NET-08773,device_session_mismatch
NET-08774,consent_scope_mismatch
NET-08775,device_session_mismatch
NET-08776,device_session_mismatch
NET-08777,device_session_mismatch
NET-08778,consent_scope_mismatch
NET-08779,consent_scope_mismatch
NET-08780,device_session_mismatch
NET-08781,consent_scope_mismatch
NET-08782,device_session_mismatch
NET-08783,consent_scope_mismatch
NET-08784,device_session_mismatch
NET-08785,device_session_mismatch
NET-08786,consent_scope_mismatch
NET-08787,consent_scope_mismatch
NET-08788,consent_scope_mismatch
NET-08789,consent_scope_mismatch
NET-08790,device_session_mismatch
NET-08791,consent_scope_mismatch
NET-08792,device_session_mismatch
NET-08793,consent_scope_mismatch
NET-08794,device_session_mismatch
NET-08795,device_session_mismatch
NET-08796,consent_scope_mismatch
NET-08797,device_session_mismatch
NET-08798,device_session_mismatch
NET-08799,device_session_mismatch
NET-08800,device_session_mismatch
NET-08801,device_session_mismatch
NET-08802,device_session_mismatch
NET-08803,device_session_mismatch
NET-08804,device_session_mismatch
NET-08805,device_session_mismatch
NET-08806,consent_scope_mismatch
NET-08807,device_session_mismatch
NET-08808,device_session_mismatch
NET-08809,device_session_mismatch
NET-08810,device_session_mismatch
NET-08811,device_session_mismatch
NET-08812,device_session_mismatch
NET-08813,consent_scope_mismatch
NET-08814,device_session_mismatch
NET-08815,device_session_mismatch
NET-08816,device_session_mismatch
NET-08817,device_session_mismatch
NET-08818,device_session_mismatch
NET-08819,device_session_mismatch
NET-08820,device_session_mismatch
NET-08821,device_session_mismatch
NET-08822,device_session_mismatch
NET-08823,device_session_mismatch
NET-08824,device_session_mismatch
NET-08825,consent_scope_mismatch
NET-08826,consent_scope_mismatch
NET-08827,device_session_mismatch
NET-08828,consent_scope_mismatch
NET-08829,consent_scope_mismatch
NET-08830,consent_scope_mismatch
NET-08831,consent_scope_mismatch
NET-08832,device_session_mismatch
NET-08833,device_session_mismatch
NET-08834,device_session_mismatch
NET-08835,device_session_mismatch
NET-08836,device_session_mismatch
NET-08837,device_session_mismatch
NET-08838,device_session_mismatch
NET-08839,device_session_mismatch
NET-08840,consent_scope_mismatch
NET-08841,device_session_mismatch
NET-08842,device_session_mismatch
NET-08843,device_session_mismatch
NET-08844,consent_scope_mismatch
NET-08845,consent_scope_mismatch
NET-08846,device_session_mismatch
NET-08847,device_session_mismatch
NET-08848,consent_scope_mismatch
NET-08849,device_session_mismatch
NET-08850,consent_scope_mismatch
NET-08851,device_session_mismatch
NET-08852,device_session_mismatch
NET-08853,consent_scope_mismatch
NET-08854,device_session_mismatch
NET-08855,consent_scope_mismatch
NET-08856,device_session_mismatch
NET-08857,device_session_mismatch
NET-08858,device_session_mismatch
NET-08859,device_session_mismatch
NET-08860,consent_scope_mismatch
NET-08861,consent_scope_mismatch
NET-08862,device_session_mismatch
NET-08863,device_session_mismatch
NET-08864,device_session_mismatch
NET-08865,consent_scope_mismatch
NET-08866,device_session_mismatch
NET-08867,device_session_mismatch
NET-08868,device_session_mismatch
NET-08869,consent_scope_mismatch
NET-08870,device_session_mismatch
NET-08871,device_session_mismatch
NET-08872,device_session_mismatch
NET-08873,device_session_mismatch
NET-08874,device_session_mismatch
NET-08875,consent_scope_mismatch
NET-08876,device_session_mismatch
NET-08877,device_session_mismatch
NET-08878,device_session_mismatch
NET-08879,device_session_mismatch
NET-08880,consent_scope_mismatch
NET-08881,device_session_mismatch
NET-08882,device_session_mismatch
NET-08883,device_session_mismatch
NET-08884,device_session_mismatch
NET-08885,device_session_mismatch
NET-08886,device_session_mismatch
NET-08887,device_session_mismatch
NET-08888,device_session_mismatch
NET-08889,consent_scope_mismatch
NET-08890,device_session_mismatch
NET-08891,consent_scope_mismatch
NET-08892,device_session_mismatch
NET-08893,device_session_mismatch
NET-08894,device_session_mismatch
NET-08895,device_session_mismatch
NET-08896,consent_scope_mismatch
NET-08897,consent_scope_mismatch
NET-08898,device_session_mismatch
NET-08899,device_session_mismatch
NET-08900,device_session_mismatch
NET-08901,device_session_mismatch
NET-08902,device_session_mismatch
NET-08903,device_session_mismatch
NET-08904,consent_scope_mismatch
NET-08905,device_session_mismatch
NET-08906,device_session_mismatch
NET-08907,device_session_mismatch
NET-08908,consent_scope_mismatch
NET-08909,device_session_mismatch
NET-08910,device_session_mismatch
NET-08911,device_session_mismatch
NET-08912,device_session_mismatch
NET-08913,device_session_mismatch
NET-08914,consent_scope_mismatch
NET-08915,device_session_mismatch
NET-08916,device_session_mismatch
NET-08917,device_session_mismatch
NET-08918,consent_scope_mismatch
NET-08919,device_session_mismatch
NET-08920,device_session_mismatch
NET-08921,device_session_mismatch
NET-08922,consent_scope_mismatch
NET-08923,consent_scope_mismatch
NET-08924,device_session_mismatch
NET-08925,device_session_mismatch
NET-08926,consent_scope_mismatch
NET-08927,device_session_mismatch
NET-08928,device_session_mismatch
NET-08929,device_session_mismatch
NET-08930,device_session_mismatch
NET-08931,device_session_mismatch
NET-08932,consent_scope_mismatch
NET-08933,consent_scope_mismatch
NET-08934,device_session_mismatch
NET-08935,device_session_mismatch
NET-08936,device_session_mismatch
NET-08937,device_session_mismatch
NET-08938,device_session_mismatch
NET-08939,consent_scope_mismatch
NET-08940,device_session_mismatch
NET-08941,consent_scope_mismatch
NET-08942,device_session_mismatch
NET-08943,consent_scope_mismatch
NET-08944,device_session_mismatch
NET-08945,device_session_mismatch
NET-08946,device_session_mismatch
NET-08947,device_session_mismatch
NET-08948,device_session_mismatch
NET-08949,device_session_mismatch
NET-08950,device_session_mismatch
NET-08951,device_session_mismatch
NET-08952,device_session_mismatch
NET-08953,device_session_mismatch
NET-08954,device_session_mismatch
NET-08955,consent_scope_mismatch
NET-08956,consent_scope_mismatch
NET-08957,consent_scope_mismatch
NET-08958,device_session_mismatch
NET-08959,device_session_mismatch
NET-08960,device_session_mismatch
NET-08961,consent_scope_mismatch
NET-08962,device_session_mismatch
NET-08963,device_session_mismatch
NET-08964,device_session_mismatch
NET-08965,device_session_mismatch
NET-08966,device_session_mismatch
NET-08967,consent_scope_mismatch
NET-08968,device_session_mismatch
NET-08969,device_session_mismatch
NET-08970,consent_scope_mismatch
NET-08971,device_session_mismatch
NET-08972,device_session_mismatch
NET-08973,device_session_mismatch
NET-08974,consent_scope_mismatch
NET-08975,device_session_mismatch
NET-08976,consent_scope_mismatch
NET-08977,device_session_mismatch
NET-08978,device_session_mismatch
NET-08979,device_session_mismatch
NET-08980,device_session_mismatch
NET-08981,device_session_mismatch
NET-08982,device_session_mismatch
NET-08983,device_session_mismatch
NET-08984,consent_scope_mismatch
NET-08985,consent_scope_mismatch
NET-08986,device_session_mismatch
NET-08987,device_session_mismatch
NET-08988,consent_scope_mismatch
NET-08989,device_session_mismatch
NET-08990,device_session_mismatch
NET-08991,device_session_mismatch
NET-08992,device_session_mismatch
NET-08993,device_session_mismatch
NET-08994,device_session_mismatch
NET-08995,device_session_mismatch
NET-08996,device_session_mismatch
NET-08997,consent_scope_mismatch
NET-08998,consent_scope_mismatch
NET-08999,device_session_mismatch
NET-09000,device_session_mismatch
NET-09001,consent_scope_mismatch
NET-09002,device_session_mismatch
NET-09003,device_session_mismatch
NET-09004,consent_scope_mismatch
NET-09005,consent_scope_mismatch
NET-09006,device_session_mismatch
NET-09007,device_session_mismatch
NET-09008,consent_scope_mismatch
NET-09009,consent_scope_mismatch
NET-09010,consent_scope_mismatch
NET-09011,device_session_mismatch
NET-09012,device_session_mismatch
NET-09013,consent_scope_mismatch
NET-09014,consent_scope_mismatch
NET-09015,device_session_mismatch
NET-09016,device_session_mismatch
NET-09017,consent_scope_mismatch
NET-09018,consent_scope_mismatch
NET-09019,device_session_mismatch
NET-09020,device_session_mismatch
NET-09021,device_session_mismatch
NET-09022,consent_scope_mismatch
NET-09023,device_session_mismatch
NET-09024,device_session_mismatch
NET-09025,consent_scope_mismatch
NET-09026,device_session_mismatch
NET-09027,device_session_mismatch
NET-09028,device_session_mismatch
NET-09029,consent_scope_mismatch
NET-09030,consent_scope_mismatch
NET-09031,consent_scope_mismatch
NET-09032,consent_scope_mismatch
NET-09033,device_session_mismatch
NET-09034,consent_scope_mismatch
NET-09035,device_session_mismatch
NET-09036,device_session_mismatch
NET-09037,device_session_mismatch
NET-09038,device_session_mismatch
NET-09039,device_session_mismatch
NET-09040,device_session_mismatch
NET-09041,device_session_mismatch
NET-09042,device_session_mismatch
NET-09043,consent_scope_mismatch
NET-09044,device_session_mismatch
NET-09045,device_session_mismatch
NET-09046,device_session_mismatch
NET-09047,device_session_mismatch
NET-09048,device_session_mismatch
NET-09049,device_session_mismatch
NET-09050,device_session_mismatch
NET-09051,device_session_mismatch
NET-09052,consent_scope_mismatch
NET-09053,device_session_mismatch
NET-09054,device_session_mismatch
NET-09055,device_session_mismatch
NET-09056,device_session_mismatch
NET-09057,consent_scope_mismatch
NET-09058,device_session_mismatch
NET-09059,consent_scope_mismatch
NET-09060,consent_scope_mismatch
NET-09061,consent_scope_mismatch
NET-09062,consent_scope_mismatch
NET-09063,device_session_mismatch
NET-09064,consent_scope_mismatch
NET-09065,device_session_mismatch
NET-09066,device_session_mismatch
NET-09067,device_session_mismatch
NET-09068,device_session_mismatch
NET-09069,device_session_mismatch
NET-09070,consent_scope_mismatch
NET-09072,device_session_mismatch
NET-09073,device_session_mismatch
NET-09074,device_session_mismatch
NET-09075,device_session_mismatch
NET-09076,device_session_mismatch
NET-09077,device_session_mismatch
NET-09078,consent_scope_mismatch
NET-09079,device_session_mismatch
NET-09080,device_session_mismatch
NET-09081,device_session_mismatch
NET-09082,device_session_mismatch
NET-09083,device_session_mismatch
NET-09084,device_session_mismatch
NET-09085,device_session_mismatch
NET-09086,device_session_mismatch
NET-09087,device_session_mismatch
NET-09088,device_session_mismatch
NET-09089,consent_scope_mismatch
NET-09090,consent_scope_mismatch
NET-09091,device_session_mismatch
NET-09092,device_session_mismatch
NET-09093,device_session_mismatch
NET-09094,consent_scope_mismatch
NET-09095,device_session_mismatch
NET-09096,device_session_mismatch
NET-09097,device_session_mismatch
NET-09098,consent_scope_mismatch
NET-09099,device_session_mismatch
NET-09100,device_session_mismatch
NET-09101,device_session_mismatch
NET-09102,device_session_mismatch
NET-09103,device_session_mismatch
NET-09104,consent_scope_mismatch
NET-09105,device_session_mismatch
NET-09106,device_session_mismatch
NET-09107,consent_scope_mismatch
NET-09108,device_session_mismatch
NET-09109,device_session_mismatch
NET-09110,device_session_mismatch
NET-09111,device_session_mismatch
NET-09112,device_session_mismatch
NET-09113,device_session_mismatch
NET-09114,device_session_mismatch
NET-09115,device_session_mismatch
NET-09116,device_session_mismatch
NET-09117,device_session_mismatch
NET-09118,device_session_mismatch
NET-09119,device_session_mismatch
NET-09120,consent_scope_mismatch
NET-09121,consent_scope_mismatch
NET-09122,device_session_mismatch
NET-09123,device_session_mismatch
NET-09124,device_session_mismatch
NET-09125,consent_scope_mismatch
NET-09126,device_session_mismatch
NET-09127,consent_scope_mismatch
NET-09128,consent_scope_mismatch
NET-09130,device_session_mismatch
NET-09131,consent_scope_mismatch
NET-09132,device_session_mismatch
NET-09133,device_session_mismatch
NET-09134,device_session_mismatch
NET-09135,device_session_mismatch
NET-09136,consent_scope_mismatch
NET-09137,device_session_mismatch
NET-09138,device_session_mismatch
NET-09139,device_session_mismatch
NET-09140,device_session_mismatch
NET-09141,device_session_mismatch
NET-09142,device_session_mismatch
NET-09144,device_session_mismatch
NET-09145,device_session_mismatch
NET-09146,device_session_mismatch
NET-09147,device_session_mismatch
NET-09148,device_session_mismatch
NET-09149,device_session_mismatch
NET-09150,consent_scope_mismatch
NET-09151,device_session_mismatch
NET-09152,device_session_mismatch
NET-09153,device_session_mismatch
NET-09154,device_session_mismatch
NET-09155,device_session_mismatch
NET-09156,consent_scope_mismatch
NET-09157,device_session_mismatch
NET-09158,consent_scope_mismatch
NET-09159,device_session_mismatch
NET-09160,consent_scope_mismatch
NET-09161,device_session_mismatch
NET-09162,consent_scope_mismatch
NET-09163,consent_scope_mismatch
NET-09164,device_session_mismatch
NET-09165,device_session_mismatch
NET-09166,device_session_mismatch
NET-09167,device_session_mismatch
NET-09168,device_session_mismatch
NET-09169,device_session_mismatch
NET-09170,consent_scope_mismatch
NET-09171,device_session_mismatch
NET-09172,consent_scope_mismatch
NET-09173,device_session_mismatch
NET-09174,device_session_mismatch
NET-09175,device_session_mismatch
NET-09176,consent_scope_mismatch
NET-09177,device_session_mismatch
NET-09178,consent_scope_mismatch
NET-09179,device_session_mismatch
NET-09180,device_session_mismatch
NET-09181,device_session_mismatch
NET-09182,consent_scope_mismatch
NET-09183,device_session_mismatch
NET-09184,device_session_mismatch
NET-09185,device_session_mismatch
NET-09186,device_session_mismatch
NET-09187,device_session_mismatch
NET-09188,consent_scope_mismatch
NET-09189,device_session_mismatch
NET-09190,device_session_mismatch
NET-09191,device_session_mismatch
NET-09192,consent_scope_mismatch
NET-09193,device_session_mismatch
NET-09194,consent_scope_mismatch
NET-09195,device_session_mismatch
NET-09196,consent_scope_mismatch
NET-09197,consent_scope_mismatch
NET-09198,consent_scope_mismatch
NET-09199,consent_scope_mismatch
NET-09200,device_session_mismatch
NET-09201,device_session_mismatch
NET-09202,consent_scope_mismatch
NET-09203,device_session_mismatch
NET-09204,consent_scope_mismatch
NET-09205,device_session_mismatch
NET-09206,consent_scope_mismatch
NET-09207,device_session_mismatch
NET-09208,consent_scope_mismatch
NET-09209,device_session_mismatch
NET-09210,device_session_mismatch
NET-09211,consent_scope_mismatch
NET-09212,device_session_mismatch
NET-09213,device_session_mismatch
NET-09214,device_session_mismatch
NET-09215,consent_scope_mismatch
NET-09216,consent_scope_mismatch
NET-09217,device_session_mismatch
NET-09218,device_session_mismatch
NET-09219,device_session_mismatch
NET-09220,device_session_mismatch
NET-09221,device_session_mismatch
NET-09222,device_session_mismatch
NET-09223,device_session_mismatch
NET-09224,device_session_mismatch
NET-09225,device_session_mismatch
NET-09226,consent_scope_mismatch
NET-09227,device_session_mismatch
NET-09228,device_session_mismatch
NET-09229,consent_scope_mismatch
NET-09230,consent_scope_mismatch
NET-09231,device_session_mismatch
NET-09232,device_session_mismatch
NET-09233,device_session_mismatch
NET-09234,device_session_mismatch
NET-09235,device_session_mismatch
NET-09236,device_session_mismatch
NET-09237,device_session_mismatch
NET-09238,device_session_mismatch
NET-09239,device_session_mismatch
NET-09240,device_session_mismatch
NET-09241,device_session_mismatch
NET-09242,device_session_mismatch
NET-09243,device_session_mismatch
NET-09244,device_session_mismatch
NET-09245,device_session_mismatch
NET-09246,consent_scope_mismatch
NET-09247,device_session_mismatch
NET-09248,device_session_mismatch
NET-09249,consent_scope_mismatch
NET-09250,device_session_mismatch
NET-09251,consent_scope_mismatch
NET-09252,device_session_mismatch
NET-09254,device_session_mismatch
NET-09255,consent_scope_mismatch
NET-09256,consent_scope_mismatch
NET-09257,consent_scope_mismatch
NET-09258,consent_scope_mismatch
NET-09259,device_session_mismatch
NET-09260,device_session_mismatch
NET-09261,device_session_mismatch
NET-09262,consent_scope_mismatch
NET-09263,device_session_mismatch
NET-09264,device_session_mismatch
NET-09265,device_session_mismatch
NET-09266,consent_scope_mismatch
NET-09267,consent_scope_mismatch
NET-09268,consent_scope_mismatch
NET-09269,consent_scope_mismatch
NET-09270,device_session_mismatch
NET-09271,device_session_mismatch
NET-09272,device_session_mismatch
NET-09273,device_session_mismatch
NET-09274,consent_scope_mismatch
NET-09275,device_session_mismatch
NET-09276,device_session_mismatch
NET-09277,consent_scope_mismatch
NET-09278,device_session_mismatch
NET-09279,device_session_mismatch
NET-09280,consent_scope_mismatch
NET-09281,device_session_mismatch
NET-09282,device_session_mismatch
NET-09283,device_session_mismatch
NET-09284,consent_scope_mismatch
NET-09285,device_session_mismatch
NET-09286,device_session_mismatch
NET-09287,device_session_mismatch
NET-09288,consent_scope_mismatch
NET-09289,device_session_mismatch
NET-09290,device_session_mismatch
NET-09291,device_session_mismatch
NET-09292,consent_scope_mismatch
NET-09293,device_session_mismatch
NET-09294,consent_scope_mismatch
NET-09295,device_session_mismatch
NET-09296,device_session_mismatch
NET-09297,consent_scope_mismatch
NET-09298,device_session_mismatch
NET-09299,device_session_mismatch
NET-09300,device_session_mismatch
NET-09301,device_session_mismatch
NET-09302,consent_scope_mismatch
NET-09303,device_session_mismatch
NET-09304,consent_scope_mismatch
NET-09305,consent_scope_mismatch
NET-09306,device_session_mismatch
NET-09307,device_session_mismatch
NET-09308,device_session_mismatch
NET-09309,device_session_mismatch
NET-09310,device_session_mismatch
NET-09311,consent_scope_mismatch
NET-09312,device_session_mismatch
NET-09313,consent_scope_mismatch
NET-09314,device_session_mismatch
NET-09315,device_session_mismatch
NET-09316,device_session_mismatch
NET-09317,device_session_mismatch
NET-09318,consent_scope_mismatch
NET-09319,consent_scope_mismatch
NET-09320,device_session_mismatch
NET-09321,device_session_mismatch
NET-09322,device_session_mismatch
NET-09323,device_session_mismatch
NET-09324,consent_scope_mismatch
NET-09325,consent_scope_mismatch
NET-09326,consent_scope_mismatch
NET-09327,device_session_mismatch
NET-09329,device_session_mismatch
NET-09330,device_session_mismatch
NET-09331,device_session_mismatch
NET-09332,consent_scope_mismatch
NET-09333,device_session_mismatch
NET-09334,device_session_mismatch
NET-09335,device_session_mismatch
NET-09336,device_session_mismatch
NET-09337,device_session_mismatch
NET-09338,device_session_mismatch
NET-09339,device_session_mismatch
NET-09340,device_session_mismatch
NET-09341,device_session_mismatch
NET-09342,device_session_mismatch
NET-09343,device_session_mismatch
NET-09344,device_session_mismatch
NET-09345,device_session_mismatch
NET-09346,consent_scope_mismatch
NET-09347,device_session_mismatch
NET-09348,device_session_mismatch
NET-09349,device_session_mismatch
NET-09350,device_session_mismatch
NET-09351,device_session_mismatch
NET-09352,device_session_mismatch
NET-09353,device_session_mismatch
NET-09355,device_session_mismatch
NET-09356,device_session_mismatch
NET-09357,device_session_mismatch
NET-09358,device_session_mismatch
NET-09359,device_session_mismatch
NET-09360,device_session_mismatch
NET-09361,consent_scope_mismatch
NET-09362,consent_scope_mismatch
NET-09363,consent_scope_mismatch
NET-09364,device_session_mismatch
NET-09365,device_session_mismatch
NET-09366,device_session_mismatch
NET-09367,device_session_mismatch
NET-09368,device_session_mismatch
NET-09369,consent_scope_mismatch
NET-09370,consent_scope_mismatch
NET-09371,device_session_mismatch
NET-09372,consent_scope_mismatch
NET-09373,device_session_mismatch
NET-09374,consent_scope_mismatch
NET-09375,device_session_mismatch
NET-09376,device_session_mismatch
NET-09377,device_session_mismatch
NET-09378,device_session_mismatch
NET-09379,device_session_mismatch
NET-09380,device_session_mismatch
NET-09381,device_session_mismatch
NET-09382,device_session_mismatch
NET-09383,consent_scope_mismatch
NET-09384,device_session_mismatch
NET-09385,device_session_mismatch
NET-09386,device_session_mismatch
NET-09387,consent_scope_mismatch
NET-09388,consent_scope_mismatch
NET-09389,device_session_mismatch
NET-09390,device_session_mismatch
NET-09391,device_session_mismatch
NET-09392,consent_scope_mismatch
NET-09393,device_session_mismatch
NET-09394,device_session_mismatch
NET-09395,device_session_mismatch
NET-09396,device_session_mismatch
NET-09397,consent_scope_mismatch
NET-09398,device_session_mismatch
NET-09399,device_session_mismatch
NET-09400,device_session_mismatch
NET-09401,device_session_mismatch
NET-09402,device_session_mismatch
NET-09403,consent_scope_mismatch
NET-09404,device_session_mismatch
NET-09405,consent_scope_mismatch
NET-09406,device_session_mismatch
NET-09407,device_session_mismatch
NET-09408,consent_scope_mismatch
NET-09409,device_session_mismatch
NET-09410,device_session_mismatch
NET-09411,device_session_mismatch
NET-09412,device_session_mismatch
NET-09413,device_session_mismatch
NET-09414,device_session_mismatch
NET-09415,device_session_mismatch
NET-09416,device_session_mismatch
NET-09417,consent_scope_mismatch
NET-09418,device_session_mismatch
NET-09419,device_session_mismatch
NET-09420,consent_scope_mismatch
NET-09421,device_session_mismatch
NET-09422,device_session_mismatch
NET-09423,device_session_mismatch
NET-09424,device_session_mismatch
NET-09425,device_session_mismatch
NET-09426,consent_scope_mismatch
NET-09427,consent_scope_mismatch
NET-09428,consent_scope_mismatch
NET-09429,device_session_mismatch
NET-09430,consent_scope_mismatch
NET-09431,consent_scope_mismatch
NET-09432,device_session_mismatch
NET-09433,device_session_mismatch
NET-09434,device_session_mismatch
NET-09435,device_session_mismatch
NET-09436,device_session_mismatch
NET-09437,device_session_mismatch
NET-09438,device_session_mismatch
NET-09439,device_session_mismatch
NET-09440,device_session_mismatch
NET-09441,device_session_mismatch
NET-09442,device_session_mismatch
NET-09443,device_session_mismatch
NET-09444,device_session_mismatch
NET-09445,consent_scope_mismatch
NET-09446,consent_scope_mismatch
NET-09447,consent_scope_mismatch
NET-09448,consent_scope_mismatch
NET-09449,device_session_mismatch
NET-09450,consent_scope_mismatch
NET-09451,device_session_mismatch
NET-09452,consent_scope_mismatch
NET-09453,device_session_mismatch
NET-09454,consent_scope_mismatch
NET-09455,device_session_mismatch
NET-09456,device_session_mismatch
NET-09457,device_session_mismatch
NET-09458,consent_scope_mismatch
NET-09459,device_session_mismatch
NET-09460,device_session_mismatch
NET-09461,device_session_mismatch
NET-09462,device_session_mismatch
NET-09463,consent_scope_mismatch
NET-09464,consent_scope_mismatch
NET-09465,device_session_mismatch
NET-09466,consent_scope_mismatch
NET-09467,consent_scope_mismatch
NET-09468,device_session_mismatch
NET-09469,device_session_mismatch
NET-09470,device_session_mismatch
NET-09471,consent_scope_mismatch
NET-09472,consent_scope_mismatch
NET-09473,consent_scope_mismatch
NET-09474,device_session_mismatch
NET-09475,consent_scope_mismatch
NET-09476,consent_scope_mismatch
NET-09477,consent_scope_mismatch
NET-09478,device_session_mismatch
NET-09479,device_session_mismatch
NET-09480,device_session_mismatch
NET-09481,device_session_mismatch
NET-09482,device_session_mismatch
NET-09483,consent_scope_mismatch
NET-09484,device_session_mismatch
NET-09485,device_session_mismatch
NET-09486,consent_scope_mismatch
NET-09487,consent_scope_mismatch
NET-09488,consent_scope_mismatch
NET-09489,consent_scope_mismatch
NET-09490,device_session_mismatch
NET-09491,device_session_mismatch
NET-09492,consent_scope_mismatch
NET-09493,consent_scope_mismatch
NET-09494,device_session_mismatch
NET-09495,device_session_mismatch
NET-09496,device_session_mismatch
NET-09497,device_session_mismatch
NET-09498,device_session_mismatch
NET-09499,consent_scope_mismatch
NET-09500,device_session_mismatch
NET-09501,device_session_mismatch
NET-09502,device_session_mismatch
NET-09503,consent_scope_mismatch
NET-09504,device_session_mismatch
NET-09505,device_session_mismatch
NET-09506,device_session_mismatch
NET-09507,device_session_mismatch
NET-09508,device_session_mismatch
NET-09509,device_session_mismatch
NET-09510,device_session_mismatch
NET-09511,device_session_mismatch
NET-09512,device_session_mismatch
NET-09513,consent_scope_mismatch
NET-09514,consent_scope_mismatch
NET-09515,consent_scope_mismatch
NET-09516,device_session_mismatch
NET-09517,consent_scope_mismatch
NET-09518,consent_scope_mismatch
NET-09519,device_session_mismatch
NET-09520,device_session_mismatch
NET-09521,device_session_mismatch
NET-09522,device_session_mismatch
NET-09523,device_session_mismatch
NET-09524,device_session_mismatch
NET-09525,consent_scope_mismatch
NET-09526,device_session_mismatch
NET-09527,device_session_mismatch
NET-09528,device_session_mismatch
NET-09529,device_session_mismatch
NET-09530,consent_scope_mismatch
NET-09531,device_session_mismatch
NET-09532,device_session_mismatch
NET-09533,device_session_mismatch
NET-09534,consent_scope_mismatch
NET-09535,device_session_mismatch
NET-09536,consent_scope_mismatch
NET-09537,consent_scope_mismatch
NET-09538,consent_scope_mismatch
NET-09539,device_session_mismatch
NET-09540,consent_scope_mismatch
NET-09541,device_session_mismatch
NET-09542,device_session_mismatch
NET-09543,device_session_mismatch
NET-09544,device_session_mismatch
NET-09545,device_session_mismatch
NET-09546,device_session_mismatch
NET-09547,device_session_mismatch
NET-09548,device_session_mismatch
NET-09549,device_session_mismatch
NET-09550,device_session_mismatch
NET-09551,device_session_mismatch
NET-09553,consent_scope_mismatch
NET-09554,consent_scope_mismatch
NET-09555,consent_scope_mismatch
NET-09556,device_session_mismatch
NET-09557,consent_scope_mismatch
NET-09558,device_session_mismatch
NET-09559,device_session_mismatch
NET-09560,device_session_mismatch
NET-09561,device_session_mismatch
NET-09562,consent_scope_mismatch
NET-09563,consent_scope_mismatch
NET-09564,device_session_mismatch
NET-09565,device_session_mismatch
NET-09566,device_session_mismatch
NET-09567,consent_scope_mismatch
NET-09568,device_session_mismatch
NET-09569,device_session_mismatch
NET-09570,consent_scope_mismatch
NET-09571,device_session_mismatch
NET-09572,device_session_mismatch
NET-09573,device_session_mismatch
NET-09574,device_session_mismatch
NET-09575,device_session_mismatch
NET-09576,device_session_mismatch
NET-09577,device_session_mismatch
NET-09578,device_session_mismatch
NET-09579,device_session_mismatch
NET-09580,device_session_mismatch
NET-09581,device_session_mismatch
NET-09582,device_session_mismatch
NET-09583,device_session_mismatch
NET-09584,device_session_mismatch
NET-09585,device_session_mismatch
NET-09586,consent_scope_mismatch
NET-09587,device_session_mismatch
NET-09588,consent_scope_mismatch
NET-09589,device_session_mismatch
NET-09590,consent_scope_mismatch
NET-09591,device_session_mismatch
NET-09592,device_session_mismatch
NET-09593,consent_scope_mismatch
NET-09594,device_session_mismatch
NET-09595,device_session_mismatch
NET-09596,consent_scope_mismatch
NET-09597,device_session_mismatch
NET-09598,consent_scope_mismatch
NET-09599,device_session_mismatch
NET-09600,consent_scope_mismatch
NET-09601,device_session_mismatch
NET-09602,device_session_mismatch
NET-09603,device_session_mismatch
NET-09604,consent_scope_mismatch
NET-09605,device_session_mismatch
NET-09606,device_session_mismatch
NET-09607,device_session_mismatch
NET-09608,device_session_mismatch
NET-09609,device_session_mismatch
NET-09610,device_session_mismatch
NET-09611,device_session_mismatch
NET-09612,device_session_mismatch
NET-09613,device_session_mismatch
NET-09614,device_session_mismatch
NET-09615,device_session_mismatch
NET-09616,device_session_mismatch
NET-09617,device_session_mismatch
NET-09618,device_session_mismatch
NET-09619,device_session_mismatch
NET-09620,device_session_mismatch
NET-09621,device_session_mismatch
NET-09622,consent_scope_mismatch
NET-09623,device_session_mismatch
NET-09624,device_session_mismatch
NET-09625,device_session_mismatch
NET-09626,device_session_mismatch
NET-09627,consent_scope_mismatch
NET-09628,device_session_mismatch
NET-09629,consent_scope_mismatch
NET-09630,device_session_mismatch
NET-09631,device_session_mismatch
NET-09632,device_session_mismatch
NET-09633,consent_scope_mismatch
NET-09634,device_session_mismatch
NET-09635,consent_scope_mismatch
NET-09636,device_session_mismatch
NET-09637,device_session_mismatch
NET-09638,device_session_mismatch
NET-09639,device_session_mismatch
NET-09640,consent_scope_mismatch
NET-09641,consent_scope_mismatch
NET-09642,device_session_mismatch
NET-09643,device_session_mismatch
NET-09644,device_session_mismatch
NET-09645,consent_scope_mismatch
NET-09646,device_session_mismatch
NET-09647,device_session_mismatch
NET-09648,device_session_mismatch
NET-09649,device_session_mismatch
NET-09650,device_session_mismatch
NET-09651,device_session_mismatch
NET-09652,device_session_mismatch
NET-09653,device_session_mismatch
NET-09654,device_session_mismatch
NET-09655,device_session_mismatch
NET-09656,device_session_mismatch
NET-09657,device_session_mismatch
NET-09658,device_session_mismatch
NET-09659,device_session_mismatch
NET-09660,device_session_mismatch
NET-09661,consent_scope_mismatch
NET-09662,consent_scope_mismatch
NET-09663,consent_scope_mismatch
NET-09664,device_session_mismatch
NET-09665,device_session_mismatch
NET-09666,consent_scope_mismatch
NET-09667,device_session_mismatch
NET-09668,device_session_mismatch
NET-09669,device_session_mismatch
NET-09670,device_session_mismatch
NET-09671,device_session_mismatch
NET-09672,device_session_mismatch
NET-09673,device_session_mismatch
NET-09674,device_session_mismatch
NET-09676,consent_scope_mismatch
NET-09677,device_session_mismatch
NET-09678,consent_scope_mismatch
NET-09679,consent_scope_mismatch
NET-09680,device_session_mismatch
NET-09681,device_session_mismatch
NET-09682,device_session_mismatch
NET-09683,consent_scope_mismatch
NET-09684,device_session_mismatch
NET-09685,device_session_mismatch
NET-09686,consent_scope_mismatch
NET-09687,consent_scope_mismatch
NET-09688,device_session_mismatch
NET-09689,device_session_mismatch
NET-09690,device_session_mismatch
NET-09691,device_session_mismatch
NET-09692,device_session_mismatch
NET-09693,device_session_mismatch
NET-09694,consent_scope_mismatch
NET-09695,device_session_mismatch
NET-09696,consent_scope_mismatch
NET-09697,device_session_mismatch
NET-09698,consent_scope_mismatch
NET-09699,device_session_mismatch
NET-09700,consent_scope_mismatch
NET-09701,device_session_mismatch
NET-09702,device_session_mismatch
NET-09703,device_session_mismatch
NET-09704,consent_scope_mismatch
NET-09705,consent_scope_mismatch
NET-09706,device_session_mismatch
NET-09707,device_session_mismatch
NET-09708,device_session_mismatch
NET-09709,device_session_mismatch
NET-09710,consent_scope_mismatch
NET-09711,device_session_mismatch
NET-09712,consent_scope_mismatch
NET-09713,consent_scope_mismatch
NET-09714,device_session_mismatch
NET-09715,consent_scope_mismatch
NET-09716,consent_scope_mismatch
NET-09717,device_session_mismatch
NET-09718,consent_scope_mismatch
NET-09719,consent_scope_mismatch
NET-09720,device_session_mismatch
NET-09721,device_session_mismatch
NET-09722,device_session_mismatch
NET-09723,consent_scope_mismatch
NET-09724,consent_scope_mismatch
NET-09725,consent_scope_mismatch
NET-09726,consent_scope_mismatch
NET-09727,consent_scope_mismatch
NET-09728,device_session_mismatch
NET-09729,device_session_mismatch
NET-09730,device_session_mismatch
NET-09731,consent_scope_mismatch
NET-09732,device_session_mismatch
NET-09733,consent_scope_mismatch
NET-09734,device_session_mismatch
NET-09735,device_session_mismatch
NET-09736,device_session_mismatch
NET-09737,device_session_mismatch
NET-09738,device_session_mismatch
NET-09739,device_session_mismatch
NET-09740,consent_scope_mismatch
NET-09741,device_session_mismatch
NET-09742,device_session_mismatch
NET-09743,consent_scope_mismatch
NET-09744,device_session_mismatch
NET-09745,device_session_mismatch
NET-09746,device_session_mismatch
NET-09747,consent_scope_mismatch
NET-09748,device_session_mismatch
NET-09749,consent_scope_mismatch
NET-09750,device_session_mismatch
NET-09751,consent_scope_mismatch
NET-09752,device_session_mismatch
NET-09753,consent_scope_mismatch
NET-09754,consent_scope_mismatch
NET-09755,device_session_mismatch
NET-09756,consent_scope_mismatch
NET-09757,device_session_mismatch
NET-09758,device_session_mismatch
NET-09759,consent_scope_mismatch
NET-09760,device_session_mismatch
NET-09761,device_session_mismatch
NET-09762,consent_scope_mismatch
NET-09763,device_session_mismatch
NET-09764,device_session_mismatch
NET-09765,device_session_mismatch
NET-09766,device_session_mismatch
NET-09767,device_session_mismatch
NET-09768,device_session_mismatch
NET-09769,device_session_mismatch
NET-09770,device_session_mismatch
NET-09771,device_session_mismatch
NET-09772,device_session_mismatch
NET-09773,device_session_mismatch
NET-09774,device_session_mismatch
NET-09775,device_session_mismatch
NET-09776,device_session_mismatch
NET-09777,device_session_mismatch
NET-09778,device_session_mismatch
NET-09779,device_session_mismatch
NET-09780,device_session_mismatch
NET-09781,device_session_mismatch
NET-09782,consent_scope_mismatch
NET-09783,consent_scope_mismatch
NET-09784,consent_scope_mismatch
NET-09785,device_session_mismatch
NET-09786,device_session_mismatch
NET-09787,consent_scope_mismatch
NET-09788,device_session_mismatch
NET-09789,device_session_mismatch
NET-09790,device_session_mismatch
NET-09791,device_session_mismatch
NET-09792,device_session_mismatch
NET-09793,device_session_mismatch
NET-09794,consent_scope_mismatch
NET-09795,device_session_mismatch
NET-09796,device_session_mismatch
NET-09797,device_session_mismatch
NET-09798,device_session_mismatch
NET-09799,device_session_mismatch
NET-09800,device_session_mismatch
NET-09801,device_session_mismatch
NET-09802,device_session_mismatch
NET-09803,device_session_mismatch
NET-09804,device_session_mismatch
NET-09805,device_session_mismatch
NET-09806,device_session_mismatch
NET-09807,device_session_mismatch
NET-09808,device_session_mismatch
NET-09809,device_session_mismatch
NET-09810,device_session_mismatch
NET-09811,consent_scope_mismatch
NET-09812,device_session_mismatch
NET-09813,device_session_mismatch
NET-09814,device_session_mismatch
NET-09815,device_session_mismatch
NET-09816,consent_scope_mismatch
NET-09817,consent_scope_mismatch
NET-09818,device_session_mismatch
NET-09819,device_session_mismatch
NET-09820,consent_scope_mismatch
NET-09821,device_session_mismatch
NET-09822,device_session_mismatch
NET-09823,device_session_mismatch
NET-09824,device_session_mismatch
NET-09825,device_session_mismatch
NET-09826,device_session_mismatch
NET-09827,device_session_mismatch
NET-09828,device_session_mismatch
NET-09829,device_session_mismatch
NET-09830,device_session_mismatch
NET-09831,device_session_mismatch
NET-09832,device_session_mismatch
NET-09833,device_session_mismatch
NET-09834,consent_scope_mismatch
NET-09835,device_session_mismatch
NET-09836,device_session_mismatch
NET-09837,device_session_mismatch
NET-09838,device_session_mismatch
NET-09839,device_session_mismatch
NET-09840,device_session_mismatch
NET-09841,device_session_mismatch
NET-09842,consent_scope_mismatch
NET-09843,consent_scope_mismatch
NET-09844,device_session_mismatch
NET-09845,device_session_mismatch
NET-09846,device_session_mismatch
NET-09847,device_session_mismatch
NET-09848,device_session_mismatch
NET-09849,device_session_mismatch
NET-09850,device_session_mismatch
NET-09851,consent_scope_mismatch
NET-09852,consent_scope_mismatch
NET-09853,device_session_mismatch
NET-09854,consent_scope_mismatch
NET-09855,device_session_mismatch
NET-09856,consent_scope_mismatch
NET-09857,consent_scope_mismatch
NET-09858,device_session_mismatch
NET-09859,device_session_mismatch
NET-09860,device_session_mismatch
NET-09861,consent_scope_mismatch
NET-09862,consent_scope_mismatch
NET-09863,device_session_mismatch
NET-09864,device_session_mismatch
NET-09865,device_session_mismatch
NET-09866,device_session_mismatch
NET-09867,device_session_mismatch
NET-09868,device_session_mismatch
NET-09869,device_session_mismatch
NET-09870,device_session_mismatch
NET-09871,consent_scope_mismatch
NET-09872,device_session_mismatch
NET-09873,consent_scope_mismatch
NET-09874,device_session_mismatch
NET-09875,consent_scope_mismatch
NET-09876,consent_scope_mismatch
NET-09877,device_session_mismatch
NET-09878,device_session_mismatch
NET-09879,device_session_mismatch
NET-09880,consent_scope_mismatch
NET-09881,device_session_mismatch
NET-09882,device_session_mismatch
NET-09883,consent_scope_mismatch
NET-09884,device_session_mismatch
NET-09885,device_session_mismatch
NET-09886,device_session_mismatch
NET-09887,consent_scope_mismatch
NET-09888,device_session_mismatch
NET-09889,device_session_mismatch
NET-09890,device_session_mismatch
NET-09891,device_session_mismatch
NET-09892,device_session_mismatch
NET-09893,device_session_mismatch
NET-09894,device_session_mismatch
NET-09895,device_session_mismatch
NET-09896,device_session_mismatch
NET-09897,device_session_mismatch
NET-09898,device_session_mismatch
NET-09899,device_session_mismatch
NET-09900,device_session_mismatch
NET-09901,device_session_mismatch
NET-09902,device_session_mismatch
NET-09903,device_session_mismatch
NET-09904,device_session_mismatch
NET-09905,device_session_mismatch
NET-09906,consent_scope_mismatch
NET-09907,device_session_mismatch
NET-09908,consent_scope_mismatch
NET-09909,device_session_mismatch
NET-09910,device_session_mismatch
NET-09911,device_session_mismatch
NET-09912,device_session_mismatch
NET-09913,device_session_mismatch
NET-09914,device_session_mismatch
NET-09915,consent_scope_mismatch
NET-09916,device_session_mismatch
NET-09917,device_session_mismatch
NET-09918,device_session_mismatch
NET-09919,device_session_mismatch
NET-09920,device_session_mismatch
NET-09921,consent_scope_mismatch
NET-09922,device_session_mismatch
NET-09923,consent_scope_mismatch
NET-09924,device_session_mismatch
NET-09925,consent_scope_mismatch
NET-09926,consent_scope_mismatch
NET-09927,consent_scope_mismatch
NET-09928,device_session_mismatch
NET-09929,consent_scope_mismatch
NET-09930,device_session_mismatch
NET-09931,device_session_mismatch
NET-09932,device_session_mismatch
NET-09933,device_session_mismatch
NET-09934,consent_scope_mismatch
NET-09935,device_session_mismatch
NET-09936,device_session_mismatch
NET-09937,device_session_mismatch
NET-09938,consent_scope_mismatch
NET-09939,device_session_mismatch
NET-09940,consent_scope_mismatch
NET-09941,device_session_mismatch
NET-09942,device_session_mismatch
NET-09943,device_session_mismatch
NET-09944,device_session_mismatch
NET-09945,device_session_mismatch
NET-09946,device_session_mismatch
NET-09947,device_session_mismatch
NET-09948,device_session_mismatch
NET-09949,consent_scope_mismatch
NET-09950,device_session_mismatch
NET-09951,device_session_mismatch
NET-09952,consent_scope_mismatch
NET-09953,device_session_mismatch
NET-09954,device_session_mismatch
NET-09955,device_session_mismatch
NET-09956,consent_scope_mismatch
NET-09957,device_session_mismatch
NET-09958,consent_scope_mismatch
NET-09959,consent_scope_mismatch
NET-09960,device_session_mismatch
NET-09961,device_session_mismatch
NET-09962,device_session_mismatch
NET-09963,device_session_mismatch
NET-09964,device_session_mismatch
NET-09965,device_session_mismatch
NET-09966,consent_scope_mismatch
NET-09967,device_session_mismatch
NET-09968,device_session_mismatch
NET-09969,device_session_mismatch
NET-09970,consent_scope_mismatch
NET-09971,device_session_mismatch
NET-09972,device_session_mismatch
NET-09973,consent_scope_mismatch
NET-09974,device_session_mismatch
NET-09975,consent_scope_mismatch
NET-09976,device_session_mismatch
NET-09977,device_session_mismatch
NET-09978,device_session_mismatch
NET-09979,consent_scope_mismatch
NET-09980,device_session_mismatch
NET-09981,device_session_mismatch
NET-09982,device_session_mismatch
NET-09983,device_session_mismatch
NET-09984,consent_scope_mismatch
NET-09985,device_session_mismatch
NET-09986,device_session_mismatch
NET-09987,consent_scope_mismatch
NET-09988,device_session_mismatch
NET-09989,device_session_mismatch
NET-09990,device_session_mismatch
NET-09991,consent_scope_mismatch
NET-09992,device_session_mismatch
NET-09993,device_session_mismatch
NET-09994,device_session_mismatch
NET-09995,device_session_mismatch
NET-09996,device_session_mismatch
NET-09997,consent_scope_mismatch
NET-09998,device_session_mismatch
NET-09999,device_session_mismatch
