event_id,timestamp,native_label,device_id,session_id,consent_scope,episode_id
NET-00000,2026-01-01 00:00:13+00:00,0,IOMT-023,S-IOMT-023-0,EHR_READ,EP-IND-00000
NET-00001,2026-01-01 00:00:27+00:00,0,IOMT-042,S-IOMT-042-1,RESEARCH,EP-IND-00001
NET-00002,2026-01-01 00:00:40+00:00,0,IOMT-014,S-IOMT-014-2,RESEARCH,EP-IND-00002
NET-00003,2026-01-01 00:01:02+00:00,0,IOMT-020,S-IOMT-020-3,LAB_RESULTS,EP-IND-00003
NET-00004,2026-01-01 00:01:08+00:00,0,IOMT-030,S-IOMT-030-4,EHR_READ,EP-IND-00004
NET-00005,2026-01-01 00:01:11+00:00,0,IOMT-003,S-IOMT-003-5,EHR_WRITE,EP-IND-00005
NET-00006,2026-01-01 00:01:27+00:00,0,IOMT-007,S-IOMT-007-6,IMAGING,EP-IND-00006
NET-00007,2026-01-01 00:01:28+00:00,0,IOMT-017,S-IOMT-017-7,EHR_WRITE,EP-IND-00007
NET-00008,2026-01-01 00:01:32+00:00,0,IOMT-046,S-IOMT-046-8,LAB_RESULTS,EP-IND-00008
NET-00009,2026-01-01 00:01:52+00:00,1,IOMT-COORD-000,S-COORD-000,EHR_READ,EP-COORD-000
NET-00010,2026-01-01 00:01:54+00:00,0,IOMT-029,S-IOMT-029-10,LAB_RESULTS,EP-IND-00010
NET-00011,2026-01-01 00:01:55+00:00,0,IOMT-010,S-IOMT-010-11,RESEARCH,EP-IND-00011
NET-00012,2026-01-01 00:02:08+00:00,0,IOMT-034,S-IOMT-034-12,LAB_RESULTS,EP-IND-00012
NET-00013,2026-01-01 00:02:11+00:00,0,IOMT-009,S-IOMT-009-13,EHR_READ,EP-IND-00013
NET-00014,2026-01-01 00:02:13+00:00,0,IOMT-036,S-IOMT-036-14,EHR_READ,EP-IND-00014
NET-00015,2026-01-01 00:02:15+00:00,0,IOMT-032,S-IOMT-032-15,IMAGING,EP-IND-00015
NET-00016,2026-01-01 00:02:36+00:00,0,IOMT-004,S-IOMT-004-16,RESEARCH,EP-IND-00016
NET-00017,2026-01-01 00:02:47+00:00,0,IOMT-032,S-IOMT-032-17,EHR_WRITE,EP-IND-00017
NET-00018,2026-01-01 00:02:51+00:00,0,IOMT-026,S-IOMT-026-18,IMAGING,EP-IND-00018
NET-00019,2026-01-01 00:03:00+00:00,0,IOMT-040,S-IOMT-040-19,EHR_READ,EP-IND-00019
NET-00020,2026-01-01 00:03:00+00:00,0,IOMT-024,S-IOMT-024-20,EHR_READ,EP-IND-00020
NET-00021,2026-01-01 00:03:01+00:00,1,IOMT-COORD-001,S-COORD-001,EHR_WRITE,EP-COORD-001
NET-00022,2026-01-01 00:03:16+00:00,0,IOMT-028,S-IOMT-028-22,IMAGING,EP-IND-00022
NET-00023,2026-01-01 00:03:23+00:00,0,IOMT-013,S-IOMT-013-23,LAB_RESULTS,EP-IND-00023
NET-00024,2026-01-01 00:03:31+00:00,0,IOMT-040,S-IOMT-040-24,EHR_WRITE,EP-IND-00024
NET-00025,2026-01-01 00:03:33+00:00,0,IOMT-002,S-IOMT-002-25,EHR_WRITE,EP-IND-00025
NET-00026,2026-01-01 00:03:34+00:00,0,IOMT-010,S-IOMT-010-26,LAB_RESULTS,EP-IND-00026
NET-00027,2026-01-01 00:03:44+00:00,1,IOMT-COORD-002,S-COORD-002,IMAGING,EP-COORD-002
NET-00028,2026-01-01 00:03:45+00:00,0,IOMT-009,S-IOMT-009-28,EHR_WRITE,EP-IND-00028
NET-00029,2026-01-01 00:04:10+00:00,0,IOMT-036,S-IOMT-036-29,EHR_READ,EP-IND-00029
NET-00030,2026-01-01 00:04:23+00:00,0,IOMT-012,S-IOMT-012-30,EHR_WRITE,EP-IND-00030
NET-00031,2026-01-01 00:04:45+00:00,0,IOMT-004,S-IOMT-004-31,EHR_READ,EP-IND-00031
NET-00032,2026-01-01 00:04:50+00:00,0,IOMT-011,S-IOMT-011-32,EHR_WRITE,EP-IND-00032
NET-00033,2026-01-01 00:04:59+00:00,0,IOMT-006,S-IOMT-006-33,RESEARCH,EP-IND-00033
NET-00034,2026-01-01 00:05:02+00:00,0,IOMT-008,S-IOMT-008-34,EHR_WRITE,EP-IND-00034
NET-00035,2026-01-01 00:05:04+00:00,0,IOMT-039,S-IOMT-039-35,EHR_READ,EP-IND-00035
NET-00036,2026-01-01 00:05:11+00:00,0,IOMT-029,S-IOMT-029-36,EHR_READ,EP-IND-00036
NET-00037,2026-01-01 00:05:41+00:00,0,IOMT-034,S-IOMT-034-37,LAB_RESULTS,EP-IND-00037
NET-00038,2026-01-01 00:05:47+00:00,0,IOMT-028,S-IOMT-028-38,LAB_RESULTS,EP-IND-00038
NET-00039,2026-01-01 00:05:48+00:00,1,IOMT-COORD-003,S-COORD-003,LAB_RESULTS,EP-COORD-003
NET-00040,2026-01-01 00:05:55+00:00,0,IOMT-047,S-IOMT-047-40,RESEARCH,EP-IND-00040
NET-00041,2026-01-01 00:05:56+00:00,0,IOMT-002,S-IOMT-002-41,EHR_READ,EP-IND-00041
NET-00042,2026-01-01 00:06:03+00:00,0,IOMT-017,S-IOMT-017-42,EHR_WRITE,EP-IND-00042
NET-00043,2026-01-01 00:06:08+00:00,0,IOMT-013,S-IOMT-013-43,LAB_RESULTS,EP-IND-00043
NET-00044,2026-01-01 00:06:13+00:00,0,IOMT-020,S-IOMT-020-44,LAB_RESULTS,EP-IND-00044
NET-00045,2026-01-01 00:06:19+00:00,0,IOMT-043,S-IOMT-043-45,EHR_WRITE,EP-IND-00045
NET-00046,2026-01-01 00:06:20+00:00,0,IOMT-004,S-IOMT-004-46,IMAGING,EP-IND-00046
NET-00047,2026-01-01 00:06:23+00:00,0,IOMT-041,S-IOMT-041-47,EHR_WRITE,EP-IND-00047
NET-00048,2026-01-01 00:06:44+00:00,0,IOMT-003,S-IOMT-003-48,EHR_READ,EP-IND-00048
NET-00049,2026-01-01 00:06:48+00:00,0,IOMT-008,S-IOMT-008-49,RESEARCH,EP-IND-00049
NET-00050,2026-01-01 00:06:53+00:00,0,IOMT-049,S-IOMT-049-50,EHR_WRITE,EP-IND-00050
NET-00051,2026-01-01 00:06:58+00:00,0,IOMT-042,S-IOMT-042-51,EHR_WRITE,EP-IND-00051
NET-00052,2026-01-01 00:07:04+00:00,0,IOMT-023,S-IOMT-023-52,IMAGING,EP-IND-00052
NET-00053,2026-01-01 00:07:06+00:00,0,IOMT-039,S-IOMT-039-53,IMAGING,EP-IND-00053
NET-00054,2026-01-01 00:07:12+00:00,0,IOMT-041,S-IOMT-041-54,IMAGING,EP-IND-00054
NET-00055,2026-01-01 00:07:19+00:00,0,IOMT-024,S-IOMT-024-55,RESEARCH,EP-IND-00055
NET-00056,2026-01-01 00:07:21+00:00,0,IOMT-047,S-IOMT-047-56,IMAGING,EP-IND-00056
NET-00057,2026-01-01 00:07:28+00:00,0,IOMT-031,S-IOMT-031-57,RESEARCH,EP-IND-00057
NET-00058,2026-01-01 00:07:41+00:00,0,IOMT-047,S-IOMT-047-58,IMAGING,EP-IND-00058
NET-00059,2026-01-01 00:08:03+00:00,0,IOMT-034,S-IOMT-034-59,EHR_WRITE,EP-IND-00059
NET-00060,2026-01-01 00:08:04+00:00,0,IOMT-030,S-IOMT-030-60,LAB_RESULTS,EP-IND-00060
NET-00061,2026-01-01 00:08:14+00:00,0,IOMT-044,S-IOMT-044-61,IMAGING,EP-IND-00061
NET-00062,2026-01-01 00:08:19+00:00,0,IOMT-023,S-IOMT-023-62,LAB_RESULTS,EP-IND-00062
NET-00063,2026-01-01 00:08:29+00:00,0,IOMT-010,S-IOMT-010-63,EHR_WRITE,EP-IND-00063
NET-00064,2026-01-01 00:08:44+00:00,0,IOMT-013,S-IOMT-013-64,EHR_WRITE,EP-IND-00064
NET-00065,2026-01-01 00:08:50+00:00,1,IOMT-COORD-004,S-COORD-004,RESEARCH,EP-COORD-004
NET-00066,2026-01-01 00:08:52+00:00,0,IOMT-020,S-IOMT-020-66,EHR_READ,EP-IND-00066
NET-00067,2026-01-01 00:09:12+00:00,0,IOMT-009,S-IOMT-009-67,LAB_RESULTS,EP-IND-00067
NET-00068,2026-01-01 00:09:28+00:00,0,IOMT-035,S-IOMT-035-68,RESEARCH,EP-IND-00068
NET-00069,2026-01-01 00:09:42+00:00,0,IOMT-041,S-IOMT-041-69,EHR_READ,EP-IND-00069
NET-00070,2026-01-01 00:09:44+00:00,0,IOMT-017,S-IOMT-017-70,LAB_RESULTS,EP-IND-00070
NET-00071,2026-01-01 00:09:53+00:00,0,IOMT-033,S-IOMT-033-71,LAB_RESULTS,EP-IND-00071
NET-00072,2026-01-01 00:09:53+00:00,0,IOMT-018,S-IOMT-018-72,EHR_READ,EP-IND-00072
NET-00073,2026-01-01 00:09:54+00:00,0,IOMT-009,S-IOMT-009-73,EHR_WRITE,EP-IND-00073
NET-00074,2026-01-01 00:10:21+00:00,0,IOMT-027,S-IOMT-027-74,EHR_WRITE,EP-IND-00074
NET-00075,2026-01-01 00:10:21+00:00,0,IOMT-049,S-IOMT-049-75,EHR_READ,EP-IND-00075
NET-00076,2026-01-01 00:10:28+00:00,0,IOMT-019,S-IOMT-019-76,IMAGING,EP-IND-00076
NET-00077,2026-01-01 00:10:40+00:00,0,IOMT-020,S-IOMT-020-77,IMAGING,EP-IND-00077
NET-00078,2026-01-01 00:10:40+00:00,0,IOMT-035,S-IOMT-035-78,EHR_WRITE,EP-IND-00078
NET-00079,2026-01-01 00:10:46+00:00,0,IOMT-037,S-IOMT-037-79,LAB_RESULTS,EP-IND-00079
NET-00080,2026-01-01 00:10:50+00:00,0,IOMT-021,S-IOMT-021-80,LAB_RESULTS,EP-IND-00080
NET-00081,2026-01-01 00:10:54+00:00,0,IOMT-030,S-IOMT-030-81,EHR_READ,EP-IND-00081
NET-00082,2026-01-01 00:11:02+00:00,0,IOMT-030,S-IOMT-030-82,EHR_WRITE,EP-IND-00082
NET-00083,2026-01-01 00:11:02+00:00,1,IOMT-COORD-005,S-COORD-005,EHR_READ,EP-COORD-005
NET-00084,2026-01-01 00:11:11+00:00,0,IOMT-044,S-IOMT-044-84,EHR_READ,EP-IND-00084
NET-00085,2026-01-01 00:11:18+00:00,0,IOMT-028,S-IOMT-028-85,EHR_WRITE,EP-IND-00085
NET-00086,2026-01-01 00:11:19+00:00,0,IOMT-008,S-IOMT-008-86,EHR_READ,EP-IND-00086
NET-00087,2026-01-01 00:11:21+00:00,0,IOMT-036,S-IOMT-036-87,IMAGING,EP-IND-00087
NET-00088,2026-01-01 00:11:32+00:00,0,IOMT-030,S-IOMT-030-88,EHR_READ,EP-IND-00088
NET-00089,2026-01-01 00:11:42+00:00,0,IOMT-020,S-IOMT-020-89,RESEARCH,EP-IND-00089
NET-00090,2026-01-01 00:11:47+00:00,0,IOMT-030,S-IOMT-030-90,LAB_RESULTS,EP-IND-00090
NET-00091,2026-01-01 00:12:37+00:00,0,IOMT-022,S-IOMT-022-91,RESEARCH,EP-IND-00091
NET-00092,2026-01-01 00:12:38+00:00,0,IOMT-027,S-IOMT-027-92,RESEARCH,EP-IND-00092
NET-00093,2026-01-01 00:12:42+00:00,0,IOMT-017,S-IOMT-017-93,LAB_RESULTS,EP-IND-00093
NET-00094,2026-01-01 00:12:43+00:00,0,IOMT-005,S-IOMT-005-94,IMAGING,EP-IND-00094
NET-00095,2026-01-01 00:13:04+00:00,0,IOMT-028,S-IOMT-028-95,EHR_WRITE,EP-IND-00095
NET-00096,2026-01-01 00:13:21+00:00,0,IOMT-028,S-IOMT-028-96,IMAGING,EP-IND-00096
NET-00097,2026-01-01 00:13:32+00:00,0,IOMT-049,S-IOMT-049-97,RESEARCH,EP-IND-00097
NET-00098,2026-01-01 00:13:43+00:00,0,IOMT-021,S-IOMT-021-98,EHR_WRITE,EP-IND-00098
NET-00099,2026-01-01 00:13:53+00:00,0,IOMT-019,S-IOMT-019-99,RESEARCH,EP-IND-00099
NET-00100,2026-01-01 00:14:02+00:00,0,IOMT-008,S-IOMT-008-100,LAB_RESULTS,EP-IND-00100
NET-00101,2026-01-01 00:14:22+00:00,0,IOMT-031,S-IOMT-031-101,LAB_RESULTS,EP-IND-00101
NET-00102,2026-01-01 00:14:35+00:00,0,IOMT-001,S-IOMT-001-102,EHR_READ,EP-IND-00102
NET-00103,2026-01-01 00:14:45+00:00,0,IOMT-020,S-IOMT-020-103,LAB_RESULTS,EP-IND-00103
NET-00104,2026-01-01 00:15:13+00:00,0,IOMT-003,S-IOMT-003-104,LAB_RESULTS,EP-IND-00104
NET-00105,2026-01-01 00:15:36+00:00,0,IOMT-042,S-IOMT-042-105,IMAGING,EP-IND-00105
NET-00106,2026-01-01 00:15:39+00:00,0,IOMT-027,S-IOMT-027-106,LAB_RESULTS,EP-IND-00106
NET-00107,2026-01-01 00:15:40+00:00,0,IOMT-047,S-IOMT-047-107,IMAGING,EP-IND-00107
NET-00108,2026-01-01 00:15:49+00:00,0,IOMT-046,S-IOMT-046-108,IMAGING,EP-IND-00108
NET-00109,2026-01-01 00:16:03+00:00,0,IOMT-015,S-IOMT-015-109,RESEARCH,EP-IND-00109
NET-00110,2026-01-01 00:16:07+00:00,0,IOMT-030,S-IOMT-030-110,RESEARCH,EP-IND-00110
NET-00111,2026-01-01 00:16:14+00:00,0,IOMT-044,S-IOMT-044-111,IMAGING,EP-IND-00111
NET-00112,2026-01-01 00:16:17+00:00,0,IOMT-000,S-IOMT-000-112,EHR_READ,EP-IND-00112
NET-00113,2026-01-01 00:16:24+00:00,0,IOMT-046,S-IOMT-046-113,IMAGING,EP-IND-00113
NET-00114,2026-01-01 00:16:47+00:00,0,IOMT-029,S-IOMT-029-114,EHR_READ,EP-IND-00114
NET-00115,2026-01-01 00:16:54+00:00,0,IOMT-037,S-IOMT-037-115,EHR_WRITE,EP-IND-00115
NET-00116,2026-01-01 00:17:00+00:00,0,IOMT-036,S-IOMT-036-116,RESEARCH,EP-IND-00116
NET-00117,2026-01-01 00:17:03+00:00,0,IOMT-009,S-IOMT-009-117,EHR_WRITE,EP-IND-00117
NET-00118,2026-01-01 00:17:03+00:00,0,IOMT-041,S-IOMT-041-118,IMAGING,EP-IND-00118
NET-00119,2026-01-01 00:17:10+00:00,0,IOMT-025,S-IOMT-025-119,IMAGING,EP-IND-00119
NET-00120,2026-01-01 00:17:10+00:00,0,IOMT-021,S-IOMT-021-120,LAB_RESULTS,EP-IND-00120
NET-00121,2026-01-01 00:17:16+00:00,1,IOMT-COORD-006,S-COORD-006,EHR_WRITE,EP-COORD-006
NET-00122,2026-01-01 00:17:28+00:00,0,IOMT-016,S-IOMT-016-122,IMAGING,EP-IND-00122
NET-00123,2026-01-01 00:17:32+00:00,0,IOMT-031,S-IOMT-031-123,EHR_WRITE,EP-IND-00123
NET-00124,2026-01-01 00:17:39+00:00,0,IOMT-007,S-IOMT-007-124,IMAGING,EP-IND-00124
NET-00125,2026-01-01 00:17:40+00:00,1,IOMT-COORD-007,S-COORD-007,IMAGING,EP-COORD-007
NET-00126,2026-01-01 00:17:43+00:00,0,IOMT-023,S-IOMT-023-126,RESEARCH,EP-IND-00126
NET-00127,2026-01-01 00:17:45+00:00,0,IOMT-005,S-IOMT-005-127,IMAGING,EP-IND-00127
NET-00128,2026-01-01 00:17:53+00:00,0,IOMT-047,S-IOMT-047-128,IMAGING,EP-IND-00128
NET-00129,2026-01-01 00:17:54+00:00,1,IOMT-COORD-008,S-COORD-008,LAB_RESULTS,EP-COORD-008
NET-00130,2026-01-01 00:17:56+00:00,0,IOMT-010,S-IOMT-010-130,EHR_READ,EP-IND-00130
NET-00131,2026-01-01 00:18:23+00:00,0,IOMT-031,S-IOMT-031-131,EHR_READ,EP-IND-00131
NET-00132,2026-01-01 00:18:23+00:00,0,IOMT-005,S-IOMT-005-132,IMAGING,EP-IND-00132
NET-00133,2026-01-01 00:18:40+00:00,0,IOMT-048,S-IOMT-048-133,EHR_READ,EP-IND-00133
NET-00134,2026-01-01 00:18:59+00:00,0,IOMT-020,S-IOMT-020-134,LAB_RESULTS,EP-IND-00134
NET-00135,2026-01-01 00:19:20+00:00,1,IOMT-COORD-009,S-COORD-009,RESEARCH,EP-COORD-009
NET-00136,2026-01-01 00:19:25+00:00,0,IOMT-028,S-IOMT-028-136,IMAGING,EP-IND-00136
NET-00137,2026-01-01 00:19:27+00:00,0,IOMT-020,S-IOMT-020-137,LAB_RESULTS,EP-IND-00137
NET-00138,2026-01-01 00:19:46+00:00,0,IOMT-016,S-IOMT-016-138,EHR_READ,EP-IND-00138
NET-00139,2026-01-01 00:20:00+00:00,0,IOMT-017,S-IOMT-017-139,EHR_READ,EP-IND-00139
NET-00140,2026-01-01 00:20:17+00:00,0,IOMT-023,S-IOMT-023-140,IMAGING,EP-IND-00140
NET-00141,2026-01-01 00:20:20+00:00,0,IOMT-037,S-IOMT-037-141,LAB_RESULTS,EP-IND-00141
NET-00142,2026-01-01 00:20:27+00:00,0,IOMT-015,S-IOMT-015-142,RESEARCH,EP-IND-00142
NET-00143,2026-01-01 00:20:32+00:00,0,IOMT-049,S-IOMT-049-143,EHR_WRITE,EP-IND-00143
NET-00144,2026-01-01 00:20:34+00:00,0,IOMT-048,S-IOMT-048-144,IMAGING,EP-IND-00144
NET-00145,2026-01-01 00:20:52+00:00,0,IOMT-024,S-IOMT-024-145,EHR_WRITE,EP-IND-00145
NET-00146,2026-01-01 00:21:01+00:00,0,IOMT-029,S-IOMT-029-146,LAB_RESULTS,EP-IND-00146
NET-00147,2026-01-01 00:21:13+00:00,0,IOMT-017,S-IOMT-017-147,RESEARCH,EP-IND-00147
NET-00148,2026-01-01 00:21:26+00:00,0,IOMT-040,S-IOMT-040-148,EHR_WRITE,EP-IND-00148
NET-00149,2026-01-01 00:21:35+00:00,0,IOMT-016,S-IOMT-016-149,RESEARCH,EP-IND-00149
NET-00150,2026-01-01 00:21:41+00:00,0,IOMT-045,S-IOMT-045-150,RESEARCH,EP-IND-00150
NET-00151,2026-01-01 00:22:04+00:00,0,IOMT-023,S-IOMT-023-151,EHR_WRITE,EP-IND-00151
NET-00152,2026-01-01 00:22:07+00:00,0,IOMT-016,S-IOMT-016-152,IMAGING,EP-IND-00152
NET-00153,2026-01-01 00:22:15+00:00,0,IOMT-021,S-IOMT-021-153,IMAGING,EP-IND-00153
NET-00154,2026-01-01 00:22:18+00:00,0,IOMT-045,S-IOMT-045-154,EHR_READ,EP-IND-00154
NET-00155,2026-01-01 00:22:20+00:00,0,IOMT-030,S-IOMT-030-155,RESEARCH,EP-IND-00155
NET-00156,2026-01-01 00:22:43+00:00,0,IOMT-021,S-IOMT-021-156,RESEARCH,EP-IND-00156
NET-00157,2026-01-01 00:22:49+00:00,1,IOMT-COORD-010,S-COORD-010,EHR_READ,EP-COORD-010
NET-00158,2026-01-01 00:22:55+00:00,0,IOMT-027,S-IOMT-027-158,LAB_RESULTS,EP-IND-00158
NET-00159,2026-01-01 00:23:06+00:00,0,IOMT-020,S-IOMT-020-159,RESEARCH,EP-IND-00159
NET-00160,2026-01-01 00:23:24+00:00,0,IOMT-042,S-IOMT-042-160,EHR_READ,EP-IND-00160
NET-00161,2026-01-01 00:23:34+00:00,0,IOMT-043,S-IOMT-043-161,EHR_WRITE,EP-IND-00161
NET-00162,2026-01-01 00:23:53+00:00,0,IOMT-046,S-IOMT-046-162,EHR_WRITE,EP-IND-00162
NET-00163,2026-01-01 00:24:11+00:00,0,IOMT-023,S-IOMT-023-163,EHR_READ,EP-IND-00163
NET-00164,2026-01-01 00:24:16+00:00,0,IOMT-002,S-IOMT-002-164,RESEARCH,EP-IND-00164
NET-00165,2026-01-01 00:24:38+00:00,0,IOMT-024,S-IOMT-024-165,IMAGING,EP-IND-00165
NET-00166,2026-01-01 00:24:43+00:00,0,IOMT-048,S-IOMT-048-166,EHR_WRITE,EP-IND-00166
NET-00167,2026-01-01 00:24:59+00:00,0,IOMT-011,S-IOMT-011-167,RESEARCH,EP-IND-00167
NET-00168,2026-01-01 00:25:53+00:00,1,IOMT-COORD-011,S-COORD-011,EHR_WRITE,EP-COORD-011
NET-00169,2026-01-01 00:26:00+00:00,0,IOMT-046,S-IOMT-046-169,IMAGING,EP-IND-00169
NET-00170,2026-01-01 00:26:08+00:00,0,IOMT-037,S-IOMT-037-170,IMAGING,EP-IND-00170
NET-00171,2026-01-01 00:26:12+00:00,0,IOMT-014,S-IOMT-014-171,IMAGING,EP-IND-00171
NET-00172,2026-01-01 00:26:16+00:00,0,IOMT-028,S-IOMT-028-172,EHR_READ,EP-IND-00172
NET-00173,2026-01-01 00:26:20+00:00,0,IOMT-029,S-IOMT-029-173,LAB_RESULTS,EP-IND-00173
NET-00174,2026-01-01 00:26:25+00:00,0,IOMT-003,S-IOMT-003-174,LAB_RESULTS,EP-IND-00174
NET-00175,2026-01-01 00:26:35+00:00,0,IOMT-000,S-IOMT-000-175,EHR_READ,EP-IND-00175
NET-00176,2026-01-01 00:26:44+00:00,0,IOMT-008,S-IOMT-008-176,IMAGING,EP-IND-00176
NET-00177,2026-01-01 00:26:45+00:00,0,IOMT-035,S-IOMT-035-177,EHR_WRITE,EP-IND-00177
NET-00178,2026-01-01 00:26:47+00:00,0,IOMT-017,S-IOMT-017-178,LAB_RESULTS,EP-IND-00178
NET-00179,2026-01-01 00:27:19+00:00,0,IOMT-022,S-IOMT-022-179,LAB_RESULTS,EP-IND-00179
NET-00180,2026-01-01 00:27:22+00:00,0,IOMT-006,S-IOMT-006-180,RESEARCH,EP-IND-00180
NET-00181,2026-01-01 00:27:27+00:00,0,IOMT-024,S-IOMT-024-181,LAB_RESULTS,EP-IND-00181
NET-00182,2026-01-01 00:28:00+00:00,1,IOMT-COORD-012,S-COORD-012,IMAGING,EP-COORD-012
NET-00183,2026-01-01 00:28:05+00:00,0,IOMT-030,S-IOMT-030-183,RESEARCH,EP-IND-00183
NET-00184,2026-01-01 00:28:17+00:00,0,IOMT-018,S-IOMT-018-184,RESEARCH,EP-IND-00184
NET-00185,2026-01-01 00:28:27+00:00,0,IOMT-048,S-IOMT-048-185,EHR_READ,EP-IND-00185
NET-00186,2026-01-01 00:28:33+00:00,0,IOMT-049,S-IOMT-049-186,EHR_READ,EP-IND-00186
NET-00187,2026-01-01 00:28:40+00:00,0,IOMT-001,S-IOMT-001-187,EHR_READ,EP-IND-00187
NET-00188,2026-01-01 00:28:45+00:00,0,IOMT-024,S-IOMT-024-188,RESEARCH,EP-IND-00188
NET-00189,2026-01-01 00:28:46+00:00,0,IOMT-025,S-IOMT-025-189,LAB_RESULTS,EP-IND-00189
NET-00190,2026-01-01 00:28:56+00:00,0,IOMT-002,S-IOMT-002-190,LAB_RESULTS,EP-IND-00190
NET-00191,2026-01-01 00:29:00+00:00,0,IOMT-043,S-IOMT-043-191,IMAGING,EP-IND-00191
NET-00192,2026-01-01 00:29:09+00:00,0,IOMT-034,S-IOMT-034-192,RESEARCH,EP-IND-00192
NET-00193,2026-01-01 00:29:21+00:00,0,IOMT-020,S-IOMT-020-193,EHR_WRITE,EP-IND-00193
NET-00194,2026-01-01 00:29:30+00:00,0,IOMT-004,S-IOMT-004-194,LAB_RESULTS,EP-IND-00194
NET-00195,2026-01-01 00:29:35+00:00,0,IOMT-013,S-IOMT-013-195,IMAGING,EP-IND-00195
NET-00196,2026-01-01 00:30:09+00:00,0,IOMT-045,S-IOMT-045-196,LAB_RESULTS,EP-IND-00196
NET-00197,2026-01-01 00:30:09+00:00,0,IOMT-042,S-IOMT-042-197,EHR_WRITE,EP-IND-00197
NET-00198,2026-01-01 00:30:17+00:00,0,IOMT-038,S-IOMT-038-198,RESEARCH,EP-IND-00198
NET-00199,2026-01-01 00:30:32+00:00,0,IOMT-011,S-IOMT-011-199,EHR_READ,EP-IND-00199
NET-00200,2026-01-01 00:30:53+00:00,0,IOMT-045,S-IOMT-045-200,RESEARCH,EP-IND-00200
NET-00201,2026-01-01 00:30:59+00:00,0,IOMT-014,S-IOMT-014-201,IMAGING,EP-IND-00201
NET-00202,2026-01-01 00:31:02+00:00,0,IOMT-028,S-IOMT-028-202,LAB_RESULTS,EP-IND-00202
NET-00203,2026-01-01 00:31:22+00:00,0,IOMT-030,S-IOMT-030-203,IMAGING,EP-IND-00203
NET-00204,2026-01-01 00:31:28+00:00,0,IOMT-005,S-IOMT-005-204,EHR_WRITE,EP-IND-00204
NET-00205,2026-01-01 00:31:32+00:00,0,IOMT-004,S-IOMT-004-205,EHR_READ,EP-IND-00205
NET-00206,2026-01-01 00:31:37+00:00,0,IOMT-043,S-IOMT-043-206,RESEARCH,EP-IND-00206
NET-00207,2026-01-01 00:31:45+00:00,0,IOMT-043,S-IOMT-043-207,RESEARCH,EP-IND-00207
NET-00208,2026-01-01 00:32:01+00:00,0,IOMT-044,S-IOMT-044-208,RESEARCH,EP-IND-00208
NET-00209,2026-01-01 00:32:01+00:00,1,IOMT-COORD-013,S-COORD-013,LAB_RESULTS,EP-COORD-013
NET-00210,2026-01-01 00:32:01+00:00,0,IOMT-016,S-IOMT-016-210,EHR_READ,EP-IND-00210
NET-00211,2026-01-01 00:32:11+00:00,0,IOMT-024,S-IOMT-024-211,IMAGING,EP-IND-00211
NET-00212,2026-01-01 00:32:12+00:00,0,IOMT-046,S-IOMT-046-212,EHR_READ,EP-IND-00212
NET-00213,2026-01-01 00:32:44+00:00,0,IOMT-010,S-IOMT-010-213,EHR_READ,EP-IND-00213
NET-00214,2026-01-01 00:32:49+00:00,0,IOMT-046,S-IOMT-046-214,LAB_RESULTS,EP-IND-00214
NET-00215,2026-01-01 00:33:14+00:00,0,IOMT-037,S-IOMT-037-215,RESEARCH,EP-IND-00215
NET-00216,2026-01-01 00:33:23+00:00,0,IOMT-047,S-IOMT-047-216,EHR_READ,EP-IND-00216
NET-00217,2026-01-01 00:33:23+00:00,0,IOMT-002,S-IOMT-002-217,LAB_RESULTS,EP-IND-00217
NET-00218,2026-01-01 00:33:38+00:00,0,IOMT-044,S-IOMT-044-218,EHR_READ,EP-IND-00218
NET-00219,2026-01-01 00:33:51+00:00,0,IOMT-002,S-IOMT-002-219,LAB_RESULTS,EP-IND-00219
NET-00220,2026-01-01 00:34:10+00:00,0,IOMT-018,S-IOMT-018-220,RESEARCH,EP-IND-00220
NET-00221,2026-01-01 00:34:14+00:00,0,IOMT-044,S-IOMT-044-221,RESEARCH,EP-IND-00221
NET-00222,2026-01-01 00:34:33+00:00,1,IOMT-COORD-014,S-COORD-014,RESEARCH,EP-COORD-014
NET-00223,2026-01-01 00:34:35+00:00,0,IOMT-030,S-IOMT-030-223,LAB_RESULTS,EP-IND-00223
NET-00224,2026-01-01 00:34:37+00:00,0,IOMT-032,S-IOMT-032-224,IMAGING,EP-IND-00224
NET-00225,2026-01-01 00:34:43+00:00,0,IOMT-036,S-IOMT-036-225,IMAGING,EP-IND-00225
NET-00226,2026-01-01 00:34:53+00:00,0,IOMT-012,S-IOMT-012-226,EHR_WRITE,EP-IND-00226
NET-00227,2026-01-01 00:35:01+00:00,0,IOMT-043,S-IOMT-043-227,EHR_READ,EP-IND-00227
NET-00228,2026-01-01 00:35:23+00:00,0,IOMT-030,S-IOMT-030-228,EHR_WRITE,EP-IND-00228
NET-00229,2026-01-01 00:35:37+00:00,0,IOMT-038,S-IOMT-038-229,LAB_RESULTS,EP-IND-00229
NET-00230,2026-01-01 00:36:00+00:00,0,IOMT-026,S-IOMT-026-230,EHR_WRITE,EP-IND-00230
NET-00231,2026-01-01 00:36:01+00:00,0,IOMT-033,S-IOMT-033-231,RESEARCH,EP-IND-00231
NET-00232,2026-01-01 00:36:04+00:00,0,IOMT-002,S-IOMT-002-232,EHR_WRITE,EP-IND-00232
NET-00233,2026-01-01 00:36:06+00:00,0,IOMT-035,S-IOMT-035-233,IMAGING,EP-IND-00233
NET-00234,2026-01-01 00:36:07+00:00,1,IOMT-COORD-015,S-COORD-015,EHR_READ,EP-COORD-015
NET-00235,2026-01-01 00:36:16+00:00,0,IOMT-032,S-IOMT-032-235,IMAGING,EP-IND-00235
NET-00236,2026-01-01 00:36:16+00:00,0,IOMT-030,S-IOMT-030-236,LAB_RESULTS,EP-IND-00236
NET-00237,2026-01-01 00:36:19+00:00,0,IOMT-039,S-IOMT-039-237,LAB_RESULTS,EP-IND-00237
NET-00238,2026-01-01 00:36:22+00:00,1,IOMT-COORD-016,S-COORD-016,EHR_WRITE,EP-COORD-016
NET-00239,2026-01-01 00:36:29+00:00,0,IOMT-038,S-IOMT-038-239,IMAGING,EP-IND-00239
NET-00240,2026-01-01 00:36:32+00:00,0,IOMT-028,S-IOMT-028-240,IMAGING,EP-IND-00240
NET-00241,2026-01-01 00:36:40+00:00,0,IOMT-047,S-IOMT-047-241,LAB_RESULTS,EP-IND-00241
NET-00242,2026-01-01 00:36:43+00:00,0,IOMT-010,S-IOMT-010-242,EHR_WRITE,EP-IND-00242
NET-00243,2026-01-01 00:37:00+00:00,0,IOMT-003,S-IOMT-003-243,EHR_WRITE,EP-IND-00243
NET-00244,2026-01-01 00:37:10+00:00,0,IOMT-002,S-IOMT-002-244,EHR_WRITE,EP-IND-00244
NET-00245,2026-01-01 00:37:12+00:00,0,IOMT-036,S-IOMT-036-245,IMAGING,EP-IND-00245
NET-00246,2026-01-01 00:37:17+00:00,0,IOMT-017,S-IOMT-017-246,IMAGING,EP-IND-00246
NET-00247,2026-01-01 00:37:18+00:00,0,IOMT-011,S-IOMT-011-247,RESEARCH,EP-IND-00247
NET-00248,2026-01-01 00:37:18+00:00,0,IOMT-001,S-IOMT-001-248,EHR_WRITE,EP-IND-00248
NET-00249,2026-01-01 00:37:54+00:00,0,IOMT-043,S-IOMT-043-249,RESEARCH,EP-IND-00249
NET-00250,2026-01-01 00:37:56+00:00,0,IOMT-000,S-IOMT-000-250,EHR_READ,EP-IND-00250
NET-00251,2026-01-01 00:37:56+00:00,0,IOMT-021,S-IOMT-021-251,EHR_WRITE,EP-IND-00251
NET-00252,2026-01-01 00:38:01+00:00,0,IOMT-043,S-IOMT-043-252,LAB_RESULTS,EP-IND-00252
NET-00253,2026-01-01 00:38:07+00:00,0,IOMT-012,S-IOMT-012-253,EHR_READ,EP-IND-00253
NET-00254,2026-01-01 00:38:11+00:00,0,IOMT-028,S-IOMT-028-254,LAB_RESULTS,EP-IND-00254
NET-00255,2026-01-01 00:38:11+00:00,0,IOMT-045,S-IOMT-045-255,EHR_WRITE,EP-IND-00255
NET-00256,2026-01-01 00:38:25+00:00,0,IOMT-047,S-IOMT-047-256,RESEARCH,EP-IND-00256
NET-00257,2026-01-01 00:38:31+00:00,0,IOMT-003,S-IOMT-003-257,IMAGING,EP-IND-00257
NET-00258,2026-01-01 00:38:55+00:00,0,IOMT-002,S-IOMT-002-258,LAB_RESULTS,EP-IND-00258
NET-00259,2026-01-01 00:38:56+00:00,0,IOMT-006,S-IOMT-006-259,RESEARCH,EP-IND-00259
NET-00260,2026-01-01 00:39:31+00:00,0,IOMT-009,S-IOMT-009-260,IMAGING,EP-IND-00260
NET-00261,2026-01-01 00:39:38+00:00,0,IOMT-019,S-IOMT-019-261,RESEARCH,EP-IND-00261
NET-00262,2026-01-01 00:39:41+00:00,0,IOMT-019,S-IOMT-019-262,LAB_RESULTS,EP-IND-00262
NET-00263,2026-01-01 00:39:53+00:00,0,IOMT-002,S-IOMT-002-263,EHR_WRITE,EP-IND-00263
NET-00264,2026-01-01 00:40:09+00:00,0,IOMT-027,S-IOMT-027-264,RESEARCH,EP-IND-00264
NET-00265,2026-01-01 00:40:15+00:00,0,IOMT-005,S-IOMT-005-265,RESEARCH,EP-IND-00265
NET-00266,2026-01-01 00:40:18+00:00,0,IOMT-024,S-IOMT-024-266,RESEARCH,EP-IND-00266
NET-00267,2026-01-01 00:40:29+00:00,0,IOMT-011,S-IOMT-011-267,EHR_READ,EP-IND-00267
NET-00268,2026-01-01 00:40:31+00:00,0,IOMT-022,S-IOMT-022-268,EHR_WRITE,EP-IND-00268
NET-00269,2026-01-01 00:40:34+00:00,0,IOMT-027,S-IOMT-027-269,IMAGING,EP-IND-00269
NET-00270,2026-01-01 00:40:35+00:00,0,IOMT-030,S-IOMT-030-270,RESEARCH,EP-IND-00270
NET-00271,2026-01-01 00:40:52+00:00,0,IOMT-023,S-IOMT-023-271,EHR_WRITE,EP-IND-00271
NET-00272,2026-01-01 00:41:00+00:00,0,IOMT-010,S-IOMT-010-272,EHR_WRITE,EP-IND-00272
NET-00273,2026-01-01 00:41:02+00:00,0,IOMT-028,S-IOMT-028-273,RESEARCH,EP-IND-00273
NET-00274,2026-01-01 00:41:04+00:00,0,IOMT-043,S-IOMT-043-274,RESEARCH,EP-IND-00274
NET-00275,2026-01-01 00:41:11+00:00,0,IOMT-006,S-IOMT-006-275,RESEARCH,EP-IND-00275
NET-00276,2026-01-01 00:41:12+00:00,1,IOMT-COORD-017,S-COORD-017,IMAGING,EP-COORD-017
NET-00277,2026-01-01 00:41:14+00:00,0,IOMT-012,S-IOMT-012-277,LAB_RESULTS,EP-IND-00277
NET-00278,2026-01-01 00:41:34+00:00,0,IOMT-008,S-IOMT-008-278,RESEARCH,EP-IND-00278
NET-00279,2026-01-01 00:41:38+00:00,1,IOMT-COORD-018,S-COORD-018,LAB_RESULTS,EP-COORD-018
NET-00280,2026-01-01 00:41:41+00:00,0,IOMT-000,S-IOMT-000-280,EHR_WRITE,EP-IND-00280
NET-00281,2026-01-01 00:41:42+00:00,0,IOMT-045,S-IOMT-045-281,IMAGING,EP-IND-00281
NET-00282,2026-01-01 00:42:03+00:00,0,IOMT-006,S-IOMT-006-282,RESEARCH,EP-IND-00282
NET-00283,2026-01-01 00:42:06+00:00,0,IOMT-038,S-IOMT-038-283,IMAGING,EP-IND-00283
NET-00284,2026-01-01 00:42:19+00:00,0,IOMT-025,S-IOMT-025-284,EHR_READ,EP-IND-00284
NET-00285,2026-01-01 00:42:20+00:00,1,IOMT-COORD-019,S-COORD-019,RESEARCH,EP-COORD-019
NET-00286,2026-01-01 00:42:22+00:00,0,IOMT-019,S-IOMT-019-286,IMAGING,EP-IND-00286
NET-00287,2026-01-01 00:42:28+00:00,0,IOMT-012,S-IOMT-012-287,RESEARCH,EP-IND-00287
NET-00288,2026-01-01 00:42:28+00:00,0,IOMT-009,S-IOMT-009-288,LAB_RESULTS,EP-IND-00288
NET-00289,2026-01-01 00:42:33+00:00,0,IOMT-002,S-IOMT-002-289,RESEARCH,EP-IND-00289
NET-00290,2026-01-01 00:42:49+00:00,0,IOMT-040,S-IOMT-040-290,LAB_RESULTS,EP-IND-00290
NET-00291,2026-01-01 00:42:55+00:00,0,IOMT-034,S-IOMT-034-291,EHR_WRITE,EP-IND-00291
NET-00292,2026-01-01 00:43:09+00:00,0,IOMT-004,S-IOMT-004-292,LAB_RESULTS,EP-IND-00292
NET-00293,2026-01-01 00:43:18+00:00,0,IOMT-041,S-IOMT-041-293,LAB_RESULTS,EP-IND-00293
NET-00294,2026-01-01 00:43:18+00:00,0,IOMT-043,S-IOMT-043-294,RESEARCH,EP-IND-00294
NET-00295,2026-01-01 00:43:36+00:00,0,IOMT-011,S-IOMT-011-295,LAB_RESULTS,EP-IND-00295
NET-00296,2026-01-01 00:43:40+00:00,0,IOMT-035,S-IOMT-035-296,LAB_RESULTS,EP-IND-00296
NET-00297,2026-01-01 00:43:43+00:00,0,IOMT-026,S-IOMT-026-297,RESEARCH,EP-IND-00297
NET-00298,2026-01-01 00:43:55+00:00,0,IOMT-023,S-IOMT-023-298,LAB_RESULTS,EP-IND-00298
NET-00299,2026-01-01 00:44:08+00:00,0,IOMT-041,S-IOMT-041-299,RESEARCH,EP-IND-00299
NET-00300,2026-01-01 00:44:10+00:00,0,IOMT-011,S-IOMT-011-300,LAB_RESULTS,EP-IND-00300
NET-00301,2026-01-01 00:44:18+00:00,0,IOMT-036,S-IOMT-036-301,IMAGING,EP-IND-00301
NET-00302,2026-01-01 00:44:22+00:00,0,IOMT-023,S-IOMT-023-302,RESEARCH,EP-IND-00302
NET-00303,2026-01-01 00:44:31+00:00,1,IOMT-COORD-020,S-COORD-020,EHR_READ,EP-COORD-020
NET-00304,2026-01-01 00:44:31+00:00,0,IOMT-028,S-IOMT-028-304,IMAGING,EP-IND-00304
NET-00305,2026-01-01 00:44:38+00:00,0,IOMT-013,S-IOMT-013-305,EHR_WRITE,EP-IND-00305
NET-00306,2026-01-01 00:44:45+00:00,0,IOMT-016,S-IOMT-016-306,EHR_WRITE,EP-IND-00306
NET-00307,2026-01-01 00:44:58+00:00,0,IOMT-025,S-IOMT-025-307,EHR_READ,EP-IND-00307
NET-00308,2026-01-01 00:45:14+00:00,0,IOMT-014,S-IOMT-014-308,EHR_WRITE,EP-IND-00308
NET-00309,2026-01-01 00:45:18+00:00,0,IOMT-007,S-IOMT-007-309,EHR_WRITE,EP-IND-00309
NET-00310,2026-01-01 00:45:23+00:00,0,IOMT-006,S-IOMT-006-310,EHR_READ,EP-IND-00310
NET-00311,2026-01-01 00:45:42+00:00,0,IOMT-013,S-IOMT-013-311,EHR_WRITE,EP-IND-00311
NET-00312,2026-01-01 00:45:42+00:00,0,IOMT-006,S-IOMT-006-312,LAB_RESULTS,EP-IND-00312
NET-00313,2026-01-01 00:45:55+00:00,0,IOMT-046,S-IOMT-046-313,IMAGING,EP-IND-00313
NET-00314,2026-01-01 00:45:55+00:00,0,IOMT-040,S-IOMT-040-314,IMAGING,EP-IND-00314
NET-00315,2026-01-01 00:46:00+00:00,0,IOMT-029,S-IOMT-029-315,EHR_READ,EP-IND-00315
NET-00316,2026-01-01 00:46:15+00:00,0,IOMT-047,S-IOMT-047-316,IMAGING,EP-IND-00316
NET-00317,2026-01-01 00:46:19+00:00,0,IOMT-014,S-IOMT-014-317,LAB_RESULTS,EP-IND-00317
NET-00318,2026-01-01 00:46:21+00:00,0,IOMT-011,S-IOMT-011-318,IMAGING,EP-IND-00318
NET-00319,2026-01-01 00:46:24+00:00,0,IOMT-009,S-IOMT-009-319,LAB_RESULTS,EP-IND-00319
NET-00320,2026-01-01 00:46:27+00:00,0,IOMT-001,S-IOMT-001-320,EHR_WRITE,EP-IND-00320
NET-00321,2026-01-01 00:46:30+00:00,1,IOMT-COORD-021,S-COORD-021,EHR_WRITE,EP-COORD-021
NET-00322,2026-01-01 00:46:33+00:00,0,IOMT-044,S-IOMT-044-322,RESEARCH,EP-IND-00322
NET-00323,2026-01-01 00:46:45+00:00,0,IOMT-023,S-IOMT-023-323,IMAGING,EP-IND-00323
NET-00324,2026-01-01 00:47:29+00:00,0,IOMT-006,S-IOMT-006-324,RESEARCH,EP-IND-00324
NET-00325,2026-01-01 00:47:45+00:00,0,IOMT-047,S-IOMT-047-325,IMAGING,EP-IND-00325
NET-00326,2026-01-01 00:47:52+00:00,0,IOMT-038,S-IOMT-038-326,EHR_WRITE,EP-IND-00326
NET-00327,2026-01-01 00:47:57+00:00,0,IOMT-031,S-IOMT-031-327,EHR_WRITE,EP-IND-00327
NET-00328,2026-01-01 00:48:05+00:00,0,IOMT-048,S-IOMT-048-328,EHR_READ,EP-IND-00328
NET-00329,2026-01-01 00:48:17+00:00,0,IOMT-036,S-IOMT-036-329,EHR_WRITE,EP-IND-00329
NET-00330,2026-01-01 00:48:20+00:00,0,IOMT-038,S-IOMT-038-330,IMAGING,EP-IND-00330
NET-00331,2026-01-01 00:48:51+00:00,0,IOMT-002,S-IOMT-002-331,LAB_RESULTS,EP-IND-00331
NET-00332,2026-01-01 00:48:54+00:00,0,IOMT-041,S-IOMT-041-332,EHR_READ,EP-IND-00332
NET-00333,2026-01-01 00:48:54+00:00,0,IOMT-016,S-IOMT-016-333,RESEARCH,EP-IND-00333
NET-00334,2026-01-01 00:48:57+00:00,0,IOMT-048,S-IOMT-048-334,LAB_RESULTS,EP-IND-00334
NET-00335,2026-01-01 00:49:27+00:00,0,IOMT-038,S-IOMT-038-335,IMAGING,EP-IND-00335
NET-00336,2026-01-01 00:49:33+00:00,0,IOMT-039,S-IOMT-039-336,EHR_READ,EP-IND-00336
NET-00337,2026-01-01 00:49:41+00:00,0,IOMT-022,S-IOMT-022-337,LAB_RESULTS,EP-IND-00337
NET-00338,2026-01-01 00:49:54+00:00,0,IOMT-021,S-IOMT-021-338,IMAGING,EP-IND-00338
NET-00339,2026-01-01 00:49:59+00:00,0,IOMT-028,S-IOMT-028-339,IMAGING,EP-IND-00339
NET-00340,2026-01-01 00:50:08+00:00,0,IOMT-007,S-IOMT-007-340,LAB_RESULTS,EP-IND-00340
NET-00341,2026-01-01 00:50:14+00:00,0,IOMT-024,S-IOMT-024-341,LAB_RESULTS,EP-IND-00341
NET-00342,2026-01-01 00:50:30+00:00,1,IOMT-COORD-022,S-COORD-022,IMAGING,EP-COORD-022
NET-00343,2026-01-01 00:50:31+00:00,0,IOMT-044,S-IOMT-044-343,LAB_RESULTS,EP-IND-00343
NET-00344,2026-01-01 00:50:47+00:00,0,IOMT-017,S-IOMT-017-344,IMAGING,EP-IND-00344
NET-00345,2026-01-01 00:50:52+00:00,0,IOMT-045,S-IOMT-045-345,EHR_READ,EP-IND-00345
NET-00346,2026-01-01 00:50:58+00:00,0,IOMT-018,S-IOMT-018-346,LAB_RESULTS,EP-IND-00346
NET-00347,2026-01-01 00:51:36+00:00,0,IOMT-026,S-IOMT-026-347,EHR_READ,EP-IND-00347
NET-00348,2026-01-01 00:51:41+00:00,0,IOMT-047,S-IOMT-047-348,EHR_READ,EP-IND-00348
NET-00349,2026-01-01 00:51:42+00:00,0,IOMT-043,S-IOMT-043-349,LAB_RESULTS,EP-IND-00349
NET-00350,2026-01-01 00:51:44+00:00,0,IOMT-025,S-IOMT-025-350,IMAGING,EP-IND-00350
NET-00351,2026-01-01 00:51:45+00:00,0,IOMT-025,S-IOMT-025-351,EHR_WRITE,EP-IND-00351
NET-00352,2026-01-01 00:51:57+00:00,0,IOMT-003,S-IOMT-003-352,RESEARCH,EP-IND-00352
NET-00353,2026-01-01 00:52:11+00:00,0,IOMT-016,S-IOMT-016-353,IMAGING,EP-IND-00353
NET-00354,2026-01-01 00:52:19+00:00,0,IOMT-017,S-IOMT-017-354,LAB_RESULTS,EP-IND-00354
NET-00355,2026-01-01 00:52:20+00:00,0,IOMT-030,S-IOMT-030-355,RESEARCH,EP-IND-00355
NET-00356,2026-01-01 00:52:43+00:00,0,IOMT-034,S-IOMT-034-356,RESEARCH,EP-IND-00356
NET-00357,2026-01-01 00:52:48+00:00,0,IOMT-034,S-IOMT-034-357,IMAGING,EP-IND-00357
NET-00358,2026-01-01 00:52:57+00:00,0,IOMT-043,S-IOMT-043-358,IMAGING,EP-IND-00358
NET-00359,2026-01-01 00:53:17+00:00,0,IOMT-016,S-IOMT-016-359,RESEARCH,EP-IND-00359
NET-00360,2026-01-01 00:53:22+00:00,0,IOMT-001,S-IOMT-001-360,EHR_READ,EP-IND-00360
NET-00361,2026-01-01 00:53:40+00:00,0,IOMT-033,S-IOMT-033-361,EHR_READ,EP-IND-00361
NET-00362,2026-01-01 00:53:54+00:00,0,IOMT-033,S-IOMT-033-362,IMAGING,EP-IND-00362
NET-00363,2026-01-01 00:54:07+00:00,1,IOMT-COORD-023,S-COORD-023,LAB_RESULTS,EP-COORD-023
NET-00364,2026-01-01 00:54:31+00:00,0,IOMT-040,S-IOMT-040-364,EHR_WRITE,EP-IND-00364
NET-00365,2026-01-01 00:54:59+00:00,0,IOMT-025,S-IOMT-025-365,IMAGING,EP-IND-00365
NET-00366,2026-01-01 00:55:06+00:00,0,IOMT-034,S-IOMT-034-366,EHR_WRITE,EP-IND-00366
NET-00367,2026-01-01 00:55:12+00:00,0,IOMT-023,S-IOMT-023-367,EHR_READ,EP-IND-00367
NET-00368,2026-01-01 00:55:29+00:00,0,IOMT-036,S-IOMT-036-368,EHR_READ,EP-IND-00368
NET-00369,2026-01-01 00:55:35+00:00,0,IOMT-034,S-IOMT-034-369,EHR_READ,EP-IND-00369
NET-00370,2026-01-01 00:55:37+00:00,0,IOMT-036,S-IOMT-036-370,LAB_RESULTS,EP-IND-00370
NET-00371,2026-01-01 00:56:28+00:00,1,IOMT-COORD-024,S-COORD-024,RESEARCH,EP-COORD-024
NET-00372,2026-01-01 00:56:36+00:00,0,IOMT-020,S-IOMT-020-372,RESEARCH,EP-IND-00372
NET-00373,2026-01-01 00:56:37+00:00,0,IOMT-033,S-IOMT-033-373,IMAGING,EP-IND-00373
NET-00374,2026-01-01 00:56:46+00:00,0,IOMT-018,S-IOMT-018-374,RESEARCH,EP-IND-00374
NET-00375,2026-01-01 00:56:47+00:00,0,IOMT-041,S-IOMT-041-375,LAB_RESULTS,EP-IND-00375
NET-00376,2026-01-01 00:56:55+00:00,0,IOMT-013,S-IOMT-013-376,LAB_RESULTS,EP-IND-00376
NET-00377,2026-01-01 00:57:04+00:00,0,IOMT-017,S-IOMT-017-377,IMAGING,EP-IND-00377
NET-00378,2026-01-01 00:57:08+00:00,0,IOMT-016,S-IOMT-016-378,LAB_RESULTS,EP-IND-00378
NET-00379,2026-01-01 00:57:18+00:00,0,IOMT-019,S-IOMT-019-379,EHR_READ,EP-IND-00379
NET-00380,2026-01-01 00:57:22+00:00,0,IOMT-027,S-IOMT-027-380,EHR_READ,EP-IND-00380
NET-00381,2026-01-01 00:57:24+00:00,0,IOMT-021,S-IOMT-021-381,IMAGING,EP-IND-00381
NET-00382,2026-01-01 00:57:39+00:00,0,IOMT-012,S-IOMT-012-382,RESEARCH,EP-IND-00382
NET-00383,2026-01-01 00:57:39+00:00,0,IOMT-047,S-IOMT-047-383,RESEARCH,EP-IND-00383
NET-00384,2026-01-01 00:57:44+00:00,0,IOMT-004,S-IOMT-004-384,EHR_READ,EP-IND-00384
NET-00385,2026-01-01 00:57:56+00:00,0,IOMT-038,S-IOMT-038-385,EHR_READ,EP-IND-00385
NET-00386,2026-01-01 00:58:09+00:00,0,IOMT-035,S-IOMT-035-386,EHR_READ,EP-IND-00386
NET-00387,2026-01-01 00:58:16+00:00,0,IOMT-038,S-IOMT-038-387,IMAGING,EP-IND-00387
NET-00388,2026-01-01 00:58:21+00:00,0,IOMT-045,S-IOMT-045-388,IMAGING,EP-IND-00388
NET-00389,2026-01-01 00:58:35+00:00,0,IOMT-004,S-IOMT-004-389,EHR_WRITE,EP-IND-00389
NET-00390,2026-01-01 00:58:40+00:00,0,IOMT-013,S-IOMT-013-390,IMAGING,EP-IND-00390
NET-00391,2026-01-01 00:58:41+00:00,0,IOMT-036,S-IOMT-036-391,LAB_RESULTS,EP-IND-00391
NET-00392,2026-01-01 00:59:08+00:00,0,IOMT-022,S-IOMT-022-392,LAB_RESULTS,EP-IND-00392
NET-00393,2026-01-01 00:59:11+00:00,0,IOMT-003,S-IOMT-003-393,RESEARCH,EP-IND-00393
NET-00394,2026-01-01 00:59:14+00:00,0,IOMT-004,S-IOMT-004-394,EHR_READ,EP-IND-00394
NET-00395,2026-01-01 00:59:25+00:00,0,IOMT-030,S-IOMT-030-395,EHR_READ,EP-IND-00395
NET-00396,2026-01-01 00:59:30+00:00,0,IOMT-025,S-IOMT-025-396,EHR_READ,EP-IND-00396
NET-00397,2026-01-01 00:59:34+00:00,0,IOMT-012,S-IOMT-012-397,RESEARCH,EP-IND-00397
NET-00398,2026-01-01 00:59:52+00:00,0,IOMT-009,S-IOMT-009-398,LAB_RESULTS,EP-IND-00398
NET-00399,2026-01-01 00:59:57+00:00,0,IOMT-033,S-IOMT-033-399,EHR_READ,EP-IND-00399
NET-00400,2026-01-01 01:00:26+00:00,0,IOMT-001,S-IOMT-001-400,LAB_RESULTS,EP-IND-00400
NET-00401,2026-01-01 01:00:42+00:00,0,IOMT-024,S-IOMT-024-401,RESEARCH,EP-IND-00401
NET-00402,2026-01-01 01:00:54+00:00,0,IOMT-027,S-IOMT-027-402,IMAGING,EP-IND-00402
NET-00403,2026-01-01 01:01:13+00:00,0,IOMT-035,S-IOMT-035-403,EHR_WRITE,EP-IND-00403
NET-00404,2026-01-01 01:01:14+00:00,0,IOMT-000,S-IOMT-000-404,LAB_RESULTS,EP-IND-00404
NET-00405,2026-01-01 01:01:30+00:00,0,IOMT-032,S-IOMT-032-405,EHR_WRITE,EP-IND-00405
NET-00406,2026-01-01 01:01:48+00:00,0,IOMT-001,S-IOMT-001-406,EHR_READ,EP-IND-00406
NET-00407,2026-01-01 01:01:54+00:00,0,IOMT-011,S-IOMT-011-407,RESEARCH,EP-IND-00407
NET-00408,2026-01-01 01:02:01+00:00,0,IOMT-048,S-IOMT-048-408,EHR_READ,EP-IND-00408
NET-00409,2026-01-01 01:02:03+00:00,0,IOMT-024,S-IOMT-024-409,EHR_READ,EP-IND-00409
NET-00410,2026-01-01 01:02:29+00:00,0,IOMT-045,S-IOMT-045-410,LAB_RESULTS,EP-IND-00410
NET-00411,2026-01-01 01:02:32+00:00,0,IOMT-036,S-IOMT-036-411,LAB_RESULTS,EP-IND-00411
NET-00412,2026-01-01 01:02:42+00:00,0,IOMT-006,S-IOMT-006-412,EHR_READ,EP-IND-00412
NET-00413,2026-01-01 01:02:46+00:00,0,IOMT-042,S-IOMT-042-413,RESEARCH,EP-IND-00413
NET-00414,2026-01-01 01:02:51+00:00,0,IOMT-038,S-IOMT-038-414,EHR_WRITE,EP-IND-00414
NET-00415,2026-01-01 01:02:53+00:00,0,IOMT-024,S-IOMT-024-415,EHR_WRITE,EP-IND-00415
NET-00416,2026-01-01 01:02:54+00:00,0,IOMT-018,S-IOMT-018-416,RESEARCH,EP-IND-00416
NET-00417,2026-01-01 01:02:58+00:00,0,IOMT-011,S-IOMT-011-417,LAB_RESULTS,EP-IND-00417
NET-00418,2026-01-01 01:03:00+00:00,0,IOMT-028,S-IOMT-028-418,RESEARCH,EP-IND-00418
NET-00419,2026-01-01 01:03:01+00:00,0,IOMT-011,S-IOMT-011-419,IMAGING,EP-IND-00419
NET-00420,2026-01-01 01:03:20+00:00,0,IOMT-011,S-IOMT-011-420,EHR_READ,EP-IND-00420
NET-00421,2026-01-01 01:03:21+00:00,0,IOMT-045,S-IOMT-045-421,LAB_RESULTS,EP-IND-00421
NET-00422,2026-01-01 01:03:23+00:00,0,IOMT-033,S-IOMT-033-422,IMAGING,EP-IND-00422
NET-00423,2026-01-01 01:03:31+00:00,0,IOMT-017,S-IOMT-017-423,EHR_READ,EP-IND-00423
NET-00424,2026-01-01 01:03:37+00:00,0,IOMT-035,S-IOMT-035-424,EHR_WRITE,EP-IND-00424
NET-00425,2026-01-01 01:03:40+00:00,0,IOMT-017,S-IOMT-017-425,RESEARCH,EP-IND-00425
NET-00426,2026-01-01 01:03:45+00:00,0,IOMT-012,S-IOMT-012-426,RESEARCH,EP-IND-00426
NET-00427,2026-01-01 01:03:48+00:00,0,IOMT-047,S-IOMT-047-427,EHR_WRITE,EP-IND-00427
NET-00428,2026-01-01 01:04:00+00:00,0,IOMT-023,S-IOMT-023-428,IMAGING,EP-IND-00428
NET-00429,2026-01-01 01:04:13+00:00,0,IOMT-043,S-IOMT-043-429,RESEARCH,EP-IND-00429
NET-00430,2026-01-01 01:04:19+00:00,0,IOMT-024,S-IOMT-024-430,RESEARCH,EP-IND-00430
NET-00431,2026-01-01 01:04:49+00:00,0,IOMT-012,S-IOMT-012-431,EHR_READ,EP-IND-00431
NET-00432,2026-01-01 01:04:58+00:00,0,IOMT-032,S-IOMT-032-432,RESEARCH,EP-IND-00432
NET-00433,2026-01-01 01:05:00+00:00,0,IOMT-007,S-IOMT-007-433,EHR_READ,EP-IND-00433
NET-00434,2026-01-01 01:05:10+00:00,0,IOMT-005,S-IOMT-005-434,EHR_WRITE,EP-IND-00434
NET-00435,2026-01-01 01:05:21+00:00,0,IOMT-026,S-IOMT-026-435,EHR_READ,EP-IND-00435
NET-00436,2026-01-01 01:05:31+00:00,0,IOMT-039,S-IOMT-039-436,EHR_READ,EP-IND-00436
NET-00437,2026-01-01 01:05:32+00:00,0,IOMT-040,S-IOMT-040-437,EHR_WRITE,EP-IND-00437
NET-00438,2026-01-01 01:05:37+00:00,1,IOMT-COORD-025,S-COORD-025,EHR_READ,EP-COORD-025
NET-00439,2026-01-01 01:06:03+00:00,0,IOMT-007,S-IOMT-007-439,LAB_RESULTS,EP-IND-00439
NET-00440,2026-01-01 01:06:05+00:00,0,IOMT-040,S-IOMT-040-440,RESEARCH,EP-IND-00440
NET-00441,2026-01-01 01:06:12+00:00,0,IOMT-020,S-IOMT-020-441,EHR_READ,EP-IND-00441
NET-00442,2026-01-01 01:06:23+00:00,0,IOMT-031,S-IOMT-031-442,LAB_RESULTS,EP-IND-00442
NET-00443,2026-01-01 01:06:25+00:00,0,IOMT-002,S-IOMT-002-443,RESEARCH,EP-IND-00443
NET-00444,2026-01-01 01:06:31+00:00,1,IOMT-COORD-026,S-COORD-026,EHR_WRITE,EP-COORD-026
NET-00445,2026-01-01 01:06:33+00:00,0,IOMT-025,S-IOMT-025-445,LAB_RESULTS,EP-IND-00445
NET-00446,2026-01-01 01:06:37+00:00,0,IOMT-009,S-IOMT-009-446,RESEARCH,EP-IND-00446
NET-00447,2026-01-01 01:06:50+00:00,0,IOMT-010,S-IOMT-010-447,LAB_RESULTS,EP-IND-00447
NET-00448,2026-01-01 01:06:50+00:00,0,IOMT-042,S-IOMT-042-448,EHR_READ,EP-IND-00448
NET-00449,2026-01-01 01:07:07+00:00,0,IOMT-005,S-IOMT-005-449,EHR_READ,EP-IND-00449
NET-00450,2026-01-01 01:07:14+00:00,0,IOMT-040,S-IOMT-040-450,LAB_RESULTS,EP-IND-00450
NET-00451,2026-01-01 01:07:38+00:00,0,IOMT-010,S-IOMT-010-451,EHR_WRITE,EP-IND-00451
NET-00452,2026-01-01 01:07:58+00:00,1,IOMT-COORD-027,S-COORD-027,IMAGING,EP-COORD-027
NET-00453,2026-01-01 01:08:08+00:00,0,IOMT-002,S-IOMT-002-453,LAB_RESULTS,EP-IND-00453
NET-00454,2026-01-01 01:08:19+00:00,1,IOMT-COORD-028,S-COORD-028,LAB_RESULTS,EP-COORD-028
NET-00455,2026-01-01 01:08:22+00:00,0,IOMT-037,S-IOMT-037-455,LAB_RESULTS,EP-IND-00455
NET-00456,2026-01-01 01:08:28+00:00,0,IOMT-023,S-IOMT-023-456,IMAGING,EP-IND-00456
NET-00457,2026-01-01 01:08:36+00:00,0,IOMT-040,S-IOMT-040-457,RESEARCH,EP-IND-00457
NET-00458,2026-01-01 01:08:39+00:00,0,IOMT-022,S-IOMT-022-458,IMAGING,EP-IND-00458
NET-00459,2026-01-01 01:09:06+00:00,0,IOMT-029,S-IOMT-029-459,RESEARCH,EP-IND-00459
NET-00460,2026-01-01 01:09:06+00:00,0,IOMT-000,S-IOMT-000-460,IMAGING,EP-IND-00460
NET-00461,2026-01-01 01:09:09+00:00,0,IOMT-003,S-IOMT-003-461,RESEARCH,EP-IND-00461
NET-00462,2026-01-01 01:09:12+00:00,0,IOMT-007,S-IOMT-007-462,IMAGING,EP-IND-00462
NET-00463,2026-01-01 01:09:20+00:00,0,IOMT-047,S-IOMT-047-463,LAB_RESULTS,EP-IND-00463
NET-00464,2026-01-01 01:09:24+00:00,0,IOMT-005,S-IOMT-005-464,IMAGING,EP-IND-00464
NET-00465,2026-01-01 01:09:56+00:00,0,IOMT-023,S-IOMT-023-465,EHR_READ,EP-IND-00465
NET-00466,2026-01-01 01:09:58+00:00,0,IOMT-023,S-IOMT-023-466,LAB_RESULTS,EP-IND-00466
NET-00467,2026-01-01 01:09:59+00:00,0,IOMT-042,S-IOMT-042-467,LAB_RESULTS,EP-IND-00467
NET-00468,2026-01-01 01:10:01+00:00,0,IOMT-034,S-IOMT-034-468,RESEARCH,EP-IND-00468
NET-00469,2026-01-01 01:10:04+00:00,0,IOMT-032,S-IOMT-032-469,EHR_READ,EP-IND-00469
NET-00470,2026-01-01 01:10:10+00:00,0,IOMT-015,S-IOMT-015-470,LAB_RESULTS,EP-IND-00470
NET-00471,2026-01-01 01:10:24+00:00,0,IOMT-018,S-IOMT-018-471,EHR_WRITE,EP-IND-00471
NET-00472,2026-01-01 01:10:27+00:00,0,IOMT-015,S-IOMT-015-472,EHR_READ,EP-IND-00472
NET-00473,2026-01-01 01:10:28+00:00,0,IOMT-023,S-IOMT-023-473,EHR_WRITE,EP-IND-00473
NET-00474,2026-01-01 01:10:30+00:00,0,IOMT-042,S-IOMT-042-474,IMAGING,EP-IND-00474
NET-00475,2026-01-01 01:10:37+00:00,0,IOMT-031,S-IOMT-031-475,EHR_READ,EP-IND-00475
NET-00476,2026-01-01 01:10:45+00:00,0,IOMT-001,S-IOMT-001-476,LAB_RESULTS,EP-IND-00476
NET-00477,2026-01-01 01:10:54+00:00,0,IOMT-022,S-IOMT-022-477,IMAGING,EP-IND-00477
NET-00478,2026-01-01 01:10:57+00:00,0,IOMT-021,S-IOMT-021-478,EHR_WRITE,EP-IND-00478
NET-00479,2026-01-01 01:11:06+00:00,0,IOMT-002,S-IOMT-002-479,RESEARCH,EP-IND-00479
NET-00480,2026-01-01 01:11:09+00:00,0,IOMT-038,S-IOMT-038-480,EHR_WRITE,EP-IND-00480
NET-00481,2026-01-01 01:11:14+00:00,0,IOMT-042,S-IOMT-042-481,LAB_RESULTS,EP-IND-00481
NET-00482,2026-01-01 01:11:35+00:00,0,IOMT-004,S-IOMT-004-482,RESEARCH,EP-IND-00482
NET-00483,2026-01-01 01:11:39+00:00,0,IOMT-044,S-IOMT-044-483,EHR_WRITE,EP-IND-00483
NET-00484,2026-01-01 01:11:53+00:00,0,IOMT-014,S-IOMT-014-484,RESEARCH,EP-IND-00484
NET-00485,2026-01-01 01:11:56+00:00,0,IOMT-041,S-IOMT-041-485,IMAGING,EP-IND-00485
NET-00486,2026-01-01 01:12:00+00:00,0,IOMT-042,S-IOMT-042-486,EHR_WRITE,EP-IND-00486
NET-00487,2026-01-01 01:12:23+00:00,0,IOMT-007,S-IOMT-007-487,IMAGING,EP-IND-00487
NET-00488,2026-01-01 01:12:38+00:00,0,IOMT-044,S-IOMT-044-488,IMAGING,EP-IND-00488
NET-00489,2026-01-01 01:12:46+00:00,0,IOMT-044,S-IOMT-044-489,EHR_WRITE,EP-IND-00489
NET-00490,2026-01-01 01:12:47+00:00,0,IOMT-041,S-IOMT-041-490,RESEARCH,EP-IND-00490
NET-00491,2026-01-01 01:13:12+00:00,0,IOMT-026,S-IOMT-026-491,RESEARCH,EP-IND-00491
NET-00492,2026-01-01 01:13:23+00:00,0,IOMT-010,S-IOMT-010-492,IMAGING,EP-IND-00492
NET-00493,2026-01-01 01:13:57+00:00,0,IOMT-017,S-IOMT-017-493,EHR_READ,EP-IND-00493
NET-00494,2026-01-01 01:14:06+00:00,1,IOMT-COORD-029,S-COORD-029,RESEARCH,EP-COORD-029
NET-00495,2026-01-01 01:14:07+00:00,0,IOMT-046,S-IOMT-046-495,EHR_READ,EP-IND-00495
NET-00496,2026-01-01 01:14:10+00:00,0,IOMT-040,S-IOMT-040-496,LAB_RESULTS,EP-IND-00496
NET-00497,2026-01-01 01:14:12+00:00,0,IOMT-031,S-IOMT-031-497,LAB_RESULTS,EP-IND-00497
NET-00498,2026-01-01 01:14:16+00:00,0,IOMT-024,S-IOMT-024-498,RESEARCH,EP-IND-00498
NET-00499,2026-01-01 01:14:21+00:00,0,IOMT-013,S-IOMT-013-499,IMAGING,EP-IND-00499
NET-00500,2026-01-01 01:14:24+00:00,0,IOMT-006,S-IOMT-006-500,IMAGING,EP-IND-00500
NET-00501,2026-01-01 01:14:26+00:00,0,IOMT-038,S-IOMT-038-501,IMAGING,EP-IND-00501
NET-00502,2026-01-01 01:14:36+00:00,0,IOMT-045,S-IOMT-045-502,LAB_RESULTS,EP-IND-00502
NET-00503,2026-01-01 01:14:39+00:00,0,IOMT-024,S-IOMT-024-503,EHR_WRITE,EP-IND-00503
NET-00504,2026-01-01 01:14:41+00:00,0,IOMT-026,S-IOMT-026-504,IMAGING,EP-IND-00504
NET-00505,2026-01-01 01:14:42+00:00,0,IOMT-014,S-IOMT-014-505,EHR_WRITE,EP-IND-00505
NET-00506,2026-01-01 01:14:49+00:00,0,IOMT-000,S-IOMT-000-506,EHR_READ,EP-IND-00506
NET-00507,2026-01-01 01:14:50+00:00,0,IOMT-026,S-IOMT-026-507,RESEARCH,EP-IND-00507
NET-00508,2026-01-01 01:14:56+00:00,0,IOMT-021,S-IOMT-021-508,LAB_RESULTS,EP-IND-00508
NET-00509,2026-01-01 01:15:30+00:00,0,IOMT-017,S-IOMT-017-509,LAB_RESULTS,EP-IND-00509
NET-00510,2026-01-01 01:15:46+00:00,0,IOMT-038,S-IOMT-038-510,IMAGING,EP-IND-00510
NET-00511,2026-01-01 01:15:51+00:00,0,IOMT-005,S-IOMT-005-511,IMAGING,EP-IND-00511
NET-00512,2026-01-01 01:15:59+00:00,0,IOMT-040,S-IOMT-040-512,IMAGING,EP-IND-00512
NET-00513,2026-01-01 01:16:17+00:00,0,IOMT-049,S-IOMT-049-513,RESEARCH,EP-IND-00513
NET-00514,2026-01-01 01:16:21+00:00,0,IOMT-011,S-IOMT-011-514,RESEARCH,EP-IND-00514
NET-00515,2026-01-01 01:16:22+00:00,0,IOMT-035,S-IOMT-035-515,IMAGING,EP-IND-00515
NET-00516,2026-01-01 01:16:23+00:00,1,IOMT-COORD-030,S-COORD-030,EHR_READ,EP-COORD-030
NET-00517,2026-01-01 01:16:37+00:00,0,IOMT-006,S-IOMT-006-517,EHR_WRITE,EP-IND-00517
NET-00518,2026-01-01 01:16:44+00:00,1,IOMT-COORD-031,S-COORD-031,EHR_WRITE,EP-COORD-031
NET-00519,2026-01-01 01:16:45+00:00,0,IOMT-048,S-IOMT-048-519,LAB_RESULTS,EP-IND-00519
NET-00520,2026-01-01 01:16:50+00:00,0,IOMT-037,S-IOMT-037-520,IMAGING,EP-IND-00520
NET-00521,2026-01-01 01:16:56+00:00,0,IOMT-018,S-IOMT-018-521,RESEARCH,EP-IND-00521
NET-00522,2026-01-01 01:17:01+00:00,0,IOMT-021,S-IOMT-021-522,IMAGING,EP-IND-00522
NET-00523,2026-01-01 01:17:02+00:00,1,IOMT-COORD-032,S-COORD-032,IMAGING,EP-COORD-032
NET-00524,2026-01-01 01:17:25+00:00,0,IOMT-011,S-IOMT-011-524,EHR_WRITE,EP-IND-00524
NET-00525,2026-01-01 01:17:34+00:00,0,IOMT-010,S-IOMT-010-525,IMAGING,EP-IND-00525
NET-00526,2026-01-01 01:17:43+00:00,0,IOMT-003,S-IOMT-003-526,EHR_WRITE,EP-IND-00526
NET-00527,2026-01-01 01:17:53+00:00,0,IOMT-025,S-IOMT-025-527,EHR_WRITE,EP-IND-00527
NET-00528,2026-01-01 01:18:06+00:00,0,IOMT-004,S-IOMT-004-528,RESEARCH,EP-IND-00528
NET-00529,2026-01-01 01:18:18+00:00,1,IOMT-COORD-033,S-COORD-033,LAB_RESULTS,EP-COORD-033
NET-00530,2026-01-01 01:18:21+00:00,0,IOMT-046,S-IOMT-046-530,EHR_READ,EP-IND-00530
NET-00531,2026-01-01 01:18:54+00:00,0,IOMT-013,S-IOMT-013-531,LAB_RESULTS,EP-IND-00531
NET-00532,2026-01-01 01:18:56+00:00,0,IOMT-033,S-IOMT-033-532,EHR_WRITE,EP-IND-00532
NET-00533,2026-01-01 01:19:01+00:00,0,IOMT-027,S-IOMT-027-533,EHR_WRITE,EP-IND-00533
NET-00534,2026-01-01 01:19:01+00:00,0,IOMT-034,S-IOMT-034-534,EHR_READ,EP-IND-00534
NET-00535,2026-01-01 01:19:05+00:00,0,IOMT-027,S-IOMT-027-535,LAB_RESULTS,EP-IND-00535
NET-00536,2026-01-01 01:19:07+00:00,0,IOMT-008,S-IOMT-008-536,EHR_WRITE,EP-IND-00536
NET-00537,2026-01-01 01:19:31+00:00,0,IOMT-012,S-IOMT-012-537,IMAGING,EP-IND-00537
NET-00538,2026-01-01 01:19:50+00:00,0,IOMT-034,S-IOMT-034-538,RESEARCH,EP-IND-00538
NET-00539,2026-01-01 01:20:19+00:00,0,IOMT-032,S-IOMT-032-539,RESEARCH,EP-IND-00539
NET-00540,2026-01-01 01:20:21+00:00,0,IOMT-013,S-IOMT-013-540,IMAGING,EP-IND-00540
NET-00541,2026-01-01 01:20:31+00:00,0,IOMT-043,S-IOMT-043-541,EHR_WRITE,EP-IND-00541
NET-00542,2026-01-01 01:20:42+00:00,0,IOMT-043,S-IOMT-043-542,EHR_READ,EP-IND-00542
NET-00543,2026-01-01 01:20:48+00:00,0,IOMT-006,S-IOMT-006-543,EHR_READ,EP-IND-00543
NET-00544,2026-01-01 01:20:50+00:00,0,IOMT-033,S-IOMT-033-544,LAB_RESULTS,EP-IND-00544
NET-00545,2026-01-01 01:21:10+00:00,0,IOMT-014,S-IOMT-014-545,EHR_READ,EP-IND-00545
NET-00546,2026-01-01 01:21:29+00:00,0,IOMT-032,S-IOMT-032-546,IMAGING,EP-IND-00546
NET-00547,2026-01-01 01:21:53+00:00,0,IOMT-000,S-IOMT-000-547,RESEARCH,EP-IND-00547
NET-00548,2026-01-01 01:21:58+00:00,0,IOMT-034,S-IOMT-034-548,RESEARCH,EP-IND-00548
NET-00549,2026-01-01 01:22:03+00:00,0,IOMT-018,S-IOMT-018-549,RESEARCH,EP-IND-00549
NET-00550,2026-01-01 01:22:07+00:00,0,IOMT-032,S-IOMT-032-550,RESEARCH,EP-IND-00550
NET-00551,2026-01-01 01:22:15+00:00,0,IOMT-047,S-IOMT-047-551,EHR_WRITE,EP-IND-00551
NET-00552,2026-01-01 01:22:19+00:00,0,IOMT-030,S-IOMT-030-552,EHR_WRITE,EP-IND-00552
NET-00553,2026-01-01 01:22:19+00:00,0,IOMT-048,S-IOMT-048-553,IMAGING,EP-IND-00553
NET-00554,2026-01-01 01:22:36+00:00,0,IOMT-027,S-IOMT-027-554,EHR_WRITE,EP-IND-00554
NET-00555,2026-01-01 01:22:53+00:00,0,IOMT-040,S-IOMT-040-555,IMAGING,EP-IND-00555
NET-00556,2026-01-01 01:23:00+00:00,0,IOMT-009,S-IOMT-009-556,IMAGING,EP-IND-00556
NET-00557,2026-01-01 01:23:05+00:00,0,IOMT-030,S-IOMT-030-557,IMAGING,EP-IND-00557
NET-00558,2026-01-01 01:23:07+00:00,0,IOMT-047,S-IOMT-047-558,EHR_READ,EP-IND-00558
NET-00559,2026-01-01 01:23:20+00:00,0,IOMT-035,S-IOMT-035-559,LAB_RESULTS,EP-IND-00559
NET-00560,2026-01-01 01:23:20+00:00,0,IOMT-001,S-IOMT-001-560,RESEARCH,EP-IND-00560
NET-00561,2026-01-01 01:23:20+00:00,1,IOMT-COORD-034,S-COORD-034,RESEARCH,EP-COORD-034
NET-00562,2026-01-01 01:23:21+00:00,0,IOMT-045,S-IOMT-045-562,IMAGING,EP-IND-00562
NET-00563,2026-01-01 01:23:25+00:00,1,IOMT-COORD-035,S-COORD-035,EHR_READ,EP-COORD-035
NET-00564,2026-01-01 01:23:26+00:00,0,IOMT-015,S-IOMT-015-564,EHR_WRITE,EP-IND-00564
NET-00565,2026-01-01 01:23:38+00:00,0,IOMT-033,S-IOMT-033-565,LAB_RESULTS,EP-IND-00565
NET-00566,2026-01-01 01:23:50+00:00,0,IOMT-016,S-IOMT-016-566,RESEARCH,EP-IND-00566
NET-00567,2026-01-01 01:23:55+00:00,1,IOMT-COORD-036,S-COORD-036,EHR_WRITE,EP-COORD-036
NET-00568,2026-01-01 01:24:04+00:00,0,IOMT-025,S-IOMT-025-568,LAB_RESULTS,EP-IND-00568
NET-00569,2026-01-01 01:24:08+00:00,0,IOMT-045,S-IOMT-045-569,EHR_WRITE,EP-IND-00569
NET-00570,2026-01-01 01:24:24+00:00,0,IOMT-027,S-IOMT-027-570,IMAGING,EP-IND-00570
NET-00571,2026-01-01 01:24:35+00:00,0,IOMT-030,S-IOMT-030-571,IMAGING,EP-IND-00571
NET-00572,2026-01-01 01:24:38+00:00,0,IOMT-034,S-IOMT-034-572,IMAGING,EP-IND-00572
NET-00573,2026-01-01 01:24:45+00:00,0,IOMT-049,S-IOMT-049-573,IMAGING,EP-IND-00573
NET-00574,2026-01-01 01:25:20+00:00,0,IOMT-006,S-IOMT-006-574,LAB_RESULTS,EP-IND-00574
NET-00575,2026-01-01 01:25:29+00:00,0,IOMT-028,S-IOMT-028-575,RESEARCH,EP-IND-00575
NET-00576,2026-01-01 01:25:34+00:00,0,IOMT-007,S-IOMT-007-576,EHR_WRITE,EP-IND-00576
NET-00577,2026-01-01 01:25:35+00:00,0,IOMT-035,S-IOMT-035-577,RESEARCH,EP-IND-00577
NET-00578,2026-01-01 01:25:35+00:00,0,IOMT-043,S-IOMT-043-578,LAB_RESULTS,EP-IND-00578
NET-00579,2026-01-01 01:25:57+00:00,0,IOMT-000,S-IOMT-000-579,EHR_READ,EP-IND-00579
NET-00580,2026-01-01 01:26:18+00:00,0,IOMT-044,S-IOMT-044-580,IMAGING,EP-IND-00580
NET-00581,2026-01-01 01:26:23+00:00,0,IOMT-024,S-IOMT-024-581,IMAGING,EP-IND-00581
NET-00582,2026-01-01 01:26:25+00:00,0,IOMT-021,S-IOMT-021-582,RESEARCH,EP-IND-00582
NET-00583,2026-01-01 01:26:32+00:00,0,IOMT-043,S-IOMT-043-583,EHR_READ,EP-IND-00583
NET-00584,2026-01-01 01:26:32+00:00,0,IOMT-027,S-IOMT-027-584,EHR_WRITE,EP-IND-00584
NET-00585,2026-01-01 01:26:36+00:00,0,IOMT-002,S-IOMT-002-585,LAB_RESULTS,EP-IND-00585
NET-00586,2026-01-01 01:26:40+00:00,0,IOMT-047,S-IOMT-047-586,RESEARCH,EP-IND-00586
NET-00587,2026-01-01 01:26:44+00:00,0,IOMT-043,S-IOMT-043-587,EHR_WRITE,EP-IND-00587
NET-00588,2026-01-01 01:26:44+00:00,0,IOMT-032,S-IOMT-032-588,IMAGING,EP-IND-00588
NET-00589,2026-01-01 01:26:52+00:00,1,IOMT-COORD-037,S-COORD-037,IMAGING,EP-COORD-037
NET-00590,2026-01-01 01:27:02+00:00,0,IOMT-036,S-IOMT-036-590,RESEARCH,EP-IND-00590
NET-00591,2026-01-01 01:27:08+00:00,0,IOMT-045,S-IOMT-045-591,LAB_RESULTS,EP-IND-00591
NET-00592,2026-01-01 01:27:16+00:00,0,IOMT-032,S-IOMT-032-592,RESEARCH,EP-IND-00592
NET-00593,2026-01-01 01:27:22+00:00,0,IOMT-018,S-IOMT-018-593,EHR_WRITE,EP-IND-00593
NET-00594,2026-01-01 01:27:24+00:00,0,IOMT-038,S-IOMT-038-594,EHR_WRITE,EP-IND-00594
NET-00595,2026-01-01 01:27:31+00:00,0,IOMT-020,S-IOMT-020-595,EHR_READ,EP-IND-00595
NET-00596,2026-01-01 01:27:39+00:00,0,IOMT-000,S-IOMT-000-596,EHR_READ,EP-IND-00596
NET-00597,2026-01-01 01:27:47+00:00,0,IOMT-020,S-IOMT-020-597,EHR_WRITE,EP-IND-00597
NET-00598,2026-01-01 01:27:51+00:00,0,IOMT-013,S-IOMT-013-598,EHR_WRITE,EP-IND-00598
NET-00599,2026-01-01 01:28:02+00:00,0,IOMT-025,S-IOMT-025-599,LAB_RESULTS,EP-IND-00599
NET-00600,2026-01-01 01:28:07+00:00,0,IOMT-017,S-IOMT-017-600,IMAGING,EP-IND-00600
NET-00601,2026-01-01 01:28:17+00:00,0,IOMT-036,S-IOMT-036-601,LAB_RESULTS,EP-IND-00601
NET-00602,2026-01-01 01:28:18+00:00,0,IOMT-019,S-IOMT-019-602,EHR_WRITE,EP-IND-00602
NET-00603,2026-01-01 01:28:26+00:00,0,IOMT-026,S-IOMT-026-603,EHR_READ,EP-IND-00603
NET-00604,2026-01-01 01:28:42+00:00,1,IOMT-COORD-038,S-COORD-038,LAB_RESULTS,EP-COORD-038
NET-00605,2026-01-01 01:28:44+00:00,0,IOMT-015,S-IOMT-015-605,EHR_READ,EP-IND-00605
NET-00606,2026-01-01 01:28:51+00:00,0,IOMT-010,S-IOMT-010-606,EHR_READ,EP-IND-00606
NET-00607,2026-01-01 01:28:57+00:00,0,IOMT-000,S-IOMT-000-607,EHR_READ,EP-IND-00607
NET-00608,2026-01-01 01:29:07+00:00,0,IOMT-034,S-IOMT-034-608,LAB_RESULTS,EP-IND-00608
NET-00609,2026-01-01 01:29:13+00:00,0,IOMT-026,S-IOMT-026-609,EHR_READ,EP-IND-00609
NET-00610,2026-01-01 01:29:26+00:00,0,IOMT-045,S-IOMT-045-610,EHR_WRITE,EP-IND-00610
NET-00611,2026-01-01 01:29:28+00:00,1,IOMT-COORD-039,S-COORD-039,RESEARCH,EP-COORD-039
NET-00612,2026-01-01 01:29:42+00:00,0,IOMT-018,S-IOMT-018-612,EHR_WRITE,EP-IND-00612
NET-00613,2026-01-01 01:29:58+00:00,0,IOMT-046,S-IOMT-046-613,RESEARCH,EP-IND-00613
NET-00614,2026-01-01 01:30:14+00:00,0,IOMT-017,S-IOMT-017-614,IMAGING,EP-IND-00614
NET-00615,2026-01-01 01:30:29+00:00,0,IOMT-024,S-IOMT-024-615,RESEARCH,EP-IND-00615
NET-00616,2026-01-01 01:30:31+00:00,0,IOMT-044,S-IOMT-044-616,EHR_WRITE,EP-IND-00616
NET-00617,2026-01-01 01:30:33+00:00,0,IOMT-033,S-IOMT-033-617,EHR_READ,EP-IND-00617
NET-00618,2026-01-01 01:30:39+00:00,0,IOMT-047,S-IOMT-047-618,EHR_WRITE,EP-IND-00618
NET-00619,2026-01-01 01:30:39+00:00,0,IOMT-008,S-IOMT-008-619,EHR_READ,EP-IND-00619
NET-00620,2026-01-01 01:30:49+00:00,0,IOMT-009,S-IOMT-009-620,IMAGING,EP-IND-00620
NET-00621,2026-01-01 01:30:56+00:00,0,IOMT-006,S-IOMT-006-621,EHR_WRITE,EP-IND-00621
NET-00622,2026-01-01 01:31:02+00:00,0,IOMT-007,S-IOMT-007-622,IMAGING,EP-IND-00622
NET-00623,2026-01-01 01:31:10+00:00,0,IOMT-035,S-IOMT-035-623,EHR_WRITE,EP-IND-00623
NET-00624,2026-01-01 01:31:16+00:00,0,IOMT-039,S-IOMT-039-624,RESEARCH,EP-IND-00624
NET-00625,2026-01-01 01:31:18+00:00,0,IOMT-028,S-IOMT-028-625,EHR_READ,EP-IND-00625
NET-00626,2026-01-01 01:31:19+00:00,0,IOMT-044,S-IOMT-044-626,IMAGING,EP-IND-00626
NET-00627,2026-01-01 01:31:54+00:00,0,IOMT-012,S-IOMT-012-627,LAB_RESULTS,EP-IND-00627
NET-00628,2026-01-01 01:31:58+00:00,0,IOMT-047,S-IOMT-047-628,EHR_WRITE,EP-IND-00628
NET-00629,2026-01-01 01:31:59+00:00,0,IOMT-001,S-IOMT-001-629,EHR_WRITE,EP-IND-00629
NET-00630,2026-01-01 01:32:07+00:00,0,IOMT-040,S-IOMT-040-630,IMAGING,EP-IND-00630
NET-00631,2026-01-01 01:32:15+00:00,0,IOMT-011,S-IOMT-011-631,EHR_WRITE,EP-IND-00631
NET-00632,2026-01-01 01:32:15+00:00,0,IOMT-030,S-IOMT-030-632,IMAGING,EP-IND-00632
NET-00633,2026-01-01 01:32:17+00:00,0,IOMT-041,S-IOMT-041-633,EHR_READ,EP-IND-00633
NET-00634,2026-01-01 01:32:18+00:00,0,IOMT-027,S-IOMT-027-634,EHR_WRITE,EP-IND-00634
NET-00635,2026-01-01 01:32:29+00:00,0,IOMT-021,S-IOMT-021-635,EHR_WRITE,EP-IND-00635
NET-00636,2026-01-01 01:32:31+00:00,0,IOMT-010,S-IOMT-010-636,EHR_WRITE,EP-IND-00636
NET-00637,2026-01-01 01:32:33+00:00,0,IOMT-040,S-IOMT-040-637,EHR_WRITE,EP-IND-00637
NET-00638,2026-01-01 01:32:35+00:00,0,IOMT-048,S-IOMT-048-638,EHR_READ,EP-IND-00638
NET-00639,2026-01-01 01:32:53+00:00,0,IOMT-025,S-IOMT-025-639,EHR_WRITE,EP-IND-00639
NET-00640,2026-01-01 01:33:04+00:00,0,IOMT-027,S-IOMT-027-640,LAB_RESULTS,EP-IND-00640
NET-00641,2026-01-01 01:33:12+00:00,0,IOMT-028,S-IOMT-028-641,LAB_RESULTS,EP-IND-00641
NET-00642,2026-01-01 01:33:24+00:00,0,IOMT-030,S-IOMT-030-642,RESEARCH,EP-IND-00642
NET-00643,2026-01-01 01:33:47+00:00,0,IOMT-017,S-IOMT-017-643,RESEARCH,EP-IND-00643
NET-00644,2026-01-01 01:34:01+00:00,0,IOMT-004,S-IOMT-004-644,EHR_WRITE,EP-IND-00644
NET-00645,2026-01-01 01:34:12+00:00,0,IOMT-027,S-IOMT-027-645,EHR_READ,EP-IND-00645
NET-00646,2026-01-01 01:34:15+00:00,0,IOMT-043,S-IOMT-043-646,IMAGING,EP-IND-00646
NET-00647,2026-01-01 01:34:16+00:00,0,IOMT-036,S-IOMT-036-647,EHR_WRITE,EP-IND-00647
NET-00648,2026-01-01 01:34:23+00:00,0,IOMT-027,S-IOMT-027-648,EHR_READ,EP-IND-00648
NET-00649,2026-01-01 01:34:26+00:00,0,IOMT-008,S-IOMT-008-649,EHR_READ,EP-IND-00649
NET-00650,2026-01-01 01:34:33+00:00,0,IOMT-008,S-IOMT-008-650,RESEARCH,EP-IND-00650
NET-00651,2026-01-01 01:34:51+00:00,0,IOMT-013,S-IOMT-013-651,RESEARCH,EP-IND-00651
NET-00652,2026-01-01 01:34:52+00:00,0,IOMT-008,S-IOMT-008-652,IMAGING,EP-IND-00652
NET-00653,2026-01-01 01:35:05+00:00,0,IOMT-023,S-IOMT-023-653,RESEARCH,EP-IND-00653
NET-00654,2026-01-01 01:35:05+00:00,0,IOMT-028,S-IOMT-028-654,IMAGING,EP-IND-00654
NET-00655,2026-01-01 01:35:28+00:00,0,IOMT-023,S-IOMT-023-655,RESEARCH,EP-IND-00655
NET-00656,2026-01-01 01:35:28+00:00,0,IOMT-030,S-IOMT-030-656,IMAGING,EP-IND-00656
NET-00657,2026-01-01 01:35:33+00:00,0,IOMT-038,S-IOMT-038-657,EHR_READ,EP-IND-00657
NET-00658,2026-01-01 01:35:36+00:00,0,IOMT-003,S-IOMT-003-658,EHR_WRITE,EP-IND-00658
NET-00659,2026-01-01 01:35:37+00:00,0,IOMT-020,S-IOMT-020-659,IMAGING,EP-IND-00659
NET-00660,2026-01-01 01:35:54+00:00,0,IOMT-026,S-IOMT-026-660,EHR_READ,EP-IND-00660
NET-00661,2026-01-01 01:35:54+00:00,0,IOMT-010,S-IOMT-010-661,LAB_RESULTS,EP-IND-00661
NET-00662,2026-01-01 01:35:59+00:00,0,IOMT-004,S-IOMT-004-662,EHR_READ,EP-IND-00662
NET-00663,2026-01-01 01:36:08+00:00,0,IOMT-017,S-IOMT-017-663,EHR_WRITE,EP-IND-00663
NET-00664,2026-01-01 01:36:28+00:00,0,IOMT-014,S-IOMT-014-664,IMAGING,EP-IND-00664
NET-00665,2026-01-01 01:36:30+00:00,0,IOMT-040,S-IOMT-040-665,LAB_RESULTS,EP-IND-00665
NET-00666,2026-01-01 01:36:40+00:00,0,IOMT-037,S-IOMT-037-666,RESEARCH,EP-IND-00666
NET-00667,2026-01-01 01:36:48+00:00,0,IOMT-014,S-IOMT-014-667,LAB_RESULTS,EP-IND-00667
NET-00668,2026-01-01 01:36:55+00:00,0,IOMT-024,S-IOMT-024-668,IMAGING,EP-IND-00668
NET-00669,2026-01-01 01:37:36+00:00,0,IOMT-037,S-IOMT-037-669,LAB_RESULTS,EP-IND-00669
NET-00670,2026-01-01 01:37:38+00:00,0,IOMT-043,S-IOMT-043-670,EHR_READ,EP-IND-00670
NET-00671,2026-01-01 01:37:38+00:00,0,IOMT-018,S-IOMT-018-671,RESEARCH,EP-IND-00671
NET-00672,2026-01-01 01:37:41+00:00,0,IOMT-038,S-IOMT-038-672,LAB_RESULTS,EP-IND-00672
NET-00673,2026-01-01 01:37:42+00:00,0,IOMT-006,S-IOMT-006-673,EHR_WRITE,EP-IND-00673
NET-00674,2026-01-01 01:37:48+00:00,0,IOMT-012,S-IOMT-012-674,LAB_RESULTS,EP-IND-00674
NET-00675,2026-01-01 01:37:54+00:00,0,IOMT-007,S-IOMT-007-675,IMAGING,EP-IND-00675
NET-00676,2026-01-01 01:38:01+00:00,0,IOMT-048,S-IOMT-048-676,RESEARCH,EP-IND-00676
NET-00677,2026-01-01 01:38:02+00:00,0,IOMT-018,S-IOMT-018-677,EHR_WRITE,EP-IND-00677
NET-00678,2026-01-01 01:38:29+00:00,0,IOMT-010,S-IOMT-010-678,IMAGING,EP-IND-00678
NET-00679,2026-01-01 01:38:43+00:00,0,IOMT-013,S-IOMT-013-679,EHR_READ,EP-IND-00679
NET-00680,2026-01-01 01:38:44+00:00,0,IOMT-017,S-IOMT-017-680,EHR_WRITE,EP-IND-00680
NET-00681,2026-01-01 01:38:44+00:00,0,IOMT-007,S-IOMT-007-681,EHR_READ,EP-IND-00681
NET-00682,2026-01-01 01:38:55+00:00,0,IOMT-049,S-IOMT-049-682,LAB_RESULTS,EP-IND-00682
NET-00683,2026-01-01 01:39:00+00:00,0,IOMT-013,S-IOMT-013-683,EHR_READ,EP-IND-00683
NET-00684,2026-01-01 01:39:01+00:00,0,IOMT-034,S-IOMT-034-684,EHR_READ,EP-IND-00684
NET-00685,2026-01-01 01:39:06+00:00,0,IOMT-027,S-IOMT-027-685,RESEARCH,EP-IND-00685
NET-00686,2026-01-01 01:39:08+00:00,0,IOMT-029,S-IOMT-029-686,IMAGING,EP-IND-00686
NET-00687,2026-01-01 01:39:09+00:00,0,IOMT-024,S-IOMT-024-687,EHR_WRITE,EP-IND-00687
NET-00688,2026-01-01 01:39:09+00:00,0,IOMT-029,S-IOMT-029-688,IMAGING,EP-IND-00688
NET-00689,2026-01-01 01:39:13+00:00,0,IOMT-003,S-IOMT-003-689,LAB_RESULTS,EP-IND-00689
NET-00690,2026-01-01 01:39:29+00:00,0,IOMT-032,S-IOMT-032-690,EHR_WRITE,EP-IND-00690
NET-00691,2026-01-01 01:39:40+00:00,0,IOMT-048,S-IOMT-048-691,EHR_READ,EP-IND-00691
NET-00692,2026-01-01 01:40:01+00:00,0,IOMT-045,S-IOMT-045-692,LAB_RESULTS,EP-IND-00692
NET-00693,2026-01-01 01:40:11+00:00,0,IOMT-033,S-IOMT-033-693,EHR_READ,EP-IND-00693
NET-00694,2026-01-01 01:40:14+00:00,0,IOMT-029,S-IOMT-029-694,LAB_RESULTS,EP-IND-00694
NET-00695,2026-01-01 01:40:21+00:00,0,IOMT-001,S-IOMT-001-695,IMAGING,EP-IND-00695
NET-00696,2026-01-01 01:40:22+00:00,0,IOMT-011,S-IOMT-011-696,EHR_WRITE,EP-IND-00696
NET-00697,2026-01-01 01:40:24+00:00,0,IOMT-044,S-IOMT-044-697,RESEARCH,EP-IND-00697
NET-00698,2026-01-01 01:40:33+00:00,0,IOMT-013,S-IOMT-013-698,RESEARCH,EP-IND-00698
NET-00699,2026-01-01 01:40:45+00:00,0,IOMT-029,S-IOMT-029-699,IMAGING,EP-IND-00699
NET-00700,2026-01-01 01:40:53+00:00,0,IOMT-042,S-IOMT-042-700,LAB_RESULTS,EP-IND-00700
NET-00701,2026-01-01 01:41:09+00:00,0,IOMT-038,S-IOMT-038-701,LAB_RESULTS,EP-IND-00701
NET-00702,2026-01-01 01:41:12+00:00,0,IOMT-002,S-IOMT-002-702,RESEARCH,EP-IND-00702
NET-00703,2026-01-01 01:41:17+00:00,0,IOMT-032,S-IOMT-032-703,IMAGING,EP-IND-00703
NET-00704,2026-01-01 01:41:32+00:00,0,IOMT-025,S-IOMT-025-704,IMAGING,EP-IND-00704
NET-00705,2026-01-01 01:41:39+00:00,0,IOMT-007,S-IOMT-007-705,LAB_RESULTS,EP-IND-00705
NET-00706,2026-01-01 01:41:41+00:00,0,IOMT-002,S-IOMT-002-706,LAB_RESULTS,EP-IND-00706
NET-00707,2026-01-01 01:41:50+00:00,0,IOMT-016,S-IOMT-016-707,RESEARCH,EP-IND-00707
NET-00708,2026-01-01 01:41:56+00:00,0,IOMT-030,S-IOMT-030-708,LAB_RESULTS,EP-IND-00708
NET-00709,2026-01-01 01:41:58+00:00,0,IOMT-033,S-IOMT-033-709,RESEARCH,EP-IND-00709
NET-00710,2026-01-01 01:42:03+00:00,1,IOMT-COORD-040,S-COORD-040,EHR_READ,EP-COORD-040
NET-00711,2026-01-01 01:42:15+00:00,1,IOMT-COORD-041,S-COORD-041,EHR_WRITE,EP-COORD-041
NET-00712,2026-01-01 01:42:21+00:00,0,IOMT-030,S-IOMT-030-712,IMAGING,EP-IND-00712
NET-00713,2026-01-01 01:42:23+00:00,0,IOMT-014,S-IOMT-014-713,LAB_RESULTS,EP-IND-00713
NET-00714,2026-01-01 01:42:40+00:00,0,IOMT-039,S-IOMT-039-714,EHR_READ,EP-IND-00714
NET-00715,2026-01-01 01:42:49+00:00,0,IOMT-037,S-IOMT-037-715,LAB_RESULTS,EP-IND-00715
NET-00716,2026-01-01 01:43:35+00:00,0,IOMT-017,S-IOMT-017-716,RESEARCH,EP-IND-00716
NET-00717,2026-01-01 01:43:58+00:00,0,IOMT-020,S-IOMT-020-717,EHR_WRITE,EP-IND-00717
NET-00718,2026-01-01 01:44:01+00:00,0,IOMT-008,S-IOMT-008-718,EHR_READ,EP-IND-00718
NET-00719,2026-01-01 01:44:10+00:00,0,IOMT-019,S-IOMT-019-719,IMAGING,EP-IND-00719
NET-00720,2026-01-01 01:44:23+00:00,0,IOMT-032,S-IOMT-032-720,RESEARCH,EP-IND-00720
NET-00721,2026-01-01 01:44:41+00:00,0,IOMT-036,S-IOMT-036-721,IMAGING,EP-IND-00721
NET-00722,2026-01-01 01:44:42+00:00,0,IOMT-031,S-IOMT-031-722,EHR_READ,EP-IND-00722
NET-00723,2026-01-01 01:44:50+00:00,0,IOMT-047,S-IOMT-047-723,LAB_RESULTS,EP-IND-00723
NET-00724,2026-01-01 01:44:55+00:00,0,IOMT-043,S-IOMT-043-724,IMAGING,EP-IND-00724
NET-00725,2026-01-01 01:44:59+00:00,0,IOMT-025,S-IOMT-025-725,EHR_WRITE,EP-IND-00725
NET-00726,2026-01-01 01:45:11+00:00,0,IOMT-043,S-IOMT-043-726,IMAGING,EP-IND-00726
NET-00727,2026-01-01 01:45:33+00:00,0,IOMT-009,S-IOMT-009-727,EHR_WRITE,EP-IND-00727
NET-00728,2026-01-01 01:45:43+00:00,0,IOMT-015,S-IOMT-015-728,EHR_WRITE,EP-IND-00728
NET-00729,2026-01-01 01:45:54+00:00,0,IOMT-026,S-IOMT-026-729,EHR_READ,EP-IND-00729
NET-00730,2026-01-01 01:46:01+00:00,0,IOMT-045,S-IOMT-045-730,EHR_READ,EP-IND-00730
NET-00731,2026-01-01 01:46:06+00:00,0,IOMT-021,S-IOMT-021-731,EHR_WRITE,EP-IND-00731
NET-00732,2026-01-01 01:46:07+00:00,0,IOMT-008,S-IOMT-008-732,RESEARCH,EP-IND-00732
NET-00733,2026-01-01 01:46:09+00:00,0,IOMT-045,S-IOMT-045-733,EHR_WRITE,EP-IND-00733
NET-00734,2026-01-01 01:46:11+00:00,0,IOMT-040,S-IOMT-040-734,RESEARCH,EP-IND-00734
NET-00735,2026-01-01 01:46:11+00:00,0,IOMT-000,S-IOMT-000-735,EHR_READ,EP-IND-00735
NET-00736,2026-01-01 01:46:25+00:00,0,IOMT-010,S-IOMT-010-736,IMAGING,EP-IND-00736
NET-00737,2026-01-01 01:46:30+00:00,0,IOMT-014,S-IOMT-014-737,EHR_WRITE,EP-IND-00737
NET-00738,2026-01-01 01:46:40+00:00,0,IOMT-031,S-IOMT-031-738,LAB_RESULTS,EP-IND-00738
NET-00739,2026-01-01 01:46:57+00:00,0,IOMT-026,S-IOMT-026-739,LAB_RESULTS,EP-IND-00739
NET-00740,2026-01-01 01:47:01+00:00,0,IOMT-015,S-IOMT-015-740,EHR_READ,EP-IND-00740
NET-00741,2026-01-01 01:47:04+00:00,0,IOMT-000,S-IOMT-000-741,IMAGING,EP-IND-00741
NET-00742,2026-01-01 01:47:07+00:00,0,IOMT-039,S-IOMT-039-742,IMAGING,EP-IND-00742
NET-00743,2026-01-01 01:47:09+00:00,0,IOMT-006,S-IOMT-006-743,LAB_RESULTS,EP-IND-00743
NET-00744,2026-01-01 01:47:10+00:00,0,IOMT-035,S-IOMT-035-744,EHR_WRITE,EP-IND-00744
NET-00745,2026-01-01 01:47:14+00:00,0,IOMT-019,S-IOMT-019-745,LAB_RESULTS,EP-IND-00745
NET-00746,2026-01-01 01:47:20+00:00,0,IOMT-003,S-IOMT-003-746,EHR_WRITE,EP-IND-00746
NET-00747,2026-01-01 01:47:29+00:00,1,IOMT-COORD-042,S-COORD-042,IMAGING,EP-COORD-042
NET-00748,2026-01-01 01:47:36+00:00,0,IOMT-026,S-IOMT-026-748,EHR_WRITE,EP-IND-00748
NET-00749,2026-01-01 01:47:40+00:00,0,IOMT-027,S-IOMT-027-749,LAB_RESULTS,EP-IND-00749
NET-00750,2026-01-01 01:47:53+00:00,0,IOMT-034,S-IOMT-034-750,EHR_READ,EP-IND-00750
NET-00751,2026-01-01 01:48:06+00:00,0,IOMT-041,S-IOMT-041-751,EHR_WRITE,EP-IND-00751
NET-00752,2026-01-01 01:48:08+00:00,0,IOMT-013,S-IOMT-013-752,IMAGING,EP-IND-00752
NET-00753,2026-01-01 01:48:18+00:00,0,IOMT-046,S-IOMT-046-753,LAB_RESULTS,EP-IND-00753
NET-00754,2026-01-01 01:48:19+00:00,0,IOMT-033,S-IOMT-033-754,LAB_RESULTS,EP-IND-00754
NET-00755,2026-01-01 01:48:40+00:00,0,IOMT-049,S-IOMT-049-755,RESEARCH,EP-IND-00755
NET-00756,2026-01-01 01:48:41+00:00,0,IOMT-037,S-IOMT-037-756,EHR_WRITE,EP-IND-00756
NET-00757,2026-01-01 01:48:46+00:00,0,IOMT-003,S-IOMT-003-757,EHR_READ,EP-IND-00757
NET-00758,2026-01-01 01:49:07+00:00,0,IOMT-008,S-IOMT-008-758,EHR_WRITE,EP-IND-00758
NET-00759,2026-01-01 01:49:22+00:00,0,IOMT-029,S-IOMT-029-759,EHR_WRITE,EP-IND-00759
NET-00760,2026-01-01 01:49:39+00:00,0,IOMT-005,S-IOMT-005-760,RESEARCH,EP-IND-00760
NET-00761,2026-01-01 01:49:39+00:00,0,IOMT-000,S-IOMT-000-761,IMAGING,EP-IND-00761
NET-00762,2026-01-01 01:49:42+00:00,1,IOMT-COORD-043,S-COORD-043,LAB_RESULTS,EP-COORD-043
NET-00763,2026-01-01 01:49:50+00:00,0,IOMT-049,S-IOMT-049-763,IMAGING,EP-IND-00763
NET-00764,2026-01-01 01:49:56+00:00,0,IOMT-041,S-IOMT-041-764,IMAGING,EP-IND-00764
NET-00765,2026-01-01 01:50:00+00:00,0,IOMT-033,S-IOMT-033-765,EHR_READ,EP-IND-00765
NET-00766,2026-01-01 01:50:12+00:00,0,IOMT-032,S-IOMT-032-766,EHR_WRITE,EP-IND-00766
NET-00767,2026-01-01 01:50:15+00:00,0,IOMT-048,S-IOMT-048-767,RESEARCH,EP-IND-00767
NET-00768,2026-01-01 01:50:23+00:00,0,IOMT-044,S-IOMT-044-768,EHR_READ,EP-IND-00768
NET-00769,2026-01-01 01:50:27+00:00,0,IOMT-024,S-IOMT-024-769,LAB_RESULTS,EP-IND-00769
NET-00770,2026-01-01 01:50:32+00:00,0,IOMT-007,S-IOMT-007-770,EHR_READ,EP-IND-00770
NET-00771,2026-01-01 01:50:36+00:00,0,IOMT-024,S-IOMT-024-771,EHR_WRITE,EP-IND-00771
NET-00772,2026-01-01 01:50:42+00:00,0,IOMT-012,S-IOMT-012-772,IMAGING,EP-IND-00772
NET-00773,2026-01-01 01:51:17+00:00,0,IOMT-036,S-IOMT-036-773,LAB_RESULTS,EP-IND-00773
NET-00774,2026-01-01 01:51:22+00:00,0,IOMT-011,S-IOMT-011-774,LAB_RESULTS,EP-IND-00774
NET-00775,2026-01-01 01:51:31+00:00,0,IOMT-047,S-IOMT-047-775,LAB_RESULTS,EP-IND-00775
NET-00776,2026-01-01 01:51:32+00:00,0,IOMT-019,S-IOMT-019-776,EHR_WRITE,EP-IND-00776
NET-00777,2026-01-01 01:51:33+00:00,0,IOMT-040,S-IOMT-040-777,EHR_WRITE,EP-IND-00777
NET-00778,2026-01-01 01:51:37+00:00,0,IOMT-011,S-IOMT-011-778,EHR_WRITE,EP-IND-00778
NET-00779,2026-01-01 01:51:41+00:00,0,IOMT-040,S-IOMT-040-779,EHR_READ,EP-IND-00779
NET-00780,2026-01-01 01:51:54+00:00,0,IOMT-034,S-IOMT-034-780,RESEARCH,EP-IND-00780
NET-00781,2026-01-01 01:52:14+00:00,0,IOMT-001,S-IOMT-001-781,IMAGING,EP-IND-00781
NET-00782,2026-01-01 01:52:23+00:00,0,IOMT-006,S-IOMT-006-782,EHR_READ,EP-IND-00782
NET-00783,2026-01-01 01:52:25+00:00,0,IOMT-041,S-IOMT-041-783,IMAGING,EP-IND-00783
NET-00784,2026-01-01 01:53:12+00:00,0,IOMT-004,S-IOMT-004-784,RESEARCH,EP-IND-00784
NET-00785,2026-01-01 01:53:25+00:00,0,IOMT-027,S-IOMT-027-785,LAB_RESULTS,EP-IND-00785
NET-00786,2026-01-01 01:53:26+00:00,0,IOMT-002,S-IOMT-002-786,LAB_RESULTS,EP-IND-00786
NET-00787,2026-01-01 01:53:40+00:00,0,IOMT-009,S-IOMT-009-787,EHR_READ,EP-IND-00787
NET-00788,2026-01-01 01:54:10+00:00,0,IOMT-011,S-IOMT-011-788,IMAGING,EP-IND-00788
NET-00789,2026-01-01 01:55:22+00:00,0,IOMT-032,S-IOMT-032-789,LAB_RESULTS,EP-IND-00789
NET-00790,2026-01-01 01:55:26+00:00,0,IOMT-004,S-IOMT-004-790,EHR_READ,EP-IND-00790
NET-00791,2026-01-01 01:55:52+00:00,0,IOMT-032,S-IOMT-032-791,EHR_WRITE,EP-IND-00791
NET-00792,2026-01-01 01:55:54+00:00,0,IOMT-030,S-IOMT-030-792,EHR_READ,EP-IND-00792
NET-00793,2026-01-01 01:55:57+00:00,0,IOMT-028,S-IOMT-028-793,EHR_WRITE,EP-IND-00793
NET-00794,2026-01-01 01:56:08+00:00,0,IOMT-002,S-IOMT-002-794,IMAGING,EP-IND-00794
NET-00795,2026-01-01 01:56:08+00:00,0,IOMT-027,S-IOMT-027-795,LAB_RESULTS,EP-IND-00795
NET-00796,2026-01-01 01:56:14+00:00,0,IOMT-023,S-IOMT-023-796,LAB_RESULTS,EP-IND-00796
NET-00797,2026-01-01 01:56:21+00:00,0,IOMT-009,S-IOMT-009-797,EHR_WRITE,EP-IND-00797
NET-00798,2026-01-01 01:56:35+00:00,0,IOMT-019,S-IOMT-019-798,IMAGING,EP-IND-00798
NET-00799,2026-01-01 01:56:37+00:00,0,IOMT-022,S-IOMT-022-799,RESEARCH,EP-IND-00799
NET-00800,2026-01-01 01:56:46+00:00,0,IOMT-015,S-IOMT-015-800,EHR_WRITE,EP-IND-00800
NET-00801,2026-01-01 01:57:00+00:00,0,IOMT-033,S-IOMT-033-801,RESEARCH,EP-IND-00801
NET-00802,2026-01-01 01:57:24+00:00,1,IOMT-COORD-044,S-COORD-044,RESEARCH,EP-COORD-044
NET-00803,2026-01-01 01:57:29+00:00,0,IOMT-027,S-IOMT-027-803,RESEARCH,EP-IND-00803
NET-00804,2026-01-01 01:57:30+00:00,0,IOMT-011,S-IOMT-011-804,LAB_RESULTS,EP-IND-00804
NET-00805,2026-01-01 01:57:48+00:00,0,IOMT-034,S-IOMT-034-805,EHR_READ,EP-IND-00805
NET-00806,2026-01-01 01:58:13+00:00,0,IOMT-014,S-IOMT-014-806,RESEARCH,EP-IND-00806
NET-00807,2026-01-01 01:58:15+00:00,0,IOMT-019,S-IOMT-019-807,EHR_WRITE,EP-IND-00807
NET-00808,2026-01-01 01:58:37+00:00,0,IOMT-000,S-IOMT-000-808,LAB_RESULTS,EP-IND-00808
NET-00809,2026-01-01 01:58:38+00:00,0,IOMT-042,S-IOMT-042-809,EHR_READ,EP-IND-00809
NET-00810,2026-01-01 01:58:43+00:00,0,IOMT-043,S-IOMT-043-810,IMAGING,EP-IND-00810
NET-00811,2026-01-01 01:58:53+00:00,0,IOMT-026,S-IOMT-026-811,EHR_WRITE,EP-IND-00811
NET-00812,2026-01-01 01:59:05+00:00,0,IOMT-010,S-IOMT-010-812,RESEARCH,EP-IND-00812
NET-00813,2026-01-01 01:59:11+00:00,0,IOMT-047,S-IOMT-047-813,RESEARCH,EP-IND-00813
NET-00814,2026-01-01 01:59:18+00:00,0,IOMT-002,S-IOMT-002-814,IMAGING,EP-IND-00814
NET-00815,2026-01-01 01:59:32+00:00,0,IOMT-010,S-IOMT-010-815,RESEARCH,EP-IND-00815
NET-00816,2026-01-01 01:59:43+00:00,0,IOMT-036,S-IOMT-036-816,EHR_WRITE,EP-IND-00816
NET-00817,2026-01-01 02:00:04+00:00,0,IOMT-042,S-IOMT-042-817,EHR_WRITE,EP-IND-00817
NET-00818,2026-01-01 02:00:11+00:00,0,IOMT-019,S-IOMT-019-818,LAB_RESULTS,EP-IND-00818
NET-00819,2026-01-01 02:00:42+00:00,1,IOMT-COORD-045,S-COORD-045,EHR_READ,EP-COORD-045
NET-00820,2026-01-01 02:00:47+00:00,0,IOMT-033,S-IOMT-033-820,IMAGING,EP-IND-00820
NET-00821,2026-01-01 02:00:55+00:00,0,IOMT-038,S-IOMT-038-821,EHR_READ,EP-IND-00821
NET-00822,2026-01-01 02:01:00+00:00,0,IOMT-030,S-IOMT-030-822,EHR_READ,EP-IND-00822
NET-00823,2026-01-01 02:01:06+00:00,0,IOMT-025,S-IOMT-025-823,EHR_READ,EP-IND-00823
NET-00824,2026-01-01 02:01:07+00:00,0,IOMT-016,S-IOMT-016-824,LAB_RESULTS,EP-IND-00824
NET-00825,2026-01-01 02:01:14+00:00,0,IOMT-030,S-IOMT-030-825,EHR_READ,EP-IND-00825
NET-00826,2026-01-01 02:01:19+00:00,0,IOMT-038,S-IOMT-038-826,IMAGING,EP-IND-00826
NET-00827,2026-01-01 02:01:24+00:00,0,IOMT-045,S-IOMT-045-827,EHR_READ,EP-IND-00827
NET-00828,2026-01-01 02:01:27+00:00,0,IOMT-031,S-IOMT-031-828,EHR_WRITE,EP-IND-00828
NET-00829,2026-01-01 02:01:32+00:00,0,IOMT-049,S-IOMT-049-829,LAB_RESULTS,EP-IND-00829
NET-00830,2026-01-01 02:01:32+00:00,0,IOMT-042,S-IOMT-042-830,LAB_RESULTS,EP-IND-00830
NET-00831,2026-01-01 02:01:50+00:00,0,IOMT-007,S-IOMT-007-831,IMAGING,EP-IND-00831
NET-00832,2026-01-01 02:02:23+00:00,0,IOMT-011,S-IOMT-011-832,RESEARCH,EP-IND-00832
NET-00833,2026-01-01 02:02:24+00:00,0,IOMT-000,S-IOMT-000-833,RESEARCH,EP-IND-00833
NET-00834,2026-01-01 02:02:36+00:00,0,IOMT-004,S-IOMT-004-834,LAB_RESULTS,EP-IND-00834
NET-00835,2026-01-01 02:02:52+00:00,0,IOMT-048,S-IOMT-048-835,EHR_READ,EP-IND-00835
NET-00836,2026-01-01 02:03:16+00:00,0,IOMT-047,S-IOMT-047-836,RESEARCH,EP-IND-00836
NET-00837,2026-01-01 02:03:17+00:00,0,IOMT-014,S-IOMT-014-837,EHR_WRITE,EP-IND-00837
NET-00838,2026-01-01 02:03:23+00:00,0,IOMT-039,S-IOMT-039-838,EHR_WRITE,EP-IND-00838
NET-00839,2026-01-01 02:03:34+00:00,0,IOMT-012,S-IOMT-012-839,IMAGING,EP-IND-00839
NET-00840,2026-01-01 02:03:37+00:00,0,IOMT-012,S-IOMT-012-840,EHR_WRITE,EP-IND-00840
NET-00841,2026-01-01 02:03:37+00:00,0,IOMT-041,S-IOMT-041-841,RESEARCH,EP-IND-00841
NET-00842,2026-01-01 02:03:38+00:00,0,IOMT-038,S-IOMT-038-842,IMAGING,EP-IND-00842
NET-00843,2026-01-01 02:03:50+00:00,0,IOMT-005,S-IOMT-005-843,EHR_READ,EP-IND-00843
NET-00844,2026-01-01 02:03:51+00:00,0,IOMT-041,S-IOMT-041-844,LAB_RESULTS,EP-IND-00844
NET-00845,2026-01-01 02:03:52+00:00,0,IOMT-018,S-IOMT-018-845,RESEARCH,EP-IND-00845
NET-00846,2026-01-01 02:03:59+00:00,0,IOMT-005,S-IOMT-005-846,RESEARCH,EP-IND-00846
NET-00847,2026-01-01 02:04:00+00:00,0,IOMT-044,S-IOMT-044-847,RESEARCH,EP-IND-00847
NET-00848,2026-01-01 02:04:04+00:00,0,IOMT-034,S-IOMT-034-848,EHR_READ,EP-IND-00848
NET-00849,2026-01-01 02:04:14+00:00,0,IOMT-008,S-IOMT-008-849,EHR_READ,EP-IND-00849
NET-00850,2026-01-01 02:04:16+00:00,0,IOMT-041,S-IOMT-041-850,LAB_RESULTS,EP-IND-00850
NET-00851,2026-01-01 02:04:24+00:00,0,IOMT-000,S-IOMT-000-851,RESEARCH,EP-IND-00851
NET-00852,2026-01-01 02:04:48+00:00,0,IOMT-003,S-IOMT-003-852,EHR_WRITE,EP-IND-00852
NET-00853,2026-01-01 02:04:49+00:00,0,IOMT-024,S-IOMT-024-853,IMAGING,EP-IND-00853
NET-00854,2026-01-01 02:04:56+00:00,0,IOMT-033,S-IOMT-033-854,EHR_WRITE,EP-IND-00854
NET-00855,2026-01-01 02:05:05+00:00,0,IOMT-043,S-IOMT-043-855,LAB_RESULTS,EP-IND-00855
NET-00856,2026-01-01 02:05:19+00:00,0,IOMT-048,S-IOMT-048-856,EHR_WRITE,EP-IND-00856
NET-00857,2026-01-01 02:05:22+00:00,0,IOMT-046,S-IOMT-046-857,RESEARCH,EP-IND-00857
NET-00858,2026-01-01 02:05:25+00:00,0,IOMT-015,S-IOMT-015-858,LAB_RESULTS,EP-IND-00858
NET-00859,2026-01-01 02:05:30+00:00,0,IOMT-041,S-IOMT-041-859,RESEARCH,EP-IND-00859
NET-00860,2026-01-01 02:05:32+00:00,0,IOMT-010,S-IOMT-010-860,EHR_READ,EP-IND-00860
NET-00861,2026-01-01 02:05:40+00:00,0,IOMT-023,S-IOMT-023-861,EHR_READ,EP-IND-00861
NET-00862,2026-01-01 02:05:41+00:00,0,IOMT-010,S-IOMT-010-862,RESEARCH,EP-IND-00862
NET-00863,2026-01-01 02:05:46+00:00,0,IOMT-046,S-IOMT-046-863,IMAGING,EP-IND-00863
NET-00864,2026-01-01 02:05:51+00:00,0,IOMT-001,S-IOMT-001-864,LAB_RESULTS,EP-IND-00864
NET-00865,2026-01-01 02:05:52+00:00,0,IOMT-000,S-IOMT-000-865,IMAGING,EP-IND-00865
NET-00866,2026-01-01 02:05:54+00:00,0,IOMT-012,S-IOMT-012-866,EHR_READ,EP-IND-00866
NET-00867,2026-01-01 02:05:58+00:00,0,IOMT-014,S-IOMT-014-867,LAB_RESULTS,EP-IND-00867
NET-00868,2026-01-01 02:06:14+00:00,0,IOMT-046,S-IOMT-046-868,LAB_RESULTS,EP-IND-00868
NET-00869,2026-01-01 02:06:21+00:00,0,IOMT-021,S-IOMT-021-869,EHR_READ,EP-IND-00869
NET-00870,2026-01-01 02:06:35+00:00,0,IOMT-010,S-IOMT-010-870,EHR_WRITE,EP-IND-00870
NET-00871,2026-01-01 02:06:38+00:00,0,IOMT-013,S-IOMT-013-871,RESEARCH,EP-IND-00871
NET-00872,2026-01-01 02:06:41+00:00,0,IOMT-047,S-IOMT-047-872,EHR_WRITE,EP-IND-00872
NET-00873,2026-01-01 02:06:47+00:00,0,IOMT-048,S-IOMT-048-873,EHR_WRITE,EP-IND-00873
NET-00874,2026-01-01 02:06:53+00:00,0,IOMT-032,S-IOMT-032-874,IMAGING,EP-IND-00874
NET-00875,2026-01-01 02:06:59+00:00,0,IOMT-026,S-IOMT-026-875,LAB_RESULTS,EP-IND-00875
NET-00876,2026-01-01 02:07:01+00:00,0,IOMT-019,S-IOMT-019-876,EHR_WRITE,EP-IND-00876
NET-00877,2026-01-01 02:07:07+00:00,0,IOMT-001,S-IOMT-001-877,EHR_WRITE,EP-IND-00877
NET-00878,2026-01-01 02:07:10+00:00,0,IOMT-042,S-IOMT-042-878,IMAGING,EP-IND-00878
NET-00879,2026-01-01 02:07:16+00:00,0,IOMT-042,S-IOMT-042-879,EHR_WRITE,EP-IND-00879
NET-00880,2026-01-01 02:07:27+00:00,0,IOMT-027,S-IOMT-027-880,IMAGING,EP-IND-00880
NET-00881,2026-01-01 02:07:34+00:00,1,IOMT-COORD-046,S-COORD-046,EHR_WRITE,EP-COORD-046
NET-00882,2026-01-01 02:07:44+00:00,0,IOMT-020,S-IOMT-020-882,EHR_READ,EP-IND-00882
NET-00883,2026-01-01 02:07:46+00:00,0,IOMT-024,S-IOMT-024-883,EHR_WRITE,EP-IND-00883
NET-00884,2026-01-01 02:08:01+00:00,0,IOMT-024,S-IOMT-024-884,RESEARCH,EP-IND-00884
NET-00885,2026-01-01 02:08:04+00:00,0,IOMT-002,S-IOMT-002-885,LAB_RESULTS,EP-IND-00885
NET-00886,2026-01-01 02:08:04+00:00,0,IOMT-049,S-IOMT-049-886,EHR_WRITE,EP-IND-00886
NET-00887,2026-01-01 02:08:09+00:00,0,IOMT-032,S-IOMT-032-887,EHR_READ,EP-IND-00887
NET-00888,2026-01-01 02:08:14+00:00,0,IOMT-031,S-IOMT-031-888,EHR_WRITE,EP-IND-00888
NET-00889,2026-01-01 02:08:24+00:00,0,IOMT-041,S-IOMT-041-889,LAB_RESULTS,EP-IND-00889
NET-00890,2026-01-01 02:08:25+00:00,0,IOMT-024,S-IOMT-024-890,EHR_READ,EP-IND-00890
NET-00891,2026-01-01 02:08:30+00:00,0,IOMT-003,S-IOMT-003-891,EHR_READ,EP-IND-00891
NET-00892,2026-01-01 02:08:35+00:00,0,IOMT-023,S-IOMT-023-892,EHR_READ,EP-IND-00892
NET-00893,2026-01-01 02:08:39+00:00,0,IOMT-038,S-IOMT-038-893,EHR_READ,EP-IND-00893
NET-00894,2026-01-01 02:08:51+00:00,0,IOMT-043,S-IOMT-043-894,LAB_RESULTS,EP-IND-00894
NET-00895,2026-01-01 02:09:01+00:00,0,IOMT-023,S-IOMT-023-895,EHR_WRITE,EP-IND-00895
NET-00896,2026-01-01 02:09:06+00:00,0,IOMT-039,S-IOMT-039-896,LAB_RESULTS,EP-IND-00896
NET-00897,2026-01-01 02:09:08+00:00,0,IOMT-023,S-IOMT-023-897,IMAGING,EP-IND-00897
NET-00898,2026-01-01 02:09:15+00:00,0,IOMT-032,S-IOMT-032-898,LAB_RESULTS,EP-IND-00898
NET-00899,2026-01-01 02:09:31+00:00,0,IOMT-041,S-IOMT-041-899,IMAGING,EP-IND-00899
NET-00900,2026-01-01 02:09:36+00:00,0,IOMT-024,S-IOMT-024-900,RESEARCH,EP-IND-00900
NET-00901,2026-01-01 02:09:36+00:00,0,IOMT-025,S-IOMT-025-901,RESEARCH,EP-IND-00901
NET-00902,2026-01-01 02:10:00+00:00,0,IOMT-045,S-IOMT-045-902,RESEARCH,EP-IND-00902
NET-00903,2026-01-01 02:10:15+00:00,1,IOMT-013,S-IOMT-013-903,RESEARCH,EP-IND-00903
NET-00904,2026-01-01 02:10:19+00:00,0,IOMT-001,S-IOMT-001-904,EHR_READ,EP-IND-00904
NET-00905,2026-01-01 02:10:31+00:00,0,IOMT-020,S-IOMT-020-905,RESEARCH,EP-IND-00905
NET-00906,2026-01-01 02:10:36+00:00,0,IOMT-016,S-IOMT-016-906,LAB_RESULTS,EP-IND-00906
NET-00907,2026-01-01 02:10:39+00:00,0,IOMT-026,S-IOMT-026-907,RESEARCH,EP-IND-00907
NET-00908,2026-01-01 02:10:41+00:00,0,IOMT-046,S-IOMT-046-908,EHR_WRITE,EP-IND-00908
NET-00909,2026-01-01 02:10:45+00:00,0,IOMT-015,S-IOMT-015-909,EHR_WRITE,EP-IND-00909
NET-00910,2026-01-01 02:10:45+00:00,0,IOMT-048,S-IOMT-048-910,IMAGING,EP-IND-00910
NET-00911,2026-01-01 02:10:48+00:00,0,IOMT-040,S-IOMT-040-911,EHR_READ,EP-IND-00911
NET-00912,2026-01-01 02:10:50+00:00,0,IOMT-011,S-IOMT-011-912,EHR_WRITE,EP-IND-00912
NET-00913,2026-01-01 02:10:56+00:00,0,IOMT-028,S-IOMT-028-913,RESEARCH,EP-IND-00913
NET-00914,2026-01-01 02:11:03+00:00,0,IOMT-032,S-IOMT-032-914,EHR_WRITE,EP-IND-00914
NET-00915,2026-01-01 02:11:13+00:00,0,IOMT-026,S-IOMT-026-915,EHR_READ,EP-IND-00915
NET-00916,2026-01-01 02:11:19+00:00,1,IOMT-008,S-IOMT-008-916,IMAGING,EP-IND-00916
NET-00917,2026-01-01 02:11:23+00:00,0,IOMT-035,S-IOMT-035-917,IMAGING,EP-IND-00917
NET-00918,2026-01-01 02:11:24+00:00,0,IOMT-020,S-IOMT-020-918,LAB_RESULTS,EP-IND-00918
NET-00919,2026-01-01 02:11:27+00:00,0,IOMT-020,S-IOMT-020-919,EHR_READ,EP-IND-00919
NET-00920,2026-01-01 02:11:31+00:00,0,IOMT-007,S-IOMT-007-920,IMAGING,EP-IND-00920
NET-00921,2026-01-01 02:11:35+00:00,0,IOMT-045,S-IOMT-045-921,EHR_READ,EP-IND-00921
NET-00922,2026-01-01 02:11:41+00:00,0,IOMT-018,S-IOMT-018-922,RESEARCH,EP-IND-00922
NET-00923,2026-01-01 02:11:45+00:00,0,IOMT-010,S-IOMT-010-923,IMAGING,EP-IND-00923
NET-00924,2026-01-01 02:11:48+00:00,0,IOMT-001,S-IOMT-001-924,RESEARCH,EP-IND-00924
NET-00925,2026-01-01 02:11:49+00:00,0,IOMT-049,S-IOMT-049-925,LAB_RESULTS,EP-IND-00925
NET-00926,2026-01-01 02:11:52+00:00,0,IOMT-013,S-IOMT-013-926,RESEARCH,EP-IND-00926
NET-00927,2026-01-01 02:12:06+00:00,0,IOMT-019,S-IOMT-019-927,RESEARCH,EP-IND-00927
NET-00928,2026-01-01 02:12:07+00:00,0,IOMT-034,S-IOMT-034-928,RESEARCH,EP-IND-00928
NET-00929,2026-01-01 02:12:08+00:00,0,IOMT-031,S-IOMT-031-929,EHR_WRITE,EP-IND-00929
NET-00930,2026-01-01 02:12:09+00:00,0,IOMT-012,S-IOMT-012-930,RESEARCH,EP-IND-00930
NET-00931,2026-01-01 02:12:11+00:00,0,IOMT-031,S-IOMT-031-931,LAB_RESULTS,EP-IND-00931
NET-00932,2026-01-01 02:12:13+00:00,0,IOMT-014,S-IOMT-014-932,EHR_READ,EP-IND-00932
NET-00933,2026-01-01 02:12:14+00:00,1,IOMT-013,S-IOMT-013-933,LAB_RESULTS,EP-IND-00933
NET-00934,2026-01-01 02:12:15+00:00,0,IOMT-035,S-IOMT-035-934,EHR_WRITE,EP-IND-00934
NET-00935,2026-01-01 02:12:21+00:00,0,IOMT-029,S-IOMT-029-935,EHR_WRITE,EP-IND-00935
NET-00936,2026-01-01 02:12:54+00:00,0,IOMT-048,S-IOMT-048-936,RESEARCH,EP-IND-00936
NET-00937,2026-01-01 02:12:56+00:00,0,IOMT-040,S-IOMT-040-937,IMAGING,EP-IND-00937
NET-00938,2026-01-01 02:12:56+00:00,0,IOMT-016,S-IOMT-016-938,EHR_WRITE,EP-IND-00938
NET-00939,2026-01-01 02:13:03+00:00,0,IOMT-022,S-IOMT-022-939,EHR_READ,EP-IND-00939
NET-00940,2026-01-01 02:13:18+00:00,1,IOMT-048,S-IOMT-048-940,EHR_READ,EP-IND-00940
NET-00941,2026-01-01 02:13:45+00:00,0,IOMT-028,S-IOMT-028-941,LAB_RESULTS,EP-IND-00941
NET-00942,2026-01-01 02:13:49+00:00,0,IOMT-012,S-IOMT-012-942,EHR_READ,EP-IND-00942
NET-00943,2026-01-01 02:14:01+00:00,0,IOMT-009,S-IOMT-009-943,EHR_READ,EP-IND-00943
NET-00944,2026-01-01 02:14:13+00:00,0,IOMT-009,S-IOMT-009-944,IMAGING,EP-IND-00944
NET-00945,2026-01-01 02:14:33+00:00,0,IOMT-004,S-IOMT-004-945,IMAGING,EP-IND-00945
NET-00946,2026-01-01 02:14:34+00:00,0,IOMT-018,S-IOMT-018-946,IMAGING,EP-IND-00946
NET-00947,2026-01-01 02:14:34+00:00,0,IOMT-021,S-IOMT-021-947,IMAGING,EP-IND-00947
NET-00948,2026-01-01 02:15:18+00:00,0,IOMT-032,S-IOMT-032-948,LAB_RESULTS,EP-IND-00948
NET-00949,2026-01-01 02:15:30+00:00,0,IOMT-048,S-IOMT-048-949,LAB_RESULTS,EP-IND-00949
NET-00950,2026-01-01 02:15:55+00:00,0,IOMT-002,S-IOMT-002-950,LAB_RESULTS,EP-IND-00950
NET-00951,2026-01-01 02:15:58+00:00,0,IOMT-004,S-IOMT-004-951,LAB_RESULTS,EP-IND-00951
NET-00952,2026-01-01 02:16:09+00:00,0,IOMT-048,S-IOMT-048-952,RESEARCH,EP-IND-00952
NET-00953,2026-01-01 02:16:10+00:00,0,IOMT-029,S-IOMT-029-953,IMAGING,EP-IND-00953
NET-00954,2026-01-01 02:16:19+00:00,0,IOMT-049,S-IOMT-049-954,LAB_RESULTS,EP-IND-00954
NET-00955,2026-01-01 02:16:33+00:00,0,IOMT-005,S-IOMT-005-955,RESEARCH,EP-IND-00955
NET-00956,2026-01-01 02:16:37+00:00,0,IOMT-032,S-IOMT-032-956,EHR_READ,EP-IND-00956
NET-00957,2026-01-01 02:16:43+00:00,0,IOMT-049,S-IOMT-049-957,IMAGING,EP-IND-00957
NET-00958,2026-01-01 02:17:12+00:00,0,IOMT-032,S-IOMT-032-958,LAB_RESULTS,EP-IND-00958
NET-00959,2026-01-01 02:17:14+00:00,0,IOMT-024,S-IOMT-024-959,EHR_WRITE,EP-IND-00959
NET-00960,2026-01-01 02:17:32+00:00,0,IOMT-030,S-IOMT-030-960,EHR_WRITE,EP-IND-00960
NET-00961,2026-01-01 02:17:36+00:00,0,IOMT-038,S-IOMT-038-961,IMAGING,EP-IND-00961
NET-00962,2026-01-01 02:17:50+00:00,0,IOMT-012,S-IOMT-012-962,IMAGING,EP-IND-00962
NET-00963,2026-01-01 02:17:56+00:00,0,IOMT-015,S-IOMT-015-963,IMAGING,EP-IND-00963
NET-00964,2026-01-01 02:18:08+00:00,0,IOMT-017,S-IOMT-017-964,IMAGING,EP-IND-00964
NET-00965,2026-01-01 02:18:12+00:00,0,IOMT-015,S-IOMT-015-965,LAB_RESULTS,EP-IND-00965
NET-00966,2026-01-01 02:18:15+00:00,0,IOMT-024,S-IOMT-024-966,RESEARCH,EP-IND-00966
NET-00967,2026-01-01 02:18:20+00:00,0,IOMT-023,S-IOMT-023-967,EHR_WRITE,EP-IND-00967
NET-00968,2026-01-01 02:18:28+00:00,0,IOMT-009,S-IOMT-009-968,LAB_RESULTS,EP-IND-00968
NET-00969,2026-01-01 02:18:28+00:00,0,IOMT-049,S-IOMT-049-969,LAB_RESULTS,EP-IND-00969
NET-00970,2026-01-01 02:18:35+00:00,0,IOMT-039,S-IOMT-039-970,IMAGING,EP-IND-00970
NET-00971,2026-01-01 02:18:51+00:00,0,IOMT-047,S-IOMT-047-971,EHR_WRITE,EP-IND-00971
NET-00972,2026-01-01 02:18:54+00:00,0,IOMT-001,S-IOMT-001-972,EHR_WRITE,EP-IND-00972
NET-00973,2026-01-01 02:18:55+00:00,0,IOMT-032,S-IOMT-032-973,IMAGING,EP-IND-00973
NET-00974,2026-01-01 02:19:08+00:00,0,IOMT-008,S-IOMT-008-974,EHR_READ,EP-IND-00974
NET-00975,2026-01-01 02:19:21+00:00,0,IOMT-020,S-IOMT-020-975,EHR_READ,EP-IND-00975
NET-00976,2026-01-01 02:19:40+00:00,0,IOMT-033,S-IOMT-033-976,EHR_WRITE,EP-IND-00976
NET-00977,2026-01-01 02:19:43+00:00,1,IOMT-029,S-IOMT-029-977,EHR_WRITE,EP-IND-00977
NET-00978,2026-01-01 02:19:54+00:00,0,IOMT-031,S-IOMT-031-978,RESEARCH,EP-IND-00978
NET-00979,2026-01-01 02:19:57+00:00,0,IOMT-038,S-IOMT-038-979,LAB_RESULTS,EP-IND-00979
NET-00980,2026-01-01 02:20:05+00:00,0,IOMT-002,S-IOMT-002-980,EHR_WRITE,EP-IND-00980
NET-00981,2026-01-01 02:20:21+00:00,0,IOMT-017,S-IOMT-017-981,EHR_WRITE,EP-IND-00981
NET-00982,2026-01-01 02:20:21+00:00,0,IOMT-016,S-IOMT-016-982,EHR_WRITE,EP-IND-00982
NET-00983,2026-01-01 02:20:36+00:00,0,IOMT-046,S-IOMT-046-983,EHR_WRITE,EP-IND-00983
NET-00984,2026-01-01 02:20:45+00:00,0,IOMT-039,S-IOMT-039-984,EHR_READ,EP-IND-00984
NET-00985,2026-01-01 02:20:57+00:00,0,IOMT-012,S-IOMT-012-985,EHR_WRITE,EP-IND-00985
NET-00986,2026-01-01 02:21:06+00:00,0,IOMT-044,S-IOMT-044-986,LAB_RESULTS,EP-IND-00986
NET-00987,2026-01-01 02:21:06+00:00,0,IOMT-013,S-IOMT-013-987,LAB_RESULTS,EP-IND-00987
NET-00988,2026-01-01 02:21:14+00:00,0,IOMT-031,S-IOMT-031-988,EHR_WRITE,EP-IND-00988
NET-00989,2026-01-01 02:21:23+00:00,0,IOMT-023,S-IOMT-023-989,LAB_RESULTS,EP-IND-00989
NET-00990,2026-01-01 02:21:33+00:00,0,IOMT-014,S-IOMT-014-990,IMAGING,EP-IND-00990
NET-00991,2026-01-01 02:21:34+00:00,0,IOMT-019,S-IOMT-019-991,EHR_READ,EP-IND-00991
NET-00992,2026-01-01 02:21:58+00:00,0,IOMT-037,S-IOMT-037-992,EHR_WRITE,EP-IND-00992
NET-00993,2026-01-01 02:22:02+00:00,0,IOMT-044,S-IOMT-044-993,EHR_WRITE,EP-IND-00993
NET-00994,2026-01-01 02:22:04+00:00,0,IOMT-007,S-IOMT-007-994,IMAGING,EP-IND-00994
NET-00995,2026-01-01 02:22:10+00:00,0,IOMT-049,S-IOMT-049-995,EHR_WRITE,EP-IND-00995
NET-00996,2026-01-01 02:22:27+00:00,0,IOMT-016,S-IOMT-016-996,EHR_WRITE,EP-IND-00996
NET-00997,2026-01-01 02:22:29+00:00,0,IOMT-007,S-IOMT-007-0,EHR_READ,EP-IND-00997
NET-00998,2026-01-01 02:22:34+00:00,0,IOMT-036,S-IOMT-036-1,EHR_READ,EP-IND-00998
NET-00999,2026-01-01 02:22:41+00:00,1,IOMT-027,S-IOMT-027-2,EHR_READ,EP-IND-00999
NET-01000,2026-01-01 02:22:53+00:00,0,IOMT-008,S-IOMT-008-3,EHR_READ,EP-IND-01000
NET-01001,2026-01-01 02:22:55+00:00,0,IOMT-003,S-IOMT-003-4,EHR_READ,EP-IND-01001
NET-01002,2026-01-01 02:22:59+00:00,0,IOMT-040,S-IOMT-040-5,EHR_WRITE,EP-IND-01002
NET-01003,2026-01-01 02:23:00+00:00,0,IOMT-033,S-IOMT-033-6,EHR_WRITE,EP-IND-01003
NET-01004,2026-01-01 02:23:04+00:00,0,IOMT-032,S-IOMT-032-7,LAB_RESULTS,EP-IND-01004
NET-01005,2026-01-01 02:23:18+00:00,0,IOMT-010,S-IOMT-010-8,RESEARCH,EP-IND-01005
NET-01006,2026-01-01 02:23:23+00:00,0,IOMT-017,S-IOMT-017-9,IMAGING,EP-IND-01006
NET-01007,2026-01-01 02:23:25+00:00,0,IOMT-011,S-IOMT-011-10,EHR_WRITE,EP-IND-01007
NET-01008,2026-01-01 02:23:26+00:00,0,IOMT-040,S-IOMT-040-11,LAB_RESULTS,EP-IND-01008
NET-01009,2026-01-01 02:23:32+00:00,0,IOMT-030,S-IOMT-030-12,IMAGING,EP-IND-01009
NET-01010,2026-01-01 02:23:35+00:00,0,IOMT-021,S-IOMT-021-13,IMAGING,EP-IND-01010
NET-01011,2026-01-01 02:23:54+00:00,0,IOMT-034,S-IOMT-034-14,IMAGING,EP-IND-01011
NET-01012,2026-01-01 02:24:03+00:00,0,IOMT-047,S-IOMT-047-15,IMAGING,EP-IND-01012
NET-01013,2026-01-01 02:24:03+00:00,0,IOMT-048,S-IOMT-048-16,LAB_RESULTS,EP-IND-01013
NET-01014,2026-01-01 02:24:09+00:00,0,IOMT-036,S-IOMT-036-17,RESEARCH,EP-IND-01014
NET-01015,2026-01-01 02:24:21+00:00,0,IOMT-043,S-IOMT-043-18,EHR_WRITE,EP-IND-01015
NET-01016,2026-01-01 02:24:35+00:00,0,IOMT-046,S-IOMT-046-19,LAB_RESULTS,EP-IND-01016
NET-01017,2026-01-01 02:24:53+00:00,0,IOMT-025,S-IOMT-025-20,EHR_WRITE,EP-IND-01017
NET-01018,2026-01-01 02:24:56+00:00,1,IOMT-045,S-IOMT-045-21,EHR_READ,EP-IND-01018
NET-01019,2026-01-01 02:24:57+00:00,0,IOMT-032,S-IOMT-032-22,IMAGING,EP-IND-01019
NET-01020,2026-01-01 02:25:03+00:00,0,IOMT-030,S-IOMT-030-23,RESEARCH,EP-IND-01020
NET-01021,2026-01-01 02:25:19+00:00,0,IOMT-039,S-IOMT-039-24,IMAGING,EP-IND-01021
NET-01022,2026-01-01 02:25:31+00:00,0,IOMT-021,S-IOMT-021-25,LAB_RESULTS,EP-IND-01022
NET-01023,2026-01-01 02:25:34+00:00,0,IOMT-020,S-IOMT-020-26,IMAGING,EP-IND-01023
NET-01024,2026-01-01 02:25:48+00:00,0,IOMT-013,S-IOMT-013-27,IMAGING,EP-IND-01024
NET-01025,2026-01-01 02:25:53+00:00,0,IOMT-047,S-IOMT-047-28,IMAGING,EP-IND-01025
NET-01026,2026-01-01 02:26:02+00:00,0,IOMT-040,S-IOMT-040-29,EHR_READ,EP-IND-01026
NET-01027,2026-01-01 02:26:02+00:00,0,IOMT-046,S-IOMT-046-30,EHR_WRITE,EP-IND-01027
NET-01028,2026-01-01 02:26:09+00:00,0,IOMT-025,S-IOMT-025-31,RESEARCH,EP-IND-01028
NET-01029,2026-01-01 02:26:12+00:00,0,IOMT-033,S-IOMT-033-32,IMAGING,EP-IND-01029
NET-01030,2026-01-01 02:26:12+00:00,0,IOMT-021,S-IOMT-021-33,RESEARCH,EP-IND-01030
NET-01031,2026-01-01 02:26:14+00:00,0,IOMT-049,S-IOMT-049-34,RESEARCH,EP-IND-01031
NET-01032,2026-01-01 02:26:16+00:00,0,IOMT-034,S-IOMT-034-35,EHR_READ,EP-IND-01032
NET-01033,2026-01-01 02:26:32+00:00,0,IOMT-047,S-IOMT-047-36,EHR_READ,EP-IND-01033
NET-01034,2026-01-01 02:27:00+00:00,0,IOMT-010,S-IOMT-010-37,EHR_WRITE,EP-IND-01034
NET-01035,2026-01-01 02:27:03+00:00,1,IOMT-016,S-IOMT-016-38,RESEARCH,EP-IND-01035
NET-01036,2026-01-01 02:27:18+00:00,0,IOMT-034,S-IOMT-034-39,IMAGING,EP-IND-01036
NET-01037,2026-01-01 02:27:26+00:00,0,IOMT-034,S-IOMT-034-40,RESEARCH,EP-IND-01037
NET-01038,2026-01-01 02:27:36+00:00,0,IOMT-027,S-IOMT-027-41,EHR_READ,EP-IND-01038
NET-01039,2026-01-01 02:27:49+00:00,0,IOMT-014,S-IOMT-014-42,IMAGING,EP-IND-01039
NET-01040,2026-01-01 02:28:02+00:00,0,IOMT-007,S-IOMT-007-43,RESEARCH,EP-IND-01040
NET-01041,2026-01-01 02:28:09+00:00,0,IOMT-019,S-IOMT-019-44,EHR_READ,EP-IND-01041
NET-01042,2026-01-01 02:28:14+00:00,0,IOMT-022,S-IOMT-022-45,RESEARCH,EP-IND-01042
NET-01043,2026-01-01 02:28:25+00:00,0,IOMT-029,S-IOMT-029-46,IMAGING,EP-IND-01043
NET-01044,2026-01-01 02:28:55+00:00,0,IOMT-002,S-IOMT-002-47,RESEARCH,EP-IND-01044
NET-01045,2026-01-01 02:29:10+00:00,0,IOMT-013,S-IOMT-013-48,EHR_WRITE,EP-IND-01045
NET-01046,2026-01-01 02:29:19+00:00,0,IOMT-005,S-IOMT-005-49,IMAGING,EP-IND-01046
NET-01047,2026-01-01 02:29:29+00:00,0,IOMT-001,S-IOMT-001-50,LAB_RESULTS,EP-IND-01047
NET-01048,2026-01-01 02:29:54+00:00,0,IOMT-031,S-IOMT-031-51,EHR_WRITE,EP-IND-01048
NET-01049,2026-01-01 02:29:54+00:00,0,IOMT-000,S-IOMT-000-52,EHR_READ,EP-IND-01049
NET-01050,2026-01-01 02:29:57+00:00,0,IOMT-007,S-IOMT-007-53,RESEARCH,EP-IND-01050
NET-01051,2026-01-01 02:29:57+00:00,0,IOMT-034,S-IOMT-034-54,LAB_RESULTS,EP-IND-01051
NET-01052,2026-01-01 02:30:06+00:00,0,IOMT-008,S-IOMT-008-55,IMAGING,EP-IND-01052
NET-01053,2026-01-01 02:30:23+00:00,0,IOMT-045,S-IOMT-045-56,LAB_RESULTS,EP-IND-01053
NET-01054,2026-01-01 02:30:50+00:00,0,IOMT-000,S-IOMT-000-57,EHR_READ,EP-IND-01054
NET-01055,2026-01-01 02:30:51+00:00,0,IOMT-025,S-IOMT-025-58,IMAGING,EP-IND-01055
NET-01056,2026-01-01 02:30:56+00:00,0,IOMT-039,S-IOMT-039-59,LAB_RESULTS,EP-IND-01056
NET-01057,2026-01-01 02:30:56+00:00,0,IOMT-002,S-IOMT-002-60,EHR_READ,EP-IND-01057
NET-01058,2026-01-01 02:30:56+00:00,0,IOMT-039,S-IOMT-039-61,EHR_READ,EP-IND-01058
NET-01059,2026-01-01 02:31:02+00:00,0,IOMT-024,S-IOMT-024-62,EHR_READ,EP-IND-01059
NET-01060,2026-01-01 02:31:12+00:00,0,IOMT-028,S-IOMT-028-63,EHR_READ,EP-IND-01060
NET-01061,2026-01-01 02:31:17+00:00,0,IOMT-003,S-IOMT-003-64,RESEARCH,EP-IND-01061
NET-01062,2026-01-01 02:31:19+00:00,0,IOMT-039,S-IOMT-039-65,IMAGING,EP-IND-01062
NET-01063,2026-01-01 02:31:43+00:00,1,IOMT-037,S-IOMT-037-66,IMAGING,EP-IND-01063
NET-01064,2026-01-01 02:31:49+00:00,0,IOMT-013,S-IOMT-013-67,LAB_RESULTS,EP-IND-01064
NET-01065,2026-01-01 02:32:01+00:00,0,IOMT-035,S-IOMT-035-68,RESEARCH,EP-IND-01065
NET-01066,2026-01-01 02:32:25+00:00,0,IOMT-042,S-IOMT-042-69,IMAGING,EP-IND-01066
NET-01067,2026-01-01 02:32:31+00:00,1,IOMT-013,S-IOMT-013-70,RESEARCH,EP-IND-01067
NET-01068,2026-01-01 02:32:36+00:00,0,IOMT-036,S-IOMT-036-71,LAB_RESULTS,EP-IND-01068
NET-01069,2026-01-01 02:32:40+00:00,0,IOMT-001,S-IOMT-001-72,EHR_WRITE,EP-IND-01069
NET-01070,2026-01-01 02:32:43+00:00,0,IOMT-013,S-IOMT-013-73,EHR_WRITE,EP-IND-01070
NET-01071,2026-01-01 02:32:49+00:00,0,IOMT-048,S-IOMT-048-74,EHR_READ,EP-IND-01071
NET-01072,2026-01-01 02:33:28+00:00,0,IOMT-009,S-IOMT-009-75,RESEARCH,EP-IND-01072
NET-01073,2026-01-01 02:33:37+00:00,0,IOMT-027,S-IOMT-027-76,IMAGING,EP-IND-01073
NET-01074,2026-01-01 02:33:43+00:00,0,IOMT-011,S-IOMT-011-77,RESEARCH,EP-IND-01074
NET-01075,2026-01-01 02:33:53+00:00,0,IOMT-027,S-IOMT-027-78,EHR_READ,EP-IND-01075
NET-01076,2026-01-01 02:33:55+00:00,1,IOMT-027,S-IOMT-027-79,RESEARCH,EP-IND-01076
NET-01077,2026-01-01 02:34:07+00:00,0,IOMT-014,S-IOMT-014-80,EHR_READ,EP-IND-01077
NET-01078,2026-01-01 02:34:16+00:00,0,IOMT-029,S-IOMT-029-81,LAB_RESULTS,EP-IND-01078
NET-01079,2026-01-01 02:34:22+00:00,0,IOMT-007,S-IOMT-007-82,IMAGING,EP-IND-01079
NET-01080,2026-01-01 02:34:27+00:00,0,IOMT-006,S-IOMT-006-83,RESEARCH,EP-IND-01080
NET-01081,2026-01-01 02:34:29+00:00,0,IOMT-032,S-IOMT-032-84,RESEARCH,EP-IND-01081
NET-01082,2026-01-01 02:34:41+00:00,0,IOMT-009,S-IOMT-009-85,LAB_RESULTS,EP-IND-01082
NET-01083,2026-01-01 02:35:02+00:00,0,IOMT-041,S-IOMT-041-86,EHR_WRITE,EP-IND-01083
NET-01084,2026-01-01 02:35:05+00:00,1,IOMT-021,S-IOMT-021-87,EHR_READ,EP-IND-01084
NET-01085,2026-01-01 02:35:06+00:00,0,IOMT-022,S-IOMT-022-88,EHR_WRITE,EP-IND-01085
NET-01086,2026-01-01 02:35:08+00:00,1,IOMT-029,S-IOMT-029-89,EHR_READ,EP-IND-01086
NET-01087,2026-01-01 02:35:10+00:00,0,IOMT-020,S-IOMT-020-90,LAB_RESULTS,EP-IND-01087
NET-01088,2026-01-01 02:35:16+00:00,0,IOMT-008,S-IOMT-008-91,LAB_RESULTS,EP-IND-01088
NET-01089,2026-01-01 02:35:23+00:00,0,IOMT-005,S-IOMT-005-92,LAB_RESULTS,EP-IND-01089
NET-01090,2026-01-01 02:35:28+00:00,0,IOMT-048,S-IOMT-048-93,RESEARCH,EP-IND-01090
NET-01091,2026-01-01 02:35:30+00:00,1,IOMT-045,S-IOMT-045-94,EHR_WRITE,EP-IND-01091
NET-01092,2026-01-01 02:35:32+00:00,0,IOMT-030,S-IOMT-030-95,RESEARCH,EP-IND-01092
NET-01093,2026-01-01 02:35:34+00:00,0,IOMT-031,S-IOMT-031-96,RESEARCH,EP-IND-01093
NET-01094,2026-01-01 02:35:40+00:00,0,IOMT-046,S-IOMT-046-97,LAB_RESULTS,EP-IND-01094
NET-01095,2026-01-01 02:35:55+00:00,0,IOMT-033,S-IOMT-033-98,EHR_WRITE,EP-IND-01095
NET-01096,2026-01-01 02:35:56+00:00,0,IOMT-011,S-IOMT-011-99,RESEARCH,EP-IND-01096
NET-01097,2026-01-01 02:35:56+00:00,0,IOMT-039,S-IOMT-039-100,RESEARCH,EP-IND-01097
NET-01098,2026-01-01 02:35:58+00:00,0,IOMT-047,S-IOMT-047-101,IMAGING,EP-IND-01098
NET-01099,2026-01-01 02:35:58+00:00,0,IOMT-026,S-IOMT-026-102,EHR_READ,EP-IND-01099
NET-01100,2026-01-01 02:36:17+00:00,0,IOMT-004,S-IOMT-004-103,LAB_RESULTS,EP-IND-01100
NET-01101,2026-01-01 02:36:20+00:00,0,IOMT-012,S-IOMT-012-104,EHR_READ,EP-IND-01101
NET-01102,2026-01-01 02:37:01+00:00,0,IOMT-017,S-IOMT-017-105,LAB_RESULTS,EP-IND-01102
NET-01103,2026-01-01 02:37:08+00:00,0,IOMT-033,S-IOMT-033-106,EHR_READ,EP-IND-01103
NET-01104,2026-01-01 02:37:20+00:00,1,IOMT-004,S-IOMT-004-107,EHR_WRITE,EP-IND-01104
NET-01105,2026-01-01 02:37:24+00:00,0,IOMT-018,S-IOMT-018-108,RESEARCH,EP-IND-01105
NET-01106,2026-01-01 02:37:34+00:00,1,IOMT-033,S-IOMT-033-109,EHR_WRITE,EP-IND-01106
NET-01107,2026-01-01 02:37:41+00:00,0,IOMT-033,S-IOMT-033-110,IMAGING,EP-IND-01107
NET-01108,2026-01-01 02:37:44+00:00,0,IOMT-026,S-IOMT-026-111,IMAGING,EP-IND-01108
NET-01109,2026-01-01 02:37:46+00:00,0,IOMT-040,S-IOMT-040-112,EHR_WRITE,EP-IND-01109
NET-01110,2026-01-01 02:37:51+00:00,0,IOMT-041,S-IOMT-041-113,RESEARCH,EP-IND-01110
NET-01111,2026-01-01 02:37:52+00:00,0,IOMT-012,S-IOMT-012-114,LAB_RESULTS,EP-IND-01111
NET-01112,2026-01-01 02:38:11+00:00,0,IOMT-047,S-IOMT-047-115,IMAGING,EP-IND-01112
NET-01113,2026-01-01 02:38:16+00:00,0,IOMT-006,S-IOMT-006-116,EHR_READ,EP-IND-01113
NET-01114,2026-01-01 02:38:27+00:00,0,IOMT-018,S-IOMT-018-117,EHR_READ,EP-IND-01114
NET-01115,2026-01-01 02:38:30+00:00,0,IOMT-003,S-IOMT-003-118,LAB_RESULTS,EP-IND-01115
NET-01116,2026-01-01 02:38:41+00:00,0,IOMT-020,S-IOMT-020-119,EHR_READ,EP-IND-01116
NET-01117,2026-01-01 02:38:58+00:00,0,IOMT-018,S-IOMT-018-120,EHR_WRITE,EP-IND-01117
NET-01118,2026-01-01 02:39:09+00:00,0,IOMT-049,S-IOMT-049-121,LAB_RESULTS,EP-IND-01118
NET-01119,2026-01-01 02:39:11+00:00,0,IOMT-021,S-IOMT-021-122,RESEARCH,EP-IND-01119
NET-01120,2026-01-01 02:39:13+00:00,0,IOMT-043,S-IOMT-043-123,LAB_RESULTS,EP-IND-01120
NET-01121,2026-01-01 02:39:16+00:00,0,IOMT-005,S-IOMT-005-124,EHR_WRITE,EP-IND-01121
NET-01122,2026-01-01 02:39:16+00:00,0,IOMT-018,S-IOMT-018-125,LAB_RESULTS,EP-IND-01122
NET-01123,2026-01-01 02:39:25+00:00,0,IOMT-031,S-IOMT-031-126,EHR_READ,EP-IND-01123
NET-01124,2026-01-01 02:39:26+00:00,0,IOMT-044,S-IOMT-044-127,IMAGING,EP-IND-01124
NET-01125,2026-01-01 02:39:43+00:00,0,IOMT-045,S-IOMT-045-128,IMAGING,EP-IND-01125
NET-01126,2026-01-01 02:40:13+00:00,0,IOMT-011,S-IOMT-011-129,EHR_READ,EP-IND-01126
NET-01127,2026-01-01 02:40:26+00:00,0,IOMT-046,S-IOMT-046-130,IMAGING,EP-IND-01127
NET-01128,2026-01-01 02:40:30+00:00,0,IOMT-045,S-IOMT-045-131,EHR_WRITE,EP-IND-01128
NET-01129,2026-01-01 02:40:30+00:00,0,IOMT-007,S-IOMT-007-132,LAB_RESULTS,EP-IND-01129
NET-01130,2026-01-01 02:40:48+00:00,0,IOMT-020,S-IOMT-020-133,EHR_WRITE,EP-IND-01130
NET-01131,2026-01-01 02:40:56+00:00,0,IOMT-014,S-IOMT-014-134,EHR_READ,EP-IND-01131
NET-01132,2026-01-01 02:41:06+00:00,0,IOMT-028,S-IOMT-028-135,IMAGING,EP-IND-01132
NET-01133,2026-01-01 02:41:24+00:00,0,IOMT-024,S-IOMT-024-136,EHR_WRITE,EP-IND-01133
NET-01134,2026-01-01 02:41:28+00:00,0,IOMT-035,S-IOMT-035-137,EHR_WRITE,EP-IND-01134
NET-01135,2026-01-01 02:41:35+00:00,0,IOMT-037,S-IOMT-037-138,EHR_WRITE,EP-IND-01135
NET-01136,2026-01-01 02:41:45+00:00,0,IOMT-040,S-IOMT-040-139,EHR_WRITE,EP-IND-01136
NET-01137,2026-01-01 02:41:54+00:00,0,IOMT-005,S-IOMT-005-140,EHR_READ,EP-IND-01137
NET-01138,2026-01-01 02:42:10+00:00,0,IOMT-004,S-IOMT-004-141,LAB_RESULTS,EP-IND-01138
NET-01139,2026-01-01 02:42:12+00:00,0,IOMT-012,S-IOMT-012-142,EHR_READ,EP-IND-01139
NET-01140,2026-01-01 02:42:13+00:00,0,IOMT-018,S-IOMT-018-143,IMAGING,EP-IND-01140
NET-01141,2026-01-01 02:42:18+00:00,0,IOMT-024,S-IOMT-024-144,EHR_WRITE,EP-IND-01141
NET-01142,2026-01-01 02:42:36+00:00,0,IOMT-011,S-IOMT-011-145,IMAGING,EP-IND-01142
NET-01143,2026-01-01 02:42:39+00:00,0,IOMT-028,S-IOMT-028-146,EHR_READ,EP-IND-01143
NET-01144,2026-01-01 02:43:04+00:00,0,IOMT-025,S-IOMT-025-147,IMAGING,EP-IND-01144
NET-01145,2026-01-01 02:43:25+00:00,0,IOMT-019,S-IOMT-019-148,EHR_WRITE,EP-IND-01145
NET-01146,2026-01-01 02:43:34+00:00,0,IOMT-047,S-IOMT-047-149,EHR_WRITE,EP-IND-01146
NET-01147,2026-01-01 02:43:48+00:00,0,IOMT-031,S-IOMT-031-150,EHR_WRITE,EP-IND-01147
NET-01148,2026-01-01 02:43:49+00:00,0,IOMT-012,S-IOMT-012-151,RESEARCH,EP-IND-01148
NET-01149,2026-01-01 02:44:00+00:00,0,IOMT-006,S-IOMT-006-152,RESEARCH,EP-IND-01149
NET-01150,2026-01-01 02:44:03+00:00,0,IOMT-002,S-IOMT-002-153,RESEARCH,EP-IND-01150
NET-01151,2026-01-01 02:44:07+00:00,0,IOMT-029,S-IOMT-029-154,IMAGING,EP-IND-01151
NET-01152,2026-01-01 02:44:07+00:00,0,IOMT-005,S-IOMT-005-155,EHR_WRITE,EP-IND-01152
NET-01153,2026-01-01 02:44:17+00:00,0,IOMT-008,S-IOMT-008-156,EHR_WRITE,EP-IND-01153
NET-01154,2026-01-01 02:44:22+00:00,0,IOMT-036,S-IOMT-036-157,RESEARCH,EP-IND-01154
NET-01155,2026-01-01 02:44:34+00:00,0,IOMT-023,S-IOMT-023-158,EHR_READ,EP-IND-01155
NET-01156,2026-01-01 02:44:58+00:00,0,IOMT-026,S-IOMT-026-159,LAB_RESULTS,EP-IND-01156
NET-01157,2026-01-01 02:44:59+00:00,0,IOMT-043,S-IOMT-043-160,EHR_WRITE,EP-IND-01157
NET-01158,2026-01-01 02:45:06+00:00,0,IOMT-048,S-IOMT-048-161,EHR_READ,EP-IND-01158
NET-01159,2026-01-01 02:45:18+00:00,0,IOMT-025,S-IOMT-025-162,RESEARCH,EP-IND-01159
NET-01160,2026-01-01 02:45:36+00:00,0,IOMT-040,S-IOMT-040-163,RESEARCH,EP-IND-01160
NET-01161,2026-01-01 02:45:36+00:00,0,IOMT-013,S-IOMT-013-164,EHR_WRITE,EP-IND-01161
NET-01162,2026-01-01 02:45:43+00:00,0,IOMT-035,S-IOMT-035-165,LAB_RESULTS,EP-IND-01162
NET-01163,2026-01-01 02:45:46+00:00,0,IOMT-021,S-IOMT-021-166,LAB_RESULTS,EP-IND-01163
NET-01164,2026-01-01 02:45:53+00:00,0,IOMT-043,S-IOMT-043-167,EHR_READ,EP-IND-01164
NET-01165,2026-01-01 02:46:06+00:00,0,IOMT-038,S-IOMT-038-168,RESEARCH,EP-IND-01165
NET-01166,2026-01-01 02:46:06+00:00,0,IOMT-040,S-IOMT-040-169,IMAGING,EP-IND-01166
NET-01167,2026-01-01 02:46:07+00:00,0,IOMT-016,S-IOMT-016-170,LAB_RESULTS,EP-IND-01167
NET-01168,2026-01-01 02:46:13+00:00,0,IOMT-005,S-IOMT-005-171,EHR_WRITE,EP-IND-01168
NET-01169,2026-01-01 02:46:24+00:00,0,IOMT-000,S-IOMT-000-172,EHR_READ,EP-IND-01169
NET-01170,2026-01-01 02:46:27+00:00,0,IOMT-040,S-IOMT-040-173,EHR_WRITE,EP-IND-01170
NET-01171,2026-01-01 02:46:37+00:00,0,IOMT-028,S-IOMT-028-174,LAB_RESULTS,EP-IND-01171
NET-01172,2026-01-01 02:46:37+00:00,0,IOMT-014,S-IOMT-014-175,IMAGING,EP-IND-01172
NET-01173,2026-01-01 02:47:00+00:00,0,IOMT-013,S-IOMT-013-176,EHR_WRITE,EP-IND-01173
NET-01174,2026-01-01 02:47:02+00:00,0,IOMT-047,S-IOMT-047-177,RESEARCH,EP-IND-01174
NET-01175,2026-01-01 02:47:03+00:00,0,IOMT-001,S-IOMT-001-178,EHR_WRITE,EP-IND-01175
NET-01176,2026-01-01 02:47:05+00:00,1,IOMT-008,S-IOMT-008-179,IMAGING,EP-IND-01176
NET-01177,2026-01-01 02:47:12+00:00,0,IOMT-032,S-IOMT-032-180,LAB_RESULTS,EP-IND-01177
NET-01178,2026-01-01 02:47:17+00:00,0,IOMT-002,S-IOMT-002-181,EHR_WRITE,EP-IND-01178
NET-01179,2026-01-01 02:47:21+00:00,1,IOMT-031,S-IOMT-031-182,EHR_READ,EP-IND-01179
NET-01180,2026-01-01 02:47:35+00:00,0,IOMT-025,S-IOMT-025-183,EHR_READ,EP-IND-01180
NET-01181,2026-01-01 02:47:41+00:00,0,IOMT-006,S-IOMT-006-184,EHR_WRITE,EP-IND-01181
NET-01182,2026-01-01 02:47:46+00:00,0,IOMT-040,S-IOMT-040-185,RESEARCH,EP-IND-01182
NET-01183,2026-01-01 02:48:08+00:00,0,IOMT-035,S-IOMT-035-186,LAB_RESULTS,EP-IND-01183
NET-01184,2026-01-01 02:48:09+00:00,0,IOMT-012,S-IOMT-012-187,LAB_RESULTS,EP-IND-01184
NET-01185,2026-01-01 02:48:15+00:00,0,IOMT-033,S-IOMT-033-188,LAB_RESULTS,EP-IND-01185
NET-01186,2026-01-01 02:48:21+00:00,0,IOMT-042,S-IOMT-042-189,RESEARCH,EP-IND-01186
NET-01187,2026-01-01 02:48:28+00:00,0,IOMT-009,S-IOMT-009-190,RESEARCH,EP-IND-01187
NET-01188,2026-01-01 02:48:29+00:00,0,IOMT-023,S-IOMT-023-191,RESEARCH,EP-IND-01188
NET-01189,2026-01-01 02:48:45+00:00,0,IOMT-033,S-IOMT-033-192,RESEARCH,EP-IND-01189
NET-01190,2026-01-01 02:48:47+00:00,0,IOMT-041,S-IOMT-041-193,RESEARCH,EP-IND-01190
NET-01191,2026-01-01 02:48:47+00:00,0,IOMT-045,S-IOMT-045-194,EHR_READ,EP-IND-01191
NET-01192,2026-01-01 02:49:03+00:00,0,IOMT-016,S-IOMT-016-195,EHR_WRITE,EP-IND-01192
NET-01193,2026-01-01 02:49:16+00:00,0,IOMT-028,S-IOMT-028-196,RESEARCH,EP-IND-01193
NET-01194,2026-01-01 02:49:28+00:00,0,IOMT-047,S-IOMT-047-197,EHR_READ,EP-IND-01194
NET-01195,2026-01-01 02:49:39+00:00,0,IOMT-027,S-IOMT-027-198,RESEARCH,EP-IND-01195
NET-01196,2026-01-01 02:49:46+00:00,0,IOMT-020,S-IOMT-020-199,RESEARCH,EP-IND-01196
NET-01197,2026-01-01 02:50:05+00:00,0,IOMT-044,S-IOMT-044-200,IMAGING,EP-IND-01197
NET-01198,2026-01-01 02:50:05+00:00,0,IOMT-048,S-IOMT-048-201,LAB_RESULTS,EP-IND-01198
NET-01199,2026-01-01 02:50:06+00:00,0,IOMT-032,S-IOMT-032-202,RESEARCH,EP-IND-01199
NET-01200,2026-01-01 02:50:10+00:00,0,IOMT-025,S-IOMT-025-203,IMAGING,EP-IND-01200
NET-01201,2026-01-01 02:50:20+00:00,0,IOMT-049,S-IOMT-049-204,EHR_WRITE,EP-IND-01201
NET-01202,2026-01-01 02:50:28+00:00,0,IOMT-014,S-IOMT-014-205,LAB_RESULTS,EP-IND-01202
NET-01203,2026-01-01 02:50:36+00:00,0,IOMT-000,S-IOMT-000-206,LAB_RESULTS,EP-IND-01203
NET-01204,2026-01-01 02:50:49+00:00,0,IOMT-031,S-IOMT-031-207,RESEARCH,EP-IND-01204
NET-01205,2026-01-01 02:51:01+00:00,0,IOMT-009,S-IOMT-009-208,EHR_WRITE,EP-IND-01205
NET-01206,2026-01-01 02:51:06+00:00,0,IOMT-018,S-IOMT-018-209,RESEARCH,EP-IND-01206
NET-01207,2026-01-01 02:51:09+00:00,0,IOMT-008,S-IOMT-008-210,EHR_READ,EP-IND-01207
NET-01208,2026-01-01 02:51:10+00:00,0,IOMT-001,S-IOMT-001-211,IMAGING,EP-IND-01208
NET-01209,2026-01-01 02:51:26+00:00,0,IOMT-026,S-IOMT-026-212,IMAGING,EP-IND-01209
NET-01210,2026-01-01 02:51:33+00:00,0,IOMT-044,S-IOMT-044-213,LAB_RESULTS,EP-IND-01210
NET-01211,2026-01-01 02:51:34+00:00,0,IOMT-015,S-IOMT-015-214,LAB_RESULTS,EP-IND-01211
NET-01212,2026-01-01 02:51:36+00:00,0,IOMT-033,S-IOMT-033-215,RESEARCH,EP-IND-01212
NET-01213,2026-01-01 02:52:03+00:00,0,IOMT-020,S-IOMT-020-216,EHR_WRITE,EP-IND-01213
NET-01214,2026-01-01 02:52:17+00:00,0,IOMT-048,S-IOMT-048-217,EHR_WRITE,EP-IND-01214
NET-01215,2026-01-01 02:52:30+00:00,1,IOMT-046,S-IOMT-046-218,RESEARCH,EP-IND-01215
NET-01216,2026-01-01 02:52:45+00:00,0,IOMT-009,S-IOMT-009-219,LAB_RESULTS,EP-IND-01216
NET-01217,2026-01-01 02:52:48+00:00,0,IOMT-011,S-IOMT-011-220,RESEARCH,EP-IND-01217
NET-01218,2026-01-01 02:53:00+00:00,0,IOMT-026,S-IOMT-026-221,IMAGING,EP-IND-01218
NET-01219,2026-01-01 02:53:03+00:00,0,IOMT-027,S-IOMT-027-222,IMAGING,EP-IND-01219
NET-01220,2026-01-01 02:53:04+00:00,0,IOMT-018,S-IOMT-018-223,RESEARCH,EP-IND-01220
NET-01221,2026-01-01 02:53:08+00:00,0,IOMT-017,S-IOMT-017-224,RESEARCH,EP-IND-01221
NET-01222,2026-01-01 02:53:24+00:00,0,IOMT-030,S-IOMT-030-225,LAB_RESULTS,EP-IND-01222
NET-01223,2026-01-01 02:53:33+00:00,0,IOMT-010,S-IOMT-010-226,IMAGING,EP-IND-01223
NET-01224,2026-01-01 02:54:08+00:00,0,IOMT-043,S-IOMT-043-227,LAB_RESULTS,EP-IND-01224
NET-01225,2026-01-01 02:54:15+00:00,0,IOMT-003,S-IOMT-003-228,RESEARCH,EP-IND-01225
NET-01226,2026-01-01 02:54:22+00:00,0,IOMT-049,S-IOMT-049-229,EHR_WRITE,EP-IND-01226
NET-01227,2026-01-01 02:54:25+00:00,0,IOMT-020,S-IOMT-020-230,LAB_RESULTS,EP-IND-01227
NET-01228,2026-01-01 02:54:40+00:00,0,IOMT-020,S-IOMT-020-231,EHR_READ,EP-IND-01228
NET-01229,2026-01-01 02:54:55+00:00,0,IOMT-003,S-IOMT-003-232,IMAGING,EP-IND-01229
NET-01230,2026-01-01 02:54:55+00:00,0,IOMT-021,S-IOMT-021-233,LAB_RESULTS,EP-IND-01230
NET-01231,2026-01-01 02:54:56+00:00,0,IOMT-002,S-IOMT-002-234,EHR_READ,EP-IND-01231
NET-01232,2026-01-01 02:55:02+00:00,0,IOMT-004,S-IOMT-004-235,EHR_READ,EP-IND-01232
NET-01233,2026-01-01 02:55:06+00:00,0,IOMT-047,S-IOMT-047-236,EHR_READ,EP-IND-01233
NET-01234,2026-01-01 02:55:07+00:00,0,IOMT-042,S-IOMT-042-237,EHR_WRITE,EP-IND-01234
NET-01235,2026-01-01 02:55:11+00:00,0,IOMT-040,S-IOMT-040-238,EHR_WRITE,EP-IND-01235
NET-01236,2026-01-01 02:55:29+00:00,0,IOMT-006,S-IOMT-006-239,RESEARCH,EP-IND-01236
NET-01237,2026-01-01 02:55:36+00:00,0,IOMT-008,S-IOMT-008-240,RESEARCH,EP-IND-01237
NET-01238,2026-01-01 02:56:04+00:00,0,IOMT-021,S-IOMT-021-241,EHR_WRITE,EP-IND-01238
NET-01239,2026-01-01 02:56:13+00:00,0,IOMT-024,S-IOMT-024-242,LAB_RESULTS,EP-IND-01239
NET-01240,2026-01-01 02:56:13+00:00,0,IOMT-044,S-IOMT-044-243,RESEARCH,EP-IND-01240
NET-01241,2026-01-01 02:56:41+00:00,0,IOMT-007,S-IOMT-007-244,EHR_READ,EP-IND-01241
NET-01242,2026-01-01 02:57:27+00:00,0,IOMT-026,S-IOMT-026-245,IMAGING,EP-IND-01242
NET-01243,2026-01-01 02:57:45+00:00,0,IOMT-032,S-IOMT-032-246,RESEARCH,EP-IND-01243
NET-01244,2026-01-01 02:58:10+00:00,0,IOMT-011,S-IOMT-011-247,EHR_WRITE,EP-IND-01244
NET-01245,2026-01-01 02:58:19+00:00,0,IOMT-002,S-IOMT-002-248,EHR_READ,EP-IND-01245
NET-01246,2026-01-01 02:58:35+00:00,0,IOMT-016,S-IOMT-016-249,EHR_READ,EP-IND-01246
NET-01247,2026-01-01 02:58:47+00:00,0,IOMT-033,S-IOMT-033-250,LAB_RESULTS,EP-IND-01247
NET-01248,2026-01-01 02:58:49+00:00,0,IOMT-036,S-IOMT-036-251,IMAGING,EP-IND-01248
NET-01249,2026-01-01 02:58:51+00:00,0,IOMT-028,S-IOMT-028-252,EHR_WRITE,EP-IND-01249
NET-01250,2026-01-01 02:58:59+00:00,0,IOMT-009,S-IOMT-009-253,RESEARCH,EP-IND-01250
NET-01251,2026-01-01 02:59:00+00:00,0,IOMT-041,S-IOMT-041-254,LAB_RESULTS,EP-IND-01251
NET-01252,2026-01-01 02:59:08+00:00,0,IOMT-003,S-IOMT-003-255,IMAGING,EP-IND-01252
NET-01253,2026-01-01 02:59:11+00:00,0,IOMT-000,S-IOMT-000-256,LAB_RESULTS,EP-IND-01253
NET-01254,2026-01-01 02:59:11+00:00,0,IOMT-002,S-IOMT-002-257,IMAGING,EP-IND-01254
NET-01255,2026-01-01 02:59:29+00:00,0,IOMT-011,S-IOMT-011-258,EHR_WRITE,EP-IND-01255
NET-01256,2026-01-01 02:59:32+00:00,0,IOMT-041,S-IOMT-041-259,LAB_RESULTS,EP-IND-01256
NET-01257,2026-01-01 02:59:34+00:00,0,IOMT-019,S-IOMT-019-260,RESEARCH,EP-IND-01257
NET-01258,2026-01-01 02:59:45+00:00,0,IOMT-036,S-IOMT-036-261,IMAGING,EP-IND-01258
NET-01259,2026-01-01 02:59:47+00:00,0,IOMT-049,S-IOMT-049-262,EHR_READ,EP-IND-01259
NET-01260,2026-01-01 02:59:55+00:00,0,IOMT-048,S-IOMT-048-263,EHR_READ,EP-IND-01260
NET-01261,2026-01-01 03:00:02+00:00,0,IOMT-033,S-IOMT-033-264,EHR_READ,EP-IND-01261
NET-01262,2026-01-01 03:00:05+00:00,0,IOMT-041,S-IOMT-041-265,IMAGING,EP-IND-01262
NET-01263,2026-01-01 03:00:42+00:00,0,IOMT-028,S-IOMT-028-266,EHR_READ,EP-IND-01263
NET-01264,2026-01-01 03:00:50+00:00,0,IOMT-030,S-IOMT-030-267,EHR_WRITE,EP-IND-01264
NET-01265,2026-01-01 03:01:08+00:00,0,IOMT-027,S-IOMT-027-268,EHR_READ,EP-IND-01265
NET-01266,2026-01-01 03:01:14+00:00,0,IOMT-039,S-IOMT-039-269,EHR_WRITE,EP-IND-01266
NET-01267,2026-01-01 03:01:20+00:00,0,IOMT-017,S-IOMT-017-270,EHR_READ,EP-IND-01267
NET-01268,2026-01-01 03:01:20+00:00,0,IOMT-023,S-IOMT-023-271,IMAGING,EP-IND-01268
NET-01269,2026-01-01 03:01:36+00:00,0,IOMT-023,S-IOMT-023-272,EHR_READ,EP-IND-01269
NET-01270,2026-01-01 03:01:39+00:00,0,IOMT-035,S-IOMT-035-273,EHR_WRITE,EP-IND-01270
NET-01271,2026-01-01 03:01:42+00:00,0,IOMT-023,S-IOMT-023-274,IMAGING,EP-IND-01271
NET-01272,2026-01-01 03:01:45+00:00,0,IOMT-037,S-IOMT-037-275,LAB_RESULTS,EP-IND-01272
NET-01273,2026-01-01 03:02:08+00:00,0,IOMT-040,S-IOMT-040-276,EHR_READ,EP-IND-01273
NET-01274,2026-01-01 03:02:17+00:00,0,IOMT-001,S-IOMT-001-277,LAB_RESULTS,EP-IND-01274
NET-01275,2026-01-01 03:02:17+00:00,0,IOMT-013,S-IOMT-013-278,IMAGING,EP-IND-01275
NET-01276,2026-01-01 03:02:24+00:00,0,IOMT-019,S-IOMT-019-279,IMAGING,EP-IND-01276
NET-01277,2026-01-01 03:02:38+00:00,0,IOMT-025,S-IOMT-025-280,EHR_READ,EP-IND-01277
NET-01278,2026-01-01 03:02:40+00:00,0,IOMT-035,S-IOMT-035-281,LAB_RESULTS,EP-IND-01278
NET-01279,2026-01-01 03:02:41+00:00,0,IOMT-049,S-IOMT-049-282,IMAGING,EP-IND-01279
NET-01280,2026-01-01 03:03:06+00:00,0,IOMT-049,S-IOMT-049-283,RESEARCH,EP-IND-01280
NET-01281,2026-01-01 03:03:33+00:00,0,IOMT-031,S-IOMT-031-284,EHR_WRITE,EP-IND-01281
NET-01282,2026-01-01 03:03:50+00:00,0,IOMT-023,S-IOMT-023-285,EHR_WRITE,EP-IND-01282
NET-01283,2026-01-01 03:04:04+00:00,0,IOMT-038,S-IOMT-038-286,RESEARCH,EP-IND-01283
NET-01284,2026-01-01 03:04:26+00:00,0,IOMT-025,S-IOMT-025-287,LAB_RESULTS,EP-IND-01284
NET-01285,2026-01-01 03:04:40+00:00,0,IOMT-002,S-IOMT-002-288,RESEARCH,EP-IND-01285
NET-01286,2026-01-01 03:04:48+00:00,0,IOMT-004,S-IOMT-004-289,EHR_READ,EP-IND-01286
NET-01287,2026-01-01 03:04:52+00:00,0,IOMT-041,S-IOMT-041-290,IMAGING,EP-IND-01287
NET-01288,2026-01-01 03:04:54+00:00,0,IOMT-013,S-IOMT-013-291,EHR_WRITE,EP-IND-01288
NET-01289,2026-01-01 03:05:01+00:00,0,IOMT-035,S-IOMT-035-292,IMAGING,EP-IND-01289
NET-01290,2026-01-01 03:05:13+00:00,0,IOMT-027,S-IOMT-027-293,RESEARCH,EP-IND-01290
NET-01291,2026-01-01 03:05:19+00:00,0,IOMT-040,S-IOMT-040-294,LAB_RESULTS,EP-IND-01291
NET-01292,2026-01-01 03:05:20+00:00,0,IOMT-014,S-IOMT-014-295,EHR_WRITE,EP-IND-01292
NET-01293,2026-01-01 03:05:31+00:00,0,IOMT-030,S-IOMT-030-296,LAB_RESULTS,EP-IND-01293
NET-01294,2026-01-01 03:05:32+00:00,0,IOMT-006,S-IOMT-006-297,EHR_WRITE,EP-IND-01294
NET-01295,2026-01-01 03:05:45+00:00,0,IOMT-042,S-IOMT-042-298,IMAGING,EP-IND-01295
NET-01296,2026-01-01 03:05:54+00:00,0,IOMT-043,S-IOMT-043-299,IMAGING,EP-IND-01296
NET-01297,2026-01-01 03:05:54+00:00,0,IOMT-008,S-IOMT-008-300,RESEARCH,EP-IND-01297
NET-01298,2026-01-01 03:05:55+00:00,0,IOMT-043,S-IOMT-043-301,RESEARCH,EP-IND-01298
NET-01299,2026-01-01 03:06:08+00:00,0,IOMT-010,S-IOMT-010-302,LAB_RESULTS,EP-IND-01299
NET-01300,2026-01-01 03:06:18+00:00,0,IOMT-029,S-IOMT-029-303,RESEARCH,EP-IND-01300
NET-01301,2026-01-01 03:06:29+00:00,0,IOMT-024,S-IOMT-024-304,EHR_WRITE,EP-IND-01301
NET-01302,2026-01-01 03:06:31+00:00,0,IOMT-015,S-IOMT-015-305,EHR_WRITE,EP-IND-01302
NET-01303,2026-01-01 03:07:13+00:00,0,IOMT-032,S-IOMT-032-306,IMAGING,EP-IND-01303
NET-01304,2026-01-01 03:07:34+00:00,0,IOMT-010,S-IOMT-010-307,RESEARCH,EP-IND-01304
NET-01305,2026-01-01 03:07:45+00:00,0,IOMT-047,S-IOMT-047-308,LAB_RESULTS,EP-IND-01305
NET-01306,2026-01-01 03:07:55+00:00,1,IOMT-026,S-IOMT-026-309,RESEARCH,EP-IND-01306
NET-01307,2026-01-01 03:08:39+00:00,0,IOMT-021,S-IOMT-021-310,LAB_RESULTS,EP-IND-01307
NET-01308,2026-01-01 03:09:00+00:00,0,IOMT-046,S-IOMT-046-311,LAB_RESULTS,EP-IND-01308
NET-01309,2026-01-01 03:09:05+00:00,0,IOMT-036,S-IOMT-036-312,IMAGING,EP-IND-01309
NET-01310,2026-01-01 03:09:18+00:00,0,IOMT-001,S-IOMT-001-313,LAB_RESULTS,EP-IND-01310
NET-01311,2026-01-01 03:09:28+00:00,0,IOMT-003,S-IOMT-003-314,IMAGING,EP-IND-01311
NET-01312,2026-01-01 03:09:35+00:00,0,IOMT-001,S-IOMT-001-315,EHR_WRITE,EP-IND-01312
NET-01313,2026-01-01 03:09:38+00:00,0,IOMT-012,S-IOMT-012-316,EHR_WRITE,EP-IND-01313
NET-01314,2026-01-01 03:09:44+00:00,0,IOMT-029,S-IOMT-029-317,LAB_RESULTS,EP-IND-01314
NET-01315,2026-01-01 03:09:54+00:00,0,IOMT-007,S-IOMT-007-318,IMAGING,EP-IND-01315
NET-01316,2026-01-01 03:10:19+00:00,0,IOMT-030,S-IOMT-030-319,RESEARCH,EP-IND-01316
NET-01317,2026-01-01 03:10:22+00:00,0,IOMT-031,S-IOMT-031-320,RESEARCH,EP-IND-01317
NET-01318,2026-01-01 03:10:24+00:00,0,IOMT-018,S-IOMT-018-321,EHR_READ,EP-IND-01318
NET-01319,2026-01-01 03:10:32+00:00,0,IOMT-033,S-IOMT-033-322,EHR_READ,EP-IND-01319
NET-01320,2026-01-01 03:10:39+00:00,0,IOMT-041,S-IOMT-041-323,RESEARCH,EP-IND-01320
NET-01321,2026-01-01 03:10:52+00:00,1,IOMT-033,S-IOMT-033-324,EHR_WRITE,EP-IND-01321
NET-01322,2026-01-01 03:10:54+00:00,0,IOMT-005,S-IOMT-005-325,RESEARCH,EP-IND-01322
NET-01323,2026-01-01 03:11:04+00:00,0,IOMT-024,S-IOMT-024-326,IMAGING,EP-IND-01323
NET-01324,2026-01-01 03:11:17+00:00,0,IOMT-015,S-IOMT-015-327,EHR_WRITE,EP-IND-01324
NET-01325,2026-01-01 03:11:20+00:00,0,IOMT-012,S-IOMT-012-328,IMAGING,EP-IND-01325
NET-01326,2026-01-01 03:11:31+00:00,0,IOMT-047,S-IOMT-047-329,EHR_READ,EP-IND-01326
NET-01327,2026-01-01 03:11:32+00:00,0,IOMT-009,S-IOMT-009-330,EHR_READ,EP-IND-01327
NET-01328,2026-01-01 03:11:59+00:00,0,IOMT-026,S-IOMT-026-331,EHR_WRITE,EP-IND-01328
NET-01329,2026-01-01 03:12:06+00:00,0,IOMT-003,S-IOMT-003-332,LAB_RESULTS,EP-IND-01329
NET-01330,2026-01-01 03:12:10+00:00,0,IOMT-042,S-IOMT-042-333,EHR_WRITE,EP-IND-01330
NET-01331,2026-01-01 03:12:17+00:00,0,IOMT-016,S-IOMT-016-334,LAB_RESULTS,EP-IND-01331
NET-01332,2026-01-01 03:12:33+00:00,0,IOMT-020,S-IOMT-020-335,EHR_WRITE,EP-IND-01332
NET-01333,2026-01-01 03:12:34+00:00,0,IOMT-008,S-IOMT-008-336,EHR_READ,EP-IND-01333
NET-01334,2026-01-01 03:12:46+00:00,0,IOMT-035,S-IOMT-035-337,LAB_RESULTS,EP-IND-01334
NET-01335,2026-01-01 03:12:46+00:00,0,IOMT-019,S-IOMT-019-338,LAB_RESULTS,EP-IND-01335
NET-01336,2026-01-01 03:12:51+00:00,0,IOMT-015,S-IOMT-015-339,EHR_READ,EP-IND-01336
NET-01337,2026-01-01 03:12:51+00:00,0,IOMT-036,S-IOMT-036-340,LAB_RESULTS,EP-IND-01337
NET-01338,2026-01-01 03:12:52+00:00,1,IOMT-029,S-IOMT-029-341,EHR_WRITE,EP-IND-01338
NET-01339,2026-01-01 03:12:55+00:00,0,IOMT-049,S-IOMT-049-342,EHR_WRITE,EP-IND-01339
NET-01340,2026-01-01 03:13:17+00:00,0,IOMT-048,S-IOMT-048-343,IMAGING,EP-IND-01340
NET-01341,2026-01-01 03:13:18+00:00,0,IOMT-025,S-IOMT-025-344,EHR_READ,EP-IND-01341
NET-01342,2026-01-01 03:13:18+00:00,0,IOMT-039,S-IOMT-039-345,IMAGING,EP-IND-01342
NET-01343,2026-01-01 03:13:18+00:00,0,IOMT-047,S-IOMT-047-346,EHR_WRITE,EP-IND-01343
NET-01344,2026-01-01 03:13:35+00:00,0,IOMT-047,S-IOMT-047-347,EHR_WRITE,EP-IND-01344
NET-01345,2026-01-01 03:13:39+00:00,0,IOMT-033,S-IOMT-033-348,RESEARCH,EP-IND-01345
NET-01346,2026-01-01 03:13:42+00:00,0,IOMT-049,S-IOMT-049-349,RESEARCH,EP-IND-01346
NET-01347,2026-01-01 03:13:45+00:00,0,IOMT-024,S-IOMT-024-350,EHR_READ,EP-IND-01347
NET-01348,2026-01-01 03:14:00+00:00,0,IOMT-039,S-IOMT-039-351,EHR_READ,EP-IND-01348
NET-01349,2026-01-01 03:14:01+00:00,0,IOMT-028,S-IOMT-028-352,IMAGING,EP-IND-01349
NET-01350,2026-01-01 03:14:11+00:00,0,IOMT-013,S-IOMT-013-353,EHR_READ,EP-IND-01350
NET-01351,2026-01-01 03:14:42+00:00,0,IOMT-047,S-IOMT-047-354,EHR_WRITE,EP-IND-01351
NET-01352,2026-01-01 03:15:18+00:00,0,IOMT-039,S-IOMT-039-355,LAB_RESULTS,EP-IND-01352
NET-01353,2026-01-01 03:15:42+00:00,0,IOMT-022,S-IOMT-022-356,EHR_WRITE,EP-IND-01353
NET-01354,2026-01-01 03:15:44+00:00,0,IOMT-038,S-IOMT-038-357,EHR_WRITE,EP-IND-01354
NET-01355,2026-01-01 03:15:45+00:00,0,IOMT-042,S-IOMT-042-358,EHR_WRITE,EP-IND-01355
NET-01356,2026-01-01 03:15:49+00:00,0,IOMT-017,S-IOMT-017-359,EHR_READ,EP-IND-01356
NET-01357,2026-01-01 03:15:53+00:00,0,IOMT-007,S-IOMT-007-360,IMAGING,EP-IND-01357
NET-01358,2026-01-01 03:15:57+00:00,0,IOMT-012,S-IOMT-012-361,LAB_RESULTS,EP-IND-01358
NET-01359,2026-01-01 03:16:02+00:00,0,IOMT-011,S-IOMT-011-362,RESEARCH,EP-IND-01359
NET-01360,2026-01-01 03:16:04+00:00,0,IOMT-019,S-IOMT-019-363,EHR_WRITE,EP-IND-01360
NET-01361,2026-01-01 03:16:07+00:00,0,IOMT-037,S-IOMT-037-364,RESEARCH,EP-IND-01361
NET-01362,2026-01-01 03:16:34+00:00,0,IOMT-040,S-IOMT-040-365,RESEARCH,EP-IND-01362
NET-01363,2026-01-01 03:16:42+00:00,0,IOMT-023,S-IOMT-023-366,LAB_RESULTS,EP-IND-01363
NET-01364,2026-01-01 03:16:46+00:00,0,IOMT-014,S-IOMT-014-367,RESEARCH,EP-IND-01364
NET-01365,2026-01-01 03:16:47+00:00,0,IOMT-020,S-IOMT-020-368,LAB_RESULTS,EP-IND-01365
NET-01366,2026-01-01 03:16:50+00:00,0,IOMT-028,S-IOMT-028-369,EHR_READ,EP-IND-01366
NET-01367,2026-01-01 03:17:24+00:00,0,IOMT-047,S-IOMT-047-370,EHR_READ,EP-IND-01367
NET-01368,2026-01-01 03:17:42+00:00,0,IOMT-024,S-IOMT-024-371,IMAGING,EP-IND-01368
NET-01369,2026-01-01 03:18:07+00:00,0,IOMT-027,S-IOMT-027-372,IMAGING,EP-IND-01369
NET-01370,2026-01-01 03:18:07+00:00,0,IOMT-005,S-IOMT-005-373,IMAGING,EP-IND-01370
NET-01371,2026-01-01 03:18:08+00:00,0,IOMT-049,S-IOMT-049-374,EHR_READ,EP-IND-01371
NET-01372,2026-01-01 03:18:23+00:00,0,IOMT-018,S-IOMT-018-375,RESEARCH,EP-IND-01372
NET-01373,2026-01-01 03:18:41+00:00,0,IOMT-004,S-IOMT-004-376,LAB_RESULTS,EP-IND-01373
NET-01374,2026-01-01 03:18:42+00:00,0,IOMT-026,S-IOMT-026-377,RESEARCH,EP-IND-01374
NET-01375,2026-01-01 03:18:54+00:00,0,IOMT-043,S-IOMT-043-378,IMAGING,EP-IND-01375
NET-01376,2026-01-01 03:19:05+00:00,0,IOMT-036,S-IOMT-036-379,LAB_RESULTS,EP-IND-01376
NET-01377,2026-01-01 03:19:08+00:00,0,IOMT-034,S-IOMT-034-380,EHR_READ,EP-IND-01377
NET-01378,2026-01-01 03:19:09+00:00,0,IOMT-001,S-IOMT-001-381,EHR_WRITE,EP-IND-01378
NET-01379,2026-01-01 03:19:12+00:00,0,IOMT-041,S-IOMT-041-382,EHR_WRITE,EP-IND-01379
NET-01380,2026-01-01 03:19:20+00:00,0,IOMT-041,S-IOMT-041-383,RESEARCH,EP-IND-01380
NET-01381,2026-01-01 03:19:22+00:00,0,IOMT-036,S-IOMT-036-384,RESEARCH,EP-IND-01381
NET-01382,2026-01-01 03:20:09+00:00,0,IOMT-041,S-IOMT-041-385,RESEARCH,EP-IND-01382
NET-01383,2026-01-01 03:20:16+00:00,0,IOMT-021,S-IOMT-021-386,IMAGING,EP-IND-01383
NET-01384,2026-01-01 03:20:24+00:00,0,IOMT-029,S-IOMT-029-387,IMAGING,EP-IND-01384
NET-01385,2026-01-01 03:20:48+00:00,0,IOMT-033,S-IOMT-033-388,LAB_RESULTS,EP-IND-01385
NET-01386,2026-01-01 03:20:49+00:00,0,IOMT-001,S-IOMT-001-389,EHR_READ,EP-IND-01386
NET-01387,2026-01-01 03:20:52+00:00,0,IOMT-035,S-IOMT-035-390,LAB_RESULTS,EP-IND-01387
NET-01388,2026-01-01 03:21:00+00:00,0,IOMT-000,S-IOMT-000-391,EHR_READ,EP-IND-01388
NET-01389,2026-01-01 03:21:05+00:00,1,IOMT-002,S-IOMT-002-392,RESEARCH,EP-IND-01389
NET-01390,2026-01-01 03:21:16+00:00,0,IOMT-011,S-IOMT-011-393,EHR_WRITE,EP-IND-01390
NET-01391,2026-01-01 03:21:18+00:00,0,IOMT-001,S-IOMT-001-394,EHR_READ,EP-IND-01391
NET-01392,2026-01-01 03:21:24+00:00,0,IOMT-043,S-IOMT-043-395,IMAGING,EP-IND-01392
NET-01393,2026-01-01 03:21:25+00:00,0,IOMT-022,S-IOMT-022-396,IMAGING,EP-IND-01393
NET-01394,2026-01-01 03:21:43+00:00,0,IOMT-028,S-IOMT-028-397,IMAGING,EP-IND-01394
NET-01395,2026-01-01 03:21:43+00:00,0,IOMT-030,S-IOMT-030-398,LAB_RESULTS,EP-IND-01395
NET-01396,2026-01-01 03:21:46+00:00,0,IOMT-039,S-IOMT-039-399,EHR_WRITE,EP-IND-01396
NET-01397,2026-01-01 03:21:54+00:00,0,IOMT-016,S-IOMT-016-400,LAB_RESULTS,EP-IND-01397
NET-01398,2026-01-01 03:22:00+00:00,1,IOMT-046,S-IOMT-046-401,EHR_READ,EP-IND-01398
NET-01399,2026-01-01 03:22:03+00:00,0,IOMT-026,S-IOMT-026-402,RESEARCH,EP-IND-01399
NET-01400,2026-01-01 03:22:04+00:00,0,IOMT-011,S-IOMT-011-403,EHR_WRITE,EP-IND-01400
NET-01401,2026-01-01 03:22:36+00:00,0,IOMT-046,S-IOMT-046-404,EHR_WRITE,EP-IND-01401
NET-01402,2026-01-01 03:22:36+00:00,0,IOMT-023,S-IOMT-023-405,IMAGING,EP-IND-01402
NET-01403,2026-01-01 03:22:52+00:00,0,IOMT-043,S-IOMT-043-406,EHR_WRITE,EP-IND-01403
NET-01404,2026-01-01 03:23:22+00:00,0,IOMT-044,S-IOMT-044-407,IMAGING,EP-IND-01404
NET-01405,2026-01-01 03:23:27+00:00,0,IOMT-026,S-IOMT-026-408,RESEARCH,EP-IND-01405
NET-01406,2026-01-01 03:23:28+00:00,0,IOMT-022,S-IOMT-022-409,LAB_RESULTS,EP-IND-01406
NET-01407,2026-01-01 03:23:40+00:00,0,IOMT-044,S-IOMT-044-410,RESEARCH,EP-IND-01407
NET-01408,2026-01-01 03:23:54+00:00,0,IOMT-025,S-IOMT-025-411,EHR_READ,EP-IND-01408
NET-01409,2026-01-01 03:24:12+00:00,0,IOMT-008,S-IOMT-008-412,EHR_WRITE,EP-IND-01409
NET-01410,2026-01-01 03:24:17+00:00,0,IOMT-008,S-IOMT-008-413,LAB_RESULTS,EP-IND-01410
NET-01411,2026-01-01 03:24:18+00:00,0,IOMT-024,S-IOMT-024-414,EHR_READ,EP-IND-01411
NET-01412,2026-01-01 03:24:18+00:00,0,IOMT-004,S-IOMT-004-415,RESEARCH,EP-IND-01412
NET-01413,2026-01-01 03:24:22+00:00,0,IOMT-014,S-IOMT-014-416,IMAGING,EP-IND-01413
NET-01414,2026-01-01 03:24:34+00:00,0,IOMT-041,S-IOMT-041-417,LAB_RESULTS,EP-IND-01414
NET-01415,2026-01-01 03:24:35+00:00,0,IOMT-032,S-IOMT-032-418,EHR_READ,EP-IND-01415
NET-01416,2026-01-01 03:24:36+00:00,0,IOMT-013,S-IOMT-013-419,EHR_READ,EP-IND-01416
NET-01417,2026-01-01 03:24:38+00:00,1,IOMT-038,S-IOMT-038-420,IMAGING,EP-IND-01417
NET-01418,2026-01-01 03:24:55+00:00,0,IOMT-011,S-IOMT-011-421,IMAGING,EP-IND-01418
NET-01419,2026-01-01 03:25:21+00:00,0,IOMT-009,S-IOMT-009-422,EHR_WRITE,EP-IND-01419
NET-01420,2026-01-01 03:25:31+00:00,0,IOMT-042,S-IOMT-042-423,EHR_WRITE,EP-IND-01420
NET-01421,2026-01-01 03:25:34+00:00,0,IOMT-036,S-IOMT-036-424,IMAGING,EP-IND-01421
NET-01422,2026-01-01 03:25:34+00:00,0,IOMT-034,S-IOMT-034-425,RESEARCH,EP-IND-01422
NET-01423,2026-01-01 03:25:37+00:00,0,IOMT-046,S-IOMT-046-426,LAB_RESULTS,EP-IND-01423
NET-01424,2026-01-01 03:25:49+00:00,0,IOMT-006,S-IOMT-006-427,LAB_RESULTS,EP-IND-01424
NET-01425,2026-01-01 03:26:06+00:00,0,IOMT-002,S-IOMT-002-428,IMAGING,EP-IND-01425
NET-01426,2026-01-01 03:26:08+00:00,0,IOMT-003,S-IOMT-003-429,EHR_WRITE,EP-IND-01426
NET-01427,2026-01-01 03:26:33+00:00,0,IOMT-006,S-IOMT-006-430,EHR_READ,EP-IND-01427
NET-01428,2026-01-01 03:26:58+00:00,0,IOMT-025,S-IOMT-025-431,IMAGING,EP-IND-01428
NET-01429,2026-01-01 03:27:15+00:00,0,IOMT-009,S-IOMT-009-432,RESEARCH,EP-IND-01429
NET-01430,2026-01-01 03:27:15+00:00,1,IOMT-001,S-IOMT-001-433,RESEARCH,EP-IND-01430
NET-01431,2026-01-01 03:27:21+00:00,0,IOMT-014,S-IOMT-014-434,IMAGING,EP-IND-01431
NET-01432,2026-01-01 03:27:34+00:00,0,IOMT-013,S-IOMT-013-435,IMAGING,EP-IND-01432
NET-01433,2026-01-01 03:27:41+00:00,0,IOMT-039,S-IOMT-039-436,EHR_WRITE,EP-IND-01433
NET-01434,2026-01-01 03:27:55+00:00,0,IOMT-011,S-IOMT-011-437,RESEARCH,EP-IND-01434
NET-01435,2026-01-01 03:28:00+00:00,0,IOMT-017,S-IOMT-017-438,EHR_READ,EP-IND-01435
NET-01436,2026-01-01 03:28:01+00:00,0,IOMT-028,S-IOMT-028-439,RESEARCH,EP-IND-01436
NET-01437,2026-01-01 03:28:03+00:00,0,IOMT-007,S-IOMT-007-440,RESEARCH,EP-IND-01437
NET-01438,2026-01-01 03:28:31+00:00,0,IOMT-029,S-IOMT-029-441,EHR_READ,EP-IND-01438
NET-01439,2026-01-01 03:28:32+00:00,0,IOMT-042,S-IOMT-042-442,IMAGING,EP-IND-01439
NET-01440,2026-01-01 03:28:43+00:00,0,IOMT-010,S-IOMT-010-443,EHR_READ,EP-IND-01440
NET-01441,2026-01-01 03:28:48+00:00,0,IOMT-037,S-IOMT-037-444,EHR_READ,EP-IND-01441
NET-01442,2026-01-01 03:28:53+00:00,0,IOMT-045,S-IOMT-045-445,EHR_READ,EP-IND-01442
NET-01443,2026-01-01 03:28:58+00:00,0,IOMT-027,S-IOMT-027-446,LAB_RESULTS,EP-IND-01443
NET-01444,2026-01-01 03:29:05+00:00,0,IOMT-021,S-IOMT-021-447,EHR_READ,EP-IND-01444
NET-01445,2026-01-01 03:29:05+00:00,0,IOMT-024,S-IOMT-024-448,EHR_READ,EP-IND-01445
NET-01446,2026-01-01 03:29:16+00:00,0,IOMT-006,S-IOMT-006-449,IMAGING,EP-IND-01446
NET-01447,2026-01-01 03:29:16+00:00,0,IOMT-037,S-IOMT-037-450,EHR_WRITE,EP-IND-01447
NET-01448,2026-01-01 03:29:25+00:00,0,IOMT-016,S-IOMT-016-451,RESEARCH,EP-IND-01448
NET-01449,2026-01-01 03:29:42+00:00,0,IOMT-031,S-IOMT-031-452,IMAGING,EP-IND-01449
NET-01450,2026-01-01 03:29:47+00:00,0,IOMT-012,S-IOMT-012-453,EHR_WRITE,EP-IND-01450
NET-01451,2026-01-01 03:29:52+00:00,1,IOMT-034,S-IOMT-034-454,IMAGING,EP-IND-01451
NET-01452,2026-01-01 03:29:53+00:00,0,IOMT-021,S-IOMT-021-455,EHR_WRITE,EP-IND-01452
NET-01453,2026-01-01 03:30:02+00:00,0,IOMT-048,S-IOMT-048-456,IMAGING,EP-IND-01453
NET-01454,2026-01-01 03:30:11+00:00,0,IOMT-032,S-IOMT-032-457,EHR_WRITE,EP-IND-01454
NET-01455,2026-01-01 03:30:13+00:00,0,IOMT-015,S-IOMT-015-458,EHR_WRITE,EP-IND-01455
NET-01456,2026-01-01 03:30:17+00:00,0,IOMT-004,S-IOMT-004-459,RESEARCH,EP-IND-01456
NET-01457,2026-01-01 03:30:22+00:00,0,IOMT-022,S-IOMT-022-460,EHR_READ,EP-IND-01457
NET-01458,2026-01-01 03:30:37+00:00,0,IOMT-025,S-IOMT-025-461,EHR_READ,EP-IND-01458
NET-01459,2026-01-01 03:30:47+00:00,0,IOMT-018,S-IOMT-018-462,LAB_RESULTS,EP-IND-01459
NET-01460,2026-01-01 03:30:49+00:00,0,IOMT-018,S-IOMT-018-463,EHR_WRITE,EP-IND-01460
NET-01461,2026-01-01 03:30:53+00:00,0,IOMT-025,S-IOMT-025-464,EHR_WRITE,EP-IND-01461
NET-01462,2026-01-01 03:30:55+00:00,0,IOMT-000,S-IOMT-000-465,EHR_READ,EP-IND-01462
NET-01463,2026-01-01 03:31:01+00:00,0,IOMT-016,S-IOMT-016-466,LAB_RESULTS,EP-IND-01463
NET-01464,2026-01-01 03:31:02+00:00,0,IOMT-045,S-IOMT-045-467,IMAGING,EP-IND-01464
NET-01465,2026-01-01 03:31:32+00:00,0,IOMT-002,S-IOMT-002-468,LAB_RESULTS,EP-IND-01465
NET-01466,2026-01-01 03:31:36+00:00,0,IOMT-043,S-IOMT-043-469,LAB_RESULTS,EP-IND-01466
NET-01467,2026-01-01 03:31:43+00:00,0,IOMT-039,S-IOMT-039-470,RESEARCH,EP-IND-01467
NET-01468,2026-01-01 03:31:58+00:00,0,IOMT-024,S-IOMT-024-471,IMAGING,EP-IND-01468
NET-01469,2026-01-01 03:32:08+00:00,0,IOMT-026,S-IOMT-026-472,RESEARCH,EP-IND-01469
NET-01470,2026-01-01 03:32:09+00:00,0,IOMT-048,S-IOMT-048-473,IMAGING,EP-IND-01470
NET-01471,2026-01-01 03:32:14+00:00,0,IOMT-014,S-IOMT-014-474,EHR_WRITE,EP-IND-01471
NET-01472,2026-01-01 03:32:15+00:00,0,IOMT-047,S-IOMT-047-475,LAB_RESULTS,EP-IND-01472
NET-01473,2026-01-01 03:32:20+00:00,0,IOMT-023,S-IOMT-023-476,RESEARCH,EP-IND-01473
NET-01474,2026-01-01 03:32:20+00:00,0,IOMT-017,S-IOMT-017-477,LAB_RESULTS,EP-IND-01474
NET-01475,2026-01-01 03:32:24+00:00,0,IOMT-027,S-IOMT-027-478,RESEARCH,EP-IND-01475
NET-01476,2026-01-01 03:32:42+00:00,0,IOMT-009,S-IOMT-009-479,IMAGING,EP-IND-01476
NET-01477,2026-01-01 03:32:53+00:00,0,IOMT-019,S-IOMT-019-480,EHR_READ,EP-IND-01477
NET-01478,2026-01-01 03:32:54+00:00,0,IOMT-035,S-IOMT-035-481,RESEARCH,EP-IND-01478
NET-01479,2026-01-01 03:32:55+00:00,0,IOMT-032,S-IOMT-032-482,RESEARCH,EP-IND-01479
NET-01480,2026-01-01 03:33:02+00:00,0,IOMT-011,S-IOMT-011-483,LAB_RESULTS,EP-IND-01480
NET-01481,2026-01-01 03:33:05+00:00,0,IOMT-030,S-IOMT-030-484,LAB_RESULTS,EP-IND-01481
NET-01482,2026-01-01 03:33:52+00:00,0,IOMT-006,S-IOMT-006-485,EHR_WRITE,EP-IND-01482
NET-01483,2026-01-01 03:33:59+00:00,0,IOMT-007,S-IOMT-007-486,RESEARCH,EP-IND-01483
NET-01484,2026-01-01 03:34:05+00:00,0,IOMT-045,S-IOMT-045-487,EHR_WRITE,EP-IND-01484
NET-01485,2026-01-01 03:34:07+00:00,0,IOMT-048,S-IOMT-048-488,IMAGING,EP-IND-01485
NET-01486,2026-01-01 03:34:44+00:00,0,IOMT-009,S-IOMT-009-489,EHR_READ,EP-IND-01486
NET-01487,2026-01-01 03:34:46+00:00,0,IOMT-015,S-IOMT-015-490,LAB_RESULTS,EP-IND-01487
NET-01488,2026-01-01 03:34:53+00:00,0,IOMT-043,S-IOMT-043-491,LAB_RESULTS,EP-IND-01488
NET-01489,2026-01-01 03:34:54+00:00,0,IOMT-018,S-IOMT-018-492,LAB_RESULTS,EP-IND-01489
NET-01490,2026-01-01 03:35:10+00:00,0,IOMT-003,S-IOMT-003-493,RESEARCH,EP-IND-01490
NET-01491,2026-01-01 03:35:32+00:00,0,IOMT-028,S-IOMT-028-494,RESEARCH,EP-IND-01491
NET-01492,2026-01-01 03:35:54+00:00,0,IOMT-020,S-IOMT-020-495,IMAGING,EP-IND-01492
NET-01493,2026-01-01 03:36:12+00:00,0,IOMT-021,S-IOMT-021-496,EHR_WRITE,EP-IND-01493
NET-01494,2026-01-01 03:36:41+00:00,0,IOMT-040,S-IOMT-040-497,RESEARCH,EP-IND-01494
NET-01495,2026-01-01 03:37:03+00:00,0,IOMT-041,S-IOMT-041-498,IMAGING,EP-IND-01495
NET-01496,2026-01-01 03:37:07+00:00,0,IOMT-029,S-IOMT-029-499,LAB_RESULTS,EP-IND-01496
NET-01497,2026-01-01 03:37:22+00:00,0,IOMT-039,S-IOMT-039-500,EHR_READ,EP-IND-01497
NET-01498,2026-01-01 03:37:37+00:00,0,IOMT-049,S-IOMT-049-501,EHR_WRITE,EP-IND-01498
NET-01499,2026-01-01 03:37:37+00:00,0,IOMT-042,S-IOMT-042-502,LAB_RESULTS,EP-IND-01499
NET-01500,2026-01-01 03:37:39+00:00,0,IOMT-046,S-IOMT-046-503,RESEARCH,EP-IND-01500
NET-01501,2026-01-01 03:37:40+00:00,0,IOMT-023,S-IOMT-023-504,IMAGING,EP-IND-01501
NET-01502,2026-01-01 03:37:41+00:00,0,IOMT-023,S-IOMT-023-505,EHR_WRITE,EP-IND-01502
NET-01503,2026-01-01 03:37:58+00:00,0,IOMT-040,S-IOMT-040-506,LAB_RESULTS,EP-IND-01503
NET-01504,2026-01-01 03:38:03+00:00,0,IOMT-049,S-IOMT-049-507,RESEARCH,EP-IND-01504
NET-01505,2026-01-01 03:38:04+00:00,0,IOMT-014,S-IOMT-014-508,LAB_RESULTS,EP-IND-01505
NET-01506,2026-01-01 03:38:15+00:00,1,IOMT-021,S-IOMT-021-509,RESEARCH,EP-IND-01506
NET-01507,2026-01-01 03:38:21+00:00,0,IOMT-006,S-IOMT-006-510,EHR_READ,EP-IND-01507
NET-01508,2026-01-01 03:38:22+00:00,0,IOMT-038,S-IOMT-038-511,EHR_WRITE,EP-IND-01508
NET-01509,2026-01-01 03:38:40+00:00,0,IOMT-007,S-IOMT-007-512,LAB_RESULTS,EP-IND-01509
NET-01510,2026-01-01 03:38:47+00:00,0,IOMT-044,S-IOMT-044-513,IMAGING,EP-IND-01510
NET-01511,2026-01-01 03:38:53+00:00,0,IOMT-004,S-IOMT-004-514,IMAGING,EP-IND-01511
NET-01512,2026-01-01 03:38:53+00:00,0,IOMT-016,S-IOMT-016-515,LAB_RESULTS,EP-IND-01512
NET-01513,2026-01-01 03:38:57+00:00,0,IOMT-006,S-IOMT-006-516,IMAGING,EP-IND-01513
NET-01514,2026-01-01 03:39:03+00:00,0,IOMT-048,S-IOMT-048-517,RESEARCH,EP-IND-01514
NET-01515,2026-01-01 03:39:13+00:00,0,IOMT-022,S-IOMT-022-518,LAB_RESULTS,EP-IND-01515
NET-01516,2026-01-01 03:39:16+00:00,0,IOMT-023,S-IOMT-023-519,EHR_WRITE,EP-IND-01516
NET-01517,2026-01-01 03:39:21+00:00,0,IOMT-005,S-IOMT-005-520,EHR_READ,EP-IND-01517
NET-01518,2026-01-01 03:39:22+00:00,1,IOMT-025,S-IOMT-025-521,EHR_READ,EP-IND-01518
NET-01519,2026-01-01 03:39:32+00:00,0,IOMT-032,S-IOMT-032-522,RESEARCH,EP-IND-01519
NET-01520,2026-01-01 03:39:39+00:00,0,IOMT-033,S-IOMT-033-523,RESEARCH,EP-IND-01520
NET-01521,2026-01-01 03:39:50+00:00,0,IOMT-014,S-IOMT-014-524,EHR_WRITE,EP-IND-01521
NET-01522,2026-01-01 03:39:55+00:00,0,IOMT-006,S-IOMT-006-525,EHR_WRITE,EP-IND-01522
NET-01523,2026-01-01 03:39:58+00:00,0,IOMT-020,S-IOMT-020-526,RESEARCH,EP-IND-01523
NET-01524,2026-01-01 03:40:35+00:00,0,IOMT-010,S-IOMT-010-527,EHR_WRITE,EP-IND-01524
NET-01525,2026-01-01 03:40:52+00:00,0,IOMT-000,S-IOMT-000-528,IMAGING,EP-IND-01525
NET-01526,2026-01-01 03:40:56+00:00,0,IOMT-015,S-IOMT-015-529,LAB_RESULTS,EP-IND-01526
NET-01527,2026-01-01 03:40:59+00:00,0,IOMT-049,S-IOMT-049-530,EHR_WRITE,EP-IND-01527
NET-01528,2026-01-01 03:41:03+00:00,0,IOMT-026,S-IOMT-026-531,IMAGING,EP-IND-01528
NET-01529,2026-01-01 03:41:05+00:00,0,IOMT-043,S-IOMT-043-532,EHR_READ,EP-IND-01529
NET-01530,2026-01-01 03:41:07+00:00,0,IOMT-026,S-IOMT-026-533,EHR_WRITE,EP-IND-01530
NET-01531,2026-01-01 03:41:10+00:00,0,IOMT-005,S-IOMT-005-534,RESEARCH,EP-IND-01531
NET-01532,2026-01-01 03:41:12+00:00,0,IOMT-004,S-IOMT-004-535,IMAGING,EP-IND-01532
NET-01533,2026-01-01 03:41:12+00:00,0,IOMT-044,S-IOMT-044-536,EHR_READ,EP-IND-01533
NET-01534,2026-01-01 03:41:21+00:00,0,IOMT-004,S-IOMT-004-537,EHR_READ,EP-IND-01534
NET-01535,2026-01-01 03:41:21+00:00,1,IOMT-041,S-IOMT-041-538,RESEARCH,EP-IND-01535
NET-01536,2026-01-01 03:41:29+00:00,0,IOMT-022,S-IOMT-022-539,EHR_READ,EP-IND-01536
NET-01537,2026-01-01 03:41:35+00:00,0,IOMT-009,S-IOMT-009-540,EHR_WRITE,EP-IND-01537
NET-01538,2026-01-01 03:41:49+00:00,0,IOMT-027,S-IOMT-027-541,LAB_RESULTS,EP-IND-01538
NET-01539,2026-01-01 03:41:50+00:00,0,IOMT-044,S-IOMT-044-542,EHR_WRITE,EP-IND-01539
NET-01540,2026-01-01 03:41:51+00:00,1,IOMT-010,S-IOMT-010-543,RESEARCH,EP-IND-01540
NET-01541,2026-01-01 03:41:53+00:00,0,IOMT-003,S-IOMT-003-544,RESEARCH,EP-IND-01541
NET-01542,2026-01-01 03:41:55+00:00,0,IOMT-033,S-IOMT-033-545,IMAGING,EP-IND-01542
NET-01543,2026-01-01 03:42:30+00:00,0,IOMT-022,S-IOMT-022-546,EHR_READ,EP-IND-01543
NET-01544,2026-01-01 03:42:42+00:00,0,IOMT-024,S-IOMT-024-547,EHR_WRITE,EP-IND-01544
NET-01545,2026-01-01 03:42:43+00:00,0,IOMT-023,S-IOMT-023-548,RESEARCH,EP-IND-01545
NET-01546,2026-01-01 03:42:46+00:00,0,IOMT-001,S-IOMT-001-549,EHR_WRITE,EP-IND-01546
NET-01547,2026-01-01 03:42:55+00:00,0,IOMT-013,S-IOMT-013-550,IMAGING,EP-IND-01547
NET-01548,2026-01-01 03:42:57+00:00,0,IOMT-038,S-IOMT-038-551,EHR_WRITE,EP-IND-01548
NET-01549,2026-01-01 03:43:02+00:00,0,IOMT-038,S-IOMT-038-552,EHR_READ,EP-IND-01549
NET-01550,2026-01-01 03:43:10+00:00,0,IOMT-041,S-IOMT-041-553,IMAGING,EP-IND-01550
NET-01551,2026-01-01 03:43:19+00:00,1,IOMT-013,S-IOMT-013-554,RESEARCH,EP-IND-01551
NET-01552,2026-01-01 03:43:24+00:00,0,IOMT-006,S-IOMT-006-555,EHR_WRITE,EP-IND-01552
NET-01553,2026-01-01 03:43:31+00:00,0,IOMT-034,S-IOMT-034-556,RESEARCH,EP-IND-01553
NET-01554,2026-01-01 03:43:32+00:00,0,IOMT-013,S-IOMT-013-557,LAB_RESULTS,EP-IND-01554
NET-01555,2026-01-01 03:43:36+00:00,1,IOMT-029,S-IOMT-029-558,RESEARCH,EP-IND-01555
NET-01556,2026-01-01 03:44:00+00:00,0,IOMT-011,S-IOMT-011-559,RESEARCH,EP-IND-01556
NET-01557,2026-01-01 03:44:16+00:00,0,IOMT-022,S-IOMT-022-560,EHR_READ,EP-IND-01557
NET-01558,2026-01-01 03:44:17+00:00,0,IOMT-002,S-IOMT-002-561,EHR_READ,EP-IND-01558
NET-01559,2026-01-01 03:44:50+00:00,0,IOMT-014,S-IOMT-014-562,RESEARCH,EP-IND-01559
NET-01560,2026-01-01 03:45:13+00:00,0,IOMT-011,S-IOMT-011-563,EHR_WRITE,EP-IND-01560
NET-01561,2026-01-01 03:45:43+00:00,0,IOMT-030,S-IOMT-030-564,RESEARCH,EP-IND-01561
NET-01562,2026-01-01 03:46:00+00:00,0,IOMT-020,S-IOMT-020-565,EHR_READ,EP-IND-01562
NET-01563,2026-01-01 03:46:17+00:00,0,IOMT-042,S-IOMT-042-566,RESEARCH,EP-IND-01563
NET-01564,2026-01-01 03:46:18+00:00,0,IOMT-003,S-IOMT-003-567,EHR_WRITE,EP-IND-01564
NET-01565,2026-01-01 03:46:23+00:00,0,IOMT-026,S-IOMT-026-568,EHR_READ,EP-IND-01565
NET-01566,2026-01-01 03:46:28+00:00,0,IOMT-034,S-IOMT-034-569,IMAGING,EP-IND-01566
NET-01567,2026-01-01 03:46:37+00:00,0,IOMT-034,S-IOMT-034-570,RESEARCH,EP-IND-01567
NET-01568,2026-01-01 03:47:16+00:00,0,IOMT-027,S-IOMT-027-571,EHR_WRITE,EP-IND-01568
NET-01569,2026-01-01 03:47:20+00:00,1,IOMT-010,S-IOMT-010-572,EHR_WRITE,EP-IND-01569
NET-01570,2026-01-01 03:47:21+00:00,0,IOMT-038,S-IOMT-038-573,EHR_READ,EP-IND-01570
NET-01571,2026-01-01 03:47:30+00:00,0,IOMT-008,S-IOMT-008-574,RESEARCH,EP-IND-01571
NET-01572,2026-01-01 03:47:37+00:00,0,IOMT-010,S-IOMT-010-575,EHR_WRITE,EP-IND-01572
NET-01573,2026-01-01 03:47:59+00:00,0,IOMT-047,S-IOMT-047-576,LAB_RESULTS,EP-IND-01573
NET-01574,2026-01-01 03:48:21+00:00,0,IOMT-023,S-IOMT-023-577,RESEARCH,EP-IND-01574
NET-01575,2026-01-01 03:48:23+00:00,0,IOMT-019,S-IOMT-019-578,IMAGING,EP-IND-01575
NET-01576,2026-01-01 03:48:23+00:00,0,IOMT-000,S-IOMT-000-579,IMAGING,EP-IND-01576
NET-01577,2026-01-01 03:48:32+00:00,0,IOMT-039,S-IOMT-039-580,EHR_WRITE,EP-IND-01577
NET-01578,2026-01-01 03:48:38+00:00,0,IOMT-035,S-IOMT-035-581,EHR_WRITE,EP-IND-01578
NET-01579,2026-01-01 03:48:43+00:00,0,IOMT-044,S-IOMT-044-582,EHR_WRITE,EP-IND-01579
NET-01580,2026-01-01 03:48:57+00:00,0,IOMT-023,S-IOMT-023-583,LAB_RESULTS,EP-IND-01580
NET-01581,2026-01-01 03:48:57+00:00,0,IOMT-003,S-IOMT-003-584,IMAGING,EP-IND-01581
NET-01582,2026-01-01 03:49:02+00:00,0,IOMT-010,S-IOMT-010-585,IMAGING,EP-IND-01582
NET-01583,2026-01-01 03:49:18+00:00,0,IOMT-034,S-IOMT-034-586,EHR_READ,EP-IND-01583
NET-01584,2026-01-01 03:49:26+00:00,0,IOMT-024,S-IOMT-024-587,LAB_RESULTS,EP-IND-01584
NET-01585,2026-01-01 03:49:32+00:00,0,IOMT-046,S-IOMT-046-588,EHR_READ,EP-IND-01585
NET-01586,2026-01-01 03:49:47+00:00,0,IOMT-023,S-IOMT-023-589,IMAGING,EP-IND-01586
NET-01587,2026-01-01 03:50:04+00:00,0,IOMT-043,S-IOMT-043-590,EHR_WRITE,EP-IND-01587
NET-01588,2026-01-01 03:50:14+00:00,0,IOMT-038,S-IOMT-038-591,EHR_READ,EP-IND-01588
NET-01589,2026-01-01 03:50:16+00:00,0,IOMT-008,S-IOMT-008-592,RESEARCH,EP-IND-01589
NET-01590,2026-01-01 03:50:38+00:00,0,IOMT-027,S-IOMT-027-593,RESEARCH,EP-IND-01590
NET-01591,2026-01-01 03:50:41+00:00,0,IOMT-036,S-IOMT-036-594,EHR_WRITE,EP-IND-01591
NET-01592,2026-01-01 03:50:53+00:00,0,IOMT-000,S-IOMT-000-595,LAB_RESULTS,EP-IND-01592
NET-01593,2026-01-01 03:51:18+00:00,0,IOMT-046,S-IOMT-046-596,RESEARCH,EP-IND-01593
NET-01594,2026-01-01 03:51:20+00:00,0,IOMT-015,S-IOMT-015-597,EHR_WRITE,EP-IND-01594
NET-01595,2026-01-01 03:51:30+00:00,0,IOMT-015,S-IOMT-015-598,RESEARCH,EP-IND-01595
NET-01596,2026-01-01 03:51:31+00:00,0,IOMT-010,S-IOMT-010-599,RESEARCH,EP-IND-01596
NET-01597,2026-01-01 03:51:34+00:00,0,IOMT-009,S-IOMT-009-600,LAB_RESULTS,EP-IND-01597
NET-01598,2026-01-01 03:52:12+00:00,0,IOMT-003,S-IOMT-003-601,IMAGING,EP-IND-01598
NET-01599,2026-01-01 03:52:16+00:00,0,IOMT-035,S-IOMT-035-602,RESEARCH,EP-IND-01599
NET-01600,2026-01-01 03:52:23+00:00,0,IOMT-012,S-IOMT-012-603,EHR_WRITE,EP-IND-01600
NET-01601,2026-01-01 03:52:28+00:00,1,IOMT-003,S-IOMT-003-604,IMAGING,EP-IND-01601
NET-01602,2026-01-01 03:52:32+00:00,0,IOMT-021,S-IOMT-021-605,IMAGING,EP-IND-01602
NET-01603,2026-01-01 03:52:41+00:00,0,IOMT-027,S-IOMT-027-606,IMAGING,EP-IND-01603
NET-01604,2026-01-01 03:52:53+00:00,0,IOMT-028,S-IOMT-028-607,EHR_WRITE,EP-IND-01604
NET-01605,2026-01-01 03:52:54+00:00,0,IOMT-046,S-IOMT-046-608,LAB_RESULTS,EP-IND-01605
NET-01606,2026-01-01 03:52:56+00:00,0,IOMT-047,S-IOMT-047-609,LAB_RESULTS,EP-IND-01606
NET-01607,2026-01-01 03:53:02+00:00,0,IOMT-027,S-IOMT-027-610,EHR_READ,EP-IND-01607
NET-01608,2026-01-01 03:53:06+00:00,0,IOMT-030,S-IOMT-030-611,EHR_READ,EP-IND-01608
NET-01609,2026-01-01 03:53:22+00:00,0,IOMT-049,S-IOMT-049-612,EHR_WRITE,EP-IND-01609
NET-01610,2026-01-01 03:53:48+00:00,0,IOMT-020,S-IOMT-020-613,RESEARCH,EP-IND-01610
NET-01611,2026-01-01 03:53:49+00:00,0,IOMT-046,S-IOMT-046-614,RESEARCH,EP-IND-01611
NET-01612,2026-01-01 03:53:49+00:00,0,IOMT-010,S-IOMT-010-615,LAB_RESULTS,EP-IND-01612
NET-01613,2026-01-01 03:53:53+00:00,0,IOMT-010,S-IOMT-010-616,RESEARCH,EP-IND-01613
NET-01614,2026-01-01 03:54:03+00:00,1,IOMT-018,S-IOMT-018-617,LAB_RESULTS,EP-IND-01614
NET-01615,2026-01-01 03:54:07+00:00,1,IOMT-039,S-IOMT-039-618,RESEARCH,EP-IND-01615
NET-01616,2026-01-01 03:54:30+00:00,0,IOMT-012,S-IOMT-012-619,EHR_READ,EP-IND-01616
NET-01617,2026-01-01 03:54:39+00:00,0,IOMT-006,S-IOMT-006-620,EHR_WRITE,EP-IND-01617
NET-01618,2026-01-01 03:54:42+00:00,0,IOMT-044,S-IOMT-044-621,IMAGING,EP-IND-01618
NET-01619,2026-01-01 03:54:45+00:00,0,IOMT-032,S-IOMT-032-622,EHR_READ,EP-IND-01619
NET-01620,2026-01-01 03:54:45+00:00,1,IOMT-035,S-IOMT-035-623,IMAGING,EP-IND-01620
NET-01621,2026-01-01 03:54:46+00:00,0,IOMT-031,S-IOMT-031-624,EHR_READ,EP-IND-01621
NET-01622,2026-01-01 03:54:51+00:00,0,IOMT-039,S-IOMT-039-625,EHR_WRITE,EP-IND-01622
NET-01623,2026-01-01 03:55:03+00:00,0,IOMT-014,S-IOMT-014-626,RESEARCH,EP-IND-01623
NET-01624,2026-01-01 03:55:18+00:00,0,IOMT-021,S-IOMT-021-627,EHR_WRITE,EP-IND-01624
NET-01625,2026-01-01 03:55:29+00:00,0,IOMT-012,S-IOMT-012-628,LAB_RESULTS,EP-IND-01625
NET-01626,2026-01-01 03:55:34+00:00,0,IOMT-010,S-IOMT-010-629,LAB_RESULTS,EP-IND-01626
NET-01627,2026-01-01 03:55:39+00:00,0,IOMT-012,S-IOMT-012-630,LAB_RESULTS,EP-IND-01627
NET-01628,2026-01-01 03:55:42+00:00,0,IOMT-025,S-IOMT-025-631,EHR_WRITE,EP-IND-01628
NET-01629,2026-01-01 03:55:43+00:00,0,IOMT-025,S-IOMT-025-632,EHR_WRITE,EP-IND-01629
NET-01630,2026-01-01 03:55:49+00:00,0,IOMT-046,S-IOMT-046-633,LAB_RESULTS,EP-IND-01630
NET-01631,2026-01-01 03:55:50+00:00,0,IOMT-020,S-IOMT-020-634,LAB_RESULTS,EP-IND-01631
NET-01632,2026-01-01 03:55:55+00:00,0,IOMT-023,S-IOMT-023-635,EHR_WRITE,EP-IND-01632
NET-01633,2026-01-01 03:56:02+00:00,0,IOMT-049,S-IOMT-049-636,EHR_READ,EP-IND-01633
NET-01634,2026-01-01 03:56:15+00:00,0,IOMT-007,S-IOMT-007-637,EHR_WRITE,EP-IND-01634
NET-01635,2026-01-01 03:56:21+00:00,0,IOMT-006,S-IOMT-006-638,IMAGING,EP-IND-01635
NET-01636,2026-01-01 03:56:30+00:00,0,IOMT-001,S-IOMT-001-639,RESEARCH,EP-IND-01636
NET-01637,2026-01-01 03:56:34+00:00,0,IOMT-003,S-IOMT-003-640,EHR_WRITE,EP-IND-01637
NET-01638,2026-01-01 03:56:37+00:00,0,IOMT-047,S-IOMT-047-641,IMAGING,EP-IND-01638
NET-01639,2026-01-01 03:56:41+00:00,0,IOMT-003,S-IOMT-003-642,EHR_WRITE,EP-IND-01639
NET-01640,2026-01-01 03:56:41+00:00,0,IOMT-042,S-IOMT-042-643,IMAGING,EP-IND-01640
NET-01641,2026-01-01 03:56:59+00:00,0,IOMT-020,S-IOMT-020-644,LAB_RESULTS,EP-IND-01641
NET-01642,2026-01-01 03:57:06+00:00,0,IOMT-007,S-IOMT-007-645,RESEARCH,EP-IND-01642
NET-01643,2026-01-01 03:57:06+00:00,0,IOMT-034,S-IOMT-034-646,EHR_WRITE,EP-IND-01643
NET-01644,2026-01-01 03:57:18+00:00,0,IOMT-021,S-IOMT-021-647,IMAGING,EP-IND-01644
NET-01645,2026-01-01 03:57:37+00:00,0,IOMT-011,S-IOMT-011-648,RESEARCH,EP-IND-01645
NET-01646,2026-01-01 03:57:46+00:00,0,IOMT-046,S-IOMT-046-649,EHR_READ,EP-IND-01646
NET-01647,2026-01-01 03:57:53+00:00,1,IOMT-025,S-IOMT-025-650,RESEARCH,EP-IND-01647
NET-01648,2026-01-01 03:58:04+00:00,0,IOMT-043,S-IOMT-043-651,IMAGING,EP-IND-01648
NET-01649,2026-01-01 03:58:04+00:00,0,IOMT-003,S-IOMT-003-652,IMAGING,EP-IND-01649
NET-01650,2026-01-01 03:58:09+00:00,0,IOMT-015,S-IOMT-015-653,IMAGING,EP-IND-01650
NET-01651,2026-01-01 03:58:18+00:00,0,IOMT-029,S-IOMT-029-654,RESEARCH,EP-IND-01651
NET-01652,2026-01-01 03:58:26+00:00,0,IOMT-009,S-IOMT-009-655,LAB_RESULTS,EP-IND-01652
NET-01653,2026-01-01 03:58:42+00:00,0,IOMT-030,S-IOMT-030-656,IMAGING,EP-IND-01653
NET-01654,2026-01-01 03:58:42+00:00,0,IOMT-043,S-IOMT-043-657,RESEARCH,EP-IND-01654
NET-01655,2026-01-01 03:59:03+00:00,1,IOMT-016,S-IOMT-016-658,EHR_READ,EP-IND-01655
NET-01656,2026-01-01 03:59:10+00:00,0,IOMT-012,S-IOMT-012-659,IMAGING,EP-IND-01656
NET-01657,2026-01-01 03:59:11+00:00,0,IOMT-028,S-IOMT-028-660,EHR_READ,EP-IND-01657
NET-01658,2026-01-01 03:59:15+00:00,0,IOMT-033,S-IOMT-033-661,LAB_RESULTS,EP-IND-01658
NET-01659,2026-01-01 03:59:19+00:00,0,IOMT-024,S-IOMT-024-662,EHR_WRITE,EP-IND-01659
NET-01660,2026-01-01 03:59:22+00:00,0,IOMT-015,S-IOMT-015-663,LAB_RESULTS,EP-IND-01660
NET-01661,2026-01-01 03:59:28+00:00,0,IOMT-011,S-IOMT-011-664,EHR_WRITE,EP-IND-01661
NET-01662,2026-01-01 04:00:09+00:00,1,IOMT-033,S-IOMT-033-665,EHR_READ,EP-IND-01662
NET-01663,2026-01-01 04:00:10+00:00,0,IOMT-017,S-IOMT-017-666,EHR_WRITE,EP-IND-01663
NET-01664,2026-01-01 04:00:12+00:00,0,IOMT-014,S-IOMT-014-667,RESEARCH,EP-IND-01664
NET-01665,2026-01-01 04:00:42+00:00,0,IOMT-011,S-IOMT-011-668,EHR_WRITE,EP-IND-01665
NET-01666,2026-01-01 04:00:47+00:00,0,IOMT-030,S-IOMT-030-669,EHR_READ,EP-IND-01666
NET-01667,2026-01-01 04:00:51+00:00,0,IOMT-006,S-IOMT-006-670,EHR_READ,EP-IND-01667
NET-01668,2026-01-01 04:00:56+00:00,0,IOMT-003,S-IOMT-003-671,LAB_RESULTS,EP-IND-01668
NET-01669,2026-01-01 04:01:06+00:00,0,IOMT-034,S-IOMT-034-672,RESEARCH,EP-IND-01669
NET-01670,2026-01-01 04:01:10+00:00,0,IOMT-022,S-IOMT-022-673,IMAGING,EP-IND-01670
NET-01671,2026-01-01 04:01:10+00:00,0,IOMT-011,S-IOMT-011-674,EHR_WRITE,EP-IND-01671
NET-01672,2026-01-01 04:01:32+00:00,0,IOMT-015,S-IOMT-015-675,RESEARCH,EP-IND-01672
NET-01673,2026-01-01 04:02:05+00:00,0,IOMT-025,S-IOMT-025-676,LAB_RESULTS,EP-IND-01673
NET-01674,2026-01-01 04:02:26+00:00,0,IOMT-033,S-IOMT-033-677,LAB_RESULTS,EP-IND-01674
NET-01675,2026-01-01 04:02:27+00:00,1,IOMT-038,S-IOMT-038-678,EHR_WRITE,EP-IND-01675
NET-01676,2026-01-01 04:02:29+00:00,0,IOMT-041,S-IOMT-041-679,RESEARCH,EP-IND-01676
NET-01677,2026-01-01 04:02:35+00:00,0,IOMT-047,S-IOMT-047-680,EHR_READ,EP-IND-01677
NET-01678,2026-01-01 04:02:43+00:00,0,IOMT-029,S-IOMT-029-681,IMAGING,EP-IND-01678
NET-01679,2026-01-01 04:03:09+00:00,0,IOMT-002,S-IOMT-002-682,EHR_READ,EP-IND-01679
NET-01680,2026-01-01 04:03:10+00:00,0,IOMT-025,S-IOMT-025-683,RESEARCH,EP-IND-01680
NET-01681,2026-01-01 04:03:20+00:00,0,IOMT-044,S-IOMT-044-684,RESEARCH,EP-IND-01681
NET-01682,2026-01-01 04:03:21+00:00,0,IOMT-004,S-IOMT-004-685,EHR_WRITE,EP-IND-01682
NET-01683,2026-01-01 04:03:31+00:00,0,IOMT-007,S-IOMT-007-686,EHR_WRITE,EP-IND-01683
NET-01684,2026-01-01 04:03:51+00:00,0,IOMT-006,S-IOMT-006-687,RESEARCH,EP-IND-01684
NET-01685,2026-01-01 04:04:24+00:00,0,IOMT-042,S-IOMT-042-688,LAB_RESULTS,EP-IND-01685
NET-01686,2026-01-01 04:04:30+00:00,0,IOMT-025,S-IOMT-025-689,RESEARCH,EP-IND-01686
NET-01687,2026-01-01 04:04:31+00:00,0,IOMT-045,S-IOMT-045-690,EHR_READ,EP-IND-01687
NET-01688,2026-01-01 04:04:33+00:00,0,IOMT-035,S-IOMT-035-691,RESEARCH,EP-IND-01688
NET-01689,2026-01-01 04:04:53+00:00,0,IOMT-015,S-IOMT-015-692,IMAGING,EP-IND-01689
NET-01690,2026-01-01 04:05:14+00:00,0,IOMT-014,S-IOMT-014-693,LAB_RESULTS,EP-IND-01690
NET-01691,2026-01-01 04:05:26+00:00,0,IOMT-004,S-IOMT-004-694,EHR_WRITE,EP-IND-01691
NET-01692,2026-01-01 04:05:29+00:00,0,IOMT-040,S-IOMT-040-695,IMAGING,EP-IND-01692
NET-01693,2026-01-01 04:05:37+00:00,0,IOMT-034,S-IOMT-034-696,EHR_WRITE,EP-IND-01693
NET-01694,2026-01-01 04:06:08+00:00,0,IOMT-023,S-IOMT-023-697,EHR_WRITE,EP-IND-01694
NET-01695,2026-01-01 04:06:14+00:00,0,IOMT-046,S-IOMT-046-698,IMAGING,EP-IND-01695
NET-01696,2026-01-01 04:06:15+00:00,1,IOMT-039,S-IOMT-039-699,IMAGING,EP-IND-01696
NET-01697,2026-01-01 04:06:30+00:00,0,IOMT-028,S-IOMT-028-700,EHR_READ,EP-IND-01697
NET-01698,2026-01-01 04:06:34+00:00,0,IOMT-035,S-IOMT-035-701,IMAGING,EP-IND-01698
NET-01699,2026-01-01 04:06:38+00:00,0,IOMT-045,S-IOMT-045-702,IMAGING,EP-IND-01699
NET-01700,2026-01-01 04:06:47+00:00,0,IOMT-030,S-IOMT-030-703,RESEARCH,EP-IND-01700
NET-01701,2026-01-01 04:06:55+00:00,0,IOMT-032,S-IOMT-032-704,EHR_READ,EP-IND-01701
NET-01702,2026-01-01 04:07:47+00:00,0,IOMT-013,S-IOMT-013-705,RESEARCH,EP-IND-01702
NET-01703,2026-01-01 04:07:49+00:00,0,IOMT-019,S-IOMT-019-706,EHR_WRITE,EP-IND-01703
NET-01704,2026-01-01 04:08:01+00:00,0,IOMT-034,S-IOMT-034-707,RESEARCH,EP-IND-01704
NET-01705,2026-01-01 04:08:05+00:00,0,IOMT-039,S-IOMT-039-708,EHR_READ,EP-IND-01705
NET-01706,2026-01-01 04:08:21+00:00,0,IOMT-034,S-IOMT-034-709,EHR_READ,EP-IND-01706
NET-01707,2026-01-01 04:08:22+00:00,0,IOMT-049,S-IOMT-049-710,EHR_READ,EP-IND-01707
NET-01708,2026-01-01 04:08:24+00:00,0,IOMT-013,S-IOMT-013-711,LAB_RESULTS,EP-IND-01708
NET-01709,2026-01-01 04:08:34+00:00,0,IOMT-020,S-IOMT-020-712,EHR_WRITE,EP-IND-01709
NET-01710,2026-01-01 04:08:38+00:00,0,IOMT-041,S-IOMT-041-713,IMAGING,EP-IND-01710
NET-01711,2026-01-01 04:09:02+00:00,0,IOMT-026,S-IOMT-026-714,EHR_WRITE,EP-IND-01711
NET-01712,2026-01-01 04:09:19+00:00,0,IOMT-008,S-IOMT-008-715,IMAGING,EP-IND-01712
NET-01713,2026-01-01 04:09:43+00:00,0,IOMT-038,S-IOMT-038-716,RESEARCH,EP-IND-01713
NET-01714,2026-01-01 04:09:47+00:00,0,IOMT-003,S-IOMT-003-717,IMAGING,EP-IND-01714
NET-01715,2026-01-01 04:09:51+00:00,0,IOMT-041,S-IOMT-041-718,EHR_WRITE,EP-IND-01715
NET-01716,2026-01-01 04:09:51+00:00,1,IOMT-027,S-IOMT-027-719,LAB_RESULTS,EP-IND-01716
NET-01717,2026-01-01 04:10:00+00:00,0,IOMT-010,S-IOMT-010-720,LAB_RESULTS,EP-IND-01717
NET-01718,2026-01-01 04:10:14+00:00,0,IOMT-011,S-IOMT-011-721,IMAGING,EP-IND-01718
NET-01719,2026-01-01 04:10:22+00:00,0,IOMT-006,S-IOMT-006-722,EHR_WRITE,EP-IND-01719
NET-01720,2026-01-01 04:10:30+00:00,0,IOMT-020,S-IOMT-020-723,EHR_READ,EP-IND-01720
NET-01721,2026-01-01 04:10:30+00:00,0,IOMT-003,S-IOMT-003-724,EHR_WRITE,EP-IND-01721
NET-01722,2026-01-01 04:10:56+00:00,0,IOMT-043,S-IOMT-043-725,LAB_RESULTS,EP-IND-01722
NET-01723,2026-01-01 04:11:07+00:00,0,IOMT-024,S-IOMT-024-726,EHR_READ,EP-IND-01723
NET-01724,2026-01-01 04:12:07+00:00,0,IOMT-038,S-IOMT-038-727,RESEARCH,EP-IND-01724
NET-01725,2026-01-01 04:12:09+00:00,0,IOMT-015,S-IOMT-015-728,EHR_READ,EP-IND-01725
NET-01726,2026-01-01 04:12:12+00:00,0,IOMT-029,S-IOMT-029-729,EHR_READ,EP-IND-01726
NET-01727,2026-01-01 04:12:14+00:00,0,IOMT-026,S-IOMT-026-730,IMAGING,EP-IND-01727
NET-01728,2026-01-01 04:12:22+00:00,0,IOMT-015,S-IOMT-015-731,EHR_WRITE,EP-IND-01728
NET-01729,2026-01-01 04:12:28+00:00,0,IOMT-045,S-IOMT-045-732,EHR_WRITE,EP-IND-01729
NET-01730,2026-01-01 04:12:32+00:00,0,IOMT-035,S-IOMT-035-733,RESEARCH,EP-IND-01730
NET-01731,2026-01-01 04:12:32+00:00,1,IOMT-045,S-IOMT-045-734,RESEARCH,EP-IND-01731
NET-01732,2026-01-01 04:12:50+00:00,0,IOMT-022,S-IOMT-022-735,EHR_READ,EP-IND-01732
NET-01733,2026-01-01 04:13:10+00:00,0,IOMT-008,S-IOMT-008-736,EHR_WRITE,EP-IND-01733
NET-01734,2026-01-01 04:13:28+00:00,0,IOMT-000,S-IOMT-000-737,EHR_READ,EP-IND-01734
NET-01735,2026-01-01 04:13:34+00:00,0,IOMT-038,S-IOMT-038-738,LAB_RESULTS,EP-IND-01735
NET-01736,2026-01-01 04:13:50+00:00,0,IOMT-007,S-IOMT-007-739,LAB_RESULTS,EP-IND-01736
NET-01737,2026-01-01 04:13:58+00:00,0,IOMT-005,S-IOMT-005-740,RESEARCH,EP-IND-01737
NET-01738,2026-01-01 04:14:10+00:00,0,IOMT-047,S-IOMT-047-741,EHR_WRITE,EP-IND-01738
NET-01739,2026-01-01 04:14:18+00:00,0,IOMT-041,S-IOMT-041-742,RESEARCH,EP-IND-01739
NET-01740,2026-01-01 04:14:21+00:00,0,IOMT-038,S-IOMT-038-743,RESEARCH,EP-IND-01740
NET-01741,2026-01-01 04:14:28+00:00,0,IOMT-016,S-IOMT-016-744,RESEARCH,EP-IND-01741
NET-01742,2026-01-01 04:14:29+00:00,0,IOMT-025,S-IOMT-025-745,RESEARCH,EP-IND-01742
NET-01743,2026-01-01 04:14:49+00:00,0,IOMT-047,S-IOMT-047-746,EHR_WRITE,EP-IND-01743
NET-01744,2026-01-01 04:15:05+00:00,0,IOMT-042,S-IOMT-042-747,RESEARCH,EP-IND-01744
NET-01745,2026-01-01 04:15:10+00:00,0,IOMT-012,S-IOMT-012-748,EHR_WRITE,EP-IND-01745
NET-01746,2026-01-01 04:15:11+00:00,0,IOMT-039,S-IOMT-039-749,IMAGING,EP-IND-01746
NET-01747,2026-01-01 04:15:24+00:00,0,IOMT-041,S-IOMT-041-750,EHR_WRITE,EP-IND-01747
NET-01748,2026-01-01 04:15:37+00:00,0,IOMT-047,S-IOMT-047-751,EHR_READ,EP-IND-01748
NET-01749,2026-01-01 04:15:39+00:00,0,IOMT-015,S-IOMT-015-752,EHR_READ,EP-IND-01749
NET-01750,2026-01-01 04:15:47+00:00,0,IOMT-040,S-IOMT-040-753,EHR_READ,EP-IND-01750
NET-01751,2026-01-01 04:15:50+00:00,0,IOMT-033,S-IOMT-033-754,LAB_RESULTS,EP-IND-01751
NET-01752,2026-01-01 04:16:00+00:00,0,IOMT-042,S-IOMT-042-755,EHR_READ,EP-IND-01752
NET-01753,2026-01-01 04:16:07+00:00,1,IOMT-040,S-IOMT-040-756,EHR_READ,EP-IND-01753
NET-01754,2026-01-01 04:16:09+00:00,0,IOMT-003,S-IOMT-003-757,EHR_READ,EP-IND-01754
NET-01755,2026-01-01 04:16:11+00:00,0,IOMT-048,S-IOMT-048-758,RESEARCH,EP-IND-01755
NET-01756,2026-01-01 04:16:19+00:00,0,IOMT-015,S-IOMT-015-759,IMAGING,EP-IND-01756
NET-01757,2026-01-01 04:16:28+00:00,0,IOMT-034,S-IOMT-034-760,LAB_RESULTS,EP-IND-01757
NET-01758,2026-01-01 04:16:55+00:00,0,IOMT-033,S-IOMT-033-761,EHR_WRITE,EP-IND-01758
NET-01759,2026-01-01 04:16:59+00:00,0,IOMT-032,S-IOMT-032-762,EHR_WRITE,EP-IND-01759
NET-01760,2026-01-01 04:17:02+00:00,0,IOMT-009,S-IOMT-009-763,LAB_RESULTS,EP-IND-01760
NET-01761,2026-01-01 04:17:03+00:00,0,IOMT-011,S-IOMT-011-764,LAB_RESULTS,EP-IND-01761
NET-01762,2026-01-01 04:17:09+00:00,0,IOMT-019,S-IOMT-019-765,IMAGING,EP-IND-01762
NET-01763,2026-01-01 04:17:11+00:00,0,IOMT-012,S-IOMT-012-766,EHR_READ,EP-IND-01763
NET-01764,2026-01-01 04:17:16+00:00,0,IOMT-034,S-IOMT-034-767,EHR_WRITE,EP-IND-01764
NET-01765,2026-01-01 04:17:20+00:00,0,IOMT-001,S-IOMT-001-768,IMAGING,EP-IND-01765
NET-01766,2026-01-01 04:17:23+00:00,0,IOMT-042,S-IOMT-042-769,RESEARCH,EP-IND-01766
NET-01767,2026-01-01 04:17:33+00:00,0,IOMT-002,S-IOMT-002-770,LAB_RESULTS,EP-IND-01767
NET-01768,2026-01-01 04:17:38+00:00,0,IOMT-033,S-IOMT-033-771,RESEARCH,EP-IND-01768
NET-01769,2026-01-01 04:17:50+00:00,0,IOMT-014,S-IOMT-014-772,EHR_READ,EP-IND-01769
NET-01770,2026-01-01 04:18:02+00:00,1,IOMT-011,S-IOMT-011-773,EHR_READ,EP-IND-01770
NET-01771,2026-01-01 04:18:11+00:00,0,IOMT-015,S-IOMT-015-774,IMAGING,EP-IND-01771
NET-01772,2026-01-01 04:18:12+00:00,0,IOMT-044,S-IOMT-044-775,EHR_READ,EP-IND-01772
NET-01773,2026-01-01 04:18:14+00:00,0,IOMT-014,S-IOMT-014-776,RESEARCH,EP-IND-01773
NET-01774,2026-01-01 04:18:16+00:00,0,IOMT-032,S-IOMT-032-777,EHR_WRITE,EP-IND-01774
NET-01775,2026-01-01 04:18:17+00:00,0,IOMT-010,S-IOMT-010-778,IMAGING,EP-IND-01775
NET-01776,2026-01-01 04:18:28+00:00,0,IOMT-036,S-IOMT-036-779,EHR_WRITE,EP-IND-01776
NET-01777,2026-01-01 04:18:29+00:00,0,IOMT-012,S-IOMT-012-780,EHR_WRITE,EP-IND-01777
NET-01778,2026-01-01 04:18:47+00:00,0,IOMT-025,S-IOMT-025-781,IMAGING,EP-IND-01778
NET-01779,2026-01-01 04:18:48+00:00,0,IOMT-036,S-IOMT-036-782,EHR_READ,EP-IND-01779
NET-01780,2026-01-01 04:19:06+00:00,0,IOMT-014,S-IOMT-014-783,EHR_WRITE,EP-IND-01780
NET-01781,2026-01-01 04:19:10+00:00,0,IOMT-018,S-IOMT-018-784,LAB_RESULTS,EP-IND-01781
NET-01782,2026-01-01 04:19:36+00:00,0,IOMT-032,S-IOMT-032-785,IMAGING,EP-IND-01782
NET-01783,2026-01-01 04:19:38+00:00,0,IOMT-031,S-IOMT-031-786,RESEARCH,EP-IND-01783
NET-01784,2026-01-01 04:19:40+00:00,0,IOMT-004,S-IOMT-004-787,LAB_RESULTS,EP-IND-01784
NET-01785,2026-01-01 04:19:46+00:00,0,IOMT-009,S-IOMT-009-788,RESEARCH,EP-IND-01785
NET-01786,2026-01-01 04:19:47+00:00,0,IOMT-015,S-IOMT-015-789,LAB_RESULTS,EP-IND-01786
NET-01787,2026-01-01 04:19:48+00:00,0,IOMT-015,S-IOMT-015-790,EHR_READ,EP-IND-01787
NET-01788,2026-01-01 04:19:49+00:00,0,IOMT-042,S-IOMT-042-791,RESEARCH,EP-IND-01788
NET-01789,2026-01-01 04:19:50+00:00,0,IOMT-039,S-IOMT-039-792,EHR_READ,EP-IND-01789
NET-01790,2026-01-01 04:19:50+00:00,0,IOMT-003,S-IOMT-003-793,LAB_RESULTS,EP-IND-01790
NET-01791,2026-01-01 04:20:07+00:00,0,IOMT-013,S-IOMT-013-794,EHR_READ,EP-IND-01791
NET-01792,2026-01-01 04:20:31+00:00,0,IOMT-005,S-IOMT-005-795,EHR_READ,EP-IND-01792
NET-01793,2026-01-01 04:20:43+00:00,1,IOMT-032,S-IOMT-032-796,EHR_READ,EP-IND-01793
NET-01794,2026-01-01 04:20:45+00:00,0,IOMT-027,S-IOMT-027-797,IMAGING,EP-IND-01794
NET-01795,2026-01-01 04:21:10+00:00,0,IOMT-038,S-IOMT-038-798,RESEARCH,EP-IND-01795
NET-01796,2026-01-01 04:21:22+00:00,0,IOMT-032,S-IOMT-032-799,RESEARCH,EP-IND-01796
NET-01797,2026-01-01 04:21:38+00:00,0,IOMT-032,S-IOMT-032-800,LAB_RESULTS,EP-IND-01797
NET-01798,2026-01-01 04:21:46+00:00,0,IOMT-042,S-IOMT-042-801,LAB_RESULTS,EP-IND-01798
NET-01799,2026-01-01 04:21:55+00:00,1,IOMT-020,S-IOMT-020-802,LAB_RESULTS,EP-IND-01799
NET-01800,2026-01-01 04:22:10+00:00,0,IOMT-039,S-IOMT-039-803,LAB_RESULTS,EP-IND-01800
NET-01801,2026-01-01 04:22:12+00:00,0,IOMT-047,S-IOMT-047-804,LAB_RESULTS,EP-IND-01801
NET-01802,2026-01-01 04:22:19+00:00,0,IOMT-009,S-IOMT-009-805,EHR_READ,EP-IND-01802
NET-01803,2026-01-01 04:22:34+00:00,0,IOMT-022,S-IOMT-022-806,RESEARCH,EP-IND-01803
NET-01804,2026-01-01 04:22:37+00:00,0,IOMT-020,S-IOMT-020-807,LAB_RESULTS,EP-IND-01804
NET-01805,2026-01-01 04:22:48+00:00,0,IOMT-026,S-IOMT-026-808,RESEARCH,EP-IND-01805
NET-01806,2026-01-01 04:22:49+00:00,0,IOMT-041,S-IOMT-041-809,RESEARCH,EP-IND-01806
NET-01807,2026-01-01 04:22:56+00:00,0,IOMT-018,S-IOMT-018-810,EHR_READ,EP-IND-01807
NET-01808,2026-01-01 04:23:05+00:00,0,IOMT-002,S-IOMT-002-811,IMAGING,EP-IND-01808
NET-01809,2026-01-01 04:23:06+00:00,0,IOMT-027,S-IOMT-027-812,RESEARCH,EP-IND-01809
NET-01810,2026-01-01 04:23:09+00:00,0,IOMT-015,S-IOMT-015-813,EHR_WRITE,EP-IND-01810
NET-01811,2026-01-01 04:23:11+00:00,0,IOMT-036,S-IOMT-036-814,RESEARCH,EP-IND-01811
NET-01812,2026-01-01 04:23:22+00:00,0,IOMT-046,S-IOMT-046-815,RESEARCH,EP-IND-01812
NET-01813,2026-01-01 04:23:24+00:00,0,IOMT-022,S-IOMT-022-816,RESEARCH,EP-IND-01813
NET-01814,2026-01-01 04:23:29+00:00,0,IOMT-020,S-IOMT-020-817,EHR_WRITE,EP-IND-01814
NET-01815,2026-01-01 04:23:31+00:00,0,IOMT-007,S-IOMT-007-818,IMAGING,EP-IND-01815
NET-01816,2026-01-01 04:23:39+00:00,0,IOMT-041,S-IOMT-041-819,EHR_WRITE,EP-IND-01816
NET-01817,2026-01-01 04:24:05+00:00,0,IOMT-016,S-IOMT-016-820,IMAGING,EP-IND-01817
NET-01818,2026-01-01 04:24:10+00:00,0,IOMT-014,S-IOMT-014-821,EHR_WRITE,EP-IND-01818
NET-01819,2026-01-01 04:24:28+00:00,0,IOMT-046,S-IOMT-046-822,RESEARCH,EP-IND-01819
NET-01820,2026-01-01 04:24:40+00:00,0,IOMT-049,S-IOMT-049-823,RESEARCH,EP-IND-01820
NET-01821,2026-01-01 04:24:54+00:00,0,IOMT-009,S-IOMT-009-824,LAB_RESULTS,EP-IND-01821
NET-01822,2026-01-01 04:25:12+00:00,0,IOMT-033,S-IOMT-033-825,LAB_RESULTS,EP-IND-01822
NET-01823,2026-01-01 04:25:15+00:00,0,IOMT-013,S-IOMT-013-826,EHR_READ,EP-IND-01823
NET-01824,2026-01-01 04:25:32+00:00,0,IOMT-014,S-IOMT-014-827,EHR_READ,EP-IND-01824
NET-01825,2026-01-01 04:25:35+00:00,0,IOMT-001,S-IOMT-001-828,RESEARCH,EP-IND-01825
NET-01826,2026-01-01 04:25:37+00:00,0,IOMT-028,S-IOMT-028-829,EHR_WRITE,EP-IND-01826
NET-01827,2026-01-01 04:25:43+00:00,0,IOMT-008,S-IOMT-008-830,EHR_READ,EP-IND-01827
NET-01828,2026-01-01 04:25:56+00:00,0,IOMT-021,S-IOMT-021-831,LAB_RESULTS,EP-IND-01828
NET-01829,2026-01-01 04:25:57+00:00,0,IOMT-003,S-IOMT-003-832,RESEARCH,EP-IND-01829
NET-01830,2026-01-01 04:26:10+00:00,0,IOMT-048,S-IOMT-048-833,IMAGING,EP-IND-01830
NET-01831,2026-01-01 04:26:20+00:00,0,IOMT-031,S-IOMT-031-834,EHR_WRITE,EP-IND-01831
NET-01832,2026-01-01 04:26:33+00:00,0,IOMT-028,S-IOMT-028-835,EHR_WRITE,EP-IND-01832
NET-01833,2026-01-01 04:26:44+00:00,0,IOMT-030,S-IOMT-030-836,EHR_READ,EP-IND-01833
NET-01834,2026-01-01 04:26:51+00:00,0,IOMT-013,S-IOMT-013-837,EHR_READ,EP-IND-01834
NET-01835,2026-01-01 04:27:03+00:00,0,IOMT-047,S-IOMT-047-838,EHR_WRITE,EP-IND-01835
NET-01836,2026-01-01 04:27:11+00:00,0,IOMT-040,S-IOMT-040-839,RESEARCH,EP-IND-01836
NET-01837,2026-01-01 04:27:18+00:00,0,IOMT-042,S-IOMT-042-840,RESEARCH,EP-IND-01837
NET-01838,2026-01-01 04:27:27+00:00,0,IOMT-027,S-IOMT-027-841,EHR_READ,EP-IND-01838
NET-01839,2026-01-01 04:27:32+00:00,0,IOMT-029,S-IOMT-029-842,IMAGING,EP-IND-01839
NET-01840,2026-01-01 04:27:33+00:00,0,IOMT-038,S-IOMT-038-843,EHR_READ,EP-IND-01840
NET-01841,2026-01-01 04:27:44+00:00,0,IOMT-026,S-IOMT-026-844,IMAGING,EP-IND-01841
NET-01842,2026-01-01 04:27:50+00:00,0,IOMT-006,S-IOMT-006-845,IMAGING,EP-IND-01842
NET-01843,2026-01-01 04:27:58+00:00,0,IOMT-041,S-IOMT-041-846,EHR_READ,EP-IND-01843
NET-01844,2026-01-01 04:28:08+00:00,0,IOMT-016,S-IOMT-016-847,IMAGING,EP-IND-01844
NET-01845,2026-01-01 04:28:43+00:00,0,IOMT-033,S-IOMT-033-848,IMAGING,EP-IND-01845
NET-01846,2026-01-01 04:28:45+00:00,0,IOMT-007,S-IOMT-007-849,EHR_READ,EP-IND-01846
NET-01847,2026-01-01 04:28:48+00:00,0,IOMT-038,S-IOMT-038-850,RESEARCH,EP-IND-01847
NET-01848,2026-01-01 04:28:54+00:00,0,IOMT-004,S-IOMT-004-851,IMAGING,EP-IND-01848
NET-01849,2026-01-01 04:29:01+00:00,0,IOMT-022,S-IOMT-022-852,EHR_READ,EP-IND-01849
NET-01850,2026-01-01 04:29:18+00:00,0,IOMT-027,S-IOMT-027-853,IMAGING,EP-IND-01850
NET-01851,2026-01-01 04:29:22+00:00,0,IOMT-028,S-IOMT-028-854,EHR_WRITE,EP-IND-01851
NET-01852,2026-01-01 04:29:54+00:00,0,IOMT-041,S-IOMT-041-855,EHR_READ,EP-IND-01852
NET-01853,2026-01-01 04:29:54+00:00,0,IOMT-047,S-IOMT-047-856,EHR_WRITE,EP-IND-01853
NET-01854,2026-01-01 04:29:56+00:00,0,IOMT-039,S-IOMT-039-857,IMAGING,EP-IND-01854
NET-01855,2026-01-01 04:29:59+00:00,0,IOMT-046,S-IOMT-046-858,LAB_RESULTS,EP-IND-01855
NET-01856,2026-01-01 04:30:29+00:00,0,IOMT-012,S-IOMT-012-859,EHR_READ,EP-IND-01856
NET-01857,2026-01-01 04:30:32+00:00,0,IOMT-029,S-IOMT-029-860,EHR_WRITE,EP-IND-01857
NET-01858,2026-01-01 04:30:37+00:00,0,IOMT-009,S-IOMT-009-861,EHR_READ,EP-IND-01858
NET-01859,2026-01-01 04:30:39+00:00,0,IOMT-025,S-IOMT-025-862,EHR_READ,EP-IND-01859
NET-01860,2026-01-01 04:30:45+00:00,0,IOMT-024,S-IOMT-024-863,IMAGING,EP-IND-01860
NET-01861,2026-01-01 04:30:52+00:00,0,IOMT-006,S-IOMT-006-864,IMAGING,EP-IND-01861
NET-01862,2026-01-01 04:30:53+00:00,0,IOMT-018,S-IOMT-018-865,RESEARCH,EP-IND-01862
NET-01863,2026-01-01 04:31:11+00:00,1,IOMT-013,S-IOMT-013-866,EHR_READ,EP-IND-01863
NET-01864,2026-01-01 04:31:16+00:00,0,IOMT-009,S-IOMT-009-867,IMAGING,EP-IND-01864
NET-01865,2026-01-01 04:31:20+00:00,0,IOMT-027,S-IOMT-027-868,LAB_RESULTS,EP-IND-01865
NET-01866,2026-01-01 04:31:29+00:00,0,IOMT-045,S-IOMT-045-869,IMAGING,EP-IND-01866
NET-01867,2026-01-01 04:31:32+00:00,0,IOMT-043,S-IOMT-043-870,IMAGING,EP-IND-01867
NET-01868,2026-01-01 04:31:42+00:00,0,IOMT-039,S-IOMT-039-871,LAB_RESULTS,EP-IND-01868
NET-01869,2026-01-01 04:31:43+00:00,0,IOMT-031,S-IOMT-031-872,LAB_RESULTS,EP-IND-01869
NET-01870,2026-01-01 04:31:51+00:00,0,IOMT-049,S-IOMT-049-873,RESEARCH,EP-IND-01870
NET-01871,2026-01-01 04:31:58+00:00,0,IOMT-003,S-IOMT-003-874,RESEARCH,EP-IND-01871
NET-01872,2026-01-01 04:32:06+00:00,0,IOMT-048,S-IOMT-048-875,LAB_RESULTS,EP-IND-01872
NET-01873,2026-01-01 04:32:20+00:00,0,IOMT-013,S-IOMT-013-876,EHR_READ,EP-IND-01873
NET-01874,2026-01-01 04:32:34+00:00,0,IOMT-030,S-IOMT-030-877,EHR_WRITE,EP-IND-01874
NET-01875,2026-01-01 04:32:43+00:00,0,IOMT-030,S-IOMT-030-878,RESEARCH,EP-IND-01875
NET-01876,2026-01-01 04:32:54+00:00,0,IOMT-038,S-IOMT-038-879,LAB_RESULTS,EP-IND-01876
NET-01877,2026-01-01 04:32:57+00:00,0,IOMT-041,S-IOMT-041-880,EHR_WRITE,EP-IND-01877
NET-01878,2026-01-01 04:32:58+00:00,0,IOMT-022,S-IOMT-022-881,EHR_READ,EP-IND-01878
NET-01879,2026-01-01 04:33:03+00:00,0,IOMT-041,S-IOMT-041-882,EHR_READ,EP-IND-01879
NET-01880,2026-01-01 04:33:08+00:00,0,IOMT-016,S-IOMT-016-883,EHR_READ,EP-IND-01880
NET-01881,2026-01-01 04:33:11+00:00,0,IOMT-024,S-IOMT-024-884,IMAGING,EP-IND-01881
NET-01882,2026-01-01 04:33:12+00:00,0,IOMT-022,S-IOMT-022-885,LAB_RESULTS,EP-IND-01882
NET-01883,2026-01-01 04:33:15+00:00,0,IOMT-033,S-IOMT-033-886,EHR_WRITE,EP-IND-01883
NET-01884,2026-01-01 04:33:18+00:00,0,IOMT-000,S-IOMT-000-887,EHR_WRITE,EP-IND-01884
NET-01885,2026-01-01 04:33:18+00:00,0,IOMT-039,S-IOMT-039-888,IMAGING,EP-IND-01885
NET-01886,2026-01-01 04:33:27+00:00,0,IOMT-037,S-IOMT-037-889,IMAGING,EP-IND-01886
NET-01887,2026-01-01 04:33:33+00:00,0,IOMT-004,S-IOMT-004-890,RESEARCH,EP-IND-01887
NET-01888,2026-01-01 04:33:34+00:00,0,IOMT-041,S-IOMT-041-891,RESEARCH,EP-IND-01888
NET-01889,2026-01-01 04:33:37+00:00,0,IOMT-048,S-IOMT-048-892,RESEARCH,EP-IND-01889
NET-01890,2026-01-01 04:34:08+00:00,0,IOMT-008,S-IOMT-008-893,RESEARCH,EP-IND-01890
NET-01891,2026-01-01 04:34:19+00:00,0,IOMT-027,S-IOMT-027-894,EHR_WRITE,EP-IND-01891
NET-01892,2026-01-01 04:34:19+00:00,0,IOMT-038,S-IOMT-038-895,EHR_WRITE,EP-IND-01892
NET-01893,2026-01-01 04:34:19+00:00,0,IOMT-023,S-IOMT-023-896,EHR_READ,EP-IND-01893
NET-01894,2026-01-01 04:34:37+00:00,0,IOMT-044,S-IOMT-044-897,EHR_WRITE,EP-IND-01894
NET-01895,2026-01-01 04:34:39+00:00,0,IOMT-043,S-IOMT-043-898,LAB_RESULTS,EP-IND-01895
NET-01896,2026-01-01 04:34:55+00:00,0,IOMT-028,S-IOMT-028-899,LAB_RESULTS,EP-IND-01896
NET-01897,2026-01-01 04:35:06+00:00,0,IOMT-000,S-IOMT-000-900,LAB_RESULTS,EP-IND-01897
NET-01898,2026-01-01 04:35:16+00:00,0,IOMT-015,S-IOMT-015-901,EHR_READ,EP-IND-01898
NET-01899,2026-01-01 04:35:26+00:00,0,IOMT-035,S-IOMT-035-902,EHR_WRITE,EP-IND-01899
NET-01900,2026-01-01 04:35:42+00:00,0,IOMT-034,S-IOMT-034-903,RESEARCH,EP-IND-01900
NET-01901,2026-01-01 04:35:45+00:00,0,IOMT-046,S-IOMT-046-904,LAB_RESULTS,EP-IND-01901
NET-01902,2026-01-01 04:35:45+00:00,0,IOMT-037,S-IOMT-037-905,RESEARCH,EP-IND-01902
NET-01903,2026-01-01 04:35:50+00:00,0,IOMT-016,S-IOMT-016-906,LAB_RESULTS,EP-IND-01903
NET-01904,2026-01-01 04:35:57+00:00,0,IOMT-027,S-IOMT-027-907,EHR_WRITE,EP-IND-01904
NET-01905,2026-01-01 04:36:04+00:00,0,IOMT-048,S-IOMT-048-908,LAB_RESULTS,EP-IND-01905
NET-01906,2026-01-01 04:36:19+00:00,0,IOMT-009,S-IOMT-009-909,EHR_WRITE,EP-IND-01906
NET-01907,2026-01-01 04:36:20+00:00,0,IOMT-031,S-IOMT-031-910,IMAGING,EP-IND-01907
NET-01908,2026-01-01 04:36:21+00:00,0,IOMT-036,S-IOMT-036-911,LAB_RESULTS,EP-IND-01908
NET-01909,2026-01-01 04:36:24+00:00,0,IOMT-047,S-IOMT-047-912,IMAGING,EP-IND-01909
NET-01910,2026-01-01 04:36:28+00:00,0,IOMT-023,S-IOMT-023-913,IMAGING,EP-IND-01910
NET-01911,2026-01-01 04:36:32+00:00,1,IOMT-009,S-IOMT-009-914,EHR_READ,EP-IND-01911
NET-01912,2026-01-01 04:36:34+00:00,0,IOMT-028,S-IOMT-028-915,EHR_WRITE,EP-IND-01912
NET-01913,2026-01-01 04:36:50+00:00,0,IOMT-017,S-IOMT-017-916,LAB_RESULTS,EP-IND-01913
NET-01914,2026-01-01 04:36:58+00:00,0,IOMT-013,S-IOMT-013-917,EHR_WRITE,EP-IND-01914
NET-01915,2026-01-01 04:37:14+00:00,0,IOMT-003,S-IOMT-003-918,EHR_READ,EP-IND-01915
NET-01916,2026-01-01 04:37:22+00:00,0,IOMT-006,S-IOMT-006-919,LAB_RESULTS,EP-IND-01916
NET-01917,2026-01-01 04:37:41+00:00,0,IOMT-023,S-IOMT-023-920,EHR_READ,EP-IND-01917
NET-01918,2026-01-01 04:38:07+00:00,0,IOMT-004,S-IOMT-004-921,EHR_WRITE,EP-IND-01918
NET-01919,2026-01-01 04:38:16+00:00,0,IOMT-011,S-IOMT-011-922,LAB_RESULTS,EP-IND-01919
NET-01920,2026-01-01 04:38:27+00:00,1,IOMT-040,S-IOMT-040-923,IMAGING,EP-IND-01920
NET-01921,2026-01-01 04:38:36+00:00,0,IOMT-023,S-IOMT-023-924,EHR_READ,EP-IND-01921
NET-01922,2026-01-01 04:38:46+00:00,0,IOMT-006,S-IOMT-006-925,EHR_READ,EP-IND-01922
NET-01923,2026-01-01 04:38:50+00:00,0,IOMT-034,S-IOMT-034-926,RESEARCH,EP-IND-01923
NET-01924,2026-01-01 04:38:52+00:00,0,IOMT-046,S-IOMT-046-927,EHR_READ,EP-IND-01924
NET-01925,2026-01-01 04:39:54+00:00,0,IOMT-028,S-IOMT-028-928,LAB_RESULTS,EP-IND-01925
NET-01926,2026-01-01 04:39:55+00:00,0,IOMT-038,S-IOMT-038-929,EHR_WRITE,EP-IND-01926
NET-01927,2026-01-01 04:39:57+00:00,0,IOMT-045,S-IOMT-045-930,RESEARCH,EP-IND-01927
NET-01928,2026-01-01 04:40:18+00:00,0,IOMT-008,S-IOMT-008-931,RESEARCH,EP-IND-01928
NET-01929,2026-01-01 04:40:49+00:00,0,IOMT-020,S-IOMT-020-932,RESEARCH,EP-IND-01929
NET-01930,2026-01-01 04:40:59+00:00,0,IOMT-029,S-IOMT-029-933,RESEARCH,EP-IND-01930
NET-01931,2026-01-01 04:41:03+00:00,1,IOMT-030,S-IOMT-030-934,EHR_WRITE,EP-IND-01931
NET-01932,2026-01-01 04:41:04+00:00,0,IOMT-006,S-IOMT-006-935,EHR_READ,EP-IND-01932
NET-01933,2026-01-01 04:41:11+00:00,0,IOMT-000,S-IOMT-000-936,IMAGING,EP-IND-01933
NET-01934,2026-01-01 04:41:14+00:00,0,IOMT-038,S-IOMT-038-937,RESEARCH,EP-IND-01934
NET-01935,2026-01-01 04:41:22+00:00,0,IOMT-007,S-IOMT-007-938,EHR_WRITE,EP-IND-01935
NET-01936,2026-01-01 04:41:26+00:00,0,IOMT-033,S-IOMT-033-939,IMAGING,EP-IND-01936
NET-01937,2026-01-01 04:41:36+00:00,0,IOMT-032,S-IOMT-032-940,EHR_READ,EP-IND-01937
NET-01938,2026-01-01 04:41:48+00:00,1,IOMT-048,S-IOMT-048-941,EHR_WRITE,EP-IND-01938
NET-01939,2026-01-01 04:41:55+00:00,0,IOMT-011,S-IOMT-011-942,EHR_WRITE,EP-IND-01939
NET-01940,2026-01-01 04:42:08+00:00,0,IOMT-041,S-IOMT-041-943,IMAGING,EP-IND-01940
NET-01941,2026-01-01 04:42:19+00:00,0,IOMT-008,S-IOMT-008-944,EHR_WRITE,EP-IND-01941
NET-01942,2026-01-01 04:42:33+00:00,0,IOMT-002,S-IOMT-002-945,EHR_READ,EP-IND-01942
NET-01943,2026-01-01 04:42:38+00:00,0,IOMT-034,S-IOMT-034-946,IMAGING,EP-IND-01943
NET-01944,2026-01-01 04:42:40+00:00,0,IOMT-042,S-IOMT-042-947,EHR_WRITE,EP-IND-01944
NET-01945,2026-01-01 04:42:43+00:00,0,IOMT-028,S-IOMT-028-948,EHR_WRITE,EP-IND-01945
NET-01946,2026-01-01 04:42:44+00:00,0,IOMT-006,S-IOMT-006-949,IMAGING,EP-IND-01946
NET-01947,2026-01-01 04:43:00+00:00,0,IOMT-037,S-IOMT-037-950,EHR_READ,EP-IND-01947
NET-01948,2026-01-01 04:43:12+00:00,0,IOMT-000,S-IOMT-000-951,EHR_WRITE,EP-IND-01948
NET-01949,2026-01-01 04:43:17+00:00,0,IOMT-011,S-IOMT-011-952,EHR_WRITE,EP-IND-01949
NET-01950,2026-01-01 04:43:21+00:00,0,IOMT-012,S-IOMT-012-953,IMAGING,EP-IND-01950
NET-01951,2026-01-01 04:43:27+00:00,0,IOMT-001,S-IOMT-001-954,EHR_READ,EP-IND-01951
NET-01952,2026-01-01 04:43:27+00:00,0,IOMT-027,S-IOMT-027-955,IMAGING,EP-IND-01952
NET-01953,2026-01-01 04:43:42+00:00,0,IOMT-025,S-IOMT-025-956,RESEARCH,EP-IND-01953
NET-01954,2026-01-01 04:44:11+00:00,0,IOMT-044,S-IOMT-044-957,EHR_WRITE,EP-IND-01954
NET-01955,2026-01-01 04:44:16+00:00,0,IOMT-022,S-IOMT-022-958,EHR_READ,EP-IND-01955
NET-01956,2026-01-01 04:44:17+00:00,0,IOMT-038,S-IOMT-038-959,EHR_READ,EP-IND-01956
NET-01957,2026-01-01 04:44:36+00:00,0,IOMT-018,S-IOMT-018-960,EHR_READ,EP-IND-01957
NET-01958,2026-01-01 04:44:37+00:00,0,IOMT-034,S-IOMT-034-961,EHR_READ,EP-IND-01958
NET-01959,2026-01-01 04:44:42+00:00,0,IOMT-008,S-IOMT-008-962,EHR_WRITE,EP-IND-01959
NET-01960,2026-01-01 04:44:48+00:00,0,IOMT-027,S-IOMT-027-963,RESEARCH,EP-IND-01960
NET-01961,2026-01-01 04:45:03+00:00,0,IOMT-048,S-IOMT-048-964,RESEARCH,EP-IND-01961
NET-01962,2026-01-01 04:45:04+00:00,0,IOMT-012,S-IOMT-012-965,IMAGING,EP-IND-01962
NET-01963,2026-01-01 04:45:04+00:00,0,IOMT-025,S-IOMT-025-966,EHR_READ,EP-IND-01963
NET-01964,2026-01-01 04:45:09+00:00,0,IOMT-012,S-IOMT-012-967,EHR_WRITE,EP-IND-01964
NET-01965,2026-01-01 04:45:26+00:00,0,IOMT-034,S-IOMT-034-968,IMAGING,EP-IND-01965
NET-01966,2026-01-01 04:45:27+00:00,0,IOMT-039,S-IOMT-039-969,RESEARCH,EP-IND-01966
NET-01967,2026-01-01 04:45:31+00:00,0,IOMT-008,S-IOMT-008-970,RESEARCH,EP-IND-01967
NET-01968,2026-01-01 04:45:35+00:00,0,IOMT-012,S-IOMT-012-971,IMAGING,EP-IND-01968
NET-01969,2026-01-01 04:45:43+00:00,0,IOMT-018,S-IOMT-018-972,IMAGING,EP-IND-01969
NET-01970,2026-01-01 04:45:47+00:00,0,IOMT-014,S-IOMT-014-973,RESEARCH,EP-IND-01970
NET-01971,2026-01-01 04:46:11+00:00,0,IOMT-011,S-IOMT-011-974,EHR_READ,EP-IND-01971
NET-01972,2026-01-01 04:46:15+00:00,0,IOMT-025,S-IOMT-025-975,EHR_WRITE,EP-IND-01972
NET-01973,2026-01-01 04:46:16+00:00,0,IOMT-034,S-IOMT-034-976,LAB_RESULTS,EP-IND-01973
NET-01974,2026-01-01 04:46:17+00:00,1,IOMT-044,S-IOMT-044-977,IMAGING,EP-IND-01974
NET-01975,2026-01-01 04:46:25+00:00,0,IOMT-035,S-IOMT-035-978,LAB_RESULTS,EP-IND-01975
NET-01976,2026-01-01 04:46:33+00:00,0,IOMT-034,S-IOMT-034-979,IMAGING,EP-IND-01976
NET-01977,2026-01-01 04:46:33+00:00,0,IOMT-018,S-IOMT-018-980,IMAGING,EP-IND-01977
NET-01978,2026-01-01 04:46:34+00:00,0,IOMT-045,S-IOMT-045-981,LAB_RESULTS,EP-IND-01978
NET-01979,2026-01-01 04:46:41+00:00,0,IOMT-022,S-IOMT-022-982,LAB_RESULTS,EP-IND-01979
NET-01980,2026-01-01 04:47:19+00:00,0,IOMT-023,S-IOMT-023-983,IMAGING,EP-IND-01980
NET-01981,2026-01-01 04:47:20+00:00,0,IOMT-015,S-IOMT-015-984,EHR_WRITE,EP-IND-01981
NET-01982,2026-01-01 04:47:22+00:00,0,IOMT-043,S-IOMT-043-985,EHR_WRITE,EP-IND-01982
NET-01983,2026-01-01 04:47:26+00:00,0,IOMT-001,S-IOMT-001-986,EHR_READ,EP-IND-01983
NET-01984,2026-01-01 04:47:27+00:00,0,IOMT-034,S-IOMT-034-987,RESEARCH,EP-IND-01984
NET-01985,2026-01-01 04:47:46+00:00,0,IOMT-023,S-IOMT-023-988,EHR_READ,EP-IND-01985
NET-01986,2026-01-01 04:47:47+00:00,0,IOMT-000,S-IOMT-000-989,EHR_WRITE,EP-IND-01986
NET-01987,2026-01-01 04:47:51+00:00,0,IOMT-002,S-IOMT-002-990,RESEARCH,EP-IND-01987
NET-01988,2026-01-01 04:48:00+00:00,0,IOMT-042,S-IOMT-042-991,RESEARCH,EP-IND-01988
NET-01989,2026-01-01 04:48:04+00:00,0,IOMT-041,S-IOMT-041-992,EHR_READ,EP-IND-01989
NET-01990,2026-01-01 04:48:18+00:00,1,IOMT-001,S-IOMT-001-993,EHR_READ,EP-IND-01990
NET-01991,2026-01-01 04:48:19+00:00,0,IOMT-001,S-IOMT-001-994,EHR_READ,EP-IND-01991
NET-01992,2026-01-01 04:48:41+00:00,0,IOMT-001,S-IOMT-001-995,LAB_RESULTS,EP-IND-01992
NET-01993,2026-01-01 04:48:56+00:00,0,IOMT-018,S-IOMT-018-996,LAB_RESULTS,EP-IND-01993
NET-01994,2026-01-01 04:49:02+00:00,0,IOMT-011,S-IOMT-011-0,EHR_READ,EP-IND-01994
NET-01995,2026-01-01 04:49:02+00:00,0,IOMT-043,S-IOMT-043-1,EHR_WRITE,EP-IND-01995
NET-01996,2026-01-01 04:49:09+00:00,0,IOMT-000,S-IOMT-000-2,IMAGING,EP-IND-01996
NET-01997,2026-01-01 04:49:14+00:00,0,IOMT-019,S-IOMT-019-3,IMAGING,EP-IND-01997
NET-01998,2026-01-01 04:49:17+00:00,0,IOMT-037,S-IOMT-037-4,EHR_WRITE,EP-IND-01998
NET-01999,2026-01-01 04:49:20+00:00,0,IOMT-035,S-IOMT-035-5,LAB_RESULTS,EP-IND-01999
NET-02000,2026-01-01 04:49:24+00:00,0,IOMT-002,S-IOMT-002-6,EHR_WRITE,EP-IND-02000
NET-02001,2026-01-01 04:49:30+00:00,0,IOMT-020,S-IOMT-020-7,IMAGING,EP-IND-02001
NET-02002,2026-01-01 04:49:53+00:00,0,IOMT-046,S-IOMT-046-8,IMAGING,EP-IND-02002
NET-02003,2026-01-01 04:49:56+00:00,0,IOMT-009,S-IOMT-009-9,IMAGING,EP-IND-02003
NET-02004,2026-01-01 04:50:01+00:00,0,IOMT-045,S-IOMT-045-10,EHR_WRITE,EP-IND-02004
NET-02005,2026-01-01 04:50:07+00:00,0,IOMT-018,S-IOMT-018-11,LAB_RESULTS,EP-IND-02005
NET-02006,2026-01-01 04:50:21+00:00,0,IOMT-022,S-IOMT-022-12,LAB_RESULTS,EP-IND-02006
NET-02007,2026-01-01 04:50:22+00:00,0,IOMT-004,S-IOMT-004-13,EHR_READ,EP-IND-02007
NET-02008,2026-01-01 04:50:27+00:00,0,IOMT-040,S-IOMT-040-14,EHR_READ,EP-IND-02008
NET-02009,2026-01-01 04:50:27+00:00,0,IOMT-048,S-IOMT-048-15,EHR_READ,EP-IND-02009
NET-02010,2026-01-01 04:50:40+00:00,0,IOMT-024,S-IOMT-024-16,EHR_READ,EP-IND-02010
NET-02011,2026-01-01 04:50:47+00:00,0,IOMT-037,S-IOMT-037-17,EHR_READ,EP-IND-02011
NET-02012,2026-01-01 04:51:07+00:00,0,IOMT-009,S-IOMT-009-18,IMAGING,EP-IND-02012
NET-02013,2026-01-01 04:51:10+00:00,0,IOMT-003,S-IOMT-003-19,EHR_READ,EP-IND-02013
NET-02014,2026-01-01 04:51:25+00:00,0,IOMT-047,S-IOMT-047-20,EHR_WRITE,EP-IND-02014
NET-02015,2026-01-01 04:51:33+00:00,0,IOMT-047,S-IOMT-047-21,EHR_READ,EP-IND-02015
NET-02016,2026-01-01 04:51:52+00:00,0,IOMT-025,S-IOMT-025-22,LAB_RESULTS,EP-IND-02016
NET-02017,2026-01-01 04:51:53+00:00,0,IOMT-035,S-IOMT-035-23,LAB_RESULTS,EP-IND-02017
NET-02018,2026-01-01 04:51:53+00:00,0,IOMT-034,S-IOMT-034-24,LAB_RESULTS,EP-IND-02018
NET-02019,2026-01-01 04:51:57+00:00,0,IOMT-014,S-IOMT-014-25,LAB_RESULTS,EP-IND-02019
NET-02020,2026-01-01 04:52:04+00:00,0,IOMT-034,S-IOMT-034-26,LAB_RESULTS,EP-IND-02020
NET-02021,2026-01-01 04:52:21+00:00,0,IOMT-031,S-IOMT-031-27,IMAGING,EP-IND-02021
NET-02022,2026-01-01 04:52:21+00:00,0,IOMT-017,S-IOMT-017-28,LAB_RESULTS,EP-IND-02022
NET-02023,2026-01-01 04:52:29+00:00,0,IOMT-038,S-IOMT-038-29,IMAGING,EP-IND-02023
NET-02024,2026-01-01 04:52:49+00:00,0,IOMT-004,S-IOMT-004-30,EHR_READ,EP-IND-02024
NET-02025,2026-01-01 04:52:54+00:00,0,IOMT-043,S-IOMT-043-31,EHR_READ,EP-IND-02025
NET-02026,2026-01-01 04:53:05+00:00,1,IOMT-011,S-IOMT-011-32,LAB_RESULTS,EP-IND-02026
NET-02027,2026-01-01 04:53:27+00:00,0,IOMT-013,S-IOMT-013-33,LAB_RESULTS,EP-IND-02027
NET-02028,2026-01-01 04:53:35+00:00,0,IOMT-037,S-IOMT-037-34,LAB_RESULTS,EP-IND-02028
NET-02029,2026-01-01 04:54:08+00:00,0,IOMT-025,S-IOMT-025-35,EHR_READ,EP-IND-02029
NET-02030,2026-01-01 04:54:12+00:00,1,IOMT-024,S-IOMT-024-36,RESEARCH,EP-IND-02030
NET-02031,2026-01-01 04:54:13+00:00,0,IOMT-003,S-IOMT-003-37,RESEARCH,EP-IND-02031
NET-02032,2026-01-01 04:54:17+00:00,1,IOMT-049,S-IOMT-049-38,EHR_WRITE,EP-IND-02032
NET-02033,2026-01-01 04:54:18+00:00,0,IOMT-003,S-IOMT-003-39,EHR_READ,EP-IND-02033
NET-02034,2026-01-01 04:54:44+00:00,0,IOMT-047,S-IOMT-047-40,EHR_WRITE,EP-IND-02034
NET-02035,2026-01-01 04:55:28+00:00,0,IOMT-001,S-IOMT-001-41,EHR_WRITE,EP-IND-02035
NET-02036,2026-01-01 04:55:35+00:00,0,IOMT-012,S-IOMT-012-42,EHR_WRITE,EP-IND-02036
NET-02037,2026-01-01 04:55:52+00:00,0,IOMT-007,S-IOMT-007-43,EHR_WRITE,EP-IND-02037
NET-02038,2026-01-01 04:55:52+00:00,0,IOMT-001,S-IOMT-001-44,IMAGING,EP-IND-02038
NET-02039,2026-01-01 04:56:03+00:00,0,IOMT-031,S-IOMT-031-45,RESEARCH,EP-IND-02039
NET-02040,2026-01-01 04:56:15+00:00,1,IOMT-048,S-IOMT-048-46,EHR_READ,EP-IND-02040
NET-02041,2026-01-01 04:56:23+00:00,0,IOMT-033,S-IOMT-033-47,EHR_READ,EP-IND-02041
NET-02042,2026-01-01 04:56:48+00:00,1,IOMT-028,S-IOMT-028-48,RESEARCH,EP-IND-02042
NET-02043,2026-01-01 04:56:59+00:00,1,IOMT-013,S-IOMT-013-49,EHR_READ,EP-IND-02043
NET-02044,2026-01-01 04:57:30+00:00,0,IOMT-016,S-IOMT-016-50,EHR_READ,EP-IND-02044
NET-02045,2026-01-01 04:57:30+00:00,0,IOMT-045,S-IOMT-045-51,EHR_WRITE,EP-IND-02045
NET-02046,2026-01-01 04:57:31+00:00,0,IOMT-013,S-IOMT-013-52,LAB_RESULTS,EP-IND-02046
NET-02047,2026-01-01 04:57:36+00:00,0,IOMT-002,S-IOMT-002-53,EHR_WRITE,EP-IND-02047
NET-02048,2026-01-01 04:57:37+00:00,0,IOMT-015,S-IOMT-015-54,RESEARCH,EP-IND-02048
NET-02049,2026-01-01 04:57:45+00:00,0,IOMT-010,S-IOMT-010-55,IMAGING,EP-IND-02049
NET-02050,2026-01-01 04:57:48+00:00,0,IOMT-006,S-IOMT-006-56,RESEARCH,EP-IND-02050
NET-02051,2026-01-01 04:57:50+00:00,0,IOMT-020,S-IOMT-020-57,EHR_WRITE,EP-IND-02051
NET-02052,2026-01-01 04:57:52+00:00,0,IOMT-017,S-IOMT-017-58,LAB_RESULTS,EP-IND-02052
NET-02053,2026-01-01 04:57:54+00:00,1,IOMT-018,S-IOMT-018-59,RESEARCH,EP-IND-02053
NET-02054,2026-01-01 04:57:56+00:00,0,IOMT-009,S-IOMT-009-60,IMAGING,EP-IND-02054
NET-02055,2026-01-01 04:58:00+00:00,0,IOMT-001,S-IOMT-001-61,LAB_RESULTS,EP-IND-02055
NET-02056,2026-01-01 04:58:23+00:00,0,IOMT-039,S-IOMT-039-62,EHR_WRITE,EP-IND-02056
NET-02057,2026-01-01 04:58:33+00:00,0,IOMT-017,S-IOMT-017-63,EHR_READ,EP-IND-02057
NET-02058,2026-01-01 04:58:45+00:00,0,IOMT-007,S-IOMT-007-64,EHR_WRITE,EP-IND-02058
NET-02059,2026-01-01 04:58:49+00:00,0,IOMT-037,S-IOMT-037-65,LAB_RESULTS,EP-IND-02059
NET-02060,2026-01-01 04:58:55+00:00,0,IOMT-042,S-IOMT-042-66,LAB_RESULTS,EP-IND-02060
NET-02061,2026-01-01 04:59:11+00:00,0,IOMT-003,S-IOMT-003-67,RESEARCH,EP-IND-02061
NET-02062,2026-01-01 04:59:20+00:00,0,IOMT-016,S-IOMT-016-68,EHR_READ,EP-IND-02062
NET-02063,2026-01-01 04:59:45+00:00,0,IOMT-049,S-IOMT-049-69,EHR_READ,EP-IND-02063
NET-02064,2026-01-01 04:59:50+00:00,0,IOMT-000,S-IOMT-000-70,IMAGING,EP-IND-02064
NET-02065,2026-01-01 04:59:50+00:00,0,IOMT-028,S-IOMT-028-71,RESEARCH,EP-IND-02065
NET-02066,2026-01-01 04:59:51+00:00,0,IOMT-002,S-IOMT-002-72,EHR_WRITE,EP-IND-02066
NET-02067,2026-01-01 04:59:58+00:00,0,IOMT-010,S-IOMT-010-73,LAB_RESULTS,EP-IND-02067
NET-02068,2026-01-01 05:00:06+00:00,0,IOMT-016,S-IOMT-016-74,EHR_READ,EP-IND-02068
NET-02069,2026-01-01 05:00:08+00:00,0,IOMT-024,S-IOMT-024-75,LAB_RESULTS,EP-IND-02069
NET-02070,2026-01-01 05:00:19+00:00,0,IOMT-046,S-IOMT-046-76,RESEARCH,EP-IND-02070
NET-02071,2026-01-01 05:00:27+00:00,0,IOMT-019,S-IOMT-019-77,IMAGING,EP-IND-02071
NET-02072,2026-01-01 05:00:35+00:00,0,IOMT-033,S-IOMT-033-78,LAB_RESULTS,EP-IND-02072
NET-02073,2026-01-01 05:00:45+00:00,0,IOMT-015,S-IOMT-015-79,IMAGING,EP-IND-02073
NET-02074,2026-01-01 05:00:59+00:00,0,IOMT-015,S-IOMT-015-80,RESEARCH,EP-IND-02074
NET-02075,2026-01-01 05:01:24+00:00,0,IOMT-010,S-IOMT-010-81,EHR_READ,EP-IND-02075
NET-02076,2026-01-01 05:01:50+00:00,0,IOMT-042,S-IOMT-042-82,EHR_WRITE,EP-IND-02076
NET-02077,2026-01-01 05:01:50+00:00,0,IOMT-000,S-IOMT-000-83,LAB_RESULTS,EP-IND-02077
NET-02078,2026-01-01 05:01:55+00:00,0,IOMT-021,S-IOMT-021-84,EHR_WRITE,EP-IND-02078
NET-02079,2026-01-01 05:01:56+00:00,0,IOMT-008,S-IOMT-008-85,RESEARCH,EP-IND-02079
NET-02080,2026-01-01 05:02:06+00:00,0,IOMT-030,S-IOMT-030-86,LAB_RESULTS,EP-IND-02080
NET-02081,2026-01-01 05:02:26+00:00,0,IOMT-007,S-IOMT-007-87,IMAGING,EP-IND-02081
NET-02082,2026-01-01 05:02:27+00:00,0,IOMT-000,S-IOMT-000-88,EHR_READ,EP-IND-02082
NET-02083,2026-01-01 05:02:31+00:00,0,IOMT-006,S-IOMT-006-89,EHR_WRITE,EP-IND-02083
NET-02084,2026-01-01 05:02:41+00:00,0,IOMT-005,S-IOMT-005-90,RESEARCH,EP-IND-02084
NET-02085,2026-01-01 05:03:01+00:00,1,IOMT-048,S-IOMT-048-91,EHR_WRITE,EP-IND-02085
NET-02086,2026-01-01 05:03:07+00:00,0,IOMT-047,S-IOMT-047-92,IMAGING,EP-IND-02086
NET-02087,2026-01-01 05:03:33+00:00,0,IOMT-042,S-IOMT-042-93,EHR_READ,EP-IND-02087
NET-02088,2026-01-01 05:03:35+00:00,0,IOMT-047,S-IOMT-047-94,EHR_WRITE,EP-IND-02088
NET-02089,2026-01-01 05:03:45+00:00,0,IOMT-018,S-IOMT-018-95,EHR_WRITE,EP-IND-02089
NET-02090,2026-01-01 05:03:46+00:00,0,IOMT-027,S-IOMT-027-96,RESEARCH,EP-IND-02090
NET-02091,2026-01-01 05:03:55+00:00,0,IOMT-014,S-IOMT-014-97,EHR_WRITE,EP-IND-02091
NET-02092,2026-01-01 05:03:57+00:00,0,IOMT-031,S-IOMT-031-98,EHR_WRITE,EP-IND-02092
NET-02093,2026-01-01 05:04:00+00:00,0,IOMT-027,S-IOMT-027-99,EHR_WRITE,EP-IND-02093
NET-02094,2026-01-01 05:04:12+00:00,0,IOMT-033,S-IOMT-033-100,EHR_READ,EP-IND-02094
NET-02095,2026-01-01 05:04:14+00:00,0,IOMT-019,S-IOMT-019-101,RESEARCH,EP-IND-02095
NET-02096,2026-01-01 05:04:19+00:00,0,IOMT-021,S-IOMT-021-102,EHR_READ,EP-IND-02096
NET-02097,2026-01-01 05:04:31+00:00,1,IOMT-006,S-IOMT-006-103,EHR_READ,EP-IND-02097
NET-02098,2026-01-01 05:04:55+00:00,0,IOMT-023,S-IOMT-023-104,RESEARCH,EP-IND-02098
NET-02099,2026-01-01 05:05:02+00:00,0,IOMT-019,S-IOMT-019-105,RESEARCH,EP-IND-02099
NET-02100,2026-01-01 05:05:12+00:00,0,IOMT-031,S-IOMT-031-106,IMAGING,EP-IND-02100
NET-02101,2026-01-01 05:05:17+00:00,0,IOMT-005,S-IOMT-005-107,IMAGING,EP-IND-02101
NET-02102,2026-01-01 05:05:18+00:00,0,IOMT-032,S-IOMT-032-108,EHR_WRITE,EP-IND-02102
NET-02103,2026-01-01 05:05:27+00:00,0,IOMT-035,S-IOMT-035-109,LAB_RESULTS,EP-IND-02103
NET-02104,2026-01-01 05:05:37+00:00,0,IOMT-003,S-IOMT-003-110,IMAGING,EP-IND-02104
NET-02105,2026-01-01 05:05:44+00:00,0,IOMT-021,S-IOMT-021-111,RESEARCH,EP-IND-02105
NET-02106,2026-01-01 05:05:59+00:00,0,IOMT-037,S-IOMT-037-112,IMAGING,EP-IND-02106
NET-02107,2026-01-01 05:06:03+00:00,0,IOMT-011,S-IOMT-011-113,LAB_RESULTS,EP-IND-02107
NET-02108,2026-01-01 05:06:03+00:00,0,IOMT-038,S-IOMT-038-114,EHR_WRITE,EP-IND-02108
NET-02109,2026-01-01 05:06:06+00:00,0,IOMT-007,S-IOMT-007-115,IMAGING,EP-IND-02109
NET-02110,2026-01-01 05:06:14+00:00,0,IOMT-043,S-IOMT-043-116,IMAGING,EP-IND-02110
NET-02111,2026-01-01 05:06:18+00:00,0,IOMT-028,S-IOMT-028-117,LAB_RESULTS,EP-IND-02111
NET-02112,2026-01-01 05:06:32+00:00,0,IOMT-000,S-IOMT-000-118,EHR_READ,EP-IND-02112
NET-02113,2026-01-01 05:06:37+00:00,0,IOMT-033,S-IOMT-033-119,EHR_READ,EP-IND-02113
NET-02114,2026-01-01 05:06:44+00:00,0,IOMT-039,S-IOMT-039-120,LAB_RESULTS,EP-IND-02114
NET-02115,2026-01-01 05:06:47+00:00,0,IOMT-020,S-IOMT-020-121,RESEARCH,EP-IND-02115
NET-02116,2026-01-01 05:06:49+00:00,0,IOMT-030,S-IOMT-030-122,RESEARCH,EP-IND-02116
NET-02117,2026-01-01 05:07:04+00:00,0,IOMT-019,S-IOMT-019-123,RESEARCH,EP-IND-02117
NET-02118,2026-01-01 05:07:23+00:00,0,IOMT-038,S-IOMT-038-124,EHR_WRITE,EP-IND-02118
NET-02119,2026-01-01 05:07:41+00:00,0,IOMT-033,S-IOMT-033-125,EHR_READ,EP-IND-02119
NET-02120,2026-01-01 05:07:56+00:00,0,IOMT-011,S-IOMT-011-126,IMAGING,EP-IND-02120
NET-02121,2026-01-01 05:08:01+00:00,0,IOMT-012,S-IOMT-012-127,EHR_READ,EP-IND-02121
NET-02122,2026-01-01 05:08:07+00:00,1,IOMT-023,S-IOMT-023-128,IMAGING,EP-IND-02122
NET-02123,2026-01-01 05:08:12+00:00,0,IOMT-022,S-IOMT-022-129,RESEARCH,EP-IND-02123
NET-02124,2026-01-01 05:08:24+00:00,0,IOMT-019,S-IOMT-019-130,EHR_WRITE,EP-IND-02124
NET-02125,2026-01-01 05:09:02+00:00,0,IOMT-003,S-IOMT-003-131,RESEARCH,EP-IND-02125
NET-02126,2026-01-01 05:09:24+00:00,0,IOMT-044,S-IOMT-044-132,EHR_WRITE,EP-IND-02126
NET-02127,2026-01-01 05:09:29+00:00,1,IOMT-011,S-IOMT-011-133,EHR_WRITE,EP-IND-02127
NET-02128,2026-01-01 05:09:54+00:00,0,IOMT-021,S-IOMT-021-134,LAB_RESULTS,EP-IND-02128
NET-02129,2026-01-01 05:09:59+00:00,0,IOMT-026,S-IOMT-026-135,IMAGING,EP-IND-02129
NET-02130,2026-01-01 05:10:01+00:00,0,IOMT-033,S-IOMT-033-136,EHR_READ,EP-IND-02130
NET-02131,2026-01-01 05:10:03+00:00,0,IOMT-049,S-IOMT-049-137,EHR_WRITE,EP-IND-02131
NET-02132,2026-01-01 05:10:10+00:00,0,IOMT-036,S-IOMT-036-138,EHR_READ,EP-IND-02132
NET-02133,2026-01-01 05:10:11+00:00,0,IOMT-021,S-IOMT-021-139,RESEARCH,EP-IND-02133
NET-02134,2026-01-01 05:10:31+00:00,0,IOMT-021,S-IOMT-021-140,EHR_READ,EP-IND-02134
NET-02135,2026-01-01 05:10:41+00:00,0,IOMT-007,S-IOMT-007-141,RESEARCH,EP-IND-02135
NET-02136,2026-01-01 05:10:41+00:00,0,IOMT-041,S-IOMT-041-142,EHR_WRITE,EP-IND-02136
NET-02137,2026-01-01 05:10:49+00:00,0,IOMT-030,S-IOMT-030-143,EHR_WRITE,EP-IND-02137
NET-02138,2026-01-01 05:10:54+00:00,0,IOMT-031,S-IOMT-031-144,EHR_READ,EP-IND-02138
NET-02139,2026-01-01 05:10:57+00:00,0,IOMT-043,S-IOMT-043-145,IMAGING,EP-IND-02139
NET-02140,2026-01-01 05:11:35+00:00,0,IOMT-018,S-IOMT-018-146,LAB_RESULTS,EP-IND-02140
NET-02141,2026-01-01 05:11:51+00:00,0,IOMT-048,S-IOMT-048-147,RESEARCH,EP-IND-02141
NET-02142,2026-01-01 05:11:56+00:00,0,IOMT-040,S-IOMT-040-148,EHR_READ,EP-IND-02142
NET-02143,2026-01-01 05:11:59+00:00,0,IOMT-030,S-IOMT-030-149,EHR_WRITE,EP-IND-02143
NET-02144,2026-01-01 05:12:05+00:00,0,IOMT-011,S-IOMT-011-150,EHR_WRITE,EP-IND-02144
NET-02145,2026-01-01 05:12:32+00:00,0,IOMT-018,S-IOMT-018-151,EHR_WRITE,EP-IND-02145
NET-02146,2026-01-01 05:12:39+00:00,0,IOMT-015,S-IOMT-015-152,EHR_WRITE,EP-IND-02146
NET-02147,2026-01-01 05:12:50+00:00,0,IOMT-041,S-IOMT-041-153,IMAGING,EP-IND-02147
NET-02148,2026-01-01 05:12:56+00:00,0,IOMT-017,S-IOMT-017-154,EHR_READ,EP-IND-02148
NET-02149,2026-01-01 05:13:09+00:00,0,IOMT-006,S-IOMT-006-155,EHR_WRITE,EP-IND-02149
NET-02150,2026-01-01 05:13:10+00:00,0,IOMT-038,S-IOMT-038-156,EHR_READ,EP-IND-02150
NET-02151,2026-01-01 05:13:16+00:00,0,IOMT-044,S-IOMT-044-157,IMAGING,EP-IND-02151
NET-02152,2026-01-01 05:13:18+00:00,0,IOMT-042,S-IOMT-042-158,IMAGING,EP-IND-02152
NET-02153,2026-01-01 05:13:26+00:00,0,IOMT-003,S-IOMT-003-159,EHR_WRITE,EP-IND-02153
NET-02154,2026-01-01 05:13:38+00:00,0,IOMT-026,S-IOMT-026-160,LAB_RESULTS,EP-IND-02154
NET-02155,2026-01-01 05:13:43+00:00,1,IOMT-009,S-IOMT-009-161,LAB_RESULTS,EP-IND-02155
NET-02156,2026-01-01 05:13:47+00:00,0,IOMT-010,S-IOMT-010-162,LAB_RESULTS,EP-IND-02156
NET-02157,2026-01-01 05:13:49+00:00,0,IOMT-032,S-IOMT-032-163,RESEARCH,EP-IND-02157
NET-02158,2026-01-01 05:13:50+00:00,0,IOMT-041,S-IOMT-041-164,EHR_READ,EP-IND-02158
NET-02159,2026-01-01 05:13:58+00:00,0,IOMT-021,S-IOMT-021-165,EHR_WRITE,EP-IND-02159
NET-02160,2026-01-01 05:14:13+00:00,0,IOMT-010,S-IOMT-010-166,EHR_WRITE,EP-IND-02160
NET-02161,2026-01-01 05:14:24+00:00,1,IOMT-012,S-IOMT-012-167,EHR_WRITE,EP-IND-02161
NET-02162,2026-01-01 05:14:25+00:00,0,IOMT-037,S-IOMT-037-168,IMAGING,EP-IND-02162
NET-02163,2026-01-01 05:14:38+00:00,0,IOMT-005,S-IOMT-005-169,RESEARCH,EP-IND-02163
NET-02164,2026-01-01 05:14:49+00:00,0,IOMT-008,S-IOMT-008-170,LAB_RESULTS,EP-IND-02164
NET-02165,2026-01-01 05:15:12+00:00,0,IOMT-049,S-IOMT-049-171,EHR_WRITE,EP-IND-02165
NET-02166,2026-01-01 05:15:17+00:00,0,IOMT-043,S-IOMT-043-172,EHR_READ,EP-IND-02166
NET-02167,2026-01-01 05:15:18+00:00,0,IOMT-012,S-IOMT-012-173,EHR_WRITE,EP-IND-02167
NET-02168,2026-01-01 05:15:24+00:00,0,IOMT-024,S-IOMT-024-174,EHR_WRITE,EP-IND-02168
NET-02169,2026-01-01 05:15:47+00:00,0,IOMT-043,S-IOMT-043-175,EHR_READ,EP-IND-02169
NET-02170,2026-01-01 05:15:55+00:00,0,IOMT-026,S-IOMT-026-176,RESEARCH,EP-IND-02170
NET-02171,2026-01-01 05:16:00+00:00,0,IOMT-041,S-IOMT-041-177,RESEARCH,EP-IND-02171
NET-02172,2026-01-01 05:16:10+00:00,0,IOMT-007,S-IOMT-007-178,LAB_RESULTS,EP-IND-02172
NET-02173,2026-01-01 05:16:22+00:00,0,IOMT-043,S-IOMT-043-179,EHR_WRITE,EP-IND-02173
NET-02174,2026-01-01 05:16:32+00:00,0,IOMT-017,S-IOMT-017-180,EHR_WRITE,EP-IND-02174
NET-02175,2026-01-01 05:16:36+00:00,0,IOMT-028,S-IOMT-028-181,EHR_READ,EP-IND-02175
NET-02176,2026-01-01 05:16:36+00:00,0,IOMT-007,S-IOMT-007-182,EHR_READ,EP-IND-02176
NET-02177,2026-01-01 05:16:40+00:00,0,IOMT-033,S-IOMT-033-183,LAB_RESULTS,EP-IND-02177
NET-02178,2026-01-01 05:16:41+00:00,0,IOMT-018,S-IOMT-018-184,EHR_READ,EP-IND-02178
NET-02179,2026-01-01 05:16:42+00:00,0,IOMT-002,S-IOMT-002-185,IMAGING,EP-IND-02179
NET-02180,2026-01-01 05:16:50+00:00,0,IOMT-048,S-IOMT-048-186,EHR_READ,EP-IND-02180
NET-02181,2026-01-01 05:16:51+00:00,0,IOMT-023,S-IOMT-023-187,EHR_WRITE,EP-IND-02181
NET-02182,2026-01-01 05:16:53+00:00,0,IOMT-010,S-IOMT-010-188,LAB_RESULTS,EP-IND-02182
NET-02183,2026-01-01 05:17:05+00:00,0,IOMT-001,S-IOMT-001-189,LAB_RESULTS,EP-IND-02183
NET-02184,2026-01-01 05:17:19+00:00,0,IOMT-019,S-IOMT-019-190,LAB_RESULTS,EP-IND-02184
NET-02185,2026-01-01 05:17:22+00:00,0,IOMT-004,S-IOMT-004-191,EHR_WRITE,EP-IND-02185
NET-02186,2026-01-01 05:17:26+00:00,0,IOMT-032,S-IOMT-032-192,IMAGING,EP-IND-02186
NET-02187,2026-01-01 05:17:27+00:00,0,IOMT-026,S-IOMT-026-193,LAB_RESULTS,EP-IND-02187
NET-02188,2026-01-01 05:17:49+00:00,0,IOMT-001,S-IOMT-001-194,IMAGING,EP-IND-02188
NET-02189,2026-01-01 05:18:17+00:00,0,IOMT-015,S-IOMT-015-195,LAB_RESULTS,EP-IND-02189
NET-02190,2026-01-01 05:18:21+00:00,0,IOMT-038,S-IOMT-038-196,EHR_READ,EP-IND-02190
NET-02191,2026-01-01 05:18:56+00:00,0,IOMT-032,S-IOMT-032-197,LAB_RESULTS,EP-IND-02191
NET-02192,2026-01-01 05:19:04+00:00,0,IOMT-025,S-IOMT-025-198,RESEARCH,EP-IND-02192
NET-02193,2026-01-01 05:19:07+00:00,0,IOMT-034,S-IOMT-034-199,IMAGING,EP-IND-02193
NET-02194,2026-01-01 05:19:10+00:00,0,IOMT-009,S-IOMT-009-200,LAB_RESULTS,EP-IND-02194
NET-02195,2026-01-01 05:19:14+00:00,0,IOMT-027,S-IOMT-027-201,EHR_READ,EP-IND-02195
NET-02196,2026-01-01 05:19:16+00:00,0,IOMT-007,S-IOMT-007-202,RESEARCH,EP-IND-02196
NET-02197,2026-01-01 05:19:16+00:00,0,IOMT-043,S-IOMT-043-203,EHR_WRITE,EP-IND-02197
NET-02198,2026-01-01 05:19:23+00:00,0,IOMT-013,S-IOMT-013-204,IMAGING,EP-IND-02198
NET-02199,2026-01-01 05:19:31+00:00,0,IOMT-004,S-IOMT-004-205,RESEARCH,EP-IND-02199
NET-02200,2026-01-01 05:19:58+00:00,0,IOMT-020,S-IOMT-020-206,IMAGING,EP-IND-02200
NET-02201,2026-01-01 05:19:58+00:00,1,IOMT-021,S-IOMT-021-207,RESEARCH,EP-IND-02201
NET-02202,2026-01-01 05:19:59+00:00,0,IOMT-041,S-IOMT-041-208,LAB_RESULTS,EP-IND-02202
NET-02203,2026-01-01 05:20:13+00:00,0,IOMT-027,S-IOMT-027-209,RESEARCH,EP-IND-02203
NET-02204,2026-01-01 05:20:16+00:00,0,IOMT-014,S-IOMT-014-210,LAB_RESULTS,EP-IND-02204
NET-02205,2026-01-01 05:20:27+00:00,0,IOMT-039,S-IOMT-039-211,RESEARCH,EP-IND-02205
NET-02206,2026-01-01 05:20:29+00:00,0,IOMT-024,S-IOMT-024-212,EHR_READ,EP-IND-02206
NET-02207,2026-01-01 05:20:38+00:00,1,IOMT-019,S-IOMT-019-213,LAB_RESULTS,EP-IND-02207
NET-02208,2026-01-01 05:20:44+00:00,0,IOMT-036,S-IOMT-036-214,EHR_WRITE,EP-IND-02208
NET-02209,2026-01-01 05:21:07+00:00,0,IOMT-018,S-IOMT-018-215,IMAGING,EP-IND-02209
NET-02210,2026-01-01 05:21:11+00:00,0,IOMT-000,S-IOMT-000-216,LAB_RESULTS,EP-IND-02210
NET-02211,2026-01-01 05:21:13+00:00,0,IOMT-036,S-IOMT-036-217,EHR_READ,EP-IND-02211
NET-02212,2026-01-01 05:21:14+00:00,0,IOMT-004,S-IOMT-004-218,EHR_WRITE,EP-IND-02212
NET-02213,2026-01-01 05:21:14+00:00,1,IOMT-036,S-IOMT-036-219,EHR_WRITE,EP-IND-02213
NET-02214,2026-01-01 05:21:16+00:00,0,IOMT-034,S-IOMT-034-220,LAB_RESULTS,EP-IND-02214
NET-02215,2026-01-01 05:21:22+00:00,0,IOMT-022,S-IOMT-022-221,EHR_READ,EP-IND-02215
NET-02216,2026-01-01 05:21:24+00:00,0,IOMT-026,S-IOMT-026-222,LAB_RESULTS,EP-IND-02216
NET-02217,2026-01-01 05:22:18+00:00,0,IOMT-047,S-IOMT-047-223,EHR_READ,EP-IND-02217
NET-02218,2026-01-01 05:22:22+00:00,0,IOMT-025,S-IOMT-025-224,LAB_RESULTS,EP-IND-02218
NET-02219,2026-01-01 05:22:38+00:00,0,IOMT-030,S-IOMT-030-225,EHR_WRITE,EP-IND-02219
NET-02220,2026-01-01 05:22:40+00:00,1,IOMT-030,S-IOMT-030-226,EHR_WRITE,EP-IND-02220
NET-02221,2026-01-01 05:22:56+00:00,0,IOMT-036,S-IOMT-036-227,EHR_READ,EP-IND-02221
NET-02222,2026-01-01 05:23:02+00:00,0,IOMT-033,S-IOMT-033-228,EHR_WRITE,EP-IND-02222
NET-02223,2026-01-01 05:23:03+00:00,0,IOMT-020,S-IOMT-020-229,IMAGING,EP-IND-02223
NET-02224,2026-01-01 05:23:07+00:00,0,IOMT-047,S-IOMT-047-230,LAB_RESULTS,EP-IND-02224
NET-02225,2026-01-01 05:23:21+00:00,0,IOMT-037,S-IOMT-037-231,LAB_RESULTS,EP-IND-02225
NET-02226,2026-01-01 05:23:22+00:00,0,IOMT-004,S-IOMT-004-232,LAB_RESULTS,EP-IND-02226
NET-02227,2026-01-01 05:23:24+00:00,0,IOMT-027,S-IOMT-027-233,IMAGING,EP-IND-02227
NET-02228,2026-01-01 05:23:27+00:00,0,IOMT-033,S-IOMT-033-234,IMAGING,EP-IND-02228
NET-02229,2026-01-01 05:23:37+00:00,0,IOMT-030,S-IOMT-030-235,EHR_READ,EP-IND-02229
NET-02230,2026-01-01 05:23:44+00:00,0,IOMT-000,S-IOMT-000-236,EHR_READ,EP-IND-02230
NET-02231,2026-01-01 05:24:07+00:00,0,IOMT-023,S-IOMT-023-237,EHR_WRITE,EP-IND-02231
NET-02232,2026-01-01 05:24:10+00:00,0,IOMT-008,S-IOMT-008-238,RESEARCH,EP-IND-02232
NET-02233,2026-01-01 05:24:46+00:00,0,IOMT-013,S-IOMT-013-239,LAB_RESULTS,EP-IND-02233
NET-02234,2026-01-01 05:24:55+00:00,0,IOMT-040,S-IOMT-040-240,RESEARCH,EP-IND-02234
NET-02235,2026-01-01 05:24:57+00:00,0,IOMT-009,S-IOMT-009-241,EHR_READ,EP-IND-02235
NET-02236,2026-01-01 05:25:03+00:00,0,IOMT-023,S-IOMT-023-242,EHR_WRITE,EP-IND-02236
NET-02237,2026-01-01 05:25:17+00:00,0,IOMT-018,S-IOMT-018-243,LAB_RESULTS,EP-IND-02237
NET-02238,2026-01-01 05:25:25+00:00,0,IOMT-017,S-IOMT-017-244,EHR_READ,EP-IND-02238
NET-02239,2026-01-01 05:25:32+00:00,0,IOMT-046,S-IOMT-046-245,LAB_RESULTS,EP-IND-02239
NET-02240,2026-01-01 05:25:37+00:00,0,IOMT-047,S-IOMT-047-246,EHR_WRITE,EP-IND-02240
NET-02241,2026-01-01 05:25:41+00:00,0,IOMT-046,S-IOMT-046-247,RESEARCH,EP-IND-02241
NET-02242,2026-01-01 05:25:42+00:00,0,IOMT-001,S-IOMT-001-248,IMAGING,EP-IND-02242
NET-02243,2026-01-01 05:25:45+00:00,0,IOMT-005,S-IOMT-005-249,LAB_RESULTS,EP-IND-02243
NET-02244,2026-01-01 05:25:54+00:00,0,IOMT-019,S-IOMT-019-250,EHR_READ,EP-IND-02244
NET-02245,2026-01-01 05:26:01+00:00,0,IOMT-005,S-IOMT-005-251,RESEARCH,EP-IND-02245
NET-02246,2026-01-01 05:26:10+00:00,0,IOMT-043,S-IOMT-043-252,EHR_WRITE,EP-IND-02246
NET-02247,2026-01-01 05:26:12+00:00,0,IOMT-048,S-IOMT-048-253,EHR_READ,EP-IND-02247
NET-02248,2026-01-01 05:26:15+00:00,0,IOMT-016,S-IOMT-016-254,IMAGING,EP-IND-02248
NET-02249,2026-01-01 05:26:21+00:00,0,IOMT-007,S-IOMT-007-255,LAB_RESULTS,EP-IND-02249
NET-02250,2026-01-01 05:26:21+00:00,0,IOMT-003,S-IOMT-003-256,EHR_WRITE,EP-IND-02250
NET-02251,2026-01-01 05:26:29+00:00,0,IOMT-000,S-IOMT-000-257,RESEARCH,EP-IND-02251
NET-02252,2026-01-01 05:26:38+00:00,0,IOMT-013,S-IOMT-013-258,LAB_RESULTS,EP-IND-02252
NET-02253,2026-01-01 05:26:44+00:00,0,IOMT-023,S-IOMT-023-259,LAB_RESULTS,EP-IND-02253
NET-02254,2026-01-01 05:26:54+00:00,0,IOMT-047,S-IOMT-047-260,LAB_RESULTS,EP-IND-02254
NET-02255,2026-01-01 05:26:54+00:00,0,IOMT-047,S-IOMT-047-261,RESEARCH,EP-IND-02255
NET-02256,2026-01-01 05:26:58+00:00,0,IOMT-016,S-IOMT-016-262,RESEARCH,EP-IND-02256
NET-02257,2026-01-01 05:27:12+00:00,0,IOMT-043,S-IOMT-043-263,IMAGING,EP-IND-02257
NET-02258,2026-01-01 05:27:18+00:00,0,IOMT-046,S-IOMT-046-264,EHR_WRITE,EP-IND-02258
NET-02259,2026-01-01 05:27:21+00:00,0,IOMT-031,S-IOMT-031-265,RESEARCH,EP-IND-02259
NET-02260,2026-01-01 05:27:22+00:00,0,IOMT-046,S-IOMT-046-266,EHR_WRITE,EP-IND-02260
NET-02261,2026-01-01 05:27:36+00:00,0,IOMT-028,S-IOMT-028-267,IMAGING,EP-IND-02261
NET-02262,2026-01-01 05:27:38+00:00,0,IOMT-005,S-IOMT-005-268,LAB_RESULTS,EP-IND-02262
NET-02263,2026-01-01 05:27:49+00:00,0,IOMT-036,S-IOMT-036-269,LAB_RESULTS,EP-IND-02263
NET-02264,2026-01-01 05:27:51+00:00,1,IOMT-029,S-IOMT-029-270,IMAGING,EP-IND-02264
NET-02265,2026-01-01 05:27:54+00:00,0,IOMT-013,S-IOMT-013-271,IMAGING,EP-IND-02265
NET-02266,2026-01-01 05:27:59+00:00,0,IOMT-023,S-IOMT-023-272,EHR_READ,EP-IND-02266
NET-02267,2026-01-01 05:28:00+00:00,0,IOMT-036,S-IOMT-036-273,LAB_RESULTS,EP-IND-02267
NET-02268,2026-01-01 05:28:04+00:00,0,IOMT-040,S-IOMT-040-274,EHR_WRITE,EP-IND-02268
NET-02269,2026-01-01 05:28:06+00:00,0,IOMT-002,S-IOMT-002-275,EHR_WRITE,EP-IND-02269
NET-02270,2026-01-01 05:28:06+00:00,0,IOMT-022,S-IOMT-022-276,RESEARCH,EP-IND-02270
NET-02271,2026-01-01 05:28:15+00:00,0,IOMT-029,S-IOMT-029-277,EHR_WRITE,EP-IND-02271
NET-02272,2026-01-01 05:28:20+00:00,0,IOMT-020,S-IOMT-020-278,EHR_WRITE,EP-IND-02272
NET-02273,2026-01-01 05:28:27+00:00,0,IOMT-006,S-IOMT-006-279,EHR_WRITE,EP-IND-02273
NET-02274,2026-01-01 05:28:29+00:00,0,IOMT-034,S-IOMT-034-280,EHR_WRITE,EP-IND-02274
NET-02275,2026-01-01 05:28:38+00:00,0,IOMT-024,S-IOMT-024-281,IMAGING,EP-IND-02275
NET-02276,2026-01-01 05:28:42+00:00,0,IOMT-025,S-IOMT-025-282,LAB_RESULTS,EP-IND-02276
NET-02277,2026-01-01 05:28:50+00:00,0,IOMT-034,S-IOMT-034-283,EHR_WRITE,EP-IND-02277
NET-02278,2026-01-01 05:28:50+00:00,0,IOMT-031,S-IOMT-031-284,IMAGING,EP-IND-02278
NET-02279,2026-01-01 05:28:54+00:00,0,IOMT-028,S-IOMT-028-285,EHR_READ,EP-IND-02279
NET-02280,2026-01-01 05:29:10+00:00,0,IOMT-040,S-IOMT-040-286,EHR_WRITE,EP-IND-02280
NET-02281,2026-01-01 05:29:24+00:00,0,IOMT-011,S-IOMT-011-287,RESEARCH,EP-IND-02281
NET-02282,2026-01-01 05:29:25+00:00,0,IOMT-046,S-IOMT-046-288,EHR_WRITE,EP-IND-02282
NET-02283,2026-01-01 05:29:35+00:00,0,IOMT-042,S-IOMT-042-289,RESEARCH,EP-IND-02283
NET-02284,2026-01-01 05:29:37+00:00,0,IOMT-021,S-IOMT-021-290,LAB_RESULTS,EP-IND-02284
NET-02285,2026-01-01 05:29:43+00:00,0,IOMT-000,S-IOMT-000-291,RESEARCH,EP-IND-02285
NET-02286,2026-01-01 05:29:52+00:00,0,IOMT-034,S-IOMT-034-292,IMAGING,EP-IND-02286
NET-02287,2026-01-01 05:29:55+00:00,0,IOMT-002,S-IOMT-002-293,LAB_RESULTS,EP-IND-02287
NET-02288,2026-01-01 05:30:13+00:00,0,IOMT-038,S-IOMT-038-294,EHR_WRITE,EP-IND-02288
NET-02289,2026-01-01 05:30:22+00:00,0,IOMT-015,S-IOMT-015-295,LAB_RESULTS,EP-IND-02289
NET-02290,2026-01-01 05:30:28+00:00,0,IOMT-009,S-IOMT-009-296,IMAGING,EP-IND-02290
NET-02291,2026-01-01 05:30:29+00:00,0,IOMT-020,S-IOMT-020-297,EHR_READ,EP-IND-02291
NET-02292,2026-01-01 05:30:29+00:00,0,IOMT-013,S-IOMT-013-298,LAB_RESULTS,EP-IND-02292
NET-02293,2026-01-01 05:30:30+00:00,0,IOMT-021,S-IOMT-021-299,LAB_RESULTS,EP-IND-02293
NET-02294,2026-01-01 05:30:37+00:00,0,IOMT-004,S-IOMT-004-300,EHR_READ,EP-IND-02294
NET-02295,2026-01-01 05:30:48+00:00,0,IOMT-016,S-IOMT-016-301,EHR_WRITE,EP-IND-02295
NET-02296,2026-01-01 05:30:58+00:00,0,IOMT-027,S-IOMT-027-302,EHR_WRITE,EP-IND-02296
NET-02297,2026-01-01 05:30:59+00:00,0,IOMT-041,S-IOMT-041-303,RESEARCH,EP-IND-02297
NET-02298,2026-01-01 05:31:06+00:00,0,IOMT-034,S-IOMT-034-304,EHR_WRITE,EP-IND-02298
NET-02299,2026-01-01 05:31:24+00:00,0,IOMT-032,S-IOMT-032-305,EHR_READ,EP-IND-02299
NET-02300,2026-01-01 05:31:32+00:00,0,IOMT-022,S-IOMT-022-306,RESEARCH,EP-IND-02300
NET-02301,2026-01-01 05:31:45+00:00,0,IOMT-004,S-IOMT-004-307,EHR_WRITE,EP-IND-02301
NET-02302,2026-01-01 05:31:59+00:00,0,IOMT-014,S-IOMT-014-308,EHR_READ,EP-IND-02302
NET-02303,2026-01-01 05:32:06+00:00,0,IOMT-006,S-IOMT-006-309,IMAGING,EP-IND-02303
NET-02304,2026-01-01 05:32:09+00:00,0,IOMT-014,S-IOMT-014-310,RESEARCH,EP-IND-02304
NET-02305,2026-01-01 05:32:24+00:00,0,IOMT-006,S-IOMT-006-311,EHR_WRITE,EP-IND-02305
NET-02306,2026-01-01 05:32:41+00:00,0,IOMT-031,S-IOMT-031-312,RESEARCH,EP-IND-02306
NET-02307,2026-01-01 05:32:58+00:00,0,IOMT-031,S-IOMT-031-313,EHR_WRITE,EP-IND-02307
NET-02308,2026-01-01 05:33:19+00:00,0,IOMT-004,S-IOMT-004-314,IMAGING,EP-IND-02308
NET-02309,2026-01-01 05:33:21+00:00,0,IOMT-014,S-IOMT-014-315,EHR_READ,EP-IND-02309
NET-02310,2026-01-01 05:33:21+00:00,0,IOMT-038,S-IOMT-038-316,IMAGING,EP-IND-02310
NET-02311,2026-01-01 05:33:31+00:00,0,IOMT-002,S-IOMT-002-317,LAB_RESULTS,EP-IND-02311
NET-02312,2026-01-01 05:33:34+00:00,0,IOMT-025,S-IOMT-025-318,RESEARCH,EP-IND-02312
NET-02313,2026-01-01 05:33:57+00:00,0,IOMT-006,S-IOMT-006-319,IMAGING,EP-IND-02313
NET-02314,2026-01-01 05:33:57+00:00,0,IOMT-007,S-IOMT-007-320,EHR_READ,EP-IND-02314
NET-02315,2026-01-01 05:34:09+00:00,0,IOMT-002,S-IOMT-002-321,LAB_RESULTS,EP-IND-02315
NET-02316,2026-01-01 05:34:19+00:00,0,IOMT-038,S-IOMT-038-322,EHR_WRITE,EP-IND-02316
NET-02317,2026-01-01 05:34:21+00:00,0,IOMT-042,S-IOMT-042-323,EHR_READ,EP-IND-02317
NET-02318,2026-01-01 05:34:35+00:00,0,IOMT-002,S-IOMT-002-324,RESEARCH,EP-IND-02318
NET-02319,2026-01-01 05:34:47+00:00,0,IOMT-000,S-IOMT-000-325,IMAGING,EP-IND-02319
NET-02320,2026-01-01 05:34:49+00:00,0,IOMT-026,S-IOMT-026-326,IMAGING,EP-IND-02320
NET-02321,2026-01-01 05:34:52+00:00,0,IOMT-029,S-IOMT-029-327,RESEARCH,EP-IND-02321
NET-02322,2026-01-01 05:35:20+00:00,0,IOMT-033,S-IOMT-033-328,EHR_READ,EP-IND-02322
NET-02323,2026-01-01 05:35:21+00:00,0,IOMT-035,S-IOMT-035-329,IMAGING,EP-IND-02323
NET-02324,2026-01-01 05:35:27+00:00,0,IOMT-017,S-IOMT-017-330,IMAGING,EP-IND-02324
NET-02325,2026-01-01 05:35:51+00:00,0,IOMT-004,S-IOMT-004-331,IMAGING,EP-IND-02325
NET-02326,2026-01-01 05:35:57+00:00,0,IOMT-040,S-IOMT-040-332,EHR_WRITE,EP-IND-02326
NET-02327,2026-01-01 05:36:00+00:00,0,IOMT-044,S-IOMT-044-333,EHR_READ,EP-IND-02327
NET-02328,2026-01-01 05:36:05+00:00,1,IOMT-034,S-IOMT-034-334,EHR_READ,EP-IND-02328
NET-02329,2026-01-01 05:36:08+00:00,0,IOMT-027,S-IOMT-027-335,EHR_WRITE,EP-IND-02329
NET-02330,2026-01-01 05:36:21+00:00,0,IOMT-025,S-IOMT-025-336,EHR_READ,EP-IND-02330
NET-02331,2026-01-01 05:37:20+00:00,0,IOMT-020,S-IOMT-020-337,LAB_RESULTS,EP-IND-02331
NET-02332,2026-01-01 05:37:28+00:00,0,IOMT-005,S-IOMT-005-338,EHR_WRITE,EP-IND-02332
NET-02333,2026-01-01 05:37:38+00:00,0,IOMT-046,S-IOMT-046-339,EHR_WRITE,EP-IND-02333
NET-02334,2026-01-01 05:37:39+00:00,0,IOMT-006,S-IOMT-006-340,IMAGING,EP-IND-02334
NET-02335,2026-01-01 05:37:40+00:00,0,IOMT-015,S-IOMT-015-341,LAB_RESULTS,EP-IND-02335
NET-02336,2026-01-01 05:38:00+00:00,0,IOMT-029,S-IOMT-029-342,RESEARCH,EP-IND-02336
NET-02337,2026-01-01 05:38:26+00:00,0,IOMT-034,S-IOMT-034-343,EHR_READ,EP-IND-02337
NET-02338,2026-01-01 05:38:38+00:00,0,IOMT-021,S-IOMT-021-344,LAB_RESULTS,EP-IND-02338
NET-02339,2026-01-01 05:39:03+00:00,0,IOMT-021,S-IOMT-021-345,EHR_READ,EP-IND-02339
NET-02340,2026-01-01 05:39:07+00:00,0,IOMT-012,S-IOMT-012-346,IMAGING,EP-IND-02340
NET-02341,2026-01-01 05:39:12+00:00,0,IOMT-023,S-IOMT-023-347,RESEARCH,EP-IND-02341
NET-02342,2026-01-01 05:39:32+00:00,0,IOMT-046,S-IOMT-046-348,IMAGING,EP-IND-02342
NET-02343,2026-01-01 05:39:36+00:00,0,IOMT-027,S-IOMT-027-349,LAB_RESULTS,EP-IND-02343
NET-02344,2026-01-01 05:39:37+00:00,0,IOMT-016,S-IOMT-016-350,RESEARCH,EP-IND-02344
NET-02345,2026-01-01 05:39:41+00:00,0,IOMT-020,S-IOMT-020-351,EHR_READ,EP-IND-02345
NET-02346,2026-01-01 05:39:42+00:00,0,IOMT-007,S-IOMT-007-352,EHR_READ,EP-IND-02346
NET-02347,2026-01-01 05:39:45+00:00,0,IOMT-024,S-IOMT-024-353,EHR_READ,EP-IND-02347
NET-02348,2026-01-01 05:39:55+00:00,0,IOMT-029,S-IOMT-029-354,IMAGING,EP-IND-02348
NET-02349,2026-01-01 05:40:06+00:00,0,IOMT-004,S-IOMT-004-355,EHR_READ,EP-IND-02349
NET-02350,2026-01-01 05:40:23+00:00,0,IOMT-024,S-IOMT-024-356,EHR_READ,EP-IND-02350
NET-02351,2026-01-01 05:40:32+00:00,0,IOMT-006,S-IOMT-006-357,EHR_READ,EP-IND-02351
NET-02352,2026-01-01 05:40:35+00:00,0,IOMT-013,S-IOMT-013-358,RESEARCH,EP-IND-02352
NET-02353,2026-01-01 05:40:36+00:00,0,IOMT-013,S-IOMT-013-359,EHR_READ,EP-IND-02353
NET-02354,2026-01-01 05:40:38+00:00,0,IOMT-002,S-IOMT-002-360,LAB_RESULTS,EP-IND-02354
NET-02355,2026-01-01 05:40:55+00:00,0,IOMT-000,S-IOMT-000-361,EHR_WRITE,EP-IND-02355
NET-02356,2026-01-01 05:40:59+00:00,0,IOMT-012,S-IOMT-012-362,EHR_WRITE,EP-IND-02356
NET-02357,2026-01-01 05:41:20+00:00,0,IOMT-030,S-IOMT-030-363,EHR_READ,EP-IND-02357
NET-02358,2026-01-01 05:41:47+00:00,0,IOMT-030,S-IOMT-030-364,IMAGING,EP-IND-02358
NET-02359,2026-01-01 05:42:09+00:00,0,IOMT-033,S-IOMT-033-365,EHR_WRITE,EP-IND-02359
NET-02360,2026-01-01 05:42:12+00:00,0,IOMT-045,S-IOMT-045-366,EHR_READ,EP-IND-02360
NET-02361,2026-01-01 05:42:25+00:00,0,IOMT-002,S-IOMT-002-367,EHR_READ,EP-IND-02361
NET-02362,2026-01-01 05:42:32+00:00,0,IOMT-012,S-IOMT-012-368,IMAGING,EP-IND-02362
NET-02363,2026-01-01 05:42:33+00:00,0,IOMT-032,S-IOMT-032-369,RESEARCH,EP-IND-02363
NET-02364,2026-01-01 05:43:17+00:00,0,IOMT-014,S-IOMT-014-370,LAB_RESULTS,EP-IND-02364
NET-02365,2026-01-01 05:43:25+00:00,0,IOMT-006,S-IOMT-006-371,LAB_RESULTS,EP-IND-02365
NET-02366,2026-01-01 05:43:32+00:00,0,IOMT-006,S-IOMT-006-372,LAB_RESULTS,EP-IND-02366
NET-02367,2026-01-01 05:43:32+00:00,0,IOMT-025,S-IOMT-025-373,LAB_RESULTS,EP-IND-02367
NET-02368,2026-01-01 05:43:47+00:00,0,IOMT-042,S-IOMT-042-374,LAB_RESULTS,EP-IND-02368
NET-02369,2026-01-01 05:43:53+00:00,0,IOMT-048,S-IOMT-048-375,EHR_READ,EP-IND-02369
NET-02370,2026-01-01 05:43:54+00:00,0,IOMT-016,S-IOMT-016-376,EHR_WRITE,EP-IND-02370
NET-02371,2026-01-01 05:43:56+00:00,0,IOMT-017,S-IOMT-017-377,EHR_WRITE,EP-IND-02371
NET-02372,2026-01-01 05:43:58+00:00,0,IOMT-037,S-IOMT-037-378,IMAGING,EP-IND-02372
NET-02373,2026-01-01 05:44:03+00:00,0,IOMT-011,S-IOMT-011-379,LAB_RESULTS,EP-IND-02373
NET-02374,2026-01-01 05:44:04+00:00,1,IOMT-018,S-IOMT-018-380,EHR_WRITE,EP-IND-02374
NET-02375,2026-01-01 05:44:16+00:00,0,IOMT-008,S-IOMT-008-381,RESEARCH,EP-IND-02375
NET-02376,2026-01-01 05:44:23+00:00,0,IOMT-022,S-IOMT-022-382,EHR_READ,EP-IND-02376
NET-02377,2026-01-01 05:44:27+00:00,0,IOMT-040,S-IOMT-040-383,IMAGING,EP-IND-02377
NET-02378,2026-01-01 05:44:57+00:00,0,IOMT-034,S-IOMT-034-384,IMAGING,EP-IND-02378
NET-02379,2026-01-01 05:44:58+00:00,0,IOMT-013,S-IOMT-013-385,IMAGING,EP-IND-02379
NET-02380,2026-01-01 05:45:12+00:00,0,IOMT-049,S-IOMT-049-386,EHR_WRITE,EP-IND-02380
NET-02381,2026-01-01 05:45:14+00:00,0,IOMT-002,S-IOMT-002-387,EHR_READ,EP-IND-02381
NET-02382,2026-01-01 05:45:44+00:00,0,IOMT-015,S-IOMT-015-388,LAB_RESULTS,EP-IND-02382
NET-02383,2026-01-01 05:45:45+00:00,0,IOMT-000,S-IOMT-000-389,IMAGING,EP-IND-02383
NET-02384,2026-01-01 05:45:46+00:00,0,IOMT-023,S-IOMT-023-390,LAB_RESULTS,EP-IND-02384
NET-02385,2026-01-01 05:46:05+00:00,0,IOMT-015,S-IOMT-015-391,IMAGING,EP-IND-02385
NET-02386,2026-01-01 05:46:11+00:00,0,IOMT-035,S-IOMT-035-392,EHR_READ,EP-IND-02386
NET-02387,2026-01-01 05:46:14+00:00,0,IOMT-036,S-IOMT-036-393,IMAGING,EP-IND-02387
NET-02388,2026-01-01 05:46:17+00:00,0,IOMT-037,S-IOMT-037-394,EHR_READ,EP-IND-02388
NET-02389,2026-01-01 05:46:25+00:00,0,IOMT-029,S-IOMT-029-395,LAB_RESULTS,EP-IND-02389
NET-02390,2026-01-01 05:46:30+00:00,0,IOMT-039,S-IOMT-039-396,LAB_RESULTS,EP-IND-02390
NET-02391,2026-01-01 05:46:44+00:00,0,IOMT-027,S-IOMT-027-397,LAB_RESULTS,EP-IND-02391
NET-02392,2026-01-01 05:46:55+00:00,0,IOMT-016,S-IOMT-016-398,LAB_RESULTS,EP-IND-02392
NET-02393,2026-01-01 05:46:57+00:00,0,IOMT-010,S-IOMT-010-399,EHR_READ,EP-IND-02393
NET-02394,2026-01-01 05:47:19+00:00,0,IOMT-007,S-IOMT-007-400,EHR_READ,EP-IND-02394
NET-02395,2026-01-01 05:47:19+00:00,0,IOMT-049,S-IOMT-049-401,IMAGING,EP-IND-02395
NET-02396,2026-01-01 05:47:30+00:00,0,IOMT-040,S-IOMT-040-402,RESEARCH,EP-IND-02396
NET-02397,2026-01-01 05:47:32+00:00,0,IOMT-025,S-IOMT-025-403,RESEARCH,EP-IND-02397
NET-02398,2026-01-01 05:47:33+00:00,0,IOMT-003,S-IOMT-003-404,IMAGING,EP-IND-02398
NET-02399,2026-01-01 05:47:43+00:00,0,IOMT-003,S-IOMT-003-405,IMAGING,EP-IND-02399
NET-02400,2026-01-01 05:47:47+00:00,0,IOMT-042,S-IOMT-042-406,IMAGING,EP-IND-02400
NET-02401,2026-01-01 05:47:51+00:00,0,IOMT-022,S-IOMT-022-407,RESEARCH,EP-IND-02401
NET-02402,2026-01-01 05:47:55+00:00,0,IOMT-030,S-IOMT-030-408,LAB_RESULTS,EP-IND-02402
NET-02403,2026-01-01 05:47:57+00:00,0,IOMT-023,S-IOMT-023-409,EHR_READ,EP-IND-02403
NET-02404,2026-01-01 05:48:05+00:00,0,IOMT-008,S-IOMT-008-410,EHR_WRITE,EP-IND-02404
NET-02405,2026-01-01 05:48:18+00:00,0,IOMT-003,S-IOMT-003-411,RESEARCH,EP-IND-02405
NET-02406,2026-01-01 05:48:18+00:00,0,IOMT-045,S-IOMT-045-412,LAB_RESULTS,EP-IND-02406
NET-02407,2026-01-01 05:48:21+00:00,0,IOMT-023,S-IOMT-023-413,IMAGING,EP-IND-02407
NET-02408,2026-01-01 05:49:05+00:00,0,IOMT-007,S-IOMT-007-414,LAB_RESULTS,EP-IND-02408
NET-02409,2026-01-01 05:49:08+00:00,0,IOMT-001,S-IOMT-001-415,EHR_READ,EP-IND-02409
NET-02410,2026-01-01 05:49:19+00:00,0,IOMT-033,S-IOMT-033-416,EHR_WRITE,EP-IND-02410
NET-02411,2026-01-01 05:49:19+00:00,1,IOMT-045,S-IOMT-045-417,EHR_READ,EP-IND-02411
NET-02412,2026-01-01 05:49:26+00:00,0,IOMT-014,S-IOMT-014-418,EHR_READ,EP-IND-02412
NET-02413,2026-01-01 05:49:44+00:00,0,IOMT-017,S-IOMT-017-419,EHR_READ,EP-IND-02413
NET-02414,2026-01-01 05:49:44+00:00,0,IOMT-045,S-IOMT-045-420,EHR_WRITE,EP-IND-02414
NET-02415,2026-01-01 05:49:51+00:00,0,IOMT-028,S-IOMT-028-421,LAB_RESULTS,EP-IND-02415
NET-02416,2026-01-01 05:49:54+00:00,0,IOMT-034,S-IOMT-034-422,EHR_READ,EP-IND-02416
NET-02417,2026-01-01 05:49:55+00:00,0,IOMT-018,S-IOMT-018-423,EHR_WRITE,EP-IND-02417
NET-02418,2026-01-01 05:50:01+00:00,0,IOMT-011,S-IOMT-011-424,EHR_READ,EP-IND-02418
NET-02419,2026-01-01 05:50:01+00:00,0,IOMT-019,S-IOMT-019-425,EHR_WRITE,EP-IND-02419
NET-02420,2026-01-01 05:50:16+00:00,0,IOMT-026,S-IOMT-026-426,LAB_RESULTS,EP-IND-02420
NET-02421,2026-01-01 05:50:32+00:00,0,IOMT-012,S-IOMT-012-427,EHR_WRITE,EP-IND-02421
NET-02422,2026-01-01 05:50:44+00:00,0,IOMT-048,S-IOMT-048-428,EHR_READ,EP-IND-02422
NET-02423,2026-01-01 05:51:17+00:00,0,IOMT-030,S-IOMT-030-429,EHR_READ,EP-IND-02423
NET-02424,2026-01-01 05:51:25+00:00,0,IOMT-006,S-IOMT-006-430,RESEARCH,EP-IND-02424
NET-02425,2026-01-01 05:51:26+00:00,0,IOMT-000,S-IOMT-000-431,RESEARCH,EP-IND-02425
NET-02426,2026-01-01 05:52:01+00:00,0,IOMT-035,S-IOMT-035-432,EHR_WRITE,EP-IND-02426
NET-02427,2026-01-01 05:52:11+00:00,0,IOMT-035,S-IOMT-035-433,EHR_WRITE,EP-IND-02427
NET-02428,2026-01-01 05:52:15+00:00,0,IOMT-013,S-IOMT-013-434,IMAGING,EP-IND-02428
NET-02429,2026-01-01 05:52:34+00:00,0,IOMT-025,S-IOMT-025-435,EHR_READ,EP-IND-02429
NET-02430,2026-01-01 05:52:37+00:00,0,IOMT-041,S-IOMT-041-436,EHR_READ,EP-IND-02430
NET-02431,2026-01-01 05:52:39+00:00,0,IOMT-044,S-IOMT-044-437,EHR_WRITE,EP-IND-02431
NET-02432,2026-01-01 05:52:51+00:00,0,IOMT-047,S-IOMT-047-438,LAB_RESULTS,EP-IND-02432
NET-02433,2026-01-01 05:53:00+00:00,0,IOMT-015,S-IOMT-015-439,RESEARCH,EP-IND-02433
NET-02434,2026-01-01 05:53:02+00:00,0,IOMT-010,S-IOMT-010-440,RESEARCH,EP-IND-02434
NET-02435,2026-01-01 05:53:03+00:00,0,IOMT-027,S-IOMT-027-441,IMAGING,EP-IND-02435
NET-02436,2026-01-01 05:53:05+00:00,0,IOMT-011,S-IOMT-011-442,IMAGING,EP-IND-02436
NET-02437,2026-01-01 05:53:05+00:00,0,IOMT-016,S-IOMT-016-443,EHR_WRITE,EP-IND-02437
NET-02438,2026-01-01 05:53:11+00:00,0,IOMT-002,S-IOMT-002-444,EHR_READ,EP-IND-02438
NET-02439,2026-01-01 05:53:14+00:00,0,IOMT-023,S-IOMT-023-445,LAB_RESULTS,EP-IND-02439
NET-02440,2026-01-01 05:53:41+00:00,0,IOMT-006,S-IOMT-006-446,LAB_RESULTS,EP-IND-02440
NET-02441,2026-01-01 05:53:50+00:00,0,IOMT-021,S-IOMT-021-447,EHR_READ,EP-IND-02441
NET-02442,2026-01-01 05:53:56+00:00,0,IOMT-000,S-IOMT-000-448,EHR_WRITE,EP-IND-02442
NET-02443,2026-01-01 05:54:20+00:00,0,IOMT-039,S-IOMT-039-449,IMAGING,EP-IND-02443
NET-02444,2026-01-01 05:54:23+00:00,0,IOMT-031,S-IOMT-031-450,EHR_WRITE,EP-IND-02444
NET-02445,2026-01-01 05:54:33+00:00,0,IOMT-033,S-IOMT-033-451,IMAGING,EP-IND-02445
NET-02446,2026-01-01 05:54:34+00:00,0,IOMT-040,S-IOMT-040-452,IMAGING,EP-IND-02446
NET-02447,2026-01-01 05:54:57+00:00,0,IOMT-014,S-IOMT-014-453,LAB_RESULTS,EP-IND-02447
NET-02448,2026-01-01 05:55:01+00:00,0,IOMT-043,S-IOMT-043-454,EHR_WRITE,EP-IND-02448
NET-02449,2026-01-01 05:55:02+00:00,0,IOMT-035,S-IOMT-035-455,IMAGING,EP-IND-02449
NET-02450,2026-01-01 05:55:05+00:00,0,IOMT-018,S-IOMT-018-456,IMAGING,EP-IND-02450
NET-02451,2026-01-01 05:55:07+00:00,0,IOMT-048,S-IOMT-048-457,RESEARCH,EP-IND-02451
NET-02452,2026-01-01 05:55:23+00:00,0,IOMT-026,S-IOMT-026-458,RESEARCH,EP-IND-02452
NET-02453,2026-01-01 05:55:29+00:00,0,IOMT-027,S-IOMT-027-459,IMAGING,EP-IND-02453
NET-02454,2026-01-01 05:55:31+00:00,0,IOMT-048,S-IOMT-048-460,IMAGING,EP-IND-02454
NET-02455,2026-01-01 05:55:34+00:00,0,IOMT-035,S-IOMT-035-461,EHR_READ,EP-IND-02455
NET-02456,2026-01-01 05:55:37+00:00,0,IOMT-041,S-IOMT-041-462,IMAGING,EP-IND-02456
NET-02457,2026-01-01 05:56:07+00:00,0,IOMT-031,S-IOMT-031-463,RESEARCH,EP-IND-02457
NET-02458,2026-01-01 05:56:20+00:00,0,IOMT-023,S-IOMT-023-464,EHR_READ,EP-IND-02458
NET-02459,2026-01-01 05:56:20+00:00,0,IOMT-009,S-IOMT-009-465,LAB_RESULTS,EP-IND-02459
NET-02460,2026-01-01 05:56:28+00:00,0,IOMT-049,S-IOMT-049-466,IMAGING,EP-IND-02460
NET-02461,2026-01-01 05:56:28+00:00,1,IOMT-009,S-IOMT-009-467,RESEARCH,EP-IND-02461
NET-02462,2026-01-01 05:56:30+00:00,0,IOMT-024,S-IOMT-024-468,LAB_RESULTS,EP-IND-02462
NET-02463,2026-01-01 05:56:37+00:00,0,IOMT-002,S-IOMT-002-469,EHR_READ,EP-IND-02463
NET-02464,2026-01-01 05:56:51+00:00,0,IOMT-003,S-IOMT-003-470,RESEARCH,EP-IND-02464
NET-02465,2026-01-01 05:57:10+00:00,0,IOMT-032,S-IOMT-032-471,EHR_READ,EP-IND-02465
NET-02466,2026-01-01 05:57:18+00:00,0,IOMT-030,S-IOMT-030-472,LAB_RESULTS,EP-IND-02466
NET-02467,2026-01-01 05:57:26+00:00,0,IOMT-028,S-IOMT-028-473,EHR_WRITE,EP-IND-02467
NET-02468,2026-01-01 05:57:29+00:00,0,IOMT-041,S-IOMT-041-474,EHR_WRITE,EP-IND-02468
NET-02469,2026-01-01 05:57:33+00:00,0,IOMT-040,S-IOMT-040-475,IMAGING,EP-IND-02469
NET-02470,2026-01-01 05:57:35+00:00,0,IOMT-036,S-IOMT-036-476,EHR_WRITE,EP-IND-02470
NET-02471,2026-01-01 05:57:42+00:00,0,IOMT-031,S-IOMT-031-477,IMAGING,EP-IND-02471
NET-02472,2026-01-01 05:57:44+00:00,0,IOMT-000,S-IOMT-000-478,EHR_WRITE,EP-IND-02472
NET-02473,2026-01-01 05:57:46+00:00,0,IOMT-047,S-IOMT-047-479,EHR_WRITE,EP-IND-02473
NET-02474,2026-01-01 05:57:49+00:00,0,IOMT-009,S-IOMT-009-480,EHR_WRITE,EP-IND-02474
NET-02475,2026-01-01 05:58:00+00:00,0,IOMT-005,S-IOMT-005-481,LAB_RESULTS,EP-IND-02475
NET-02476,2026-01-01 05:58:10+00:00,0,IOMT-035,S-IOMT-035-482,RESEARCH,EP-IND-02476
NET-02477,2026-01-01 05:58:13+00:00,0,IOMT-028,S-IOMT-028-483,EHR_READ,EP-IND-02477
NET-02478,2026-01-01 05:58:24+00:00,0,IOMT-002,S-IOMT-002-484,RESEARCH,EP-IND-02478
NET-02479,2026-01-01 05:58:27+00:00,0,IOMT-030,S-IOMT-030-485,IMAGING,EP-IND-02479
NET-02480,2026-01-01 05:58:32+00:00,0,IOMT-015,S-IOMT-015-486,EHR_WRITE,EP-IND-02480
NET-02481,2026-01-01 05:58:48+00:00,0,IOMT-044,S-IOMT-044-487,EHR_READ,EP-IND-02481
NET-02482,2026-01-01 05:59:08+00:00,0,IOMT-038,S-IOMT-038-488,IMAGING,EP-IND-02482
NET-02483,2026-01-01 05:59:24+00:00,0,IOMT-034,S-IOMT-034-489,EHR_READ,EP-IND-02483
NET-02484,2026-01-01 05:59:30+00:00,0,IOMT-028,S-IOMT-028-490,RESEARCH,EP-IND-02484
NET-02485,2026-01-01 06:00:09+00:00,0,IOMT-002,S-IOMT-002-491,EHR_WRITE,EP-IND-02485
NET-02486,2026-01-01 06:00:13+00:00,0,IOMT-047,S-IOMT-047-492,RESEARCH,EP-IND-02486
NET-02487,2026-01-01 06:00:15+00:00,0,IOMT-015,S-IOMT-015-493,RESEARCH,EP-IND-02487
NET-02488,2026-01-01 06:00:25+00:00,0,IOMT-010,S-IOMT-010-494,EHR_READ,EP-IND-02488
NET-02489,2026-01-01 06:00:26+00:00,0,IOMT-008,S-IOMT-008-495,EHR_READ,EP-IND-02489
NET-02490,2026-01-01 06:00:29+00:00,0,IOMT-026,S-IOMT-026-496,EHR_WRITE,EP-IND-02490
NET-02491,2026-01-01 06:00:30+00:00,0,IOMT-041,S-IOMT-041-497,RESEARCH,EP-IND-02491
NET-02492,2026-01-01 06:00:40+00:00,0,IOMT-026,S-IOMT-026-498,LAB_RESULTS,EP-IND-02492
NET-02493,2026-01-01 06:00:42+00:00,0,IOMT-010,S-IOMT-010-499,IMAGING,EP-IND-02493
NET-02494,2026-01-01 06:01:06+00:00,1,IOMT-036,S-IOMT-036-500,EHR_WRITE,EP-IND-02494
NET-02495,2026-01-01 06:01:13+00:00,0,IOMT-046,S-IOMT-046-501,EHR_READ,EP-IND-02495
NET-02496,2026-01-01 06:01:46+00:00,0,IOMT-023,S-IOMT-023-502,IMAGING,EP-IND-02496
NET-02497,2026-01-01 06:01:47+00:00,0,IOMT-014,S-IOMT-014-503,LAB_RESULTS,EP-IND-02497
NET-02498,2026-01-01 06:01:59+00:00,0,IOMT-016,S-IOMT-016-504,LAB_RESULTS,EP-IND-02498
NET-02499,2026-01-01 06:02:09+00:00,0,IOMT-049,S-IOMT-049-505,RESEARCH,EP-IND-02499
NET-02500,2026-01-01 06:02:13+00:00,0,IOMT-033,S-IOMT-033-506,RESEARCH,EP-IND-02500
NET-02501,2026-01-01 06:02:16+00:00,0,IOMT-023,S-IOMT-023-507,EHR_WRITE,EP-IND-02501
NET-02502,2026-01-01 06:02:37+00:00,0,IOMT-022,S-IOMT-022-508,LAB_RESULTS,EP-IND-02502
NET-02503,2026-01-01 06:02:38+00:00,0,IOMT-007,S-IOMT-007-509,EHR_READ,EP-IND-02503
NET-02504,2026-01-01 06:02:39+00:00,0,IOMT-037,S-IOMT-037-510,LAB_RESULTS,EP-IND-02504
NET-02505,2026-01-01 06:02:45+00:00,0,IOMT-048,S-IOMT-048-511,LAB_RESULTS,EP-IND-02505
NET-02506,2026-01-01 06:02:55+00:00,0,IOMT-012,S-IOMT-012-512,EHR_WRITE,EP-IND-02506
NET-02507,2026-01-01 06:03:04+00:00,0,IOMT-036,S-IOMT-036-513,IMAGING,EP-IND-02507
NET-02508,2026-01-01 06:03:08+00:00,0,IOMT-006,S-IOMT-006-514,EHR_WRITE,EP-IND-02508
NET-02509,2026-01-01 06:03:15+00:00,0,IOMT-009,S-IOMT-009-515,LAB_RESULTS,EP-IND-02509
NET-02510,2026-01-01 06:03:23+00:00,0,IOMT-043,S-IOMT-043-516,LAB_RESULTS,EP-IND-02510
NET-02511,2026-01-01 06:03:30+00:00,0,IOMT-039,S-IOMT-039-517,RESEARCH,EP-IND-02511
NET-02512,2026-01-01 06:03:33+00:00,0,IOMT-047,S-IOMT-047-518,LAB_RESULTS,EP-IND-02512
NET-02513,2026-01-01 06:03:36+00:00,0,IOMT-044,S-IOMT-044-519,EHR_WRITE,EP-IND-02513
NET-02514,2026-01-01 06:03:59+00:00,0,IOMT-008,S-IOMT-008-520,EHR_READ,EP-IND-02514
NET-02515,2026-01-01 06:04:04+00:00,0,IOMT-010,S-IOMT-010-521,IMAGING,EP-IND-02515
NET-02516,2026-01-01 06:04:17+00:00,0,IOMT-005,S-IOMT-005-522,EHR_WRITE,EP-IND-02516
NET-02517,2026-01-01 06:04:20+00:00,0,IOMT-036,S-IOMT-036-523,LAB_RESULTS,EP-IND-02517
NET-02518,2026-01-01 06:04:21+00:00,0,IOMT-047,S-IOMT-047-524,LAB_RESULTS,EP-IND-02518
NET-02519,2026-01-01 06:04:30+00:00,0,IOMT-022,S-IOMT-022-525,EHR_READ,EP-IND-02519
NET-02520,2026-01-01 06:04:31+00:00,0,IOMT-030,S-IOMT-030-526,EHR_READ,EP-IND-02520
NET-02521,2026-01-01 06:04:46+00:00,0,IOMT-028,S-IOMT-028-527,EHR_READ,EP-IND-02521
NET-02522,2026-01-01 06:04:48+00:00,0,IOMT-021,S-IOMT-021-528,LAB_RESULTS,EP-IND-02522
NET-02523,2026-01-01 06:04:49+00:00,0,IOMT-042,S-IOMT-042-529,LAB_RESULTS,EP-IND-02523
NET-02524,2026-01-01 06:04:57+00:00,0,IOMT-026,S-IOMT-026-530,EHR_WRITE,EP-IND-02524
NET-02525,2026-01-01 06:04:58+00:00,0,IOMT-021,S-IOMT-021-531,IMAGING,EP-IND-02525
NET-02526,2026-01-01 06:05:13+00:00,0,IOMT-008,S-IOMT-008-532,LAB_RESULTS,EP-IND-02526
NET-02527,2026-01-01 06:05:13+00:00,0,IOMT-048,S-IOMT-048-533,IMAGING,EP-IND-02527
NET-02528,2026-01-01 06:05:15+00:00,0,IOMT-047,S-IOMT-047-534,EHR_WRITE,EP-IND-02528
NET-02529,2026-01-01 06:05:18+00:00,0,IOMT-040,S-IOMT-040-535,LAB_RESULTS,EP-IND-02529
NET-02530,2026-01-01 06:05:18+00:00,0,IOMT-025,S-IOMT-025-536,LAB_RESULTS,EP-IND-02530
NET-02531,2026-01-01 06:05:29+00:00,0,IOMT-008,S-IOMT-008-537,IMAGING,EP-IND-02531
NET-02532,2026-01-01 06:05:34+00:00,0,IOMT-030,S-IOMT-030-538,LAB_RESULTS,EP-IND-02532
NET-02533,2026-01-01 06:05:35+00:00,0,IOMT-049,S-IOMT-049-539,IMAGING,EP-IND-02533
NET-02534,2026-01-01 06:05:42+00:00,0,IOMT-027,S-IOMT-027-540,LAB_RESULTS,EP-IND-02534
NET-02535,2026-01-01 06:05:54+00:00,0,IOMT-034,S-IOMT-034-541,EHR_WRITE,EP-IND-02535
NET-02536,2026-01-01 06:06:11+00:00,0,IOMT-047,S-IOMT-047-542,LAB_RESULTS,EP-IND-02536
NET-02537,2026-01-01 06:06:12+00:00,0,IOMT-006,S-IOMT-006-543,LAB_RESULTS,EP-IND-02537
NET-02538,2026-01-01 06:06:26+00:00,0,IOMT-040,S-IOMT-040-544,EHR_WRITE,EP-IND-02538
NET-02539,2026-01-01 06:06:26+00:00,0,IOMT-000,S-IOMT-000-545,IMAGING,EP-IND-02539
NET-02540,2026-01-01 06:06:54+00:00,0,IOMT-019,S-IOMT-019-546,IMAGING,EP-IND-02540
NET-02541,2026-01-01 06:07:03+00:00,0,IOMT-045,S-IOMT-045-547,EHR_READ,EP-IND-02541
NET-02542,2026-01-01 06:07:14+00:00,0,IOMT-019,S-IOMT-019-548,IMAGING,EP-IND-02542
NET-02543,2026-01-01 06:07:15+00:00,0,IOMT-015,S-IOMT-015-549,IMAGING,EP-IND-02543
NET-02544,2026-01-01 06:07:25+00:00,0,IOMT-039,S-IOMT-039-550,LAB_RESULTS,EP-IND-02544
NET-02545,2026-01-01 06:07:26+00:00,0,IOMT-004,S-IOMT-004-551,EHR_WRITE,EP-IND-02545
NET-02546,2026-01-01 06:07:26+00:00,0,IOMT-030,S-IOMT-030-552,RESEARCH,EP-IND-02546
NET-02547,2026-01-01 06:07:42+00:00,0,IOMT-036,S-IOMT-036-553,LAB_RESULTS,EP-IND-02547
NET-02548,2026-01-01 06:07:43+00:00,0,IOMT-035,S-IOMT-035-554,LAB_RESULTS,EP-IND-02548
NET-02549,2026-01-01 06:07:44+00:00,0,IOMT-004,S-IOMT-004-555,EHR_READ,EP-IND-02549
NET-02550,2026-01-01 06:07:48+00:00,0,IOMT-015,S-IOMT-015-556,RESEARCH,EP-IND-02550
NET-02551,2026-01-01 06:07:59+00:00,0,IOMT-033,S-IOMT-033-557,LAB_RESULTS,EP-IND-02551
NET-02552,2026-01-01 06:07:59+00:00,0,IOMT-033,S-IOMT-033-558,EHR_READ,EP-IND-02552
NET-02553,2026-01-01 06:07:59+00:00,0,IOMT-046,S-IOMT-046-559,IMAGING,EP-IND-02553
NET-02554,2026-01-01 06:08:27+00:00,0,IOMT-000,S-IOMT-000-560,LAB_RESULTS,EP-IND-02554
NET-02555,2026-01-01 06:08:32+00:00,0,IOMT-005,S-IOMT-005-561,EHR_WRITE,EP-IND-02555
NET-02556,2026-01-01 06:08:33+00:00,0,IOMT-033,S-IOMT-033-562,LAB_RESULTS,EP-IND-02556
NET-02557,2026-01-01 06:08:34+00:00,0,IOMT-047,S-IOMT-047-563,LAB_RESULTS,EP-IND-02557
NET-02558,2026-01-01 06:08:38+00:00,0,IOMT-011,S-IOMT-011-564,EHR_WRITE,EP-IND-02558
NET-02559,2026-01-01 06:08:57+00:00,0,IOMT-021,S-IOMT-021-565,LAB_RESULTS,EP-IND-02559
NET-02560,2026-01-01 06:09:03+00:00,0,IOMT-024,S-IOMT-024-566,LAB_RESULTS,EP-IND-02560
NET-02561,2026-01-01 06:09:16+00:00,0,IOMT-009,S-IOMT-009-567,EHR_WRITE,EP-IND-02561
NET-02562,2026-01-01 06:09:23+00:00,0,IOMT-000,S-IOMT-000-568,LAB_RESULTS,EP-IND-02562
NET-02563,2026-01-01 06:09:42+00:00,0,IOMT-001,S-IOMT-001-569,EHR_WRITE,EP-IND-02563
NET-02564,2026-01-01 06:09:57+00:00,0,IOMT-045,S-IOMT-045-570,EHR_WRITE,EP-IND-02564
NET-02565,2026-01-01 06:09:57+00:00,1,IOMT-014,S-IOMT-014-571,IMAGING,EP-IND-02565
NET-02566,2026-01-01 06:10:10+00:00,0,IOMT-018,S-IOMT-018-572,IMAGING,EP-IND-02566
NET-02567,2026-01-01 06:10:22+00:00,0,IOMT-045,S-IOMT-045-573,EHR_READ,EP-IND-02567
NET-02568,2026-01-01 06:10:31+00:00,0,IOMT-015,S-IOMT-015-574,LAB_RESULTS,EP-IND-02568
NET-02569,2026-01-01 06:10:35+00:00,0,IOMT-031,S-IOMT-031-575,IMAGING,EP-IND-02569
NET-02570,2026-01-01 06:10:35+00:00,0,IOMT-042,S-IOMT-042-576,EHR_WRITE,EP-IND-02570
NET-02571,2026-01-01 06:10:43+00:00,0,IOMT-009,S-IOMT-009-577,IMAGING,EP-IND-02571
NET-02572,2026-01-01 06:10:53+00:00,0,IOMT-011,S-IOMT-011-578,EHR_READ,EP-IND-02572
NET-02573,2026-01-01 06:10:58+00:00,0,IOMT-049,S-IOMT-049-579,RESEARCH,EP-IND-02573
NET-02574,2026-01-01 06:11:03+00:00,0,IOMT-015,S-IOMT-015-580,RESEARCH,EP-IND-02574
NET-02575,2026-01-01 06:11:09+00:00,0,IOMT-013,S-IOMT-013-581,EHR_READ,EP-IND-02575
NET-02576,2026-01-01 06:11:11+00:00,0,IOMT-045,S-IOMT-045-582,EHR_READ,EP-IND-02576
NET-02577,2026-01-01 06:11:16+00:00,0,IOMT-035,S-IOMT-035-583,RESEARCH,EP-IND-02577
NET-02578,2026-01-01 06:11:18+00:00,0,IOMT-033,S-IOMT-033-584,EHR_WRITE,EP-IND-02578
NET-02579,2026-01-01 06:11:22+00:00,0,IOMT-036,S-IOMT-036-585,LAB_RESULTS,EP-IND-02579
NET-02580,2026-01-01 06:11:32+00:00,0,IOMT-037,S-IOMT-037-586,LAB_RESULTS,EP-IND-02580
NET-02581,2026-01-01 06:11:39+00:00,0,IOMT-013,S-IOMT-013-587,RESEARCH,EP-IND-02581
NET-02582,2026-01-01 06:11:40+00:00,0,IOMT-035,S-IOMT-035-588,RESEARCH,EP-IND-02582
NET-02583,2026-01-01 06:11:49+00:00,0,IOMT-039,S-IOMT-039-589,EHR_READ,EP-IND-02583
NET-02584,2026-01-01 06:12:11+00:00,0,IOMT-036,S-IOMT-036-590,RESEARCH,EP-IND-02584
NET-02585,2026-01-01 06:12:15+00:00,0,IOMT-007,S-IOMT-007-591,LAB_RESULTS,EP-IND-02585
NET-02586,2026-01-01 06:12:15+00:00,1,IOMT-046,S-IOMT-046-592,EHR_WRITE,EP-IND-02586
NET-02587,2026-01-01 06:12:21+00:00,0,IOMT-030,S-IOMT-030-593,EHR_READ,EP-IND-02587
NET-02588,2026-01-01 06:12:25+00:00,0,IOMT-045,S-IOMT-045-594,EHR_WRITE,EP-IND-02588
NET-02589,2026-01-01 06:12:37+00:00,0,IOMT-016,S-IOMT-016-595,IMAGING,EP-IND-02589
NET-02590,2026-01-01 06:13:07+00:00,0,IOMT-014,S-IOMT-014-596,RESEARCH,EP-IND-02590
NET-02591,2026-01-01 06:13:10+00:00,0,IOMT-048,S-IOMT-048-597,LAB_RESULTS,EP-IND-02591
NET-02592,2026-01-01 06:13:15+00:00,0,IOMT-032,S-IOMT-032-598,EHR_WRITE,EP-IND-02592
NET-02593,2026-01-01 06:13:29+00:00,0,IOMT-016,S-IOMT-016-599,RESEARCH,EP-IND-02593
NET-02594,2026-01-01 06:13:36+00:00,0,IOMT-006,S-IOMT-006-600,EHR_WRITE,EP-IND-02594
NET-02595,2026-01-01 06:13:50+00:00,0,IOMT-004,S-IOMT-004-601,EHR_WRITE,EP-IND-02595
NET-02596,2026-01-01 06:14:04+00:00,0,IOMT-012,S-IOMT-012-602,IMAGING,EP-IND-02596
NET-02597,2026-01-01 06:14:14+00:00,0,IOMT-015,S-IOMT-015-603,EHR_READ,EP-IND-02597
NET-02598,2026-01-01 06:14:15+00:00,0,IOMT-029,S-IOMT-029-604,IMAGING,EP-IND-02598
NET-02599,2026-01-01 06:14:16+00:00,0,IOMT-021,S-IOMT-021-605,EHR_WRITE,EP-IND-02599
NET-02600,2026-01-01 06:14:18+00:00,0,IOMT-014,S-IOMT-014-606,EHR_WRITE,EP-IND-02600
NET-02601,2026-01-01 06:14:20+00:00,0,IOMT-007,S-IOMT-007-607,EHR_WRITE,EP-IND-02601
NET-02602,2026-01-01 06:14:20+00:00,0,IOMT-017,S-IOMT-017-608,RESEARCH,EP-IND-02602
NET-02603,2026-01-01 06:14:35+00:00,0,IOMT-049,S-IOMT-049-609,IMAGING,EP-IND-02603
NET-02604,2026-01-01 06:14:53+00:00,0,IOMT-000,S-IOMT-000-610,IMAGING,EP-IND-02604
NET-02605,2026-01-01 06:15:12+00:00,0,IOMT-019,S-IOMT-019-611,RESEARCH,EP-IND-02605
NET-02606,2026-01-01 06:15:28+00:00,0,IOMT-040,S-IOMT-040-612,RESEARCH,EP-IND-02606
NET-02607,2026-01-01 06:15:40+00:00,0,IOMT-002,S-IOMT-002-613,RESEARCH,EP-IND-02607
NET-02608,2026-01-01 06:15:41+00:00,0,IOMT-040,S-IOMT-040-614,LAB_RESULTS,EP-IND-02608
NET-02609,2026-01-01 06:15:45+00:00,0,IOMT-009,S-IOMT-009-615,IMAGING,EP-IND-02609
NET-02610,2026-01-01 06:15:47+00:00,0,IOMT-041,S-IOMT-041-616,EHR_READ,EP-IND-02610
NET-02611,2026-01-01 06:15:53+00:00,0,IOMT-019,S-IOMT-019-617,IMAGING,EP-IND-02611
NET-02612,2026-01-01 06:15:59+00:00,0,IOMT-018,S-IOMT-018-618,RESEARCH,EP-IND-02612
NET-02613,2026-01-01 06:16:19+00:00,0,IOMT-019,S-IOMT-019-619,EHR_READ,EP-IND-02613
NET-02614,2026-01-01 06:16:20+00:00,0,IOMT-003,S-IOMT-003-620,EHR_READ,EP-IND-02614
NET-02615,2026-01-01 06:16:20+00:00,1,IOMT-029,S-IOMT-029-621,IMAGING,EP-IND-02615
NET-02616,2026-01-01 06:16:23+00:00,0,IOMT-018,S-IOMT-018-622,IMAGING,EP-IND-02616
NET-02617,2026-01-01 06:16:32+00:00,0,IOMT-007,S-IOMT-007-623,LAB_RESULTS,EP-IND-02617
NET-02618,2026-01-01 06:16:39+00:00,0,IOMT-005,S-IOMT-005-624,EHR_WRITE,EP-IND-02618
NET-02619,2026-01-01 06:16:48+00:00,0,IOMT-007,S-IOMT-007-625,IMAGING,EP-IND-02619
NET-02620,2026-01-01 06:16:51+00:00,0,IOMT-024,S-IOMT-024-626,EHR_WRITE,EP-IND-02620
NET-02621,2026-01-01 06:16:52+00:00,0,IOMT-029,S-IOMT-029-627,EHR_READ,EP-IND-02621
NET-02622,2026-01-01 06:16:58+00:00,0,IOMT-039,S-IOMT-039-628,IMAGING,EP-IND-02622
NET-02623,2026-01-01 06:17:08+00:00,0,IOMT-022,S-IOMT-022-629,LAB_RESULTS,EP-IND-02623
NET-02624,2026-01-01 06:17:16+00:00,0,IOMT-027,S-IOMT-027-630,EHR_WRITE,EP-IND-02624
NET-02625,2026-01-01 06:17:26+00:00,0,IOMT-026,S-IOMT-026-631,LAB_RESULTS,EP-IND-02625
NET-02626,2026-01-01 06:17:32+00:00,0,IOMT-027,S-IOMT-027-632,EHR_WRITE,EP-IND-02626
NET-02627,2026-01-01 06:17:35+00:00,0,IOMT-035,S-IOMT-035-633,LAB_RESULTS,EP-IND-02627
NET-02628,2026-01-01 06:17:47+00:00,0,IOMT-006,S-IOMT-006-634,IMAGING,EP-IND-02628
NET-02629,2026-01-01 06:17:49+00:00,0,IOMT-019,S-IOMT-019-635,EHR_READ,EP-IND-02629
NET-02630,2026-01-01 06:17:51+00:00,0,IOMT-040,S-IOMT-040-636,IMAGING,EP-IND-02630
NET-02631,2026-01-01 06:17:57+00:00,0,IOMT-034,S-IOMT-034-637,IMAGING,EP-IND-02631
NET-02632,2026-01-01 06:18:50+00:00,0,IOMT-034,S-IOMT-034-638,LAB_RESULTS,EP-IND-02632
NET-02633,2026-01-01 06:18:53+00:00,0,IOMT-007,S-IOMT-007-639,EHR_READ,EP-IND-02633
NET-02634,2026-01-01 06:18:54+00:00,0,IOMT-028,S-IOMT-028-640,EHR_READ,EP-IND-02634
NET-02635,2026-01-01 06:19:03+00:00,0,IOMT-044,S-IOMT-044-641,EHR_READ,EP-IND-02635
NET-02636,2026-01-01 06:19:04+00:00,0,IOMT-013,S-IOMT-013-642,EHR_WRITE,EP-IND-02636
NET-02637,2026-01-01 06:19:27+00:00,0,IOMT-041,S-IOMT-041-643,RESEARCH,EP-IND-02637
NET-02638,2026-01-01 06:19:35+00:00,0,IOMT-031,S-IOMT-031-644,RESEARCH,EP-IND-02638
NET-02639,2026-01-01 06:19:39+00:00,0,IOMT-019,S-IOMT-019-645,RESEARCH,EP-IND-02639
NET-02640,2026-01-01 06:19:41+00:00,0,IOMT-028,S-IOMT-028-646,LAB_RESULTS,EP-IND-02640
NET-02641,2026-01-01 06:19:43+00:00,0,IOMT-009,S-IOMT-009-647,IMAGING,EP-IND-02641
NET-02642,2026-01-01 06:20:00+00:00,0,IOMT-010,S-IOMT-010-648,RESEARCH,EP-IND-02642
NET-02643,2026-01-01 06:20:01+00:00,0,IOMT-010,S-IOMT-010-649,IMAGING,EP-IND-02643
NET-02644,2026-01-01 06:20:03+00:00,0,IOMT-024,S-IOMT-024-650,LAB_RESULTS,EP-IND-02644
NET-02645,2026-01-01 06:20:03+00:00,0,IOMT-002,S-IOMT-002-651,EHR_READ,EP-IND-02645
NET-02646,2026-01-01 06:20:05+00:00,0,IOMT-018,S-IOMT-018-652,LAB_RESULTS,EP-IND-02646
NET-02647,2026-01-01 06:20:08+00:00,1,IOMT-032,S-IOMT-032-653,IMAGING,EP-IND-02647
NET-02648,2026-01-01 06:20:08+00:00,0,IOMT-049,S-IOMT-049-654,LAB_RESULTS,EP-IND-02648
NET-02649,2026-01-01 06:20:24+00:00,0,IOMT-010,S-IOMT-010-655,LAB_RESULTS,EP-IND-02649
NET-02650,2026-01-01 06:20:27+00:00,0,IOMT-032,S-IOMT-032-656,IMAGING,EP-IND-02650
NET-02651,2026-01-01 06:20:28+00:00,0,IOMT-043,S-IOMT-043-657,IMAGING,EP-IND-02651
NET-02652,2026-01-01 06:20:42+00:00,0,IOMT-004,S-IOMT-004-658,IMAGING,EP-IND-02652
NET-02653,2026-01-01 06:20:45+00:00,0,IOMT-044,S-IOMT-044-659,IMAGING,EP-IND-02653
NET-02654,2026-01-01 06:20:50+00:00,0,IOMT-040,S-IOMT-040-660,IMAGING,EP-IND-02654
NET-02655,2026-01-01 06:20:57+00:00,0,IOMT-015,S-IOMT-015-661,EHR_READ,EP-IND-02655
NET-02656,2026-01-01 06:21:06+00:00,0,IOMT-003,S-IOMT-003-662,EHR_WRITE,EP-IND-02656
NET-02657,2026-01-01 06:21:08+00:00,0,IOMT-047,S-IOMT-047-663,EHR_READ,EP-IND-02657
NET-02658,2026-01-01 06:21:14+00:00,0,IOMT-008,S-IOMT-008-664,EHR_READ,EP-IND-02658
NET-02659,2026-01-01 06:21:32+00:00,0,IOMT-048,S-IOMT-048-665,LAB_RESULTS,EP-IND-02659
NET-02660,2026-01-01 06:21:32+00:00,0,IOMT-012,S-IOMT-012-666,EHR_WRITE,EP-IND-02660
NET-02661,2026-01-01 06:21:33+00:00,0,IOMT-034,S-IOMT-034-667,LAB_RESULTS,EP-IND-02661
NET-02662,2026-01-01 06:21:54+00:00,0,IOMT-040,S-IOMT-040-668,LAB_RESULTS,EP-IND-02662
NET-02663,2026-01-01 06:21:54+00:00,0,IOMT-004,S-IOMT-004-669,EHR_READ,EP-IND-02663
NET-02664,2026-01-01 06:21:55+00:00,0,IOMT-007,S-IOMT-007-670,EHR_WRITE,EP-IND-02664
NET-02665,2026-01-01 06:22:04+00:00,0,IOMT-016,S-IOMT-016-671,EHR_READ,EP-IND-02665
NET-02666,2026-01-01 06:22:07+00:00,0,IOMT-015,S-IOMT-015-672,EHR_READ,EP-IND-02666
NET-02667,2026-01-01 06:22:11+00:00,0,IOMT-011,S-IOMT-011-673,EHR_WRITE,EP-IND-02667
NET-02668,2026-01-01 06:22:28+00:00,1,IOMT-005,S-IOMT-005-674,IMAGING,EP-IND-02668
NET-02669,2026-01-01 06:22:30+00:00,0,IOMT-044,S-IOMT-044-675,EHR_WRITE,EP-IND-02669
NET-02670,2026-01-01 06:22:31+00:00,0,IOMT-012,S-IOMT-012-676,EHR_READ,EP-IND-02670
NET-02671,2026-01-01 06:22:34+00:00,0,IOMT-039,S-IOMT-039-677,EHR_READ,EP-IND-02671
NET-02672,2026-01-01 06:22:34+00:00,0,IOMT-031,S-IOMT-031-678,LAB_RESULTS,EP-IND-02672
NET-02673,2026-01-01 06:22:46+00:00,0,IOMT-016,S-IOMT-016-679,EHR_READ,EP-IND-02673
NET-02674,2026-01-01 06:22:47+00:00,0,IOMT-036,S-IOMT-036-680,IMAGING,EP-IND-02674
NET-02675,2026-01-01 06:22:55+00:00,0,IOMT-048,S-IOMT-048-681,LAB_RESULTS,EP-IND-02675
NET-02676,2026-01-01 06:23:21+00:00,0,IOMT-027,S-IOMT-027-682,EHR_READ,EP-IND-02676
NET-02677,2026-01-01 06:23:28+00:00,0,IOMT-044,S-IOMT-044-683,EHR_WRITE,EP-IND-02677
NET-02678,2026-01-01 06:23:28+00:00,0,IOMT-009,S-IOMT-009-684,EHR_WRITE,EP-IND-02678
NET-02679,2026-01-01 06:23:33+00:00,0,IOMT-001,S-IOMT-001-685,EHR_WRITE,EP-IND-02679
NET-02680,2026-01-01 06:23:38+00:00,0,IOMT-020,S-IOMT-020-686,EHR_WRITE,EP-IND-02680
NET-02681,2026-01-01 06:23:47+00:00,0,IOMT-035,S-IOMT-035-687,EHR_WRITE,EP-IND-02681
NET-02682,2026-01-01 06:24:25+00:00,0,IOMT-015,S-IOMT-015-688,EHR_WRITE,EP-IND-02682
NET-02683,2026-01-01 06:24:30+00:00,0,IOMT-007,S-IOMT-007-689,RESEARCH,EP-IND-02683
NET-02684,2026-01-01 06:24:44+00:00,0,IOMT-003,S-IOMT-003-690,EHR_WRITE,EP-IND-02684
NET-02685,2026-01-01 06:24:45+00:00,0,IOMT-032,S-IOMT-032-691,EHR_WRITE,EP-IND-02685
NET-02686,2026-01-01 06:24:59+00:00,0,IOMT-020,S-IOMT-020-692,RESEARCH,EP-IND-02686
NET-02687,2026-01-01 06:25:13+00:00,0,IOMT-047,S-IOMT-047-693,RESEARCH,EP-IND-02687
NET-02688,2026-01-01 06:25:19+00:00,0,IOMT-049,S-IOMT-049-694,EHR_READ,EP-IND-02688
NET-02689,2026-01-01 06:25:46+00:00,1,IOMT-014,S-IOMT-014-695,EHR_READ,EP-IND-02689
NET-02690,2026-01-01 06:25:46+00:00,0,IOMT-011,S-IOMT-011-696,EHR_READ,EP-IND-02690
NET-02691,2026-01-01 06:25:50+00:00,0,IOMT-031,S-IOMT-031-697,RESEARCH,EP-IND-02691
NET-02692,2026-01-01 06:25:53+00:00,0,IOMT-041,S-IOMT-041-698,RESEARCH,EP-IND-02692
NET-02693,2026-01-01 06:25:55+00:00,0,IOMT-021,S-IOMT-021-699,RESEARCH,EP-IND-02693
NET-02694,2026-01-01 06:26:11+00:00,0,IOMT-034,S-IOMT-034-700,RESEARCH,EP-IND-02694
NET-02695,2026-01-01 06:26:17+00:00,0,IOMT-016,S-IOMT-016-701,EHR_WRITE,EP-IND-02695
NET-02696,2026-01-01 06:26:43+00:00,0,IOMT-016,S-IOMT-016-702,RESEARCH,EP-IND-02696
NET-02697,2026-01-01 06:26:48+00:00,0,IOMT-009,S-IOMT-009-703,EHR_READ,EP-IND-02697
NET-02698,2026-01-01 06:26:59+00:00,0,IOMT-045,S-IOMT-045-704,EHR_READ,EP-IND-02698
NET-02699,2026-01-01 06:27:08+00:00,0,IOMT-046,S-IOMT-046-705,EHR_READ,EP-IND-02699
NET-02700,2026-01-01 06:27:13+00:00,0,IOMT-024,S-IOMT-024-706,EHR_READ,EP-IND-02700
NET-02701,2026-01-01 06:27:16+00:00,0,IOMT-000,S-IOMT-000-707,RESEARCH,EP-IND-02701
NET-02702,2026-01-01 06:27:17+00:00,0,IOMT-036,S-IOMT-036-708,EHR_WRITE,EP-IND-02702
NET-02703,2026-01-01 06:27:21+00:00,1,IOMT-016,S-IOMT-016-709,EHR_WRITE,EP-IND-02703
NET-02704,2026-01-01 06:27:21+00:00,0,IOMT-010,S-IOMT-010-710,RESEARCH,EP-IND-02704
NET-02705,2026-01-01 06:27:25+00:00,0,IOMT-036,S-IOMT-036-711,LAB_RESULTS,EP-IND-02705
NET-02706,2026-01-01 06:27:26+00:00,0,IOMT-016,S-IOMT-016-712,LAB_RESULTS,EP-IND-02706
NET-02707,2026-01-01 06:27:35+00:00,0,IOMT-018,S-IOMT-018-713,EHR_WRITE,EP-IND-02707
NET-02708,2026-01-01 06:27:38+00:00,0,IOMT-034,S-IOMT-034-714,LAB_RESULTS,EP-IND-02708
NET-02709,2026-01-01 06:27:49+00:00,0,IOMT-048,S-IOMT-048-715,IMAGING,EP-IND-02709
NET-02710,2026-01-01 06:28:07+00:00,0,IOMT-030,S-IOMT-030-716,LAB_RESULTS,EP-IND-02710
NET-02711,2026-01-01 06:28:15+00:00,0,IOMT-010,S-IOMT-010-717,RESEARCH,EP-IND-02711
NET-02712,2026-01-01 06:28:25+00:00,0,IOMT-023,S-IOMT-023-718,LAB_RESULTS,EP-IND-02712
NET-02713,2026-01-01 06:28:30+00:00,0,IOMT-007,S-IOMT-007-719,EHR_WRITE,EP-IND-02713
NET-02714,2026-01-01 06:28:39+00:00,0,IOMT-010,S-IOMT-010-720,IMAGING,EP-IND-02714
NET-02715,2026-01-01 06:28:39+00:00,0,IOMT-039,S-IOMT-039-721,EHR_WRITE,EP-IND-02715
NET-02716,2026-01-01 06:28:46+00:00,0,IOMT-019,S-IOMT-019-722,EHR_READ,EP-IND-02716
NET-02717,2026-01-01 06:28:48+00:00,0,IOMT-027,S-IOMT-027-723,EHR_READ,EP-IND-02717
NET-02718,2026-01-01 06:28:51+00:00,0,IOMT-036,S-IOMT-036-724,RESEARCH,EP-IND-02718
NET-02719,2026-01-01 06:29:04+00:00,0,IOMT-043,S-IOMT-043-725,RESEARCH,EP-IND-02719
NET-02720,2026-01-01 06:29:12+00:00,1,IOMT-031,S-IOMT-031-726,RESEARCH,EP-IND-02720
NET-02721,2026-01-01 06:29:20+00:00,0,IOMT-023,S-IOMT-023-727,EHR_WRITE,EP-IND-02721
NET-02722,2026-01-01 06:29:21+00:00,0,IOMT-003,S-IOMT-003-728,EHR_WRITE,EP-IND-02722
NET-02723,2026-01-01 06:29:32+00:00,0,IOMT-034,S-IOMT-034-729,LAB_RESULTS,EP-IND-02723
NET-02724,2026-01-01 06:29:34+00:00,0,IOMT-009,S-IOMT-009-730,EHR_READ,EP-IND-02724
NET-02725,2026-01-01 06:29:40+00:00,0,IOMT-046,S-IOMT-046-731,EHR_WRITE,EP-IND-02725
NET-02726,2026-01-01 06:29:46+00:00,0,IOMT-006,S-IOMT-006-732,EHR_READ,EP-IND-02726
NET-02727,2026-01-01 06:29:47+00:00,0,IOMT-026,S-IOMT-026-733,IMAGING,EP-IND-02727
NET-02728,2026-01-01 06:29:48+00:00,0,IOMT-010,S-IOMT-010-734,LAB_RESULTS,EP-IND-02728
NET-02729,2026-01-01 06:29:54+00:00,0,IOMT-020,S-IOMT-020-735,EHR_READ,EP-IND-02729
NET-02730,2026-01-01 06:29:59+00:00,0,IOMT-011,S-IOMT-011-736,EHR_READ,EP-IND-02730
NET-02731,2026-01-01 06:30:01+00:00,0,IOMT-006,S-IOMT-006-737,EHR_WRITE,EP-IND-02731
NET-02732,2026-01-01 06:30:08+00:00,0,IOMT-010,S-IOMT-010-738,EHR_READ,EP-IND-02732
NET-02733,2026-01-01 06:30:10+00:00,0,IOMT-010,S-IOMT-010-739,EHR_WRITE,EP-IND-02733
NET-02734,2026-01-01 06:30:10+00:00,0,IOMT-011,S-IOMT-011-740,LAB_RESULTS,EP-IND-02734
NET-02735,2026-01-01 06:30:21+00:00,0,IOMT-038,S-IOMT-038-741,EHR_WRITE,EP-IND-02735
NET-02736,2026-01-01 06:30:25+00:00,0,IOMT-027,S-IOMT-027-742,EHR_WRITE,EP-IND-02736
NET-02737,2026-01-01 06:30:37+00:00,0,IOMT-028,S-IOMT-028-743,RESEARCH,EP-IND-02737
NET-02738,2026-01-01 06:30:40+00:00,0,IOMT-049,S-IOMT-049-744,EHR_WRITE,EP-IND-02738
NET-02739,2026-01-01 06:30:50+00:00,0,IOMT-048,S-IOMT-048-745,LAB_RESULTS,EP-IND-02739
NET-02740,2026-01-01 06:30:56+00:00,0,IOMT-039,S-IOMT-039-746,RESEARCH,EP-IND-02740
NET-02741,2026-01-01 06:30:58+00:00,0,IOMT-041,S-IOMT-041-747,EHR_READ,EP-IND-02741
NET-02742,2026-01-01 06:30:59+00:00,0,IOMT-014,S-IOMT-014-748,EHR_WRITE,EP-IND-02742
NET-02743,2026-01-01 06:31:03+00:00,0,IOMT-034,S-IOMT-034-749,LAB_RESULTS,EP-IND-02743
NET-02744,2026-01-01 06:31:12+00:00,1,IOMT-005,S-IOMT-005-750,IMAGING,EP-IND-02744
NET-02745,2026-01-01 06:31:19+00:00,0,IOMT-005,S-IOMT-005-751,EHR_WRITE,EP-IND-02745
NET-02746,2026-01-01 06:31:43+00:00,1,IOMT-001,S-IOMT-001-752,EHR_READ,EP-IND-02746
NET-02747,2026-01-01 06:31:59+00:00,0,IOMT-029,S-IOMT-029-753,IMAGING,EP-IND-02747
NET-02748,2026-01-01 06:32:04+00:00,0,IOMT-004,S-IOMT-004-754,RESEARCH,EP-IND-02748
NET-02749,2026-01-01 06:32:08+00:00,0,IOMT-016,S-IOMT-016-755,EHR_READ,EP-IND-02749
NET-02750,2026-01-01 06:32:25+00:00,0,IOMT-041,S-IOMT-041-756,EHR_WRITE,EP-IND-02750
NET-02751,2026-01-01 06:32:28+00:00,0,IOMT-034,S-IOMT-034-757,IMAGING,EP-IND-02751
NET-02752,2026-01-01 06:32:33+00:00,0,IOMT-012,S-IOMT-012-758,EHR_WRITE,EP-IND-02752
NET-02753,2026-01-01 06:32:34+00:00,1,IOMT-034,S-IOMT-034-759,EHR_WRITE,EP-IND-02753
NET-02754,2026-01-01 06:33:02+00:00,0,IOMT-024,S-IOMT-024-760,LAB_RESULTS,EP-IND-02754
NET-02755,2026-01-01 06:33:12+00:00,0,IOMT-031,S-IOMT-031-761,IMAGING,EP-IND-02755
NET-02756,2026-01-01 06:33:20+00:00,0,IOMT-009,S-IOMT-009-762,RESEARCH,EP-IND-02756
NET-02757,2026-01-01 06:33:31+00:00,0,IOMT-049,S-IOMT-049-763,RESEARCH,EP-IND-02757
NET-02758,2026-01-01 06:33:36+00:00,0,IOMT-019,S-IOMT-019-764,EHR_READ,EP-IND-02758
NET-02759,2026-01-01 06:33:37+00:00,0,IOMT-047,S-IOMT-047-765,RESEARCH,EP-IND-02759
NET-02760,2026-01-01 06:33:38+00:00,0,IOMT-022,S-IOMT-022-766,RESEARCH,EP-IND-02760
NET-02761,2026-01-01 06:34:10+00:00,0,IOMT-037,S-IOMT-037-767,EHR_WRITE,EP-IND-02761
NET-02762,2026-01-01 06:34:16+00:00,0,IOMT-011,S-IOMT-011-768,IMAGING,EP-IND-02762
NET-02763,2026-01-01 06:34:23+00:00,0,IOMT-006,S-IOMT-006-769,IMAGING,EP-IND-02763
NET-02764,2026-01-01 06:34:39+00:00,0,IOMT-021,S-IOMT-021-770,EHR_READ,EP-IND-02764
NET-02765,2026-01-01 06:34:41+00:00,0,IOMT-039,S-IOMT-039-771,EHR_WRITE,EP-IND-02765
NET-02766,2026-01-01 06:34:43+00:00,0,IOMT-006,S-IOMT-006-772,LAB_RESULTS,EP-IND-02766
NET-02767,2026-01-01 06:35:01+00:00,0,IOMT-046,S-IOMT-046-773,EHR_WRITE,EP-IND-02767
NET-02768,2026-01-01 06:35:03+00:00,0,IOMT-026,S-IOMT-026-774,LAB_RESULTS,EP-IND-02768
NET-02769,2026-01-01 06:35:04+00:00,0,IOMT-037,S-IOMT-037-775,LAB_RESULTS,EP-IND-02769
NET-02770,2026-01-01 06:35:05+00:00,0,IOMT-033,S-IOMT-033-776,IMAGING,EP-IND-02770
NET-02771,2026-01-01 06:35:06+00:00,0,IOMT-039,S-IOMT-039-777,EHR_WRITE,EP-IND-02771
NET-02772,2026-01-01 06:35:11+00:00,0,IOMT-007,S-IOMT-007-778,IMAGING,EP-IND-02772
NET-02773,2026-01-01 06:35:16+00:00,0,IOMT-019,S-IOMT-019-779,LAB_RESULTS,EP-IND-02773
NET-02774,2026-01-01 06:35:29+00:00,0,IOMT-018,S-IOMT-018-780,EHR_WRITE,EP-IND-02774
NET-02775,2026-01-01 06:35:37+00:00,0,IOMT-018,S-IOMT-018-781,LAB_RESULTS,EP-IND-02775
NET-02776,2026-01-01 06:35:46+00:00,0,IOMT-000,S-IOMT-000-782,EHR_READ,EP-IND-02776
NET-02777,2026-01-01 06:35:52+00:00,0,IOMT-004,S-IOMT-004-783,IMAGING,EP-IND-02777
NET-02778,2026-01-01 06:36:21+00:00,0,IOMT-025,S-IOMT-025-784,IMAGING,EP-IND-02778
NET-02779,2026-01-01 06:36:36+00:00,1,IOMT-031,S-IOMT-031-785,LAB_RESULTS,EP-IND-02779
NET-02780,2026-01-01 06:37:06+00:00,0,IOMT-007,S-IOMT-007-786,LAB_RESULTS,EP-IND-02780
NET-02781,2026-01-01 06:37:10+00:00,0,IOMT-032,S-IOMT-032-787,EHR_READ,EP-IND-02781
NET-02782,2026-01-01 06:37:11+00:00,0,IOMT-003,S-IOMT-003-788,EHR_WRITE,EP-IND-02782
NET-02783,2026-01-01 06:37:22+00:00,0,IOMT-020,S-IOMT-020-789,LAB_RESULTS,EP-IND-02783
NET-02784,2026-01-01 06:37:23+00:00,0,IOMT-028,S-IOMT-028-790,EHR_WRITE,EP-IND-02784
NET-02785,2026-01-01 06:37:29+00:00,0,IOMT-001,S-IOMT-001-791,EHR_WRITE,EP-IND-02785
NET-02786,2026-01-01 06:37:31+00:00,0,IOMT-034,S-IOMT-034-792,RESEARCH,EP-IND-02786
NET-02787,2026-01-01 06:38:19+00:00,0,IOMT-049,S-IOMT-049-793,EHR_READ,EP-IND-02787
NET-02788,2026-01-01 06:38:25+00:00,0,IOMT-022,S-IOMT-022-794,IMAGING,EP-IND-02788
NET-02789,2026-01-01 06:38:50+00:00,0,IOMT-016,S-IOMT-016-795,EHR_READ,EP-IND-02789
NET-02790,2026-01-01 06:38:51+00:00,0,IOMT-013,S-IOMT-013-796,IMAGING,EP-IND-02790
NET-02791,2026-01-01 06:39:14+00:00,0,IOMT-007,S-IOMT-007-797,LAB_RESULTS,EP-IND-02791
NET-02792,2026-01-01 06:39:21+00:00,0,IOMT-026,S-IOMT-026-798,EHR_WRITE,EP-IND-02792
NET-02793,2026-01-01 06:39:59+00:00,0,IOMT-018,S-IOMT-018-799,RESEARCH,EP-IND-02793
NET-02794,2026-01-01 06:39:59+00:00,0,IOMT-040,S-IOMT-040-800,EHR_WRITE,EP-IND-02794
NET-02795,2026-01-01 06:40:00+00:00,0,IOMT-038,S-IOMT-038-801,RESEARCH,EP-IND-02795
NET-02796,2026-01-01 06:40:18+00:00,0,IOMT-008,S-IOMT-008-802,IMAGING,EP-IND-02796
NET-02797,2026-01-01 06:40:20+00:00,0,IOMT-039,S-IOMT-039-803,EHR_READ,EP-IND-02797
NET-02798,2026-01-01 06:40:31+00:00,0,IOMT-038,S-IOMT-038-804,RESEARCH,EP-IND-02798
NET-02799,2026-01-01 06:40:37+00:00,0,IOMT-022,S-IOMT-022-805,EHR_READ,EP-IND-02799
NET-02800,2026-01-01 06:40:44+00:00,0,IOMT-018,S-IOMT-018-806,RESEARCH,EP-IND-02800
NET-02801,2026-01-01 06:40:55+00:00,0,IOMT-000,S-IOMT-000-807,IMAGING,EP-IND-02801
NET-02802,2026-01-01 06:41:26+00:00,0,IOMT-049,S-IOMT-049-808,IMAGING,EP-IND-02802
NET-02803,2026-01-01 06:41:34+00:00,0,IOMT-025,S-IOMT-025-809,EHR_READ,EP-IND-02803
NET-02804,2026-01-01 06:41:37+00:00,0,IOMT-017,S-IOMT-017-810,LAB_RESULTS,EP-IND-02804
NET-02805,2026-01-01 06:41:50+00:00,0,IOMT-032,S-IOMT-032-811,LAB_RESULTS,EP-IND-02805
NET-02806,2026-01-01 06:41:51+00:00,0,IOMT-007,S-IOMT-007-812,RESEARCH,EP-IND-02806
NET-02807,2026-01-01 06:42:08+00:00,0,IOMT-030,S-IOMT-030-813,EHR_WRITE,EP-IND-02807
NET-02808,2026-01-01 06:42:11+00:00,0,IOMT-045,S-IOMT-045-814,LAB_RESULTS,EP-IND-02808
NET-02809,2026-01-01 06:42:28+00:00,0,IOMT-022,S-IOMT-022-815,LAB_RESULTS,EP-IND-02809
NET-02810,2026-01-01 06:42:29+00:00,1,IOMT-038,S-IOMT-038-816,EHR_READ,EP-IND-02810
NET-02811,2026-01-01 06:42:30+00:00,0,IOMT-049,S-IOMT-049-817,LAB_RESULTS,EP-IND-02811
NET-02812,2026-01-01 06:42:44+00:00,0,IOMT-009,S-IOMT-009-818,EHR_WRITE,EP-IND-02812
NET-02813,2026-01-01 06:42:44+00:00,0,IOMT-030,S-IOMT-030-819,IMAGING,EP-IND-02813
NET-02814,2026-01-01 06:42:51+00:00,0,IOMT-045,S-IOMT-045-820,IMAGING,EP-IND-02814
NET-02815,2026-01-01 06:42:53+00:00,0,IOMT-024,S-IOMT-024-821,IMAGING,EP-IND-02815
NET-02816,2026-01-01 06:42:55+00:00,0,IOMT-023,S-IOMT-023-822,EHR_WRITE,EP-IND-02816
NET-02817,2026-01-01 06:43:00+00:00,0,IOMT-023,S-IOMT-023-823,EHR_READ,EP-IND-02817
NET-02818,2026-01-01 06:43:09+00:00,0,IOMT-009,S-IOMT-009-824,RESEARCH,EP-IND-02818
NET-02819,2026-01-01 06:43:20+00:00,0,IOMT-018,S-IOMT-018-825,RESEARCH,EP-IND-02819
NET-02820,2026-01-01 06:43:20+00:00,0,IOMT-017,S-IOMT-017-826,EHR_WRITE,EP-IND-02820
NET-02821,2026-01-01 06:43:23+00:00,0,IOMT-031,S-IOMT-031-827,LAB_RESULTS,EP-IND-02821
NET-02822,2026-01-01 06:43:23+00:00,0,IOMT-035,S-IOMT-035-828,EHR_READ,EP-IND-02822
NET-02823,2026-01-01 06:43:58+00:00,0,IOMT-021,S-IOMT-021-829,IMAGING,EP-IND-02823
NET-02824,2026-01-01 06:44:04+00:00,0,IOMT-034,S-IOMT-034-830,IMAGING,EP-IND-02824
NET-02825,2026-01-01 06:44:07+00:00,0,IOMT-038,S-IOMT-038-831,IMAGING,EP-IND-02825
NET-02826,2026-01-01 06:44:22+00:00,0,IOMT-007,S-IOMT-007-832,RESEARCH,EP-IND-02826
NET-02827,2026-01-01 06:44:31+00:00,0,IOMT-017,S-IOMT-017-833,LAB_RESULTS,EP-IND-02827
NET-02828,2026-01-01 06:44:37+00:00,0,IOMT-004,S-IOMT-004-834,EHR_WRITE,EP-IND-02828
NET-02829,2026-01-01 06:44:41+00:00,0,IOMT-000,S-IOMT-000-835,EHR_READ,EP-IND-02829
NET-02830,2026-01-01 06:45:17+00:00,0,IOMT-022,S-IOMT-022-836,EHR_READ,EP-IND-02830
NET-02831,2026-01-01 06:45:18+00:00,0,IOMT-014,S-IOMT-014-837,EHR_WRITE,EP-IND-02831
NET-02832,2026-01-01 06:45:21+00:00,0,IOMT-044,S-IOMT-044-838,EHR_READ,EP-IND-02832
NET-02833,2026-01-01 06:45:38+00:00,0,IOMT-015,S-IOMT-015-839,RESEARCH,EP-IND-02833
NET-02834,2026-01-01 06:45:48+00:00,0,IOMT-027,S-IOMT-027-840,RESEARCH,EP-IND-02834
NET-02835,2026-01-01 06:45:56+00:00,0,IOMT-023,S-IOMT-023-841,EHR_WRITE,EP-IND-02835
NET-02836,2026-01-01 06:45:56+00:00,0,IOMT-036,S-IOMT-036-842,RESEARCH,EP-IND-02836
NET-02837,2026-01-01 06:45:58+00:00,0,IOMT-004,S-IOMT-004-843,EHR_READ,EP-IND-02837
NET-02838,2026-01-01 06:46:25+00:00,0,IOMT-042,S-IOMT-042-844,LAB_RESULTS,EP-IND-02838
NET-02839,2026-01-01 06:46:31+00:00,0,IOMT-026,S-IOMT-026-845,IMAGING,EP-IND-02839
NET-02840,2026-01-01 06:46:46+00:00,0,IOMT-025,S-IOMT-025-846,IMAGING,EP-IND-02840
NET-02841,2026-01-01 06:46:59+00:00,0,IOMT-022,S-IOMT-022-847,EHR_WRITE,EP-IND-02841
NET-02842,2026-01-01 06:47:15+00:00,0,IOMT-003,S-IOMT-003-848,EHR_WRITE,EP-IND-02842
NET-02843,2026-01-01 06:47:22+00:00,0,IOMT-004,S-IOMT-004-849,EHR_READ,EP-IND-02843
NET-02844,2026-01-01 06:47:22+00:00,1,IOMT-042,S-IOMT-042-850,EHR_WRITE,EP-IND-02844
NET-02845,2026-01-01 06:47:33+00:00,0,IOMT-036,S-IOMT-036-851,EHR_WRITE,EP-IND-02845
NET-02846,2026-01-01 06:47:37+00:00,0,IOMT-000,S-IOMT-000-852,IMAGING,EP-IND-02846
NET-02847,2026-01-01 06:47:41+00:00,0,IOMT-034,S-IOMT-034-853,LAB_RESULTS,EP-IND-02847
NET-02848,2026-01-01 06:47:56+00:00,0,IOMT-038,S-IOMT-038-854,EHR_READ,EP-IND-02848
NET-02849,2026-01-01 06:47:59+00:00,1,IOMT-048,S-IOMT-048-855,LAB_RESULTS,EP-IND-02849
NET-02850,2026-01-01 06:48:01+00:00,0,IOMT-018,S-IOMT-018-856,IMAGING,EP-IND-02850
NET-02851,2026-01-01 06:48:06+00:00,0,IOMT-045,S-IOMT-045-857,EHR_WRITE,EP-IND-02851
NET-02852,2026-01-01 06:48:13+00:00,0,IOMT-018,S-IOMT-018-858,RESEARCH,EP-IND-02852
NET-02853,2026-01-01 06:48:23+00:00,0,IOMT-045,S-IOMT-045-859,EHR_READ,EP-IND-02853
NET-02854,2026-01-01 06:48:26+00:00,0,IOMT-039,S-IOMT-039-860,EHR_WRITE,EP-IND-02854
NET-02855,2026-01-01 06:48:33+00:00,0,IOMT-049,S-IOMT-049-861,LAB_RESULTS,EP-IND-02855
NET-02856,2026-01-01 06:48:39+00:00,0,IOMT-014,S-IOMT-014-862,RESEARCH,EP-IND-02856
NET-02857,2026-01-01 06:48:46+00:00,0,IOMT-036,S-IOMT-036-863,RESEARCH,EP-IND-02857
NET-02858,2026-01-01 06:48:56+00:00,0,IOMT-044,S-IOMT-044-864,RESEARCH,EP-IND-02858
NET-02859,2026-01-01 06:49:01+00:00,0,IOMT-029,S-IOMT-029-865,IMAGING,EP-IND-02859
NET-02860,2026-01-01 06:49:01+00:00,0,IOMT-005,S-IOMT-005-866,EHR_WRITE,EP-IND-02860
NET-02861,2026-01-01 06:49:10+00:00,0,IOMT-044,S-IOMT-044-867,RESEARCH,EP-IND-02861
NET-02862,2026-01-01 06:49:28+00:00,0,IOMT-021,S-IOMT-021-868,RESEARCH,EP-IND-02862
NET-02863,2026-01-01 06:49:30+00:00,1,IOMT-024,S-IOMT-024-869,IMAGING,EP-IND-02863
NET-02864,2026-01-01 06:49:44+00:00,1,IOMT-026,S-IOMT-026-870,RESEARCH,EP-IND-02864
NET-02865,2026-01-01 06:50:12+00:00,0,IOMT-027,S-IOMT-027-871,RESEARCH,EP-IND-02865
NET-02866,2026-01-01 06:50:12+00:00,0,IOMT-010,S-IOMT-010-872,EHR_READ,EP-IND-02866
NET-02867,2026-01-01 06:50:28+00:00,0,IOMT-047,S-IOMT-047-873,LAB_RESULTS,EP-IND-02867
NET-02868,2026-01-01 06:50:29+00:00,1,IOMT-044,S-IOMT-044-874,RESEARCH,EP-IND-02868
NET-02869,2026-01-01 06:50:29+00:00,0,IOMT-029,S-IOMT-029-875,RESEARCH,EP-IND-02869
NET-02870,2026-01-01 06:50:31+00:00,0,IOMT-002,S-IOMT-002-876,LAB_RESULTS,EP-IND-02870
NET-02871,2026-01-01 06:50:45+00:00,0,IOMT-026,S-IOMT-026-877,RESEARCH,EP-IND-02871
NET-02872,2026-01-01 06:51:06+00:00,0,IOMT-033,S-IOMT-033-878,EHR_READ,EP-IND-02872
NET-02873,2026-01-01 06:51:15+00:00,0,IOMT-019,S-IOMT-019-879,EHR_WRITE,EP-IND-02873
NET-02874,2026-01-01 06:51:24+00:00,0,IOMT-034,S-IOMT-034-880,EHR_READ,EP-IND-02874
NET-02875,2026-01-01 06:51:38+00:00,0,IOMT-002,S-IOMT-002-881,LAB_RESULTS,EP-IND-02875
NET-02876,2026-01-01 06:51:51+00:00,0,IOMT-024,S-IOMT-024-882,LAB_RESULTS,EP-IND-02876
NET-02877,2026-01-01 06:51:54+00:00,0,IOMT-046,S-IOMT-046-883,EHR_WRITE,EP-IND-02877
NET-02878,2026-01-01 06:51:58+00:00,0,IOMT-004,S-IOMT-004-884,EHR_READ,EP-IND-02878
NET-02879,2026-01-01 06:52:06+00:00,0,IOMT-047,S-IOMT-047-885,RESEARCH,EP-IND-02879
NET-02880,2026-01-01 06:52:26+00:00,0,IOMT-032,S-IOMT-032-886,RESEARCH,EP-IND-02880
NET-02881,2026-01-01 06:52:41+00:00,0,IOMT-024,S-IOMT-024-887,EHR_READ,EP-IND-02881
NET-02882,2026-01-01 06:52:41+00:00,0,IOMT-041,S-IOMT-041-888,LAB_RESULTS,EP-IND-02882
NET-02883,2026-01-01 06:52:47+00:00,0,IOMT-024,S-IOMT-024-889,EHR_WRITE,EP-IND-02883
NET-02884,2026-01-01 06:52:49+00:00,0,IOMT-001,S-IOMT-001-890,IMAGING,EP-IND-02884
NET-02885,2026-01-01 06:52:51+00:00,0,IOMT-004,S-IOMT-004-891,LAB_RESULTS,EP-IND-02885
NET-02886,2026-01-01 06:53:03+00:00,0,IOMT-027,S-IOMT-027-892,LAB_RESULTS,EP-IND-02886
NET-02887,2026-01-01 06:53:04+00:00,0,IOMT-023,S-IOMT-023-893,EHR_WRITE,EP-IND-02887
NET-02888,2026-01-01 06:53:32+00:00,0,IOMT-029,S-IOMT-029-894,EHR_WRITE,EP-IND-02888
NET-02889,2026-01-01 06:53:39+00:00,0,IOMT-019,S-IOMT-019-895,LAB_RESULTS,EP-IND-02889
NET-02890,2026-01-01 06:53:56+00:00,0,IOMT-043,S-IOMT-043-896,LAB_RESULTS,EP-IND-02890
NET-02891,2026-01-01 06:54:01+00:00,0,IOMT-044,S-IOMT-044-897,RESEARCH,EP-IND-02891
NET-02892,2026-01-01 06:54:28+00:00,0,IOMT-017,S-IOMT-017-898,IMAGING,EP-IND-02892
NET-02893,2026-01-01 06:54:41+00:00,0,IOMT-023,S-IOMT-023-899,RESEARCH,EP-IND-02893
NET-02894,2026-01-01 06:54:45+00:00,1,IOMT-049,S-IOMT-049-900,IMAGING,EP-IND-02894
NET-02895,2026-01-01 06:54:45+00:00,0,IOMT-027,S-IOMT-027-901,EHR_WRITE,EP-IND-02895
NET-02896,2026-01-01 06:54:46+00:00,0,IOMT-043,S-IOMT-043-902,RESEARCH,EP-IND-02896
NET-02897,2026-01-01 06:54:47+00:00,0,IOMT-030,S-IOMT-030-903,LAB_RESULTS,EP-IND-02897
NET-02898,2026-01-01 06:54:50+00:00,0,IOMT-009,S-IOMT-009-904,EHR_WRITE,EP-IND-02898
NET-02899,2026-01-01 06:55:17+00:00,0,IOMT-006,S-IOMT-006-905,EHR_WRITE,EP-IND-02899
NET-02900,2026-01-01 06:55:20+00:00,0,IOMT-045,S-IOMT-045-906,LAB_RESULTS,EP-IND-02900
NET-02901,2026-01-01 06:55:23+00:00,1,IOMT-025,S-IOMT-025-907,EHR_WRITE,EP-IND-02901
NET-02902,2026-01-01 06:55:35+00:00,0,IOMT-011,S-IOMT-011-908,EHR_READ,EP-IND-02902
NET-02903,2026-01-01 06:55:43+00:00,0,IOMT-002,S-IOMT-002-909,EHR_WRITE,EP-IND-02903
NET-02904,2026-01-01 06:55:43+00:00,0,IOMT-017,S-IOMT-017-910,EHR_READ,EP-IND-02904
NET-02905,2026-01-01 06:55:46+00:00,0,IOMT-039,S-IOMT-039-911,EHR_WRITE,EP-IND-02905
NET-02906,2026-01-01 06:55:47+00:00,1,IOMT-005,S-IOMT-005-912,EHR_WRITE,EP-IND-02906
NET-02907,2026-01-01 06:55:52+00:00,0,IOMT-039,S-IOMT-039-913,LAB_RESULTS,EP-IND-02907
NET-02908,2026-01-01 06:55:56+00:00,0,IOMT-047,S-IOMT-047-914,EHR_WRITE,EP-IND-02908
NET-02909,2026-01-01 06:55:58+00:00,0,IOMT-048,S-IOMT-048-915,LAB_RESULTS,EP-IND-02909
NET-02910,2026-01-01 06:55:59+00:00,0,IOMT-003,S-IOMT-003-916,RESEARCH,EP-IND-02910
NET-02911,2026-01-01 06:56:34+00:00,0,IOMT-025,S-IOMT-025-917,IMAGING,EP-IND-02911
NET-02912,2026-01-01 06:56:37+00:00,0,IOMT-038,S-IOMT-038-918,LAB_RESULTS,EP-IND-02912
NET-02913,2026-01-01 06:56:57+00:00,0,IOMT-003,S-IOMT-003-919,EHR_READ,EP-IND-02913
NET-02914,2026-01-01 06:56:58+00:00,0,IOMT-007,S-IOMT-007-920,EHR_READ,EP-IND-02914
NET-02915,2026-01-01 06:56:59+00:00,0,IOMT-013,S-IOMT-013-921,RESEARCH,EP-IND-02915
NET-02916,2026-01-01 06:57:01+00:00,0,IOMT-037,S-IOMT-037-922,LAB_RESULTS,EP-IND-02916
NET-02917,2026-01-01 06:57:07+00:00,0,IOMT-024,S-IOMT-024-923,IMAGING,EP-IND-02917
NET-02918,2026-01-01 06:57:09+00:00,0,IOMT-028,S-IOMT-028-924,LAB_RESULTS,EP-IND-02918
NET-02919,2026-01-01 06:57:19+00:00,0,IOMT-020,S-IOMT-020-925,RESEARCH,EP-IND-02919
NET-02920,2026-01-01 06:57:44+00:00,0,IOMT-040,S-IOMT-040-926,EHR_WRITE,EP-IND-02920
NET-02921,2026-01-01 06:57:49+00:00,0,IOMT-004,S-IOMT-004-927,RESEARCH,EP-IND-02921
NET-02922,2026-01-01 06:57:57+00:00,0,IOMT-021,S-IOMT-021-928,LAB_RESULTS,EP-IND-02922
NET-02923,2026-01-01 06:58:04+00:00,0,IOMT-013,S-IOMT-013-929,RESEARCH,EP-IND-02923
NET-02924,2026-01-01 06:58:04+00:00,0,IOMT-041,S-IOMT-041-930,LAB_RESULTS,EP-IND-02924
NET-02925,2026-01-01 06:58:22+00:00,0,IOMT-037,S-IOMT-037-931,EHR_WRITE,EP-IND-02925
NET-02926,2026-01-01 06:58:41+00:00,0,IOMT-036,S-IOMT-036-932,LAB_RESULTS,EP-IND-02926
NET-02927,2026-01-01 06:58:42+00:00,0,IOMT-009,S-IOMT-009-933,IMAGING,EP-IND-02927
NET-02928,2026-01-01 06:58:45+00:00,0,IOMT-001,S-IOMT-001-934,EHR_READ,EP-IND-02928
NET-02929,2026-01-01 06:58:47+00:00,0,IOMT-021,S-IOMT-021-935,LAB_RESULTS,EP-IND-02929
NET-02930,2026-01-01 06:59:04+00:00,0,IOMT-032,S-IOMT-032-936,EHR_WRITE,EP-IND-02930
NET-02931,2026-01-01 06:59:08+00:00,0,IOMT-021,S-IOMT-021-937,EHR_READ,EP-IND-02931
NET-02932,2026-01-01 06:59:40+00:00,0,IOMT-022,S-IOMT-022-938,LAB_RESULTS,EP-IND-02932
NET-02933,2026-01-01 06:59:46+00:00,0,IOMT-039,S-IOMT-039-939,IMAGING,EP-IND-02933
NET-02934,2026-01-01 07:00:00+00:00,0,IOMT-008,S-IOMT-008-940,EHR_WRITE,EP-IND-02934
NET-02935,2026-01-01 07:00:10+00:00,0,IOMT-011,S-IOMT-011-941,EHR_READ,EP-IND-02935
NET-02936,2026-01-01 07:00:11+00:00,0,IOMT-030,S-IOMT-030-942,EHR_WRITE,EP-IND-02936
NET-02937,2026-01-01 07:00:17+00:00,0,IOMT-028,S-IOMT-028-943,LAB_RESULTS,EP-IND-02937
NET-02938,2026-01-01 07:00:22+00:00,0,IOMT-046,S-IOMT-046-944,IMAGING,EP-IND-02938
NET-02939,2026-01-01 07:00:24+00:00,0,IOMT-033,S-IOMT-033-945,EHR_READ,EP-IND-02939
NET-02940,2026-01-01 07:00:37+00:00,0,IOMT-010,S-IOMT-010-946,RESEARCH,EP-IND-02940
NET-02941,2026-01-01 07:00:49+00:00,0,IOMT-005,S-IOMT-005-947,EHR_READ,EP-IND-02941
NET-02942,2026-01-01 07:00:56+00:00,0,IOMT-033,S-IOMT-033-948,IMAGING,EP-IND-02942
NET-02943,2026-01-01 07:00:59+00:00,0,IOMT-029,S-IOMT-029-949,RESEARCH,EP-IND-02943
NET-02944,2026-01-01 07:01:08+00:00,0,IOMT-043,S-IOMT-043-950,EHR_WRITE,EP-IND-02944
NET-02945,2026-01-01 07:01:10+00:00,0,IOMT-034,S-IOMT-034-951,IMAGING,EP-IND-02945
NET-02946,2026-01-01 07:01:11+00:00,0,IOMT-043,S-IOMT-043-952,EHR_WRITE,EP-IND-02946
NET-02947,2026-01-01 07:01:18+00:00,0,IOMT-017,S-IOMT-017-953,LAB_RESULTS,EP-IND-02947
NET-02948,2026-01-01 07:01:19+00:00,0,IOMT-016,S-IOMT-016-954,IMAGING,EP-IND-02948
NET-02949,2026-01-01 07:01:20+00:00,0,IOMT-020,S-IOMT-020-955,RESEARCH,EP-IND-02949
NET-02950,2026-01-01 07:01:37+00:00,0,IOMT-003,S-IOMT-003-956,IMAGING,EP-IND-02950
NET-02951,2026-01-01 07:01:59+00:00,0,IOMT-045,S-IOMT-045-957,EHR_WRITE,EP-IND-02951
NET-02952,2026-01-01 07:02:02+00:00,0,IOMT-044,S-IOMT-044-958,EHR_READ,EP-IND-02952
NET-02953,2026-01-01 07:02:02+00:00,0,IOMT-001,S-IOMT-001-959,LAB_RESULTS,EP-IND-02953
NET-02954,2026-01-01 07:02:09+00:00,0,IOMT-007,S-IOMT-007-960,RESEARCH,EP-IND-02954
NET-02955,2026-01-01 07:02:23+00:00,0,IOMT-014,S-IOMT-014-961,IMAGING,EP-IND-02955
NET-02956,2026-01-01 07:02:40+00:00,0,IOMT-043,S-IOMT-043-962,IMAGING,EP-IND-02956
NET-02957,2026-01-01 07:02:53+00:00,0,IOMT-029,S-IOMT-029-963,IMAGING,EP-IND-02957
NET-02958,2026-01-01 07:02:54+00:00,0,IOMT-047,S-IOMT-047-964,RESEARCH,EP-IND-02958
NET-02959,2026-01-01 07:03:02+00:00,0,IOMT-006,S-IOMT-006-965,RESEARCH,EP-IND-02959
NET-02960,2026-01-01 07:03:12+00:00,0,IOMT-030,S-IOMT-030-966,EHR_WRITE,EP-IND-02960
NET-02961,2026-01-01 07:03:17+00:00,0,IOMT-006,S-IOMT-006-967,RESEARCH,EP-IND-02961
NET-02962,2026-01-01 07:03:23+00:00,0,IOMT-001,S-IOMT-001-968,EHR_READ,EP-IND-02962
NET-02963,2026-01-01 07:03:24+00:00,0,IOMT-038,S-IOMT-038-969,RESEARCH,EP-IND-02963
NET-02964,2026-01-01 07:03:36+00:00,0,IOMT-043,S-IOMT-043-970,RESEARCH,EP-IND-02964
NET-02965,2026-01-01 07:03:37+00:00,0,IOMT-017,S-IOMT-017-971,RESEARCH,EP-IND-02965
NET-02966,2026-01-01 07:03:41+00:00,0,IOMT-020,S-IOMT-020-972,IMAGING,EP-IND-02966
NET-02967,2026-01-01 07:03:42+00:00,0,IOMT-019,S-IOMT-019-973,LAB_RESULTS,EP-IND-02967
NET-02968,2026-01-01 07:03:53+00:00,0,IOMT-025,S-IOMT-025-974,IMAGING,EP-IND-02968
NET-02969,2026-01-01 07:04:21+00:00,0,IOMT-015,S-IOMT-015-975,IMAGING,EP-IND-02969
NET-02970,2026-01-01 07:04:36+00:00,0,IOMT-045,S-IOMT-045-976,IMAGING,EP-IND-02970
NET-02971,2026-01-01 07:04:40+00:00,0,IOMT-013,S-IOMT-013-977,RESEARCH,EP-IND-02971
NET-02972,2026-01-01 07:04:40+00:00,0,IOMT-040,S-IOMT-040-978,EHR_READ,EP-IND-02972
NET-02973,2026-01-01 07:04:50+00:00,0,IOMT-049,S-IOMT-049-979,RESEARCH,EP-IND-02973
NET-02974,2026-01-01 07:04:51+00:00,0,IOMT-036,S-IOMT-036-980,EHR_WRITE,EP-IND-02974
NET-02975,2026-01-01 07:04:59+00:00,0,IOMT-026,S-IOMT-026-981,LAB_RESULTS,EP-IND-02975
NET-02976,2026-01-01 07:04:59+00:00,0,IOMT-014,S-IOMT-014-982,EHR_READ,EP-IND-02976
NET-02977,2026-01-01 07:05:09+00:00,0,IOMT-028,S-IOMT-028-983,IMAGING,EP-IND-02977
NET-02978,2026-01-01 07:05:12+00:00,0,IOMT-005,S-IOMT-005-984,RESEARCH,EP-IND-02978
NET-02979,2026-01-01 07:05:37+00:00,1,IOMT-015,S-IOMT-015-985,LAB_RESULTS,EP-IND-02979
NET-02980,2026-01-01 07:06:08+00:00,0,IOMT-030,S-IOMT-030-986,LAB_RESULTS,EP-IND-02980
NET-02981,2026-01-01 07:06:17+00:00,0,IOMT-036,S-IOMT-036-987,EHR_READ,EP-IND-02981
NET-02982,2026-01-01 07:06:29+00:00,0,IOMT-011,S-IOMT-011-988,EHR_WRITE,EP-IND-02982
NET-02983,2026-01-01 07:06:32+00:00,0,IOMT-027,S-IOMT-027-989,LAB_RESULTS,EP-IND-02983
NET-02984,2026-01-01 07:06:43+00:00,1,IOMT-034,S-IOMT-034-990,LAB_RESULTS,EP-IND-02984
NET-02985,2026-01-01 07:06:48+00:00,0,IOMT-028,S-IOMT-028-991,EHR_READ,EP-IND-02985
NET-02986,2026-01-01 07:07:04+00:00,0,IOMT-007,S-IOMT-007-992,LAB_RESULTS,EP-IND-02986
NET-02987,2026-01-01 07:07:10+00:00,0,IOMT-044,S-IOMT-044-993,IMAGING,EP-IND-02987
NET-02988,2026-01-01 07:07:18+00:00,0,IOMT-049,S-IOMT-049-994,EHR_READ,EP-IND-02988
NET-02989,2026-01-01 07:07:31+00:00,0,IOMT-029,S-IOMT-029-995,EHR_WRITE,EP-IND-02989
NET-02990,2026-01-01 07:07:43+00:00,0,IOMT-034,S-IOMT-034-996,LAB_RESULTS,EP-IND-02990
NET-02991,2026-01-01 07:07:49+00:00,0,IOMT-014,S-IOMT-014-0,EHR_WRITE,EP-IND-02991
NET-02992,2026-01-01 07:07:51+00:00,0,IOMT-014,S-IOMT-014-1,RESEARCH,EP-IND-02992
NET-02993,2026-01-01 07:08:01+00:00,0,IOMT-044,S-IOMT-044-2,EHR_READ,EP-IND-02993
NET-02994,2026-01-01 07:08:22+00:00,0,IOMT-016,S-IOMT-016-3,IMAGING,EP-IND-02994
NET-02995,2026-01-01 07:08:26+00:00,0,IOMT-032,S-IOMT-032-4,EHR_READ,EP-IND-02995
NET-02996,2026-01-01 07:08:29+00:00,0,IOMT-023,S-IOMT-023-5,RESEARCH,EP-IND-02996
NET-02997,2026-01-01 07:08:44+00:00,0,IOMT-002,S-IOMT-002-6,LAB_RESULTS,EP-IND-02997
NET-02998,2026-01-01 07:09:04+00:00,0,IOMT-013,S-IOMT-013-7,RESEARCH,EP-IND-02998
NET-02999,2026-01-01 07:09:18+00:00,0,IOMT-047,S-IOMT-047-8,RESEARCH,EP-IND-02999
NET-03000,2026-01-01 07:09:20+00:00,0,IOMT-011,S-IOMT-011-9,IMAGING,EP-IND-03000
NET-03001,2026-01-01 07:09:21+00:00,0,IOMT-014,S-IOMT-014-10,EHR_READ,EP-IND-03001
NET-03002,2026-01-01 07:09:32+00:00,0,IOMT-042,S-IOMT-042-11,EHR_READ,EP-IND-03002
NET-03003,2026-01-01 07:09:36+00:00,0,IOMT-020,S-IOMT-020-12,EHR_READ,EP-IND-03003
NET-03004,2026-01-01 07:09:39+00:00,0,IOMT-022,S-IOMT-022-13,EHR_WRITE,EP-IND-03004
NET-03005,2026-01-01 07:09:43+00:00,0,IOMT-035,S-IOMT-035-14,LAB_RESULTS,EP-IND-03005
NET-03006,2026-01-01 07:09:45+00:00,0,IOMT-001,S-IOMT-001-15,LAB_RESULTS,EP-IND-03006
NET-03007,2026-01-01 07:09:50+00:00,0,IOMT-016,S-IOMT-016-16,EHR_WRITE,EP-IND-03007
NET-03008,2026-01-01 07:10:30+00:00,0,IOMT-049,S-IOMT-049-17,EHR_WRITE,EP-IND-03008
NET-03009,2026-01-01 07:10:30+00:00,0,IOMT-039,S-IOMT-039-18,RESEARCH,EP-IND-03009
NET-03010,2026-01-01 07:10:49+00:00,0,IOMT-047,S-IOMT-047-19,EHR_READ,EP-IND-03010
NET-03011,2026-01-01 07:10:58+00:00,0,IOMT-011,S-IOMT-011-20,RESEARCH,EP-IND-03011
NET-03012,2026-01-01 07:11:04+00:00,0,IOMT-019,S-IOMT-019-21,RESEARCH,EP-IND-03012
NET-03013,2026-01-01 07:11:05+00:00,0,IOMT-030,S-IOMT-030-22,EHR_READ,EP-IND-03013
NET-03014,2026-01-01 07:11:14+00:00,0,IOMT-016,S-IOMT-016-23,EHR_WRITE,EP-IND-03014
NET-03015,2026-01-01 07:11:34+00:00,0,IOMT-021,S-IOMT-021-24,EHR_READ,EP-IND-03015
NET-03016,2026-01-01 07:11:35+00:00,0,IOMT-006,S-IOMT-006-25,EHR_READ,EP-IND-03016
NET-03017,2026-01-01 07:11:39+00:00,1,IOMT-027,S-IOMT-027-26,EHR_WRITE,EP-IND-03017
NET-03018,2026-01-01 07:11:57+00:00,0,IOMT-006,S-IOMT-006-27,LAB_RESULTS,EP-IND-03018
NET-03019,2026-01-01 07:12:00+00:00,0,IOMT-008,S-IOMT-008-28,EHR_READ,EP-IND-03019
NET-03020,2026-01-01 07:12:05+00:00,0,IOMT-045,S-IOMT-045-29,RESEARCH,EP-IND-03020
NET-03021,2026-01-01 07:12:10+00:00,0,IOMT-018,S-IOMT-018-30,EHR_READ,EP-IND-03021
NET-03022,2026-01-01 07:12:11+00:00,0,IOMT-040,S-IOMT-040-31,IMAGING,EP-IND-03022
NET-03023,2026-01-01 07:12:16+00:00,0,IOMT-025,S-IOMT-025-32,LAB_RESULTS,EP-IND-03023
NET-03024,2026-01-01 07:12:17+00:00,0,IOMT-042,S-IOMT-042-33,RESEARCH,EP-IND-03024
NET-03025,2026-01-01 07:12:29+00:00,0,IOMT-017,S-IOMT-017-34,EHR_READ,EP-IND-03025
NET-03026,2026-01-01 07:12:45+00:00,0,IOMT-041,S-IOMT-041-35,EHR_WRITE,EP-IND-03026
NET-03027,2026-01-01 07:12:51+00:00,0,IOMT-024,S-IOMT-024-36,EHR_READ,EP-IND-03027
NET-03028,2026-01-01 07:12:53+00:00,0,IOMT-037,S-IOMT-037-37,LAB_RESULTS,EP-IND-03028
NET-03029,2026-01-01 07:12:58+00:00,0,IOMT-006,S-IOMT-006-38,LAB_RESULTS,EP-IND-03029
NET-03030,2026-01-01 07:13:00+00:00,0,IOMT-013,S-IOMT-013-39,LAB_RESULTS,EP-IND-03030
NET-03031,2026-01-01 07:13:25+00:00,0,IOMT-011,S-IOMT-011-40,EHR_WRITE,EP-IND-03031
NET-03032,2026-01-01 07:13:49+00:00,0,IOMT-024,S-IOMT-024-41,IMAGING,EP-IND-03032
NET-03033,2026-01-01 07:14:11+00:00,0,IOMT-001,S-IOMT-001-42,EHR_READ,EP-IND-03033
NET-03034,2026-01-01 07:14:42+00:00,0,IOMT-022,S-IOMT-022-43,EHR_WRITE,EP-IND-03034
NET-03035,2026-01-01 07:14:53+00:00,0,IOMT-037,S-IOMT-037-44,LAB_RESULTS,EP-IND-03035
NET-03036,2026-01-01 07:15:15+00:00,0,IOMT-024,S-IOMT-024-45,LAB_RESULTS,EP-IND-03036
NET-03037,2026-01-01 07:15:21+00:00,0,IOMT-028,S-IOMT-028-46,EHR_READ,EP-IND-03037
NET-03038,2026-01-01 07:15:26+00:00,0,IOMT-017,S-IOMT-017-47,EHR_READ,EP-IND-03038
NET-03039,2026-01-01 07:15:30+00:00,0,IOMT-036,S-IOMT-036-48,EHR_WRITE,EP-IND-03039
NET-03040,2026-01-01 07:15:31+00:00,0,IOMT-025,S-IOMT-025-49,EHR_READ,EP-IND-03040
NET-03041,2026-01-01 07:15:35+00:00,0,IOMT-024,S-IOMT-024-50,EHR_READ,EP-IND-03041
NET-03042,2026-01-01 07:15:35+00:00,0,IOMT-023,S-IOMT-023-51,EHR_WRITE,EP-IND-03042
NET-03043,2026-01-01 07:15:44+00:00,0,IOMT-027,S-IOMT-027-52,EHR_READ,EP-IND-03043
NET-03044,2026-01-01 07:15:46+00:00,0,IOMT-000,S-IOMT-000-53,LAB_RESULTS,EP-IND-03044
NET-03045,2026-01-01 07:16:06+00:00,1,IOMT-020,S-IOMT-020-54,RESEARCH,EP-IND-03045
NET-03046,2026-01-01 07:16:06+00:00,0,IOMT-009,S-IOMT-009-55,RESEARCH,EP-IND-03046
NET-03047,2026-01-01 07:16:16+00:00,1,IOMT-038,S-IOMT-038-56,IMAGING,EP-IND-03047
NET-03048,2026-01-01 07:16:23+00:00,0,IOMT-035,S-IOMT-035-57,IMAGING,EP-IND-03048
NET-03049,2026-01-01 07:16:28+00:00,0,IOMT-014,S-IOMT-014-58,IMAGING,EP-IND-03049
NET-03050,2026-01-01 07:16:28+00:00,0,IOMT-031,S-IOMT-031-59,IMAGING,EP-IND-03050
NET-03051,2026-01-01 07:16:36+00:00,0,IOMT-042,S-IOMT-042-60,EHR_READ,EP-IND-03051
NET-03052,2026-01-01 07:16:47+00:00,0,IOMT-041,S-IOMT-041-61,LAB_RESULTS,EP-IND-03052
NET-03053,2026-01-01 07:16:51+00:00,0,IOMT-038,S-IOMT-038-62,EHR_WRITE,EP-IND-03053
NET-03054,2026-01-01 07:16:56+00:00,0,IOMT-004,S-IOMT-004-63,EHR_READ,EP-IND-03054
NET-03055,2026-01-01 07:17:00+00:00,0,IOMT-008,S-IOMT-008-64,RESEARCH,EP-IND-03055
NET-03056,2026-01-01 07:17:07+00:00,0,IOMT-014,S-IOMT-014-65,IMAGING,EP-IND-03056
NET-03057,2026-01-01 07:17:13+00:00,0,IOMT-012,S-IOMT-012-66,IMAGING,EP-IND-03057
NET-03058,2026-01-01 07:17:20+00:00,0,IOMT-031,S-IOMT-031-67,EHR_READ,EP-IND-03058
NET-03059,2026-01-01 07:17:28+00:00,0,IOMT-001,S-IOMT-001-68,EHR_WRITE,EP-IND-03059
NET-03060,2026-01-01 07:17:29+00:00,0,IOMT-007,S-IOMT-007-69,EHR_WRITE,EP-IND-03060
NET-03061,2026-01-01 07:17:36+00:00,0,IOMT-031,S-IOMT-031-70,EHR_WRITE,EP-IND-03061
NET-03062,2026-01-01 07:17:46+00:00,0,IOMT-002,S-IOMT-002-71,EHR_READ,EP-IND-03062
NET-03063,2026-01-01 07:17:50+00:00,0,IOMT-018,S-IOMT-018-72,RESEARCH,EP-IND-03063
NET-03064,2026-01-01 07:18:04+00:00,0,IOMT-016,S-IOMT-016-73,RESEARCH,EP-IND-03064
NET-03065,2026-01-01 07:18:22+00:00,0,IOMT-009,S-IOMT-009-74,EHR_WRITE,EP-IND-03065
NET-03066,2026-01-01 07:18:26+00:00,0,IOMT-033,S-IOMT-033-75,EHR_READ,EP-IND-03066
NET-03067,2026-01-01 07:18:34+00:00,0,IOMT-034,S-IOMT-034-76,IMAGING,EP-IND-03067
NET-03068,2026-01-01 07:19:03+00:00,0,IOMT-032,S-IOMT-032-77,IMAGING,EP-IND-03068
NET-03069,2026-01-01 07:19:28+00:00,0,IOMT-045,S-IOMT-045-78,EHR_WRITE,EP-IND-03069
NET-03070,2026-01-01 07:19:30+00:00,1,IOMT-032,S-IOMT-032-79,EHR_READ,EP-IND-03070
NET-03071,2026-01-01 07:19:47+00:00,0,IOMT-036,S-IOMT-036-80,EHR_READ,EP-IND-03071
NET-03072,2026-01-01 07:19:51+00:00,0,IOMT-034,S-IOMT-034-81,RESEARCH,EP-IND-03072
NET-03073,2026-01-01 07:19:58+00:00,0,IOMT-014,S-IOMT-014-82,LAB_RESULTS,EP-IND-03073
NET-03074,2026-01-01 07:20:04+00:00,0,IOMT-041,S-IOMT-041-83,EHR_WRITE,EP-IND-03074
NET-03075,2026-01-01 07:20:09+00:00,0,IOMT-019,S-IOMT-019-84,LAB_RESULTS,EP-IND-03075
NET-03076,2026-01-01 07:20:14+00:00,0,IOMT-044,S-IOMT-044-85,LAB_RESULTS,EP-IND-03076
NET-03077,2026-01-01 07:20:16+00:00,0,IOMT-025,S-IOMT-025-86,RESEARCH,EP-IND-03077
NET-03078,2026-01-01 07:20:31+00:00,0,IOMT-017,S-IOMT-017-87,RESEARCH,EP-IND-03078
NET-03079,2026-01-01 07:20:35+00:00,0,IOMT-026,S-IOMT-026-88,LAB_RESULTS,EP-IND-03079
NET-03080,2026-01-01 07:20:38+00:00,0,IOMT-013,S-IOMT-013-89,RESEARCH,EP-IND-03080
NET-03081,2026-01-01 07:20:42+00:00,0,IOMT-045,S-IOMT-045-90,IMAGING,EP-IND-03081
NET-03082,2026-01-01 07:20:47+00:00,0,IOMT-041,S-IOMT-041-91,IMAGING,EP-IND-03082
NET-03083,2026-01-01 07:21:15+00:00,0,IOMT-006,S-IOMT-006-92,LAB_RESULTS,EP-IND-03083
NET-03084,2026-01-01 07:21:19+00:00,0,IOMT-012,S-IOMT-012-93,EHR_READ,EP-IND-03084
NET-03085,2026-01-01 07:21:24+00:00,0,IOMT-021,S-IOMT-021-94,IMAGING,EP-IND-03085
NET-03086,2026-01-01 07:21:27+00:00,0,IOMT-013,S-IOMT-013-95,IMAGING,EP-IND-03086
NET-03087,2026-01-01 07:21:33+00:00,0,IOMT-048,S-IOMT-048-96,IMAGING,EP-IND-03087
NET-03088,2026-01-01 07:21:45+00:00,0,IOMT-023,S-IOMT-023-97,EHR_READ,EP-IND-03088
NET-03089,2026-01-01 07:21:50+00:00,0,IOMT-019,S-IOMT-019-98,EHR_WRITE,EP-IND-03089
NET-03090,2026-01-01 07:22:03+00:00,0,IOMT-041,S-IOMT-041-99,LAB_RESULTS,EP-IND-03090
NET-03091,2026-01-01 07:22:05+00:00,0,IOMT-014,S-IOMT-014-100,LAB_RESULTS,EP-IND-03091
NET-03092,2026-01-01 07:22:06+00:00,0,IOMT-034,S-IOMT-034-101,LAB_RESULTS,EP-IND-03092
NET-03093,2026-01-01 07:22:09+00:00,0,IOMT-024,S-IOMT-024-102,IMAGING,EP-IND-03093
NET-03094,2026-01-01 07:22:12+00:00,0,IOMT-040,S-IOMT-040-103,LAB_RESULTS,EP-IND-03094
NET-03095,2026-01-01 07:22:44+00:00,0,IOMT-031,S-IOMT-031-104,EHR_READ,EP-IND-03095
NET-03096,2026-01-01 07:22:45+00:00,0,IOMT-032,S-IOMT-032-105,IMAGING,EP-IND-03096
NET-03097,2026-01-01 07:22:45+00:00,0,IOMT-038,S-IOMT-038-106,EHR_WRITE,EP-IND-03097
NET-03098,2026-01-01 07:22:47+00:00,0,IOMT-020,S-IOMT-020-107,RESEARCH,EP-IND-03098
NET-03099,2026-01-01 07:23:03+00:00,0,IOMT-013,S-IOMT-013-108,IMAGING,EP-IND-03099
NET-03100,2026-01-01 07:23:16+00:00,0,IOMT-001,S-IOMT-001-109,RESEARCH,EP-IND-03100
NET-03101,2026-01-01 07:23:39+00:00,0,IOMT-047,S-IOMT-047-110,EHR_WRITE,EP-IND-03101
NET-03102,2026-01-01 07:23:43+00:00,0,IOMT-007,S-IOMT-007-111,EHR_WRITE,EP-IND-03102
NET-03103,2026-01-01 07:23:51+00:00,0,IOMT-006,S-IOMT-006-112,RESEARCH,EP-IND-03103
NET-03104,2026-01-01 07:24:14+00:00,0,IOMT-023,S-IOMT-023-113,RESEARCH,EP-IND-03104
NET-03105,2026-01-01 07:24:18+00:00,0,IOMT-042,S-IOMT-042-114,RESEARCH,EP-IND-03105
NET-03106,2026-01-01 07:24:23+00:00,0,IOMT-014,S-IOMT-014-115,IMAGING,EP-IND-03106
NET-03107,2026-01-01 07:24:30+00:00,0,IOMT-003,S-IOMT-003-116,EHR_WRITE,EP-IND-03107
NET-03108,2026-01-01 07:24:53+00:00,0,IOMT-017,S-IOMT-017-117,IMAGING,EP-IND-03108
NET-03109,2026-01-01 07:24:54+00:00,0,IOMT-020,S-IOMT-020-118,IMAGING,EP-IND-03109
NET-03110,2026-01-01 07:25:02+00:00,0,IOMT-039,S-IOMT-039-119,IMAGING,EP-IND-03110
NET-03111,2026-01-01 07:25:02+00:00,0,IOMT-012,S-IOMT-012-120,EHR_READ,EP-IND-03111
NET-03112,2026-01-01 07:25:04+00:00,0,IOMT-026,S-IOMT-026-121,EHR_WRITE,EP-IND-03112
NET-03113,2026-01-01 07:25:16+00:00,0,IOMT-015,S-IOMT-015-122,IMAGING,EP-IND-03113
NET-03114,2026-01-01 07:25:19+00:00,0,IOMT-027,S-IOMT-027-123,LAB_RESULTS,EP-IND-03114
NET-03115,2026-01-01 07:25:22+00:00,0,IOMT-031,S-IOMT-031-124,LAB_RESULTS,EP-IND-03115
NET-03116,2026-01-01 07:25:34+00:00,0,IOMT-027,S-IOMT-027-125,IMAGING,EP-IND-03116
NET-03117,2026-01-01 07:25:47+00:00,0,IOMT-040,S-IOMT-040-126,EHR_WRITE,EP-IND-03117
NET-03118,2026-01-01 07:25:49+00:00,0,IOMT-042,S-IOMT-042-127,EHR_READ,EP-IND-03118
NET-03119,2026-01-01 07:26:01+00:00,0,IOMT-011,S-IOMT-011-128,EHR_WRITE,EP-IND-03119
NET-03120,2026-01-01 07:26:02+00:00,0,IOMT-008,S-IOMT-008-129,LAB_RESULTS,EP-IND-03120
NET-03121,2026-01-01 07:26:08+00:00,0,IOMT-025,S-IOMT-025-130,EHR_READ,EP-IND-03121
NET-03122,2026-01-01 07:26:09+00:00,0,IOMT-046,S-IOMT-046-131,EHR_WRITE,EP-IND-03122
NET-03123,2026-01-01 07:26:12+00:00,0,IOMT-034,S-IOMT-034-132,EHR_WRITE,EP-IND-03123
NET-03124,2026-01-01 07:26:18+00:00,0,IOMT-006,S-IOMT-006-133,EHR_READ,EP-IND-03124
NET-03125,2026-01-01 07:26:39+00:00,0,IOMT-001,S-IOMT-001-134,LAB_RESULTS,EP-IND-03125
NET-03126,2026-01-01 07:27:06+00:00,0,IOMT-016,S-IOMT-016-135,EHR_READ,EP-IND-03126
NET-03127,2026-01-01 07:27:14+00:00,0,IOMT-009,S-IOMT-009-136,EHR_WRITE,EP-IND-03127
NET-03128,2026-01-01 07:27:18+00:00,0,IOMT-031,S-IOMT-031-137,LAB_RESULTS,EP-IND-03128
NET-03129,2026-01-01 07:27:24+00:00,0,IOMT-019,S-IOMT-019-138,LAB_RESULTS,EP-IND-03129
NET-03130,2026-01-01 07:27:29+00:00,0,IOMT-012,S-IOMT-012-139,RESEARCH,EP-IND-03130
NET-03131,2026-01-01 07:27:46+00:00,0,IOMT-012,S-IOMT-012-140,EHR_READ,EP-IND-03131
NET-03132,2026-01-01 07:27:59+00:00,0,IOMT-046,S-IOMT-046-141,EHR_READ,EP-IND-03132
NET-03133,2026-01-01 07:28:01+00:00,0,IOMT-047,S-IOMT-047-142,EHR_WRITE,EP-IND-03133
NET-03134,2026-01-01 07:28:09+00:00,0,IOMT-030,S-IOMT-030-143,IMAGING,EP-IND-03134
NET-03135,2026-01-01 07:28:15+00:00,0,IOMT-030,S-IOMT-030-144,LAB_RESULTS,EP-IND-03135
NET-03136,2026-01-01 07:28:29+00:00,0,IOMT-003,S-IOMT-003-145,EHR_READ,EP-IND-03136
NET-03137,2026-01-01 07:28:43+00:00,1,IOMT-011,S-IOMT-011-146,IMAGING,EP-IND-03137
NET-03138,2026-01-01 07:28:45+00:00,0,IOMT-015,S-IOMT-015-147,LAB_RESULTS,EP-IND-03138
NET-03139,2026-01-01 07:28:48+00:00,0,IOMT-042,S-IOMT-042-148,LAB_RESULTS,EP-IND-03139
NET-03140,2026-01-01 07:28:55+00:00,0,IOMT-036,S-IOMT-036-149,RESEARCH,EP-IND-03140
NET-03141,2026-01-01 07:29:12+00:00,0,IOMT-016,S-IOMT-016-150,LAB_RESULTS,EP-IND-03141
NET-03142,2026-01-01 07:29:31+00:00,0,IOMT-037,S-IOMT-037-151,LAB_RESULTS,EP-IND-03142
NET-03143,2026-01-01 07:29:35+00:00,0,IOMT-047,S-IOMT-047-152,EHR_READ,EP-IND-03143
NET-03144,2026-01-01 07:29:36+00:00,0,IOMT-039,S-IOMT-039-153,LAB_RESULTS,EP-IND-03144
NET-03145,2026-01-01 07:29:46+00:00,0,IOMT-001,S-IOMT-001-154,IMAGING,EP-IND-03145
NET-03146,2026-01-01 07:29:47+00:00,0,IOMT-018,S-IOMT-018-155,LAB_RESULTS,EP-IND-03146
NET-03147,2026-01-01 07:29:57+00:00,0,IOMT-028,S-IOMT-028-156,RESEARCH,EP-IND-03147
NET-03148,2026-01-01 07:29:59+00:00,0,IOMT-023,S-IOMT-023-157,IMAGING,EP-IND-03148
NET-03149,2026-01-01 07:30:02+00:00,0,IOMT-018,S-IOMT-018-158,RESEARCH,EP-IND-03149
NET-03150,2026-01-01 07:30:02+00:00,0,IOMT-035,S-IOMT-035-159,EHR_READ,EP-IND-03150
NET-03151,2026-01-01 07:30:04+00:00,0,IOMT-034,S-IOMT-034-160,RESEARCH,EP-IND-03151
NET-03152,2026-01-01 07:30:30+00:00,0,IOMT-043,S-IOMT-043-161,RESEARCH,EP-IND-03152
NET-03153,2026-01-01 07:30:32+00:00,0,IOMT-015,S-IOMT-015-162,EHR_WRITE,EP-IND-03153
NET-03154,2026-01-01 07:30:37+00:00,0,IOMT-020,S-IOMT-020-163,EHR_WRITE,EP-IND-03154
NET-03155,2026-01-01 07:30:41+00:00,0,IOMT-019,S-IOMT-019-164,EHR_WRITE,EP-IND-03155
NET-03156,2026-01-01 07:30:56+00:00,0,IOMT-035,S-IOMT-035-165,RESEARCH,EP-IND-03156
NET-03157,2026-01-01 07:31:01+00:00,0,IOMT-008,S-IOMT-008-166,IMAGING,EP-IND-03157
NET-03158,2026-01-01 07:31:02+00:00,0,IOMT-007,S-IOMT-007-167,LAB_RESULTS,EP-IND-03158
NET-03159,2026-01-01 07:31:17+00:00,0,IOMT-012,S-IOMT-012-168,RESEARCH,EP-IND-03159
NET-03160,2026-01-01 07:31:22+00:00,0,IOMT-016,S-IOMT-016-169,EHR_WRITE,EP-IND-03160
NET-03161,2026-01-01 07:31:41+00:00,0,IOMT-005,S-IOMT-005-170,EHR_WRITE,EP-IND-03161
NET-03162,2026-01-01 07:31:52+00:00,0,IOMT-035,S-IOMT-035-171,LAB_RESULTS,EP-IND-03162
NET-03163,2026-01-01 07:31:55+00:00,0,IOMT-039,S-IOMT-039-172,IMAGING,EP-IND-03163
NET-03164,2026-01-01 07:32:03+00:00,0,IOMT-020,S-IOMT-020-173,EHR_READ,EP-IND-03164
NET-03165,2026-01-01 07:32:21+00:00,0,IOMT-032,S-IOMT-032-174,EHR_WRITE,EP-IND-03165
NET-03166,2026-01-01 07:32:52+00:00,0,IOMT-036,S-IOMT-036-175,EHR_READ,EP-IND-03166
NET-03167,2026-01-01 07:33:04+00:00,0,IOMT-009,S-IOMT-009-176,IMAGING,EP-IND-03167
NET-03168,2026-01-01 07:33:12+00:00,0,IOMT-028,S-IOMT-028-177,IMAGING,EP-IND-03168
NET-03169,2026-01-01 07:33:16+00:00,0,IOMT-014,S-IOMT-014-178,LAB_RESULTS,EP-IND-03169
NET-03170,2026-01-01 07:33:18+00:00,0,IOMT-007,S-IOMT-007-179,IMAGING,EP-IND-03170
NET-03171,2026-01-01 07:33:20+00:00,0,IOMT-013,S-IOMT-013-180,IMAGING,EP-IND-03171
NET-03172,2026-01-01 07:33:51+00:00,0,IOMT-042,S-IOMT-042-181,RESEARCH,EP-IND-03172
NET-03173,2026-01-01 07:34:01+00:00,0,IOMT-043,S-IOMT-043-182,LAB_RESULTS,EP-IND-03173
NET-03174,2026-01-01 07:34:03+00:00,0,IOMT-009,S-IOMT-009-183,LAB_RESULTS,EP-IND-03174
NET-03175,2026-01-01 07:34:08+00:00,0,IOMT-028,S-IOMT-028-184,IMAGING,EP-IND-03175
NET-03176,2026-01-01 07:34:08+00:00,0,IOMT-008,S-IOMT-008-185,IMAGING,EP-IND-03176
NET-03177,2026-01-01 07:34:11+00:00,0,IOMT-015,S-IOMT-015-186,EHR_WRITE,EP-IND-03177
NET-03178,2026-01-01 07:34:22+00:00,0,IOMT-043,S-IOMT-043-187,EHR_WRITE,EP-IND-03178
NET-03179,2026-01-01 07:34:58+00:00,0,IOMT-038,S-IOMT-038-188,EHR_READ,EP-IND-03179
NET-03180,2026-01-01 07:35:05+00:00,0,IOMT-033,S-IOMT-033-189,EHR_READ,EP-IND-03180
NET-03181,2026-01-01 07:35:06+00:00,0,IOMT-026,S-IOMT-026-190,LAB_RESULTS,EP-IND-03181
NET-03182,2026-01-01 07:35:11+00:00,0,IOMT-040,S-IOMT-040-191,RESEARCH,EP-IND-03182
NET-03183,2026-01-01 07:35:14+00:00,0,IOMT-018,S-IOMT-018-192,IMAGING,EP-IND-03183
NET-03184,2026-01-01 07:35:16+00:00,0,IOMT-001,S-IOMT-001-193,EHR_WRITE,EP-IND-03184
NET-03185,2026-01-01 07:35:23+00:00,0,IOMT-049,S-IOMT-049-194,IMAGING,EP-IND-03185
NET-03186,2026-01-01 07:35:54+00:00,0,IOMT-044,S-IOMT-044-195,IMAGING,EP-IND-03186
NET-03187,2026-01-01 07:36:04+00:00,0,IOMT-014,S-IOMT-014-196,RESEARCH,EP-IND-03187
NET-03188,2026-01-01 07:36:06+00:00,1,IOMT-020,S-IOMT-020-197,EHR_READ,EP-IND-03188
NET-03189,2026-01-01 07:36:19+00:00,0,IOMT-036,S-IOMT-036-198,LAB_RESULTS,EP-IND-03189
NET-03190,2026-01-01 07:36:19+00:00,1,IOMT-013,S-IOMT-013-199,IMAGING,EP-IND-03190
NET-03191,2026-01-01 07:36:25+00:00,0,IOMT-000,S-IOMT-000-200,RESEARCH,EP-IND-03191
NET-03192,2026-01-01 07:36:27+00:00,0,IOMT-033,S-IOMT-033-201,LAB_RESULTS,EP-IND-03192
NET-03193,2026-01-01 07:36:48+00:00,0,IOMT-048,S-IOMT-048-202,RESEARCH,EP-IND-03193
NET-03194,2026-01-01 07:36:59+00:00,0,IOMT-025,S-IOMT-025-203,LAB_RESULTS,EP-IND-03194
NET-03195,2026-01-01 07:37:05+00:00,0,IOMT-025,S-IOMT-025-204,EHR_WRITE,EP-IND-03195
NET-03196,2026-01-01 07:37:24+00:00,0,IOMT-005,S-IOMT-005-205,LAB_RESULTS,EP-IND-03196
NET-03197,2026-01-01 07:37:24+00:00,0,IOMT-001,S-IOMT-001-206,EHR_WRITE,EP-IND-03197
NET-03198,2026-01-01 07:37:27+00:00,0,IOMT-010,S-IOMT-010-207,EHR_WRITE,EP-IND-03198
NET-03199,2026-01-01 07:37:41+00:00,1,IOMT-010,S-IOMT-010-208,RESEARCH,EP-IND-03199
NET-03200,2026-01-01 07:37:44+00:00,0,IOMT-019,S-IOMT-019-209,IMAGING,EP-IND-03200
NET-03201,2026-01-01 07:37:44+00:00,0,IOMT-040,S-IOMT-040-210,IMAGING,EP-IND-03201
NET-03202,2026-01-01 07:37:44+00:00,0,IOMT-048,S-IOMT-048-211,EHR_READ,EP-IND-03202
NET-03203,2026-01-01 07:37:49+00:00,0,IOMT-030,S-IOMT-030-212,IMAGING,EP-IND-03203
NET-03204,2026-01-01 07:37:53+00:00,0,IOMT-029,S-IOMT-029-213,IMAGING,EP-IND-03204
NET-03205,2026-01-01 07:37:53+00:00,0,IOMT-017,S-IOMT-017-214,IMAGING,EP-IND-03205
NET-03206,2026-01-01 07:37:57+00:00,0,IOMT-001,S-IOMT-001-215,RESEARCH,EP-IND-03206
NET-03207,2026-01-01 07:38:29+00:00,0,IOMT-023,S-IOMT-023-216,IMAGING,EP-IND-03207
NET-03208,2026-01-01 07:38:41+00:00,0,IOMT-038,S-IOMT-038-217,IMAGING,EP-IND-03208
NET-03209,2026-01-01 07:38:49+00:00,0,IOMT-021,S-IOMT-021-218,EHR_WRITE,EP-IND-03209
NET-03210,2026-01-01 07:39:24+00:00,0,IOMT-043,S-IOMT-043-219,LAB_RESULTS,EP-IND-03210
NET-03211,2026-01-01 07:39:24+00:00,0,IOMT-042,S-IOMT-042-220,EHR_READ,EP-IND-03211
NET-03212,2026-01-01 07:39:45+00:00,0,IOMT-015,S-IOMT-015-221,IMAGING,EP-IND-03212
NET-03213,2026-01-01 07:39:52+00:00,0,IOMT-008,S-IOMT-008-222,IMAGING,EP-IND-03213
NET-03214,2026-01-01 07:39:53+00:00,0,IOMT-002,S-IOMT-002-223,EHR_WRITE,EP-IND-03214
NET-03215,2026-01-01 07:39:55+00:00,0,IOMT-033,S-IOMT-033-224,IMAGING,EP-IND-03215
NET-03216,2026-01-01 07:40:19+00:00,0,IOMT-026,S-IOMT-026-225,LAB_RESULTS,EP-IND-03216
NET-03217,2026-01-01 07:40:36+00:00,0,IOMT-022,S-IOMT-022-226,EHR_WRITE,EP-IND-03217
NET-03218,2026-01-01 07:40:48+00:00,0,IOMT-008,S-IOMT-008-227,EHR_WRITE,EP-IND-03218
NET-03219,2026-01-01 07:40:58+00:00,0,IOMT-019,S-IOMT-019-228,LAB_RESULTS,EP-IND-03219
NET-03220,2026-01-01 07:41:01+00:00,0,IOMT-006,S-IOMT-006-229,LAB_RESULTS,EP-IND-03220
NET-03221,2026-01-01 07:41:07+00:00,0,IOMT-009,S-IOMT-009-230,EHR_READ,EP-IND-03221
NET-03222,2026-01-01 07:41:10+00:00,0,IOMT-035,S-IOMT-035-231,EHR_READ,EP-IND-03222
NET-03223,2026-01-01 07:41:21+00:00,0,IOMT-006,S-IOMT-006-232,IMAGING,EP-IND-03223
NET-03224,2026-01-01 07:41:43+00:00,0,IOMT-030,S-IOMT-030-233,RESEARCH,EP-IND-03224
NET-03225,2026-01-01 07:41:48+00:00,0,IOMT-022,S-IOMT-022-234,RESEARCH,EP-IND-03225
NET-03226,2026-01-01 07:41:48+00:00,0,IOMT-032,S-IOMT-032-235,LAB_RESULTS,EP-IND-03226
NET-03227,2026-01-01 07:41:56+00:00,0,IOMT-031,S-IOMT-031-236,EHR_READ,EP-IND-03227
NET-03228,2026-01-01 07:41:59+00:00,0,IOMT-028,S-IOMT-028-237,EHR_WRITE,EP-IND-03228
NET-03229,2026-01-01 07:42:11+00:00,0,IOMT-006,S-IOMT-006-238,LAB_RESULTS,EP-IND-03229
NET-03230,2026-01-01 07:42:29+00:00,0,IOMT-049,S-IOMT-049-239,RESEARCH,EP-IND-03230
NET-03231,2026-01-01 07:42:43+00:00,0,IOMT-026,S-IOMT-026-240,EHR_READ,EP-IND-03231
NET-03232,2026-01-01 07:42:50+00:00,0,IOMT-001,S-IOMT-001-241,EHR_WRITE,EP-IND-03232
NET-03233,2026-01-01 07:42:56+00:00,1,IOMT-001,S-IOMT-001-242,RESEARCH,EP-IND-03233
NET-03234,2026-01-01 07:42:58+00:00,0,IOMT-001,S-IOMT-001-243,RESEARCH,EP-IND-03234
NET-03235,2026-01-01 07:43:07+00:00,0,IOMT-005,S-IOMT-005-244,RESEARCH,EP-IND-03235
NET-03236,2026-01-01 07:43:16+00:00,0,IOMT-035,S-IOMT-035-245,RESEARCH,EP-IND-03236
NET-03237,2026-01-01 07:43:26+00:00,0,IOMT-040,S-IOMT-040-246,IMAGING,EP-IND-03237
NET-03238,2026-01-01 07:43:30+00:00,0,IOMT-016,S-IOMT-016-247,RESEARCH,EP-IND-03238
NET-03239,2026-01-01 07:43:37+00:00,1,IOMT-046,S-IOMT-046-248,LAB_RESULTS,EP-IND-03239
NET-03240,2026-01-01 07:43:52+00:00,0,IOMT-036,S-IOMT-036-249,EHR_WRITE,EP-IND-03240
NET-03241,2026-01-01 07:44:04+00:00,0,IOMT-044,S-IOMT-044-250,EHR_READ,EP-IND-03241
NET-03242,2026-01-01 07:44:18+00:00,0,IOMT-025,S-IOMT-025-251,LAB_RESULTS,EP-IND-03242
NET-03243,2026-01-01 07:44:29+00:00,0,IOMT-000,S-IOMT-000-252,LAB_RESULTS,EP-IND-03243
NET-03244,2026-01-01 07:45:03+00:00,0,IOMT-043,S-IOMT-043-253,LAB_RESULTS,EP-IND-03244
NET-03245,2026-01-01 07:45:09+00:00,0,IOMT-025,S-IOMT-025-254,IMAGING,EP-IND-03245
NET-03246,2026-01-01 07:45:12+00:00,0,IOMT-002,S-IOMT-002-255,IMAGING,EP-IND-03246
NET-03247,2026-01-01 07:45:15+00:00,0,IOMT-033,S-IOMT-033-256,LAB_RESULTS,EP-IND-03247
NET-03248,2026-01-01 07:45:17+00:00,0,IOMT-043,S-IOMT-043-257,EHR_WRITE,EP-IND-03248
NET-03249,2026-01-01 07:45:17+00:00,0,IOMT-008,S-IOMT-008-258,LAB_RESULTS,EP-IND-03249
NET-03250,2026-01-01 07:45:23+00:00,0,IOMT-020,S-IOMT-020-259,LAB_RESULTS,EP-IND-03250
NET-03251,2026-01-01 07:45:26+00:00,0,IOMT-008,S-IOMT-008-260,LAB_RESULTS,EP-IND-03251
NET-03252,2026-01-01 07:45:27+00:00,0,IOMT-024,S-IOMT-024-261,EHR_WRITE,EP-IND-03252
NET-03253,2026-01-01 07:45:58+00:00,0,IOMT-039,S-IOMT-039-262,IMAGING,EP-IND-03253
NET-03254,2026-01-01 07:46:10+00:00,0,IOMT-016,S-IOMT-016-263,IMAGING,EP-IND-03254
NET-03255,2026-01-01 07:46:14+00:00,0,IOMT-006,S-IOMT-006-264,EHR_READ,EP-IND-03255
NET-03256,2026-01-01 07:46:24+00:00,0,IOMT-044,S-IOMT-044-265,RESEARCH,EP-IND-03256
NET-03257,2026-01-01 07:46:44+00:00,0,IOMT-005,S-IOMT-005-266,EHR_READ,EP-IND-03257
NET-03258,2026-01-01 07:46:50+00:00,0,IOMT-023,S-IOMT-023-267,EHR_WRITE,EP-IND-03258
NET-03259,2026-01-01 07:46:59+00:00,0,IOMT-025,S-IOMT-025-268,LAB_RESULTS,EP-IND-03259
NET-03260,2026-01-01 07:47:09+00:00,0,IOMT-030,S-IOMT-030-269,LAB_RESULTS,EP-IND-03260
NET-03261,2026-01-01 07:47:10+00:00,0,IOMT-029,S-IOMT-029-270,LAB_RESULTS,EP-IND-03261
NET-03262,2026-01-01 07:47:10+00:00,0,IOMT-007,S-IOMT-007-271,EHR_READ,EP-IND-03262
NET-03263,2026-01-01 07:47:21+00:00,0,IOMT-044,S-IOMT-044-272,LAB_RESULTS,EP-IND-03263
NET-03264,2026-01-01 07:47:24+00:00,0,IOMT-048,S-IOMT-048-273,RESEARCH,EP-IND-03264
NET-03265,2026-01-01 07:47:27+00:00,0,IOMT-018,S-IOMT-018-274,EHR_READ,EP-IND-03265
NET-03266,2026-01-01 07:47:36+00:00,0,IOMT-028,S-IOMT-028-275,IMAGING,EP-IND-03266
NET-03267,2026-01-01 07:47:38+00:00,0,IOMT-034,S-IOMT-034-276,IMAGING,EP-IND-03267
NET-03268,2026-01-01 07:47:39+00:00,0,IOMT-005,S-IOMT-005-277,RESEARCH,EP-IND-03268
NET-03269,2026-01-01 07:47:40+00:00,0,IOMT-047,S-IOMT-047-278,EHR_READ,EP-IND-03269
NET-03270,2026-01-01 07:47:40+00:00,0,IOMT-007,S-IOMT-007-279,EHR_WRITE,EP-IND-03270
NET-03271,2026-01-01 07:47:41+00:00,0,IOMT-004,S-IOMT-004-280,IMAGING,EP-IND-03271
NET-03272,2026-01-01 07:47:42+00:00,0,IOMT-021,S-IOMT-021-281,EHR_WRITE,EP-IND-03272
NET-03273,2026-01-01 07:47:45+00:00,0,IOMT-027,S-IOMT-027-282,RESEARCH,EP-IND-03273
NET-03274,2026-01-01 07:48:04+00:00,0,IOMT-043,S-IOMT-043-283,LAB_RESULTS,EP-IND-03274
NET-03275,2026-01-01 07:48:08+00:00,0,IOMT-016,S-IOMT-016-284,LAB_RESULTS,EP-IND-03275
NET-03276,2026-01-01 07:48:09+00:00,0,IOMT-014,S-IOMT-014-285,RESEARCH,EP-IND-03276
NET-03277,2026-01-01 07:48:17+00:00,0,IOMT-010,S-IOMT-010-286,EHR_READ,EP-IND-03277
NET-03278,2026-01-01 07:48:42+00:00,0,IOMT-047,S-IOMT-047-287,RESEARCH,EP-IND-03278
NET-03279,2026-01-01 07:48:47+00:00,0,IOMT-049,S-IOMT-049-288,EHR_READ,EP-IND-03279
NET-03280,2026-01-01 07:49:10+00:00,0,IOMT-047,S-IOMT-047-289,LAB_RESULTS,EP-IND-03280
NET-03281,2026-01-01 07:49:28+00:00,0,IOMT-000,S-IOMT-000-290,EHR_READ,EP-IND-03281
NET-03282,2026-01-01 07:49:29+00:00,0,IOMT-032,S-IOMT-032-291,LAB_RESULTS,EP-IND-03282
NET-03283,2026-01-01 07:49:45+00:00,0,IOMT-011,S-IOMT-011-292,RESEARCH,EP-IND-03283
NET-03284,2026-01-01 07:49:52+00:00,0,IOMT-012,S-IOMT-012-293,LAB_RESULTS,EP-IND-03284
NET-03285,2026-01-01 07:49:56+00:00,0,IOMT-006,S-IOMT-006-294,RESEARCH,EP-IND-03285
NET-03286,2026-01-01 07:49:59+00:00,0,IOMT-044,S-IOMT-044-295,EHR_READ,EP-IND-03286
NET-03287,2026-01-01 07:50:00+00:00,0,IOMT-036,S-IOMT-036-296,RESEARCH,EP-IND-03287
NET-03288,2026-01-01 07:50:06+00:00,0,IOMT-028,S-IOMT-028-297,EHR_WRITE,EP-IND-03288
NET-03289,2026-01-01 07:50:35+00:00,0,IOMT-047,S-IOMT-047-298,LAB_RESULTS,EP-IND-03289
NET-03290,2026-01-01 07:50:37+00:00,0,IOMT-010,S-IOMT-010-299,IMAGING,EP-IND-03290
NET-03291,2026-01-01 07:50:39+00:00,0,IOMT-042,S-IOMT-042-300,RESEARCH,EP-IND-03291
NET-03292,2026-01-01 07:50:42+00:00,0,IOMT-012,S-IOMT-012-301,RESEARCH,EP-IND-03292
NET-03293,2026-01-01 07:50:55+00:00,0,IOMT-042,S-IOMT-042-302,RESEARCH,EP-IND-03293
NET-03294,2026-01-01 07:50:56+00:00,0,IOMT-019,S-IOMT-019-303,LAB_RESULTS,EP-IND-03294
NET-03295,2026-01-01 07:50:58+00:00,0,IOMT-010,S-IOMT-010-304,EHR_WRITE,EP-IND-03295
NET-03296,2026-01-01 07:50:58+00:00,0,IOMT-016,S-IOMT-016-305,IMAGING,EP-IND-03296
NET-03297,2026-01-01 07:50:59+00:00,0,IOMT-003,S-IOMT-003-306,LAB_RESULTS,EP-IND-03297
NET-03298,2026-01-01 07:50:59+00:00,0,IOMT-013,S-IOMT-013-307,LAB_RESULTS,EP-IND-03298
NET-03299,2026-01-01 07:51:05+00:00,0,IOMT-029,S-IOMT-029-308,LAB_RESULTS,EP-IND-03299
NET-03300,2026-01-01 07:51:05+00:00,0,IOMT-025,S-IOMT-025-309,LAB_RESULTS,EP-IND-03300
NET-03301,2026-01-01 07:51:08+00:00,1,IOMT-032,S-IOMT-032-310,RESEARCH,EP-IND-03301
NET-03302,2026-01-01 07:51:09+00:00,1,IOMT-044,S-IOMT-044-311,EHR_WRITE,EP-IND-03302
NET-03303,2026-01-01 07:51:09+00:00,0,IOMT-036,S-IOMT-036-312,LAB_RESULTS,EP-IND-03303
NET-03304,2026-01-01 07:51:36+00:00,0,IOMT-043,S-IOMT-043-313,IMAGING,EP-IND-03304
NET-03305,2026-01-01 07:51:38+00:00,0,IOMT-008,S-IOMT-008-314,EHR_WRITE,EP-IND-03305
NET-03306,2026-01-01 07:51:39+00:00,0,IOMT-004,S-IOMT-004-315,EHR_READ,EP-IND-03306
NET-03307,2026-01-01 07:52:00+00:00,0,IOMT-031,S-IOMT-031-316,EHR_READ,EP-IND-03307
NET-03308,2026-01-01 07:52:01+00:00,0,IOMT-038,S-IOMT-038-317,RESEARCH,EP-IND-03308
NET-03309,2026-01-01 07:52:06+00:00,0,IOMT-014,S-IOMT-014-318,EHR_WRITE,EP-IND-03309
NET-03310,2026-01-01 07:52:19+00:00,0,IOMT-013,S-IOMT-013-319,EHR_WRITE,EP-IND-03310
NET-03311,2026-01-01 07:52:57+00:00,0,IOMT-020,S-IOMT-020-320,EHR_WRITE,EP-IND-03311
NET-03312,2026-01-01 07:53:25+00:00,0,IOMT-004,S-IOMT-004-321,LAB_RESULTS,EP-IND-03312
NET-03313,2026-01-01 07:53:43+00:00,0,IOMT-018,S-IOMT-018-322,EHR_READ,EP-IND-03313
NET-03314,2026-01-01 07:53:49+00:00,0,IOMT-012,S-IOMT-012-323,IMAGING,EP-IND-03314
NET-03315,2026-01-01 07:54:01+00:00,0,IOMT-021,S-IOMT-021-324,IMAGING,EP-IND-03315
NET-03316,2026-01-01 07:54:06+00:00,0,IOMT-034,S-IOMT-034-325,IMAGING,EP-IND-03316
NET-03317,2026-01-01 07:54:06+00:00,0,IOMT-030,S-IOMT-030-326,EHR_WRITE,EP-IND-03317
NET-03318,2026-01-01 07:54:07+00:00,0,IOMT-009,S-IOMT-009-327,RESEARCH,EP-IND-03318
NET-03319,2026-01-01 07:54:14+00:00,0,IOMT-015,S-IOMT-015-328,LAB_RESULTS,EP-IND-03319
NET-03320,2026-01-01 07:54:33+00:00,0,IOMT-020,S-IOMT-020-329,LAB_RESULTS,EP-IND-03320
NET-03321,2026-01-01 07:54:35+00:00,0,IOMT-028,S-IOMT-028-330,LAB_RESULTS,EP-IND-03321
NET-03322,2026-01-01 07:54:39+00:00,0,IOMT-006,S-IOMT-006-331,EHR_READ,EP-IND-03322
NET-03323,2026-01-01 07:54:45+00:00,0,IOMT-030,S-IOMT-030-332,IMAGING,EP-IND-03323
NET-03324,2026-01-01 07:54:55+00:00,0,IOMT-013,S-IOMT-013-333,EHR_WRITE,EP-IND-03324
NET-03325,2026-01-01 07:54:56+00:00,0,IOMT-015,S-IOMT-015-334,RESEARCH,EP-IND-03325
NET-03326,2026-01-01 07:54:59+00:00,0,IOMT-023,S-IOMT-023-335,EHR_READ,EP-IND-03326
NET-03327,2026-01-01 07:55:09+00:00,0,IOMT-030,S-IOMT-030-336,IMAGING,EP-IND-03327
NET-03328,2026-01-01 07:55:13+00:00,0,IOMT-038,S-IOMT-038-337,EHR_READ,EP-IND-03328
NET-03329,2026-01-01 07:55:17+00:00,0,IOMT-011,S-IOMT-011-338,IMAGING,EP-IND-03329
NET-03330,2026-01-01 07:55:50+00:00,0,IOMT-008,S-IOMT-008-339,LAB_RESULTS,EP-IND-03330
NET-03331,2026-01-01 07:55:59+00:00,0,IOMT-016,S-IOMT-016-340,EHR_WRITE,EP-IND-03331
NET-03332,2026-01-01 07:56:22+00:00,0,IOMT-042,S-IOMT-042-341,EHR_WRITE,EP-IND-03332
NET-03333,2026-01-01 07:56:23+00:00,0,IOMT-037,S-IOMT-037-342,EHR_WRITE,EP-IND-03333
NET-03334,2026-01-01 07:56:26+00:00,0,IOMT-042,S-IOMT-042-343,IMAGING,EP-IND-03334
NET-03335,2026-01-01 07:56:30+00:00,0,IOMT-015,S-IOMT-015-344,LAB_RESULTS,EP-IND-03335
NET-03336,2026-01-01 07:56:31+00:00,0,IOMT-023,S-IOMT-023-345,RESEARCH,EP-IND-03336
NET-03337,2026-01-01 07:56:40+00:00,0,IOMT-022,S-IOMT-022-346,EHR_WRITE,EP-IND-03337
NET-03338,2026-01-01 07:56:43+00:00,0,IOMT-013,S-IOMT-013-347,RESEARCH,EP-IND-03338
NET-03339,2026-01-01 07:56:51+00:00,0,IOMT-011,S-IOMT-011-348,RESEARCH,EP-IND-03339
NET-03340,2026-01-01 07:57:05+00:00,0,IOMT-007,S-IOMT-007-349,RESEARCH,EP-IND-03340
NET-03341,2026-01-01 07:57:06+00:00,0,IOMT-029,S-IOMT-029-350,LAB_RESULTS,EP-IND-03341
NET-03342,2026-01-01 07:57:12+00:00,0,IOMT-032,S-IOMT-032-351,IMAGING,EP-IND-03342
NET-03343,2026-01-01 07:57:18+00:00,0,IOMT-027,S-IOMT-027-352,EHR_WRITE,EP-IND-03343
NET-03344,2026-01-01 07:57:20+00:00,0,IOMT-001,S-IOMT-001-353,RESEARCH,EP-IND-03344
NET-03345,2026-01-01 07:57:22+00:00,0,IOMT-022,S-IOMT-022-354,IMAGING,EP-IND-03345
NET-03346,2026-01-01 07:57:32+00:00,0,IOMT-026,S-IOMT-026-355,EHR_WRITE,EP-IND-03346
NET-03347,2026-01-01 07:57:34+00:00,0,IOMT-046,S-IOMT-046-356,RESEARCH,EP-IND-03347
NET-03348,2026-01-01 07:58:15+00:00,0,IOMT-042,S-IOMT-042-357,RESEARCH,EP-IND-03348
NET-03349,2026-01-01 07:58:21+00:00,0,IOMT-010,S-IOMT-010-358,RESEARCH,EP-IND-03349
NET-03350,2026-01-01 07:58:33+00:00,1,IOMT-000,S-IOMT-000-359,LAB_RESULTS,EP-IND-03350
NET-03351,2026-01-01 07:58:49+00:00,0,IOMT-034,S-IOMT-034-360,LAB_RESULTS,EP-IND-03351
NET-03352,2026-01-01 07:58:50+00:00,0,IOMT-020,S-IOMT-020-361,IMAGING,EP-IND-03352
NET-03353,2026-01-01 07:58:51+00:00,0,IOMT-002,S-IOMT-002-362,IMAGING,EP-IND-03353
NET-03354,2026-01-01 07:59:08+00:00,0,IOMT-004,S-IOMT-004-363,LAB_RESULTS,EP-IND-03354
NET-03355,2026-01-01 07:59:42+00:00,0,IOMT-006,S-IOMT-006-364,EHR_WRITE,EP-IND-03355
NET-03356,2026-01-01 08:00:13+00:00,0,IOMT-016,S-IOMT-016-365,EHR_WRITE,EP-IND-03356
NET-03357,2026-01-01 08:00:29+00:00,0,IOMT-008,S-IOMT-008-366,RESEARCH,EP-IND-03357
NET-03358,2026-01-01 08:00:38+00:00,0,IOMT-036,S-IOMT-036-367,EHR_READ,EP-IND-03358
NET-03359,2026-01-01 08:00:42+00:00,0,IOMT-009,S-IOMT-009-368,EHR_WRITE,EP-IND-03359
NET-03360,2026-01-01 08:00:43+00:00,0,IOMT-004,S-IOMT-004-369,IMAGING,EP-IND-03360
NET-03361,2026-01-01 08:00:44+00:00,0,IOMT-024,S-IOMT-024-370,EHR_WRITE,EP-IND-03361
NET-03362,2026-01-01 08:01:02+00:00,0,IOMT-021,S-IOMT-021-371,EHR_WRITE,EP-IND-03362
NET-03363,2026-01-01 08:01:05+00:00,0,IOMT-036,S-IOMT-036-372,IMAGING,EP-IND-03363
NET-03364,2026-01-01 08:01:06+00:00,0,IOMT-012,S-IOMT-012-373,EHR_READ,EP-IND-03364
NET-03365,2026-01-01 08:01:15+00:00,0,IOMT-021,S-IOMT-021-374,EHR_WRITE,EP-IND-03365
NET-03366,2026-01-01 08:01:21+00:00,0,IOMT-028,S-IOMT-028-375,RESEARCH,EP-IND-03366
NET-03367,2026-01-01 08:01:26+00:00,0,IOMT-025,S-IOMT-025-376,EHR_READ,EP-IND-03367
NET-03368,2026-01-01 08:01:44+00:00,0,IOMT-022,S-IOMT-022-377,IMAGING,EP-IND-03368
NET-03369,2026-01-01 08:01:48+00:00,0,IOMT-021,S-IOMT-021-378,RESEARCH,EP-IND-03369
NET-03370,2026-01-01 08:01:55+00:00,0,IOMT-023,S-IOMT-023-379,IMAGING,EP-IND-03370
NET-03371,2026-01-01 08:02:00+00:00,0,IOMT-032,S-IOMT-032-380,RESEARCH,EP-IND-03371
NET-03372,2026-01-01 08:02:07+00:00,0,IOMT-037,S-IOMT-037-381,RESEARCH,EP-IND-03372
NET-03373,2026-01-01 08:02:09+00:00,0,IOMT-037,S-IOMT-037-382,EHR_WRITE,EP-IND-03373
NET-03374,2026-01-01 08:02:31+00:00,0,IOMT-035,S-IOMT-035-383,EHR_READ,EP-IND-03374
NET-03375,2026-01-01 08:02:43+00:00,0,IOMT-040,S-IOMT-040-384,LAB_RESULTS,EP-IND-03375
NET-03376,2026-01-01 08:02:49+00:00,0,IOMT-024,S-IOMT-024-385,LAB_RESULTS,EP-IND-03376
NET-03377,2026-01-01 08:02:52+00:00,0,IOMT-016,S-IOMT-016-386,IMAGING,EP-IND-03377
NET-03378,2026-01-01 08:02:57+00:00,0,IOMT-037,S-IOMT-037-387,IMAGING,EP-IND-03378
NET-03379,2026-01-01 08:02:59+00:00,0,IOMT-016,S-IOMT-016-388,EHR_READ,EP-IND-03379
NET-03380,2026-01-01 08:03:02+00:00,0,IOMT-004,S-IOMT-004-389,IMAGING,EP-IND-03380
NET-03381,2026-01-01 08:03:02+00:00,0,IOMT-025,S-IOMT-025-390,EHR_WRITE,EP-IND-03381
NET-03382,2026-01-01 08:03:24+00:00,0,IOMT-047,S-IOMT-047-391,IMAGING,EP-IND-03382
NET-03383,2026-01-01 08:03:29+00:00,0,IOMT-025,S-IOMT-025-392,IMAGING,EP-IND-03383
NET-03384,2026-01-01 08:03:32+00:00,0,IOMT-038,S-IOMT-038-393,EHR_WRITE,EP-IND-03384
NET-03385,2026-01-01 08:03:59+00:00,0,IOMT-009,S-IOMT-009-394,LAB_RESULTS,EP-IND-03385
NET-03386,2026-01-01 08:04:00+00:00,0,IOMT-035,S-IOMT-035-395,EHR_WRITE,EP-IND-03386
NET-03387,2026-01-01 08:04:03+00:00,0,IOMT-039,S-IOMT-039-396,LAB_RESULTS,EP-IND-03387
NET-03388,2026-01-01 08:04:16+00:00,0,IOMT-003,S-IOMT-003-397,RESEARCH,EP-IND-03388
NET-03389,2026-01-01 08:04:21+00:00,0,IOMT-019,S-IOMT-019-398,RESEARCH,EP-IND-03389
NET-03390,2026-01-01 08:04:58+00:00,0,IOMT-013,S-IOMT-013-399,LAB_RESULTS,EP-IND-03390
NET-03391,2026-01-01 08:05:01+00:00,0,IOMT-036,S-IOMT-036-400,EHR_READ,EP-IND-03391
NET-03392,2026-01-01 08:05:16+00:00,0,IOMT-044,S-IOMT-044-401,IMAGING,EP-IND-03392
NET-03393,2026-01-01 08:05:20+00:00,0,IOMT-046,S-IOMT-046-402,EHR_READ,EP-IND-03393
NET-03394,2026-01-01 08:05:24+00:00,0,IOMT-013,S-IOMT-013-403,EHR_WRITE,EP-IND-03394
NET-03395,2026-01-01 08:05:36+00:00,0,IOMT-035,S-IOMT-035-404,LAB_RESULTS,EP-IND-03395
NET-03396,2026-01-01 08:05:55+00:00,0,IOMT-016,S-IOMT-016-405,LAB_RESULTS,EP-IND-03396
NET-03397,2026-01-01 08:06:05+00:00,0,IOMT-041,S-IOMT-041-406,LAB_RESULTS,EP-IND-03397
NET-03398,2026-01-01 08:06:10+00:00,0,IOMT-024,S-IOMT-024-407,LAB_RESULTS,EP-IND-03398
NET-03399,2026-01-01 08:06:13+00:00,0,IOMT-015,S-IOMT-015-408,IMAGING,EP-IND-03399
NET-03400,2026-01-01 08:06:29+00:00,0,IOMT-049,S-IOMT-049-409,RESEARCH,EP-IND-03400
NET-03401,2026-01-01 08:06:31+00:00,0,IOMT-037,S-IOMT-037-410,IMAGING,EP-IND-03401
NET-03402,2026-01-01 08:06:39+00:00,0,IOMT-028,S-IOMT-028-411,IMAGING,EP-IND-03402
NET-03403,2026-01-01 08:06:43+00:00,0,IOMT-047,S-IOMT-047-412,RESEARCH,EP-IND-03403
NET-03404,2026-01-01 08:06:50+00:00,0,IOMT-020,S-IOMT-020-413,RESEARCH,EP-IND-03404
NET-03405,2026-01-01 08:06:51+00:00,0,IOMT-034,S-IOMT-034-414,IMAGING,EP-IND-03405
NET-03406,2026-01-01 08:07:32+00:00,0,IOMT-035,S-IOMT-035-415,EHR_READ,EP-IND-03406
NET-03407,2026-01-01 08:07:32+00:00,0,IOMT-039,S-IOMT-039-416,EHR_READ,EP-IND-03407
NET-03408,2026-01-01 08:07:38+00:00,0,IOMT-039,S-IOMT-039-417,LAB_RESULTS,EP-IND-03408
NET-03409,2026-01-01 08:08:04+00:00,0,IOMT-042,S-IOMT-042-418,EHR_READ,EP-IND-03409
NET-03410,2026-01-01 08:08:07+00:00,0,IOMT-023,S-IOMT-023-419,IMAGING,EP-IND-03410
NET-03411,2026-01-01 08:08:29+00:00,0,IOMT-037,S-IOMT-037-420,EHR_WRITE,EP-IND-03411
NET-03412,2026-01-01 08:08:30+00:00,0,IOMT-047,S-IOMT-047-421,IMAGING,EP-IND-03412
NET-03413,2026-01-01 08:08:30+00:00,0,IOMT-023,S-IOMT-023-422,RESEARCH,EP-IND-03413
NET-03414,2026-01-01 08:08:39+00:00,0,IOMT-001,S-IOMT-001-423,EHR_WRITE,EP-IND-03414
NET-03415,2026-01-01 08:08:41+00:00,0,IOMT-025,S-IOMT-025-424,LAB_RESULTS,EP-IND-03415
NET-03416,2026-01-01 08:08:45+00:00,0,IOMT-007,S-IOMT-007-425,RESEARCH,EP-IND-03416
NET-03417,2026-01-01 08:08:48+00:00,0,IOMT-017,S-IOMT-017-426,LAB_RESULTS,EP-IND-03417
NET-03418,2026-01-01 08:08:50+00:00,0,IOMT-013,S-IOMT-013-427,LAB_RESULTS,EP-IND-03418
NET-03419,2026-01-01 08:08:51+00:00,0,IOMT-047,S-IOMT-047-428,LAB_RESULTS,EP-IND-03419
NET-03420,2026-01-01 08:08:54+00:00,0,IOMT-029,S-IOMT-029-429,EHR_WRITE,EP-IND-03420
NET-03421,2026-01-01 08:09:21+00:00,0,IOMT-049,S-IOMT-049-430,RESEARCH,EP-IND-03421
NET-03422,2026-01-01 08:09:28+00:00,0,IOMT-041,S-IOMT-041-431,IMAGING,EP-IND-03422
NET-03423,2026-01-01 08:09:32+00:00,0,IOMT-032,S-IOMT-032-432,EHR_WRITE,EP-IND-03423
NET-03424,2026-01-01 08:09:36+00:00,0,IOMT-042,S-IOMT-042-433,EHR_READ,EP-IND-03424
NET-03425,2026-01-01 08:09:42+00:00,0,IOMT-033,S-IOMT-033-434,LAB_RESULTS,EP-IND-03425
NET-03426,2026-01-01 08:09:45+00:00,0,IOMT-029,S-IOMT-029-435,IMAGING,EP-IND-03426
NET-03427,2026-01-01 08:09:53+00:00,0,IOMT-044,S-IOMT-044-436,IMAGING,EP-IND-03427
NET-03428,2026-01-01 08:10:11+00:00,0,IOMT-029,S-IOMT-029-437,EHR_WRITE,EP-IND-03428
NET-03429,2026-01-01 08:10:17+00:00,1,IOMT-026,S-IOMT-026-438,LAB_RESULTS,EP-IND-03429
NET-03430,2026-01-01 08:10:39+00:00,0,IOMT-006,S-IOMT-006-439,EHR_WRITE,EP-IND-03430
NET-03431,2026-01-01 08:10:44+00:00,0,IOMT-033,S-IOMT-033-440,RESEARCH,EP-IND-03431
NET-03432,2026-01-01 08:10:47+00:00,0,IOMT-037,S-IOMT-037-441,EHR_WRITE,EP-IND-03432
NET-03433,2026-01-01 08:10:50+00:00,0,IOMT-041,S-IOMT-041-442,EHR_READ,EP-IND-03433
NET-03434,2026-01-01 08:10:58+00:00,0,IOMT-034,S-IOMT-034-443,IMAGING,EP-IND-03434
NET-03435,2026-01-01 08:11:09+00:00,0,IOMT-042,S-IOMT-042-444,RESEARCH,EP-IND-03435
NET-03436,2026-01-01 08:11:11+00:00,0,IOMT-024,S-IOMT-024-445,IMAGING,EP-IND-03436
NET-03437,2026-01-01 08:11:12+00:00,0,IOMT-016,S-IOMT-016-446,RESEARCH,EP-IND-03437
NET-03438,2026-01-01 08:11:22+00:00,0,IOMT-017,S-IOMT-017-447,RESEARCH,EP-IND-03438
NET-03439,2026-01-01 08:11:32+00:00,0,IOMT-020,S-IOMT-020-448,LAB_RESULTS,EP-IND-03439
NET-03440,2026-01-01 08:11:43+00:00,0,IOMT-038,S-IOMT-038-449,EHR_WRITE,EP-IND-03440
NET-03441,2026-01-01 08:11:49+00:00,0,IOMT-028,S-IOMT-028-450,EHR_READ,EP-IND-03441
NET-03442,2026-01-01 08:11:53+00:00,0,IOMT-025,S-IOMT-025-451,IMAGING,EP-IND-03442
NET-03443,2026-01-01 08:11:56+00:00,0,IOMT-045,S-IOMT-045-452,EHR_READ,EP-IND-03443
NET-03444,2026-01-01 08:12:02+00:00,0,IOMT-047,S-IOMT-047-453,EHR_WRITE,EP-IND-03444
NET-03445,2026-01-01 08:12:07+00:00,0,IOMT-020,S-IOMT-020-454,EHR_READ,EP-IND-03445
NET-03446,2026-01-01 08:12:11+00:00,0,IOMT-026,S-IOMT-026-455,IMAGING,EP-IND-03446
NET-03447,2026-01-01 08:12:31+00:00,0,IOMT-038,S-IOMT-038-456,EHR_READ,EP-IND-03447
NET-03448,2026-01-01 08:12:37+00:00,0,IOMT-002,S-IOMT-002-457,IMAGING,EP-IND-03448
NET-03449,2026-01-01 08:12:39+00:00,0,IOMT-015,S-IOMT-015-458,EHR_WRITE,EP-IND-03449
NET-03450,2026-01-01 08:12:40+00:00,0,IOMT-028,S-IOMT-028-459,RESEARCH,EP-IND-03450
NET-03451,2026-01-01 08:12:45+00:00,0,IOMT-047,S-IOMT-047-460,EHR_WRITE,EP-IND-03451
NET-03452,2026-01-01 08:13:10+00:00,0,IOMT-047,S-IOMT-047-461,EHR_READ,EP-IND-03452
NET-03453,2026-01-01 08:13:18+00:00,0,IOMT-009,S-IOMT-009-462,EHR_READ,EP-IND-03453
NET-03454,2026-01-01 08:13:31+00:00,0,IOMT-026,S-IOMT-026-463,EHR_READ,EP-IND-03454
NET-03455,2026-01-01 08:13:41+00:00,0,IOMT-022,S-IOMT-022-464,IMAGING,EP-IND-03455
NET-03456,2026-01-01 08:13:42+00:00,0,IOMT-044,S-IOMT-044-465,LAB_RESULTS,EP-IND-03456
NET-03457,2026-01-01 08:13:57+00:00,0,IOMT-016,S-IOMT-016-466,EHR_WRITE,EP-IND-03457
NET-03458,2026-01-01 08:14:02+00:00,0,IOMT-006,S-IOMT-006-467,RESEARCH,EP-IND-03458
NET-03459,2026-01-01 08:14:12+00:00,0,IOMT-039,S-IOMT-039-468,RESEARCH,EP-IND-03459
NET-03460,2026-01-01 08:14:17+00:00,0,IOMT-049,S-IOMT-049-469,LAB_RESULTS,EP-IND-03460
NET-03461,2026-01-01 08:14:20+00:00,0,IOMT-029,S-IOMT-029-470,EHR_WRITE,EP-IND-03461
NET-03462,2026-01-01 08:14:30+00:00,0,IOMT-046,S-IOMT-046-471,LAB_RESULTS,EP-IND-03462
NET-03463,2026-01-01 08:14:47+00:00,0,IOMT-043,S-IOMT-043-472,IMAGING,EP-IND-03463
NET-03464,2026-01-01 08:14:48+00:00,0,IOMT-049,S-IOMT-049-473,LAB_RESULTS,EP-IND-03464
NET-03465,2026-01-01 08:14:57+00:00,0,IOMT-013,S-IOMT-013-474,EHR_READ,EP-IND-03465
NET-03466,2026-01-01 08:15:05+00:00,0,IOMT-020,S-IOMT-020-475,EHR_WRITE,EP-IND-03466
NET-03467,2026-01-01 08:15:06+00:00,0,IOMT-035,S-IOMT-035-476,RESEARCH,EP-IND-03467
NET-03468,2026-01-01 08:15:40+00:00,0,IOMT-023,S-IOMT-023-477,EHR_WRITE,EP-IND-03468
NET-03469,2026-01-01 08:15:42+00:00,0,IOMT-006,S-IOMT-006-478,EHR_READ,EP-IND-03469
NET-03470,2026-01-01 08:15:48+00:00,0,IOMT-041,S-IOMT-041-479,RESEARCH,EP-IND-03470
NET-03471,2026-01-01 08:15:51+00:00,0,IOMT-037,S-IOMT-037-480,LAB_RESULTS,EP-IND-03471
NET-03472,2026-01-01 08:15:53+00:00,0,IOMT-034,S-IOMT-034-481,LAB_RESULTS,EP-IND-03472
NET-03473,2026-01-01 08:15:58+00:00,0,IOMT-001,S-IOMT-001-482,RESEARCH,EP-IND-03473
NET-03474,2026-01-01 08:16:10+00:00,0,IOMT-012,S-IOMT-012-483,RESEARCH,EP-IND-03474
NET-03475,2026-01-01 08:16:31+00:00,0,IOMT-005,S-IOMT-005-484,IMAGING,EP-IND-03475
NET-03476,2026-01-01 08:16:35+00:00,0,IOMT-028,S-IOMT-028-485,RESEARCH,EP-IND-03476
NET-03477,2026-01-01 08:17:07+00:00,0,IOMT-022,S-IOMT-022-486,IMAGING,EP-IND-03477
NET-03478,2026-01-01 08:17:16+00:00,0,IOMT-009,S-IOMT-009-487,RESEARCH,EP-IND-03478
NET-03479,2026-01-01 08:17:20+00:00,0,IOMT-001,S-IOMT-001-488,RESEARCH,EP-IND-03479
NET-03480,2026-01-01 08:17:31+00:00,0,IOMT-019,S-IOMT-019-489,RESEARCH,EP-IND-03480
NET-03481,2026-01-01 08:17:33+00:00,0,IOMT-015,S-IOMT-015-490,RESEARCH,EP-IND-03481
NET-03482,2026-01-01 08:17:42+00:00,0,IOMT-001,S-IOMT-001-491,IMAGING,EP-IND-03482
NET-03483,2026-01-01 08:17:51+00:00,0,IOMT-048,S-IOMT-048-492,EHR_WRITE,EP-IND-03483
NET-03484,2026-01-01 08:17:53+00:00,0,IOMT-008,S-IOMT-008-493,LAB_RESULTS,EP-IND-03484
NET-03485,2026-01-01 08:18:02+00:00,0,IOMT-006,S-IOMT-006-494,EHR_READ,EP-IND-03485
NET-03486,2026-01-01 08:18:24+00:00,0,IOMT-012,S-IOMT-012-495,IMAGING,EP-IND-03486
NET-03487,2026-01-01 08:18:34+00:00,0,IOMT-021,S-IOMT-021-496,IMAGING,EP-IND-03487
NET-03488,2026-01-01 08:18:42+00:00,0,IOMT-002,S-IOMT-002-497,EHR_WRITE,EP-IND-03488
NET-03489,2026-01-01 08:18:50+00:00,0,IOMT-006,S-IOMT-006-498,EHR_READ,EP-IND-03489
NET-03490,2026-01-01 08:18:51+00:00,0,IOMT-035,S-IOMT-035-499,RESEARCH,EP-IND-03490
NET-03491,2026-01-01 08:18:52+00:00,0,IOMT-014,S-IOMT-014-500,LAB_RESULTS,EP-IND-03491
NET-03492,2026-01-01 08:18:52+00:00,0,IOMT-043,S-IOMT-043-501,RESEARCH,EP-IND-03492
NET-03493,2026-01-01 08:19:00+00:00,0,IOMT-038,S-IOMT-038-502,IMAGING,EP-IND-03493
NET-03494,2026-01-01 08:19:05+00:00,0,IOMT-020,S-IOMT-020-503,RESEARCH,EP-IND-03494
NET-03495,2026-01-01 08:19:12+00:00,0,IOMT-028,S-IOMT-028-504,EHR_WRITE,EP-IND-03495
NET-03496,2026-01-01 08:19:15+00:00,1,IOMT-025,S-IOMT-025-505,IMAGING,EP-IND-03496
NET-03497,2026-01-01 08:19:24+00:00,0,IOMT-013,S-IOMT-013-506,IMAGING,EP-IND-03497
NET-03498,2026-01-01 08:19:30+00:00,0,IOMT-031,S-IOMT-031-507,EHR_READ,EP-IND-03498
NET-03499,2026-01-01 08:19:44+00:00,0,IOMT-026,S-IOMT-026-508,IMAGING,EP-IND-03499
NET-03500,2026-01-01 08:19:47+00:00,0,IOMT-031,S-IOMT-031-509,RESEARCH,EP-IND-03500
NET-03501,2026-01-01 08:20:30+00:00,0,IOMT-001,S-IOMT-001-510,LAB_RESULTS,EP-IND-03501
NET-03502,2026-01-01 08:20:35+00:00,0,IOMT-008,S-IOMT-008-511,EHR_READ,EP-IND-03502
NET-03503,2026-01-01 08:20:36+00:00,0,IOMT-028,S-IOMT-028-512,EHR_READ,EP-IND-03503
NET-03504,2026-01-01 08:20:41+00:00,0,IOMT-040,S-IOMT-040-513,RESEARCH,EP-IND-03504
NET-03505,2026-01-01 08:20:43+00:00,0,IOMT-012,S-IOMT-012-514,EHR_WRITE,EP-IND-03505
NET-03506,2026-01-01 08:20:46+00:00,0,IOMT-033,S-IOMT-033-515,IMAGING,EP-IND-03506
NET-03507,2026-01-01 08:20:57+00:00,0,IOMT-016,S-IOMT-016-516,EHR_WRITE,EP-IND-03507
NET-03508,2026-01-01 08:21:00+00:00,0,IOMT-016,S-IOMT-016-517,EHR_READ,EP-IND-03508
NET-03509,2026-01-01 08:21:08+00:00,1,IOMT-026,S-IOMT-026-518,EHR_READ,EP-IND-03509
NET-03510,2026-01-01 08:21:09+00:00,0,IOMT-042,S-IOMT-042-519,LAB_RESULTS,EP-IND-03510
NET-03511,2026-01-01 08:21:24+00:00,0,IOMT-016,S-IOMT-016-520,EHR_WRITE,EP-IND-03511
NET-03512,2026-01-01 08:21:34+00:00,0,IOMT-014,S-IOMT-014-521,EHR_READ,EP-IND-03512
NET-03513,2026-01-01 08:21:35+00:00,0,IOMT-011,S-IOMT-011-522,IMAGING,EP-IND-03513
NET-03514,2026-01-01 08:21:37+00:00,0,IOMT-033,S-IOMT-033-523,EHR_WRITE,EP-IND-03514
NET-03515,2026-01-01 08:21:39+00:00,0,IOMT-031,S-IOMT-031-524,EHR_READ,EP-IND-03515
NET-03516,2026-01-01 08:21:51+00:00,1,IOMT-013,S-IOMT-013-525,LAB_RESULTS,EP-IND-03516
NET-03517,2026-01-01 08:21:59+00:00,0,IOMT-039,S-IOMT-039-526,EHR_WRITE,EP-IND-03517
NET-03518,2026-01-01 08:22:02+00:00,0,IOMT-037,S-IOMT-037-527,EHR_READ,EP-IND-03518
NET-03519,2026-01-01 08:22:09+00:00,0,IOMT-046,S-IOMT-046-528,EHR_READ,EP-IND-03519
NET-03520,2026-01-01 08:22:22+00:00,0,IOMT-048,S-IOMT-048-529,IMAGING,EP-IND-03520
NET-03521,2026-01-01 08:22:30+00:00,0,IOMT-034,S-IOMT-034-530,EHR_WRITE,EP-IND-03521
NET-03522,2026-01-01 08:22:36+00:00,0,IOMT-018,S-IOMT-018-531,RESEARCH,EP-IND-03522
NET-03523,2026-01-01 08:22:44+00:00,0,IOMT-004,S-IOMT-004-532,EHR_READ,EP-IND-03523
NET-03524,2026-01-01 08:23:04+00:00,0,IOMT-046,S-IOMT-046-533,RESEARCH,EP-IND-03524
NET-03525,2026-01-01 08:23:17+00:00,0,IOMT-034,S-IOMT-034-534,EHR_READ,EP-IND-03525
NET-03526,2026-01-01 08:23:22+00:00,0,IOMT-046,S-IOMT-046-535,EHR_READ,EP-IND-03526
NET-03527,2026-01-01 08:23:32+00:00,0,IOMT-018,S-IOMT-018-536,LAB_RESULTS,EP-IND-03527
NET-03528,2026-01-01 08:23:35+00:00,0,IOMT-040,S-IOMT-040-537,IMAGING,EP-IND-03528
NET-03529,2026-01-01 08:23:40+00:00,0,IOMT-036,S-IOMT-036-538,RESEARCH,EP-IND-03529
NET-03530,2026-01-01 08:23:48+00:00,0,IOMT-035,S-IOMT-035-539,EHR_WRITE,EP-IND-03530
NET-03531,2026-01-01 08:23:54+00:00,0,IOMT-036,S-IOMT-036-540,RESEARCH,EP-IND-03531
NET-03532,2026-01-01 08:23:59+00:00,0,IOMT-012,S-IOMT-012-541,EHR_WRITE,EP-IND-03532
NET-03533,2026-01-01 08:24:05+00:00,0,IOMT-037,S-IOMT-037-542,LAB_RESULTS,EP-IND-03533
NET-03534,2026-01-01 08:24:23+00:00,0,IOMT-032,S-IOMT-032-543,EHR_WRITE,EP-IND-03534
NET-03535,2026-01-01 08:24:24+00:00,0,IOMT-029,S-IOMT-029-544,LAB_RESULTS,EP-IND-03535
NET-03536,2026-01-01 08:24:32+00:00,0,IOMT-039,S-IOMT-039-545,EHR_WRITE,EP-IND-03536
NET-03537,2026-01-01 08:25:02+00:00,0,IOMT-024,S-IOMT-024-546,LAB_RESULTS,EP-IND-03537
NET-03538,2026-01-01 08:25:07+00:00,0,IOMT-012,S-IOMT-012-547,IMAGING,EP-IND-03538
NET-03539,2026-01-01 08:25:18+00:00,0,IOMT-003,S-IOMT-003-548,RESEARCH,EP-IND-03539
NET-03540,2026-01-01 08:25:23+00:00,0,IOMT-025,S-IOMT-025-549,RESEARCH,EP-IND-03540
NET-03541,2026-01-01 08:25:27+00:00,0,IOMT-013,S-IOMT-013-550,LAB_RESULTS,EP-IND-03541
NET-03542,2026-01-01 08:25:28+00:00,0,IOMT-011,S-IOMT-011-551,IMAGING,EP-IND-03542
NET-03543,2026-01-01 08:25:34+00:00,0,IOMT-042,S-IOMT-042-552,RESEARCH,EP-IND-03543
NET-03544,2026-01-01 08:25:41+00:00,0,IOMT-037,S-IOMT-037-553,RESEARCH,EP-IND-03544
NET-03545,2026-01-01 08:25:46+00:00,0,IOMT-032,S-IOMT-032-554,RESEARCH,EP-IND-03545
NET-03546,2026-01-01 08:25:47+00:00,0,IOMT-006,S-IOMT-006-555,EHR_WRITE,EP-IND-03546
NET-03547,2026-01-01 08:25:50+00:00,0,IOMT-043,S-IOMT-043-556,EHR_READ,EP-IND-03547
NET-03548,2026-01-01 08:26:23+00:00,0,IOMT-028,S-IOMT-028-557,LAB_RESULTS,EP-IND-03548
NET-03549,2026-01-01 08:26:37+00:00,0,IOMT-034,S-IOMT-034-558,EHR_WRITE,EP-IND-03549
NET-03550,2026-01-01 08:26:48+00:00,0,IOMT-027,S-IOMT-027-559,RESEARCH,EP-IND-03550
NET-03551,2026-01-01 08:26:54+00:00,0,IOMT-005,S-IOMT-005-560,LAB_RESULTS,EP-IND-03551
NET-03552,2026-01-01 08:27:02+00:00,0,IOMT-035,S-IOMT-035-561,EHR_WRITE,EP-IND-03552
NET-03553,2026-01-01 08:27:27+00:00,0,IOMT-037,S-IOMT-037-562,IMAGING,EP-IND-03553
NET-03554,2026-01-01 08:27:31+00:00,0,IOMT-002,S-IOMT-002-563,IMAGING,EP-IND-03554
NET-03555,2026-01-01 08:27:49+00:00,0,IOMT-023,S-IOMT-023-564,RESEARCH,EP-IND-03555
NET-03556,2026-01-01 08:28:02+00:00,0,IOMT-013,S-IOMT-013-565,EHR_READ,EP-IND-03556
NET-03557,2026-01-01 08:28:06+00:00,0,IOMT-011,S-IOMT-011-566,IMAGING,EP-IND-03557
NET-03558,2026-01-01 08:28:09+00:00,0,IOMT-037,S-IOMT-037-567,EHR_READ,EP-IND-03558
NET-03559,2026-01-01 08:28:25+00:00,0,IOMT-009,S-IOMT-009-568,LAB_RESULTS,EP-IND-03559
NET-03560,2026-01-01 08:28:25+00:00,1,IOMT-000,S-IOMT-000-569,LAB_RESULTS,EP-IND-03560
NET-03561,2026-01-01 08:28:31+00:00,0,IOMT-035,S-IOMT-035-570,RESEARCH,EP-IND-03561
NET-03562,2026-01-01 08:28:52+00:00,0,IOMT-015,S-IOMT-015-571,IMAGING,EP-IND-03562
NET-03563,2026-01-01 08:28:56+00:00,0,IOMT-005,S-IOMT-005-572,EHR_READ,EP-IND-03563
NET-03564,2026-01-01 08:29:09+00:00,0,IOMT-016,S-IOMT-016-573,IMAGING,EP-IND-03564
NET-03565,2026-01-01 08:29:15+00:00,0,IOMT-009,S-IOMT-009-574,RESEARCH,EP-IND-03565
NET-03566,2026-01-01 08:29:28+00:00,0,IOMT-013,S-IOMT-013-575,EHR_WRITE,EP-IND-03566
NET-03567,2026-01-01 08:29:34+00:00,0,IOMT-032,S-IOMT-032-576,IMAGING,EP-IND-03567
NET-03568,2026-01-01 08:29:42+00:00,0,IOMT-013,S-IOMT-013-577,RESEARCH,EP-IND-03568
NET-03569,2026-01-01 08:29:44+00:00,0,IOMT-046,S-IOMT-046-578,LAB_RESULTS,EP-IND-03569
NET-03570,2026-01-01 08:29:45+00:00,0,IOMT-029,S-IOMT-029-579,LAB_RESULTS,EP-IND-03570
NET-03571,2026-01-01 08:29:55+00:00,0,IOMT-034,S-IOMT-034-580,LAB_RESULTS,EP-IND-03571
NET-03572,2026-01-01 08:30:12+00:00,0,IOMT-028,S-IOMT-028-581,IMAGING,EP-IND-03572
NET-03573,2026-01-01 08:30:35+00:00,0,IOMT-041,S-IOMT-041-582,EHR_READ,EP-IND-03573
NET-03574,2026-01-01 08:30:46+00:00,0,IOMT-046,S-IOMT-046-583,EHR_READ,EP-IND-03574
NET-03575,2026-01-01 08:31:01+00:00,0,IOMT-014,S-IOMT-014-584,IMAGING,EP-IND-03575
NET-03576,2026-01-01 08:31:34+00:00,0,IOMT-022,S-IOMT-022-585,RESEARCH,EP-IND-03576
NET-03577,2026-01-01 08:32:22+00:00,0,IOMT-029,S-IOMT-029-586,IMAGING,EP-IND-03577
NET-03578,2026-01-01 08:32:24+00:00,0,IOMT-046,S-IOMT-046-587,EHR_WRITE,EP-IND-03578
NET-03579,2026-01-01 08:32:43+00:00,0,IOMT-018,S-IOMT-018-588,RESEARCH,EP-IND-03579
NET-03580,2026-01-01 08:32:46+00:00,0,IOMT-010,S-IOMT-010-589,LAB_RESULTS,EP-IND-03580
NET-03581,2026-01-01 08:33:08+00:00,0,IOMT-033,S-IOMT-033-590,RESEARCH,EP-IND-03581
NET-03582,2026-01-01 08:33:09+00:00,0,IOMT-021,S-IOMT-021-591,LAB_RESULTS,EP-IND-03582
NET-03583,2026-01-01 08:33:10+00:00,0,IOMT-036,S-IOMT-036-592,IMAGING,EP-IND-03583
NET-03584,2026-01-01 08:33:11+00:00,0,IOMT-023,S-IOMT-023-593,LAB_RESULTS,EP-IND-03584
NET-03585,2026-01-01 08:33:13+00:00,0,IOMT-018,S-IOMT-018-594,RESEARCH,EP-IND-03585
NET-03586,2026-01-01 08:33:21+00:00,0,IOMT-025,S-IOMT-025-595,RESEARCH,EP-IND-03586
NET-03587,2026-01-01 08:33:22+00:00,0,IOMT-032,S-IOMT-032-596,LAB_RESULTS,EP-IND-03587
NET-03588,2026-01-01 08:33:32+00:00,0,IOMT-015,S-IOMT-015-597,RESEARCH,EP-IND-03588
NET-03589,2026-01-01 08:33:33+00:00,0,IOMT-046,S-IOMT-046-598,EHR_WRITE,EP-IND-03589
NET-03590,2026-01-01 08:33:49+00:00,0,IOMT-033,S-IOMT-033-599,IMAGING,EP-IND-03590
NET-03591,2026-01-01 08:33:56+00:00,0,IOMT-019,S-IOMT-019-600,RESEARCH,EP-IND-03591
NET-03592,2026-01-01 08:34:05+00:00,0,IOMT-016,S-IOMT-016-601,EHR_READ,EP-IND-03592
NET-03593,2026-01-01 08:34:06+00:00,0,IOMT-027,S-IOMT-027-602,IMAGING,EP-IND-03593
NET-03594,2026-01-01 08:34:07+00:00,0,IOMT-001,S-IOMT-001-603,RESEARCH,EP-IND-03594
NET-03595,2026-01-01 08:34:16+00:00,0,IOMT-005,S-IOMT-005-604,RESEARCH,EP-IND-03595
NET-03596,2026-01-01 08:34:44+00:00,0,IOMT-046,S-IOMT-046-605,LAB_RESULTS,EP-IND-03596
NET-03597,2026-01-01 08:34:46+00:00,0,IOMT-010,S-IOMT-010-606,IMAGING,EP-IND-03597
NET-03598,2026-01-01 08:34:49+00:00,1,IOMT-000,S-IOMT-000-607,LAB_RESULTS,EP-IND-03598
NET-03599,2026-01-01 08:34:52+00:00,0,IOMT-008,S-IOMT-008-608,LAB_RESULTS,EP-IND-03599
NET-03600,2026-01-01 08:34:53+00:00,0,IOMT-039,S-IOMT-039-609,EHR_WRITE,EP-IND-03600
NET-03601,2026-01-01 08:35:09+00:00,0,IOMT-028,S-IOMT-028-610,IMAGING,EP-IND-03601
NET-03602,2026-01-01 08:35:10+00:00,0,IOMT-010,S-IOMT-010-611,IMAGING,EP-IND-03602
NET-03603,2026-01-01 08:35:15+00:00,0,IOMT-017,S-IOMT-017-612,EHR_WRITE,EP-IND-03603
NET-03604,2026-01-01 08:35:33+00:00,1,IOMT-001,S-IOMT-001-613,EHR_WRITE,EP-IND-03604
NET-03605,2026-01-01 08:35:37+00:00,0,IOMT-046,S-IOMT-046-614,IMAGING,EP-IND-03605
NET-03606,2026-01-01 08:35:43+00:00,0,IOMT-007,S-IOMT-007-615,LAB_RESULTS,EP-IND-03606
NET-03607,2026-01-01 08:36:08+00:00,0,IOMT-022,S-IOMT-022-616,LAB_RESULTS,EP-IND-03607
NET-03608,2026-01-01 08:36:09+00:00,0,IOMT-028,S-IOMT-028-617,IMAGING,EP-IND-03608
NET-03609,2026-01-01 08:36:10+00:00,0,IOMT-033,S-IOMT-033-618,EHR_WRITE,EP-IND-03609
NET-03610,2026-01-01 08:36:14+00:00,0,IOMT-026,S-IOMT-026-619,IMAGING,EP-IND-03610
NET-03611,2026-01-01 08:36:17+00:00,0,IOMT-010,S-IOMT-010-620,LAB_RESULTS,EP-IND-03611
NET-03612,2026-01-01 08:36:30+00:00,0,IOMT-029,S-IOMT-029-621,LAB_RESULTS,EP-IND-03612
NET-03613,2026-01-01 08:36:35+00:00,0,IOMT-001,S-IOMT-001-622,EHR_READ,EP-IND-03613
NET-03614,2026-01-01 08:37:15+00:00,0,IOMT-025,S-IOMT-025-623,RESEARCH,EP-IND-03614
NET-03615,2026-01-01 08:37:18+00:00,0,IOMT-043,S-IOMT-043-624,RESEARCH,EP-IND-03615
NET-03616,2026-01-01 08:37:20+00:00,0,IOMT-041,S-IOMT-041-625,RESEARCH,EP-IND-03616
NET-03617,2026-01-01 08:37:24+00:00,0,IOMT-035,S-IOMT-035-626,IMAGING,EP-IND-03617
NET-03618,2026-01-01 08:37:53+00:00,0,IOMT-018,S-IOMT-018-627,IMAGING,EP-IND-03618
NET-03619,2026-01-01 08:38:28+00:00,0,IOMT-012,S-IOMT-012-628,IMAGING,EP-IND-03619
NET-03620,2026-01-01 08:38:29+00:00,0,IOMT-047,S-IOMT-047-629,IMAGING,EP-IND-03620
NET-03621,2026-01-01 08:38:39+00:00,0,IOMT-006,S-IOMT-006-630,IMAGING,EP-IND-03621
NET-03622,2026-01-01 08:39:20+00:00,0,IOMT-036,S-IOMT-036-631,RESEARCH,EP-IND-03622
NET-03623,2026-01-01 08:39:22+00:00,0,IOMT-021,S-IOMT-021-632,IMAGING,EP-IND-03623
NET-03624,2026-01-01 08:39:35+00:00,0,IOMT-030,S-IOMT-030-633,LAB_RESULTS,EP-IND-03624
NET-03625,2026-01-01 08:39:55+00:00,0,IOMT-020,S-IOMT-020-634,EHR_READ,EP-IND-03625
NET-03626,2026-01-01 08:39:56+00:00,0,IOMT-014,S-IOMT-014-635,LAB_RESULTS,EP-IND-03626
NET-03627,2026-01-01 08:39:59+00:00,0,IOMT-016,S-IOMT-016-636,EHR_READ,EP-IND-03627
NET-03628,2026-01-01 08:40:04+00:00,0,IOMT-014,S-IOMT-014-637,RESEARCH,EP-IND-03628
NET-03629,2026-01-01 08:40:12+00:00,0,IOMT-002,S-IOMT-002-638,LAB_RESULTS,EP-IND-03629
NET-03630,2026-01-01 08:40:18+00:00,0,IOMT-015,S-IOMT-015-639,EHR_WRITE,EP-IND-03630
NET-03631,2026-01-01 08:40:32+00:00,0,IOMT-014,S-IOMT-014-640,LAB_RESULTS,EP-IND-03631
NET-03632,2026-01-01 08:40:37+00:00,0,IOMT-034,S-IOMT-034-641,RESEARCH,EP-IND-03632
NET-03633,2026-01-01 08:40:45+00:00,0,IOMT-011,S-IOMT-011-642,EHR_READ,EP-IND-03633
NET-03634,2026-01-01 08:41:05+00:00,0,IOMT-049,S-IOMT-049-643,RESEARCH,EP-IND-03634
NET-03635,2026-01-01 08:41:07+00:00,0,IOMT-005,S-IOMT-005-644,RESEARCH,EP-IND-03635
NET-03636,2026-01-01 08:41:28+00:00,0,IOMT-035,S-IOMT-035-645,EHR_READ,EP-IND-03636
NET-03637,2026-01-01 08:41:29+00:00,0,IOMT-039,S-IOMT-039-646,EHR_READ,EP-IND-03637
NET-03638,2026-01-01 08:41:50+00:00,0,IOMT-012,S-IOMT-012-647,IMAGING,EP-IND-03638
NET-03639,2026-01-01 08:42:21+00:00,0,IOMT-041,S-IOMT-041-648,EHR_READ,EP-IND-03639
NET-03640,2026-01-01 08:42:22+00:00,0,IOMT-032,S-IOMT-032-649,LAB_RESULTS,EP-IND-03640
NET-03641,2026-01-01 08:42:31+00:00,0,IOMT-041,S-IOMT-041-650,LAB_RESULTS,EP-IND-03641
NET-03642,2026-01-01 08:42:45+00:00,0,IOMT-012,S-IOMT-012-651,EHR_WRITE,EP-IND-03642
NET-03643,2026-01-01 08:42:48+00:00,0,IOMT-024,S-IOMT-024-652,EHR_READ,EP-IND-03643
NET-03644,2026-01-01 08:42:51+00:00,0,IOMT-009,S-IOMT-009-653,EHR_WRITE,EP-IND-03644
NET-03645,2026-01-01 08:42:53+00:00,0,IOMT-012,S-IOMT-012-654,IMAGING,EP-IND-03645
NET-03646,2026-01-01 08:42:56+00:00,0,IOMT-036,S-IOMT-036-655,LAB_RESULTS,EP-IND-03646
NET-03647,2026-01-01 08:43:08+00:00,0,IOMT-015,S-IOMT-015-656,EHR_WRITE,EP-IND-03647
NET-03648,2026-01-01 08:43:13+00:00,0,IOMT-014,S-IOMT-014-657,IMAGING,EP-IND-03648
NET-03649,2026-01-01 08:43:20+00:00,0,IOMT-037,S-IOMT-037-658,RESEARCH,EP-IND-03649
NET-03650,2026-01-01 08:43:23+00:00,0,IOMT-009,S-IOMT-009-659,IMAGING,EP-IND-03650
NET-03651,2026-01-01 08:43:27+00:00,0,IOMT-035,S-IOMT-035-660,LAB_RESULTS,EP-IND-03651
NET-03652,2026-01-01 08:43:38+00:00,0,IOMT-029,S-IOMT-029-661,LAB_RESULTS,EP-IND-03652
NET-03653,2026-01-01 08:43:53+00:00,0,IOMT-032,S-IOMT-032-662,EHR_WRITE,EP-IND-03653
NET-03654,2026-01-01 08:43:56+00:00,0,IOMT-011,S-IOMT-011-663,EHR_WRITE,EP-IND-03654
NET-03655,2026-01-01 08:43:56+00:00,0,IOMT-045,S-IOMT-045-664,EHR_READ,EP-IND-03655
NET-03656,2026-01-01 08:43:56+00:00,0,IOMT-006,S-IOMT-006-665,RESEARCH,EP-IND-03656
NET-03657,2026-01-01 08:44:04+00:00,1,IOMT-018,S-IOMT-018-666,EHR_READ,EP-IND-03657
NET-03658,2026-01-01 08:44:14+00:00,0,IOMT-001,S-IOMT-001-667,IMAGING,EP-IND-03658
NET-03659,2026-01-01 08:44:14+00:00,0,IOMT-033,S-IOMT-033-668,IMAGING,EP-IND-03659
NET-03660,2026-01-01 08:44:20+00:00,0,IOMT-015,S-IOMT-015-669,RESEARCH,EP-IND-03660
NET-03661,2026-01-01 08:44:37+00:00,0,IOMT-046,S-IOMT-046-670,EHR_WRITE,EP-IND-03661
NET-03662,2026-01-01 08:44:40+00:00,0,IOMT-018,S-IOMT-018-671,EHR_READ,EP-IND-03662
NET-03663,2026-01-01 08:44:42+00:00,0,IOMT-043,S-IOMT-043-672,RESEARCH,EP-IND-03663
NET-03664,2026-01-01 08:44:46+00:00,0,IOMT-041,S-IOMT-041-673,RESEARCH,EP-IND-03664
NET-03665,2026-01-01 08:44:53+00:00,0,IOMT-026,S-IOMT-026-674,EHR_READ,EP-IND-03665
NET-03666,2026-01-01 08:45:17+00:00,0,IOMT-037,S-IOMT-037-675,RESEARCH,EP-IND-03666
NET-03667,2026-01-01 08:45:32+00:00,0,IOMT-002,S-IOMT-002-676,EHR_READ,EP-IND-03667
NET-03668,2026-01-01 08:45:40+00:00,1,IOMT-039,S-IOMT-039-677,EHR_WRITE,EP-IND-03668
NET-03669,2026-01-01 08:45:54+00:00,0,IOMT-027,S-IOMT-027-678,EHR_READ,EP-IND-03669
NET-03670,2026-01-01 08:46:04+00:00,0,IOMT-033,S-IOMT-033-679,EHR_READ,EP-IND-03670
NET-03671,2026-01-01 08:46:06+00:00,0,IOMT-040,S-IOMT-040-680,EHR_READ,EP-IND-03671
NET-03672,2026-01-01 08:46:15+00:00,1,IOMT-010,S-IOMT-010-681,LAB_RESULTS,EP-IND-03672
NET-03673,2026-01-01 08:46:28+00:00,0,IOMT-022,S-IOMT-022-682,IMAGING,EP-IND-03673
NET-03674,2026-01-01 08:46:44+00:00,0,IOMT-008,S-IOMT-008-683,RESEARCH,EP-IND-03674
NET-03675,2026-01-01 08:46:46+00:00,0,IOMT-047,S-IOMT-047-684,IMAGING,EP-IND-03675
NET-03676,2026-01-01 08:46:50+00:00,0,IOMT-005,S-IOMT-005-685,IMAGING,EP-IND-03676
NET-03677,2026-01-01 08:46:55+00:00,0,IOMT-008,S-IOMT-008-686,IMAGING,EP-IND-03677
NET-03678,2026-01-01 08:47:01+00:00,0,IOMT-046,S-IOMT-046-687,LAB_RESULTS,EP-IND-03678
NET-03679,2026-01-01 08:47:04+00:00,0,IOMT-036,S-IOMT-036-688,EHR_READ,EP-IND-03679
NET-03680,2026-01-01 08:47:05+00:00,1,IOMT-027,S-IOMT-027-689,EHR_READ,EP-IND-03680
NET-03681,2026-01-01 08:47:06+00:00,0,IOMT-037,S-IOMT-037-690,EHR_READ,EP-IND-03681
NET-03682,2026-01-01 08:47:12+00:00,0,IOMT-013,S-IOMT-013-691,EHR_WRITE,EP-IND-03682
NET-03683,2026-01-01 08:47:13+00:00,0,IOMT-028,S-IOMT-028-692,EHR_WRITE,EP-IND-03683
NET-03684,2026-01-01 08:47:15+00:00,0,IOMT-045,S-IOMT-045-693,RESEARCH,EP-IND-03684
NET-03685,2026-01-01 08:47:31+00:00,0,IOMT-035,S-IOMT-035-694,RESEARCH,EP-IND-03685
NET-03686,2026-01-01 08:47:53+00:00,0,IOMT-041,S-IOMT-041-695,EHR_READ,EP-IND-03686
NET-03687,2026-01-01 08:47:59+00:00,0,IOMT-038,S-IOMT-038-696,IMAGING,EP-IND-03687
NET-03688,2026-01-01 08:48:23+00:00,0,IOMT-044,S-IOMT-044-697,RESEARCH,EP-IND-03688
NET-03689,2026-01-01 08:48:33+00:00,0,IOMT-020,S-IOMT-020-698,EHR_READ,EP-IND-03689
NET-03690,2026-01-01 08:49:00+00:00,0,IOMT-031,S-IOMT-031-699,RESEARCH,EP-IND-03690
NET-03691,2026-01-01 08:49:04+00:00,0,IOMT-023,S-IOMT-023-700,LAB_RESULTS,EP-IND-03691
NET-03692,2026-01-01 08:49:17+00:00,0,IOMT-031,S-IOMT-031-701,LAB_RESULTS,EP-IND-03692
NET-03693,2026-01-01 08:49:24+00:00,1,IOMT-024,S-IOMT-024-702,RESEARCH,EP-IND-03693
NET-03694,2026-01-01 08:49:34+00:00,0,IOMT-014,S-IOMT-014-703,LAB_RESULTS,EP-IND-03694
NET-03695,2026-01-01 08:49:39+00:00,0,IOMT-045,S-IOMT-045-704,IMAGING,EP-IND-03695
NET-03696,2026-01-01 08:49:42+00:00,0,IOMT-008,S-IOMT-008-705,RESEARCH,EP-IND-03696
NET-03697,2026-01-01 08:50:00+00:00,0,IOMT-023,S-IOMT-023-706,LAB_RESULTS,EP-IND-03697
NET-03698,2026-01-01 08:50:15+00:00,0,IOMT-010,S-IOMT-010-707,LAB_RESULTS,EP-IND-03698
NET-03699,2026-01-01 08:50:16+00:00,0,IOMT-042,S-IOMT-042-708,IMAGING,EP-IND-03699
NET-03700,2026-01-01 08:50:24+00:00,0,IOMT-047,S-IOMT-047-709,IMAGING,EP-IND-03700
NET-03701,2026-01-01 08:50:28+00:00,0,IOMT-029,S-IOMT-029-710,RESEARCH,EP-IND-03701
NET-03702,2026-01-01 08:50:37+00:00,1,IOMT-016,S-IOMT-016-711,EHR_WRITE,EP-IND-03702
NET-03703,2026-01-01 08:50:55+00:00,0,IOMT-020,S-IOMT-020-712,IMAGING,EP-IND-03703
NET-03704,2026-01-01 08:51:06+00:00,1,IOMT-032,S-IOMT-032-713,EHR_WRITE,EP-IND-03704
NET-03705,2026-01-01 08:51:13+00:00,0,IOMT-004,S-IOMT-004-714,EHR_WRITE,EP-IND-03705
NET-03706,2026-01-01 08:51:18+00:00,0,IOMT-036,S-IOMT-036-715,IMAGING,EP-IND-03706
NET-03707,2026-01-01 08:51:22+00:00,0,IOMT-041,S-IOMT-041-716,EHR_READ,EP-IND-03707
NET-03708,2026-01-01 08:51:31+00:00,0,IOMT-034,S-IOMT-034-717,EHR_WRITE,EP-IND-03708
NET-03709,2026-01-01 08:51:34+00:00,0,IOMT-007,S-IOMT-007-718,LAB_RESULTS,EP-IND-03709
NET-03710,2026-01-01 08:51:40+00:00,0,IOMT-008,S-IOMT-008-719,IMAGING,EP-IND-03710
NET-03711,2026-01-01 08:51:43+00:00,0,IOMT-001,S-IOMT-001-720,IMAGING,EP-IND-03711
NET-03712,2026-01-01 08:51:53+00:00,0,IOMT-021,S-IOMT-021-721,EHR_WRITE,EP-IND-03712
NET-03713,2026-01-01 08:52:00+00:00,0,IOMT-038,S-IOMT-038-722,RESEARCH,EP-IND-03713
NET-03714,2026-01-01 08:52:03+00:00,0,IOMT-030,S-IOMT-030-723,EHR_WRITE,EP-IND-03714
NET-03715,2026-01-01 08:52:15+00:00,0,IOMT-041,S-IOMT-041-724,EHR_READ,EP-IND-03715
NET-03716,2026-01-01 08:52:25+00:00,0,IOMT-027,S-IOMT-027-725,RESEARCH,EP-IND-03716
NET-03717,2026-01-01 08:52:28+00:00,1,IOMT-009,S-IOMT-009-726,LAB_RESULTS,EP-IND-03717
NET-03718,2026-01-01 08:52:45+00:00,0,IOMT-029,S-IOMT-029-727,EHR_WRITE,EP-IND-03718
NET-03719,2026-01-01 08:52:47+00:00,0,IOMT-036,S-IOMT-036-728,IMAGING,EP-IND-03719
NET-03720,2026-01-01 08:52:55+00:00,0,IOMT-004,S-IOMT-004-729,IMAGING,EP-IND-03720
NET-03721,2026-01-01 08:52:57+00:00,0,IOMT-010,S-IOMT-010-730,EHR_READ,EP-IND-03721
NET-03722,2026-01-01 08:53:00+00:00,1,IOMT-037,S-IOMT-037-731,EHR_WRITE,EP-IND-03722
NET-03723,2026-01-01 08:53:02+00:00,0,IOMT-001,S-IOMT-001-732,LAB_RESULTS,EP-IND-03723
NET-03724,2026-01-01 08:53:12+00:00,0,IOMT-024,S-IOMT-024-733,IMAGING,EP-IND-03724
NET-03725,2026-01-01 08:53:15+00:00,0,IOMT-049,S-IOMT-049-734,EHR_WRITE,EP-IND-03725
NET-03726,2026-01-01 08:53:36+00:00,0,IOMT-002,S-IOMT-002-735,EHR_READ,EP-IND-03726
NET-03727,2026-01-01 08:53:39+00:00,0,IOMT-015,S-IOMT-015-736,IMAGING,EP-IND-03727
NET-03728,2026-01-01 08:53:43+00:00,0,IOMT-002,S-IOMT-002-737,EHR_READ,EP-IND-03728
NET-03729,2026-01-01 08:53:44+00:00,0,IOMT-029,S-IOMT-029-738,RESEARCH,EP-IND-03729
NET-03730,2026-01-01 08:53:59+00:00,0,IOMT-008,S-IOMT-008-739,IMAGING,EP-IND-03730
NET-03731,2026-01-01 08:54:01+00:00,0,IOMT-032,S-IOMT-032-740,LAB_RESULTS,EP-IND-03731
NET-03732,2026-01-01 08:54:06+00:00,0,IOMT-003,S-IOMT-003-741,RESEARCH,EP-IND-03732
NET-03733,2026-01-01 08:54:07+00:00,0,IOMT-001,S-IOMT-001-742,RESEARCH,EP-IND-03733
NET-03734,2026-01-01 08:54:10+00:00,0,IOMT-029,S-IOMT-029-743,LAB_RESULTS,EP-IND-03734
NET-03735,2026-01-01 08:54:28+00:00,0,IOMT-010,S-IOMT-010-744,IMAGING,EP-IND-03735
NET-03736,2026-01-01 08:54:33+00:00,0,IOMT-030,S-IOMT-030-745,EHR_WRITE,EP-IND-03736
NET-03737,2026-01-01 08:54:35+00:00,0,IOMT-049,S-IOMT-049-746,LAB_RESULTS,EP-IND-03737
NET-03738,2026-01-01 08:55:00+00:00,0,IOMT-010,S-IOMT-010-747,LAB_RESULTS,EP-IND-03738
NET-03739,2026-01-01 08:55:01+00:00,0,IOMT-005,S-IOMT-005-748,LAB_RESULTS,EP-IND-03739
NET-03740,2026-01-01 08:55:06+00:00,0,IOMT-023,S-IOMT-023-749,RESEARCH,EP-IND-03740
NET-03741,2026-01-01 08:55:18+00:00,0,IOMT-030,S-IOMT-030-750,RESEARCH,EP-IND-03741
NET-03742,2026-01-01 08:55:24+00:00,0,IOMT-016,S-IOMT-016-751,LAB_RESULTS,EP-IND-03742
NET-03743,2026-01-01 08:55:45+00:00,0,IOMT-047,S-IOMT-047-752,IMAGING,EP-IND-03743
NET-03744,2026-01-01 08:55:49+00:00,0,IOMT-007,S-IOMT-007-753,IMAGING,EP-IND-03744
NET-03745,2026-01-01 08:55:55+00:00,0,IOMT-000,S-IOMT-000-754,LAB_RESULTS,EP-IND-03745
NET-03746,2026-01-01 08:55:57+00:00,0,IOMT-016,S-IOMT-016-755,IMAGING,EP-IND-03746
NET-03747,2026-01-01 08:56:11+00:00,0,IOMT-047,S-IOMT-047-756,EHR_WRITE,EP-IND-03747
NET-03748,2026-01-01 08:56:14+00:00,1,IOMT-015,S-IOMT-015-757,RESEARCH,EP-IND-03748
NET-03749,2026-01-01 08:56:16+00:00,0,IOMT-048,S-IOMT-048-758,RESEARCH,EP-IND-03749
NET-03750,2026-01-01 08:56:42+00:00,0,IOMT-039,S-IOMT-039-759,LAB_RESULTS,EP-IND-03750
NET-03751,2026-01-01 08:56:51+00:00,0,IOMT-046,S-IOMT-046-760,LAB_RESULTS,EP-IND-03751
NET-03752,2026-01-01 08:56:59+00:00,0,IOMT-004,S-IOMT-004-761,EHR_READ,EP-IND-03752
NET-03753,2026-01-01 08:57:10+00:00,0,IOMT-006,S-IOMT-006-762,EHR_READ,EP-IND-03753
NET-03754,2026-01-01 08:57:10+00:00,0,IOMT-035,S-IOMT-035-763,EHR_READ,EP-IND-03754
NET-03755,2026-01-01 08:57:15+00:00,0,IOMT-006,S-IOMT-006-764,EHR_READ,EP-IND-03755
NET-03756,2026-01-01 08:57:31+00:00,0,IOMT-036,S-IOMT-036-765,EHR_READ,EP-IND-03756
NET-03757,2026-01-01 08:57:43+00:00,0,IOMT-021,S-IOMT-021-766,IMAGING,EP-IND-03757
NET-03758,2026-01-01 08:57:57+00:00,0,IOMT-023,S-IOMT-023-767,LAB_RESULTS,EP-IND-03758
NET-03759,2026-01-01 08:58:04+00:00,0,IOMT-048,S-IOMT-048-768,RESEARCH,EP-IND-03759
NET-03760,2026-01-01 08:58:11+00:00,0,IOMT-031,S-IOMT-031-769,LAB_RESULTS,EP-IND-03760
NET-03761,2026-01-01 08:58:14+00:00,0,IOMT-007,S-IOMT-007-770,LAB_RESULTS,EP-IND-03761
NET-03762,2026-01-01 08:58:15+00:00,0,IOMT-011,S-IOMT-011-771,IMAGING,EP-IND-03762
NET-03763,2026-01-01 08:58:27+00:00,0,IOMT-044,S-IOMT-044-772,RESEARCH,EP-IND-03763
NET-03764,2026-01-01 08:58:51+00:00,0,IOMT-023,S-IOMT-023-773,IMAGING,EP-IND-03764
NET-03765,2026-01-01 08:59:02+00:00,0,IOMT-004,S-IOMT-004-774,RESEARCH,EP-IND-03765
NET-03766,2026-01-01 08:59:22+00:00,0,IOMT-032,S-IOMT-032-775,RESEARCH,EP-IND-03766
NET-03767,2026-01-01 08:59:25+00:00,0,IOMT-002,S-IOMT-002-776,EHR_WRITE,EP-IND-03767
NET-03768,2026-01-01 08:59:28+00:00,0,IOMT-003,S-IOMT-003-777,EHR_READ,EP-IND-03768
NET-03769,2026-01-01 08:59:30+00:00,1,IOMT-025,S-IOMT-025-778,EHR_READ,EP-IND-03769
NET-03770,2026-01-01 08:59:32+00:00,0,IOMT-020,S-IOMT-020-779,LAB_RESULTS,EP-IND-03770
NET-03771,2026-01-01 09:00:00+00:00,0,IOMT-019,S-IOMT-019-780,IMAGING,EP-IND-03771
NET-03772,2026-01-01 09:00:08+00:00,0,IOMT-015,S-IOMT-015-781,EHR_READ,EP-IND-03772
NET-03773,2026-01-01 09:00:12+00:00,0,IOMT-023,S-IOMT-023-782,RESEARCH,EP-IND-03773
NET-03774,2026-01-01 09:00:16+00:00,0,IOMT-047,S-IOMT-047-783,LAB_RESULTS,EP-IND-03774
NET-03775,2026-01-01 09:00:30+00:00,0,IOMT-029,S-IOMT-029-784,IMAGING,EP-IND-03775
NET-03776,2026-01-01 09:00:34+00:00,0,IOMT-049,S-IOMT-049-785,LAB_RESULTS,EP-IND-03776
NET-03777,2026-01-01 09:00:34+00:00,1,IOMT-045,S-IOMT-045-786,EHR_WRITE,EP-IND-03777
NET-03778,2026-01-01 09:00:38+00:00,0,IOMT-005,S-IOMT-005-787,EHR_READ,EP-IND-03778
NET-03779,2026-01-01 09:00:47+00:00,0,IOMT-031,S-IOMT-031-788,EHR_READ,EP-IND-03779
NET-03780,2026-01-01 09:01:01+00:00,0,IOMT-013,S-IOMT-013-789,EHR_WRITE,EP-IND-03780
NET-03781,2026-01-01 09:01:02+00:00,1,IOMT-018,S-IOMT-018-790,LAB_RESULTS,EP-IND-03781
NET-03782,2026-01-01 09:01:11+00:00,0,IOMT-002,S-IOMT-002-791,EHR_WRITE,EP-IND-03782
NET-03783,2026-01-01 09:01:21+00:00,0,IOMT-035,S-IOMT-035-792,IMAGING,EP-IND-03783
NET-03784,2026-01-01 09:01:22+00:00,0,IOMT-009,S-IOMT-009-793,IMAGING,EP-IND-03784
NET-03785,2026-01-01 09:01:32+00:00,0,IOMT-047,S-IOMT-047-794,IMAGING,EP-IND-03785
NET-03786,2026-01-01 09:01:39+00:00,0,IOMT-025,S-IOMT-025-795,EHR_READ,EP-IND-03786
NET-03787,2026-01-01 09:01:50+00:00,0,IOMT-025,S-IOMT-025-796,IMAGING,EP-IND-03787
NET-03788,2026-01-01 09:02:00+00:00,0,IOMT-037,S-IOMT-037-797,IMAGING,EP-IND-03788
NET-03789,2026-01-01 09:02:10+00:00,0,IOMT-008,S-IOMT-008-798,IMAGING,EP-IND-03789
NET-03790,2026-01-01 09:02:17+00:00,0,IOMT-042,S-IOMT-042-799,IMAGING,EP-IND-03790
NET-03791,2026-01-01 09:02:22+00:00,0,IOMT-041,S-IOMT-041-800,LAB_RESULTS,EP-IND-03791
NET-03792,2026-01-01 09:02:27+00:00,0,IOMT-008,S-IOMT-008-801,EHR_READ,EP-IND-03792
NET-03793,2026-01-01 09:02:28+00:00,0,IOMT-023,S-IOMT-023-802,IMAGING,EP-IND-03793
NET-03794,2026-01-01 09:02:33+00:00,0,IOMT-042,S-IOMT-042-803,EHR_READ,EP-IND-03794
NET-03795,2026-01-01 09:02:51+00:00,0,IOMT-023,S-IOMT-023-804,RESEARCH,EP-IND-03795
NET-03796,2026-01-01 09:03:07+00:00,0,IOMT-013,S-IOMT-013-805,LAB_RESULTS,EP-IND-03796
NET-03797,2026-01-01 09:03:28+00:00,0,IOMT-041,S-IOMT-041-806,RESEARCH,EP-IND-03797
NET-03798,2026-01-01 09:03:34+00:00,0,IOMT-049,S-IOMT-049-807,EHR_READ,EP-IND-03798
NET-03799,2026-01-01 09:03:38+00:00,0,IOMT-036,S-IOMT-036-808,LAB_RESULTS,EP-IND-03799
NET-03800,2026-01-01 09:03:42+00:00,0,IOMT-041,S-IOMT-041-809,IMAGING,EP-IND-03800
NET-03801,2026-01-01 09:03:43+00:00,0,IOMT-001,S-IOMT-001-810,RESEARCH,EP-IND-03801
NET-03802,2026-01-01 09:03:54+00:00,0,IOMT-045,S-IOMT-045-811,RESEARCH,EP-IND-03802
NET-03803,2026-01-01 09:04:07+00:00,1,IOMT-031,S-IOMT-031-812,RESEARCH,EP-IND-03803
NET-03804,2026-01-01 09:04:15+00:00,1,IOMT-028,S-IOMT-028-813,RESEARCH,EP-IND-03804
NET-03805,2026-01-01 09:04:16+00:00,0,IOMT-026,S-IOMT-026-814,EHR_READ,EP-IND-03805
NET-03806,2026-01-01 09:04:28+00:00,0,IOMT-020,S-IOMT-020-815,LAB_RESULTS,EP-IND-03806
NET-03807,2026-01-01 09:04:38+00:00,1,IOMT-042,S-IOMT-042-816,LAB_RESULTS,EP-IND-03807
NET-03808,2026-01-01 09:04:40+00:00,0,IOMT-024,S-IOMT-024-817,EHR_WRITE,EP-IND-03808
NET-03809,2026-01-01 09:04:45+00:00,0,IOMT-021,S-IOMT-021-818,EHR_READ,EP-IND-03809
NET-03810,2026-01-01 09:04:48+00:00,0,IOMT-002,S-IOMT-002-819,RESEARCH,EP-IND-03810
NET-03811,2026-01-01 09:04:56+00:00,0,IOMT-033,S-IOMT-033-820,RESEARCH,EP-IND-03811
NET-03812,2026-01-01 09:05:08+00:00,0,IOMT-023,S-IOMT-023-821,EHR_WRITE,EP-IND-03812
NET-03813,2026-01-01 09:05:09+00:00,0,IOMT-016,S-IOMT-016-822,EHR_WRITE,EP-IND-03813
NET-03814,2026-01-01 09:05:15+00:00,0,IOMT-047,S-IOMT-047-823,RESEARCH,EP-IND-03814
NET-03815,2026-01-01 09:05:28+00:00,0,IOMT-021,S-IOMT-021-824,EHR_READ,EP-IND-03815
NET-03816,2026-01-01 09:05:32+00:00,0,IOMT-006,S-IOMT-006-825,EHR_READ,EP-IND-03816
NET-03817,2026-01-01 09:05:39+00:00,0,IOMT-007,S-IOMT-007-826,EHR_READ,EP-IND-03817
NET-03818,2026-01-01 09:05:55+00:00,0,IOMT-013,S-IOMT-013-827,RESEARCH,EP-IND-03818
NET-03819,2026-01-01 09:06:13+00:00,0,IOMT-019,S-IOMT-019-828,IMAGING,EP-IND-03819
NET-03820,2026-01-01 09:06:14+00:00,0,IOMT-026,S-IOMT-026-829,LAB_RESULTS,EP-IND-03820
NET-03821,2026-01-01 09:06:20+00:00,0,IOMT-044,S-IOMT-044-830,RESEARCH,EP-IND-03821
NET-03822,2026-01-01 09:06:23+00:00,0,IOMT-000,S-IOMT-000-831,EHR_WRITE,EP-IND-03822
NET-03823,2026-01-01 09:06:24+00:00,0,IOMT-003,S-IOMT-003-832,EHR_WRITE,EP-IND-03823
NET-03824,2026-01-01 09:06:33+00:00,0,IOMT-036,S-IOMT-036-833,IMAGING,EP-IND-03824
NET-03825,2026-01-01 09:06:48+00:00,0,IOMT-008,S-IOMT-008-834,EHR_READ,EP-IND-03825
NET-03826,2026-01-01 09:06:54+00:00,0,IOMT-012,S-IOMT-012-835,LAB_RESULTS,EP-IND-03826
NET-03827,2026-01-01 09:06:56+00:00,0,IOMT-030,S-IOMT-030-836,EHR_WRITE,EP-IND-03827
NET-03828,2026-01-01 09:07:07+00:00,0,IOMT-035,S-IOMT-035-837,EHR_WRITE,EP-IND-03828
NET-03829,2026-01-01 09:07:24+00:00,0,IOMT-038,S-IOMT-038-838,IMAGING,EP-IND-03829
NET-03830,2026-01-01 09:07:24+00:00,0,IOMT-016,S-IOMT-016-839,EHR_WRITE,EP-IND-03830
NET-03831,2026-01-01 09:07:28+00:00,0,IOMT-018,S-IOMT-018-840,EHR_READ,EP-IND-03831
NET-03832,2026-01-01 09:07:33+00:00,0,IOMT-001,S-IOMT-001-841,EHR_WRITE,EP-IND-03832
NET-03833,2026-01-01 09:07:37+00:00,0,IOMT-015,S-IOMT-015-842,EHR_WRITE,EP-IND-03833
NET-03834,2026-01-01 09:07:42+00:00,0,IOMT-009,S-IOMT-009-843,IMAGING,EP-IND-03834
NET-03835,2026-01-01 09:08:04+00:00,0,IOMT-042,S-IOMT-042-844,RESEARCH,EP-IND-03835
NET-03836,2026-01-01 09:08:19+00:00,0,IOMT-002,S-IOMT-002-845,IMAGING,EP-IND-03836
NET-03837,2026-01-01 09:08:21+00:00,0,IOMT-013,S-IOMT-013-846,EHR_READ,EP-IND-03837
NET-03838,2026-01-01 09:08:22+00:00,0,IOMT-017,S-IOMT-017-847,EHR_READ,EP-IND-03838
NET-03839,2026-01-01 09:08:30+00:00,1,IOMT-042,S-IOMT-042-848,EHR_WRITE,EP-IND-03839
NET-03840,2026-01-01 09:08:35+00:00,0,IOMT-038,S-IOMT-038-849,EHR_READ,EP-IND-03840
NET-03841,2026-01-01 09:08:54+00:00,0,IOMT-040,S-IOMT-040-850,IMAGING,EP-IND-03841
NET-03842,2026-01-01 09:08:59+00:00,0,IOMT-034,S-IOMT-034-851,EHR_READ,EP-IND-03842
NET-03843,2026-01-01 09:08:59+00:00,0,IOMT-019,S-IOMT-019-852,IMAGING,EP-IND-03843
NET-03844,2026-01-01 09:09:04+00:00,0,IOMT-039,S-IOMT-039-853,RESEARCH,EP-IND-03844
NET-03845,2026-01-01 09:09:24+00:00,0,IOMT-016,S-IOMT-016-854,EHR_WRITE,EP-IND-03845
NET-03846,2026-01-01 09:09:29+00:00,0,IOMT-020,S-IOMT-020-855,EHR_WRITE,EP-IND-03846
NET-03847,2026-01-01 09:09:35+00:00,0,IOMT-009,S-IOMT-009-856,EHR_READ,EP-IND-03847
NET-03848,2026-01-01 09:09:49+00:00,0,IOMT-028,S-IOMT-028-857,RESEARCH,EP-IND-03848
NET-03849,2026-01-01 09:09:50+00:00,0,IOMT-002,S-IOMT-002-858,IMAGING,EP-IND-03849
NET-03850,2026-01-01 09:09:50+00:00,0,IOMT-045,S-IOMT-045-859,RESEARCH,EP-IND-03850
NET-03851,2026-01-01 09:09:53+00:00,0,IOMT-017,S-IOMT-017-860,EHR_READ,EP-IND-03851
NET-03852,2026-01-01 09:09:59+00:00,0,IOMT-035,S-IOMT-035-861,EHR_READ,EP-IND-03852
NET-03853,2026-01-01 09:10:05+00:00,0,IOMT-012,S-IOMT-012-862,EHR_WRITE,EP-IND-03853
NET-03854,2026-01-01 09:10:08+00:00,0,IOMT-005,S-IOMT-005-863,IMAGING,EP-IND-03854
NET-03855,2026-01-01 09:10:08+00:00,0,IOMT-047,S-IOMT-047-864,IMAGING,EP-IND-03855
NET-03856,2026-01-01 09:10:08+00:00,0,IOMT-047,S-IOMT-047-865,LAB_RESULTS,EP-IND-03856
NET-03857,2026-01-01 09:10:16+00:00,0,IOMT-012,S-IOMT-012-866,EHR_READ,EP-IND-03857
NET-03858,2026-01-01 09:10:25+00:00,0,IOMT-041,S-IOMT-041-867,IMAGING,EP-IND-03858
NET-03859,2026-01-01 09:10:33+00:00,0,IOMT-045,S-IOMT-045-868,IMAGING,EP-IND-03859
NET-03860,2026-01-01 09:10:49+00:00,0,IOMT-031,S-IOMT-031-869,LAB_RESULTS,EP-IND-03860
NET-03861,2026-01-01 09:10:59+00:00,0,IOMT-020,S-IOMT-020-870,LAB_RESULTS,EP-IND-03861
NET-03862,2026-01-01 09:11:13+00:00,0,IOMT-005,S-IOMT-005-871,EHR_WRITE,EP-IND-03862
NET-03863,2026-01-01 09:11:31+00:00,0,IOMT-020,S-IOMT-020-872,EHR_READ,EP-IND-03863
NET-03864,2026-01-01 09:11:33+00:00,0,IOMT-026,S-IOMT-026-873,IMAGING,EP-IND-03864
NET-03865,2026-01-01 09:11:34+00:00,0,IOMT-044,S-IOMT-044-874,RESEARCH,EP-IND-03865
NET-03866,2026-01-01 09:11:42+00:00,0,IOMT-015,S-IOMT-015-875,LAB_RESULTS,EP-IND-03866
NET-03867,2026-01-01 09:11:50+00:00,0,IOMT-018,S-IOMT-018-876,EHR_WRITE,EP-IND-03867
NET-03868,2026-01-01 09:12:01+00:00,0,IOMT-020,S-IOMT-020-877,EHR_WRITE,EP-IND-03868
NET-03869,2026-01-01 09:12:06+00:00,0,IOMT-032,S-IOMT-032-878,EHR_WRITE,EP-IND-03869
NET-03870,2026-01-01 09:12:13+00:00,0,IOMT-022,S-IOMT-022-879,LAB_RESULTS,EP-IND-03870
NET-03871,2026-01-01 09:12:14+00:00,0,IOMT-039,S-IOMT-039-880,RESEARCH,EP-IND-03871
NET-03872,2026-01-01 09:12:30+00:00,0,IOMT-004,S-IOMT-004-881,RESEARCH,EP-IND-03872
NET-03873,2026-01-01 09:12:35+00:00,0,IOMT-025,S-IOMT-025-882,LAB_RESULTS,EP-IND-03873
NET-03874,2026-01-01 09:12:57+00:00,0,IOMT-013,S-IOMT-013-883,EHR_READ,EP-IND-03874
NET-03875,2026-01-01 09:12:59+00:00,0,IOMT-027,S-IOMT-027-884,EHR_WRITE,EP-IND-03875
NET-03876,2026-01-01 09:13:01+00:00,0,IOMT-049,S-IOMT-049-885,IMAGING,EP-IND-03876
NET-03877,2026-01-01 09:13:05+00:00,0,IOMT-002,S-IOMT-002-886,LAB_RESULTS,EP-IND-03877
NET-03878,2026-01-01 09:13:34+00:00,0,IOMT-024,S-IOMT-024-887,EHR_WRITE,EP-IND-03878
NET-03879,2026-01-01 09:13:43+00:00,0,IOMT-006,S-IOMT-006-888,EHR_WRITE,EP-IND-03879
NET-03880,2026-01-01 09:13:48+00:00,0,IOMT-045,S-IOMT-045-889,RESEARCH,EP-IND-03880
NET-03881,2026-01-01 09:14:16+00:00,0,IOMT-044,S-IOMT-044-890,LAB_RESULTS,EP-IND-03881
NET-03882,2026-01-01 09:14:26+00:00,0,IOMT-010,S-IOMT-010-891,EHR_WRITE,EP-IND-03882
NET-03883,2026-01-01 09:14:27+00:00,0,IOMT-019,S-IOMT-019-892,IMAGING,EP-IND-03883
NET-03884,2026-01-01 09:14:29+00:00,0,IOMT-005,S-IOMT-005-893,RESEARCH,EP-IND-03884
NET-03885,2026-01-01 09:14:31+00:00,0,IOMT-020,S-IOMT-020-894,LAB_RESULTS,EP-IND-03885
NET-03886,2026-01-01 09:15:04+00:00,0,IOMT-017,S-IOMT-017-895,LAB_RESULTS,EP-IND-03886
NET-03887,2026-01-01 09:15:09+00:00,1,IOMT-031,S-IOMT-031-896,RESEARCH,EP-IND-03887
NET-03888,2026-01-01 09:15:13+00:00,0,IOMT-031,S-IOMT-031-897,EHR_READ,EP-IND-03888
NET-03889,2026-01-01 09:15:18+00:00,0,IOMT-012,S-IOMT-012-898,EHR_READ,EP-IND-03889
NET-03890,2026-01-01 09:15:23+00:00,0,IOMT-033,S-IOMT-033-899,EHR_WRITE,EP-IND-03890
NET-03891,2026-01-01 09:15:34+00:00,0,IOMT-033,S-IOMT-033-900,IMAGING,EP-IND-03891
NET-03892,2026-01-01 09:15:34+00:00,0,IOMT-008,S-IOMT-008-901,RESEARCH,EP-IND-03892
NET-03893,2026-01-01 09:15:37+00:00,0,IOMT-034,S-IOMT-034-902,RESEARCH,EP-IND-03893
NET-03894,2026-01-01 09:15:52+00:00,0,IOMT-028,S-IOMT-028-903,EHR_READ,EP-IND-03894
NET-03895,2026-01-01 09:16:07+00:00,0,IOMT-045,S-IOMT-045-904,RESEARCH,EP-IND-03895
NET-03896,2026-01-01 09:16:09+00:00,0,IOMT-016,S-IOMT-016-905,IMAGING,EP-IND-03896
NET-03897,2026-01-01 09:16:28+00:00,0,IOMT-021,S-IOMT-021-906,EHR_WRITE,EP-IND-03897
NET-03898,2026-01-01 09:16:49+00:00,0,IOMT-023,S-IOMT-023-907,LAB_RESULTS,EP-IND-03898
NET-03899,2026-01-01 09:16:50+00:00,0,IOMT-042,S-IOMT-042-908,RESEARCH,EP-IND-03899
NET-03900,2026-01-01 09:16:51+00:00,0,IOMT-035,S-IOMT-035-909,LAB_RESULTS,EP-IND-03900
NET-03901,2026-01-01 09:17:03+00:00,0,IOMT-039,S-IOMT-039-910,LAB_RESULTS,EP-IND-03901
NET-03902,2026-01-01 09:17:09+00:00,0,IOMT-037,S-IOMT-037-911,EHR_READ,EP-IND-03902
NET-03903,2026-01-01 09:17:09+00:00,0,IOMT-040,S-IOMT-040-912,RESEARCH,EP-IND-03903
NET-03904,2026-01-01 09:17:17+00:00,0,IOMT-049,S-IOMT-049-913,IMAGING,EP-IND-03904
NET-03905,2026-01-01 09:17:18+00:00,0,IOMT-026,S-IOMT-026-914,RESEARCH,EP-IND-03905
NET-03906,2026-01-01 09:17:24+00:00,0,IOMT-027,S-IOMT-027-915,IMAGING,EP-IND-03906
NET-03907,2026-01-01 09:17:31+00:00,0,IOMT-006,S-IOMT-006-916,LAB_RESULTS,EP-IND-03907
NET-03908,2026-01-01 09:17:32+00:00,0,IOMT-026,S-IOMT-026-917,EHR_WRITE,EP-IND-03908
NET-03909,2026-01-01 09:17:38+00:00,0,IOMT-022,S-IOMT-022-918,EHR_READ,EP-IND-03909
NET-03910,2026-01-01 09:17:39+00:00,0,IOMT-043,S-IOMT-043-919,LAB_RESULTS,EP-IND-03910
NET-03911,2026-01-01 09:17:57+00:00,0,IOMT-011,S-IOMT-011-920,RESEARCH,EP-IND-03911
NET-03912,2026-01-01 09:18:20+00:00,0,IOMT-028,S-IOMT-028-921,IMAGING,EP-IND-03912
NET-03913,2026-01-01 09:18:31+00:00,0,IOMT-032,S-IOMT-032-922,IMAGING,EP-IND-03913
NET-03914,2026-01-01 09:18:31+00:00,0,IOMT-036,S-IOMT-036-923,IMAGING,EP-IND-03914
NET-03915,2026-01-01 09:18:33+00:00,0,IOMT-013,S-IOMT-013-924,EHR_READ,EP-IND-03915
NET-03916,2026-01-01 09:18:36+00:00,1,IOMT-017,S-IOMT-017-925,EHR_WRITE,EP-IND-03916
NET-03917,2026-01-01 09:18:36+00:00,0,IOMT-040,S-IOMT-040-926,LAB_RESULTS,EP-IND-03917
NET-03918,2026-01-01 09:18:40+00:00,0,IOMT-049,S-IOMT-049-927,EHR_READ,EP-IND-03918
NET-03919,2026-01-01 09:18:47+00:00,0,IOMT-003,S-IOMT-003-928,LAB_RESULTS,EP-IND-03919
NET-03920,2026-01-01 09:18:48+00:00,0,IOMT-002,S-IOMT-002-929,LAB_RESULTS,EP-IND-03920
NET-03921,2026-01-01 09:18:57+00:00,0,IOMT-038,S-IOMT-038-930,LAB_RESULTS,EP-IND-03921
NET-03922,2026-01-01 09:19:07+00:00,0,IOMT-035,S-IOMT-035-931,EHR_WRITE,EP-IND-03922
NET-03923,2026-01-01 09:19:12+00:00,0,IOMT-004,S-IOMT-004-932,EHR_READ,EP-IND-03923
NET-03924,2026-01-01 09:19:13+00:00,0,IOMT-024,S-IOMT-024-933,EHR_READ,EP-IND-03924
NET-03925,2026-01-01 09:19:15+00:00,0,IOMT-018,S-IOMT-018-934,RESEARCH,EP-IND-03925
NET-03926,2026-01-01 09:19:26+00:00,0,IOMT-006,S-IOMT-006-935,LAB_RESULTS,EP-IND-03926
NET-03927,2026-01-01 09:19:32+00:00,0,IOMT-031,S-IOMT-031-936,EHR_READ,EP-IND-03927
NET-03928,2026-01-01 09:19:40+00:00,0,IOMT-049,S-IOMT-049-937,RESEARCH,EP-IND-03928
NET-03929,2026-01-01 09:19:43+00:00,0,IOMT-019,S-IOMT-019-938,EHR_WRITE,EP-IND-03929
NET-03930,2026-01-01 09:19:51+00:00,0,IOMT-000,S-IOMT-000-939,EHR_READ,EP-IND-03930
NET-03931,2026-01-01 09:20:02+00:00,0,IOMT-002,S-IOMT-002-940,LAB_RESULTS,EP-IND-03931
NET-03932,2026-01-01 09:20:06+00:00,0,IOMT-040,S-IOMT-040-941,LAB_RESULTS,EP-IND-03932
NET-03933,2026-01-01 09:20:19+00:00,0,IOMT-048,S-IOMT-048-942,EHR_READ,EP-IND-03933
NET-03934,2026-01-01 09:20:22+00:00,0,IOMT-027,S-IOMT-027-943,EHR_READ,EP-IND-03934
NET-03935,2026-01-01 09:20:23+00:00,0,IOMT-000,S-IOMT-000-944,EHR_WRITE,EP-IND-03935
NET-03936,2026-01-01 09:20:37+00:00,0,IOMT-027,S-IOMT-027-945,EHR_READ,EP-IND-03936
NET-03937,2026-01-01 09:20:39+00:00,0,IOMT-021,S-IOMT-021-946,LAB_RESULTS,EP-IND-03937
NET-03938,2026-01-01 09:20:44+00:00,0,IOMT-030,S-IOMT-030-947,IMAGING,EP-IND-03938
NET-03939,2026-01-01 09:20:49+00:00,0,IOMT-032,S-IOMT-032-948,RESEARCH,EP-IND-03939
NET-03940,2026-01-01 09:20:50+00:00,0,IOMT-041,S-IOMT-041-949,RESEARCH,EP-IND-03940
NET-03941,2026-01-01 09:20:50+00:00,0,IOMT-015,S-IOMT-015-950,IMAGING,EP-IND-03941
NET-03942,2026-01-01 09:20:59+00:00,1,IOMT-021,S-IOMT-021-951,EHR_READ,EP-IND-03942
NET-03943,2026-01-01 09:21:03+00:00,0,IOMT-031,S-IOMT-031-952,RESEARCH,EP-IND-03943
NET-03944,2026-01-01 09:21:20+00:00,0,IOMT-012,S-IOMT-012-953,LAB_RESULTS,EP-IND-03944
NET-03945,2026-01-01 09:22:33+00:00,0,IOMT-016,S-IOMT-016-954,IMAGING,EP-IND-03945
NET-03946,2026-01-01 09:22:47+00:00,0,IOMT-027,S-IOMT-027-955,RESEARCH,EP-IND-03946
NET-03947,2026-01-01 09:22:54+00:00,0,IOMT-025,S-IOMT-025-956,RESEARCH,EP-IND-03947
NET-03948,2026-01-01 09:23:34+00:00,0,IOMT-043,S-IOMT-043-957,EHR_READ,EP-IND-03948
NET-03949,2026-01-01 09:23:39+00:00,0,IOMT-047,S-IOMT-047-958,RESEARCH,EP-IND-03949
NET-03950,2026-01-01 09:23:40+00:00,0,IOMT-022,S-IOMT-022-959,IMAGING,EP-IND-03950
NET-03951,2026-01-01 09:23:40+00:00,0,IOMT-036,S-IOMT-036-960,EHR_READ,EP-IND-03951
NET-03952,2026-01-01 09:23:43+00:00,0,IOMT-040,S-IOMT-040-961,LAB_RESULTS,EP-IND-03952
NET-03953,2026-01-01 09:23:54+00:00,0,IOMT-002,S-IOMT-002-962,LAB_RESULTS,EP-IND-03953
NET-03954,2026-01-01 09:24:02+00:00,1,IOMT-016,S-IOMT-016-963,IMAGING,EP-IND-03954
NET-03955,2026-01-01 09:24:12+00:00,0,IOMT-033,S-IOMT-033-964,RESEARCH,EP-IND-03955
NET-03956,2026-01-01 09:24:30+00:00,0,IOMT-026,S-IOMT-026-965,RESEARCH,EP-IND-03956
NET-03957,2026-01-01 09:24:44+00:00,1,IOMT-040,S-IOMT-040-966,EHR_WRITE,EP-IND-03957
NET-03958,2026-01-01 09:24:47+00:00,1,IOMT-010,S-IOMT-010-967,EHR_READ,EP-IND-03958
NET-03959,2026-01-01 09:24:47+00:00,0,IOMT-039,S-IOMT-039-968,RESEARCH,EP-IND-03959
NET-03960,2026-01-01 09:25:10+00:00,0,IOMT-012,S-IOMT-012-969,EHR_WRITE,EP-IND-03960
NET-03961,2026-01-01 09:25:17+00:00,0,IOMT-021,S-IOMT-021-970,IMAGING,EP-IND-03961
NET-03962,2026-01-01 09:25:19+00:00,0,IOMT-024,S-IOMT-024-971,RESEARCH,EP-IND-03962
NET-03963,2026-01-01 09:25:28+00:00,1,IOMT-037,S-IOMT-037-972,LAB_RESULTS,EP-IND-03963
NET-03964,2026-01-01 09:25:40+00:00,0,IOMT-036,S-IOMT-036-973,RESEARCH,EP-IND-03964
NET-03965,2026-01-01 09:25:41+00:00,0,IOMT-033,S-IOMT-033-974,RESEARCH,EP-IND-03965
NET-03966,2026-01-01 09:25:45+00:00,0,IOMT-048,S-IOMT-048-975,RESEARCH,EP-IND-03966
NET-03967,2026-01-01 09:25:46+00:00,0,IOMT-014,S-IOMT-014-976,EHR_READ,EP-IND-03967
NET-03968,2026-01-01 09:25:57+00:00,0,IOMT-002,S-IOMT-002-977,EHR_WRITE,EP-IND-03968
NET-03969,2026-01-01 09:26:02+00:00,0,IOMT-006,S-IOMT-006-978,LAB_RESULTS,EP-IND-03969
NET-03970,2026-01-01 09:26:04+00:00,0,IOMT-040,S-IOMT-040-979,IMAGING,EP-IND-03970
NET-03971,2026-01-01 09:26:07+00:00,0,IOMT-043,S-IOMT-043-980,EHR_WRITE,EP-IND-03971
NET-03972,2026-01-01 09:26:10+00:00,0,IOMT-040,S-IOMT-040-981,LAB_RESULTS,EP-IND-03972
NET-03973,2026-01-01 09:26:24+00:00,0,IOMT-030,S-IOMT-030-982,LAB_RESULTS,EP-IND-03973
NET-03974,2026-01-01 09:26:25+00:00,0,IOMT-021,S-IOMT-021-983,EHR_READ,EP-IND-03974
NET-03975,2026-01-01 09:26:45+00:00,0,IOMT-041,S-IOMT-041-984,RESEARCH,EP-IND-03975
NET-03976,2026-01-01 09:26:59+00:00,0,IOMT-004,S-IOMT-004-985,EHR_READ,EP-IND-03976
NET-03977,2026-01-01 09:27:02+00:00,0,IOMT-048,S-IOMT-048-986,LAB_RESULTS,EP-IND-03977
NET-03978,2026-01-01 09:27:02+00:00,0,IOMT-021,S-IOMT-021-987,RESEARCH,EP-IND-03978
NET-03979,2026-01-01 09:27:03+00:00,0,IOMT-021,S-IOMT-021-988,EHR_READ,EP-IND-03979
NET-03980,2026-01-01 09:27:07+00:00,0,IOMT-026,S-IOMT-026-989,EHR_READ,EP-IND-03980
NET-03981,2026-01-01 09:27:22+00:00,0,IOMT-011,S-IOMT-011-990,EHR_WRITE,EP-IND-03981
NET-03982,2026-01-01 09:27:24+00:00,1,IOMT-033,S-IOMT-033-991,IMAGING,EP-IND-03982
NET-03983,2026-01-01 09:27:30+00:00,0,IOMT-029,S-IOMT-029-992,EHR_WRITE,EP-IND-03983
NET-03984,2026-01-01 09:27:30+00:00,0,IOMT-039,S-IOMT-039-993,EHR_WRITE,EP-IND-03984
NET-03985,2026-01-01 09:27:49+00:00,0,IOMT-013,S-IOMT-013-994,LAB_RESULTS,EP-IND-03985
NET-03986,2026-01-01 09:27:51+00:00,0,IOMT-030,S-IOMT-030-995,RESEARCH,EP-IND-03986
NET-03987,2026-01-01 09:28:09+00:00,0,IOMT-048,S-IOMT-048-996,EHR_WRITE,EP-IND-03987
NET-03988,2026-01-01 09:28:18+00:00,0,IOMT-041,S-IOMT-041-0,EHR_WRITE,EP-IND-03988
NET-03989,2026-01-01 09:28:19+00:00,1,IOMT-026,S-IOMT-026-1,EHR_READ,EP-IND-03989
NET-03990,2026-01-01 09:28:27+00:00,0,IOMT-007,S-IOMT-007-2,EHR_READ,EP-IND-03990
NET-03991,2026-01-01 09:28:28+00:00,0,IOMT-035,S-IOMT-035-3,RESEARCH,EP-IND-03991
NET-03992,2026-01-01 09:28:30+00:00,0,IOMT-049,S-IOMT-049-4,EHR_READ,EP-IND-03992
NET-03993,2026-01-01 09:28:31+00:00,0,IOMT-035,S-IOMT-035-5,EHR_WRITE,EP-IND-03993
NET-03994,2026-01-01 09:28:40+00:00,0,IOMT-019,S-IOMT-019-6,LAB_RESULTS,EP-IND-03994
NET-03995,2026-01-01 09:28:42+00:00,0,IOMT-020,S-IOMT-020-7,RESEARCH,EP-IND-03995
NET-03996,2026-01-01 09:28:44+00:00,0,IOMT-010,S-IOMT-010-8,RESEARCH,EP-IND-03996
NET-03997,2026-01-01 09:28:48+00:00,0,IOMT-021,S-IOMT-021-9,RESEARCH,EP-IND-03997
NET-03998,2026-01-01 09:28:49+00:00,0,IOMT-049,S-IOMT-049-10,LAB_RESULTS,EP-IND-03998
NET-03999,2026-01-01 09:28:52+00:00,0,IOMT-047,S-IOMT-047-11,RESEARCH,EP-IND-03999
NET-04000,2026-01-01 09:28:54+00:00,0,IOMT-018,S-IOMT-018-12,LAB_RESULTS,EP-IND-04000
NET-04001,2026-01-01 09:29:06+00:00,0,IOMT-046,S-IOMT-046-13,RESEARCH,EP-IND-04001
NET-04002,2026-01-01 09:29:09+00:00,0,IOMT-014,S-IOMT-014-14,EHR_WRITE,EP-IND-04002
NET-04003,2026-01-01 09:29:15+00:00,0,IOMT-033,S-IOMT-033-15,LAB_RESULTS,EP-IND-04003
NET-04004,2026-01-01 09:29:20+00:00,0,IOMT-018,S-IOMT-018-16,IMAGING,EP-IND-04004
NET-04005,2026-01-01 09:29:41+00:00,0,IOMT-024,S-IOMT-024-17,IMAGING,EP-IND-04005
NET-04006,2026-01-01 09:29:45+00:00,0,IOMT-027,S-IOMT-027-18,IMAGING,EP-IND-04006
NET-04007,2026-01-01 09:30:05+00:00,0,IOMT-047,S-IOMT-047-19,RESEARCH,EP-IND-04007
NET-04008,2026-01-01 09:30:14+00:00,0,IOMT-001,S-IOMT-001-20,EHR_WRITE,EP-IND-04008
NET-04009,2026-01-01 09:30:15+00:00,0,IOMT-031,S-IOMT-031-21,EHR_WRITE,EP-IND-04009
NET-04010,2026-01-01 09:30:20+00:00,1,IOMT-010,S-IOMT-010-22,IMAGING,EP-IND-04010
NET-04011,2026-01-01 09:30:22+00:00,0,IOMT-001,S-IOMT-001-23,RESEARCH,EP-IND-04011
NET-04012,2026-01-01 09:30:34+00:00,0,IOMT-010,S-IOMT-010-24,EHR_READ,EP-IND-04012
NET-04013,2026-01-01 09:30:34+00:00,0,IOMT-002,S-IOMT-002-25,LAB_RESULTS,EP-IND-04013
NET-04014,2026-01-01 09:30:36+00:00,0,IOMT-025,S-IOMT-025-26,EHR_READ,EP-IND-04014
NET-04015,2026-01-01 09:30:39+00:00,0,IOMT-034,S-IOMT-034-27,RESEARCH,EP-IND-04015
NET-04016,2026-01-01 09:30:52+00:00,0,IOMT-029,S-IOMT-029-28,EHR_WRITE,EP-IND-04016
NET-04017,2026-01-01 09:30:56+00:00,0,IOMT-015,S-IOMT-015-29,EHR_READ,EP-IND-04017
NET-04018,2026-01-01 09:30:59+00:00,0,IOMT-046,S-IOMT-046-30,RESEARCH,EP-IND-04018
NET-04019,2026-01-01 09:31:01+00:00,0,IOMT-024,S-IOMT-024-31,LAB_RESULTS,EP-IND-04019
NET-04020,2026-01-01 09:31:01+00:00,0,IOMT-017,S-IOMT-017-32,LAB_RESULTS,EP-IND-04020
NET-04021,2026-01-01 09:31:02+00:00,0,IOMT-023,S-IOMT-023-33,RESEARCH,EP-IND-04021
NET-04022,2026-01-01 09:31:13+00:00,0,IOMT-024,S-IOMT-024-34,LAB_RESULTS,EP-IND-04022
NET-04023,2026-01-01 09:31:21+00:00,0,IOMT-014,S-IOMT-014-35,EHR_WRITE,EP-IND-04023
NET-04024,2026-01-01 09:31:27+00:00,0,IOMT-027,S-IOMT-027-36,RESEARCH,EP-IND-04024
NET-04025,2026-01-01 09:31:33+00:00,1,IOMT-003,S-IOMT-003-37,EHR_WRITE,EP-IND-04025
NET-04026,2026-01-01 09:31:35+00:00,0,IOMT-003,S-IOMT-003-38,EHR_READ,EP-IND-04026
NET-04027,2026-01-01 09:31:37+00:00,0,IOMT-021,S-IOMT-021-39,EHR_READ,EP-IND-04027
NET-04028,2026-01-01 09:31:45+00:00,0,IOMT-022,S-IOMT-022-40,EHR_WRITE,EP-IND-04028
NET-04029,2026-01-01 09:31:49+00:00,0,IOMT-004,S-IOMT-004-41,EHR_WRITE,EP-IND-04029
NET-04030,2026-01-01 09:31:50+00:00,0,IOMT-002,S-IOMT-002-42,EHR_READ,EP-IND-04030
NET-04031,2026-01-01 09:31:57+00:00,0,IOMT-000,S-IOMT-000-43,EHR_WRITE,EP-IND-04031
NET-04032,2026-01-01 09:31:58+00:00,0,IOMT-046,S-IOMT-046-44,IMAGING,EP-IND-04032
NET-04033,2026-01-01 09:32:00+00:00,0,IOMT-038,S-IOMT-038-45,EHR_READ,EP-IND-04033
NET-04034,2026-01-01 09:32:03+00:00,0,IOMT-011,S-IOMT-011-46,EHR_WRITE,EP-IND-04034
NET-04035,2026-01-01 09:32:14+00:00,0,IOMT-038,S-IOMT-038-47,RESEARCH,EP-IND-04035
NET-04036,2026-01-01 09:32:23+00:00,0,IOMT-028,S-IOMT-028-48,RESEARCH,EP-IND-04036
NET-04037,2026-01-01 09:32:33+00:00,0,IOMT-026,S-IOMT-026-49,EHR_READ,EP-IND-04037
NET-04038,2026-01-01 09:32:35+00:00,0,IOMT-007,S-IOMT-007-50,LAB_RESULTS,EP-IND-04038
NET-04039,2026-01-01 09:32:42+00:00,0,IOMT-022,S-IOMT-022-51,LAB_RESULTS,EP-IND-04039
NET-04040,2026-01-01 09:32:47+00:00,0,IOMT-006,S-IOMT-006-52,EHR_READ,EP-IND-04040
NET-04041,2026-01-01 09:32:48+00:00,0,IOMT-013,S-IOMT-013-53,EHR_READ,EP-IND-04041
NET-04042,2026-01-01 09:32:59+00:00,0,IOMT-020,S-IOMT-020-54,IMAGING,EP-IND-04042
NET-04043,2026-01-01 09:33:03+00:00,0,IOMT-003,S-IOMT-003-55,LAB_RESULTS,EP-IND-04043
NET-04044,2026-01-01 09:33:17+00:00,0,IOMT-005,S-IOMT-005-56,EHR_WRITE,EP-IND-04044
NET-04045,2026-01-01 09:33:24+00:00,0,IOMT-025,S-IOMT-025-57,RESEARCH,EP-IND-04045
NET-04046,2026-01-01 09:33:59+00:00,1,IOMT-015,S-IOMT-015-58,EHR_READ,EP-IND-04046
NET-04047,2026-01-01 09:34:08+00:00,0,IOMT-011,S-IOMT-011-59,EHR_READ,EP-IND-04047
NET-04048,2026-01-01 09:34:36+00:00,0,IOMT-032,S-IOMT-032-60,EHR_READ,EP-IND-04048
NET-04049,2026-01-01 09:34:44+00:00,1,IOMT-043,S-IOMT-043-61,RESEARCH,EP-IND-04049
NET-04050,2026-01-01 09:34:52+00:00,0,IOMT-030,S-IOMT-030-62,LAB_RESULTS,EP-IND-04050
NET-04051,2026-01-01 09:34:59+00:00,0,IOMT-031,S-IOMT-031-63,LAB_RESULTS,EP-IND-04051
NET-04052,2026-01-01 09:35:19+00:00,0,IOMT-028,S-IOMT-028-64,IMAGING,EP-IND-04052
NET-04053,2026-01-01 09:35:30+00:00,0,IOMT-043,S-IOMT-043-65,RESEARCH,EP-IND-04053
NET-04054,2026-01-01 09:35:32+00:00,0,IOMT-042,S-IOMT-042-66,EHR_WRITE,EP-IND-04054
NET-04055,2026-01-01 09:35:39+00:00,0,IOMT-040,S-IOMT-040-67,LAB_RESULTS,EP-IND-04055
NET-04056,2026-01-01 09:35:40+00:00,0,IOMT-029,S-IOMT-029-68,EHR_WRITE,EP-IND-04056
NET-04057,2026-01-01 09:35:42+00:00,0,IOMT-031,S-IOMT-031-69,LAB_RESULTS,EP-IND-04057
NET-04058,2026-01-01 09:35:51+00:00,0,IOMT-009,S-IOMT-009-70,LAB_RESULTS,EP-IND-04058
NET-04059,2026-01-01 09:35:52+00:00,0,IOMT-016,S-IOMT-016-71,RESEARCH,EP-IND-04059
NET-04060,2026-01-01 09:35:55+00:00,0,IOMT-031,S-IOMT-031-72,IMAGING,EP-IND-04060
NET-04061,2026-01-01 09:35:59+00:00,0,IOMT-006,S-IOMT-006-73,LAB_RESULTS,EP-IND-04061
NET-04062,2026-01-01 09:36:18+00:00,0,IOMT-022,S-IOMT-022-74,IMAGING,EP-IND-04062
NET-04063,2026-01-01 09:36:27+00:00,0,IOMT-042,S-IOMT-042-75,IMAGING,EP-IND-04063
NET-04064,2026-01-01 09:36:48+00:00,0,IOMT-033,S-IOMT-033-76,RESEARCH,EP-IND-04064
NET-04065,2026-01-01 09:36:48+00:00,0,IOMT-044,S-IOMT-044-77,LAB_RESULTS,EP-IND-04065
NET-04066,2026-01-01 09:36:52+00:00,0,IOMT-032,S-IOMT-032-78,RESEARCH,EP-IND-04066
NET-04067,2026-01-01 09:36:53+00:00,0,IOMT-026,S-IOMT-026-79,RESEARCH,EP-IND-04067
NET-04068,2026-01-01 09:37:01+00:00,0,IOMT-020,S-IOMT-020-80,EHR_READ,EP-IND-04068
NET-04069,2026-01-01 09:37:01+00:00,0,IOMT-040,S-IOMT-040-81,RESEARCH,EP-IND-04069
NET-04070,2026-01-01 09:37:08+00:00,0,IOMT-045,S-IOMT-045-82,IMAGING,EP-IND-04070
NET-04071,2026-01-01 09:37:12+00:00,0,IOMT-037,S-IOMT-037-83,LAB_RESULTS,EP-IND-04071
NET-04072,2026-01-01 09:37:22+00:00,0,IOMT-023,S-IOMT-023-84,LAB_RESULTS,EP-IND-04072
NET-04073,2026-01-01 09:37:28+00:00,0,IOMT-034,S-IOMT-034-85,IMAGING,EP-IND-04073
NET-04074,2026-01-01 09:37:31+00:00,0,IOMT-032,S-IOMT-032-86,IMAGING,EP-IND-04074
NET-04075,2026-01-01 09:37:33+00:00,0,IOMT-039,S-IOMT-039-87,EHR_WRITE,EP-IND-04075
NET-04076,2026-01-01 09:37:37+00:00,0,IOMT-026,S-IOMT-026-88,LAB_RESULTS,EP-IND-04076
NET-04077,2026-01-01 09:37:43+00:00,0,IOMT-048,S-IOMT-048-89,LAB_RESULTS,EP-IND-04077
NET-04078,2026-01-01 09:37:50+00:00,1,IOMT-025,S-IOMT-025-90,LAB_RESULTS,EP-IND-04078
NET-04079,2026-01-01 09:37:51+00:00,0,IOMT-045,S-IOMT-045-91,EHR_READ,EP-IND-04079
NET-04080,2026-01-01 09:37:55+00:00,0,IOMT-007,S-IOMT-007-92,EHR_READ,EP-IND-04080
NET-04081,2026-01-01 09:37:56+00:00,0,IOMT-025,S-IOMT-025-93,IMAGING,EP-IND-04081
NET-04082,2026-01-01 09:38:07+00:00,0,IOMT-015,S-IOMT-015-94,RESEARCH,EP-IND-04082
NET-04083,2026-01-01 09:38:14+00:00,0,IOMT-031,S-IOMT-031-95,EHR_READ,EP-IND-04083
NET-04084,2026-01-01 09:38:17+00:00,0,IOMT-012,S-IOMT-012-96,IMAGING,EP-IND-04084
NET-04085,2026-01-01 09:38:19+00:00,0,IOMT-029,S-IOMT-029-97,LAB_RESULTS,EP-IND-04085
NET-04086,2026-01-01 09:38:22+00:00,1,IOMT-035,S-IOMT-035-98,LAB_RESULTS,EP-IND-04086
NET-04087,2026-01-01 09:38:26+00:00,0,IOMT-048,S-IOMT-048-99,EHR_WRITE,EP-IND-04087
NET-04088,2026-01-01 09:38:26+00:00,0,IOMT-015,S-IOMT-015-100,EHR_WRITE,EP-IND-04088
NET-04089,2026-01-01 09:38:34+00:00,0,IOMT-000,S-IOMT-000-101,IMAGING,EP-IND-04089
NET-04090,2026-01-01 09:38:34+00:00,0,IOMT-045,S-IOMT-045-102,EHR_WRITE,EP-IND-04090
NET-04091,2026-01-01 09:38:38+00:00,0,IOMT-045,S-IOMT-045-103,IMAGING,EP-IND-04091
NET-04092,2026-01-01 09:38:39+00:00,0,IOMT-004,S-IOMT-004-104,EHR_WRITE,EP-IND-04092
NET-04093,2026-01-01 09:38:39+00:00,0,IOMT-003,S-IOMT-003-105,EHR_WRITE,EP-IND-04093
NET-04094,2026-01-01 09:38:47+00:00,0,IOMT-012,S-IOMT-012-106,EHR_WRITE,EP-IND-04094
NET-04095,2026-01-01 09:38:58+00:00,0,IOMT-012,S-IOMT-012-107,EHR_READ,EP-IND-04095
NET-04096,2026-01-01 09:39:02+00:00,0,IOMT-034,S-IOMT-034-108,EHR_READ,EP-IND-04096
NET-04097,2026-01-01 09:39:06+00:00,0,IOMT-040,S-IOMT-040-109,RESEARCH,EP-IND-04097
NET-04098,2026-01-01 09:39:08+00:00,0,IOMT-043,S-IOMT-043-110,IMAGING,EP-IND-04098
NET-04099,2026-01-01 09:39:26+00:00,0,IOMT-014,S-IOMT-014-111,EHR_READ,EP-IND-04099
NET-04100,2026-01-01 09:39:28+00:00,0,IOMT-005,S-IOMT-005-112,RESEARCH,EP-IND-04100
NET-04101,2026-01-01 09:39:38+00:00,0,IOMT-013,S-IOMT-013-113,EHR_WRITE,EP-IND-04101
NET-04102,2026-01-01 09:39:45+00:00,0,IOMT-041,S-IOMT-041-114,IMAGING,EP-IND-04102
NET-04103,2026-01-01 09:39:46+00:00,0,IOMT-010,S-IOMT-010-115,LAB_RESULTS,EP-IND-04103
NET-04104,2026-01-01 09:39:54+00:00,0,IOMT-042,S-IOMT-042-116,EHR_WRITE,EP-IND-04104
NET-04105,2026-01-01 09:39:54+00:00,0,IOMT-024,S-IOMT-024-117,RESEARCH,EP-IND-04105
NET-04106,2026-01-01 09:39:56+00:00,0,IOMT-043,S-IOMT-043-118,LAB_RESULTS,EP-IND-04106
NET-04107,2026-01-01 09:40:00+00:00,0,IOMT-016,S-IOMT-016-119,LAB_RESULTS,EP-IND-04107
NET-04108,2026-01-01 09:40:00+00:00,0,IOMT-042,S-IOMT-042-120,EHR_READ,EP-IND-04108
NET-04109,2026-01-01 09:40:02+00:00,0,IOMT-009,S-IOMT-009-121,EHR_WRITE,EP-IND-04109
NET-04110,2026-01-01 09:40:10+00:00,0,IOMT-035,S-IOMT-035-122,LAB_RESULTS,EP-IND-04110
NET-04111,2026-01-01 09:40:30+00:00,0,IOMT-011,S-IOMT-011-123,EHR_WRITE,EP-IND-04111
NET-04112,2026-01-01 09:40:35+00:00,0,IOMT-046,S-IOMT-046-124,LAB_RESULTS,EP-IND-04112
NET-04113,2026-01-01 09:40:38+00:00,0,IOMT-048,S-IOMT-048-125,LAB_RESULTS,EP-IND-04113
NET-04114,2026-01-01 09:40:50+00:00,0,IOMT-031,S-IOMT-031-126,IMAGING,EP-IND-04114
NET-04115,2026-01-01 09:40:53+00:00,0,IOMT-032,S-IOMT-032-127,IMAGING,EP-IND-04115
NET-04116,2026-01-01 09:41:09+00:00,0,IOMT-038,S-IOMT-038-128,IMAGING,EP-IND-04116
NET-04117,2026-01-01 09:41:16+00:00,0,IOMT-028,S-IOMT-028-129,RESEARCH,EP-IND-04117
NET-04118,2026-01-01 09:41:22+00:00,0,IOMT-045,S-IOMT-045-130,IMAGING,EP-IND-04118
NET-04119,2026-01-01 09:41:24+00:00,0,IOMT-023,S-IOMT-023-131,LAB_RESULTS,EP-IND-04119
NET-04120,2026-01-01 09:41:25+00:00,0,IOMT-011,S-IOMT-011-132,RESEARCH,EP-IND-04120
NET-04121,2026-01-01 09:41:37+00:00,0,IOMT-014,S-IOMT-014-133,EHR_WRITE,EP-IND-04121
NET-04122,2026-01-01 09:41:41+00:00,0,IOMT-027,S-IOMT-027-134,EHR_WRITE,EP-IND-04122
NET-04123,2026-01-01 09:41:42+00:00,0,IOMT-010,S-IOMT-010-135,EHR_WRITE,EP-IND-04123
NET-04124,2026-01-01 09:42:06+00:00,0,IOMT-003,S-IOMT-003-136,EHR_WRITE,EP-IND-04124
NET-04125,2026-01-01 09:42:14+00:00,0,IOMT-007,S-IOMT-007-137,IMAGING,EP-IND-04125
NET-04126,2026-01-01 09:42:57+00:00,0,IOMT-018,S-IOMT-018-138,EHR_WRITE,EP-IND-04126
NET-04127,2026-01-01 09:42:57+00:00,0,IOMT-004,S-IOMT-004-139,RESEARCH,EP-IND-04127
NET-04128,2026-01-01 09:43:16+00:00,0,IOMT-044,S-IOMT-044-140,LAB_RESULTS,EP-IND-04128
NET-04129,2026-01-01 09:43:32+00:00,0,IOMT-045,S-IOMT-045-141,EHR_WRITE,EP-IND-04129
NET-04130,2026-01-01 09:43:41+00:00,0,IOMT-014,S-IOMT-014-142,RESEARCH,EP-IND-04130
NET-04131,2026-01-01 09:43:52+00:00,0,IOMT-046,S-IOMT-046-143,IMAGING,EP-IND-04131
NET-04132,2026-01-01 09:43:56+00:00,0,IOMT-027,S-IOMT-027-144,LAB_RESULTS,EP-IND-04132
NET-04133,2026-01-01 09:43:58+00:00,0,IOMT-022,S-IOMT-022-145,RESEARCH,EP-IND-04133
NET-04134,2026-01-01 09:43:59+00:00,0,IOMT-046,S-IOMT-046-146,LAB_RESULTS,EP-IND-04134
NET-04135,2026-01-01 09:44:05+00:00,0,IOMT-031,S-IOMT-031-147,RESEARCH,EP-IND-04135
NET-04136,2026-01-01 09:44:09+00:00,0,IOMT-034,S-IOMT-034-148,RESEARCH,EP-IND-04136
NET-04137,2026-01-01 09:44:10+00:00,0,IOMT-033,S-IOMT-033-149,RESEARCH,EP-IND-04137
NET-04138,2026-01-01 09:44:29+00:00,0,IOMT-002,S-IOMT-002-150,IMAGING,EP-IND-04138
NET-04139,2026-01-01 09:44:53+00:00,0,IOMT-048,S-IOMT-048-151,IMAGING,EP-IND-04139
NET-04140,2026-01-01 09:44:54+00:00,0,IOMT-008,S-IOMT-008-152,LAB_RESULTS,EP-IND-04140
NET-04141,2026-01-01 09:44:58+00:00,0,IOMT-026,S-IOMT-026-153,RESEARCH,EP-IND-04141
NET-04142,2026-01-01 09:45:13+00:00,0,IOMT-046,S-IOMT-046-154,LAB_RESULTS,EP-IND-04142
NET-04143,2026-01-01 09:45:21+00:00,0,IOMT-009,S-IOMT-009-155,RESEARCH,EP-IND-04143
NET-04144,2026-01-01 09:45:22+00:00,0,IOMT-023,S-IOMT-023-156,LAB_RESULTS,EP-IND-04144
NET-04145,2026-01-01 09:45:24+00:00,0,IOMT-023,S-IOMT-023-157,EHR_WRITE,EP-IND-04145
NET-04146,2026-01-01 09:45:31+00:00,0,IOMT-018,S-IOMT-018-158,EHR_READ,EP-IND-04146
NET-04147,2026-01-01 09:46:00+00:00,0,IOMT-016,S-IOMT-016-159,EHR_READ,EP-IND-04147
NET-04148,2026-01-01 09:46:01+00:00,0,IOMT-028,S-IOMT-028-160,EHR_READ,EP-IND-04148
NET-04149,2026-01-01 09:46:08+00:00,1,IOMT-009,S-IOMT-009-161,RESEARCH,EP-IND-04149
NET-04150,2026-01-01 09:46:16+00:00,0,IOMT-035,S-IOMT-035-162,LAB_RESULTS,EP-IND-04150
NET-04151,2026-01-01 09:46:25+00:00,0,IOMT-038,S-IOMT-038-163,EHR_READ,EP-IND-04151
NET-04152,2026-01-01 09:46:31+00:00,0,IOMT-003,S-IOMT-003-164,IMAGING,EP-IND-04152
NET-04153,2026-01-01 09:46:38+00:00,0,IOMT-049,S-IOMT-049-165,EHR_WRITE,EP-IND-04153
NET-04154,2026-01-01 09:46:43+00:00,0,IOMT-039,S-IOMT-039-166,RESEARCH,EP-IND-04154
NET-04155,2026-01-01 09:46:57+00:00,0,IOMT-048,S-IOMT-048-167,EHR_READ,EP-IND-04155
NET-04156,2026-01-01 09:47:00+00:00,0,IOMT-045,S-IOMT-045-168,EHR_WRITE,EP-IND-04156
NET-04157,2026-01-01 09:47:14+00:00,0,IOMT-007,S-IOMT-007-169,EHR_READ,EP-IND-04157
NET-04158,2026-01-01 09:47:19+00:00,0,IOMT-048,S-IOMT-048-170,EHR_READ,EP-IND-04158
NET-04159,2026-01-01 09:47:21+00:00,0,IOMT-048,S-IOMT-048-171,RESEARCH,EP-IND-04159
NET-04160,2026-01-01 09:47:24+00:00,0,IOMT-014,S-IOMT-014-172,EHR_READ,EP-IND-04160
NET-04161,2026-01-01 09:47:24+00:00,0,IOMT-019,S-IOMT-019-173,LAB_RESULTS,EP-IND-04161
NET-04162,2026-01-01 09:47:48+00:00,0,IOMT-032,S-IOMT-032-174,EHR_WRITE,EP-IND-04162
NET-04163,2026-01-01 09:47:52+00:00,0,IOMT-032,S-IOMT-032-175,LAB_RESULTS,EP-IND-04163
NET-04164,2026-01-01 09:48:11+00:00,0,IOMT-047,S-IOMT-047-176,EHR_WRITE,EP-IND-04164
NET-04165,2026-01-01 09:48:18+00:00,0,IOMT-044,S-IOMT-044-177,EHR_READ,EP-IND-04165
NET-04166,2026-01-01 09:48:21+00:00,0,IOMT-039,S-IOMT-039-178,EHR_WRITE,EP-IND-04166
NET-04167,2026-01-01 09:48:36+00:00,0,IOMT-009,S-IOMT-009-179,RESEARCH,EP-IND-04167
NET-04168,2026-01-01 09:48:37+00:00,0,IOMT-034,S-IOMT-034-180,EHR_WRITE,EP-IND-04168
NET-04169,2026-01-01 09:48:37+00:00,0,IOMT-003,S-IOMT-003-181,IMAGING,EP-IND-04169
NET-04170,2026-01-01 09:48:43+00:00,0,IOMT-040,S-IOMT-040-182,IMAGING,EP-IND-04170
NET-04171,2026-01-01 09:48:45+00:00,0,IOMT-026,S-IOMT-026-183,LAB_RESULTS,EP-IND-04171
NET-04172,2026-01-01 09:49:03+00:00,0,IOMT-025,S-IOMT-025-184,IMAGING,EP-IND-04172
NET-04173,2026-01-01 09:49:24+00:00,0,IOMT-038,S-IOMT-038-185,IMAGING,EP-IND-04173
NET-04174,2026-01-01 09:49:52+00:00,1,IOMT-016,S-IOMT-016-186,EHR_WRITE,EP-IND-04174
NET-04175,2026-01-01 09:50:16+00:00,0,IOMT-048,S-IOMT-048-187,LAB_RESULTS,EP-IND-04175
NET-04176,2026-01-01 09:50:27+00:00,0,IOMT-030,S-IOMT-030-188,LAB_RESULTS,EP-IND-04176
NET-04177,2026-01-01 09:50:29+00:00,0,IOMT-048,S-IOMT-048-189,EHR_READ,EP-IND-04177
NET-04178,2026-01-01 09:50:31+00:00,0,IOMT-026,S-IOMT-026-190,RESEARCH,EP-IND-04178
NET-04179,2026-01-01 09:50:34+00:00,0,IOMT-000,S-IOMT-000-191,RESEARCH,EP-IND-04179
NET-04180,2026-01-01 09:50:38+00:00,0,IOMT-028,S-IOMT-028-192,RESEARCH,EP-IND-04180
NET-04181,2026-01-01 09:50:44+00:00,0,IOMT-025,S-IOMT-025-193,LAB_RESULTS,EP-IND-04181
NET-04182,2026-01-01 09:51:02+00:00,0,IOMT-020,S-IOMT-020-194,RESEARCH,EP-IND-04182
NET-04183,2026-01-01 09:51:10+00:00,0,IOMT-042,S-IOMT-042-195,RESEARCH,EP-IND-04183
NET-04184,2026-01-01 09:51:16+00:00,0,IOMT-049,S-IOMT-049-196,RESEARCH,EP-IND-04184
NET-04185,2026-01-01 09:51:18+00:00,0,IOMT-023,S-IOMT-023-197,IMAGING,EP-IND-04185
NET-04186,2026-01-01 09:51:23+00:00,1,IOMT-017,S-IOMT-017-198,RESEARCH,EP-IND-04186
NET-04187,2026-01-01 09:51:48+00:00,0,IOMT-011,S-IOMT-011-199,EHR_READ,EP-IND-04187
NET-04188,2026-01-01 09:52:00+00:00,0,IOMT-029,S-IOMT-029-200,LAB_RESULTS,EP-IND-04188
NET-04189,2026-01-01 09:52:13+00:00,0,IOMT-000,S-IOMT-000-201,LAB_RESULTS,EP-IND-04189
NET-04190,2026-01-01 09:52:13+00:00,0,IOMT-031,S-IOMT-031-202,EHR_READ,EP-IND-04190
NET-04191,2026-01-01 09:52:18+00:00,0,IOMT-030,S-IOMT-030-203,LAB_RESULTS,EP-IND-04191
NET-04192,2026-01-01 09:52:34+00:00,0,IOMT-036,S-IOMT-036-204,EHR_WRITE,EP-IND-04192
NET-04193,2026-01-01 09:52:44+00:00,0,IOMT-036,S-IOMT-036-205,IMAGING,EP-IND-04193
NET-04194,2026-01-01 09:52:50+00:00,0,IOMT-008,S-IOMT-008-206,LAB_RESULTS,EP-IND-04194
NET-04195,2026-01-01 09:52:52+00:00,0,IOMT-044,S-IOMT-044-207,LAB_RESULTS,EP-IND-04195
NET-04196,2026-01-01 09:53:12+00:00,0,IOMT-037,S-IOMT-037-208,EHR_READ,EP-IND-04196
NET-04197,2026-01-01 09:53:18+00:00,0,IOMT-039,S-IOMT-039-209,EHR_READ,EP-IND-04197
NET-04198,2026-01-01 09:53:30+00:00,0,IOMT-024,S-IOMT-024-210,EHR_READ,EP-IND-04198
NET-04199,2026-01-01 09:53:41+00:00,0,IOMT-031,S-IOMT-031-211,IMAGING,EP-IND-04199
NET-04200,2026-01-01 09:53:42+00:00,0,IOMT-023,S-IOMT-023-212,EHR_READ,EP-IND-04200
NET-04201,2026-01-01 09:53:50+00:00,0,IOMT-016,S-IOMT-016-213,EHR_READ,EP-IND-04201
NET-04202,2026-01-01 09:53:55+00:00,0,IOMT-042,S-IOMT-042-214,LAB_RESULTS,EP-IND-04202
NET-04203,2026-01-01 09:54:03+00:00,0,IOMT-045,S-IOMT-045-215,EHR_WRITE,EP-IND-04203
NET-04204,2026-01-01 09:54:06+00:00,0,IOMT-035,S-IOMT-035-216,EHR_WRITE,EP-IND-04204
NET-04205,2026-01-01 09:54:06+00:00,0,IOMT-011,S-IOMT-011-217,IMAGING,EP-IND-04205
NET-04206,2026-01-01 09:54:07+00:00,0,IOMT-047,S-IOMT-047-218,RESEARCH,EP-IND-04206
NET-04207,2026-01-01 09:54:10+00:00,0,IOMT-029,S-IOMT-029-219,RESEARCH,EP-IND-04207
NET-04208,2026-01-01 09:54:25+00:00,0,IOMT-044,S-IOMT-044-220,EHR_WRITE,EP-IND-04208
NET-04209,2026-01-01 09:54:26+00:00,0,IOMT-000,S-IOMT-000-221,LAB_RESULTS,EP-IND-04209
NET-04210,2026-01-01 09:54:41+00:00,0,IOMT-023,S-IOMT-023-222,LAB_RESULTS,EP-IND-04210
NET-04211,2026-01-01 09:54:54+00:00,0,IOMT-007,S-IOMT-007-223,LAB_RESULTS,EP-IND-04211
NET-04212,2026-01-01 09:54:55+00:00,0,IOMT-046,S-IOMT-046-224,LAB_RESULTS,EP-IND-04212
NET-04213,2026-01-01 09:54:58+00:00,0,IOMT-033,S-IOMT-033-225,LAB_RESULTS,EP-IND-04213
NET-04214,2026-01-01 09:55:16+00:00,0,IOMT-046,S-IOMT-046-226,EHR_WRITE,EP-IND-04214
NET-04215,2026-01-01 09:55:20+00:00,0,IOMT-020,S-IOMT-020-227,IMAGING,EP-IND-04215
NET-04216,2026-01-01 09:56:04+00:00,0,IOMT-004,S-IOMT-004-228,EHR_WRITE,EP-IND-04216
NET-04217,2026-01-01 09:56:16+00:00,0,IOMT-012,S-IOMT-012-229,IMAGING,EP-IND-04217
NET-04218,2026-01-01 09:56:17+00:00,0,IOMT-010,S-IOMT-010-230,EHR_WRITE,EP-IND-04218
NET-04219,2026-01-01 09:56:21+00:00,0,IOMT-015,S-IOMT-015-231,IMAGING,EP-IND-04219
NET-04220,2026-01-01 09:56:40+00:00,0,IOMT-007,S-IOMT-007-232,RESEARCH,EP-IND-04220
NET-04221,2026-01-01 09:56:42+00:00,0,IOMT-047,S-IOMT-047-233,IMAGING,EP-IND-04221
NET-04222,2026-01-01 09:56:45+00:00,0,IOMT-023,S-IOMT-023-234,EHR_WRITE,EP-IND-04222
NET-04223,2026-01-01 09:56:45+00:00,0,IOMT-044,S-IOMT-044-235,RESEARCH,EP-IND-04223
NET-04224,2026-01-01 09:56:46+00:00,0,IOMT-010,S-IOMT-010-236,LAB_RESULTS,EP-IND-04224
NET-04225,2026-01-01 09:57:04+00:00,0,IOMT-029,S-IOMT-029-237,EHR_WRITE,EP-IND-04225
NET-04226,2026-01-01 09:57:10+00:00,0,IOMT-040,S-IOMT-040-238,EHR_READ,EP-IND-04226
NET-04227,2026-01-01 09:57:10+00:00,0,IOMT-000,S-IOMT-000-239,IMAGING,EP-IND-04227
NET-04228,2026-01-01 09:57:10+00:00,0,IOMT-037,S-IOMT-037-240,IMAGING,EP-IND-04228
NET-04229,2026-01-01 09:57:21+00:00,0,IOMT-013,S-IOMT-013-241,RESEARCH,EP-IND-04229
NET-04230,2026-01-01 09:57:29+00:00,0,IOMT-003,S-IOMT-003-242,IMAGING,EP-IND-04230
NET-04231,2026-01-01 09:57:31+00:00,0,IOMT-041,S-IOMT-041-243,RESEARCH,EP-IND-04231
NET-04232,2026-01-01 09:57:40+00:00,0,IOMT-049,S-IOMT-049-244,EHR_WRITE,EP-IND-04232
NET-04233,2026-01-01 09:57:45+00:00,0,IOMT-029,S-IOMT-029-245,LAB_RESULTS,EP-IND-04233
NET-04234,2026-01-01 09:57:56+00:00,0,IOMT-031,S-IOMT-031-246,EHR_WRITE,EP-IND-04234
NET-04235,2026-01-01 09:58:11+00:00,0,IOMT-045,S-IOMT-045-247,IMAGING,EP-IND-04235
NET-04236,2026-01-01 09:58:29+00:00,0,IOMT-005,S-IOMT-005-248,LAB_RESULTS,EP-IND-04236
NET-04237,2026-01-01 09:58:51+00:00,0,IOMT-045,S-IOMT-045-249,LAB_RESULTS,EP-IND-04237
NET-04238,2026-01-01 09:58:52+00:00,0,IOMT-023,S-IOMT-023-250,EHR_READ,EP-IND-04238
NET-04239,2026-01-01 09:58:56+00:00,0,IOMT-016,S-IOMT-016-251,LAB_RESULTS,EP-IND-04239
NET-04240,2026-01-01 09:59:05+00:00,0,IOMT-026,S-IOMT-026-252,EHR_READ,EP-IND-04240
NET-04241,2026-01-01 09:59:07+00:00,0,IOMT-044,S-IOMT-044-253,RESEARCH,EP-IND-04241
NET-04242,2026-01-01 09:59:09+00:00,0,IOMT-042,S-IOMT-042-254,RESEARCH,EP-IND-04242
NET-04243,2026-01-01 09:59:12+00:00,0,IOMT-021,S-IOMT-021-255,LAB_RESULTS,EP-IND-04243
NET-04244,2026-01-01 09:59:15+00:00,0,IOMT-018,S-IOMT-018-256,IMAGING,EP-IND-04244
NET-04245,2026-01-01 09:59:24+00:00,0,IOMT-022,S-IOMT-022-257,EHR_WRITE,EP-IND-04245
NET-04246,2026-01-01 09:59:26+00:00,0,IOMT-020,S-IOMT-020-258,RESEARCH,EP-IND-04246
NET-04247,2026-01-01 09:59:28+00:00,0,IOMT-006,S-IOMT-006-259,EHR_WRITE,EP-IND-04247
NET-04248,2026-01-01 09:59:31+00:00,0,IOMT-034,S-IOMT-034-260,RESEARCH,EP-IND-04248
NET-04249,2026-01-01 09:59:32+00:00,0,IOMT-042,S-IOMT-042-261,EHR_READ,EP-IND-04249
NET-04250,2026-01-01 09:59:33+00:00,0,IOMT-028,S-IOMT-028-262,IMAGING,EP-IND-04250
NET-04251,2026-01-01 09:59:49+00:00,0,IOMT-008,S-IOMT-008-263,EHR_WRITE,EP-IND-04251
NET-04252,2026-01-01 09:59:58+00:00,0,IOMT-043,S-IOMT-043-264,RESEARCH,EP-IND-04252
NET-04253,2026-01-01 10:00:03+00:00,0,IOMT-038,S-IOMT-038-265,LAB_RESULTS,EP-IND-04253
NET-04254,2026-01-01 10:00:09+00:00,0,IOMT-029,S-IOMT-029-266,EHR_WRITE,EP-IND-04254
NET-04255,2026-01-01 10:00:15+00:00,0,IOMT-032,S-IOMT-032-267,LAB_RESULTS,EP-IND-04255
NET-04256,2026-01-01 10:00:15+00:00,0,IOMT-015,S-IOMT-015-268,EHR_WRITE,EP-IND-04256
NET-04257,2026-01-01 10:00:17+00:00,0,IOMT-018,S-IOMT-018-269,EHR_READ,EP-IND-04257
NET-04258,2026-01-01 10:00:19+00:00,0,IOMT-017,S-IOMT-017-270,EHR_WRITE,EP-IND-04258
NET-04259,2026-01-01 10:00:27+00:00,0,IOMT-037,S-IOMT-037-271,EHR_READ,EP-IND-04259
NET-04260,2026-01-01 10:00:32+00:00,0,IOMT-017,S-IOMT-017-272,RESEARCH,EP-IND-04260
NET-04261,2026-01-01 10:00:41+00:00,0,IOMT-010,S-IOMT-010-273,EHR_WRITE,EP-IND-04261
NET-04262,2026-01-01 10:01:02+00:00,0,IOMT-004,S-IOMT-004-274,EHR_READ,EP-IND-04262
NET-04263,2026-01-01 10:01:03+00:00,0,IOMT-037,S-IOMT-037-275,IMAGING,EP-IND-04263
NET-04264,2026-01-01 10:01:05+00:00,0,IOMT-005,S-IOMT-005-276,EHR_WRITE,EP-IND-04264
NET-04265,2026-01-01 10:01:09+00:00,0,IOMT-001,S-IOMT-001-277,LAB_RESULTS,EP-IND-04265
NET-04266,2026-01-01 10:01:15+00:00,0,IOMT-040,S-IOMT-040-278,LAB_RESULTS,EP-IND-04266
NET-04267,2026-01-01 10:01:28+00:00,0,IOMT-004,S-IOMT-004-279,IMAGING,EP-IND-04267
NET-04268,2026-01-01 10:01:29+00:00,0,IOMT-029,S-IOMT-029-280,RESEARCH,EP-IND-04268
NET-04269,2026-01-01 10:01:47+00:00,0,IOMT-017,S-IOMT-017-281,EHR_WRITE,EP-IND-04269
NET-04270,2026-01-01 10:01:51+00:00,0,IOMT-008,S-IOMT-008-282,IMAGING,EP-IND-04270
NET-04271,2026-01-01 10:01:55+00:00,1,IOMT-043,S-IOMT-043-283,EHR_READ,EP-IND-04271
NET-04272,2026-01-01 10:01:58+00:00,0,IOMT-044,S-IOMT-044-284,RESEARCH,EP-IND-04272
NET-04273,2026-01-01 10:02:06+00:00,0,IOMT-008,S-IOMT-008-285,EHR_READ,EP-IND-04273
NET-04274,2026-01-01 10:02:12+00:00,0,IOMT-000,S-IOMT-000-286,LAB_RESULTS,EP-IND-04274
NET-04275,2026-01-01 10:02:22+00:00,0,IOMT-023,S-IOMT-023-287,RESEARCH,EP-IND-04275
NET-04276,2026-01-01 10:02:27+00:00,0,IOMT-036,S-IOMT-036-288,EHR_READ,EP-IND-04276
NET-04277,2026-01-01 10:02:28+00:00,0,IOMT-024,S-IOMT-024-289,IMAGING,EP-IND-04277
NET-04278,2026-01-01 10:03:03+00:00,0,IOMT-026,S-IOMT-026-290,EHR_READ,EP-IND-04278
NET-04279,2026-01-01 10:03:06+00:00,0,IOMT-010,S-IOMT-010-291,EHR_WRITE,EP-IND-04279
NET-04280,2026-01-01 10:03:26+00:00,0,IOMT-028,S-IOMT-028-292,IMAGING,EP-IND-04280
NET-04281,2026-01-01 10:03:29+00:00,0,IOMT-019,S-IOMT-019-293,LAB_RESULTS,EP-IND-04281
NET-04282,2026-01-01 10:03:45+00:00,0,IOMT-040,S-IOMT-040-294,EHR_READ,EP-IND-04282
NET-04283,2026-01-01 10:03:50+00:00,0,IOMT-006,S-IOMT-006-295,IMAGING,EP-IND-04283
NET-04284,2026-01-01 10:03:54+00:00,0,IOMT-016,S-IOMT-016-296,RESEARCH,EP-IND-04284
NET-04285,2026-01-01 10:03:58+00:00,0,IOMT-028,S-IOMT-028-297,LAB_RESULTS,EP-IND-04285
NET-04286,2026-01-01 10:03:58+00:00,0,IOMT-040,S-IOMT-040-298,EHR_READ,EP-IND-04286
NET-04287,2026-01-01 10:04:00+00:00,0,IOMT-003,S-IOMT-003-299,EHR_READ,EP-IND-04287
NET-04288,2026-01-01 10:04:03+00:00,0,IOMT-006,S-IOMT-006-300,EHR_WRITE,EP-IND-04288
NET-04289,2026-01-01 10:04:10+00:00,0,IOMT-023,S-IOMT-023-301,RESEARCH,EP-IND-04289
NET-04290,2026-01-01 10:04:11+00:00,0,IOMT-041,S-IOMT-041-302,EHR_READ,EP-IND-04290
NET-04291,2026-01-01 10:04:13+00:00,0,IOMT-035,S-IOMT-035-303,RESEARCH,EP-IND-04291
NET-04292,2026-01-01 10:04:28+00:00,0,IOMT-049,S-IOMT-049-304,EHR_WRITE,EP-IND-04292
NET-04293,2026-01-01 10:04:28+00:00,1,IOMT-001,S-IOMT-001-305,LAB_RESULTS,EP-IND-04293
NET-04294,2026-01-01 10:04:39+00:00,0,IOMT-013,S-IOMT-013-306,EHR_WRITE,EP-IND-04294
NET-04295,2026-01-01 10:04:54+00:00,0,IOMT-012,S-IOMT-012-307,EHR_WRITE,EP-IND-04295
NET-04296,2026-01-01 10:05:02+00:00,0,IOMT-038,S-IOMT-038-308,IMAGING,EP-IND-04296
NET-04297,2026-01-01 10:05:03+00:00,0,IOMT-040,S-IOMT-040-309,IMAGING,EP-IND-04297
NET-04298,2026-01-01 10:05:14+00:00,0,IOMT-002,S-IOMT-002-310,IMAGING,EP-IND-04298
NET-04299,2026-01-01 10:05:17+00:00,0,IOMT-040,S-IOMT-040-311,RESEARCH,EP-IND-04299
NET-04300,2026-01-01 10:05:22+00:00,0,IOMT-046,S-IOMT-046-312,IMAGING,EP-IND-04300
NET-04301,2026-01-01 10:05:25+00:00,0,IOMT-006,S-IOMT-006-313,LAB_RESULTS,EP-IND-04301
NET-04302,2026-01-01 10:05:25+00:00,0,IOMT-017,S-IOMT-017-314,IMAGING,EP-IND-04302
NET-04303,2026-01-01 10:05:28+00:00,0,IOMT-005,S-IOMT-005-315,RESEARCH,EP-IND-04303
NET-04304,2026-01-01 10:05:32+00:00,0,IOMT-027,S-IOMT-027-316,EHR_WRITE,EP-IND-04304
NET-04305,2026-01-01 10:05:40+00:00,0,IOMT-034,S-IOMT-034-317,LAB_RESULTS,EP-IND-04305
NET-04306,2026-01-01 10:05:46+00:00,0,IOMT-013,S-IOMT-013-318,EHR_READ,EP-IND-04306
NET-04307,2026-01-01 10:05:48+00:00,0,IOMT-034,S-IOMT-034-319,LAB_RESULTS,EP-IND-04307
NET-04308,2026-01-01 10:05:52+00:00,0,IOMT-030,S-IOMT-030-320,IMAGING,EP-IND-04308
NET-04309,2026-01-01 10:05:54+00:00,0,IOMT-040,S-IOMT-040-321,RESEARCH,EP-IND-04309
NET-04310,2026-01-01 10:05:55+00:00,0,IOMT-021,S-IOMT-021-322,IMAGING,EP-IND-04310
NET-04311,2026-01-01 10:05:56+00:00,0,IOMT-047,S-IOMT-047-323,EHR_WRITE,EP-IND-04311
NET-04312,2026-01-01 10:06:03+00:00,0,IOMT-018,S-IOMT-018-324,EHR_READ,EP-IND-04312
NET-04313,2026-01-01 10:06:09+00:00,1,IOMT-018,S-IOMT-018-325,LAB_RESULTS,EP-IND-04313
NET-04314,2026-01-01 10:06:18+00:00,0,IOMT-026,S-IOMT-026-326,EHR_READ,EP-IND-04314
NET-04315,2026-01-01 10:06:26+00:00,0,IOMT-048,S-IOMT-048-327,RESEARCH,EP-IND-04315
NET-04316,2026-01-01 10:06:35+00:00,1,IOMT-045,S-IOMT-045-328,RESEARCH,EP-IND-04316
NET-04317,2026-01-01 10:06:36+00:00,0,IOMT-024,S-IOMT-024-329,RESEARCH,EP-IND-04317
NET-04318,2026-01-01 10:06:38+00:00,0,IOMT-041,S-IOMT-041-330,EHR_READ,EP-IND-04318
NET-04319,2026-01-01 10:07:12+00:00,1,IOMT-012,S-IOMT-012-331,EHR_READ,EP-IND-04319
NET-04320,2026-01-01 10:07:31+00:00,0,IOMT-022,S-IOMT-022-332,EHR_READ,EP-IND-04320
NET-04321,2026-01-01 10:07:38+00:00,0,IOMT-018,S-IOMT-018-333,IMAGING,EP-IND-04321
NET-04322,2026-01-01 10:07:42+00:00,0,IOMT-030,S-IOMT-030-334,IMAGING,EP-IND-04322
NET-04323,2026-01-01 10:07:46+00:00,0,IOMT-019,S-IOMT-019-335,IMAGING,EP-IND-04323
NET-04324,2026-01-01 10:07:48+00:00,0,IOMT-009,S-IOMT-009-336,EHR_WRITE,EP-IND-04324
NET-04325,2026-01-01 10:07:53+00:00,1,IOMT-044,S-IOMT-044-337,LAB_RESULTS,EP-IND-04325
NET-04326,2026-01-01 10:08:15+00:00,1,IOMT-003,S-IOMT-003-338,LAB_RESULTS,EP-IND-04326
NET-04327,2026-01-01 10:08:22+00:00,0,IOMT-008,S-IOMT-008-339,EHR_WRITE,EP-IND-04327
NET-04328,2026-01-01 10:08:24+00:00,1,IOMT-004,S-IOMT-004-340,EHR_READ,EP-IND-04328
NET-04329,2026-01-01 10:08:28+00:00,1,IOMT-037,S-IOMT-037-341,EHR_WRITE,EP-IND-04329
NET-04330,2026-01-01 10:08:57+00:00,0,IOMT-025,S-IOMT-025-342,RESEARCH,EP-IND-04330
NET-04331,2026-01-01 10:09:13+00:00,0,IOMT-041,S-IOMT-041-343,IMAGING,EP-IND-04331
NET-04332,2026-01-01 10:09:44+00:00,0,IOMT-019,S-IOMT-019-344,EHR_WRITE,EP-IND-04332
NET-04333,2026-01-01 10:09:57+00:00,0,IOMT-003,S-IOMT-003-345,LAB_RESULTS,EP-IND-04333
NET-04334,2026-01-01 10:10:06+00:00,0,IOMT-008,S-IOMT-008-346,EHR_WRITE,EP-IND-04334
NET-04335,2026-01-01 10:10:20+00:00,0,IOMT-020,S-IOMT-020-347,IMAGING,EP-IND-04335
NET-04336,2026-01-01 10:10:20+00:00,0,IOMT-038,S-IOMT-038-348,RESEARCH,EP-IND-04336
NET-04337,2026-01-01 10:10:22+00:00,0,IOMT-028,S-IOMT-028-349,LAB_RESULTS,EP-IND-04337
NET-04338,2026-01-01 10:10:36+00:00,0,IOMT-035,S-IOMT-035-350,EHR_WRITE,EP-IND-04338
NET-04339,2026-01-01 10:10:39+00:00,0,IOMT-041,S-IOMT-041-351,RESEARCH,EP-IND-04339
NET-04340,2026-01-01 10:10:55+00:00,0,IOMT-046,S-IOMT-046-352,IMAGING,EP-IND-04340
NET-04341,2026-01-01 10:11:07+00:00,1,IOMT-046,S-IOMT-046-353,RESEARCH,EP-IND-04341
NET-04342,2026-01-01 10:11:19+00:00,0,IOMT-006,S-IOMT-006-354,EHR_READ,EP-IND-04342
NET-04343,2026-01-01 10:11:43+00:00,0,IOMT-001,S-IOMT-001-355,LAB_RESULTS,EP-IND-04343
NET-04344,2026-01-01 10:12:09+00:00,0,IOMT-030,S-IOMT-030-356,EHR_WRITE,EP-IND-04344
NET-04345,2026-01-01 10:12:12+00:00,0,IOMT-005,S-IOMT-005-357,EHR_READ,EP-IND-04345
NET-04346,2026-01-01 10:12:16+00:00,0,IOMT-014,S-IOMT-014-358,EHR_READ,EP-IND-04346
NET-04347,2026-01-01 10:12:25+00:00,0,IOMT-020,S-IOMT-020-359,EHR_WRITE,EP-IND-04347
NET-04348,2026-01-01 10:12:26+00:00,1,IOMT-037,S-IOMT-037-360,LAB_RESULTS,EP-IND-04348
NET-04349,2026-01-01 10:12:27+00:00,0,IOMT-014,S-IOMT-014-361,EHR_READ,EP-IND-04349
NET-04350,2026-01-01 10:12:31+00:00,0,IOMT-039,S-IOMT-039-362,IMAGING,EP-IND-04350
NET-04351,2026-01-01 10:12:44+00:00,0,IOMT-033,S-IOMT-033-363,EHR_READ,EP-IND-04351
NET-04352,2026-01-01 10:12:48+00:00,0,IOMT-009,S-IOMT-009-364,EHR_WRITE,EP-IND-04352
NET-04353,2026-01-01 10:12:55+00:00,0,IOMT-046,S-IOMT-046-365,EHR_READ,EP-IND-04353
NET-04354,2026-01-01 10:13:01+00:00,0,IOMT-025,S-IOMT-025-366,RESEARCH,EP-IND-04354
NET-04355,2026-01-01 10:13:03+00:00,0,IOMT-006,S-IOMT-006-367,RESEARCH,EP-IND-04355
NET-04356,2026-01-01 10:13:09+00:00,0,IOMT-005,S-IOMT-005-368,LAB_RESULTS,EP-IND-04356
NET-04357,2026-01-01 10:13:20+00:00,0,IOMT-018,S-IOMT-018-369,EHR_READ,EP-IND-04357
NET-04358,2026-01-01 10:13:28+00:00,0,IOMT-023,S-IOMT-023-370,EHR_WRITE,EP-IND-04358
NET-04359,2026-01-01 10:13:29+00:00,0,IOMT-004,S-IOMT-004-371,EHR_WRITE,EP-IND-04359
NET-04360,2026-01-01 10:13:35+00:00,0,IOMT-008,S-IOMT-008-372,LAB_RESULTS,EP-IND-04360
NET-04361,2026-01-01 10:13:36+00:00,0,IOMT-027,S-IOMT-027-373,EHR_READ,EP-IND-04361
NET-04362,2026-01-01 10:13:37+00:00,0,IOMT-049,S-IOMT-049-374,RESEARCH,EP-IND-04362
NET-04363,2026-01-01 10:13:47+00:00,0,IOMT-027,S-IOMT-027-375,IMAGING,EP-IND-04363
NET-04364,2026-01-01 10:13:50+00:00,0,IOMT-022,S-IOMT-022-376,IMAGING,EP-IND-04364
NET-04365,2026-01-01 10:14:10+00:00,0,IOMT-036,S-IOMT-036-377,EHR_READ,EP-IND-04365
NET-04366,2026-01-01 10:14:13+00:00,0,IOMT-018,S-IOMT-018-378,IMAGING,EP-IND-04366
NET-04367,2026-01-01 10:14:18+00:00,0,IOMT-039,S-IOMT-039-379,EHR_WRITE,EP-IND-04367
NET-04368,2026-01-01 10:14:18+00:00,0,IOMT-046,S-IOMT-046-380,EHR_WRITE,EP-IND-04368
NET-04369,2026-01-01 10:14:32+00:00,0,IOMT-045,S-IOMT-045-381,LAB_RESULTS,EP-IND-04369
NET-04370,2026-01-01 10:14:49+00:00,0,IOMT-039,S-IOMT-039-382,RESEARCH,EP-IND-04370
NET-04371,2026-01-01 10:14:54+00:00,1,IOMT-005,S-IOMT-005-383,LAB_RESULTS,EP-IND-04371
NET-04372,2026-01-01 10:15:17+00:00,0,IOMT-046,S-IOMT-046-384,RESEARCH,EP-IND-04372
NET-04373,2026-01-01 10:15:19+00:00,0,IOMT-002,S-IOMT-002-385,LAB_RESULTS,EP-IND-04373
NET-04374,2026-01-01 10:15:25+00:00,0,IOMT-023,S-IOMT-023-386,EHR_READ,EP-IND-04374
NET-04375,2026-01-01 10:15:29+00:00,0,IOMT-022,S-IOMT-022-387,EHR_WRITE,EP-IND-04375
NET-04376,2026-01-01 10:15:30+00:00,0,IOMT-040,S-IOMT-040-388,RESEARCH,EP-IND-04376
NET-04377,2026-01-01 10:15:37+00:00,0,IOMT-006,S-IOMT-006-389,RESEARCH,EP-IND-04377
NET-04378,2026-01-01 10:16:23+00:00,0,IOMT-026,S-IOMT-026-390,RESEARCH,EP-IND-04378
NET-04379,2026-01-01 10:16:31+00:00,0,IOMT-049,S-IOMT-049-391,RESEARCH,EP-IND-04379
NET-04380,2026-01-01 10:16:40+00:00,0,IOMT-017,S-IOMT-017-392,IMAGING,EP-IND-04380
NET-04381,2026-01-01 10:16:42+00:00,0,IOMT-010,S-IOMT-010-393,IMAGING,EP-IND-04381
NET-04382,2026-01-01 10:16:52+00:00,0,IOMT-039,S-IOMT-039-394,LAB_RESULTS,EP-IND-04382
NET-04383,2026-01-01 10:17:07+00:00,0,IOMT-011,S-IOMT-011-395,IMAGING,EP-IND-04383
NET-04384,2026-01-01 10:17:22+00:00,0,IOMT-043,S-IOMT-043-396,EHR_WRITE,EP-IND-04384
NET-04385,2026-01-01 10:17:26+00:00,0,IOMT-045,S-IOMT-045-397,EHR_READ,EP-IND-04385
NET-04386,2026-01-01 10:17:47+00:00,0,IOMT-034,S-IOMT-034-398,EHR_READ,EP-IND-04386
NET-04387,2026-01-01 10:17:56+00:00,0,IOMT-038,S-IOMT-038-399,EHR_WRITE,EP-IND-04387
NET-04388,2026-01-01 10:18:10+00:00,0,IOMT-030,S-IOMT-030-400,RESEARCH,EP-IND-04388
NET-04389,2026-01-01 10:18:15+00:00,0,IOMT-011,S-IOMT-011-401,EHR_WRITE,EP-IND-04389
NET-04390,2026-01-01 10:18:19+00:00,0,IOMT-039,S-IOMT-039-402,LAB_RESULTS,EP-IND-04390
NET-04391,2026-01-01 10:18:35+00:00,0,IOMT-021,S-IOMT-021-403,LAB_RESULTS,EP-IND-04391
NET-04392,2026-01-01 10:18:40+00:00,0,IOMT-006,S-IOMT-006-404,EHR_READ,EP-IND-04392
NET-04393,2026-01-01 10:18:46+00:00,0,IOMT-017,S-IOMT-017-405,EHR_READ,EP-IND-04393
NET-04394,2026-01-01 10:18:48+00:00,0,IOMT-024,S-IOMT-024-406,IMAGING,EP-IND-04394
NET-04395,2026-01-01 10:18:50+00:00,0,IOMT-019,S-IOMT-019-407,LAB_RESULTS,EP-IND-04395
NET-04396,2026-01-01 10:18:53+00:00,1,IOMT-008,S-IOMT-008-408,RESEARCH,EP-IND-04396
NET-04397,2026-01-01 10:18:57+00:00,0,IOMT-032,S-IOMT-032-409,LAB_RESULTS,EP-IND-04397
NET-04398,2026-01-01 10:19:02+00:00,0,IOMT-026,S-IOMT-026-410,EHR_WRITE,EP-IND-04398
NET-04399,2026-01-01 10:19:26+00:00,0,IOMT-030,S-IOMT-030-411,RESEARCH,EP-IND-04399
NET-04400,2026-01-01 10:19:27+00:00,0,IOMT-025,S-IOMT-025-412,LAB_RESULTS,EP-IND-04400
NET-04401,2026-01-01 10:19:27+00:00,0,IOMT-028,S-IOMT-028-413,LAB_RESULTS,EP-IND-04401
NET-04402,2026-01-01 10:19:38+00:00,0,IOMT-026,S-IOMT-026-414,RESEARCH,EP-IND-04402
NET-04403,2026-01-01 10:19:47+00:00,0,IOMT-012,S-IOMT-012-415,RESEARCH,EP-IND-04403
NET-04404,2026-01-01 10:20:33+00:00,0,IOMT-038,S-IOMT-038-416,LAB_RESULTS,EP-IND-04404
NET-04405,2026-01-01 10:20:35+00:00,0,IOMT-033,S-IOMT-033-417,LAB_RESULTS,EP-IND-04405
NET-04406,2026-01-01 10:20:40+00:00,0,IOMT-012,S-IOMT-012-418,EHR_READ,EP-IND-04406
NET-04407,2026-01-01 10:20:40+00:00,0,IOMT-021,S-IOMT-021-419,RESEARCH,EP-IND-04407
NET-04408,2026-01-01 10:20:46+00:00,1,IOMT-012,S-IOMT-012-420,RESEARCH,EP-IND-04408
NET-04409,2026-01-01 10:20:49+00:00,0,IOMT-029,S-IOMT-029-421,LAB_RESULTS,EP-IND-04409
NET-04410,2026-01-01 10:20:49+00:00,0,IOMT-010,S-IOMT-010-422,EHR_READ,EP-IND-04410
NET-04411,2026-01-01 10:20:55+00:00,0,IOMT-011,S-IOMT-011-423,EHR_WRITE,EP-IND-04411
NET-04412,2026-01-01 10:20:56+00:00,0,IOMT-009,S-IOMT-009-424,RESEARCH,EP-IND-04412
NET-04413,2026-01-01 10:21:10+00:00,0,IOMT-013,S-IOMT-013-425,IMAGING,EP-IND-04413
NET-04414,2026-01-01 10:21:18+00:00,0,IOMT-018,S-IOMT-018-426,IMAGING,EP-IND-04414
NET-04415,2026-01-01 10:21:37+00:00,0,IOMT-006,S-IOMT-006-427,EHR_READ,EP-IND-04415
NET-04416,2026-01-01 10:21:45+00:00,0,IOMT-044,S-IOMT-044-428,EHR_READ,EP-IND-04416
NET-04417,2026-01-01 10:22:09+00:00,0,IOMT-014,S-IOMT-014-429,EHR_READ,EP-IND-04417
NET-04418,2026-01-01 10:22:18+00:00,0,IOMT-022,S-IOMT-022-430,LAB_RESULTS,EP-IND-04418
NET-04419,2026-01-01 10:22:20+00:00,0,IOMT-003,S-IOMT-003-431,EHR_WRITE,EP-IND-04419
NET-04420,2026-01-01 10:22:25+00:00,0,IOMT-014,S-IOMT-014-432,IMAGING,EP-IND-04420
NET-04421,2026-01-01 10:22:42+00:00,0,IOMT-003,S-IOMT-003-433,RESEARCH,EP-IND-04421
NET-04422,2026-01-01 10:23:03+00:00,0,IOMT-040,S-IOMT-040-434,IMAGING,EP-IND-04422
NET-04423,2026-01-01 10:23:08+00:00,0,IOMT-003,S-IOMT-003-435,EHR_WRITE,EP-IND-04423
NET-04424,2026-01-01 10:23:12+00:00,0,IOMT-027,S-IOMT-027-436,RESEARCH,EP-IND-04424
NET-04425,2026-01-01 10:23:18+00:00,0,IOMT-043,S-IOMT-043-437,EHR_WRITE,EP-IND-04425
NET-04426,2026-01-01 10:23:26+00:00,0,IOMT-037,S-IOMT-037-438,LAB_RESULTS,EP-IND-04426
NET-04427,2026-01-01 10:23:33+00:00,0,IOMT-049,S-IOMT-049-439,EHR_WRITE,EP-IND-04427
NET-04428,2026-01-01 10:23:38+00:00,0,IOMT-042,S-IOMT-042-440,LAB_RESULTS,EP-IND-04428
NET-04429,2026-01-01 10:23:40+00:00,0,IOMT-015,S-IOMT-015-441,EHR_WRITE,EP-IND-04429
NET-04430,2026-01-01 10:23:46+00:00,0,IOMT-041,S-IOMT-041-442,RESEARCH,EP-IND-04430
NET-04431,2026-01-01 10:23:57+00:00,0,IOMT-004,S-IOMT-004-443,IMAGING,EP-IND-04431
NET-04432,2026-01-01 10:24:09+00:00,0,IOMT-021,S-IOMT-021-444,EHR_WRITE,EP-IND-04432
NET-04433,2026-01-01 10:24:16+00:00,0,IOMT-017,S-IOMT-017-445,EHR_READ,EP-IND-04433
NET-04434,2026-01-01 10:24:29+00:00,0,IOMT-011,S-IOMT-011-446,EHR_READ,EP-IND-04434
NET-04435,2026-01-01 10:24:42+00:00,0,IOMT-022,S-IOMT-022-447,EHR_WRITE,EP-IND-04435
NET-04436,2026-01-01 10:24:46+00:00,1,IOMT-019,S-IOMT-019-448,LAB_RESULTS,EP-IND-04436
NET-04437,2026-01-01 10:24:52+00:00,0,IOMT-033,S-IOMT-033-449,RESEARCH,EP-IND-04437
NET-04438,2026-01-01 10:24:54+00:00,0,IOMT-024,S-IOMT-024-450,RESEARCH,EP-IND-04438
NET-04439,2026-01-01 10:25:15+00:00,0,IOMT-042,S-IOMT-042-451,EHR_WRITE,EP-IND-04439
NET-04440,2026-01-01 10:25:47+00:00,0,IOMT-026,S-IOMT-026-452,RESEARCH,EP-IND-04440
NET-04441,2026-01-01 10:25:47+00:00,0,IOMT-042,S-IOMT-042-453,LAB_RESULTS,EP-IND-04441
NET-04442,2026-01-01 10:25:48+00:00,0,IOMT-010,S-IOMT-010-454,IMAGING,EP-IND-04442
NET-04443,2026-01-01 10:26:05+00:00,0,IOMT-037,S-IOMT-037-455,EHR_READ,EP-IND-04443
NET-04444,2026-01-01 10:26:25+00:00,0,IOMT-001,S-IOMT-001-456,IMAGING,EP-IND-04444
NET-04445,2026-01-01 10:26:27+00:00,0,IOMT-005,S-IOMT-005-457,LAB_RESULTS,EP-IND-04445
NET-04446,2026-01-01 10:26:30+00:00,0,IOMT-027,S-IOMT-027-458,IMAGING,EP-IND-04446
NET-04447,2026-01-01 10:26:58+00:00,0,IOMT-021,S-IOMT-021-459,EHR_WRITE,EP-IND-04447
NET-04448,2026-01-01 10:27:01+00:00,0,IOMT-017,S-IOMT-017-460,RESEARCH,EP-IND-04448
NET-04449,2026-01-01 10:27:05+00:00,0,IOMT-029,S-IOMT-029-461,EHR_READ,EP-IND-04449
NET-04450,2026-01-01 10:27:13+00:00,0,IOMT-028,S-IOMT-028-462,EHR_WRITE,EP-IND-04450
NET-04451,2026-01-01 10:27:39+00:00,0,IOMT-001,S-IOMT-001-463,EHR_READ,EP-IND-04451
NET-04452,2026-01-01 10:27:50+00:00,0,IOMT-033,S-IOMT-033-464,IMAGING,EP-IND-04452
NET-04453,2026-01-01 10:28:15+00:00,0,IOMT-019,S-IOMT-019-465,EHR_WRITE,EP-IND-04453
NET-04454,2026-01-01 10:28:24+00:00,0,IOMT-008,S-IOMT-008-466,EHR_READ,EP-IND-04454
NET-04455,2026-01-01 10:28:28+00:00,0,IOMT-023,S-IOMT-023-467,LAB_RESULTS,EP-IND-04455
NET-04456,2026-01-01 10:28:44+00:00,0,IOMT-045,S-IOMT-045-468,EHR_WRITE,EP-IND-04456
NET-04457,2026-01-01 10:28:50+00:00,0,IOMT-008,S-IOMT-008-469,EHR_READ,EP-IND-04457
NET-04458,2026-01-01 10:29:08+00:00,0,IOMT-048,S-IOMT-048-470,IMAGING,EP-IND-04458
NET-04459,2026-01-01 10:29:10+00:00,0,IOMT-041,S-IOMT-041-471,RESEARCH,EP-IND-04459
NET-04460,2026-01-01 10:29:30+00:00,0,IOMT-032,S-IOMT-032-472,RESEARCH,EP-IND-04460
NET-04461,2026-01-01 10:29:46+00:00,0,IOMT-041,S-IOMT-041-473,RESEARCH,EP-IND-04461
NET-04462,2026-01-01 10:30:15+00:00,0,IOMT-043,S-IOMT-043-474,EHR_WRITE,EP-IND-04462
NET-04463,2026-01-01 10:30:30+00:00,0,IOMT-039,S-IOMT-039-475,IMAGING,EP-IND-04463
NET-04464,2026-01-01 10:30:44+00:00,0,IOMT-044,S-IOMT-044-476,EHR_WRITE,EP-IND-04464
NET-04465,2026-01-01 10:30:49+00:00,0,IOMT-048,S-IOMT-048-477,RESEARCH,EP-IND-04465
NET-04466,2026-01-01 10:30:50+00:00,0,IOMT-028,S-IOMT-028-478,EHR_READ,EP-IND-04466
NET-04467,2026-01-01 10:30:55+00:00,0,IOMT-030,S-IOMT-030-479,EHR_WRITE,EP-IND-04467
NET-04468,2026-01-01 10:31:01+00:00,0,IOMT-003,S-IOMT-003-480,LAB_RESULTS,EP-IND-04468
NET-04469,2026-01-01 10:31:10+00:00,0,IOMT-005,S-IOMT-005-481,EHR_READ,EP-IND-04469
NET-04470,2026-01-01 10:31:18+00:00,0,IOMT-012,S-IOMT-012-482,LAB_RESULTS,EP-IND-04470
NET-04471,2026-01-01 10:31:25+00:00,0,IOMT-007,S-IOMT-007-483,LAB_RESULTS,EP-IND-04471
NET-04472,2026-01-01 10:31:26+00:00,0,IOMT-006,S-IOMT-006-484,IMAGING,EP-IND-04472
NET-04473,2026-01-01 10:31:30+00:00,0,IOMT-046,S-IOMT-046-485,EHR_WRITE,EP-IND-04473
NET-04474,2026-01-01 10:31:35+00:00,0,IOMT-019,S-IOMT-019-486,EHR_READ,EP-IND-04474
NET-04475,2026-01-01 10:31:58+00:00,0,IOMT-036,S-IOMT-036-487,EHR_WRITE,EP-IND-04475
NET-04476,2026-01-01 10:32:08+00:00,0,IOMT-003,S-IOMT-003-488,IMAGING,EP-IND-04476
NET-04477,2026-01-01 10:32:09+00:00,0,IOMT-005,S-IOMT-005-489,EHR_READ,EP-IND-04477
NET-04478,2026-01-01 10:32:21+00:00,0,IOMT-048,S-IOMT-048-490,EHR_READ,EP-IND-04478
NET-04479,2026-01-01 10:32:31+00:00,0,IOMT-022,S-IOMT-022-491,RESEARCH,EP-IND-04479
NET-04480,2026-01-01 10:32:38+00:00,0,IOMT-045,S-IOMT-045-492,LAB_RESULTS,EP-IND-04480
NET-04481,2026-01-01 10:32:45+00:00,0,IOMT-032,S-IOMT-032-493,EHR_WRITE,EP-IND-04481
NET-04482,2026-01-01 10:32:48+00:00,0,IOMT-044,S-IOMT-044-494,EHR_READ,EP-IND-04482
NET-04483,2026-01-01 10:33:08+00:00,0,IOMT-001,S-IOMT-001-495,LAB_RESULTS,EP-IND-04483
NET-04484,2026-01-01 10:33:21+00:00,0,IOMT-037,S-IOMT-037-496,EHR_READ,EP-IND-04484
NET-04485,2026-01-01 10:33:32+00:00,0,IOMT-015,S-IOMT-015-497,EHR_READ,EP-IND-04485
NET-04486,2026-01-01 10:33:47+00:00,0,IOMT-049,S-IOMT-049-498,RESEARCH,EP-IND-04486
NET-04487,2026-01-01 10:33:53+00:00,0,IOMT-025,S-IOMT-025-499,LAB_RESULTS,EP-IND-04487
NET-04488,2026-01-01 10:33:59+00:00,0,IOMT-015,S-IOMT-015-500,RESEARCH,EP-IND-04488
NET-04489,2026-01-01 10:34:11+00:00,0,IOMT-036,S-IOMT-036-501,EHR_READ,EP-IND-04489
NET-04490,2026-01-01 10:34:38+00:00,0,IOMT-048,S-IOMT-048-502,RESEARCH,EP-IND-04490
NET-04491,2026-01-01 10:34:46+00:00,0,IOMT-016,S-IOMT-016-503,IMAGING,EP-IND-04491
NET-04492,2026-01-01 10:34:56+00:00,0,IOMT-022,S-IOMT-022-504,RESEARCH,EP-IND-04492
NET-04493,2026-01-01 10:35:07+00:00,0,IOMT-013,S-IOMT-013-505,IMAGING,EP-IND-04493
NET-04494,2026-01-01 10:35:09+00:00,0,IOMT-004,S-IOMT-004-506,EHR_WRITE,EP-IND-04494
NET-04495,2026-01-01 10:35:27+00:00,0,IOMT-041,S-IOMT-041-507,RESEARCH,EP-IND-04495
NET-04496,2026-01-01 10:35:49+00:00,0,IOMT-033,S-IOMT-033-508,LAB_RESULTS,EP-IND-04496
NET-04497,2026-01-01 10:35:49+00:00,0,IOMT-002,S-IOMT-002-509,LAB_RESULTS,EP-IND-04497
NET-04498,2026-01-01 10:35:54+00:00,0,IOMT-001,S-IOMT-001-510,EHR_WRITE,EP-IND-04498
NET-04499,2026-01-01 10:35:57+00:00,0,IOMT-036,S-IOMT-036-511,LAB_RESULTS,EP-IND-04499
NET-04500,2026-01-01 10:36:28+00:00,0,IOMT-028,S-IOMT-028-512,EHR_READ,EP-IND-04500
NET-04501,2026-01-01 10:36:33+00:00,0,IOMT-037,S-IOMT-037-513,EHR_WRITE,EP-IND-04501
NET-04502,2026-01-01 10:36:38+00:00,0,IOMT-039,S-IOMT-039-514,LAB_RESULTS,EP-IND-04502
NET-04503,2026-01-01 10:36:44+00:00,0,IOMT-002,S-IOMT-002-515,EHR_READ,EP-IND-04503
NET-04504,2026-01-01 10:37:27+00:00,0,IOMT-000,S-IOMT-000-516,EHR_READ,EP-IND-04504
NET-04505,2026-01-01 10:37:49+00:00,0,IOMT-000,S-IOMT-000-517,RESEARCH,EP-IND-04505
NET-04506,2026-01-01 10:37:55+00:00,0,IOMT-012,S-IOMT-012-518,EHR_WRITE,EP-IND-04506
NET-04507,2026-01-01 10:38:45+00:00,0,IOMT-024,S-IOMT-024-519,RESEARCH,EP-IND-04507
NET-04508,2026-01-01 10:38:49+00:00,0,IOMT-008,S-IOMT-008-520,EHR_READ,EP-IND-04508
NET-04509,2026-01-01 10:39:04+00:00,0,IOMT-034,S-IOMT-034-521,LAB_RESULTS,EP-IND-04509
NET-04510,2026-01-01 10:39:38+00:00,0,IOMT-020,S-IOMT-020-522,RESEARCH,EP-IND-04510
NET-04511,2026-01-01 10:39:43+00:00,0,IOMT-039,S-IOMT-039-523,IMAGING,EP-IND-04511
NET-04512,2026-01-01 10:39:45+00:00,0,IOMT-007,S-IOMT-007-524,IMAGING,EP-IND-04512
NET-04513,2026-01-01 10:40:32+00:00,0,IOMT-008,S-IOMT-008-525,EHR_READ,EP-IND-04513
NET-04514,2026-01-01 10:40:33+00:00,0,IOMT-013,S-IOMT-013-526,EHR_READ,EP-IND-04514
NET-04515,2026-01-01 10:40:53+00:00,0,IOMT-001,S-IOMT-001-527,LAB_RESULTS,EP-IND-04515
NET-04516,2026-01-01 10:41:14+00:00,0,IOMT-043,S-IOMT-043-528,LAB_RESULTS,EP-IND-04516
NET-04517,2026-01-01 10:41:15+00:00,0,IOMT-048,S-IOMT-048-529,RESEARCH,EP-IND-04517
NET-04518,2026-01-01 10:41:25+00:00,0,IOMT-017,S-IOMT-017-530,RESEARCH,EP-IND-04518
NET-04519,2026-01-01 10:41:33+00:00,1,IOMT-040,S-IOMT-040-531,IMAGING,EP-IND-04519
NET-04520,2026-01-01 10:41:34+00:00,0,IOMT-011,S-IOMT-011-532,RESEARCH,EP-IND-04520
NET-04521,2026-01-01 10:41:36+00:00,0,IOMT-003,S-IOMT-003-533,EHR_READ,EP-IND-04521
NET-04522,2026-01-01 10:41:45+00:00,0,IOMT-006,S-IOMT-006-534,LAB_RESULTS,EP-IND-04522
NET-04523,2026-01-01 10:42:11+00:00,0,IOMT-044,S-IOMT-044-535,IMAGING,EP-IND-04523
NET-04524,2026-01-01 10:42:22+00:00,0,IOMT-022,S-IOMT-022-536,IMAGING,EP-IND-04524
NET-04525,2026-01-01 10:42:22+00:00,0,IOMT-031,S-IOMT-031-537,IMAGING,EP-IND-04525
NET-04526,2026-01-01 10:42:28+00:00,0,IOMT-016,S-IOMT-016-538,LAB_RESULTS,EP-IND-04526
NET-04527,2026-01-01 10:42:30+00:00,0,IOMT-004,S-IOMT-004-539,RESEARCH,EP-IND-04527
NET-04528,2026-01-01 10:42:36+00:00,0,IOMT-014,S-IOMT-014-540,IMAGING,EP-IND-04528
NET-04529,2026-01-01 10:42:40+00:00,0,IOMT-014,S-IOMT-014-541,IMAGING,EP-IND-04529
NET-04530,2026-01-01 10:42:59+00:00,0,IOMT-008,S-IOMT-008-542,EHR_READ,EP-IND-04530
NET-04531,2026-01-01 10:43:16+00:00,0,IOMT-047,S-IOMT-047-543,EHR_WRITE,EP-IND-04531
NET-04532,2026-01-01 10:43:17+00:00,0,IOMT-019,S-IOMT-019-544,EHR_WRITE,EP-IND-04532
NET-04533,2026-01-01 10:43:37+00:00,0,IOMT-002,S-IOMT-002-545,EHR_READ,EP-IND-04533
NET-04534,2026-01-01 10:43:42+00:00,0,IOMT-012,S-IOMT-012-546,RESEARCH,EP-IND-04534
NET-04535,2026-01-01 10:43:48+00:00,0,IOMT-010,S-IOMT-010-547,LAB_RESULTS,EP-IND-04535
NET-04536,2026-01-01 10:43:55+00:00,0,IOMT-005,S-IOMT-005-548,RESEARCH,EP-IND-04536
NET-04537,2026-01-01 10:44:03+00:00,0,IOMT-041,S-IOMT-041-549,EHR_READ,EP-IND-04537
NET-04538,2026-01-01 10:44:12+00:00,0,IOMT-045,S-IOMT-045-550,EHR_READ,EP-IND-04538
NET-04539,2026-01-01 10:44:38+00:00,0,IOMT-015,S-IOMT-015-551,EHR_READ,EP-IND-04539
NET-04540,2026-01-01 10:44:40+00:00,0,IOMT-032,S-IOMT-032-552,EHR_WRITE,EP-IND-04540
NET-04541,2026-01-01 10:44:41+00:00,0,IOMT-042,S-IOMT-042-553,LAB_RESULTS,EP-IND-04541
NET-04542,2026-01-01 10:44:49+00:00,0,IOMT-005,S-IOMT-005-554,RESEARCH,EP-IND-04542
NET-04543,2026-01-01 10:45:00+00:00,0,IOMT-034,S-IOMT-034-555,IMAGING,EP-IND-04543
NET-04544,2026-01-01 10:45:11+00:00,1,IOMT-028,S-IOMT-028-556,RESEARCH,EP-IND-04544
NET-04545,2026-01-01 10:45:13+00:00,0,IOMT-020,S-IOMT-020-557,LAB_RESULTS,EP-IND-04545
NET-04546,2026-01-01 10:45:38+00:00,0,IOMT-046,S-IOMT-046-558,EHR_READ,EP-IND-04546
NET-04547,2026-01-01 10:45:45+00:00,1,IOMT-048,S-IOMT-048-559,EHR_WRITE,EP-IND-04547
NET-04548,2026-01-01 10:45:48+00:00,0,IOMT-014,S-IOMT-014-560,IMAGING,EP-IND-04548
NET-04549,2026-01-01 10:45:57+00:00,0,IOMT-046,S-IOMT-046-561,LAB_RESULTS,EP-IND-04549
NET-04550,2026-01-01 10:46:11+00:00,0,IOMT-038,S-IOMT-038-562,LAB_RESULTS,EP-IND-04550
NET-04551,2026-01-01 10:46:30+00:00,0,IOMT-010,S-IOMT-010-563,IMAGING,EP-IND-04551
NET-04552,2026-01-01 10:46:40+00:00,0,IOMT-037,S-IOMT-037-564,RESEARCH,EP-IND-04552
NET-04553,2026-01-01 10:46:41+00:00,0,IOMT-022,S-IOMT-022-565,RESEARCH,EP-IND-04553
NET-04554,2026-01-01 10:46:43+00:00,0,IOMT-015,S-IOMT-015-566,IMAGING,EP-IND-04554
NET-04555,2026-01-01 10:46:49+00:00,0,IOMT-035,S-IOMT-035-567,EHR_WRITE,EP-IND-04555
NET-04556,2026-01-01 10:47:01+00:00,0,IOMT-049,S-IOMT-049-568,EHR_WRITE,EP-IND-04556
NET-04557,2026-01-01 10:47:02+00:00,0,IOMT-030,S-IOMT-030-569,EHR_WRITE,EP-IND-04557
NET-04558,2026-01-01 10:47:07+00:00,0,IOMT-028,S-IOMT-028-570,RESEARCH,EP-IND-04558
NET-04559,2026-01-01 10:47:22+00:00,0,IOMT-003,S-IOMT-003-571,RESEARCH,EP-IND-04559
NET-04560,2026-01-01 10:47:46+00:00,0,IOMT-048,S-IOMT-048-572,EHR_READ,EP-IND-04560
NET-04561,2026-01-01 10:47:54+00:00,0,IOMT-006,S-IOMT-006-573,EHR_WRITE,EP-IND-04561
NET-04562,2026-01-01 10:47:57+00:00,0,IOMT-011,S-IOMT-011-574,EHR_READ,EP-IND-04562
NET-04563,2026-01-01 10:48:04+00:00,0,IOMT-003,S-IOMT-003-575,EHR_READ,EP-IND-04563
NET-04564,2026-01-01 10:48:06+00:00,0,IOMT-015,S-IOMT-015-576,RESEARCH,EP-IND-04564
NET-04565,2026-01-01 10:48:08+00:00,0,IOMT-019,S-IOMT-019-577,EHR_WRITE,EP-IND-04565
NET-04566,2026-01-01 10:48:33+00:00,0,IOMT-004,S-IOMT-004-578,IMAGING,EP-IND-04566
NET-04567,2026-01-01 10:48:38+00:00,0,IOMT-031,S-IOMT-031-579,LAB_RESULTS,EP-IND-04567
NET-04568,2026-01-01 10:48:57+00:00,0,IOMT-030,S-IOMT-030-580,RESEARCH,EP-IND-04568
NET-04569,2026-01-01 10:48:59+00:00,0,IOMT-020,S-IOMT-020-581,EHR_WRITE,EP-IND-04569
NET-04570,2026-01-01 10:49:09+00:00,0,IOMT-044,S-IOMT-044-582,EHR_WRITE,EP-IND-04570
NET-04571,2026-01-01 10:49:30+00:00,0,IOMT-024,S-IOMT-024-583,EHR_READ,EP-IND-04571
NET-04572,2026-01-01 10:49:31+00:00,1,IOMT-029,S-IOMT-029-584,EHR_WRITE,EP-IND-04572
NET-04573,2026-01-01 10:49:48+00:00,0,IOMT-009,S-IOMT-009-585,IMAGING,EP-IND-04573
NET-04574,2026-01-01 10:49:59+00:00,0,IOMT-004,S-IOMT-004-586,EHR_READ,EP-IND-04574
NET-04575,2026-01-01 10:50:25+00:00,0,IOMT-036,S-IOMT-036-587,EHR_READ,EP-IND-04575
NET-04576,2026-01-01 10:50:29+00:00,0,IOMT-027,S-IOMT-027-588,LAB_RESULTS,EP-IND-04576
NET-04577,2026-01-01 10:50:29+00:00,0,IOMT-000,S-IOMT-000-589,EHR_READ,EP-IND-04577
NET-04578,2026-01-01 10:50:40+00:00,0,IOMT-003,S-IOMT-003-590,LAB_RESULTS,EP-IND-04578
NET-04579,2026-01-01 10:50:51+00:00,0,IOMT-030,S-IOMT-030-591,EHR_WRITE,EP-IND-04579
NET-04580,2026-01-01 10:50:52+00:00,0,IOMT-000,S-IOMT-000-592,EHR_WRITE,EP-IND-04580
NET-04581,2026-01-01 10:51:14+00:00,0,IOMT-016,S-IOMT-016-593,EHR_READ,EP-IND-04581
NET-04582,2026-01-01 10:51:19+00:00,0,IOMT-010,S-IOMT-010-594,EHR_WRITE,EP-IND-04582
NET-04583,2026-01-01 10:51:32+00:00,1,IOMT-022,S-IOMT-022-595,LAB_RESULTS,EP-IND-04583
NET-04584,2026-01-01 10:51:47+00:00,0,IOMT-021,S-IOMT-021-596,EHR_WRITE,EP-IND-04584
NET-04585,2026-01-01 10:52:00+00:00,0,IOMT-026,S-IOMT-026-597,EHR_READ,EP-IND-04585
NET-04586,2026-01-01 10:52:05+00:00,0,IOMT-025,S-IOMT-025-598,RESEARCH,EP-IND-04586
NET-04587,2026-01-01 10:52:12+00:00,0,IOMT-017,S-IOMT-017-599,RESEARCH,EP-IND-04587
NET-04588,2026-01-01 10:52:14+00:00,0,IOMT-017,S-IOMT-017-600,IMAGING,EP-IND-04588
NET-04589,2026-01-01 10:52:18+00:00,0,IOMT-005,S-IOMT-005-601,IMAGING,EP-IND-04589
NET-04590,2026-01-01 10:52:19+00:00,1,IOMT-004,S-IOMT-004-602,IMAGING,EP-IND-04590
NET-04591,2026-01-01 10:52:24+00:00,0,IOMT-046,S-IOMT-046-603,LAB_RESULTS,EP-IND-04591
NET-04592,2026-01-01 10:52:26+00:00,0,IOMT-013,S-IOMT-013-604,EHR_WRITE,EP-IND-04592
NET-04593,2026-01-01 10:52:40+00:00,0,IOMT-004,S-IOMT-004-605,RESEARCH,EP-IND-04593
NET-04594,2026-01-01 10:52:40+00:00,0,IOMT-013,S-IOMT-013-606,EHR_READ,EP-IND-04594
NET-04595,2026-01-01 10:52:44+00:00,1,IOMT-038,S-IOMT-038-607,EHR_READ,EP-IND-04595
NET-04596,2026-01-01 10:52:54+00:00,0,IOMT-025,S-IOMT-025-608,IMAGING,EP-IND-04596
NET-04597,2026-01-01 10:53:02+00:00,0,IOMT-034,S-IOMT-034-609,RESEARCH,EP-IND-04597
NET-04598,2026-01-01 10:53:09+00:00,0,IOMT-048,S-IOMT-048-610,RESEARCH,EP-IND-04598
NET-04599,2026-01-01 10:53:11+00:00,0,IOMT-022,S-IOMT-022-611,LAB_RESULTS,EP-IND-04599
NET-04600,2026-01-01 10:53:19+00:00,0,IOMT-021,S-IOMT-021-612,EHR_READ,EP-IND-04600
NET-04601,2026-01-01 10:53:29+00:00,0,IOMT-009,S-IOMT-009-613,EHR_READ,EP-IND-04601
NET-04602,2026-01-01 10:53:40+00:00,0,IOMT-025,S-IOMT-025-614,EHR_WRITE,EP-IND-04602
NET-04603,2026-01-01 10:53:42+00:00,0,IOMT-035,S-IOMT-035-615,LAB_RESULTS,EP-IND-04603
NET-04604,2026-01-01 10:53:59+00:00,0,IOMT-017,S-IOMT-017-616,RESEARCH,EP-IND-04604
NET-04605,2026-01-01 10:54:08+00:00,0,IOMT-030,S-IOMT-030-617,IMAGING,EP-IND-04605
NET-04606,2026-01-01 10:54:21+00:00,0,IOMT-013,S-IOMT-013-618,LAB_RESULTS,EP-IND-04606
NET-04607,2026-01-01 10:54:23+00:00,0,IOMT-018,S-IOMT-018-619,IMAGING,EP-IND-04607
NET-04608,2026-01-01 10:54:38+00:00,0,IOMT-030,S-IOMT-030-620,EHR_READ,EP-IND-04608
NET-04609,2026-01-01 10:54:45+00:00,0,IOMT-041,S-IOMT-041-621,LAB_RESULTS,EP-IND-04609
NET-04610,2026-01-01 10:54:46+00:00,0,IOMT-021,S-IOMT-021-622,EHR_WRITE,EP-IND-04610
NET-04611,2026-01-01 10:54:52+00:00,0,IOMT-047,S-IOMT-047-623,IMAGING,EP-IND-04611
NET-04612,2026-01-01 10:55:14+00:00,0,IOMT-004,S-IOMT-004-624,RESEARCH,EP-IND-04612
NET-04613,2026-01-01 10:55:27+00:00,0,IOMT-049,S-IOMT-049-625,IMAGING,EP-IND-04613
NET-04614,2026-01-01 10:55:27+00:00,0,IOMT-045,S-IOMT-045-626,RESEARCH,EP-IND-04614
NET-04615,2026-01-01 10:55:46+00:00,0,IOMT-034,S-IOMT-034-627,EHR_READ,EP-IND-04615
NET-04616,2026-01-01 10:55:54+00:00,0,IOMT-036,S-IOMT-036-628,EHR_WRITE,EP-IND-04616
NET-04617,2026-01-01 10:55:57+00:00,0,IOMT-018,S-IOMT-018-629,EHR_READ,EP-IND-04617
NET-04618,2026-01-01 10:56:08+00:00,0,IOMT-010,S-IOMT-010-630,EHR_READ,EP-IND-04618
NET-04619,2026-01-01 10:56:16+00:00,0,IOMT-027,S-IOMT-027-631,IMAGING,EP-IND-04619
NET-04620,2026-01-01 10:56:24+00:00,1,IOMT-004,S-IOMT-004-632,EHR_WRITE,EP-IND-04620
NET-04621,2026-01-01 10:56:25+00:00,0,IOMT-042,S-IOMT-042-633,IMAGING,EP-IND-04621
NET-04622,2026-01-01 10:56:38+00:00,0,IOMT-009,S-IOMT-009-634,IMAGING,EP-IND-04622
NET-04623,2026-01-01 10:56:38+00:00,0,IOMT-006,S-IOMT-006-635,IMAGING,EP-IND-04623
NET-04624,2026-01-01 10:56:57+00:00,0,IOMT-035,S-IOMT-035-636,IMAGING,EP-IND-04624
NET-04625,2026-01-01 10:57:04+00:00,0,IOMT-029,S-IOMT-029-637,LAB_RESULTS,EP-IND-04625
NET-04626,2026-01-01 10:57:07+00:00,0,IOMT-040,S-IOMT-040-638,LAB_RESULTS,EP-IND-04626
NET-04627,2026-01-01 10:57:13+00:00,0,IOMT-045,S-IOMT-045-639,RESEARCH,EP-IND-04627
NET-04628,2026-01-01 10:57:14+00:00,0,IOMT-019,S-IOMT-019-640,RESEARCH,EP-IND-04628
NET-04629,2026-01-01 10:57:20+00:00,0,IOMT-033,S-IOMT-033-641,RESEARCH,EP-IND-04629
NET-04630,2026-01-01 10:57:23+00:00,0,IOMT-016,S-IOMT-016-642,IMAGING,EP-IND-04630
NET-04631,2026-01-01 10:57:35+00:00,1,IOMT-005,S-IOMT-005-643,IMAGING,EP-IND-04631
NET-04632,2026-01-01 10:57:40+00:00,0,IOMT-048,S-IOMT-048-644,RESEARCH,EP-IND-04632
NET-04633,2026-01-01 10:57:42+00:00,0,IOMT-037,S-IOMT-037-645,EHR_WRITE,EP-IND-04633
NET-04634,2026-01-01 10:58:04+00:00,0,IOMT-032,S-IOMT-032-646,RESEARCH,EP-IND-04634
NET-04635,2026-01-01 10:58:07+00:00,1,IOMT-020,S-IOMT-020-647,EHR_READ,EP-IND-04635
NET-04636,2026-01-01 10:58:09+00:00,0,IOMT-018,S-IOMT-018-648,LAB_RESULTS,EP-IND-04636
NET-04637,2026-01-01 10:58:11+00:00,0,IOMT-009,S-IOMT-009-649,IMAGING,EP-IND-04637
NET-04638,2026-01-01 10:58:31+00:00,0,IOMT-006,S-IOMT-006-650,RESEARCH,EP-IND-04638
NET-04639,2026-01-01 10:58:34+00:00,0,IOMT-043,S-IOMT-043-651,EHR_WRITE,EP-IND-04639
NET-04640,2026-01-01 10:58:41+00:00,0,IOMT-030,S-IOMT-030-652,EHR_READ,EP-IND-04640
NET-04641,2026-01-01 10:58:48+00:00,0,IOMT-016,S-IOMT-016-653,RESEARCH,EP-IND-04641
NET-04642,2026-01-01 10:58:50+00:00,0,IOMT-029,S-IOMT-029-654,LAB_RESULTS,EP-IND-04642
NET-04643,2026-01-01 10:58:58+00:00,0,IOMT-022,S-IOMT-022-655,IMAGING,EP-IND-04643
NET-04644,2026-01-01 10:58:59+00:00,0,IOMT-022,S-IOMT-022-656,RESEARCH,EP-IND-04644
NET-04645,2026-01-01 10:59:05+00:00,0,IOMT-017,S-IOMT-017-657,IMAGING,EP-IND-04645
NET-04646,2026-01-01 10:59:09+00:00,0,IOMT-046,S-IOMT-046-658,EHR_WRITE,EP-IND-04646
NET-04647,2026-01-01 10:59:26+00:00,0,IOMT-021,S-IOMT-021-659,EHR_READ,EP-IND-04647
NET-04648,2026-01-01 10:59:30+00:00,0,IOMT-047,S-IOMT-047-660,RESEARCH,EP-IND-04648
NET-04649,2026-01-01 10:59:34+00:00,0,IOMT-007,S-IOMT-007-661,RESEARCH,EP-IND-04649
NET-04650,2026-01-01 10:59:40+00:00,0,IOMT-048,S-IOMT-048-662,EHR_WRITE,EP-IND-04650
NET-04651,2026-01-01 10:59:54+00:00,0,IOMT-005,S-IOMT-005-663,LAB_RESULTS,EP-IND-04651
NET-04652,2026-01-01 10:59:55+00:00,0,IOMT-026,S-IOMT-026-664,LAB_RESULTS,EP-IND-04652
NET-04653,2026-01-01 10:59:57+00:00,0,IOMT-036,S-IOMT-036-665,EHR_WRITE,EP-IND-04653
NET-04654,2026-01-01 11:00:00+00:00,0,IOMT-014,S-IOMT-014-666,LAB_RESULTS,EP-IND-04654
NET-04655,2026-01-01 11:00:05+00:00,0,IOMT-003,S-IOMT-003-667,LAB_RESULTS,EP-IND-04655
NET-04656,2026-01-01 11:00:09+00:00,0,IOMT-032,S-IOMT-032-668,EHR_READ,EP-IND-04656
NET-04657,2026-01-01 11:00:12+00:00,0,IOMT-025,S-IOMT-025-669,EHR_WRITE,EP-IND-04657
NET-04658,2026-01-01 11:00:29+00:00,1,IOMT-013,S-IOMT-013-670,IMAGING,EP-IND-04658
NET-04659,2026-01-01 11:00:37+00:00,0,IOMT-032,S-IOMT-032-671,IMAGING,EP-IND-04659
NET-04660,2026-01-01 11:00:48+00:00,0,IOMT-041,S-IOMT-041-672,EHR_WRITE,EP-IND-04660
NET-04661,2026-01-01 11:00:50+00:00,0,IOMT-043,S-IOMT-043-673,EHR_WRITE,EP-IND-04661
NET-04662,2026-01-01 11:01:16+00:00,0,IOMT-006,S-IOMT-006-674,RESEARCH,EP-IND-04662
NET-04663,2026-01-01 11:01:17+00:00,0,IOMT-031,S-IOMT-031-675,EHR_WRITE,EP-IND-04663
NET-04664,2026-01-01 11:01:26+00:00,0,IOMT-007,S-IOMT-007-676,RESEARCH,EP-IND-04664
NET-04665,2026-01-01 11:01:36+00:00,0,IOMT-002,S-IOMT-002-677,RESEARCH,EP-IND-04665
NET-04666,2026-01-01 11:01:47+00:00,0,IOMT-030,S-IOMT-030-678,EHR_READ,EP-IND-04666
NET-04667,2026-01-01 11:01:49+00:00,0,IOMT-049,S-IOMT-049-679,IMAGING,EP-IND-04667
NET-04668,2026-01-01 11:01:55+00:00,1,IOMT-004,S-IOMT-004-680,EHR_WRITE,EP-IND-04668
NET-04669,2026-01-01 11:02:01+00:00,0,IOMT-012,S-IOMT-012-681,RESEARCH,EP-IND-04669
NET-04670,2026-01-01 11:02:10+00:00,0,IOMT-039,S-IOMT-039-682,IMAGING,EP-IND-04670
NET-04671,2026-01-01 11:02:12+00:00,0,IOMT-013,S-IOMT-013-683,EHR_WRITE,EP-IND-04671
NET-04672,2026-01-01 11:02:43+00:00,0,IOMT-007,S-IOMT-007-684,EHR_WRITE,EP-IND-04672
NET-04673,2026-01-01 11:02:50+00:00,0,IOMT-036,S-IOMT-036-685,EHR_READ,EP-IND-04673
NET-04674,2026-01-01 11:02:52+00:00,0,IOMT-025,S-IOMT-025-686,EHR_WRITE,EP-IND-04674
NET-04675,2026-01-01 11:03:10+00:00,0,IOMT-006,S-IOMT-006-687,RESEARCH,EP-IND-04675
NET-04676,2026-01-01 11:03:51+00:00,0,IOMT-012,S-IOMT-012-688,LAB_RESULTS,EP-IND-04676
NET-04677,2026-01-01 11:03:55+00:00,0,IOMT-023,S-IOMT-023-689,RESEARCH,EP-IND-04677
NET-04678,2026-01-01 11:03:57+00:00,0,IOMT-009,S-IOMT-009-690,RESEARCH,EP-IND-04678
NET-04679,2026-01-01 11:04:11+00:00,0,IOMT-035,S-IOMT-035-691,LAB_RESULTS,EP-IND-04679
NET-04680,2026-01-01 11:04:13+00:00,0,IOMT-008,S-IOMT-008-692,EHR_READ,EP-IND-04680
NET-04681,2026-01-01 11:04:15+00:00,0,IOMT-044,S-IOMT-044-693,EHR_READ,EP-IND-04681
NET-04682,2026-01-01 11:04:36+00:00,0,IOMT-006,S-IOMT-006-694,EHR_WRITE,EP-IND-04682
NET-04683,2026-01-01 11:04:38+00:00,0,IOMT-038,S-IOMT-038-695,LAB_RESULTS,EP-IND-04683
NET-04684,2026-01-01 11:04:45+00:00,0,IOMT-045,S-IOMT-045-696,EHR_READ,EP-IND-04684
NET-04685,2026-01-01 11:04:48+00:00,0,IOMT-024,S-IOMT-024-697,LAB_RESULTS,EP-IND-04685
NET-04686,2026-01-01 11:04:51+00:00,0,IOMT-016,S-IOMT-016-698,EHR_READ,EP-IND-04686
NET-04687,2026-01-01 11:04:56+00:00,0,IOMT-022,S-IOMT-022-699,EHR_WRITE,EP-IND-04687
NET-04688,2026-01-01 11:05:16+00:00,0,IOMT-021,S-IOMT-021-700,EHR_WRITE,EP-IND-04688
NET-04689,2026-01-01 11:05:17+00:00,0,IOMT-012,S-IOMT-012-701,RESEARCH,EP-IND-04689
NET-04690,2026-01-01 11:05:27+00:00,0,IOMT-025,S-IOMT-025-702,EHR_READ,EP-IND-04690
NET-04691,2026-01-01 11:05:27+00:00,0,IOMT-048,S-IOMT-048-703,EHR_READ,EP-IND-04691
NET-04692,2026-01-01 11:05:49+00:00,0,IOMT-010,S-IOMT-010-704,EHR_WRITE,EP-IND-04692
NET-04693,2026-01-01 11:06:05+00:00,0,IOMT-023,S-IOMT-023-705,IMAGING,EP-IND-04693
NET-04694,2026-01-01 11:06:08+00:00,0,IOMT-048,S-IOMT-048-706,RESEARCH,EP-IND-04694
NET-04695,2026-01-01 11:06:09+00:00,0,IOMT-045,S-IOMT-045-707,EHR_WRITE,EP-IND-04695
NET-04696,2026-01-01 11:06:12+00:00,0,IOMT-048,S-IOMT-048-708,EHR_READ,EP-IND-04696
NET-04697,2026-01-01 11:06:36+00:00,0,IOMT-011,S-IOMT-011-709,RESEARCH,EP-IND-04697
NET-04698,2026-01-01 11:06:45+00:00,0,IOMT-009,S-IOMT-009-710,IMAGING,EP-IND-04698
NET-04699,2026-01-01 11:06:51+00:00,0,IOMT-033,S-IOMT-033-711,LAB_RESULTS,EP-IND-04699
NET-04700,2026-01-01 11:06:53+00:00,1,IOMT-030,S-IOMT-030-712,RESEARCH,EP-IND-04700
NET-04701,2026-01-01 11:06:53+00:00,0,IOMT-016,S-IOMT-016-713,LAB_RESULTS,EP-IND-04701
NET-04702,2026-01-01 11:06:56+00:00,0,IOMT-011,S-IOMT-011-714,LAB_RESULTS,EP-IND-04702
NET-04703,2026-01-01 11:07:00+00:00,0,IOMT-033,S-IOMT-033-715,EHR_WRITE,EP-IND-04703
NET-04704,2026-01-01 11:07:01+00:00,0,IOMT-006,S-IOMT-006-716,EHR_READ,EP-IND-04704
NET-04705,2026-01-01 11:07:01+00:00,0,IOMT-017,S-IOMT-017-717,EHR_READ,EP-IND-04705
NET-04706,2026-01-01 11:07:09+00:00,0,IOMT-040,S-IOMT-040-718,IMAGING,EP-IND-04706
NET-04707,2026-01-01 11:07:20+00:00,0,IOMT-043,S-IOMT-043-719,IMAGING,EP-IND-04707
NET-04708,2026-01-01 11:07:25+00:00,0,IOMT-006,S-IOMT-006-720,EHR_READ,EP-IND-04708
NET-04709,2026-01-01 11:07:29+00:00,0,IOMT-006,S-IOMT-006-721,EHR_WRITE,EP-IND-04709
NET-04710,2026-01-01 11:07:34+00:00,0,IOMT-016,S-IOMT-016-722,IMAGING,EP-IND-04710
NET-04711,2026-01-01 11:07:43+00:00,0,IOMT-009,S-IOMT-009-723,EHR_WRITE,EP-IND-04711
NET-04712,2026-01-01 11:08:04+00:00,0,IOMT-030,S-IOMT-030-724,EHR_WRITE,EP-IND-04712
NET-04713,2026-01-01 11:08:06+00:00,0,IOMT-044,S-IOMT-044-725,LAB_RESULTS,EP-IND-04713
NET-04714,2026-01-01 11:08:36+00:00,0,IOMT-005,S-IOMT-005-726,LAB_RESULTS,EP-IND-04714
NET-04715,2026-01-01 11:09:01+00:00,0,IOMT-016,S-IOMT-016-727,IMAGING,EP-IND-04715
NET-04716,2026-01-01 11:09:02+00:00,0,IOMT-001,S-IOMT-001-728,IMAGING,EP-IND-04716
NET-04717,2026-01-01 11:09:14+00:00,0,IOMT-004,S-IOMT-004-729,IMAGING,EP-IND-04717
NET-04718,2026-01-01 11:09:15+00:00,0,IOMT-049,S-IOMT-049-730,EHR_READ,EP-IND-04718
NET-04719,2026-01-01 11:09:17+00:00,0,IOMT-012,S-IOMT-012-731,RESEARCH,EP-IND-04719
NET-04720,2026-01-01 11:09:37+00:00,0,IOMT-010,S-IOMT-010-732,LAB_RESULTS,EP-IND-04720
NET-04721,2026-01-01 11:09:58+00:00,0,IOMT-004,S-IOMT-004-733,RESEARCH,EP-IND-04721
NET-04722,2026-01-01 11:10:05+00:00,0,IOMT-010,S-IOMT-010-734,EHR_WRITE,EP-IND-04722
NET-04723,2026-01-01 11:10:23+00:00,0,IOMT-044,S-IOMT-044-735,IMAGING,EP-IND-04723
NET-04724,2026-01-01 11:10:24+00:00,0,IOMT-024,S-IOMT-024-736,LAB_RESULTS,EP-IND-04724
NET-04725,2026-01-01 11:10:36+00:00,1,IOMT-016,S-IOMT-016-737,EHR_WRITE,EP-IND-04725
NET-04726,2026-01-01 11:10:40+00:00,0,IOMT-022,S-IOMT-022-738,LAB_RESULTS,EP-IND-04726
NET-04727,2026-01-01 11:10:54+00:00,0,IOMT-012,S-IOMT-012-739,EHR_WRITE,EP-IND-04727
NET-04728,2026-01-01 11:11:03+00:00,0,IOMT-023,S-IOMT-023-740,LAB_RESULTS,EP-IND-04728
NET-04729,2026-01-01 11:11:05+00:00,0,IOMT-038,S-IOMT-038-741,EHR_READ,EP-IND-04729
NET-04730,2026-01-01 11:11:11+00:00,0,IOMT-026,S-IOMT-026-742,EHR_WRITE,EP-IND-04730
NET-04731,2026-01-01 11:11:11+00:00,0,IOMT-040,S-IOMT-040-743,IMAGING,EP-IND-04731
NET-04732,2026-01-01 11:11:12+00:00,0,IOMT-029,S-IOMT-029-744,EHR_READ,EP-IND-04732
NET-04733,2026-01-01 11:11:19+00:00,0,IOMT-002,S-IOMT-002-745,EHR_WRITE,EP-IND-04733
NET-04734,2026-01-01 11:11:20+00:00,0,IOMT-013,S-IOMT-013-746,LAB_RESULTS,EP-IND-04734
NET-04735,2026-01-01 11:11:24+00:00,0,IOMT-017,S-IOMT-017-747,IMAGING,EP-IND-04735
NET-04736,2026-01-01 11:11:59+00:00,0,IOMT-030,S-IOMT-030-748,EHR_READ,EP-IND-04736
NET-04737,2026-01-01 11:12:01+00:00,0,IOMT-042,S-IOMT-042-749,EHR_WRITE,EP-IND-04737
NET-04738,2026-01-01 11:12:13+00:00,0,IOMT-046,S-IOMT-046-750,RESEARCH,EP-IND-04738
NET-04739,2026-01-01 11:12:25+00:00,0,IOMT-002,S-IOMT-002-751,EHR_READ,EP-IND-04739
NET-04740,2026-01-01 11:12:30+00:00,0,IOMT-037,S-IOMT-037-752,RESEARCH,EP-IND-04740
NET-04741,2026-01-01 11:12:33+00:00,0,IOMT-029,S-IOMT-029-753,RESEARCH,EP-IND-04741
NET-04742,2026-01-01 11:12:47+00:00,0,IOMT-005,S-IOMT-005-754,EHR_WRITE,EP-IND-04742
NET-04743,2026-01-01 11:12:49+00:00,0,IOMT-020,S-IOMT-020-755,IMAGING,EP-IND-04743
NET-04744,2026-01-01 11:13:09+00:00,0,IOMT-041,S-IOMT-041-756,LAB_RESULTS,EP-IND-04744
NET-04745,2026-01-01 11:13:13+00:00,0,IOMT-029,S-IOMT-029-757,EHR_READ,EP-IND-04745
NET-04746,2026-01-01 11:13:22+00:00,0,IOMT-048,S-IOMT-048-758,RESEARCH,EP-IND-04746
NET-04747,2026-01-01 11:13:24+00:00,0,IOMT-013,S-IOMT-013-759,EHR_READ,EP-IND-04747
NET-04748,2026-01-01 11:13:49+00:00,0,IOMT-008,S-IOMT-008-760,RESEARCH,EP-IND-04748
NET-04749,2026-01-01 11:13:53+00:00,0,IOMT-045,S-IOMT-045-761,EHR_WRITE,EP-IND-04749
NET-04750,2026-01-01 11:13:55+00:00,0,IOMT-008,S-IOMT-008-762,LAB_RESULTS,EP-IND-04750
NET-04751,2026-01-01 11:14:05+00:00,0,IOMT-018,S-IOMT-018-763,RESEARCH,EP-IND-04751
NET-04752,2026-01-01 11:14:05+00:00,0,IOMT-044,S-IOMT-044-764,IMAGING,EP-IND-04752
NET-04753,2026-01-01 11:14:20+00:00,0,IOMT-033,S-IOMT-033-765,LAB_RESULTS,EP-IND-04753
NET-04754,2026-01-01 11:14:51+00:00,0,IOMT-006,S-IOMT-006-766,LAB_RESULTS,EP-IND-04754
NET-04755,2026-01-01 11:14:57+00:00,0,IOMT-000,S-IOMT-000-767,IMAGING,EP-IND-04755
NET-04756,2026-01-01 11:15:14+00:00,1,IOMT-004,S-IOMT-004-768,LAB_RESULTS,EP-IND-04756
NET-04757,2026-01-01 11:15:37+00:00,0,IOMT-033,S-IOMT-033-769,EHR_READ,EP-IND-04757
NET-04758,2026-01-01 11:15:42+00:00,0,IOMT-032,S-IOMT-032-770,IMAGING,EP-IND-04758
NET-04759,2026-01-01 11:15:43+00:00,0,IOMT-018,S-IOMT-018-771,IMAGING,EP-IND-04759
NET-04760,2026-01-01 11:15:49+00:00,0,IOMT-002,S-IOMT-002-772,EHR_READ,EP-IND-04760
NET-04761,2026-01-01 11:15:58+00:00,1,IOMT-047,S-IOMT-047-773,RESEARCH,EP-IND-04761
NET-04762,2026-01-01 11:16:08+00:00,0,IOMT-022,S-IOMT-022-774,EHR_WRITE,EP-IND-04762
NET-04763,2026-01-01 11:16:18+00:00,0,IOMT-010,S-IOMT-010-775,LAB_RESULTS,EP-IND-04763
NET-04764,2026-01-01 11:16:30+00:00,1,IOMT-013,S-IOMT-013-776,EHR_WRITE,EP-IND-04764
NET-04765,2026-01-01 11:16:55+00:00,0,IOMT-041,S-IOMT-041-777,IMAGING,EP-IND-04765
NET-04766,2026-01-01 11:16:56+00:00,0,IOMT-047,S-IOMT-047-778,LAB_RESULTS,EP-IND-04766
NET-04767,2026-01-01 11:17:01+00:00,0,IOMT-001,S-IOMT-001-779,LAB_RESULTS,EP-IND-04767
NET-04768,2026-01-01 11:17:06+00:00,0,IOMT-045,S-IOMT-045-780,EHR_READ,EP-IND-04768
NET-04769,2026-01-01 11:17:21+00:00,0,IOMT-011,S-IOMT-011-781,RESEARCH,EP-IND-04769
NET-04770,2026-01-01 11:17:41+00:00,0,IOMT-015,S-IOMT-015-782,EHR_WRITE,EP-IND-04770
NET-04771,2026-01-01 11:17:44+00:00,0,IOMT-019,S-IOMT-019-783,IMAGING,EP-IND-04771
NET-04772,2026-01-01 11:18:10+00:00,0,IOMT-027,S-IOMT-027-784,LAB_RESULTS,EP-IND-04772
NET-04773,2026-01-01 11:18:12+00:00,0,IOMT-028,S-IOMT-028-785,EHR_WRITE,EP-IND-04773
NET-04774,2026-01-01 11:18:14+00:00,0,IOMT-036,S-IOMT-036-786,EHR_READ,EP-IND-04774
NET-04775,2026-01-01 11:18:21+00:00,0,IOMT-024,S-IOMT-024-787,RESEARCH,EP-IND-04775
NET-04776,2026-01-01 11:18:31+00:00,0,IOMT-043,S-IOMT-043-788,EHR_READ,EP-IND-04776
NET-04777,2026-01-01 11:18:48+00:00,0,IOMT-027,S-IOMT-027-789,EHR_WRITE,EP-IND-04777
NET-04778,2026-01-01 11:19:08+00:00,0,IOMT-024,S-IOMT-024-790,RESEARCH,EP-IND-04778
NET-04779,2026-01-01 11:19:16+00:00,0,IOMT-005,S-IOMT-005-791,IMAGING,EP-IND-04779
NET-04780,2026-01-01 11:19:38+00:00,0,IOMT-014,S-IOMT-014-792,EHR_READ,EP-IND-04780
NET-04781,2026-01-01 11:19:48+00:00,0,IOMT-023,S-IOMT-023-793,IMAGING,EP-IND-04781
NET-04782,2026-01-01 11:19:54+00:00,0,IOMT-018,S-IOMT-018-794,EHR_READ,EP-IND-04782
NET-04783,2026-01-01 11:20:10+00:00,0,IOMT-037,S-IOMT-037-795,LAB_RESULTS,EP-IND-04783
NET-04784,2026-01-01 11:20:14+00:00,0,IOMT-023,S-IOMT-023-796,EHR_WRITE,EP-IND-04784
NET-04785,2026-01-01 11:20:36+00:00,0,IOMT-046,S-IOMT-046-797,RESEARCH,EP-IND-04785
NET-04786,2026-01-01 11:20:37+00:00,0,IOMT-044,S-IOMT-044-798,IMAGING,EP-IND-04786
NET-04787,2026-01-01 11:20:43+00:00,0,IOMT-020,S-IOMT-020-799,LAB_RESULTS,EP-IND-04787
NET-04788,2026-01-01 11:20:55+00:00,0,IOMT-031,S-IOMT-031-800,IMAGING,EP-IND-04788
NET-04789,2026-01-01 11:20:57+00:00,0,IOMT-021,S-IOMT-021-801,EHR_READ,EP-IND-04789
NET-04790,2026-01-01 11:21:03+00:00,0,IOMT-027,S-IOMT-027-802,LAB_RESULTS,EP-IND-04790
NET-04791,2026-01-01 11:21:16+00:00,0,IOMT-025,S-IOMT-025-803,EHR_READ,EP-IND-04791
NET-04792,2026-01-01 11:21:18+00:00,0,IOMT-026,S-IOMT-026-804,IMAGING,EP-IND-04792
NET-04793,2026-01-01 11:21:45+00:00,0,IOMT-032,S-IOMT-032-805,EHR_READ,EP-IND-04793
NET-04794,2026-01-01 11:22:04+00:00,0,IOMT-001,S-IOMT-001-806,IMAGING,EP-IND-04794
NET-04795,2026-01-01 11:22:21+00:00,0,IOMT-046,S-IOMT-046-807,EHR_READ,EP-IND-04795
NET-04796,2026-01-01 11:22:22+00:00,0,IOMT-026,S-IOMT-026-808,LAB_RESULTS,EP-IND-04796
NET-04797,2026-01-01 11:22:35+00:00,0,IOMT-024,S-IOMT-024-809,EHR_READ,EP-IND-04797
NET-04798,2026-01-01 11:22:37+00:00,0,IOMT-026,S-IOMT-026-810,IMAGING,EP-IND-04798
NET-04799,2026-01-01 11:22:43+00:00,0,IOMT-041,S-IOMT-041-811,RESEARCH,EP-IND-04799
NET-04800,2026-01-01 11:22:55+00:00,0,IOMT-043,S-IOMT-043-812,EHR_WRITE,EP-IND-04800
NET-04801,2026-01-01 11:23:00+00:00,0,IOMT-028,S-IOMT-028-813,EHR_READ,EP-IND-04801
NET-04802,2026-01-01 11:23:02+00:00,0,IOMT-017,S-IOMT-017-814,RESEARCH,EP-IND-04802
NET-04803,2026-01-01 11:23:03+00:00,0,IOMT-022,S-IOMT-022-815,EHR_READ,EP-IND-04803
NET-04804,2026-01-01 11:23:06+00:00,0,IOMT-032,S-IOMT-032-816,LAB_RESULTS,EP-IND-04804
NET-04805,2026-01-01 11:23:26+00:00,0,IOMT-011,S-IOMT-011-817,IMAGING,EP-IND-04805
NET-04806,2026-01-01 11:23:54+00:00,0,IOMT-035,S-IOMT-035-818,LAB_RESULTS,EP-IND-04806
NET-04807,2026-01-01 11:24:04+00:00,0,IOMT-034,S-IOMT-034-819,EHR_READ,EP-IND-04807
NET-04808,2026-01-01 11:24:13+00:00,1,IOMT-036,S-IOMT-036-820,EHR_READ,EP-IND-04808
NET-04809,2026-01-01 11:24:15+00:00,0,IOMT-042,S-IOMT-042-821,IMAGING,EP-IND-04809
NET-04810,2026-01-01 11:24:16+00:00,0,IOMT-039,S-IOMT-039-822,EHR_WRITE,EP-IND-04810
NET-04811,2026-01-01 11:24:28+00:00,0,IOMT-042,S-IOMT-042-823,RESEARCH,EP-IND-04811
NET-04812,2026-01-01 11:24:33+00:00,0,IOMT-010,S-IOMT-010-824,LAB_RESULTS,EP-IND-04812
NET-04813,2026-01-01 11:24:33+00:00,0,IOMT-005,S-IOMT-005-825,LAB_RESULTS,EP-IND-04813
NET-04814,2026-01-01 11:24:46+00:00,0,IOMT-028,S-IOMT-028-826,LAB_RESULTS,EP-IND-04814
NET-04815,2026-01-01 11:24:49+00:00,0,IOMT-046,S-IOMT-046-827,EHR_WRITE,EP-IND-04815
NET-04816,2026-01-01 11:24:52+00:00,0,IOMT-040,S-IOMT-040-828,EHR_READ,EP-IND-04816
NET-04817,2026-01-01 11:25:06+00:00,0,IOMT-000,S-IOMT-000-829,IMAGING,EP-IND-04817
NET-04818,2026-01-01 11:25:19+00:00,0,IOMT-010,S-IOMT-010-830,IMAGING,EP-IND-04818
NET-04819,2026-01-01 11:25:24+00:00,0,IOMT-029,S-IOMT-029-831,EHR_WRITE,EP-IND-04819
NET-04820,2026-01-01 11:25:32+00:00,0,IOMT-035,S-IOMT-035-832,LAB_RESULTS,EP-IND-04820
NET-04821,2026-01-01 11:25:37+00:00,0,IOMT-015,S-IOMT-015-833,RESEARCH,EP-IND-04821
NET-04822,2026-01-01 11:25:47+00:00,0,IOMT-026,S-IOMT-026-834,IMAGING,EP-IND-04822
NET-04823,2026-01-01 11:25:47+00:00,0,IOMT-038,S-IOMT-038-835,RESEARCH,EP-IND-04823
NET-04824,2026-01-01 11:26:02+00:00,0,IOMT-003,S-IOMT-003-836,IMAGING,EP-IND-04824
NET-04825,2026-01-01 11:26:08+00:00,0,IOMT-020,S-IOMT-020-837,RESEARCH,EP-IND-04825
NET-04826,2026-01-01 11:26:15+00:00,0,IOMT-006,S-IOMT-006-838,EHR_READ,EP-IND-04826
NET-04827,2026-01-01 11:26:28+00:00,0,IOMT-046,S-IOMT-046-839,IMAGING,EP-IND-04827
NET-04828,2026-01-01 11:26:59+00:00,1,IOMT-032,S-IOMT-032-840,IMAGING,EP-IND-04828
NET-04829,2026-01-01 11:27:18+00:00,0,IOMT-024,S-IOMT-024-841,RESEARCH,EP-IND-04829
NET-04830,2026-01-01 11:27:28+00:00,0,IOMT-007,S-IOMT-007-842,LAB_RESULTS,EP-IND-04830
NET-04831,2026-01-01 11:27:32+00:00,0,IOMT-003,S-IOMT-003-843,RESEARCH,EP-IND-04831
NET-04832,2026-01-01 11:27:48+00:00,0,IOMT-020,S-IOMT-020-844,IMAGING,EP-IND-04832
NET-04833,2026-01-01 11:27:49+00:00,0,IOMT-031,S-IOMT-031-845,LAB_RESULTS,EP-IND-04833
NET-04834,2026-01-01 11:27:54+00:00,0,IOMT-042,S-IOMT-042-846,EHR_READ,EP-IND-04834
NET-04835,2026-01-01 11:27:57+00:00,0,IOMT-019,S-IOMT-019-847,IMAGING,EP-IND-04835
NET-04836,2026-01-01 11:27:59+00:00,0,IOMT-030,S-IOMT-030-848,IMAGING,EP-IND-04836
NET-04837,2026-01-01 11:28:01+00:00,0,IOMT-038,S-IOMT-038-849,EHR_READ,EP-IND-04837
NET-04838,2026-01-01 11:28:13+00:00,0,IOMT-037,S-IOMT-037-850,RESEARCH,EP-IND-04838
NET-04839,2026-01-01 11:28:32+00:00,0,IOMT-013,S-IOMT-013-851,EHR_WRITE,EP-IND-04839
NET-04840,2026-01-01 11:28:32+00:00,0,IOMT-030,S-IOMT-030-852,LAB_RESULTS,EP-IND-04840
NET-04841,2026-01-01 11:28:37+00:00,0,IOMT-005,S-IOMT-005-853,LAB_RESULTS,EP-IND-04841
NET-04842,2026-01-01 11:28:41+00:00,0,IOMT-020,S-IOMT-020-854,LAB_RESULTS,EP-IND-04842
NET-04843,2026-01-01 11:28:52+00:00,0,IOMT-019,S-IOMT-019-855,RESEARCH,EP-IND-04843
NET-04844,2026-01-01 11:28:58+00:00,0,IOMT-008,S-IOMT-008-856,LAB_RESULTS,EP-IND-04844
NET-04845,2026-01-01 11:29:02+00:00,0,IOMT-003,S-IOMT-003-857,RESEARCH,EP-IND-04845
NET-04846,2026-01-01 11:29:05+00:00,0,IOMT-010,S-IOMT-010-858,IMAGING,EP-IND-04846
NET-04847,2026-01-01 11:29:14+00:00,0,IOMT-031,S-IOMT-031-859,LAB_RESULTS,EP-IND-04847
NET-04848,2026-01-01 11:29:20+00:00,0,IOMT-022,S-IOMT-022-860,EHR_READ,EP-IND-04848
NET-04849,2026-01-01 11:29:26+00:00,0,IOMT-030,S-IOMT-030-861,EHR_WRITE,EP-IND-04849
NET-04850,2026-01-01 11:30:11+00:00,1,IOMT-029,S-IOMT-029-862,EHR_WRITE,EP-IND-04850
NET-04851,2026-01-01 11:30:28+00:00,0,IOMT-043,S-IOMT-043-863,RESEARCH,EP-IND-04851
NET-04852,2026-01-01 11:30:35+00:00,0,IOMT-049,S-IOMT-049-864,EHR_READ,EP-IND-04852
NET-04853,2026-01-01 11:30:39+00:00,0,IOMT-023,S-IOMT-023-865,EHR_WRITE,EP-IND-04853
NET-04854,2026-01-01 11:30:45+00:00,0,IOMT-041,S-IOMT-041-866,IMAGING,EP-IND-04854
NET-04855,2026-01-01 11:30:48+00:00,0,IOMT-029,S-IOMT-029-867,IMAGING,EP-IND-04855
NET-04856,2026-01-01 11:30:55+00:00,0,IOMT-049,S-IOMT-049-868,EHR_READ,EP-IND-04856
NET-04857,2026-01-01 11:30:57+00:00,0,IOMT-049,S-IOMT-049-869,EHR_READ,EP-IND-04857
NET-04858,2026-01-01 11:31:05+00:00,0,IOMT-018,S-IOMT-018-870,LAB_RESULTS,EP-IND-04858
NET-04859,2026-01-01 11:31:07+00:00,0,IOMT-012,S-IOMT-012-871,LAB_RESULTS,EP-IND-04859
NET-04860,2026-01-01 11:31:48+00:00,1,IOMT-001,S-IOMT-001-872,EHR_READ,EP-IND-04860
NET-04861,2026-01-01 11:31:51+00:00,0,IOMT-031,S-IOMT-031-873,RESEARCH,EP-IND-04861
NET-04862,2026-01-01 11:31:58+00:00,0,IOMT-007,S-IOMT-007-874,RESEARCH,EP-IND-04862
NET-04863,2026-01-01 11:32:01+00:00,0,IOMT-005,S-IOMT-005-875,LAB_RESULTS,EP-IND-04863
NET-04864,2026-01-01 11:32:04+00:00,0,IOMT-044,S-IOMT-044-876,RESEARCH,EP-IND-04864
NET-04865,2026-01-01 11:32:58+00:00,0,IOMT-047,S-IOMT-047-877,EHR_READ,EP-IND-04865
NET-04866,2026-01-01 11:32:58+00:00,0,IOMT-009,S-IOMT-009-878,EHR_READ,EP-IND-04866
NET-04867,2026-01-01 11:33:19+00:00,0,IOMT-021,S-IOMT-021-879,IMAGING,EP-IND-04867
NET-04868,2026-01-01 11:33:32+00:00,0,IOMT-001,S-IOMT-001-880,RESEARCH,EP-IND-04868
NET-04869,2026-01-01 11:33:33+00:00,0,IOMT-028,S-IOMT-028-881,EHR_WRITE,EP-IND-04869
NET-04870,2026-01-01 11:33:38+00:00,0,IOMT-007,S-IOMT-007-882,EHR_WRITE,EP-IND-04870
NET-04871,2026-01-01 11:33:42+00:00,0,IOMT-021,S-IOMT-021-883,EHR_READ,EP-IND-04871
NET-04872,2026-01-01 11:33:51+00:00,0,IOMT-032,S-IOMT-032-884,IMAGING,EP-IND-04872
NET-04873,2026-01-01 11:33:56+00:00,0,IOMT-043,S-IOMT-043-885,LAB_RESULTS,EP-IND-04873
NET-04874,2026-01-01 11:34:01+00:00,0,IOMT-045,S-IOMT-045-886,EHR_READ,EP-IND-04874
NET-04875,2026-01-01 11:34:03+00:00,0,IOMT-038,S-IOMT-038-887,EHR_READ,EP-IND-04875
NET-04876,2026-01-01 11:34:05+00:00,0,IOMT-020,S-IOMT-020-888,IMAGING,EP-IND-04876
NET-04877,2026-01-01 11:34:10+00:00,0,IOMT-006,S-IOMT-006-889,EHR_WRITE,EP-IND-04877
NET-04878,2026-01-01 11:34:15+00:00,0,IOMT-004,S-IOMT-004-890,EHR_WRITE,EP-IND-04878
NET-04879,2026-01-01 11:34:22+00:00,0,IOMT-023,S-IOMT-023-891,IMAGING,EP-IND-04879
NET-04880,2026-01-01 11:34:22+00:00,0,IOMT-001,S-IOMT-001-892,EHR_WRITE,EP-IND-04880
NET-04881,2026-01-01 11:34:25+00:00,0,IOMT-001,S-IOMT-001-893,RESEARCH,EP-IND-04881
NET-04882,2026-01-01 11:34:34+00:00,0,IOMT-042,S-IOMT-042-894,EHR_WRITE,EP-IND-04882
NET-04883,2026-01-01 11:34:34+00:00,0,IOMT-034,S-IOMT-034-895,EHR_READ,EP-IND-04883
NET-04884,2026-01-01 11:34:42+00:00,0,IOMT-046,S-IOMT-046-896,IMAGING,EP-IND-04884
NET-04885,2026-01-01 11:34:57+00:00,0,IOMT-018,S-IOMT-018-897,EHR_READ,EP-IND-04885
NET-04886,2026-01-01 11:35:00+00:00,0,IOMT-019,S-IOMT-019-898,EHR_READ,EP-IND-04886
NET-04887,2026-01-01 11:35:01+00:00,0,IOMT-048,S-IOMT-048-899,IMAGING,EP-IND-04887
NET-04888,2026-01-01 11:35:03+00:00,0,IOMT-040,S-IOMT-040-900,LAB_RESULTS,EP-IND-04888
NET-04889,2026-01-01 11:35:04+00:00,0,IOMT-033,S-IOMT-033-901,RESEARCH,EP-IND-04889
NET-04890,2026-01-01 11:35:06+00:00,0,IOMT-045,S-IOMT-045-902,IMAGING,EP-IND-04890
NET-04891,2026-01-01 11:35:09+00:00,0,IOMT-043,S-IOMT-043-903,IMAGING,EP-IND-04891
NET-04892,2026-01-01 11:35:19+00:00,0,IOMT-005,S-IOMT-005-904,RESEARCH,EP-IND-04892
NET-04893,2026-01-01 11:35:35+00:00,0,IOMT-023,S-IOMT-023-905,IMAGING,EP-IND-04893
NET-04894,2026-01-01 11:35:42+00:00,0,IOMT-016,S-IOMT-016-906,LAB_RESULTS,EP-IND-04894
NET-04895,2026-01-01 11:35:48+00:00,0,IOMT-039,S-IOMT-039-907,LAB_RESULTS,EP-IND-04895
NET-04896,2026-01-01 11:35:55+00:00,0,IOMT-005,S-IOMT-005-908,IMAGING,EP-IND-04896
NET-04897,2026-01-01 11:36:02+00:00,0,IOMT-037,S-IOMT-037-909,LAB_RESULTS,EP-IND-04897
NET-04898,2026-01-01 11:36:14+00:00,0,IOMT-004,S-IOMT-004-910,IMAGING,EP-IND-04898
NET-04899,2026-01-01 11:36:29+00:00,0,IOMT-022,S-IOMT-022-911,LAB_RESULTS,EP-IND-04899
NET-04900,2026-01-01 11:36:33+00:00,0,IOMT-035,S-IOMT-035-912,IMAGING,EP-IND-04900
NET-04901,2026-01-01 11:37:07+00:00,0,IOMT-048,S-IOMT-048-913,IMAGING,EP-IND-04901
NET-04902,2026-01-01 11:37:18+00:00,0,IOMT-023,S-IOMT-023-914,EHR_WRITE,EP-IND-04902
NET-04903,2026-01-01 11:37:22+00:00,0,IOMT-040,S-IOMT-040-915,IMAGING,EP-IND-04903
NET-04904,2026-01-01 11:37:38+00:00,0,IOMT-025,S-IOMT-025-916,LAB_RESULTS,EP-IND-04904
NET-04905,2026-01-01 11:37:40+00:00,0,IOMT-012,S-IOMT-012-917,RESEARCH,EP-IND-04905
NET-04906,2026-01-01 11:37:41+00:00,1,IOMT-019,S-IOMT-019-918,IMAGING,EP-IND-04906
NET-04907,2026-01-01 11:37:45+00:00,0,IOMT-006,S-IOMT-006-919,RESEARCH,EP-IND-04907
NET-04908,2026-01-01 11:37:55+00:00,1,IOMT-024,S-IOMT-024-920,EHR_WRITE,EP-IND-04908
NET-04909,2026-01-01 11:37:56+00:00,0,IOMT-035,S-IOMT-035-921,EHR_READ,EP-IND-04909
NET-04910,2026-01-01 11:38:13+00:00,0,IOMT-032,S-IOMT-032-922,RESEARCH,EP-IND-04910
NET-04911,2026-01-01 11:38:24+00:00,0,IOMT-003,S-IOMT-003-923,RESEARCH,EP-IND-04911
NET-04912,2026-01-01 11:38:34+00:00,0,IOMT-000,S-IOMT-000-924,EHR_READ,EP-IND-04912
NET-04913,2026-01-01 11:38:38+00:00,0,IOMT-017,S-IOMT-017-925,EHR_READ,EP-IND-04913
NET-04914,2026-01-01 11:38:40+00:00,0,IOMT-033,S-IOMT-033-926,LAB_RESULTS,EP-IND-04914
NET-04915,2026-01-01 11:38:46+00:00,0,IOMT-025,S-IOMT-025-927,IMAGING,EP-IND-04915
NET-04916,2026-01-01 11:38:49+00:00,0,IOMT-012,S-IOMT-012-928,LAB_RESULTS,EP-IND-04916
NET-04917,2026-01-01 11:38:51+00:00,0,IOMT-037,S-IOMT-037-929,EHR_WRITE,EP-IND-04917
NET-04918,2026-01-01 11:39:25+00:00,0,IOMT-031,S-IOMT-031-930,EHR_READ,EP-IND-04918
NET-04919,2026-01-01 11:39:27+00:00,0,IOMT-036,S-IOMT-036-931,IMAGING,EP-IND-04919
NET-04920,2026-01-01 11:39:34+00:00,0,IOMT-003,S-IOMT-003-932,RESEARCH,EP-IND-04920
NET-04921,2026-01-01 11:39:41+00:00,0,IOMT-006,S-IOMT-006-933,IMAGING,EP-IND-04921
NET-04922,2026-01-01 11:39:43+00:00,0,IOMT-004,S-IOMT-004-934,EHR_WRITE,EP-IND-04922
NET-04923,2026-01-01 11:39:43+00:00,0,IOMT-006,S-IOMT-006-935,IMAGING,EP-IND-04923
NET-04924,2026-01-01 11:39:46+00:00,0,IOMT-027,S-IOMT-027-936,EHR_READ,EP-IND-04924
NET-04925,2026-01-01 11:39:52+00:00,0,IOMT-013,S-IOMT-013-937,RESEARCH,EP-IND-04925
NET-04926,2026-01-01 11:40:00+00:00,0,IOMT-036,S-IOMT-036-938,RESEARCH,EP-IND-04926
NET-04927,2026-01-01 11:40:05+00:00,0,IOMT-006,S-IOMT-006-939,LAB_RESULTS,EP-IND-04927
NET-04928,2026-01-01 11:40:07+00:00,0,IOMT-023,S-IOMT-023-940,EHR_READ,EP-IND-04928
NET-04929,2026-01-01 11:40:14+00:00,0,IOMT-048,S-IOMT-048-941,EHR_WRITE,EP-IND-04929
NET-04930,2026-01-01 11:40:20+00:00,0,IOMT-014,S-IOMT-014-942,RESEARCH,EP-IND-04930
NET-04931,2026-01-01 11:40:25+00:00,1,IOMT-003,S-IOMT-003-943,LAB_RESULTS,EP-IND-04931
NET-04932,2026-01-01 11:40:28+00:00,0,IOMT-000,S-IOMT-000-944,LAB_RESULTS,EP-IND-04932
NET-04933,2026-01-01 11:40:29+00:00,0,IOMT-028,S-IOMT-028-945,RESEARCH,EP-IND-04933
NET-04934,2026-01-01 11:40:42+00:00,1,IOMT-009,S-IOMT-009-946,RESEARCH,EP-IND-04934
NET-04935,2026-01-01 11:40:54+00:00,0,IOMT-020,S-IOMT-020-947,EHR_READ,EP-IND-04935
NET-04936,2026-01-01 11:41:04+00:00,0,IOMT-033,S-IOMT-033-948,RESEARCH,EP-IND-04936
NET-04937,2026-01-01 11:41:17+00:00,0,IOMT-049,S-IOMT-049-949,EHR_READ,EP-IND-04937
NET-04938,2026-01-01 11:41:23+00:00,0,IOMT-005,S-IOMT-005-950,IMAGING,EP-IND-04938
NET-04939,2026-01-01 11:41:57+00:00,0,IOMT-049,S-IOMT-049-951,RESEARCH,EP-IND-04939
NET-04940,2026-01-01 11:42:12+00:00,0,IOMT-027,S-IOMT-027-952,IMAGING,EP-IND-04940
NET-04941,2026-01-01 11:42:30+00:00,0,IOMT-023,S-IOMT-023-953,IMAGING,EP-IND-04941
NET-04942,2026-01-01 11:42:54+00:00,0,IOMT-010,S-IOMT-010-954,EHR_WRITE,EP-IND-04942
NET-04943,2026-01-01 11:42:56+00:00,0,IOMT-034,S-IOMT-034-955,EHR_WRITE,EP-IND-04943
NET-04944,2026-01-01 11:43:17+00:00,1,IOMT-044,S-IOMT-044-956,EHR_WRITE,EP-IND-04944
NET-04945,2026-01-01 11:43:33+00:00,0,IOMT-049,S-IOMT-049-957,EHR_WRITE,EP-IND-04945
NET-04946,2026-01-01 11:43:38+00:00,0,IOMT-006,S-IOMT-006-958,EHR_READ,EP-IND-04946
NET-04947,2026-01-01 11:43:39+00:00,0,IOMT-004,S-IOMT-004-959,IMAGING,EP-IND-04947
NET-04948,2026-01-01 11:43:50+00:00,0,IOMT-039,S-IOMT-039-960,EHR_READ,EP-IND-04948
NET-04949,2026-01-01 11:44:14+00:00,0,IOMT-047,S-IOMT-047-961,EHR_READ,EP-IND-04949
NET-04950,2026-01-01 11:44:19+00:00,1,IOMT-049,S-IOMT-049-962,RESEARCH,EP-IND-04950
NET-04951,2026-01-01 11:44:28+00:00,0,IOMT-036,S-IOMT-036-963,RESEARCH,EP-IND-04951
NET-04952,2026-01-01 11:44:41+00:00,0,IOMT-006,S-IOMT-006-964,EHR_READ,EP-IND-04952
NET-04953,2026-01-01 11:44:59+00:00,0,IOMT-045,S-IOMT-045-965,RESEARCH,EP-IND-04953
NET-04954,2026-01-01 11:45:16+00:00,0,IOMT-011,S-IOMT-011-966,EHR_WRITE,EP-IND-04954
NET-04955,2026-01-01 11:45:19+00:00,0,IOMT-018,S-IOMT-018-967,EHR_WRITE,EP-IND-04955
NET-04956,2026-01-01 11:45:30+00:00,0,IOMT-031,S-IOMT-031-968,IMAGING,EP-IND-04956
NET-04957,2026-01-01 11:45:31+00:00,0,IOMT-035,S-IOMT-035-969,RESEARCH,EP-IND-04957
NET-04958,2026-01-01 11:45:35+00:00,0,IOMT-005,S-IOMT-005-970,RESEARCH,EP-IND-04958
NET-04959,2026-01-01 11:45:36+00:00,0,IOMT-022,S-IOMT-022-971,IMAGING,EP-IND-04959
NET-04960,2026-01-01 11:45:57+00:00,0,IOMT-032,S-IOMT-032-972,EHR_READ,EP-IND-04960
NET-04961,2026-01-01 11:46:05+00:00,0,IOMT-031,S-IOMT-031-973,EHR_READ,EP-IND-04961
NET-04962,2026-01-01 11:46:22+00:00,0,IOMT-025,S-IOMT-025-974,EHR_READ,EP-IND-04962
NET-04963,2026-01-01 11:46:36+00:00,0,IOMT-035,S-IOMT-035-975,IMAGING,EP-IND-04963
NET-04964,2026-01-01 11:46:47+00:00,0,IOMT-025,S-IOMT-025-976,EHR_READ,EP-IND-04964
NET-04965,2026-01-01 11:46:54+00:00,0,IOMT-036,S-IOMT-036-977,RESEARCH,EP-IND-04965
NET-04966,2026-01-01 11:46:55+00:00,0,IOMT-011,S-IOMT-011-978,LAB_RESULTS,EP-IND-04966
NET-04967,2026-01-01 11:47:16+00:00,0,IOMT-040,S-IOMT-040-979,IMAGING,EP-IND-04967
NET-04968,2026-01-01 11:47:18+00:00,0,IOMT-031,S-IOMT-031-980,IMAGING,EP-IND-04968
NET-04969,2026-01-01 11:47:32+00:00,0,IOMT-009,S-IOMT-009-981,IMAGING,EP-IND-04969
NET-04970,2026-01-01 11:47:33+00:00,0,IOMT-049,S-IOMT-049-982,RESEARCH,EP-IND-04970
NET-04971,2026-01-01 11:47:38+00:00,0,IOMT-024,S-IOMT-024-983,EHR_WRITE,EP-IND-04971
NET-04972,2026-01-01 11:47:39+00:00,0,IOMT-019,S-IOMT-019-984,EHR_WRITE,EP-IND-04972
NET-04973,2026-01-01 11:47:51+00:00,0,IOMT-046,S-IOMT-046-985,RESEARCH,EP-IND-04973
NET-04974,2026-01-01 11:47:56+00:00,0,IOMT-029,S-IOMT-029-986,EHR_WRITE,EP-IND-04974
NET-04975,2026-01-01 11:48:12+00:00,0,IOMT-009,S-IOMT-009-987,LAB_RESULTS,EP-IND-04975
NET-04976,2026-01-01 11:48:17+00:00,0,IOMT-015,S-IOMT-015-988,RESEARCH,EP-IND-04976
NET-04977,2026-01-01 11:48:20+00:00,0,IOMT-005,S-IOMT-005-989,IMAGING,EP-IND-04977
NET-04978,2026-01-01 11:48:21+00:00,0,IOMT-042,S-IOMT-042-990,IMAGING,EP-IND-04978
NET-04979,2026-01-01 11:48:23+00:00,0,IOMT-031,S-IOMT-031-991,IMAGING,EP-IND-04979
NET-04980,2026-01-01 11:48:25+00:00,0,IOMT-003,S-IOMT-003-992,EHR_READ,EP-IND-04980
NET-04981,2026-01-01 11:48:28+00:00,0,IOMT-043,S-IOMT-043-993,EHR_READ,EP-IND-04981
NET-04982,2026-01-01 11:48:45+00:00,0,IOMT-044,S-IOMT-044-994,EHR_READ,EP-IND-04982
NET-04983,2026-01-01 11:48:47+00:00,0,IOMT-027,S-IOMT-027-995,EHR_READ,EP-IND-04983
NET-04984,2026-01-01 11:48:52+00:00,0,IOMT-013,S-IOMT-013-996,EHR_WRITE,EP-IND-04984
NET-04985,2026-01-01 11:49:04+00:00,0,IOMT-010,S-IOMT-010-0,RESEARCH,EP-IND-04985
NET-04986,2026-01-01 11:49:07+00:00,0,IOMT-028,S-IOMT-028-1,IMAGING,EP-IND-04986
NET-04987,2026-01-01 11:49:18+00:00,0,IOMT-040,S-IOMT-040-2,EHR_READ,EP-IND-04987
NET-04988,2026-01-01 11:49:30+00:00,0,IOMT-017,S-IOMT-017-3,EHR_READ,EP-IND-04988
NET-04989,2026-01-01 11:49:48+00:00,0,IOMT-013,S-IOMT-013-4,RESEARCH,EP-IND-04989
NET-04990,2026-01-01 11:49:48+00:00,0,IOMT-049,S-IOMT-049-5,EHR_WRITE,EP-IND-04990
NET-04991,2026-01-01 11:49:49+00:00,0,IOMT-037,S-IOMT-037-6,EHR_WRITE,EP-IND-04991
NET-04992,2026-01-01 11:49:50+00:00,0,IOMT-048,S-IOMT-048-7,LAB_RESULTS,EP-IND-04992
NET-04993,2026-01-01 11:49:56+00:00,0,IOMT-000,S-IOMT-000-8,EHR_WRITE,EP-IND-04993
NET-04994,2026-01-01 11:50:11+00:00,0,IOMT-031,S-IOMT-031-9,EHR_WRITE,EP-IND-04994
NET-04995,2026-01-01 11:50:12+00:00,1,IOMT-046,S-IOMT-046-10,RESEARCH,EP-IND-04995
NET-04996,2026-01-01 11:50:21+00:00,0,IOMT-027,S-IOMT-027-11,EHR_READ,EP-IND-04996
NET-04997,2026-01-01 11:50:29+00:00,0,IOMT-035,S-IOMT-035-12,RESEARCH,EP-IND-04997
NET-04998,2026-01-01 11:50:34+00:00,0,IOMT-046,S-IOMT-046-13,EHR_READ,EP-IND-04998
NET-04999,2026-01-01 11:50:38+00:00,0,IOMT-044,S-IOMT-044-14,LAB_RESULTS,EP-IND-04999
NET-05000,2026-01-01 11:50:43+00:00,0,IOMT-027,S-IOMT-027-15,RESEARCH,EP-IND-05000
NET-05001,2026-01-01 11:50:45+00:00,0,IOMT-031,S-IOMT-031-16,EHR_WRITE,EP-IND-05001
NET-05002,2026-01-01 11:50:47+00:00,0,IOMT-013,S-IOMT-013-17,RESEARCH,EP-IND-05002
NET-05003,2026-01-01 11:50:47+00:00,0,IOMT-021,S-IOMT-021-18,IMAGING,EP-IND-05003
NET-05004,2026-01-01 11:51:10+00:00,0,IOMT-038,S-IOMT-038-19,IMAGING,EP-IND-05004
NET-05005,2026-01-01 11:51:12+00:00,0,IOMT-032,S-IOMT-032-20,EHR_WRITE,EP-IND-05005
NET-05006,2026-01-01 11:51:18+00:00,0,IOMT-001,S-IOMT-001-21,EHR_READ,EP-IND-05006
NET-05007,2026-01-01 11:51:22+00:00,0,IOMT-028,S-IOMT-028-22,IMAGING,EP-IND-05007
NET-05008,2026-01-01 11:51:30+00:00,0,IOMT-004,S-IOMT-004-23,LAB_RESULTS,EP-IND-05008
NET-05009,2026-01-01 11:51:31+00:00,0,IOMT-013,S-IOMT-013-24,IMAGING,EP-IND-05009
NET-05010,2026-01-01 11:51:34+00:00,1,IOMT-041,S-IOMT-041-25,IMAGING,EP-IND-05010
NET-05011,2026-01-01 11:52:18+00:00,0,IOMT-011,S-IOMT-011-26,EHR_WRITE,EP-IND-05011
NET-05012,2026-01-01 11:52:29+00:00,1,IOMT-019,S-IOMT-019-27,IMAGING,EP-IND-05012
NET-05013,2026-01-01 11:52:33+00:00,0,IOMT-032,S-IOMT-032-28,EHR_READ,EP-IND-05013
NET-05014,2026-01-01 11:52:35+00:00,0,IOMT-001,S-IOMT-001-29,EHR_READ,EP-IND-05014
NET-05015,2026-01-01 11:52:42+00:00,0,IOMT-037,S-IOMT-037-30,EHR_WRITE,EP-IND-05015
NET-05016,2026-01-01 11:53:03+00:00,0,IOMT-017,S-IOMT-017-31,EHR_READ,EP-IND-05016
NET-05017,2026-01-01 11:53:08+00:00,0,IOMT-032,S-IOMT-032-32,RESEARCH,EP-IND-05017
NET-05018,2026-01-01 11:53:10+00:00,0,IOMT-022,S-IOMT-022-33,RESEARCH,EP-IND-05018
NET-05019,2026-01-01 11:53:19+00:00,0,IOMT-026,S-IOMT-026-34,IMAGING,EP-IND-05019
NET-05020,2026-01-01 11:53:22+00:00,0,IOMT-024,S-IOMT-024-35,EHR_WRITE,EP-IND-05020
NET-05021,2026-01-01 11:53:26+00:00,0,IOMT-011,S-IOMT-011-36,LAB_RESULTS,EP-IND-05021
NET-05022,2026-01-01 11:53:32+00:00,0,IOMT-017,S-IOMT-017-37,IMAGING,EP-IND-05022
NET-05023,2026-01-01 11:53:41+00:00,0,IOMT-049,S-IOMT-049-38,RESEARCH,EP-IND-05023
NET-05024,2026-01-01 11:53:42+00:00,1,IOMT-027,S-IOMT-027-39,EHR_WRITE,EP-IND-05024
NET-05025,2026-01-01 11:53:47+00:00,0,IOMT-007,S-IOMT-007-40,LAB_RESULTS,EP-IND-05025
NET-05026,2026-01-01 11:54:08+00:00,0,IOMT-048,S-IOMT-048-41,LAB_RESULTS,EP-IND-05026
NET-05027,2026-01-01 11:54:14+00:00,0,IOMT-020,S-IOMT-020-42,RESEARCH,EP-IND-05027
NET-05028,2026-01-01 11:54:17+00:00,0,IOMT-027,S-IOMT-027-43,LAB_RESULTS,EP-IND-05028
NET-05029,2026-01-01 11:54:31+00:00,0,IOMT-012,S-IOMT-012-44,LAB_RESULTS,EP-IND-05029
NET-05030,2026-01-01 11:54:32+00:00,0,IOMT-033,S-IOMT-033-45,RESEARCH,EP-IND-05030
NET-05031,2026-01-01 11:54:37+00:00,0,IOMT-014,S-IOMT-014-46,LAB_RESULTS,EP-IND-05031
NET-05032,2026-01-01 11:54:39+00:00,0,IOMT-029,S-IOMT-029-47,LAB_RESULTS,EP-IND-05032
NET-05033,2026-01-01 11:54:56+00:00,0,IOMT-026,S-IOMT-026-48,IMAGING,EP-IND-05033
NET-05034,2026-01-01 11:55:06+00:00,0,IOMT-032,S-IOMT-032-49,RESEARCH,EP-IND-05034
NET-05035,2026-01-01 11:55:07+00:00,0,IOMT-015,S-IOMT-015-50,EHR_READ,EP-IND-05035
NET-05036,2026-01-01 11:55:10+00:00,0,IOMT-041,S-IOMT-041-51,LAB_RESULTS,EP-IND-05036
NET-05037,2026-01-01 11:55:15+00:00,0,IOMT-009,S-IOMT-009-52,EHR_WRITE,EP-IND-05037
NET-05038,2026-01-01 11:55:23+00:00,0,IOMT-025,S-IOMT-025-53,LAB_RESULTS,EP-IND-05038
NET-05039,2026-01-01 11:55:30+00:00,0,IOMT-039,S-IOMT-039-54,IMAGING,EP-IND-05039
NET-05040,2026-01-01 11:55:35+00:00,0,IOMT-002,S-IOMT-002-55,RESEARCH,EP-IND-05040
NET-05041,2026-01-01 11:55:35+00:00,0,IOMT-030,S-IOMT-030-56,LAB_RESULTS,EP-IND-05041
NET-05042,2026-01-01 11:55:46+00:00,0,IOMT-010,S-IOMT-010-57,LAB_RESULTS,EP-IND-05042
NET-05043,2026-01-01 11:56:06+00:00,0,IOMT-001,S-IOMT-001-58,EHR_WRITE,EP-IND-05043
NET-05044,2026-01-01 11:56:12+00:00,0,IOMT-016,S-IOMT-016-59,EHR_WRITE,EP-IND-05044
NET-05045,2026-01-01 11:56:24+00:00,0,IOMT-003,S-IOMT-003-60,IMAGING,EP-IND-05045
NET-05046,2026-01-01 11:56:29+00:00,0,IOMT-025,S-IOMT-025-61,EHR_WRITE,EP-IND-05046
NET-05047,2026-01-01 11:56:51+00:00,0,IOMT-031,S-IOMT-031-62,LAB_RESULTS,EP-IND-05047
NET-05048,2026-01-01 11:56:53+00:00,0,IOMT-002,S-IOMT-002-63,EHR_WRITE,EP-IND-05048
NET-05049,2026-01-01 11:57:15+00:00,0,IOMT-001,S-IOMT-001-64,RESEARCH,EP-IND-05049
NET-05050,2026-01-01 11:57:17+00:00,0,IOMT-038,S-IOMT-038-65,IMAGING,EP-IND-05050
NET-05051,2026-01-01 11:57:25+00:00,1,IOMT-006,S-IOMT-006-66,EHR_READ,EP-IND-05051
NET-05052,2026-01-01 11:57:27+00:00,0,IOMT-021,S-IOMT-021-67,EHR_WRITE,EP-IND-05052
NET-05053,2026-01-01 11:57:41+00:00,0,IOMT-043,S-IOMT-043-68,EHR_READ,EP-IND-05053
NET-05054,2026-01-01 11:57:42+00:00,0,IOMT-020,S-IOMT-020-69,IMAGING,EP-IND-05054
NET-05055,2026-01-01 11:57:58+00:00,0,IOMT-041,S-IOMT-041-70,RESEARCH,EP-IND-05055
NET-05056,2026-01-01 11:58:09+00:00,0,IOMT-032,S-IOMT-032-71,RESEARCH,EP-IND-05056
NET-05057,2026-01-01 11:58:14+00:00,0,IOMT-017,S-IOMT-017-72,EHR_READ,EP-IND-05057
NET-05058,2026-01-01 11:58:16+00:00,0,IOMT-044,S-IOMT-044-73,RESEARCH,EP-IND-05058
NET-05059,2026-01-01 11:58:32+00:00,0,IOMT-046,S-IOMT-046-74,EHR_READ,EP-IND-05059
NET-05060,2026-01-01 11:58:53+00:00,0,IOMT-041,S-IOMT-041-75,LAB_RESULTS,EP-IND-05060
NET-05061,2026-01-01 11:58:56+00:00,0,IOMT-010,S-IOMT-010-76,LAB_RESULTS,EP-IND-05061
NET-05062,2026-01-01 11:59:01+00:00,0,IOMT-024,S-IOMT-024-77,IMAGING,EP-IND-05062
NET-05063,2026-01-01 11:59:02+00:00,0,IOMT-021,S-IOMT-021-78,LAB_RESULTS,EP-IND-05063
NET-05064,2026-01-01 11:59:41+00:00,0,IOMT-036,S-IOMT-036-79,IMAGING,EP-IND-05064
NET-05065,2026-01-01 11:59:47+00:00,1,IOMT-017,S-IOMT-017-80,RESEARCH,EP-IND-05065
NET-05066,2026-01-01 11:59:48+00:00,0,IOMT-025,S-IOMT-025-81,EHR_WRITE,EP-IND-05066
NET-05067,2026-01-01 11:59:48+00:00,0,IOMT-038,S-IOMT-038-82,IMAGING,EP-IND-05067
NET-05068,2026-01-01 11:59:57+00:00,1,IOMT-048,S-IOMT-048-83,EHR_WRITE,EP-IND-05068
NET-05069,2026-01-01 12:00:07+00:00,0,IOMT-036,S-IOMT-036-84,EHR_WRITE,EP-IND-05069
NET-05070,2026-01-01 12:00:09+00:00,0,IOMT-020,S-IOMT-020-85,IMAGING,EP-IND-05070
NET-05071,2026-01-01 12:00:16+00:00,0,IOMT-023,S-IOMT-023-86,IMAGING,EP-IND-05071
NET-05072,2026-01-01 12:00:18+00:00,0,IOMT-046,S-IOMT-046-87,RESEARCH,EP-IND-05072
NET-05073,2026-01-01 12:00:30+00:00,1,IOMT-039,S-IOMT-039-88,EHR_READ,EP-IND-05073
NET-05074,2026-01-01 12:00:30+00:00,1,IOMT-027,S-IOMT-027-89,EHR_READ,EP-IND-05074
NET-05075,2026-01-01 12:00:40+00:00,0,IOMT-045,S-IOMT-045-90,EHR_READ,EP-IND-05075
NET-05076,2026-01-01 12:00:43+00:00,0,IOMT-033,S-IOMT-033-91,IMAGING,EP-IND-05076
NET-05077,2026-01-01 12:00:44+00:00,0,IOMT-047,S-IOMT-047-92,EHR_WRITE,EP-IND-05077
NET-05078,2026-01-01 12:00:48+00:00,0,IOMT-033,S-IOMT-033-93,RESEARCH,EP-IND-05078
NET-05079,2026-01-01 12:00:53+00:00,0,IOMT-009,S-IOMT-009-94,EHR_WRITE,EP-IND-05079
NET-05080,2026-01-01 12:01:03+00:00,0,IOMT-045,S-IOMT-045-95,LAB_RESULTS,EP-IND-05080
NET-05081,2026-01-01 12:01:37+00:00,0,IOMT-024,S-IOMT-024-96,LAB_RESULTS,EP-IND-05081
NET-05082,2026-01-01 12:01:37+00:00,0,IOMT-026,S-IOMT-026-97,EHR_WRITE,EP-IND-05082
NET-05083,2026-01-01 12:01:38+00:00,0,IOMT-044,S-IOMT-044-98,EHR_WRITE,EP-IND-05083
NET-05084,2026-01-01 12:01:45+00:00,0,IOMT-031,S-IOMT-031-99,EHR_WRITE,EP-IND-05084
NET-05085,2026-01-01 12:01:51+00:00,0,IOMT-007,S-IOMT-007-100,EHR_READ,EP-IND-05085
NET-05086,2026-01-01 12:01:58+00:00,0,IOMT-025,S-IOMT-025-101,EHR_READ,EP-IND-05086
NET-05087,2026-01-01 12:02:06+00:00,0,IOMT-024,S-IOMT-024-102,LAB_RESULTS,EP-IND-05087
NET-05088,2026-01-01 12:02:06+00:00,0,IOMT-042,S-IOMT-042-103,EHR_WRITE,EP-IND-05088
NET-05089,2026-01-01 12:02:07+00:00,0,IOMT-009,S-IOMT-009-104,IMAGING,EP-IND-05089
NET-05090,2026-01-01 12:02:11+00:00,0,IOMT-037,S-IOMT-037-105,EHR_WRITE,EP-IND-05090
NET-05091,2026-01-01 12:02:53+00:00,0,IOMT-010,S-IOMT-010-106,IMAGING,EP-IND-05091
NET-05092,2026-01-01 12:02:56+00:00,0,IOMT-029,S-IOMT-029-107,EHR_READ,EP-IND-05092
NET-05093,2026-01-01 12:03:07+00:00,0,IOMT-017,S-IOMT-017-108,EHR_READ,EP-IND-05093
NET-05094,2026-01-01 12:03:11+00:00,0,IOMT-042,S-IOMT-042-109,IMAGING,EP-IND-05094
NET-05095,2026-01-01 12:03:31+00:00,0,IOMT-032,S-IOMT-032-110,IMAGING,EP-IND-05095
NET-05096,2026-01-01 12:03:37+00:00,0,IOMT-042,S-IOMT-042-111,EHR_READ,EP-IND-05096
NET-05097,2026-01-01 12:03:44+00:00,0,IOMT-049,S-IOMT-049-112,EHR_READ,EP-IND-05097
NET-05098,2026-01-01 12:04:09+00:00,0,IOMT-033,S-IOMT-033-113,EHR_WRITE,EP-IND-05098
NET-05099,2026-01-01 12:04:20+00:00,0,IOMT-032,S-IOMT-032-114,EHR_READ,EP-IND-05099
NET-05100,2026-01-01 12:04:30+00:00,0,IOMT-046,S-IOMT-046-115,RESEARCH,EP-IND-05100
NET-05101,2026-01-01 12:04:35+00:00,1,IOMT-048,S-IOMT-048-116,EHR_READ,EP-IND-05101
NET-05102,2026-01-01 12:04:47+00:00,0,IOMT-044,S-IOMT-044-117,RESEARCH,EP-IND-05102
NET-05103,2026-01-01 12:04:48+00:00,0,IOMT-001,S-IOMT-001-118,EHR_READ,EP-IND-05103
NET-05104,2026-01-01 12:04:59+00:00,0,IOMT-024,S-IOMT-024-119,EHR_READ,EP-IND-05104
NET-05105,2026-01-01 12:05:10+00:00,0,IOMT-015,S-IOMT-015-120,RESEARCH,EP-IND-05105
NET-05106,2026-01-01 12:05:32+00:00,0,IOMT-027,S-IOMT-027-121,EHR_READ,EP-IND-05106
NET-05107,2026-01-01 12:05:38+00:00,0,IOMT-018,S-IOMT-018-122,IMAGING,EP-IND-05107
NET-05108,2026-01-01 12:05:43+00:00,0,IOMT-038,S-IOMT-038-123,LAB_RESULTS,EP-IND-05108
NET-05109,2026-01-01 12:06:24+00:00,0,IOMT-047,S-IOMT-047-124,LAB_RESULTS,EP-IND-05109
NET-05110,2026-01-01 12:06:30+00:00,0,IOMT-021,S-IOMT-021-125,EHR_WRITE,EP-IND-05110
NET-05111,2026-01-01 12:06:33+00:00,0,IOMT-045,S-IOMT-045-126,EHR_READ,EP-IND-05111
NET-05112,2026-01-01 12:06:41+00:00,0,IOMT-044,S-IOMT-044-127,RESEARCH,EP-IND-05112
NET-05113,2026-01-01 12:06:44+00:00,0,IOMT-035,S-IOMT-035-128,RESEARCH,EP-IND-05113
NET-05114,2026-01-01 12:07:09+00:00,0,IOMT-038,S-IOMT-038-129,EHR_READ,EP-IND-05114
NET-05115,2026-01-01 12:07:22+00:00,0,IOMT-029,S-IOMT-029-130,RESEARCH,EP-IND-05115
NET-05116,2026-01-01 12:07:22+00:00,0,IOMT-043,S-IOMT-043-131,EHR_WRITE,EP-IND-05116
NET-05117,2026-01-01 12:07:28+00:00,1,IOMT-046,S-IOMT-046-132,EHR_WRITE,EP-IND-05117
NET-05118,2026-01-01 12:07:35+00:00,0,IOMT-031,S-IOMT-031-133,IMAGING,EP-IND-05118
NET-05119,2026-01-01 12:07:36+00:00,0,IOMT-026,S-IOMT-026-134,EHR_WRITE,EP-IND-05119
NET-05120,2026-01-01 12:07:37+00:00,0,IOMT-026,S-IOMT-026-135,LAB_RESULTS,EP-IND-05120
NET-05121,2026-01-01 12:07:46+00:00,0,IOMT-013,S-IOMT-013-136,IMAGING,EP-IND-05121
NET-05122,2026-01-01 12:07:48+00:00,0,IOMT-042,S-IOMT-042-137,LAB_RESULTS,EP-IND-05122
NET-05123,2026-01-01 12:08:01+00:00,0,IOMT-007,S-IOMT-007-138,EHR_WRITE,EP-IND-05123
NET-05124,2026-01-01 12:08:02+00:00,0,IOMT-043,S-IOMT-043-139,RESEARCH,EP-IND-05124
NET-05125,2026-01-01 12:08:06+00:00,0,IOMT-040,S-IOMT-040-140,IMAGING,EP-IND-05125
NET-05126,2026-01-01 12:08:11+00:00,0,IOMT-002,S-IOMT-002-141,IMAGING,EP-IND-05126
NET-05127,2026-01-01 12:08:27+00:00,0,IOMT-032,S-IOMT-032-142,EHR_WRITE,EP-IND-05127
NET-05128,2026-01-01 12:08:31+00:00,0,IOMT-043,S-IOMT-043-143,EHR_READ,EP-IND-05128
NET-05129,2026-01-01 12:08:33+00:00,0,IOMT-032,S-IOMT-032-144,IMAGING,EP-IND-05129
NET-05130,2026-01-01 12:09:07+00:00,0,IOMT-014,S-IOMT-014-145,RESEARCH,EP-IND-05130
NET-05131,2026-01-01 12:09:08+00:00,0,IOMT-045,S-IOMT-045-146,EHR_READ,EP-IND-05131
NET-05132,2026-01-01 12:09:19+00:00,0,IOMT-026,S-IOMT-026-147,EHR_WRITE,EP-IND-05132
NET-05133,2026-01-01 12:09:21+00:00,0,IOMT-021,S-IOMT-021-148,EHR_WRITE,EP-IND-05133
NET-05134,2026-01-01 12:09:27+00:00,0,IOMT-037,S-IOMT-037-149,EHR_WRITE,EP-IND-05134
NET-05135,2026-01-01 12:09:30+00:00,0,IOMT-013,S-IOMT-013-150,LAB_RESULTS,EP-IND-05135
NET-05136,2026-01-01 12:09:35+00:00,0,IOMT-048,S-IOMT-048-151,IMAGING,EP-IND-05136
NET-05137,2026-01-01 12:10:08+00:00,0,IOMT-004,S-IOMT-004-152,RESEARCH,EP-IND-05137
NET-05138,2026-01-01 12:10:25+00:00,0,IOMT-005,S-IOMT-005-153,IMAGING,EP-IND-05138
NET-05139,2026-01-01 12:10:26+00:00,0,IOMT-023,S-IOMT-023-154,RESEARCH,EP-IND-05139
NET-05140,2026-01-01 12:10:28+00:00,0,IOMT-019,S-IOMT-019-155,RESEARCH,EP-IND-05140
NET-05141,2026-01-01 12:10:30+00:00,0,IOMT-001,S-IOMT-001-156,EHR_READ,EP-IND-05141
NET-05142,2026-01-01 12:10:31+00:00,0,IOMT-025,S-IOMT-025-157,RESEARCH,EP-IND-05142
NET-05143,2026-01-01 12:10:38+00:00,0,IOMT-039,S-IOMT-039-158,EHR_READ,EP-IND-05143
NET-05144,2026-01-01 12:10:45+00:00,0,IOMT-003,S-IOMT-003-159,EHR_WRITE,EP-IND-05144
NET-05145,2026-01-01 12:10:48+00:00,0,IOMT-016,S-IOMT-016-160,EHR_WRITE,EP-IND-05145
NET-05146,2026-01-01 12:10:48+00:00,0,IOMT-033,S-IOMT-033-161,RESEARCH,EP-IND-05146
NET-05147,2026-01-01 12:10:49+00:00,0,IOMT-034,S-IOMT-034-162,EHR_WRITE,EP-IND-05147
NET-05148,2026-01-01 12:11:20+00:00,0,IOMT-039,S-IOMT-039-163,EHR_READ,EP-IND-05148
NET-05149,2026-01-01 12:11:26+00:00,0,IOMT-028,S-IOMT-028-164,IMAGING,EP-IND-05149
NET-05150,2026-01-01 12:11:40+00:00,0,IOMT-015,S-IOMT-015-165,LAB_RESULTS,EP-IND-05150
NET-05151,2026-01-01 12:11:45+00:00,0,IOMT-039,S-IOMT-039-166,LAB_RESULTS,EP-IND-05151
NET-05152,2026-01-01 12:11:48+00:00,0,IOMT-025,S-IOMT-025-167,RESEARCH,EP-IND-05152
NET-05153,2026-01-01 12:11:52+00:00,0,IOMT-031,S-IOMT-031-168,EHR_WRITE,EP-IND-05153
NET-05154,2026-01-01 12:11:52+00:00,0,IOMT-021,S-IOMT-021-169,RESEARCH,EP-IND-05154
NET-05155,2026-01-01 12:12:06+00:00,0,IOMT-001,S-IOMT-001-170,RESEARCH,EP-IND-05155
NET-05156,2026-01-01 12:12:08+00:00,0,IOMT-004,S-IOMT-004-171,EHR_WRITE,EP-IND-05156
NET-05157,2026-01-01 12:12:16+00:00,0,IOMT-043,S-IOMT-043-172,RESEARCH,EP-IND-05157
NET-05158,2026-01-01 12:12:35+00:00,0,IOMT-035,S-IOMT-035-173,LAB_RESULTS,EP-IND-05158
NET-05159,2026-01-01 12:12:44+00:00,1,IOMT-041,S-IOMT-041-174,EHR_READ,EP-IND-05159
NET-05160,2026-01-01 12:12:49+00:00,0,IOMT-039,S-IOMT-039-175,LAB_RESULTS,EP-IND-05160
NET-05161,2026-01-01 12:12:51+00:00,0,IOMT-014,S-IOMT-014-176,EHR_READ,EP-IND-05161
NET-05162,2026-01-01 12:12:53+00:00,0,IOMT-016,S-IOMT-016-177,EHR_WRITE,EP-IND-05162
NET-05163,2026-01-01 12:12:58+00:00,0,IOMT-048,S-IOMT-048-178,IMAGING,EP-IND-05163
NET-05164,2026-01-01 12:13:15+00:00,0,IOMT-007,S-IOMT-007-179,IMAGING,EP-IND-05164
NET-05165,2026-01-01 12:13:30+00:00,0,IOMT-009,S-IOMT-009-180,EHR_READ,EP-IND-05165
NET-05166,2026-01-01 12:13:47+00:00,0,IOMT-046,S-IOMT-046-181,EHR_WRITE,EP-IND-05166
NET-05167,2026-01-01 12:14:10+00:00,0,IOMT-000,S-IOMT-000-182,EHR_WRITE,EP-IND-05167
NET-05168,2026-01-01 12:14:23+00:00,0,IOMT-037,S-IOMT-037-183,EHR_WRITE,EP-IND-05168
NET-05169,2026-01-01 12:14:40+00:00,0,IOMT-015,S-IOMT-015-184,EHR_WRITE,EP-IND-05169
NET-05170,2026-01-01 12:14:42+00:00,0,IOMT-037,S-IOMT-037-185,EHR_READ,EP-IND-05170
NET-05171,2026-01-01 12:15:10+00:00,0,IOMT-010,S-IOMT-010-186,EHR_READ,EP-IND-05171
NET-05172,2026-01-01 12:16:01+00:00,0,IOMT-033,S-IOMT-033-187,EHR_READ,EP-IND-05172
NET-05173,2026-01-01 12:16:39+00:00,0,IOMT-048,S-IOMT-048-188,EHR_WRITE,EP-IND-05173
NET-05174,2026-01-01 12:16:41+00:00,0,IOMT-020,S-IOMT-020-189,RESEARCH,EP-IND-05174
NET-05175,2026-01-01 12:16:52+00:00,0,IOMT-031,S-IOMT-031-190,RESEARCH,EP-IND-05175
NET-05176,2026-01-01 12:16:54+00:00,0,IOMT-012,S-IOMT-012-191,LAB_RESULTS,EP-IND-05176
NET-05177,2026-01-01 12:16:56+00:00,0,IOMT-025,S-IOMT-025-192,IMAGING,EP-IND-05177
NET-05178,2026-01-01 12:17:01+00:00,0,IOMT-045,S-IOMT-045-193,LAB_RESULTS,EP-IND-05178
NET-05179,2026-01-01 12:17:06+00:00,0,IOMT-035,S-IOMT-035-194,RESEARCH,EP-IND-05179
NET-05180,2026-01-01 12:17:08+00:00,0,IOMT-013,S-IOMT-013-195,RESEARCH,EP-IND-05180
NET-05181,2026-01-01 12:17:17+00:00,0,IOMT-028,S-IOMT-028-196,RESEARCH,EP-IND-05181
NET-05182,2026-01-01 12:17:19+00:00,0,IOMT-027,S-IOMT-027-197,LAB_RESULTS,EP-IND-05182
NET-05183,2026-01-01 12:17:23+00:00,0,IOMT-006,S-IOMT-006-198,IMAGING,EP-IND-05183
NET-05184,2026-01-01 12:17:31+00:00,0,IOMT-023,S-IOMT-023-199,LAB_RESULTS,EP-IND-05184
NET-05185,2026-01-01 12:17:44+00:00,0,IOMT-006,S-IOMT-006-200,LAB_RESULTS,EP-IND-05185
NET-05186,2026-01-01 12:17:54+00:00,0,IOMT-034,S-IOMT-034-201,EHR_READ,EP-IND-05186
NET-05187,2026-01-01 12:18:02+00:00,0,IOMT-012,S-IOMT-012-202,RESEARCH,EP-IND-05187
NET-05188,2026-01-01 12:18:18+00:00,0,IOMT-013,S-IOMT-013-203,RESEARCH,EP-IND-05188
NET-05189,2026-01-01 12:18:26+00:00,0,IOMT-040,S-IOMT-040-204,IMAGING,EP-IND-05189
NET-05190,2026-01-01 12:18:58+00:00,0,IOMT-006,S-IOMT-006-205,IMAGING,EP-IND-05190
NET-05191,2026-01-01 12:19:05+00:00,0,IOMT-034,S-IOMT-034-206,IMAGING,EP-IND-05191
NET-05192,2026-01-01 12:19:19+00:00,0,IOMT-033,S-IOMT-033-207,EHR_WRITE,EP-IND-05192
NET-05193,2026-01-01 12:19:31+00:00,0,IOMT-048,S-IOMT-048-208,EHR_WRITE,EP-IND-05193
NET-05194,2026-01-01 12:19:43+00:00,0,IOMT-009,S-IOMT-009-209,LAB_RESULTS,EP-IND-05194
NET-05195,2026-01-01 12:19:54+00:00,0,IOMT-000,S-IOMT-000-210,EHR_WRITE,EP-IND-05195
NET-05196,2026-01-01 12:20:05+00:00,0,IOMT-038,S-IOMT-038-211,EHR_READ,EP-IND-05196
NET-05197,2026-01-01 12:20:07+00:00,0,IOMT-049,S-IOMT-049-212,EHR_WRITE,EP-IND-05197
NET-05198,2026-01-01 12:20:15+00:00,0,IOMT-046,S-IOMT-046-213,IMAGING,EP-IND-05198
NET-05199,2026-01-01 12:20:26+00:00,0,IOMT-039,S-IOMT-039-214,LAB_RESULTS,EP-IND-05199
NET-05200,2026-01-01 12:20:40+00:00,0,IOMT-027,S-IOMT-027-215,EHR_READ,EP-IND-05200
NET-05201,2026-01-01 12:21:01+00:00,0,IOMT-038,S-IOMT-038-216,RESEARCH,EP-IND-05201
NET-05202,2026-01-01 12:21:06+00:00,0,IOMT-008,S-IOMT-008-217,LAB_RESULTS,EP-IND-05202
NET-05203,2026-01-01 12:21:07+00:00,0,IOMT-019,S-IOMT-019-218,IMAGING,EP-IND-05203
NET-05204,2026-01-01 12:21:20+00:00,0,IOMT-039,S-IOMT-039-219,RESEARCH,EP-IND-05204
NET-05205,2026-01-01 12:21:44+00:00,0,IOMT-000,S-IOMT-000-220,EHR_WRITE,EP-IND-05205
NET-05206,2026-01-01 12:21:54+00:00,0,IOMT-035,S-IOMT-035-221,LAB_RESULTS,EP-IND-05206
NET-05207,2026-01-01 12:21:55+00:00,0,IOMT-036,S-IOMT-036-222,EHR_WRITE,EP-IND-05207
NET-05208,2026-01-01 12:22:12+00:00,0,IOMT-020,S-IOMT-020-223,EHR_WRITE,EP-IND-05208
NET-05209,2026-01-01 12:22:26+00:00,0,IOMT-027,S-IOMT-027-224,LAB_RESULTS,EP-IND-05209
NET-05210,2026-01-01 12:22:38+00:00,0,IOMT-019,S-IOMT-019-225,EHR_WRITE,EP-IND-05210
NET-05211,2026-01-01 12:22:38+00:00,0,IOMT-007,S-IOMT-007-226,RESEARCH,EP-IND-05211
NET-05212,2026-01-01 12:22:42+00:00,0,IOMT-007,S-IOMT-007-227,LAB_RESULTS,EP-IND-05212
NET-05213,2026-01-01 12:22:43+00:00,0,IOMT-001,S-IOMT-001-228,LAB_RESULTS,EP-IND-05213
NET-05214,2026-01-01 12:23:29+00:00,0,IOMT-009,S-IOMT-009-229,LAB_RESULTS,EP-IND-05214
NET-05215,2026-01-01 12:23:38+00:00,0,IOMT-040,S-IOMT-040-230,RESEARCH,EP-IND-05215
NET-05216,2026-01-01 12:23:41+00:00,0,IOMT-039,S-IOMT-039-231,RESEARCH,EP-IND-05216
NET-05217,2026-01-01 12:23:57+00:00,0,IOMT-031,S-IOMT-031-232,EHR_READ,EP-IND-05217
NET-05218,2026-01-01 12:23:58+00:00,0,IOMT-035,S-IOMT-035-233,EHR_READ,EP-IND-05218
NET-05219,2026-01-01 12:23:59+00:00,0,IOMT-019,S-IOMT-019-234,IMAGING,EP-IND-05219
NET-05220,2026-01-01 12:24:10+00:00,0,IOMT-033,S-IOMT-033-235,EHR_WRITE,EP-IND-05220
NET-05221,2026-01-01 12:24:14+00:00,0,IOMT-030,S-IOMT-030-236,LAB_RESULTS,EP-IND-05221
NET-05222,2026-01-01 12:24:15+00:00,0,IOMT-033,S-IOMT-033-237,LAB_RESULTS,EP-IND-05222
NET-05223,2026-01-01 12:24:26+00:00,0,IOMT-021,S-IOMT-021-238,EHR_READ,EP-IND-05223
NET-05224,2026-01-01 12:24:27+00:00,0,IOMT-034,S-IOMT-034-239,RESEARCH,EP-IND-05224
NET-05225,2026-01-01 12:24:41+00:00,0,IOMT-021,S-IOMT-021-240,RESEARCH,EP-IND-05225
NET-05226,2026-01-01 12:25:00+00:00,0,IOMT-002,S-IOMT-002-241,EHR_WRITE,EP-IND-05226
NET-05227,2026-01-01 12:25:13+00:00,0,IOMT-021,S-IOMT-021-242,EHR_WRITE,EP-IND-05227
NET-05228,2026-01-01 12:25:27+00:00,1,IOMT-043,S-IOMT-043-243,IMAGING,EP-IND-05228
NET-05229,2026-01-01 12:25:30+00:00,0,IOMT-034,S-IOMT-034-244,IMAGING,EP-IND-05229
NET-05230,2026-01-01 12:25:30+00:00,0,IOMT-016,S-IOMT-016-245,RESEARCH,EP-IND-05230
NET-05231,2026-01-01 12:25:59+00:00,0,IOMT-034,S-IOMT-034-246,EHR_READ,EP-IND-05231
NET-05232,2026-01-01 12:26:16+00:00,0,IOMT-007,S-IOMT-007-247,IMAGING,EP-IND-05232
NET-05233,2026-01-01 12:26:21+00:00,0,IOMT-006,S-IOMT-006-248,RESEARCH,EP-IND-05233
NET-05234,2026-01-01 12:26:49+00:00,0,IOMT-038,S-IOMT-038-249,LAB_RESULTS,EP-IND-05234
NET-05235,2026-01-01 12:26:53+00:00,0,IOMT-015,S-IOMT-015-250,EHR_READ,EP-IND-05235
NET-05236,2026-01-01 12:26:54+00:00,0,IOMT-020,S-IOMT-020-251,EHR_WRITE,EP-IND-05236
NET-05237,2026-01-01 12:27:04+00:00,0,IOMT-046,S-IOMT-046-252,EHR_WRITE,EP-IND-05237
NET-05238,2026-01-01 12:27:05+00:00,0,IOMT-039,S-IOMT-039-253,EHR_READ,EP-IND-05238
NET-05239,2026-01-01 12:27:18+00:00,0,IOMT-035,S-IOMT-035-254,LAB_RESULTS,EP-IND-05239
NET-05240,2026-01-01 12:27:19+00:00,0,IOMT-027,S-IOMT-027-255,IMAGING,EP-IND-05240
NET-05241,2026-01-01 12:27:24+00:00,0,IOMT-015,S-IOMT-015-256,EHR_READ,EP-IND-05241
NET-05242,2026-01-01 12:27:38+00:00,0,IOMT-044,S-IOMT-044-257,IMAGING,EP-IND-05242
NET-05243,2026-01-01 12:27:50+00:00,0,IOMT-031,S-IOMT-031-258,EHR_READ,EP-IND-05243
NET-05244,2026-01-01 12:27:51+00:00,0,IOMT-034,S-IOMT-034-259,EHR_READ,EP-IND-05244
NET-05245,2026-01-01 12:28:04+00:00,0,IOMT-019,S-IOMT-019-260,IMAGING,EP-IND-05245
NET-05246,2026-01-01 12:28:05+00:00,0,IOMT-012,S-IOMT-012-261,LAB_RESULTS,EP-IND-05246
NET-05247,2026-01-01 12:28:08+00:00,0,IOMT-029,S-IOMT-029-262,LAB_RESULTS,EP-IND-05247
NET-05248,2026-01-01 12:28:16+00:00,1,IOMT-045,S-IOMT-045-263,LAB_RESULTS,EP-IND-05248
NET-05249,2026-01-01 12:28:30+00:00,0,IOMT-009,S-IOMT-009-264,RESEARCH,EP-IND-05249
NET-05250,2026-01-01 12:28:46+00:00,0,IOMT-015,S-IOMT-015-265,IMAGING,EP-IND-05250
NET-05251,2026-01-01 12:28:55+00:00,0,IOMT-047,S-IOMT-047-266,LAB_RESULTS,EP-IND-05251
NET-05252,2026-01-01 12:28:59+00:00,0,IOMT-026,S-IOMT-026-267,RESEARCH,EP-IND-05252
NET-05253,2026-01-01 12:29:09+00:00,0,IOMT-018,S-IOMT-018-268,LAB_RESULTS,EP-IND-05253
NET-05254,2026-01-01 12:29:24+00:00,0,IOMT-044,S-IOMT-044-269,RESEARCH,EP-IND-05254
NET-05255,2026-01-01 12:29:30+00:00,0,IOMT-032,S-IOMT-032-270,LAB_RESULTS,EP-IND-05255
NET-05256,2026-01-01 12:29:45+00:00,0,IOMT-015,S-IOMT-015-271,LAB_RESULTS,EP-IND-05256
NET-05257,2026-01-01 12:30:03+00:00,0,IOMT-012,S-IOMT-012-272,LAB_RESULTS,EP-IND-05257
NET-05258,2026-01-01 12:30:03+00:00,0,IOMT-014,S-IOMT-014-273,IMAGING,EP-IND-05258
NET-05259,2026-01-01 12:30:07+00:00,0,IOMT-042,S-IOMT-042-274,LAB_RESULTS,EP-IND-05259
NET-05260,2026-01-01 12:30:16+00:00,0,IOMT-007,S-IOMT-007-275,IMAGING,EP-IND-05260
NET-05261,2026-01-01 12:30:25+00:00,0,IOMT-021,S-IOMT-021-276,EHR_WRITE,EP-IND-05261
NET-05262,2026-01-01 12:30:42+00:00,0,IOMT-046,S-IOMT-046-277,EHR_WRITE,EP-IND-05262
NET-05263,2026-01-01 12:31:13+00:00,0,IOMT-010,S-IOMT-010-278,IMAGING,EP-IND-05263
NET-05264,2026-01-01 12:31:15+00:00,0,IOMT-020,S-IOMT-020-279,IMAGING,EP-IND-05264
NET-05265,2026-01-01 12:31:18+00:00,0,IOMT-018,S-IOMT-018-280,EHR_READ,EP-IND-05265
NET-05266,2026-01-01 12:31:21+00:00,0,IOMT-021,S-IOMT-021-281,LAB_RESULTS,EP-IND-05266
NET-05267,2026-01-01 12:31:26+00:00,0,IOMT-019,S-IOMT-019-282,EHR_WRITE,EP-IND-05267
NET-05268,2026-01-01 12:31:40+00:00,0,IOMT-039,S-IOMT-039-283,IMAGING,EP-IND-05268
NET-05269,2026-01-01 12:32:00+00:00,0,IOMT-022,S-IOMT-022-284,EHR_READ,EP-IND-05269
NET-05270,2026-01-01 12:32:09+00:00,0,IOMT-023,S-IOMT-023-285,IMAGING,EP-IND-05270
NET-05271,2026-01-01 12:32:34+00:00,1,IOMT-044,S-IOMT-044-286,RESEARCH,EP-IND-05271
NET-05272,2026-01-01 12:32:49+00:00,0,IOMT-030,S-IOMT-030-287,EHR_READ,EP-IND-05272
NET-05273,2026-01-01 12:32:50+00:00,0,IOMT-017,S-IOMT-017-288,EHR_READ,EP-IND-05273
NET-05274,2026-01-01 12:32:51+00:00,0,IOMT-045,S-IOMT-045-289,IMAGING,EP-IND-05274
NET-05275,2026-01-01 12:32:53+00:00,0,IOMT-020,S-IOMT-020-290,LAB_RESULTS,EP-IND-05275
NET-05276,2026-01-01 12:32:56+00:00,0,IOMT-015,S-IOMT-015-291,LAB_RESULTS,EP-IND-05276
NET-05277,2026-01-01 12:32:57+00:00,0,IOMT-028,S-IOMT-028-292,RESEARCH,EP-IND-05277
NET-05278,2026-01-01 12:33:02+00:00,0,IOMT-017,S-IOMT-017-293,EHR_WRITE,EP-IND-05278
NET-05279,2026-01-01 12:33:03+00:00,0,IOMT-031,S-IOMT-031-294,RESEARCH,EP-IND-05279
NET-05280,2026-01-01 12:33:04+00:00,1,IOMT-032,S-IOMT-032-295,RESEARCH,EP-IND-05280
NET-05281,2026-01-01 12:33:06+00:00,0,IOMT-016,S-IOMT-016-296,EHR_READ,EP-IND-05281
NET-05282,2026-01-01 12:33:10+00:00,0,IOMT-013,S-IOMT-013-297,RESEARCH,EP-IND-05282
NET-05283,2026-01-01 12:33:15+00:00,0,IOMT-006,S-IOMT-006-298,EHR_READ,EP-IND-05283
NET-05284,2026-01-01 12:33:18+00:00,0,IOMT-028,S-IOMT-028-299,RESEARCH,EP-IND-05284
NET-05285,2026-01-01 12:33:24+00:00,0,IOMT-043,S-IOMT-043-300,LAB_RESULTS,EP-IND-05285
NET-05286,2026-01-01 12:33:38+00:00,0,IOMT-006,S-IOMT-006-301,EHR_READ,EP-IND-05286
NET-05287,2026-01-01 12:33:39+00:00,0,IOMT-015,S-IOMT-015-302,EHR_READ,EP-IND-05287
NET-05288,2026-01-01 12:34:00+00:00,0,IOMT-031,S-IOMT-031-303,RESEARCH,EP-IND-05288
NET-05289,2026-01-01 12:34:02+00:00,0,IOMT-034,S-IOMT-034-304,IMAGING,EP-IND-05289
NET-05290,2026-01-01 12:34:05+00:00,0,IOMT-027,S-IOMT-027-305,LAB_RESULTS,EP-IND-05290
NET-05291,2026-01-01 12:34:08+00:00,0,IOMT-022,S-IOMT-022-306,IMAGING,EP-IND-05291
NET-05292,2026-01-01 12:34:20+00:00,0,IOMT-027,S-IOMT-027-307,EHR_READ,EP-IND-05292
NET-05293,2026-01-01 12:34:25+00:00,0,IOMT-045,S-IOMT-045-308,RESEARCH,EP-IND-05293
NET-05294,2026-01-01 12:34:37+00:00,0,IOMT-010,S-IOMT-010-309,EHR_WRITE,EP-IND-05294
NET-05295,2026-01-01 12:34:44+00:00,0,IOMT-038,S-IOMT-038-310,EHR_WRITE,EP-IND-05295
NET-05296,2026-01-01 12:34:48+00:00,0,IOMT-031,S-IOMT-031-311,EHR_READ,EP-IND-05296
NET-05297,2026-01-01 12:34:49+00:00,0,IOMT-023,S-IOMT-023-312,EHR_READ,EP-IND-05297
NET-05298,2026-01-01 12:35:15+00:00,0,IOMT-029,S-IOMT-029-313,LAB_RESULTS,EP-IND-05298
NET-05299,2026-01-01 12:35:17+00:00,0,IOMT-024,S-IOMT-024-314,RESEARCH,EP-IND-05299
NET-05300,2026-01-01 12:35:23+00:00,0,IOMT-021,S-IOMT-021-315,LAB_RESULTS,EP-IND-05300
NET-05301,2026-01-01 12:35:42+00:00,0,IOMT-008,S-IOMT-008-316,EHR_READ,EP-IND-05301
NET-05302,2026-01-01 12:36:07+00:00,0,IOMT-045,S-IOMT-045-317,IMAGING,EP-IND-05302
NET-05303,2026-01-01 12:36:14+00:00,0,IOMT-021,S-IOMT-021-318,RESEARCH,EP-IND-05303
NET-05304,2026-01-01 12:36:21+00:00,0,IOMT-006,S-IOMT-006-319,LAB_RESULTS,EP-IND-05304
NET-05305,2026-01-01 12:36:26+00:00,0,IOMT-045,S-IOMT-045-320,EHR_READ,EP-IND-05305
NET-05306,2026-01-01 12:36:26+00:00,0,IOMT-022,S-IOMT-022-321,EHR_READ,EP-IND-05306
NET-05307,2026-01-01 12:36:41+00:00,0,IOMT-014,S-IOMT-014-322,LAB_RESULTS,EP-IND-05307
NET-05308,2026-01-01 12:36:53+00:00,0,IOMT-005,S-IOMT-005-323,EHR_WRITE,EP-IND-05308
NET-05309,2026-01-01 12:36:58+00:00,0,IOMT-025,S-IOMT-025-324,EHR_WRITE,EP-IND-05309
NET-05310,2026-01-01 12:37:04+00:00,0,IOMT-023,S-IOMT-023-325,IMAGING,EP-IND-05310
NET-05311,2026-01-01 12:37:09+00:00,0,IOMT-047,S-IOMT-047-326,IMAGING,EP-IND-05311
NET-05312,2026-01-01 12:37:22+00:00,0,IOMT-046,S-IOMT-046-327,EHR_READ,EP-IND-05312
NET-05313,2026-01-01 12:37:34+00:00,0,IOMT-013,S-IOMT-013-328,IMAGING,EP-IND-05313
NET-05314,2026-01-01 12:37:45+00:00,0,IOMT-011,S-IOMT-011-329,EHR_WRITE,EP-IND-05314
NET-05315,2026-01-01 12:38:09+00:00,0,IOMT-005,S-IOMT-005-330,EHR_READ,EP-IND-05315
NET-05316,2026-01-01 12:38:24+00:00,0,IOMT-024,S-IOMT-024-331,EHR_WRITE,EP-IND-05316
NET-05317,2026-01-01 12:38:26+00:00,0,IOMT-026,S-IOMT-026-332,EHR_WRITE,EP-IND-05317
NET-05318,2026-01-01 12:38:31+00:00,0,IOMT-038,S-IOMT-038-333,EHR_WRITE,EP-IND-05318
NET-05319,2026-01-01 12:38:36+00:00,0,IOMT-023,S-IOMT-023-334,IMAGING,EP-IND-05319
NET-05320,2026-01-01 12:38:39+00:00,0,IOMT-008,S-IOMT-008-335,EHR_WRITE,EP-IND-05320
NET-05321,2026-01-01 12:38:48+00:00,0,IOMT-035,S-IOMT-035-336,EHR_WRITE,EP-IND-05321
NET-05322,2026-01-01 12:39:00+00:00,0,IOMT-038,S-IOMT-038-337,RESEARCH,EP-IND-05322
NET-05323,2026-01-01 12:39:06+00:00,0,IOMT-009,S-IOMT-009-338,EHR_WRITE,EP-IND-05323
NET-05324,2026-01-01 12:39:13+00:00,0,IOMT-031,S-IOMT-031-339,LAB_RESULTS,EP-IND-05324
NET-05325,2026-01-01 12:39:18+00:00,1,IOMT-017,S-IOMT-017-340,LAB_RESULTS,EP-IND-05325
NET-05326,2026-01-01 12:39:25+00:00,0,IOMT-027,S-IOMT-027-341,IMAGING,EP-IND-05326
NET-05327,2026-01-01 12:39:35+00:00,0,IOMT-023,S-IOMT-023-342,IMAGING,EP-IND-05327
NET-05328,2026-01-01 12:39:38+00:00,0,IOMT-026,S-IOMT-026-343,RESEARCH,EP-IND-05328
NET-05329,2026-01-01 12:39:39+00:00,0,IOMT-019,S-IOMT-019-344,RESEARCH,EP-IND-05329
NET-05330,2026-01-01 12:39:56+00:00,0,IOMT-034,S-IOMT-034-345,EHR_WRITE,EP-IND-05330
NET-05331,2026-01-01 12:39:57+00:00,0,IOMT-044,S-IOMT-044-346,EHR_WRITE,EP-IND-05331
NET-05332,2026-01-01 12:40:26+00:00,0,IOMT-030,S-IOMT-030-347,EHR_WRITE,EP-IND-05332
NET-05333,2026-01-01 12:40:27+00:00,0,IOMT-039,S-IOMT-039-348,LAB_RESULTS,EP-IND-05333
NET-05334,2026-01-01 12:40:35+00:00,0,IOMT-038,S-IOMT-038-349,IMAGING,EP-IND-05334
NET-05335,2026-01-01 12:40:39+00:00,0,IOMT-007,S-IOMT-007-350,RESEARCH,EP-IND-05335
NET-05336,2026-01-01 12:40:45+00:00,0,IOMT-016,S-IOMT-016-351,IMAGING,EP-IND-05336
NET-05337,2026-01-01 12:40:48+00:00,0,IOMT-034,S-IOMT-034-352,RESEARCH,EP-IND-05337
NET-05338,2026-01-01 12:40:52+00:00,0,IOMT-004,S-IOMT-004-353,EHR_READ,EP-IND-05338
NET-05339,2026-01-01 12:41:02+00:00,1,IOMT-007,S-IOMT-007-354,LAB_RESULTS,EP-IND-05339
NET-05340,2026-01-01 12:41:14+00:00,0,IOMT-041,S-IOMT-041-355,EHR_READ,EP-IND-05340
NET-05341,2026-01-01 12:41:28+00:00,0,IOMT-012,S-IOMT-012-356,RESEARCH,EP-IND-05341
NET-05342,2026-01-01 12:41:31+00:00,1,IOMT-040,S-IOMT-040-357,EHR_WRITE,EP-IND-05342
NET-05343,2026-01-01 12:41:32+00:00,0,IOMT-005,S-IOMT-005-358,LAB_RESULTS,EP-IND-05343
NET-05344,2026-01-01 12:41:33+00:00,0,IOMT-020,S-IOMT-020-359,IMAGING,EP-IND-05344
NET-05345,2026-01-01 12:41:42+00:00,0,IOMT-041,S-IOMT-041-360,IMAGING,EP-IND-05345
NET-05346,2026-01-01 12:41:46+00:00,0,IOMT-018,S-IOMT-018-361,EHR_WRITE,EP-IND-05346
NET-05347,2026-01-01 12:42:11+00:00,0,IOMT-024,S-IOMT-024-362,LAB_RESULTS,EP-IND-05347
NET-05348,2026-01-01 12:42:14+00:00,0,IOMT-030,S-IOMT-030-363,RESEARCH,EP-IND-05348
NET-05349,2026-01-01 12:42:28+00:00,0,IOMT-008,S-IOMT-008-364,IMAGING,EP-IND-05349
NET-05350,2026-01-01 12:42:32+00:00,0,IOMT-009,S-IOMT-009-365,EHR_READ,EP-IND-05350
NET-05351,2026-01-01 12:42:39+00:00,1,IOMT-015,S-IOMT-015-366,EHR_WRITE,EP-IND-05351
NET-05352,2026-01-01 12:42:47+00:00,0,IOMT-012,S-IOMT-012-367,LAB_RESULTS,EP-IND-05352
NET-05353,2026-01-01 12:43:00+00:00,0,IOMT-039,S-IOMT-039-368,EHR_READ,EP-IND-05353
NET-05354,2026-01-01 12:43:01+00:00,0,IOMT-026,S-IOMT-026-369,EHR_READ,EP-IND-05354
NET-05355,2026-01-01 12:43:01+00:00,0,IOMT-028,S-IOMT-028-370,IMAGING,EP-IND-05355
NET-05356,2026-01-01 12:43:02+00:00,0,IOMT-044,S-IOMT-044-371,LAB_RESULTS,EP-IND-05356
NET-05357,2026-01-01 12:43:35+00:00,0,IOMT-049,S-IOMT-049-372,EHR_READ,EP-IND-05357
NET-05358,2026-01-01 12:43:50+00:00,0,IOMT-018,S-IOMT-018-373,EHR_READ,EP-IND-05358
NET-05359,2026-01-01 12:44:00+00:00,0,IOMT-040,S-IOMT-040-374,EHR_READ,EP-IND-05359
NET-05360,2026-01-01 12:44:06+00:00,0,IOMT-021,S-IOMT-021-375,IMAGING,EP-IND-05360
NET-05361,2026-01-01 12:44:07+00:00,0,IOMT-027,S-IOMT-027-376,LAB_RESULTS,EP-IND-05361
NET-05362,2026-01-01 12:44:15+00:00,0,IOMT-001,S-IOMT-001-377,IMAGING,EP-IND-05362
NET-05363,2026-01-01 12:44:21+00:00,0,IOMT-039,S-IOMT-039-378,LAB_RESULTS,EP-IND-05363
NET-05364,2026-01-01 12:44:29+00:00,0,IOMT-020,S-IOMT-020-379,LAB_RESULTS,EP-IND-05364
NET-05365,2026-01-01 12:44:40+00:00,0,IOMT-011,S-IOMT-011-380,IMAGING,EP-IND-05365
NET-05366,2026-01-01 12:44:57+00:00,0,IOMT-042,S-IOMT-042-381,EHR_READ,EP-IND-05366
NET-05367,2026-01-01 12:45:09+00:00,0,IOMT-042,S-IOMT-042-382,RESEARCH,EP-IND-05367
NET-05368,2026-01-01 12:45:09+00:00,0,IOMT-011,S-IOMT-011-383,RESEARCH,EP-IND-05368
NET-05369,2026-01-01 12:45:21+00:00,0,IOMT-040,S-IOMT-040-384,IMAGING,EP-IND-05369
NET-05370,2026-01-01 12:45:22+00:00,0,IOMT-045,S-IOMT-045-385,LAB_RESULTS,EP-IND-05370
NET-05371,2026-01-01 12:45:23+00:00,0,IOMT-042,S-IOMT-042-386,EHR_READ,EP-IND-05371
NET-05372,2026-01-01 12:45:32+00:00,0,IOMT-002,S-IOMT-002-387,RESEARCH,EP-IND-05372
NET-05373,2026-01-01 12:45:35+00:00,0,IOMT-028,S-IOMT-028-388,EHR_READ,EP-IND-05373
NET-05374,2026-01-01 12:46:01+00:00,0,IOMT-000,S-IOMT-000-389,RESEARCH,EP-IND-05374
NET-05375,2026-01-01 12:46:17+00:00,0,IOMT-027,S-IOMT-027-390,EHR_WRITE,EP-IND-05375
NET-05376,2026-01-01 12:46:27+00:00,0,IOMT-006,S-IOMT-006-391,LAB_RESULTS,EP-IND-05376
NET-05377,2026-01-01 12:46:30+00:00,0,IOMT-014,S-IOMT-014-392,EHR_WRITE,EP-IND-05377
NET-05378,2026-01-01 12:46:57+00:00,0,IOMT-035,S-IOMT-035-393,LAB_RESULTS,EP-IND-05378
NET-05379,2026-01-01 12:47:01+00:00,0,IOMT-006,S-IOMT-006-394,RESEARCH,EP-IND-05379
NET-05380,2026-01-01 12:47:10+00:00,0,IOMT-010,S-IOMT-010-395,EHR_WRITE,EP-IND-05380
NET-05381,2026-01-01 12:47:14+00:00,0,IOMT-031,S-IOMT-031-396,IMAGING,EP-IND-05381
NET-05382,2026-01-01 12:47:15+00:00,0,IOMT-028,S-IOMT-028-397,LAB_RESULTS,EP-IND-05382
NET-05383,2026-01-01 12:47:30+00:00,0,IOMT-039,S-IOMT-039-398,EHR_WRITE,EP-IND-05383
NET-05384,2026-01-01 12:47:31+00:00,0,IOMT-045,S-IOMT-045-399,EHR_READ,EP-IND-05384
NET-05385,2026-01-01 12:47:38+00:00,0,IOMT-017,S-IOMT-017-400,IMAGING,EP-IND-05385
NET-05386,2026-01-01 12:47:48+00:00,0,IOMT-049,S-IOMT-049-401,EHR_WRITE,EP-IND-05386
NET-05387,2026-01-01 12:48:09+00:00,0,IOMT-013,S-IOMT-013-402,RESEARCH,EP-IND-05387
NET-05388,2026-01-01 12:48:13+00:00,0,IOMT-017,S-IOMT-017-403,RESEARCH,EP-IND-05388
NET-05389,2026-01-01 12:48:34+00:00,0,IOMT-009,S-IOMT-009-404,EHR_READ,EP-IND-05389
NET-05390,2026-01-01 12:48:36+00:00,0,IOMT-018,S-IOMT-018-405,EHR_READ,EP-IND-05390
NET-05391,2026-01-01 12:49:02+00:00,0,IOMT-042,S-IOMT-042-406,EHR_READ,EP-IND-05391
NET-05392,2026-01-01 12:49:06+00:00,0,IOMT-008,S-IOMT-008-407,IMAGING,EP-IND-05392
NET-05393,2026-01-01 12:49:09+00:00,0,IOMT-032,S-IOMT-032-408,LAB_RESULTS,EP-IND-05393
NET-05394,2026-01-01 12:49:16+00:00,0,IOMT-031,S-IOMT-031-409,IMAGING,EP-IND-05394
NET-05395,2026-01-01 12:49:21+00:00,0,IOMT-013,S-IOMT-013-410,LAB_RESULTS,EP-IND-05395
NET-05396,2026-01-01 12:49:24+00:00,0,IOMT-020,S-IOMT-020-411,RESEARCH,EP-IND-05396
NET-05397,2026-01-01 12:49:24+00:00,0,IOMT-023,S-IOMT-023-412,RESEARCH,EP-IND-05397
NET-05398,2026-01-01 12:49:27+00:00,0,IOMT-022,S-IOMT-022-413,EHR_READ,EP-IND-05398
NET-05399,2026-01-01 12:49:34+00:00,0,IOMT-039,S-IOMT-039-414,EHR_WRITE,EP-IND-05399
NET-05400,2026-01-01 12:49:48+00:00,1,IOMT-035,S-IOMT-035-415,EHR_READ,EP-IND-05400
NET-05401,2026-01-01 12:50:09+00:00,0,IOMT-043,S-IOMT-043-416,RESEARCH,EP-IND-05401
NET-05402,2026-01-01 12:50:15+00:00,0,IOMT-044,S-IOMT-044-417,EHR_READ,EP-IND-05402
NET-05403,2026-01-01 12:50:17+00:00,0,IOMT-020,S-IOMT-020-418,RESEARCH,EP-IND-05403
NET-05404,2026-01-01 12:50:35+00:00,0,IOMT-042,S-IOMT-042-419,RESEARCH,EP-IND-05404
NET-05405,2026-01-01 12:50:38+00:00,0,IOMT-022,S-IOMT-022-420,EHR_READ,EP-IND-05405
NET-05406,2026-01-01 12:50:48+00:00,0,IOMT-005,S-IOMT-005-421,LAB_RESULTS,EP-IND-05406
NET-05407,2026-01-01 12:50:51+00:00,0,IOMT-039,S-IOMT-039-422,RESEARCH,EP-IND-05407
NET-05408,2026-01-01 12:51:03+00:00,0,IOMT-035,S-IOMT-035-423,RESEARCH,EP-IND-05408
NET-05409,2026-01-01 12:51:06+00:00,0,IOMT-008,S-IOMT-008-424,EHR_WRITE,EP-IND-05409
NET-05410,2026-01-01 12:51:11+00:00,1,IOMT-006,S-IOMT-006-425,IMAGING,EP-IND-05410
NET-05411,2026-01-01 12:51:20+00:00,0,IOMT-008,S-IOMT-008-426,EHR_WRITE,EP-IND-05411
NET-05412,2026-01-01 12:51:31+00:00,0,IOMT-040,S-IOMT-040-427,LAB_RESULTS,EP-IND-05412
NET-05413,2026-01-01 12:51:41+00:00,0,IOMT-021,S-IOMT-021-428,LAB_RESULTS,EP-IND-05413
NET-05414,2026-01-01 12:51:51+00:00,1,IOMT-048,S-IOMT-048-429,IMAGING,EP-IND-05414
NET-05415,2026-01-01 12:52:00+00:00,0,IOMT-015,S-IOMT-015-430,LAB_RESULTS,EP-IND-05415
NET-05416,2026-01-01 12:52:07+00:00,0,IOMT-017,S-IOMT-017-431,LAB_RESULTS,EP-IND-05416
NET-05417,2026-01-01 12:52:12+00:00,0,IOMT-012,S-IOMT-012-432,EHR_READ,EP-IND-05417
NET-05418,2026-01-01 12:52:24+00:00,0,IOMT-035,S-IOMT-035-433,RESEARCH,EP-IND-05418
NET-05419,2026-01-01 12:52:25+00:00,0,IOMT-040,S-IOMT-040-434,EHR_READ,EP-IND-05419
NET-05420,2026-01-01 12:52:26+00:00,0,IOMT-026,S-IOMT-026-435,RESEARCH,EP-IND-05420
NET-05421,2026-01-01 12:52:37+00:00,0,IOMT-042,S-IOMT-042-436,LAB_RESULTS,EP-IND-05421
NET-05422,2026-01-01 12:52:38+00:00,0,IOMT-048,S-IOMT-048-437,IMAGING,EP-IND-05422
NET-05423,2026-01-01 12:52:38+00:00,0,IOMT-025,S-IOMT-025-438,EHR_WRITE,EP-IND-05423
NET-05424,2026-01-01 12:52:56+00:00,0,IOMT-034,S-IOMT-034-439,LAB_RESULTS,EP-IND-05424
NET-05425,2026-01-01 12:52:56+00:00,0,IOMT-035,S-IOMT-035-440,LAB_RESULTS,EP-IND-05425
NET-05426,2026-01-01 12:53:17+00:00,0,IOMT-035,S-IOMT-035-441,RESEARCH,EP-IND-05426
NET-05427,2026-01-01 12:53:19+00:00,0,IOMT-004,S-IOMT-004-442,IMAGING,EP-IND-05427
NET-05428,2026-01-01 12:53:23+00:00,0,IOMT-003,S-IOMT-003-443,EHR_WRITE,EP-IND-05428
NET-05429,2026-01-01 12:53:32+00:00,0,IOMT-008,S-IOMT-008-444,EHR_READ,EP-IND-05429
NET-05430,2026-01-01 12:53:33+00:00,1,IOMT-033,S-IOMT-033-445,IMAGING,EP-IND-05430
NET-05431,2026-01-01 12:53:38+00:00,0,IOMT-037,S-IOMT-037-446,IMAGING,EP-IND-05431
NET-05432,2026-01-01 12:53:41+00:00,0,IOMT-013,S-IOMT-013-447,IMAGING,EP-IND-05432
NET-05433,2026-01-01 12:53:57+00:00,0,IOMT-037,S-IOMT-037-448,IMAGING,EP-IND-05433
NET-05434,2026-01-01 12:54:01+00:00,0,IOMT-009,S-IOMT-009-449,EHR_READ,EP-IND-05434
NET-05435,2026-01-01 12:54:08+00:00,0,IOMT-006,S-IOMT-006-450,IMAGING,EP-IND-05435
NET-05436,2026-01-01 12:54:16+00:00,0,IOMT-015,S-IOMT-015-451,LAB_RESULTS,EP-IND-05436
NET-05437,2026-01-01 12:54:16+00:00,0,IOMT-032,S-IOMT-032-452,LAB_RESULTS,EP-IND-05437
NET-05438,2026-01-01 12:54:28+00:00,0,IOMT-029,S-IOMT-029-453,LAB_RESULTS,EP-IND-05438
NET-05439,2026-01-01 12:54:36+00:00,0,IOMT-015,S-IOMT-015-454,EHR_WRITE,EP-IND-05439
NET-05440,2026-01-01 12:54:39+00:00,0,IOMT-032,S-IOMT-032-455,EHR_WRITE,EP-IND-05440
NET-05441,2026-01-01 12:54:45+00:00,0,IOMT-046,S-IOMT-046-456,RESEARCH,EP-IND-05441
NET-05442,2026-01-01 12:54:52+00:00,0,IOMT-007,S-IOMT-007-457,IMAGING,EP-IND-05442
NET-05443,2026-01-01 12:55:03+00:00,0,IOMT-034,S-IOMT-034-458,EHR_WRITE,EP-IND-05443
NET-05444,2026-01-01 12:55:07+00:00,0,IOMT-040,S-IOMT-040-459,EHR_READ,EP-IND-05444
NET-05445,2026-01-01 12:55:09+00:00,0,IOMT-010,S-IOMT-010-460,EHR_WRITE,EP-IND-05445
NET-05446,2026-01-01 12:55:19+00:00,0,IOMT-046,S-IOMT-046-461,EHR_READ,EP-IND-05446
NET-05447,2026-01-01 12:55:22+00:00,1,IOMT-034,S-IOMT-034-462,LAB_RESULTS,EP-IND-05447
NET-05448,2026-01-01 12:55:33+00:00,0,IOMT-012,S-IOMT-012-463,LAB_RESULTS,EP-IND-05448
NET-05449,2026-01-01 12:55:35+00:00,0,IOMT-010,S-IOMT-010-464,RESEARCH,EP-IND-05449
NET-05450,2026-01-01 12:55:40+00:00,0,IOMT-025,S-IOMT-025-465,IMAGING,EP-IND-05450
NET-05451,2026-01-01 12:55:41+00:00,0,IOMT-022,S-IOMT-022-466,RESEARCH,EP-IND-05451
NET-05452,2026-01-01 12:56:04+00:00,0,IOMT-044,S-IOMT-044-467,LAB_RESULTS,EP-IND-05452
NET-05453,2026-01-01 12:56:05+00:00,0,IOMT-041,S-IOMT-041-468,EHR_READ,EP-IND-05453
NET-05454,2026-01-01 12:56:10+00:00,0,IOMT-032,S-IOMT-032-469,EHR_WRITE,EP-IND-05454
NET-05455,2026-01-01 12:56:12+00:00,0,IOMT-028,S-IOMT-028-470,RESEARCH,EP-IND-05455
NET-05456,2026-01-01 12:56:13+00:00,0,IOMT-014,S-IOMT-014-471,LAB_RESULTS,EP-IND-05456
NET-05457,2026-01-01 12:56:17+00:00,0,IOMT-030,S-IOMT-030-472,EHR_READ,EP-IND-05457
NET-05458,2026-01-01 12:56:19+00:00,0,IOMT-007,S-IOMT-007-473,RESEARCH,EP-IND-05458
NET-05459,2026-01-01 12:56:24+00:00,0,IOMT-011,S-IOMT-011-474,IMAGING,EP-IND-05459
NET-05460,2026-01-01 12:56:26+00:00,0,IOMT-015,S-IOMT-015-475,LAB_RESULTS,EP-IND-05460
NET-05461,2026-01-01 12:56:27+00:00,0,IOMT-047,S-IOMT-047-476,IMAGING,EP-IND-05461
NET-05462,2026-01-01 12:56:35+00:00,0,IOMT-007,S-IOMT-007-477,IMAGING,EP-IND-05462
NET-05463,2026-01-01 12:56:38+00:00,0,IOMT-043,S-IOMT-043-478,IMAGING,EP-IND-05463
NET-05464,2026-01-01 12:56:41+00:00,0,IOMT-033,S-IOMT-033-479,EHR_READ,EP-IND-05464
NET-05465,2026-01-01 12:56:54+00:00,0,IOMT-012,S-IOMT-012-480,RESEARCH,EP-IND-05465
NET-05466,2026-01-01 12:57:03+00:00,0,IOMT-030,S-IOMT-030-481,EHR_WRITE,EP-IND-05466
NET-05467,2026-01-01 12:57:05+00:00,0,IOMT-002,S-IOMT-002-482,EHR_READ,EP-IND-05467
NET-05468,2026-01-01 12:57:26+00:00,0,IOMT-009,S-IOMT-009-483,EHR_READ,EP-IND-05468
NET-05469,2026-01-01 12:57:34+00:00,0,IOMT-001,S-IOMT-001-484,IMAGING,EP-IND-05469
NET-05470,2026-01-01 12:57:39+00:00,0,IOMT-049,S-IOMT-049-485,IMAGING,EP-IND-05470
NET-05471,2026-01-01 12:57:51+00:00,0,IOMT-049,S-IOMT-049-486,IMAGING,EP-IND-05471
NET-05472,2026-01-01 12:57:56+00:00,0,IOMT-018,S-IOMT-018-487,RESEARCH,EP-IND-05472
NET-05473,2026-01-01 12:58:16+00:00,0,IOMT-029,S-IOMT-029-488,EHR_WRITE,EP-IND-05473
NET-05474,2026-01-01 12:58:21+00:00,0,IOMT-022,S-IOMT-022-489,EHR_WRITE,EP-IND-05474
NET-05475,2026-01-01 12:58:48+00:00,0,IOMT-004,S-IOMT-004-490,EHR_WRITE,EP-IND-05475
NET-05476,2026-01-01 12:58:51+00:00,0,IOMT-048,S-IOMT-048-491,RESEARCH,EP-IND-05476
NET-05477,2026-01-01 12:59:13+00:00,0,IOMT-033,S-IOMT-033-492,EHR_WRITE,EP-IND-05477
NET-05478,2026-01-01 13:00:09+00:00,0,IOMT-014,S-IOMT-014-493,IMAGING,EP-IND-05478
NET-05479,2026-01-01 13:00:10+00:00,0,IOMT-040,S-IOMT-040-494,IMAGING,EP-IND-05479
NET-05480,2026-01-01 13:00:29+00:00,0,IOMT-036,S-IOMT-036-495,IMAGING,EP-IND-05480
NET-05481,2026-01-01 13:00:35+00:00,0,IOMT-040,S-IOMT-040-496,LAB_RESULTS,EP-IND-05481
NET-05482,2026-01-01 13:00:40+00:00,0,IOMT-019,S-IOMT-019-497,LAB_RESULTS,EP-IND-05482
NET-05483,2026-01-01 13:00:42+00:00,0,IOMT-027,S-IOMT-027-498,RESEARCH,EP-IND-05483
NET-05484,2026-01-01 13:00:43+00:00,0,IOMT-018,S-IOMT-018-499,LAB_RESULTS,EP-IND-05484
NET-05485,2026-01-01 13:00:51+00:00,0,IOMT-049,S-IOMT-049-500,EHR_READ,EP-IND-05485
NET-05486,2026-01-01 13:00:56+00:00,0,IOMT-015,S-IOMT-015-501,RESEARCH,EP-IND-05486
NET-05487,2026-01-01 13:01:01+00:00,1,IOMT-026,S-IOMT-026-502,LAB_RESULTS,EP-IND-05487
NET-05488,2026-01-01 13:01:05+00:00,0,IOMT-013,S-IOMT-013-503,IMAGING,EP-IND-05488
NET-05489,2026-01-01 13:01:14+00:00,0,IOMT-024,S-IOMT-024-504,EHR_READ,EP-IND-05489
NET-05490,2026-01-01 13:01:20+00:00,0,IOMT-004,S-IOMT-004-505,IMAGING,EP-IND-05490
NET-05491,2026-01-01 13:01:23+00:00,0,IOMT-033,S-IOMT-033-506,LAB_RESULTS,EP-IND-05491
NET-05492,2026-01-01 13:01:34+00:00,0,IOMT-034,S-IOMT-034-507,RESEARCH,EP-IND-05492
NET-05493,2026-01-01 13:01:41+00:00,0,IOMT-044,S-IOMT-044-508,LAB_RESULTS,EP-IND-05493
NET-05494,2026-01-01 13:01:52+00:00,0,IOMT-048,S-IOMT-048-509,IMAGING,EP-IND-05494
NET-05495,2026-01-01 13:01:54+00:00,0,IOMT-020,S-IOMT-020-510,IMAGING,EP-IND-05495
NET-05496,2026-01-01 13:01:58+00:00,0,IOMT-018,S-IOMT-018-511,EHR_WRITE,EP-IND-05496
NET-05497,2026-01-01 13:02:04+00:00,0,IOMT-012,S-IOMT-012-512,IMAGING,EP-IND-05497
NET-05498,2026-01-01 13:02:04+00:00,0,IOMT-007,S-IOMT-007-513,EHR_READ,EP-IND-05498
NET-05499,2026-01-01 13:02:05+00:00,0,IOMT-046,S-IOMT-046-514,EHR_WRITE,EP-IND-05499
NET-05500,2026-01-01 13:02:15+00:00,0,IOMT-032,S-IOMT-032-515,EHR_WRITE,EP-IND-05500
NET-05501,2026-01-01 13:02:17+00:00,0,IOMT-032,S-IOMT-032-516,EHR_READ,EP-IND-05501
NET-05502,2026-01-01 13:02:25+00:00,0,IOMT-006,S-IOMT-006-517,EHR_READ,EP-IND-05502
NET-05503,2026-01-01 13:02:28+00:00,0,IOMT-000,S-IOMT-000-518,IMAGING,EP-IND-05503
NET-05504,2026-01-01 13:02:46+00:00,0,IOMT-034,S-IOMT-034-519,EHR_WRITE,EP-IND-05504
NET-05505,2026-01-01 13:02:55+00:00,0,IOMT-034,S-IOMT-034-520,IMAGING,EP-IND-05505
NET-05506,2026-01-01 13:03:08+00:00,0,IOMT-018,S-IOMT-018-521,LAB_RESULTS,EP-IND-05506
NET-05507,2026-01-01 13:03:27+00:00,0,IOMT-018,S-IOMT-018-522,LAB_RESULTS,EP-IND-05507
NET-05508,2026-01-01 13:03:29+00:00,0,IOMT-017,S-IOMT-017-523,EHR_READ,EP-IND-05508
NET-05509,2026-01-01 13:03:38+00:00,0,IOMT-025,S-IOMT-025-524,LAB_RESULTS,EP-IND-05509
NET-05510,2026-01-01 13:04:10+00:00,1,IOMT-026,S-IOMT-026-525,IMAGING,EP-IND-05510
NET-05511,2026-01-01 13:04:11+00:00,0,IOMT-038,S-IOMT-038-526,EHR_WRITE,EP-IND-05511
NET-05512,2026-01-01 13:04:16+00:00,0,IOMT-042,S-IOMT-042-527,IMAGING,EP-IND-05512
NET-05513,2026-01-01 13:04:25+00:00,0,IOMT-028,S-IOMT-028-528,RESEARCH,EP-IND-05513
NET-05514,2026-01-01 13:04:29+00:00,0,IOMT-035,S-IOMT-035-529,IMAGING,EP-IND-05514
NET-05515,2026-01-01 13:04:46+00:00,0,IOMT-000,S-IOMT-000-530,RESEARCH,EP-IND-05515
NET-05516,2026-01-01 13:04:48+00:00,0,IOMT-003,S-IOMT-003-531,EHR_WRITE,EP-IND-05516
NET-05517,2026-01-01 13:04:49+00:00,0,IOMT-021,S-IOMT-021-532,EHR_WRITE,EP-IND-05517
NET-05518,2026-01-01 13:05:04+00:00,0,IOMT-000,S-IOMT-000-533,EHR_WRITE,EP-IND-05518
NET-05519,2026-01-01 13:05:10+00:00,0,IOMT-025,S-IOMT-025-534,EHR_WRITE,EP-IND-05519
NET-05520,2026-01-01 13:05:15+00:00,0,IOMT-036,S-IOMT-036-535,RESEARCH,EP-IND-05520
NET-05521,2026-01-01 13:05:18+00:00,0,IOMT-045,S-IOMT-045-536,LAB_RESULTS,EP-IND-05521
NET-05522,2026-01-01 13:05:34+00:00,0,IOMT-028,S-IOMT-028-537,IMAGING,EP-IND-05522
NET-05523,2026-01-01 13:06:02+00:00,0,IOMT-039,S-IOMT-039-538,EHR_READ,EP-IND-05523
NET-05524,2026-01-01 13:06:04+00:00,0,IOMT-044,S-IOMT-044-539,RESEARCH,EP-IND-05524
NET-05525,2026-01-01 13:06:10+00:00,0,IOMT-028,S-IOMT-028-540,LAB_RESULTS,EP-IND-05525
NET-05526,2026-01-01 13:06:18+00:00,0,IOMT-043,S-IOMT-043-541,EHR_READ,EP-IND-05526
NET-05527,2026-01-01 13:06:27+00:00,0,IOMT-010,S-IOMT-010-542,EHR_WRITE,EP-IND-05527
NET-05528,2026-01-01 13:06:37+00:00,0,IOMT-029,S-IOMT-029-543,LAB_RESULTS,EP-IND-05528
NET-05529,2026-01-01 13:06:52+00:00,0,IOMT-030,S-IOMT-030-544,RESEARCH,EP-IND-05529
NET-05530,2026-01-01 13:07:35+00:00,0,IOMT-017,S-IOMT-017-545,RESEARCH,EP-IND-05530
NET-05531,2026-01-01 13:07:50+00:00,0,IOMT-000,S-IOMT-000-546,IMAGING,EP-IND-05531
NET-05532,2026-01-01 13:07:53+00:00,1,IOMT-048,S-IOMT-048-547,EHR_READ,EP-IND-05532
NET-05533,2026-01-01 13:08:09+00:00,0,IOMT-031,S-IOMT-031-548,EHR_READ,EP-IND-05533
NET-05534,2026-01-01 13:08:10+00:00,0,IOMT-015,S-IOMT-015-549,RESEARCH,EP-IND-05534
NET-05535,2026-01-01 13:08:12+00:00,0,IOMT-030,S-IOMT-030-550,EHR_WRITE,EP-IND-05535
NET-05536,2026-01-01 13:08:27+00:00,0,IOMT-000,S-IOMT-000-551,LAB_RESULTS,EP-IND-05536
NET-05537,2026-01-01 13:08:45+00:00,0,IOMT-043,S-IOMT-043-552,EHR_WRITE,EP-IND-05537
NET-05538,2026-01-01 13:08:47+00:00,0,IOMT-031,S-IOMT-031-553,EHR_READ,EP-IND-05538
NET-05539,2026-01-01 13:08:50+00:00,1,IOMT-019,S-IOMT-019-554,EHR_WRITE,EP-IND-05539
NET-05540,2026-01-01 13:09:05+00:00,0,IOMT-022,S-IOMT-022-555,RESEARCH,EP-IND-05540
NET-05541,2026-01-01 13:09:23+00:00,0,IOMT-013,S-IOMT-013-556,LAB_RESULTS,EP-IND-05541
NET-05542,2026-01-01 13:09:26+00:00,0,IOMT-013,S-IOMT-013-557,EHR_READ,EP-IND-05542
NET-05543,2026-01-01 13:09:26+00:00,0,IOMT-047,S-IOMT-047-558,LAB_RESULTS,EP-IND-05543
NET-05544,2026-01-01 13:09:35+00:00,0,IOMT-038,S-IOMT-038-559,IMAGING,EP-IND-05544
NET-05545,2026-01-01 13:09:45+00:00,0,IOMT-016,S-IOMT-016-560,EHR_WRITE,EP-IND-05545
NET-05546,2026-01-01 13:09:48+00:00,0,IOMT-047,S-IOMT-047-561,LAB_RESULTS,EP-IND-05546
NET-05547,2026-01-01 13:09:49+00:00,0,IOMT-026,S-IOMT-026-562,EHR_WRITE,EP-IND-05547
NET-05548,2026-01-01 13:09:57+00:00,0,IOMT-033,S-IOMT-033-563,EHR_WRITE,EP-IND-05548
NET-05549,2026-01-01 13:09:57+00:00,0,IOMT-005,S-IOMT-005-564,EHR_READ,EP-IND-05549
NET-05550,2026-01-01 13:10:05+00:00,0,IOMT-002,S-IOMT-002-565,RESEARCH,EP-IND-05550
NET-05551,2026-01-01 13:10:06+00:00,0,IOMT-041,S-IOMT-041-566,RESEARCH,EP-IND-05551
NET-05552,2026-01-01 13:10:22+00:00,0,IOMT-016,S-IOMT-016-567,EHR_WRITE,EP-IND-05552
NET-05553,2026-01-01 13:10:25+00:00,1,IOMT-010,S-IOMT-010-568,IMAGING,EP-IND-05553
NET-05554,2026-01-01 13:10:29+00:00,0,IOMT-001,S-IOMT-001-569,LAB_RESULTS,EP-IND-05554
NET-05555,2026-01-01 13:10:30+00:00,0,IOMT-029,S-IOMT-029-570,EHR_WRITE,EP-IND-05555
NET-05556,2026-01-01 13:10:42+00:00,0,IOMT-003,S-IOMT-003-571,IMAGING,EP-IND-05556
NET-05557,2026-01-01 13:10:46+00:00,0,IOMT-026,S-IOMT-026-572,RESEARCH,EP-IND-05557
NET-05558,2026-01-01 13:10:47+00:00,0,IOMT-007,S-IOMT-007-573,EHR_WRITE,EP-IND-05558
NET-05559,2026-01-01 13:10:48+00:00,0,IOMT-039,S-IOMT-039-574,RESEARCH,EP-IND-05559
NET-05560,2026-01-01 13:11:06+00:00,0,IOMT-025,S-IOMT-025-575,RESEARCH,EP-IND-05560
NET-05561,2026-01-01 13:11:08+00:00,0,IOMT-019,S-IOMT-019-576,IMAGING,EP-IND-05561
NET-05562,2026-01-01 13:11:27+00:00,0,IOMT-040,S-IOMT-040-577,IMAGING,EP-IND-05562
NET-05563,2026-01-01 13:11:37+00:00,0,IOMT-037,S-IOMT-037-578,IMAGING,EP-IND-05563
NET-05564,2026-01-01 13:11:52+00:00,0,IOMT-003,S-IOMT-003-579,EHR_WRITE,EP-IND-05564
NET-05565,2026-01-01 13:11:53+00:00,0,IOMT-015,S-IOMT-015-580,IMAGING,EP-IND-05565
NET-05566,2026-01-01 13:12:03+00:00,0,IOMT-002,S-IOMT-002-581,IMAGING,EP-IND-05566
NET-05567,2026-01-01 13:12:07+00:00,0,IOMT-023,S-IOMT-023-582,LAB_RESULTS,EP-IND-05567
NET-05568,2026-01-01 13:12:20+00:00,0,IOMT-045,S-IOMT-045-583,RESEARCH,EP-IND-05568
NET-05569,2026-01-01 13:12:24+00:00,0,IOMT-043,S-IOMT-043-584,IMAGING,EP-IND-05569
NET-05570,2026-01-01 13:12:36+00:00,0,IOMT-017,S-IOMT-017-585,IMAGING,EP-IND-05570
NET-05571,2026-01-01 13:12:38+00:00,0,IOMT-027,S-IOMT-027-586,EHR_READ,EP-IND-05571
NET-05572,2026-01-01 13:12:52+00:00,0,IOMT-026,S-IOMT-026-587,RESEARCH,EP-IND-05572
NET-05573,2026-01-01 13:12:55+00:00,0,IOMT-000,S-IOMT-000-588,IMAGING,EP-IND-05573
NET-05574,2026-01-01 13:13:07+00:00,0,IOMT-037,S-IOMT-037-589,RESEARCH,EP-IND-05574
NET-05575,2026-01-01 13:13:08+00:00,0,IOMT-049,S-IOMT-049-590,EHR_READ,EP-IND-05575
NET-05576,2026-01-01 13:13:32+00:00,0,IOMT-006,S-IOMT-006-591,IMAGING,EP-IND-05576
NET-05577,2026-01-01 13:13:36+00:00,0,IOMT-041,S-IOMT-041-592,IMAGING,EP-IND-05577
NET-05578,2026-01-01 13:13:38+00:00,0,IOMT-023,S-IOMT-023-593,EHR_READ,EP-IND-05578
NET-05579,2026-01-01 13:13:52+00:00,0,IOMT-029,S-IOMT-029-594,EHR_WRITE,EP-IND-05579
NET-05580,2026-01-01 13:14:03+00:00,0,IOMT-040,S-IOMT-040-595,RESEARCH,EP-IND-05580
NET-05581,2026-01-01 13:14:24+00:00,0,IOMT-014,S-IOMT-014-596,EHR_WRITE,EP-IND-05581
NET-05582,2026-01-01 13:14:34+00:00,0,IOMT-036,S-IOMT-036-597,IMAGING,EP-IND-05582
NET-05583,2026-01-01 13:14:39+00:00,0,IOMT-033,S-IOMT-033-598,IMAGING,EP-IND-05583
NET-05584,2026-01-01 13:14:40+00:00,0,IOMT-011,S-IOMT-011-599,LAB_RESULTS,EP-IND-05584
NET-05585,2026-01-01 13:14:52+00:00,0,IOMT-003,S-IOMT-003-600,RESEARCH,EP-IND-05585
NET-05586,2026-01-01 13:14:54+00:00,1,IOMT-029,S-IOMT-029-601,EHR_WRITE,EP-IND-05586
NET-05587,2026-01-01 13:14:56+00:00,0,IOMT-025,S-IOMT-025-602,LAB_RESULTS,EP-IND-05587
NET-05588,2026-01-01 13:15:03+00:00,0,IOMT-017,S-IOMT-017-603,LAB_RESULTS,EP-IND-05588
NET-05589,2026-01-01 13:15:07+00:00,0,IOMT-026,S-IOMT-026-604,LAB_RESULTS,EP-IND-05589
NET-05590,2026-01-01 13:15:10+00:00,0,IOMT-044,S-IOMT-044-605,EHR_READ,EP-IND-05590
NET-05591,2026-01-01 13:15:18+00:00,0,IOMT-042,S-IOMT-042-606,EHR_READ,EP-IND-05591
NET-05592,2026-01-01 13:15:23+00:00,0,IOMT-002,S-IOMT-002-607,IMAGING,EP-IND-05592
NET-05593,2026-01-01 13:15:40+00:00,0,IOMT-032,S-IOMT-032-608,LAB_RESULTS,EP-IND-05593
NET-05594,2026-01-01 13:15:56+00:00,0,IOMT-018,S-IOMT-018-609,RESEARCH,EP-IND-05594
NET-05595,2026-01-01 13:16:06+00:00,0,IOMT-010,S-IOMT-010-610,EHR_WRITE,EP-IND-05595
NET-05596,2026-01-01 13:16:08+00:00,0,IOMT-028,S-IOMT-028-611,LAB_RESULTS,EP-IND-05596
NET-05597,2026-01-01 13:16:08+00:00,0,IOMT-037,S-IOMT-037-612,RESEARCH,EP-IND-05597
NET-05598,2026-01-01 13:16:20+00:00,0,IOMT-044,S-IOMT-044-613,LAB_RESULTS,EP-IND-05598
NET-05599,2026-01-01 13:16:21+00:00,0,IOMT-049,S-IOMT-049-614,RESEARCH,EP-IND-05599
NET-05600,2026-01-01 13:16:45+00:00,0,IOMT-011,S-IOMT-011-615,EHR_WRITE,EP-IND-05600
NET-05601,2026-01-01 13:17:09+00:00,0,IOMT-021,S-IOMT-021-616,IMAGING,EP-IND-05601
NET-05602,2026-01-01 13:17:13+00:00,0,IOMT-049,S-IOMT-049-617,IMAGING,EP-IND-05602
NET-05603,2026-01-01 13:17:13+00:00,0,IOMT-044,S-IOMT-044-618,RESEARCH,EP-IND-05603
NET-05604,2026-01-01 13:17:21+00:00,0,IOMT-047,S-IOMT-047-619,LAB_RESULTS,EP-IND-05604
NET-05605,2026-01-01 13:17:25+00:00,0,IOMT-023,S-IOMT-023-620,IMAGING,EP-IND-05605
NET-05606,2026-01-01 13:17:32+00:00,0,IOMT-041,S-IOMT-041-621,IMAGING,EP-IND-05606
NET-05607,2026-01-01 13:17:54+00:00,0,IOMT-034,S-IOMT-034-622,EHR_WRITE,EP-IND-05607
NET-05608,2026-01-01 13:17:57+00:00,0,IOMT-039,S-IOMT-039-623,RESEARCH,EP-IND-05608
NET-05609,2026-01-01 13:18:00+00:00,0,IOMT-009,S-IOMT-009-624,LAB_RESULTS,EP-IND-05609
NET-05610,2026-01-01 13:18:09+00:00,0,IOMT-025,S-IOMT-025-625,EHR_READ,EP-IND-05610
NET-05611,2026-01-01 13:18:22+00:00,0,IOMT-027,S-IOMT-027-626,RESEARCH,EP-IND-05611
NET-05612,2026-01-01 13:18:23+00:00,0,IOMT-032,S-IOMT-032-627,LAB_RESULTS,EP-IND-05612
NET-05613,2026-01-01 13:18:35+00:00,0,IOMT-008,S-IOMT-008-628,IMAGING,EP-IND-05613
NET-05614,2026-01-01 13:18:42+00:00,0,IOMT-002,S-IOMT-002-629,IMAGING,EP-IND-05614
NET-05615,2026-01-01 13:18:45+00:00,0,IOMT-011,S-IOMT-011-630,EHR_WRITE,EP-IND-05615
NET-05616,2026-01-01 13:18:52+00:00,0,IOMT-043,S-IOMT-043-631,EHR_WRITE,EP-IND-05616
NET-05617,2026-01-01 13:18:53+00:00,0,IOMT-026,S-IOMT-026-632,RESEARCH,EP-IND-05617
NET-05618,2026-01-01 13:19:11+00:00,0,IOMT-037,S-IOMT-037-633,LAB_RESULTS,EP-IND-05618
NET-05619,2026-01-01 13:19:19+00:00,1,IOMT-047,S-IOMT-047-634,EHR_READ,EP-IND-05619
NET-05620,2026-01-01 13:19:38+00:00,0,IOMT-021,S-IOMT-021-635,LAB_RESULTS,EP-IND-05620
NET-05621,2026-01-01 13:19:43+00:00,0,IOMT-001,S-IOMT-001-636,LAB_RESULTS,EP-IND-05621
NET-05622,2026-01-01 13:20:26+00:00,0,IOMT-045,S-IOMT-045-637,LAB_RESULTS,EP-IND-05622
NET-05623,2026-01-01 13:20:29+00:00,0,IOMT-018,S-IOMT-018-638,IMAGING,EP-IND-05623
NET-05624,2026-01-01 13:20:30+00:00,0,IOMT-043,S-IOMT-043-639,EHR_READ,EP-IND-05624
NET-05625,2026-01-01 13:20:37+00:00,0,IOMT-040,S-IOMT-040-640,EHR_WRITE,EP-IND-05625
NET-05626,2026-01-01 13:20:48+00:00,0,IOMT-033,S-IOMT-033-641,EHR_READ,EP-IND-05626
NET-05627,2026-01-01 13:20:56+00:00,0,IOMT-031,S-IOMT-031-642,EHR_READ,EP-IND-05627
NET-05628,2026-01-01 13:20:56+00:00,0,IOMT-029,S-IOMT-029-643,LAB_RESULTS,EP-IND-05628
NET-05629,2026-01-01 13:20:58+00:00,1,IOMT-026,S-IOMT-026-644,IMAGING,EP-IND-05629
NET-05630,2026-01-01 13:20:59+00:00,0,IOMT-036,S-IOMT-036-645,EHR_READ,EP-IND-05630
NET-05631,2026-01-01 13:21:06+00:00,0,IOMT-014,S-IOMT-014-646,RESEARCH,EP-IND-05631
NET-05632,2026-01-01 13:21:16+00:00,0,IOMT-018,S-IOMT-018-647,LAB_RESULTS,EP-IND-05632
NET-05633,2026-01-01 13:21:24+00:00,0,IOMT-022,S-IOMT-022-648,EHR_WRITE,EP-IND-05633
NET-05634,2026-01-01 13:21:28+00:00,0,IOMT-041,S-IOMT-041-649,EHR_WRITE,EP-IND-05634
NET-05635,2026-01-01 13:21:37+00:00,0,IOMT-043,S-IOMT-043-650,IMAGING,EP-IND-05635
NET-05636,2026-01-01 13:21:42+00:00,0,IOMT-018,S-IOMT-018-651,EHR_READ,EP-IND-05636
NET-05637,2026-01-01 13:21:50+00:00,0,IOMT-006,S-IOMT-006-652,LAB_RESULTS,EP-IND-05637
NET-05638,2026-01-01 13:22:05+00:00,0,IOMT-007,S-IOMT-007-653,LAB_RESULTS,EP-IND-05638
NET-05639,2026-01-01 13:22:16+00:00,0,IOMT-007,S-IOMT-007-654,EHR_WRITE,EP-IND-05639
NET-05640,2026-01-01 13:22:28+00:00,0,IOMT-002,S-IOMT-002-655,EHR_WRITE,EP-IND-05640
NET-05641,2026-01-01 13:22:32+00:00,0,IOMT-046,S-IOMT-046-656,EHR_WRITE,EP-IND-05641
NET-05642,2026-01-01 13:22:35+00:00,0,IOMT-009,S-IOMT-009-657,RESEARCH,EP-IND-05642
NET-05643,2026-01-01 13:22:41+00:00,0,IOMT-042,S-IOMT-042-658,IMAGING,EP-IND-05643
NET-05644,2026-01-01 13:23:00+00:00,0,IOMT-033,S-IOMT-033-659,RESEARCH,EP-IND-05644
NET-05645,2026-01-01 13:23:02+00:00,0,IOMT-012,S-IOMT-012-660,LAB_RESULTS,EP-IND-05645
NET-05646,2026-01-01 13:23:15+00:00,0,IOMT-024,S-IOMT-024-661,EHR_WRITE,EP-IND-05646
NET-05647,2026-01-01 13:23:28+00:00,0,IOMT-000,S-IOMT-000-662,LAB_RESULTS,EP-IND-05647
NET-05648,2026-01-01 13:23:39+00:00,0,IOMT-041,S-IOMT-041-663,EHR_WRITE,EP-IND-05648
NET-05649,2026-01-01 13:23:43+00:00,0,IOMT-023,S-IOMT-023-664,IMAGING,EP-IND-05649
NET-05650,2026-01-01 13:23:49+00:00,0,IOMT-005,S-IOMT-005-665,LAB_RESULTS,EP-IND-05650
NET-05651,2026-01-01 13:23:55+00:00,0,IOMT-036,S-IOMT-036-666,RESEARCH,EP-IND-05651
NET-05652,2026-01-01 13:24:09+00:00,1,IOMT-005,S-IOMT-005-667,RESEARCH,EP-IND-05652
NET-05653,2026-01-01 13:24:32+00:00,0,IOMT-030,S-IOMT-030-668,IMAGING,EP-IND-05653
NET-05654,2026-01-01 13:24:33+00:00,0,IOMT-046,S-IOMT-046-669,EHR_READ,EP-IND-05654
NET-05655,2026-01-01 13:24:48+00:00,1,IOMT-031,S-IOMT-031-670,RESEARCH,EP-IND-05655
NET-05656,2026-01-01 13:24:49+00:00,0,IOMT-008,S-IOMT-008-671,IMAGING,EP-IND-05656
NET-05657,2026-01-01 13:24:59+00:00,0,IOMT-020,S-IOMT-020-672,EHR_READ,EP-IND-05657
NET-05658,2026-01-01 13:25:02+00:00,0,IOMT-007,S-IOMT-007-673,EHR_WRITE,EP-IND-05658
NET-05659,2026-01-01 13:25:08+00:00,0,IOMT-008,S-IOMT-008-674,LAB_RESULTS,EP-IND-05659
NET-05660,2026-01-01 13:25:30+00:00,0,IOMT-000,S-IOMT-000-675,EHR_WRITE,EP-IND-05660
NET-05661,2026-01-01 13:25:38+00:00,0,IOMT-008,S-IOMT-008-676,LAB_RESULTS,EP-IND-05661
NET-05662,2026-01-01 13:25:47+00:00,0,IOMT-038,S-IOMT-038-677,LAB_RESULTS,EP-IND-05662
NET-05663,2026-01-01 13:25:54+00:00,0,IOMT-023,S-IOMT-023-678,RESEARCH,EP-IND-05663
NET-05664,2026-01-01 13:26:01+00:00,0,IOMT-019,S-IOMT-019-679,IMAGING,EP-IND-05664
NET-05665,2026-01-01 13:26:05+00:00,0,IOMT-019,S-IOMT-019-680,EHR_WRITE,EP-IND-05665
NET-05666,2026-01-01 13:26:14+00:00,0,IOMT-005,S-IOMT-005-681,RESEARCH,EP-IND-05666
NET-05667,2026-01-01 13:26:41+00:00,0,IOMT-039,S-IOMT-039-682,IMAGING,EP-IND-05667
NET-05668,2026-01-01 13:26:43+00:00,0,IOMT-005,S-IOMT-005-683,LAB_RESULTS,EP-IND-05668
NET-05669,2026-01-01 13:26:49+00:00,0,IOMT-048,S-IOMT-048-684,RESEARCH,EP-IND-05669
NET-05670,2026-01-01 13:26:56+00:00,0,IOMT-012,S-IOMT-012-685,EHR_READ,EP-IND-05670
NET-05671,2026-01-01 13:27:12+00:00,0,IOMT-006,S-IOMT-006-686,IMAGING,EP-IND-05671
NET-05672,2026-01-01 13:27:15+00:00,0,IOMT-022,S-IOMT-022-687,EHR_WRITE,EP-IND-05672
NET-05673,2026-01-01 13:27:23+00:00,0,IOMT-006,S-IOMT-006-688,RESEARCH,EP-IND-05673
NET-05674,2026-01-01 13:27:26+00:00,0,IOMT-040,S-IOMT-040-689,EHR_WRITE,EP-IND-05674
NET-05675,2026-01-01 13:27:28+00:00,0,IOMT-035,S-IOMT-035-690,IMAGING,EP-IND-05675
NET-05676,2026-01-01 13:27:32+00:00,0,IOMT-024,S-IOMT-024-691,IMAGING,EP-IND-05676
NET-05677,2026-01-01 13:27:32+00:00,0,IOMT-009,S-IOMT-009-692,IMAGING,EP-IND-05677
NET-05678,2026-01-01 13:27:44+00:00,0,IOMT-036,S-IOMT-036-693,IMAGING,EP-IND-05678
NET-05679,2026-01-01 13:27:53+00:00,0,IOMT-025,S-IOMT-025-694,RESEARCH,EP-IND-05679
NET-05680,2026-01-01 13:28:15+00:00,0,IOMT-003,S-IOMT-003-695,IMAGING,EP-IND-05680
NET-05681,2026-01-01 13:28:24+00:00,0,IOMT-005,S-IOMT-005-696,IMAGING,EP-IND-05681
NET-05682,2026-01-01 13:28:24+00:00,0,IOMT-025,S-IOMT-025-697,RESEARCH,EP-IND-05682
NET-05683,2026-01-01 13:28:46+00:00,1,IOMT-012,S-IOMT-012-698,EHR_WRITE,EP-IND-05683
NET-05684,2026-01-01 13:28:49+00:00,0,IOMT-020,S-IOMT-020-699,LAB_RESULTS,EP-IND-05684
NET-05685,2026-01-01 13:28:52+00:00,0,IOMT-019,S-IOMT-019-700,EHR_WRITE,EP-IND-05685
NET-05686,2026-01-01 13:29:12+00:00,0,IOMT-034,S-IOMT-034-701,EHR_WRITE,EP-IND-05686
NET-05687,2026-01-01 13:29:30+00:00,0,IOMT-038,S-IOMT-038-702,EHR_WRITE,EP-IND-05687
NET-05688,2026-01-01 13:29:34+00:00,0,IOMT-020,S-IOMT-020-703,EHR_READ,EP-IND-05688
NET-05689,2026-01-01 13:29:47+00:00,0,IOMT-042,S-IOMT-042-704,EHR_WRITE,EP-IND-05689
NET-05690,2026-01-01 13:29:57+00:00,0,IOMT-013,S-IOMT-013-705,EHR_WRITE,EP-IND-05690
NET-05691,2026-01-01 13:30:05+00:00,0,IOMT-048,S-IOMT-048-706,IMAGING,EP-IND-05691
NET-05692,2026-01-01 13:30:07+00:00,0,IOMT-024,S-IOMT-024-707,RESEARCH,EP-IND-05692
NET-05693,2026-01-01 13:30:17+00:00,0,IOMT-036,S-IOMT-036-708,LAB_RESULTS,EP-IND-05693
NET-05694,2026-01-01 13:30:26+00:00,0,IOMT-023,S-IOMT-023-709,IMAGING,EP-IND-05694
NET-05695,2026-01-01 13:30:34+00:00,0,IOMT-042,S-IOMT-042-710,LAB_RESULTS,EP-IND-05695
NET-05696,2026-01-01 13:30:41+00:00,0,IOMT-007,S-IOMT-007-711,LAB_RESULTS,EP-IND-05696
NET-05697,2026-01-01 13:31:04+00:00,0,IOMT-042,S-IOMT-042-712,LAB_RESULTS,EP-IND-05697
NET-05698,2026-01-01 13:31:11+00:00,0,IOMT-033,S-IOMT-033-713,LAB_RESULTS,EP-IND-05698
NET-05699,2026-01-01 13:31:17+00:00,0,IOMT-041,S-IOMT-041-714,EHR_READ,EP-IND-05699
NET-05700,2026-01-01 13:31:35+00:00,0,IOMT-006,S-IOMT-006-715,LAB_RESULTS,EP-IND-05700
NET-05701,2026-01-01 13:31:50+00:00,0,IOMT-011,S-IOMT-011-716,EHR_WRITE,EP-IND-05701
NET-05702,2026-01-01 13:32:05+00:00,0,IOMT-009,S-IOMT-009-717,IMAGING,EP-IND-05702
NET-05703,2026-01-01 13:32:09+00:00,0,IOMT-044,S-IOMT-044-718,EHR_READ,EP-IND-05703
NET-05704,2026-01-01 13:32:20+00:00,0,IOMT-041,S-IOMT-041-719,EHR_WRITE,EP-IND-05704
NET-05705,2026-01-01 13:32:22+00:00,0,IOMT-046,S-IOMT-046-720,EHR_READ,EP-IND-05705
NET-05706,2026-01-01 13:32:31+00:00,0,IOMT-030,S-IOMT-030-721,RESEARCH,EP-IND-05706
NET-05707,2026-01-01 13:32:48+00:00,0,IOMT-016,S-IOMT-016-722,EHR_WRITE,EP-IND-05707
NET-05708,2026-01-01 13:33:00+00:00,0,IOMT-013,S-IOMT-013-723,RESEARCH,EP-IND-05708
NET-05709,2026-01-01 13:33:01+00:00,0,IOMT-004,S-IOMT-004-724,IMAGING,EP-IND-05709
NET-05710,2026-01-01 13:33:10+00:00,0,IOMT-035,S-IOMT-035-725,EHR_READ,EP-IND-05710
NET-05711,2026-01-01 13:33:14+00:00,0,IOMT-044,S-IOMT-044-726,IMAGING,EP-IND-05711
NET-05712,2026-01-01 13:33:16+00:00,0,IOMT-040,S-IOMT-040-727,LAB_RESULTS,EP-IND-05712
NET-05713,2026-01-01 13:33:17+00:00,0,IOMT-040,S-IOMT-040-728,LAB_RESULTS,EP-IND-05713
NET-05714,2026-01-01 13:33:42+00:00,0,IOMT-034,S-IOMT-034-729,EHR_WRITE,EP-IND-05714
NET-05715,2026-01-01 13:33:43+00:00,0,IOMT-007,S-IOMT-007-730,EHR_WRITE,EP-IND-05715
NET-05716,2026-01-01 13:34:28+00:00,0,IOMT-018,S-IOMT-018-731,EHR_WRITE,EP-IND-05716
NET-05717,2026-01-01 13:34:35+00:00,0,IOMT-038,S-IOMT-038-732,RESEARCH,EP-IND-05717
NET-05718,2026-01-01 13:34:40+00:00,0,IOMT-022,S-IOMT-022-733,EHR_WRITE,EP-IND-05718
NET-05719,2026-01-01 13:34:52+00:00,0,IOMT-048,S-IOMT-048-734,IMAGING,EP-IND-05719
NET-05720,2026-01-01 13:34:53+00:00,0,IOMT-001,S-IOMT-001-735,RESEARCH,EP-IND-05720
NET-05721,2026-01-01 13:34:54+00:00,0,IOMT-031,S-IOMT-031-736,EHR_WRITE,EP-IND-05721
NET-05722,2026-01-01 13:35:15+00:00,0,IOMT-004,S-IOMT-004-737,LAB_RESULTS,EP-IND-05722
NET-05723,2026-01-01 13:35:16+00:00,0,IOMT-001,S-IOMT-001-738,EHR_WRITE,EP-IND-05723
NET-05724,2026-01-01 13:35:30+00:00,0,IOMT-018,S-IOMT-018-739,IMAGING,EP-IND-05724
NET-05725,2026-01-01 13:35:42+00:00,0,IOMT-025,S-IOMT-025-740,EHR_WRITE,EP-IND-05725
NET-05726,2026-01-01 13:35:50+00:00,0,IOMT-034,S-IOMT-034-741,RESEARCH,EP-IND-05726
NET-05727,2026-01-01 13:35:57+00:00,0,IOMT-015,S-IOMT-015-742,IMAGING,EP-IND-05727
NET-05728,2026-01-01 13:36:06+00:00,0,IOMT-002,S-IOMT-002-743,LAB_RESULTS,EP-IND-05728
NET-05729,2026-01-01 13:36:19+00:00,0,IOMT-021,S-IOMT-021-744,RESEARCH,EP-IND-05729
NET-05730,2026-01-01 13:36:39+00:00,0,IOMT-037,S-IOMT-037-745,IMAGING,EP-IND-05730
NET-05731,2026-01-01 13:36:40+00:00,0,IOMT-013,S-IOMT-013-746,RESEARCH,EP-IND-05731
NET-05732,2026-01-01 13:37:43+00:00,0,IOMT-038,S-IOMT-038-747,RESEARCH,EP-IND-05732
NET-05733,2026-01-01 13:38:00+00:00,0,IOMT-040,S-IOMT-040-748,EHR_READ,EP-IND-05733
NET-05734,2026-01-01 13:38:03+00:00,0,IOMT-019,S-IOMT-019-749,EHR_READ,EP-IND-05734
NET-05735,2026-01-01 13:38:26+00:00,0,IOMT-024,S-IOMT-024-750,LAB_RESULTS,EP-IND-05735
NET-05736,2026-01-01 13:38:32+00:00,0,IOMT-036,S-IOMT-036-751,LAB_RESULTS,EP-IND-05736
NET-05737,2026-01-01 13:38:39+00:00,0,IOMT-035,S-IOMT-035-752,IMAGING,EP-IND-05737
NET-05738,2026-01-01 13:38:46+00:00,1,IOMT-025,S-IOMT-025-753,RESEARCH,EP-IND-05738
NET-05739,2026-01-01 13:38:50+00:00,0,IOMT-023,S-IOMT-023-754,LAB_RESULTS,EP-IND-05739
NET-05740,2026-01-01 13:39:10+00:00,0,IOMT-034,S-IOMT-034-755,EHR_READ,EP-IND-05740
NET-05741,2026-01-01 13:39:17+00:00,0,IOMT-024,S-IOMT-024-756,LAB_RESULTS,EP-IND-05741
NET-05742,2026-01-01 13:39:33+00:00,0,IOMT-018,S-IOMT-018-757,LAB_RESULTS,EP-IND-05742
NET-05743,2026-01-01 13:39:34+00:00,0,IOMT-042,S-IOMT-042-758,IMAGING,EP-IND-05743
NET-05744,2026-01-01 13:39:43+00:00,0,IOMT-027,S-IOMT-027-759,IMAGING,EP-IND-05744
NET-05745,2026-01-01 13:39:48+00:00,0,IOMT-011,S-IOMT-011-760,EHR_WRITE,EP-IND-05745
NET-05746,2026-01-01 13:39:51+00:00,0,IOMT-016,S-IOMT-016-761,LAB_RESULTS,EP-IND-05746
NET-05747,2026-01-01 13:39:53+00:00,0,IOMT-031,S-IOMT-031-762,IMAGING,EP-IND-05747
NET-05748,2026-01-01 13:39:55+00:00,0,IOMT-015,S-IOMT-015-763,EHR_WRITE,EP-IND-05748
NET-05749,2026-01-01 13:39:59+00:00,0,IOMT-044,S-IOMT-044-764,RESEARCH,EP-IND-05749
NET-05750,2026-01-01 13:40:32+00:00,0,IOMT-012,S-IOMT-012-765,LAB_RESULTS,EP-IND-05750
NET-05751,2026-01-01 13:40:39+00:00,0,IOMT-048,S-IOMT-048-766,EHR_WRITE,EP-IND-05751
NET-05752,2026-01-01 13:40:46+00:00,0,IOMT-011,S-IOMT-011-767,IMAGING,EP-IND-05752
NET-05753,2026-01-01 13:40:51+00:00,0,IOMT-012,S-IOMT-012-768,EHR_READ,EP-IND-05753
NET-05754,2026-01-01 13:41:06+00:00,0,IOMT-037,S-IOMT-037-769,EHR_WRITE,EP-IND-05754
NET-05755,2026-01-01 13:41:12+00:00,0,IOMT-023,S-IOMT-023-770,RESEARCH,EP-IND-05755
NET-05756,2026-01-01 13:41:18+00:00,0,IOMT-022,S-IOMT-022-771,RESEARCH,EP-IND-05756
NET-05757,2026-01-01 13:41:22+00:00,1,IOMT-015,S-IOMT-015-772,EHR_READ,EP-IND-05757
NET-05758,2026-01-01 13:41:27+00:00,0,IOMT-014,S-IOMT-014-773,LAB_RESULTS,EP-IND-05758
NET-05759,2026-01-01 13:41:44+00:00,0,IOMT-000,S-IOMT-000-774,IMAGING,EP-IND-05759
NET-05760,2026-01-01 13:42:15+00:00,0,IOMT-046,S-IOMT-046-775,IMAGING,EP-IND-05760
NET-05761,2026-01-01 13:42:28+00:00,0,IOMT-048,S-IOMT-048-776,EHR_READ,EP-IND-05761
NET-05762,2026-01-01 13:42:44+00:00,0,IOMT-008,S-IOMT-008-777,IMAGING,EP-IND-05762
NET-05763,2026-01-01 13:42:59+00:00,0,IOMT-019,S-IOMT-019-778,EHR_READ,EP-IND-05763
NET-05764,2026-01-01 13:43:04+00:00,0,IOMT-023,S-IOMT-023-779,IMAGING,EP-IND-05764
NET-05765,2026-01-01 13:43:35+00:00,0,IOMT-017,S-IOMT-017-780,RESEARCH,EP-IND-05765
NET-05766,2026-01-01 13:43:40+00:00,0,IOMT-014,S-IOMT-014-781,EHR_WRITE,EP-IND-05766
NET-05767,2026-01-01 13:43:55+00:00,0,IOMT-004,S-IOMT-004-782,LAB_RESULTS,EP-IND-05767
NET-05768,2026-01-01 13:44:00+00:00,1,IOMT-046,S-IOMT-046-783,LAB_RESULTS,EP-IND-05768
NET-05769,2026-01-01 13:44:01+00:00,0,IOMT-044,S-IOMT-044-784,EHR_READ,EP-IND-05769
NET-05770,2026-01-01 13:44:04+00:00,0,IOMT-048,S-IOMT-048-785,EHR_WRITE,EP-IND-05770
NET-05771,2026-01-01 13:44:32+00:00,0,IOMT-048,S-IOMT-048-786,RESEARCH,EP-IND-05771
NET-05772,2026-01-01 13:44:36+00:00,0,IOMT-030,S-IOMT-030-787,EHR_READ,EP-IND-05772
NET-05773,2026-01-01 13:44:44+00:00,0,IOMT-019,S-IOMT-019-788,RESEARCH,EP-IND-05773
NET-05774,2026-01-01 13:44:56+00:00,0,IOMT-004,S-IOMT-004-789,EHR_READ,EP-IND-05774
NET-05775,2026-01-01 13:44:57+00:00,0,IOMT-033,S-IOMT-033-790,EHR_READ,EP-IND-05775
NET-05776,2026-01-01 13:45:18+00:00,0,IOMT-008,S-IOMT-008-791,IMAGING,EP-IND-05776
NET-05777,2026-01-01 13:45:19+00:00,0,IOMT-047,S-IOMT-047-792,IMAGING,EP-IND-05777
NET-05778,2026-01-01 13:45:27+00:00,0,IOMT-030,S-IOMT-030-793,EHR_WRITE,EP-IND-05778
NET-05779,2026-01-01 13:45:32+00:00,0,IOMT-017,S-IOMT-017-794,RESEARCH,EP-IND-05779
NET-05780,2026-01-01 13:45:44+00:00,1,IOMT-028,S-IOMT-028-795,IMAGING,EP-IND-05780
NET-05781,2026-01-01 13:45:45+00:00,0,IOMT-001,S-IOMT-001-796,EHR_READ,EP-IND-05781
NET-05782,2026-01-01 13:45:52+00:00,0,IOMT-025,S-IOMT-025-797,EHR_READ,EP-IND-05782
NET-05783,2026-01-01 13:45:57+00:00,0,IOMT-013,S-IOMT-013-798,LAB_RESULTS,EP-IND-05783
NET-05784,2026-01-01 13:46:14+00:00,0,IOMT-037,S-IOMT-037-799,EHR_READ,EP-IND-05784
NET-05785,2026-01-01 13:46:17+00:00,0,IOMT-045,S-IOMT-045-800,RESEARCH,EP-IND-05785
NET-05786,2026-01-01 13:46:37+00:00,0,IOMT-018,S-IOMT-018-801,EHR_WRITE,EP-IND-05786
NET-05787,2026-01-01 13:47:08+00:00,0,IOMT-038,S-IOMT-038-802,IMAGING,EP-IND-05787
NET-05788,2026-01-01 13:47:10+00:00,0,IOMT-018,S-IOMT-018-803,EHR_WRITE,EP-IND-05788
NET-05789,2026-01-01 13:47:14+00:00,0,IOMT-011,S-IOMT-011-804,RESEARCH,EP-IND-05789
NET-05790,2026-01-01 13:47:35+00:00,0,IOMT-006,S-IOMT-006-805,EHR_WRITE,EP-IND-05790
NET-05791,2026-01-01 13:47:37+00:00,0,IOMT-043,S-IOMT-043-806,LAB_RESULTS,EP-IND-05791
NET-05792,2026-01-01 13:47:47+00:00,0,IOMT-018,S-IOMT-018-807,IMAGING,EP-IND-05792
NET-05793,2026-01-01 13:48:09+00:00,0,IOMT-020,S-IOMT-020-808,EHR_WRITE,EP-IND-05793
NET-05794,2026-01-01 13:48:11+00:00,0,IOMT-018,S-IOMT-018-809,EHR_WRITE,EP-IND-05794
NET-05795,2026-01-01 13:48:22+00:00,0,IOMT-047,S-IOMT-047-810,IMAGING,EP-IND-05795
NET-05796,2026-01-01 13:48:24+00:00,0,IOMT-003,S-IOMT-003-811,EHR_WRITE,EP-IND-05796
NET-05797,2026-01-01 13:48:27+00:00,0,IOMT-037,S-IOMT-037-812,LAB_RESULTS,EP-IND-05797
NET-05798,2026-01-01 13:48:43+00:00,1,IOMT-014,S-IOMT-014-813,EHR_WRITE,EP-IND-05798
NET-05799,2026-01-01 13:48:54+00:00,0,IOMT-025,S-IOMT-025-814,EHR_READ,EP-IND-05799
NET-05800,2026-01-01 13:48:55+00:00,0,IOMT-025,S-IOMT-025-815,EHR_READ,EP-IND-05800
NET-05801,2026-01-01 13:49:12+00:00,0,IOMT-031,S-IOMT-031-816,EHR_READ,EP-IND-05801
NET-05802,2026-01-01 13:49:32+00:00,1,IOMT-001,S-IOMT-001-817,IMAGING,EP-IND-05802
NET-05803,2026-01-01 13:49:51+00:00,0,IOMT-016,S-IOMT-016-818,EHR_WRITE,EP-IND-05803
NET-05804,2026-01-01 13:50:10+00:00,0,IOMT-041,S-IOMT-041-819,IMAGING,EP-IND-05804
NET-05805,2026-01-01 13:50:14+00:00,0,IOMT-036,S-IOMT-036-820,EHR_WRITE,EP-IND-05805
NET-05806,2026-01-01 13:50:24+00:00,0,IOMT-044,S-IOMT-044-821,EHR_WRITE,EP-IND-05806
NET-05807,2026-01-01 13:50:40+00:00,0,IOMT-042,S-IOMT-042-822,IMAGING,EP-IND-05807
NET-05808,2026-01-01 13:50:47+00:00,0,IOMT-009,S-IOMT-009-823,RESEARCH,EP-IND-05808
NET-05809,2026-01-01 13:51:00+00:00,0,IOMT-012,S-IOMT-012-824,IMAGING,EP-IND-05809
NET-05810,2026-01-01 13:51:05+00:00,1,IOMT-011,S-IOMT-011-825,EHR_READ,EP-IND-05810
NET-05811,2026-01-01 13:51:06+00:00,0,IOMT-037,S-IOMT-037-826,EHR_WRITE,EP-IND-05811
NET-05812,2026-01-01 13:51:14+00:00,0,IOMT-025,S-IOMT-025-827,IMAGING,EP-IND-05812
NET-05813,2026-01-01 13:51:14+00:00,0,IOMT-037,S-IOMT-037-828,RESEARCH,EP-IND-05813
NET-05814,2026-01-01 13:51:24+00:00,0,IOMT-032,S-IOMT-032-829,LAB_RESULTS,EP-IND-05814
NET-05815,2026-01-01 13:51:24+00:00,0,IOMT-019,S-IOMT-019-830,LAB_RESULTS,EP-IND-05815
NET-05816,2026-01-01 13:51:43+00:00,0,IOMT-009,S-IOMT-009-831,EHR_READ,EP-IND-05816
NET-05817,2026-01-01 13:51:49+00:00,0,IOMT-049,S-IOMT-049-832,IMAGING,EP-IND-05817
NET-05818,2026-01-01 13:52:03+00:00,0,IOMT-048,S-IOMT-048-833,LAB_RESULTS,EP-IND-05818
NET-05819,2026-01-01 13:52:14+00:00,1,IOMT-002,S-IOMT-002-834,EHR_READ,EP-IND-05819
NET-05820,2026-01-01 13:52:16+00:00,0,IOMT-038,S-IOMT-038-835,IMAGING,EP-IND-05820
NET-05821,2026-01-01 13:52:18+00:00,0,IOMT-044,S-IOMT-044-836,IMAGING,EP-IND-05821
NET-05822,2026-01-01 13:52:19+00:00,0,IOMT-042,S-IOMT-042-837,LAB_RESULTS,EP-IND-05822
NET-05823,2026-01-01 13:52:22+00:00,0,IOMT-021,S-IOMT-021-838,IMAGING,EP-IND-05823
NET-05824,2026-01-01 13:52:40+00:00,0,IOMT-037,S-IOMT-037-839,LAB_RESULTS,EP-IND-05824
NET-05825,2026-01-01 13:52:42+00:00,0,IOMT-035,S-IOMT-035-840,IMAGING,EP-IND-05825
NET-05826,2026-01-01 13:52:50+00:00,0,IOMT-030,S-IOMT-030-841,RESEARCH,EP-IND-05826
NET-05827,2026-01-01 13:52:53+00:00,0,IOMT-011,S-IOMT-011-842,LAB_RESULTS,EP-IND-05827
NET-05828,2026-01-01 13:53:14+00:00,0,IOMT-048,S-IOMT-048-843,RESEARCH,EP-IND-05828
NET-05829,2026-01-01 13:53:18+00:00,0,IOMT-042,S-IOMT-042-844,EHR_READ,EP-IND-05829
NET-05830,2026-01-01 13:53:30+00:00,0,IOMT-045,S-IOMT-045-845,RESEARCH,EP-IND-05830
NET-05831,2026-01-01 13:53:30+00:00,0,IOMT-036,S-IOMT-036-846,EHR_WRITE,EP-IND-05831
NET-05832,2026-01-01 13:53:32+00:00,0,IOMT-015,S-IOMT-015-847,EHR_READ,EP-IND-05832
NET-05833,2026-01-01 13:53:45+00:00,0,IOMT-017,S-IOMT-017-848,LAB_RESULTS,EP-IND-05833
NET-05834,2026-01-01 13:53:47+00:00,0,IOMT-044,S-IOMT-044-849,LAB_RESULTS,EP-IND-05834
NET-05835,2026-01-01 13:54:03+00:00,0,IOMT-033,S-IOMT-033-850,LAB_RESULTS,EP-IND-05835
NET-05836,2026-01-01 13:54:18+00:00,0,IOMT-008,S-IOMT-008-851,LAB_RESULTS,EP-IND-05836
NET-05837,2026-01-01 13:54:24+00:00,0,IOMT-035,S-IOMT-035-852,EHR_WRITE,EP-IND-05837
NET-05838,2026-01-01 13:54:42+00:00,0,IOMT-029,S-IOMT-029-853,EHR_WRITE,EP-IND-05838
NET-05839,2026-01-01 13:54:52+00:00,0,IOMT-033,S-IOMT-033-854,RESEARCH,EP-IND-05839
NET-05840,2026-01-01 13:54:55+00:00,0,IOMT-019,S-IOMT-019-855,IMAGING,EP-IND-05840
NET-05841,2026-01-01 13:54:56+00:00,0,IOMT-009,S-IOMT-009-856,IMAGING,EP-IND-05841
NET-05842,2026-01-01 13:55:07+00:00,0,IOMT-031,S-IOMT-031-857,EHR_READ,EP-IND-05842
NET-05843,2026-01-01 13:55:30+00:00,0,IOMT-021,S-IOMT-021-858,LAB_RESULTS,EP-IND-05843
NET-05844,2026-01-01 13:55:32+00:00,0,IOMT-031,S-IOMT-031-859,EHR_WRITE,EP-IND-05844
NET-05845,2026-01-01 13:55:46+00:00,0,IOMT-031,S-IOMT-031-860,IMAGING,EP-IND-05845
NET-05846,2026-01-01 13:55:53+00:00,0,IOMT-049,S-IOMT-049-861,EHR_WRITE,EP-IND-05846
NET-05847,2026-01-01 13:56:00+00:00,0,IOMT-003,S-IOMT-003-862,IMAGING,EP-IND-05847
NET-05848,2026-01-01 13:56:01+00:00,0,IOMT-039,S-IOMT-039-863,IMAGING,EP-IND-05848
NET-05849,2026-01-01 13:56:08+00:00,0,IOMT-011,S-IOMT-011-864,IMAGING,EP-IND-05849
NET-05850,2026-01-01 13:56:18+00:00,0,IOMT-045,S-IOMT-045-865,EHR_WRITE,EP-IND-05850
NET-05851,2026-01-01 13:56:22+00:00,0,IOMT-032,S-IOMT-032-866,RESEARCH,EP-IND-05851
NET-05852,2026-01-01 13:56:44+00:00,0,IOMT-044,S-IOMT-044-867,RESEARCH,EP-IND-05852
NET-05853,2026-01-01 13:57:04+00:00,0,IOMT-014,S-IOMT-014-868,EHR_WRITE,EP-IND-05853
NET-05854,2026-01-01 13:57:08+00:00,0,IOMT-038,S-IOMT-038-869,EHR_READ,EP-IND-05854
NET-05855,2026-01-01 13:57:22+00:00,0,IOMT-001,S-IOMT-001-870,EHR_WRITE,EP-IND-05855
NET-05856,2026-01-01 13:57:23+00:00,0,IOMT-006,S-IOMT-006-871,RESEARCH,EP-IND-05856
NET-05857,2026-01-01 13:57:45+00:00,0,IOMT-005,S-IOMT-005-872,RESEARCH,EP-IND-05857
NET-05858,2026-01-01 13:57:52+00:00,0,IOMT-007,S-IOMT-007-873,RESEARCH,EP-IND-05858
NET-05859,2026-01-01 13:57:55+00:00,0,IOMT-001,S-IOMT-001-874,LAB_RESULTS,EP-IND-05859
NET-05860,2026-01-01 13:58:00+00:00,0,IOMT-038,S-IOMT-038-875,EHR_READ,EP-IND-05860
NET-05861,2026-01-01 13:58:14+00:00,0,IOMT-012,S-IOMT-012-876,IMAGING,EP-IND-05861
NET-05862,2026-01-01 13:58:24+00:00,0,IOMT-032,S-IOMT-032-877,IMAGING,EP-IND-05862
NET-05863,2026-01-01 13:58:36+00:00,0,IOMT-047,S-IOMT-047-878,LAB_RESULTS,EP-IND-05863
NET-05864,2026-01-01 13:58:40+00:00,0,IOMT-022,S-IOMT-022-879,EHR_READ,EP-IND-05864
NET-05865,2026-01-01 13:58:48+00:00,0,IOMT-025,S-IOMT-025-880,LAB_RESULTS,EP-IND-05865
NET-05866,2026-01-01 13:58:50+00:00,0,IOMT-008,S-IOMT-008-881,EHR_WRITE,EP-IND-05866
NET-05867,2026-01-01 13:58:56+00:00,0,IOMT-008,S-IOMT-008-882,IMAGING,EP-IND-05867
NET-05868,2026-01-01 13:58:58+00:00,0,IOMT-028,S-IOMT-028-883,IMAGING,EP-IND-05868
NET-05869,2026-01-01 13:59:06+00:00,0,IOMT-021,S-IOMT-021-884,EHR_WRITE,EP-IND-05869
NET-05870,2026-01-01 13:59:06+00:00,0,IOMT-013,S-IOMT-013-885,LAB_RESULTS,EP-IND-05870
NET-05871,2026-01-01 13:59:08+00:00,0,IOMT-042,S-IOMT-042-886,IMAGING,EP-IND-05871
NET-05872,2026-01-01 13:59:14+00:00,0,IOMT-013,S-IOMT-013-887,LAB_RESULTS,EP-IND-05872
NET-05873,2026-01-01 13:59:27+00:00,0,IOMT-013,S-IOMT-013-888,RESEARCH,EP-IND-05873
NET-05874,2026-01-01 13:59:36+00:00,0,IOMT-006,S-IOMT-006-889,LAB_RESULTS,EP-IND-05874
NET-05875,2026-01-01 13:59:48+00:00,0,IOMT-044,S-IOMT-044-890,LAB_RESULTS,EP-IND-05875
NET-05876,2026-01-01 13:59:56+00:00,0,IOMT-005,S-IOMT-005-891,LAB_RESULTS,EP-IND-05876
NET-05877,2026-01-01 14:00:02+00:00,0,IOMT-026,S-IOMT-026-892,RESEARCH,EP-IND-05877
NET-05878,2026-01-01 14:00:05+00:00,0,IOMT-048,S-IOMT-048-893,LAB_RESULTS,EP-IND-05878
NET-05879,2026-01-01 14:00:21+00:00,0,IOMT-044,S-IOMT-044-894,RESEARCH,EP-IND-05879
NET-05880,2026-01-01 14:00:29+00:00,0,IOMT-026,S-IOMT-026-895,EHR_READ,EP-IND-05880
NET-05881,2026-01-01 14:00:31+00:00,0,IOMT-013,S-IOMT-013-896,EHR_WRITE,EP-IND-05881
NET-05882,2026-01-01 14:00:37+00:00,0,IOMT-022,S-IOMT-022-897,EHR_READ,EP-IND-05882
NET-05883,2026-01-01 14:00:41+00:00,0,IOMT-034,S-IOMT-034-898,EHR_READ,EP-IND-05883
NET-05884,2026-01-01 14:01:22+00:00,0,IOMT-032,S-IOMT-032-899,EHR_WRITE,EP-IND-05884
NET-05885,2026-01-01 14:01:31+00:00,0,IOMT-004,S-IOMT-004-900,LAB_RESULTS,EP-IND-05885
NET-05886,2026-01-01 14:01:39+00:00,0,IOMT-049,S-IOMT-049-901,EHR_WRITE,EP-IND-05886
NET-05887,2026-01-01 14:01:39+00:00,0,IOMT-025,S-IOMT-025-902,EHR_WRITE,EP-IND-05887
NET-05888,2026-01-01 14:01:57+00:00,0,IOMT-001,S-IOMT-001-903,EHR_READ,EP-IND-05888
NET-05889,2026-01-01 14:02:01+00:00,0,IOMT-015,S-IOMT-015-904,EHR_READ,EP-IND-05889
NET-05890,2026-01-01 14:02:01+00:00,1,IOMT-003,S-IOMT-003-905,EHR_READ,EP-IND-05890
NET-05891,2026-01-01 14:02:08+00:00,0,IOMT-040,S-IOMT-040-906,LAB_RESULTS,EP-IND-05891
NET-05892,2026-01-01 14:02:10+00:00,0,IOMT-025,S-IOMT-025-907,RESEARCH,EP-IND-05892
NET-05893,2026-01-01 14:02:19+00:00,0,IOMT-018,S-IOMT-018-908,EHR_READ,EP-IND-05893
NET-05894,2026-01-01 14:02:25+00:00,0,IOMT-021,S-IOMT-021-909,IMAGING,EP-IND-05894
NET-05895,2026-01-01 14:02:28+00:00,0,IOMT-035,S-IOMT-035-910,LAB_RESULTS,EP-IND-05895
NET-05896,2026-01-01 14:02:48+00:00,0,IOMT-032,S-IOMT-032-911,EHR_WRITE,EP-IND-05896
NET-05897,2026-01-01 14:02:51+00:00,0,IOMT-001,S-IOMT-001-912,RESEARCH,EP-IND-05897
NET-05898,2026-01-01 14:02:57+00:00,0,IOMT-005,S-IOMT-005-913,LAB_RESULTS,EP-IND-05898
NET-05899,2026-01-01 14:03:03+00:00,0,IOMT-027,S-IOMT-027-914,LAB_RESULTS,EP-IND-05899
NET-05900,2026-01-01 14:03:10+00:00,1,IOMT-021,S-IOMT-021-915,EHR_WRITE,EP-IND-05900
NET-05901,2026-01-01 14:03:10+00:00,0,IOMT-011,S-IOMT-011-916,EHR_READ,EP-IND-05901
NET-05902,2026-01-01 14:03:12+00:00,0,IOMT-023,S-IOMT-023-917,IMAGING,EP-IND-05902
NET-05903,2026-01-01 14:03:24+00:00,0,IOMT-016,S-IOMT-016-918,EHR_WRITE,EP-IND-05903
NET-05904,2026-01-01 14:03:31+00:00,0,IOMT-023,S-IOMT-023-919,EHR_WRITE,EP-IND-05904
NET-05905,2026-01-01 14:03:46+00:00,0,IOMT-013,S-IOMT-013-920,LAB_RESULTS,EP-IND-05905
NET-05906,2026-01-01 14:04:02+00:00,0,IOMT-043,S-IOMT-043-921,IMAGING,EP-IND-05906
NET-05907,2026-01-01 14:04:05+00:00,0,IOMT-036,S-IOMT-036-922,EHR_READ,EP-IND-05907
NET-05908,2026-01-01 14:04:18+00:00,0,IOMT-016,S-IOMT-016-923,IMAGING,EP-IND-05908
NET-05909,2026-01-01 14:04:47+00:00,0,IOMT-043,S-IOMT-043-924,IMAGING,EP-IND-05909
NET-05910,2026-01-01 14:04:49+00:00,0,IOMT-039,S-IOMT-039-925,EHR_WRITE,EP-IND-05910
NET-05911,2026-01-01 14:05:05+00:00,0,IOMT-027,S-IOMT-027-926,EHR_WRITE,EP-IND-05911
NET-05912,2026-01-01 14:05:23+00:00,0,IOMT-021,S-IOMT-021-927,RESEARCH,EP-IND-05912
NET-05913,2026-01-01 14:05:32+00:00,0,IOMT-044,S-IOMT-044-928,IMAGING,EP-IND-05913
NET-05914,2026-01-01 14:05:34+00:00,0,IOMT-023,S-IOMT-023-929,RESEARCH,EP-IND-05914
NET-05915,2026-01-01 14:05:39+00:00,0,IOMT-032,S-IOMT-032-930,EHR_READ,EP-IND-05915
NET-05916,2026-01-01 14:05:52+00:00,0,IOMT-030,S-IOMT-030-931,RESEARCH,EP-IND-05916
NET-05917,2026-01-01 14:06:03+00:00,0,IOMT-003,S-IOMT-003-932,IMAGING,EP-IND-05917
NET-05918,2026-01-01 14:06:04+00:00,0,IOMT-026,S-IOMT-026-933,RESEARCH,EP-IND-05918
NET-05919,2026-01-01 14:06:09+00:00,0,IOMT-024,S-IOMT-024-934,IMAGING,EP-IND-05919
NET-05920,2026-01-01 14:06:09+00:00,0,IOMT-001,S-IOMT-001-935,LAB_RESULTS,EP-IND-05920
NET-05921,2026-01-01 14:06:12+00:00,0,IOMT-000,S-IOMT-000-936,IMAGING,EP-IND-05921
NET-05922,2026-01-01 14:06:20+00:00,0,IOMT-008,S-IOMT-008-937,EHR_READ,EP-IND-05922
NET-05923,2026-01-01 14:06:28+00:00,0,IOMT-045,S-IOMT-045-938,EHR_WRITE,EP-IND-05923
NET-05924,2026-01-01 14:06:33+00:00,0,IOMT-036,S-IOMT-036-939,IMAGING,EP-IND-05924
NET-05925,2026-01-01 14:06:41+00:00,0,IOMT-049,S-IOMT-049-940,EHR_READ,EP-IND-05925
NET-05926,2026-01-01 14:06:48+00:00,0,IOMT-033,S-IOMT-033-941,EHR_WRITE,EP-IND-05926
NET-05927,2026-01-01 14:06:57+00:00,0,IOMT-041,S-IOMT-041-942,IMAGING,EP-IND-05927
NET-05928,2026-01-01 14:06:59+00:00,0,IOMT-040,S-IOMT-040-943,EHR_READ,EP-IND-05928
NET-05929,2026-01-01 14:07:04+00:00,0,IOMT-014,S-IOMT-014-944,IMAGING,EP-IND-05929
NET-05930,2026-01-01 14:07:06+00:00,0,IOMT-046,S-IOMT-046-945,EHR_READ,EP-IND-05930
NET-05931,2026-01-01 14:07:08+00:00,1,IOMT-001,S-IOMT-001-946,EHR_READ,EP-IND-05931
NET-05932,2026-01-01 14:07:15+00:00,0,IOMT-022,S-IOMT-022-947,IMAGING,EP-IND-05932
NET-05933,2026-01-01 14:07:28+00:00,0,IOMT-029,S-IOMT-029-948,IMAGING,EP-IND-05933
NET-05934,2026-01-01 14:07:37+00:00,0,IOMT-021,S-IOMT-021-949,EHR_WRITE,EP-IND-05934
NET-05935,2026-01-01 14:07:43+00:00,0,IOMT-008,S-IOMT-008-950,IMAGING,EP-IND-05935
NET-05936,2026-01-01 14:07:54+00:00,0,IOMT-031,S-IOMT-031-951,RESEARCH,EP-IND-05936
NET-05937,2026-01-01 14:08:06+00:00,0,IOMT-030,S-IOMT-030-952,EHR_WRITE,EP-IND-05937
NET-05938,2026-01-01 14:08:09+00:00,0,IOMT-004,S-IOMT-004-953,EHR_WRITE,EP-IND-05938
NET-05939,2026-01-01 14:08:10+00:00,0,IOMT-013,S-IOMT-013-954,IMAGING,EP-IND-05939
NET-05940,2026-01-01 14:08:27+00:00,0,IOMT-042,S-IOMT-042-955,EHR_WRITE,EP-IND-05940
NET-05941,2026-01-01 14:08:30+00:00,0,IOMT-000,S-IOMT-000-956,LAB_RESULTS,EP-IND-05941
NET-05942,2026-01-01 14:08:37+00:00,0,IOMT-001,S-IOMT-001-957,RESEARCH,EP-IND-05942
NET-05943,2026-01-01 14:08:39+00:00,0,IOMT-028,S-IOMT-028-958,RESEARCH,EP-IND-05943
NET-05944,2026-01-01 14:09:09+00:00,0,IOMT-018,S-IOMT-018-959,IMAGING,EP-IND-05944
NET-05945,2026-01-01 14:09:11+00:00,0,IOMT-032,S-IOMT-032-960,EHR_WRITE,EP-IND-05945
NET-05946,2026-01-01 14:09:19+00:00,0,IOMT-004,S-IOMT-004-961,IMAGING,EP-IND-05946
NET-05947,2026-01-01 14:09:23+00:00,0,IOMT-030,S-IOMT-030-962,IMAGING,EP-IND-05947
NET-05948,2026-01-01 14:09:56+00:00,0,IOMT-011,S-IOMT-011-963,EHR_READ,EP-IND-05948
NET-05949,2026-01-01 14:10:06+00:00,0,IOMT-023,S-IOMT-023-964,LAB_RESULTS,EP-IND-05949
NET-05950,2026-01-01 14:10:29+00:00,0,IOMT-015,S-IOMT-015-965,IMAGING,EP-IND-05950
NET-05951,2026-01-01 14:10:29+00:00,0,IOMT-012,S-IOMT-012-966,EHR_WRITE,EP-IND-05951
NET-05952,2026-01-01 14:10:41+00:00,0,IOMT-040,S-IOMT-040-967,IMAGING,EP-IND-05952
NET-05953,2026-01-01 14:10:52+00:00,0,IOMT-045,S-IOMT-045-968,EHR_WRITE,EP-IND-05953
NET-05954,2026-01-01 14:10:58+00:00,0,IOMT-011,S-IOMT-011-969,RESEARCH,EP-IND-05954
NET-05955,2026-01-01 14:11:06+00:00,0,IOMT-021,S-IOMT-021-970,RESEARCH,EP-IND-05955
NET-05956,2026-01-01 14:11:06+00:00,0,IOMT-031,S-IOMT-031-971,RESEARCH,EP-IND-05956
NET-05957,2026-01-01 14:11:11+00:00,0,IOMT-029,S-IOMT-029-972,LAB_RESULTS,EP-IND-05957
NET-05958,2026-01-01 14:11:12+00:00,0,IOMT-010,S-IOMT-010-973,EHR_READ,EP-IND-05958
NET-05959,2026-01-01 14:11:18+00:00,0,IOMT-006,S-IOMT-006-974,EHR_READ,EP-IND-05959
NET-05960,2026-01-01 14:11:34+00:00,0,IOMT-005,S-IOMT-005-975,EHR_WRITE,EP-IND-05960
NET-05961,2026-01-01 14:12:14+00:00,0,IOMT-009,S-IOMT-009-976,EHR_READ,EP-IND-05961
NET-05962,2026-01-01 14:12:19+00:00,0,IOMT-018,S-IOMT-018-977,EHR_READ,EP-IND-05962
NET-05963,2026-01-01 14:12:24+00:00,0,IOMT-039,S-IOMT-039-978,IMAGING,EP-IND-05963
NET-05964,2026-01-01 14:12:24+00:00,0,IOMT-047,S-IOMT-047-979,EHR_READ,EP-IND-05964
NET-05965,2026-01-01 14:13:05+00:00,0,IOMT-000,S-IOMT-000-980,LAB_RESULTS,EP-IND-05965
NET-05966,2026-01-01 14:13:06+00:00,0,IOMT-004,S-IOMT-004-981,EHR_WRITE,EP-IND-05966
NET-05967,2026-01-01 14:13:38+00:00,0,IOMT-018,S-IOMT-018-982,LAB_RESULTS,EP-IND-05967
NET-05968,2026-01-01 14:13:52+00:00,0,IOMT-016,S-IOMT-016-983,IMAGING,EP-IND-05968
NET-05969,2026-01-01 14:13:58+00:00,0,IOMT-047,S-IOMT-047-984,RESEARCH,EP-IND-05969
NET-05970,2026-01-01 14:14:07+00:00,0,IOMT-032,S-IOMT-032-985,EHR_READ,EP-IND-05970
NET-05971,2026-01-01 14:14:10+00:00,0,IOMT-032,S-IOMT-032-986,LAB_RESULTS,EP-IND-05971
NET-05972,2026-01-01 14:14:22+00:00,0,IOMT-039,S-IOMT-039-987,EHR_READ,EP-IND-05972
NET-05973,2026-01-01 14:14:28+00:00,0,IOMT-003,S-IOMT-003-988,EHR_WRITE,EP-IND-05973
NET-05974,2026-01-01 14:14:34+00:00,1,IOMT-047,S-IOMT-047-989,RESEARCH,EP-IND-05974
NET-05975,2026-01-01 14:14:40+00:00,0,IOMT-043,S-IOMT-043-990,IMAGING,EP-IND-05975
NET-05976,2026-01-01 14:14:44+00:00,0,IOMT-049,S-IOMT-049-991,LAB_RESULTS,EP-IND-05976
NET-05977,2026-01-01 14:14:47+00:00,0,IOMT-001,S-IOMT-001-992,LAB_RESULTS,EP-IND-05977
NET-05978,2026-01-01 14:15:00+00:00,0,IOMT-036,S-IOMT-036-993,IMAGING,EP-IND-05978
NET-05979,2026-01-01 14:15:05+00:00,0,IOMT-023,S-IOMT-023-994,RESEARCH,EP-IND-05979
NET-05980,2026-01-01 14:15:20+00:00,1,IOMT-045,S-IOMT-045-995,LAB_RESULTS,EP-IND-05980
NET-05981,2026-01-01 14:15:26+00:00,0,IOMT-018,S-IOMT-018-996,RESEARCH,EP-IND-05981
NET-05982,2026-01-01 14:15:49+00:00,0,IOMT-029,S-IOMT-029-0,EHR_READ,EP-IND-05982
NET-05983,2026-01-01 14:15:52+00:00,0,IOMT-024,S-IOMT-024-1,LAB_RESULTS,EP-IND-05983
NET-05984,2026-01-01 14:15:53+00:00,0,IOMT-011,S-IOMT-011-2,IMAGING,EP-IND-05984
NET-05985,2026-01-01 14:16:09+00:00,0,IOMT-011,S-IOMT-011-3,RESEARCH,EP-IND-05985
NET-05986,2026-01-01 14:16:29+00:00,0,IOMT-021,S-IOMT-021-4,LAB_RESULTS,EP-IND-05986
NET-05987,2026-01-01 14:16:35+00:00,0,IOMT-039,S-IOMT-039-5,RESEARCH,EP-IND-05987
NET-05988,2026-01-01 14:16:42+00:00,0,IOMT-025,S-IOMT-025-6,EHR_WRITE,EP-IND-05988
NET-05989,2026-01-01 14:16:46+00:00,0,IOMT-036,S-IOMT-036-7,IMAGING,EP-IND-05989
NET-05990,2026-01-01 14:16:46+00:00,0,IOMT-006,S-IOMT-006-8,EHR_READ,EP-IND-05990
NET-05991,2026-01-01 14:16:49+00:00,0,IOMT-036,S-IOMT-036-9,LAB_RESULTS,EP-IND-05991
NET-05992,2026-01-01 14:17:08+00:00,0,IOMT-001,S-IOMT-001-10,LAB_RESULTS,EP-IND-05992
NET-05993,2026-01-01 14:17:11+00:00,0,IOMT-002,S-IOMT-002-11,RESEARCH,EP-IND-05993
NET-05994,2026-01-01 14:17:17+00:00,0,IOMT-006,S-IOMT-006-12,RESEARCH,EP-IND-05994
NET-05995,2026-01-01 14:17:19+00:00,0,IOMT-012,S-IOMT-012-13,RESEARCH,EP-IND-05995
NET-05996,2026-01-01 14:17:44+00:00,0,IOMT-037,S-IOMT-037-14,RESEARCH,EP-IND-05996
NET-05997,2026-01-01 14:17:51+00:00,0,IOMT-031,S-IOMT-031-15,RESEARCH,EP-IND-05997
NET-05998,2026-01-01 14:18:10+00:00,0,IOMT-025,S-IOMT-025-16,EHR_WRITE,EP-IND-05998
NET-05999,2026-01-01 14:18:15+00:00,0,IOMT-012,S-IOMT-012-17,IMAGING,EP-IND-05999
NET-06000,2026-01-01 14:18:16+00:00,0,IOMT-044,S-IOMT-044-18,IMAGING,EP-IND-06000
NET-06001,2026-01-01 14:18:16+00:00,0,IOMT-004,S-IOMT-004-19,EHR_READ,EP-IND-06001
NET-06002,2026-01-01 14:18:20+00:00,0,IOMT-031,S-IOMT-031-20,IMAGING,EP-IND-06002
NET-06003,2026-01-01 14:18:33+00:00,0,IOMT-006,S-IOMT-006-21,EHR_READ,EP-IND-06003
NET-06004,2026-01-01 14:18:39+00:00,0,IOMT-037,S-IOMT-037-22,IMAGING,EP-IND-06004
NET-06005,2026-01-01 14:18:51+00:00,0,IOMT-004,S-IOMT-004-23,LAB_RESULTS,EP-IND-06005
NET-06006,2026-01-01 14:18:56+00:00,0,IOMT-019,S-IOMT-019-24,EHR_READ,EP-IND-06006
NET-06007,2026-01-01 14:19:04+00:00,0,IOMT-017,S-IOMT-017-25,RESEARCH,EP-IND-06007
NET-06008,2026-01-01 14:19:05+00:00,0,IOMT-014,S-IOMT-014-26,EHR_WRITE,EP-IND-06008
NET-06009,2026-01-01 14:19:07+00:00,0,IOMT-001,S-IOMT-001-27,EHR_READ,EP-IND-06009
NET-06010,2026-01-01 14:19:09+00:00,0,IOMT-018,S-IOMT-018-28,RESEARCH,EP-IND-06010
NET-06011,2026-01-01 14:19:09+00:00,0,IOMT-023,S-IOMT-023-29,RESEARCH,EP-IND-06011
NET-06012,2026-01-01 14:19:23+00:00,0,IOMT-013,S-IOMT-013-30,EHR_WRITE,EP-IND-06012
NET-06013,2026-01-01 14:19:26+00:00,0,IOMT-013,S-IOMT-013-31,IMAGING,EP-IND-06013
NET-06014,2026-01-01 14:19:31+00:00,0,IOMT-038,S-IOMT-038-32,IMAGING,EP-IND-06014
NET-06015,2026-01-01 14:19:32+00:00,0,IOMT-027,S-IOMT-027-33,IMAGING,EP-IND-06015
NET-06016,2026-01-01 14:19:32+00:00,0,IOMT-001,S-IOMT-001-34,IMAGING,EP-IND-06016
NET-06017,2026-01-01 14:19:40+00:00,0,IOMT-034,S-IOMT-034-35,IMAGING,EP-IND-06017
NET-06018,2026-01-01 14:19:48+00:00,0,IOMT-001,S-IOMT-001-36,RESEARCH,EP-IND-06018
NET-06019,2026-01-01 14:19:49+00:00,1,IOMT-024,S-IOMT-024-37,EHR_READ,EP-IND-06019
NET-06020,2026-01-01 14:19:49+00:00,0,IOMT-009,S-IOMT-009-38,LAB_RESULTS,EP-IND-06020
NET-06021,2026-01-01 14:20:04+00:00,0,IOMT-047,S-IOMT-047-39,EHR_READ,EP-IND-06021
NET-06022,2026-01-01 14:20:15+00:00,0,IOMT-041,S-IOMT-041-40,RESEARCH,EP-IND-06022
NET-06023,2026-01-01 14:20:31+00:00,0,IOMT-026,S-IOMT-026-41,LAB_RESULTS,EP-IND-06023
NET-06024,2026-01-01 14:20:34+00:00,1,IOMT-046,S-IOMT-046-42,LAB_RESULTS,EP-IND-06024
NET-06025,2026-01-01 14:20:36+00:00,0,IOMT-038,S-IOMT-038-43,RESEARCH,EP-IND-06025
NET-06026,2026-01-01 14:20:37+00:00,1,IOMT-039,S-IOMT-039-44,IMAGING,EP-IND-06026
NET-06027,2026-01-01 14:20:46+00:00,0,IOMT-029,S-IOMT-029-45,EHR_READ,EP-IND-06027
NET-06028,2026-01-01 14:21:03+00:00,0,IOMT-023,S-IOMT-023-46,LAB_RESULTS,EP-IND-06028
NET-06029,2026-01-01 14:21:16+00:00,1,IOMT-018,S-IOMT-018-47,RESEARCH,EP-IND-06029
NET-06030,2026-01-01 14:21:22+00:00,1,IOMT-046,S-IOMT-046-48,LAB_RESULTS,EP-IND-06030
NET-06031,2026-01-01 14:21:25+00:00,1,IOMT-012,S-IOMT-012-49,EHR_READ,EP-IND-06031
NET-06032,2026-01-01 14:21:51+00:00,0,IOMT-012,S-IOMT-012-50,EHR_WRITE,EP-IND-06032
NET-06033,2026-01-01 14:21:51+00:00,0,IOMT-003,S-IOMT-003-51,IMAGING,EP-IND-06033
NET-06034,2026-01-01 14:21:51+00:00,0,IOMT-047,S-IOMT-047-52,IMAGING,EP-IND-06034
NET-06035,2026-01-01 14:21:52+00:00,0,IOMT-004,S-IOMT-004-53,IMAGING,EP-IND-06035
NET-06036,2026-01-01 14:21:55+00:00,0,IOMT-020,S-IOMT-020-54,RESEARCH,EP-IND-06036
NET-06037,2026-01-01 14:21:56+00:00,0,IOMT-005,S-IOMT-005-55,IMAGING,EP-IND-06037
NET-06038,2026-01-01 14:21:57+00:00,0,IOMT-012,S-IOMT-012-56,LAB_RESULTS,EP-IND-06038
NET-06039,2026-01-01 14:22:05+00:00,0,IOMT-014,S-IOMT-014-57,RESEARCH,EP-IND-06039
NET-06040,2026-01-01 14:22:08+00:00,0,IOMT-039,S-IOMT-039-58,EHR_READ,EP-IND-06040
NET-06041,2026-01-01 14:22:29+00:00,0,IOMT-045,S-IOMT-045-59,EHR_READ,EP-IND-06041
NET-06042,2026-01-01 14:23:04+00:00,0,IOMT-022,S-IOMT-022-60,EHR_READ,EP-IND-06042
NET-06043,2026-01-01 14:23:05+00:00,0,IOMT-029,S-IOMT-029-61,IMAGING,EP-IND-06043
NET-06044,2026-01-01 14:23:05+00:00,0,IOMT-046,S-IOMT-046-62,LAB_RESULTS,EP-IND-06044
NET-06045,2026-01-01 14:23:11+00:00,0,IOMT-042,S-IOMT-042-63,EHR_WRITE,EP-IND-06045
NET-06046,2026-01-01 14:23:14+00:00,0,IOMT-000,S-IOMT-000-64,EHR_WRITE,EP-IND-06046
NET-06047,2026-01-01 14:23:22+00:00,0,IOMT-001,S-IOMT-001-65,IMAGING,EP-IND-06047
NET-06048,2026-01-01 14:23:27+00:00,0,IOMT-029,S-IOMT-029-66,LAB_RESULTS,EP-IND-06048
NET-06049,2026-01-01 14:23:36+00:00,0,IOMT-032,S-IOMT-032-67,LAB_RESULTS,EP-IND-06049
NET-06050,2026-01-01 14:23:51+00:00,0,IOMT-025,S-IOMT-025-68,EHR_WRITE,EP-IND-06050
NET-06051,2026-01-01 14:23:58+00:00,0,IOMT-013,S-IOMT-013-69,LAB_RESULTS,EP-IND-06051
NET-06052,2026-01-01 14:24:07+00:00,0,IOMT-004,S-IOMT-004-70,IMAGING,EP-IND-06052
NET-06053,2026-01-01 14:24:24+00:00,0,IOMT-017,S-IOMT-017-71,IMAGING,EP-IND-06053
NET-06054,2026-01-01 14:24:31+00:00,0,IOMT-014,S-IOMT-014-72,IMAGING,EP-IND-06054
NET-06055,2026-01-01 14:24:40+00:00,0,IOMT-020,S-IOMT-020-73,RESEARCH,EP-IND-06055
NET-06056,2026-01-01 14:24:40+00:00,0,IOMT-045,S-IOMT-045-74,LAB_RESULTS,EP-IND-06056
NET-06057,2026-01-01 14:24:40+00:00,1,IOMT-017,S-IOMT-017-75,IMAGING,EP-IND-06057
NET-06058,2026-01-01 14:24:41+00:00,0,IOMT-006,S-IOMT-006-76,LAB_RESULTS,EP-IND-06058
NET-06059,2026-01-01 14:24:44+00:00,0,IOMT-043,S-IOMT-043-77,RESEARCH,EP-IND-06059
NET-06060,2026-01-01 14:25:00+00:00,0,IOMT-019,S-IOMT-019-78,EHR_READ,EP-IND-06060
NET-06061,2026-01-01 14:25:02+00:00,0,IOMT-030,S-IOMT-030-79,RESEARCH,EP-IND-06061
NET-06062,2026-01-01 14:25:05+00:00,0,IOMT-018,S-IOMT-018-80,RESEARCH,EP-IND-06062
NET-06063,2026-01-01 14:25:21+00:00,0,IOMT-023,S-IOMT-023-81,LAB_RESULTS,EP-IND-06063
NET-06064,2026-01-01 14:25:23+00:00,1,IOMT-012,S-IOMT-012-82,IMAGING,EP-IND-06064
NET-06065,2026-01-01 14:25:24+00:00,0,IOMT-036,S-IOMT-036-83,LAB_RESULTS,EP-IND-06065
NET-06066,2026-01-01 14:25:31+00:00,0,IOMT-002,S-IOMT-002-84,LAB_RESULTS,EP-IND-06066
NET-06067,2026-01-01 14:25:34+00:00,0,IOMT-005,S-IOMT-005-85,LAB_RESULTS,EP-IND-06067
NET-06068,2026-01-01 14:25:35+00:00,0,IOMT-028,S-IOMT-028-86,IMAGING,EP-IND-06068
NET-06069,2026-01-01 14:26:12+00:00,0,IOMT-013,S-IOMT-013-87,RESEARCH,EP-IND-06069
NET-06070,2026-01-01 14:26:18+00:00,1,IOMT-006,S-IOMT-006-88,LAB_RESULTS,EP-IND-06070
NET-06071,2026-01-01 14:26:24+00:00,0,IOMT-008,S-IOMT-008-89,EHR_READ,EP-IND-06071
NET-06072,2026-01-01 14:26:30+00:00,0,IOMT-022,S-IOMT-022-90,LAB_RESULTS,EP-IND-06072
NET-06073,2026-01-01 14:26:43+00:00,0,IOMT-036,S-IOMT-036-91,EHR_WRITE,EP-IND-06073
NET-06074,2026-01-01 14:26:45+00:00,0,IOMT-021,S-IOMT-021-92,IMAGING,EP-IND-06074
NET-06075,2026-01-01 14:26:46+00:00,1,IOMT-029,S-IOMT-029-93,EHR_WRITE,EP-IND-06075
NET-06076,2026-01-01 14:26:55+00:00,0,IOMT-046,S-IOMT-046-94,IMAGING,EP-IND-06076
NET-06077,2026-01-01 14:27:05+00:00,0,IOMT-041,S-IOMT-041-95,EHR_WRITE,EP-IND-06077
NET-06078,2026-01-01 14:27:07+00:00,0,IOMT-007,S-IOMT-007-96,RESEARCH,EP-IND-06078
NET-06079,2026-01-01 14:27:11+00:00,0,IOMT-037,S-IOMT-037-97,IMAGING,EP-IND-06079
NET-06080,2026-01-01 14:27:14+00:00,0,IOMT-032,S-IOMT-032-98,RESEARCH,EP-IND-06080
NET-06081,2026-01-01 14:27:30+00:00,0,IOMT-041,S-IOMT-041-99,IMAGING,EP-IND-06081
NET-06082,2026-01-01 14:27:38+00:00,0,IOMT-049,S-IOMT-049-100,RESEARCH,EP-IND-06082
NET-06083,2026-01-01 14:27:49+00:00,0,IOMT-044,S-IOMT-044-101,RESEARCH,EP-IND-06083
NET-06084,2026-01-01 14:28:07+00:00,0,IOMT-031,S-IOMT-031-102,RESEARCH,EP-IND-06084
NET-06085,2026-01-01 14:28:09+00:00,0,IOMT-033,S-IOMT-033-103,RESEARCH,EP-IND-06085
NET-06086,2026-01-01 14:28:13+00:00,0,IOMT-047,S-IOMT-047-104,RESEARCH,EP-IND-06086
NET-06087,2026-01-01 14:28:40+00:00,0,IOMT-042,S-IOMT-042-105,EHR_WRITE,EP-IND-06087
NET-06088,2026-01-01 14:28:41+00:00,0,IOMT-004,S-IOMT-004-106,IMAGING,EP-IND-06088
NET-06089,2026-01-01 14:28:58+00:00,0,IOMT-025,S-IOMT-025-107,RESEARCH,EP-IND-06089
NET-06090,2026-01-01 14:29:08+00:00,0,IOMT-039,S-IOMT-039-108,IMAGING,EP-IND-06090
NET-06091,2026-01-01 14:29:21+00:00,0,IOMT-016,S-IOMT-016-109,EHR_READ,EP-IND-06091
NET-06092,2026-01-01 14:29:21+00:00,0,IOMT-033,S-IOMT-033-110,LAB_RESULTS,EP-IND-06092
NET-06093,2026-01-01 14:29:46+00:00,0,IOMT-020,S-IOMT-020-111,LAB_RESULTS,EP-IND-06093
NET-06094,2026-01-01 14:29:56+00:00,0,IOMT-048,S-IOMT-048-112,EHR_WRITE,EP-IND-06094
NET-06095,2026-01-01 14:30:00+00:00,0,IOMT-038,S-IOMT-038-113,RESEARCH,EP-IND-06095
NET-06096,2026-01-01 14:30:15+00:00,0,IOMT-044,S-IOMT-044-114,EHR_READ,EP-IND-06096
NET-06097,2026-01-01 14:30:23+00:00,0,IOMT-032,S-IOMT-032-115,EHR_WRITE,EP-IND-06097
NET-06098,2026-01-01 14:30:29+00:00,0,IOMT-014,S-IOMT-014-116,IMAGING,EP-IND-06098
NET-06099,2026-01-01 14:30:33+00:00,0,IOMT-046,S-IOMT-046-117,EHR_WRITE,EP-IND-06099
NET-06100,2026-01-01 14:30:36+00:00,0,IOMT-035,S-IOMT-035-118,EHR_READ,EP-IND-06100
NET-06101,2026-01-01 14:30:54+00:00,1,IOMT-031,S-IOMT-031-119,EHR_WRITE,EP-IND-06101
NET-06102,2026-01-01 14:30:55+00:00,0,IOMT-019,S-IOMT-019-120,RESEARCH,EP-IND-06102
NET-06103,2026-01-01 14:30:57+00:00,0,IOMT-010,S-IOMT-010-121,EHR_WRITE,EP-IND-06103
NET-06104,2026-01-01 14:31:06+00:00,0,IOMT-043,S-IOMT-043-122,EHR_READ,EP-IND-06104
NET-06105,2026-01-01 14:31:22+00:00,0,IOMT-044,S-IOMT-044-123,IMAGING,EP-IND-06105
NET-06106,2026-01-01 14:31:23+00:00,0,IOMT-023,S-IOMT-023-124,EHR_WRITE,EP-IND-06106
NET-06107,2026-01-01 14:31:23+00:00,0,IOMT-001,S-IOMT-001-125,EHR_WRITE,EP-IND-06107
NET-06108,2026-01-01 14:31:30+00:00,0,IOMT-008,S-IOMT-008-126,IMAGING,EP-IND-06108
NET-06109,2026-01-01 14:31:43+00:00,0,IOMT-043,S-IOMT-043-127,LAB_RESULTS,EP-IND-06109
NET-06110,2026-01-01 14:32:00+00:00,0,IOMT-031,S-IOMT-031-128,LAB_RESULTS,EP-IND-06110
NET-06111,2026-01-01 14:32:20+00:00,0,IOMT-033,S-IOMT-033-129,RESEARCH,EP-IND-06111
NET-06112,2026-01-01 14:32:21+00:00,0,IOMT-035,S-IOMT-035-130,LAB_RESULTS,EP-IND-06112
NET-06113,2026-01-01 14:32:29+00:00,0,IOMT-049,S-IOMT-049-131,EHR_READ,EP-IND-06113
NET-06114,2026-01-01 14:32:52+00:00,0,IOMT-020,S-IOMT-020-132,RESEARCH,EP-IND-06114
NET-06115,2026-01-01 14:33:20+00:00,0,IOMT-015,S-IOMT-015-133,EHR_WRITE,EP-IND-06115
NET-06116,2026-01-01 14:33:31+00:00,1,IOMT-000,S-IOMT-000-134,RESEARCH,EP-IND-06116
NET-06117,2026-01-01 14:33:34+00:00,0,IOMT-012,S-IOMT-012-135,LAB_RESULTS,EP-IND-06117
NET-06118,2026-01-01 14:33:42+00:00,0,IOMT-036,S-IOMT-036-136,LAB_RESULTS,EP-IND-06118
NET-06119,2026-01-01 14:33:54+00:00,0,IOMT-007,S-IOMT-007-137,RESEARCH,EP-IND-06119
NET-06120,2026-01-01 14:33:59+00:00,0,IOMT-027,S-IOMT-027-138,EHR_WRITE,EP-IND-06120
NET-06121,2026-01-01 14:33:59+00:00,0,IOMT-018,S-IOMT-018-139,LAB_RESULTS,EP-IND-06121
NET-06122,2026-01-01 14:34:00+00:00,0,IOMT-031,S-IOMT-031-140,LAB_RESULTS,EP-IND-06122
NET-06123,2026-01-01 14:34:04+00:00,0,IOMT-045,S-IOMT-045-141,IMAGING,EP-IND-06123
NET-06124,2026-01-01 14:34:16+00:00,1,IOMT-001,S-IOMT-001-142,IMAGING,EP-IND-06124
NET-06125,2026-01-01 14:34:19+00:00,0,IOMT-001,S-IOMT-001-143,EHR_WRITE,EP-IND-06125
NET-06126,2026-01-01 14:34:23+00:00,0,IOMT-035,S-IOMT-035-144,EHR_WRITE,EP-IND-06126
NET-06127,2026-01-01 14:34:43+00:00,0,IOMT-025,S-IOMT-025-145,EHR_READ,EP-IND-06127
NET-06128,2026-01-01 14:34:48+00:00,0,IOMT-028,S-IOMT-028-146,IMAGING,EP-IND-06128
NET-06129,2026-01-01 14:35:01+00:00,0,IOMT-021,S-IOMT-021-147,EHR_WRITE,EP-IND-06129
NET-06130,2026-01-01 14:35:11+00:00,0,IOMT-041,S-IOMT-041-148,RESEARCH,EP-IND-06130
NET-06131,2026-01-01 14:35:16+00:00,0,IOMT-001,S-IOMT-001-149,LAB_RESULTS,EP-IND-06131
NET-06132,2026-01-01 14:35:17+00:00,0,IOMT-027,S-IOMT-027-150,RESEARCH,EP-IND-06132
NET-06133,2026-01-01 14:35:20+00:00,0,IOMT-021,S-IOMT-021-151,EHR_WRITE,EP-IND-06133
NET-06134,2026-01-01 14:35:43+00:00,0,IOMT-035,S-IOMT-035-152,EHR_READ,EP-IND-06134
NET-06135,2026-01-01 14:36:02+00:00,0,IOMT-015,S-IOMT-015-153,EHR_WRITE,EP-IND-06135
NET-06136,2026-01-01 14:36:05+00:00,0,IOMT-036,S-IOMT-036-154,LAB_RESULTS,EP-IND-06136
NET-06137,2026-01-01 14:36:08+00:00,0,IOMT-027,S-IOMT-027-155,RESEARCH,EP-IND-06137
NET-06138,2026-01-01 14:36:24+00:00,0,IOMT-028,S-IOMT-028-156,EHR_READ,EP-IND-06138
NET-06139,2026-01-01 14:36:24+00:00,0,IOMT-012,S-IOMT-012-157,EHR_READ,EP-IND-06139
NET-06140,2026-01-01 14:36:26+00:00,0,IOMT-024,S-IOMT-024-158,LAB_RESULTS,EP-IND-06140
NET-06141,2026-01-01 14:36:29+00:00,0,IOMT-044,S-IOMT-044-159,LAB_RESULTS,EP-IND-06141
NET-06142,2026-01-01 14:36:30+00:00,0,IOMT-036,S-IOMT-036-160,LAB_RESULTS,EP-IND-06142
NET-06143,2026-01-01 14:36:31+00:00,0,IOMT-031,S-IOMT-031-161,EHR_READ,EP-IND-06143
NET-06144,2026-01-01 14:36:34+00:00,0,IOMT-016,S-IOMT-016-162,EHR_WRITE,EP-IND-06144
NET-06145,2026-01-01 14:36:36+00:00,0,IOMT-020,S-IOMT-020-163,EHR_READ,EP-IND-06145
NET-06146,2026-01-01 14:36:39+00:00,0,IOMT-047,S-IOMT-047-164,RESEARCH,EP-IND-06146
NET-06147,2026-01-01 14:36:40+00:00,0,IOMT-046,S-IOMT-046-165,LAB_RESULTS,EP-IND-06147
NET-06148,2026-01-01 14:36:56+00:00,0,IOMT-006,S-IOMT-006-166,LAB_RESULTS,EP-IND-06148
NET-06149,2026-01-01 14:37:18+00:00,0,IOMT-005,S-IOMT-005-167,LAB_RESULTS,EP-IND-06149
NET-06150,2026-01-01 14:37:20+00:00,0,IOMT-018,S-IOMT-018-168,RESEARCH,EP-IND-06150
NET-06151,2026-01-01 14:37:21+00:00,0,IOMT-049,S-IOMT-049-169,IMAGING,EP-IND-06151
NET-06152,2026-01-01 14:37:47+00:00,0,IOMT-047,S-IOMT-047-170,EHR_WRITE,EP-IND-06152
NET-06153,2026-01-01 14:37:48+00:00,0,IOMT-011,S-IOMT-011-171,RESEARCH,EP-IND-06153
NET-06154,2026-01-01 14:37:51+00:00,0,IOMT-020,S-IOMT-020-172,IMAGING,EP-IND-06154
NET-06155,2026-01-01 14:38:14+00:00,0,IOMT-017,S-IOMT-017-173,LAB_RESULTS,EP-IND-06155
NET-06156,2026-01-01 14:38:19+00:00,0,IOMT-012,S-IOMT-012-174,RESEARCH,EP-IND-06156
NET-06157,2026-01-01 14:38:21+00:00,0,IOMT-048,S-IOMT-048-175,EHR_READ,EP-IND-06157
NET-06158,2026-01-01 14:38:22+00:00,0,IOMT-004,S-IOMT-004-176,EHR_READ,EP-IND-06158
NET-06159,2026-01-01 14:38:26+00:00,0,IOMT-001,S-IOMT-001-177,LAB_RESULTS,EP-IND-06159
NET-06160,2026-01-01 14:38:29+00:00,0,IOMT-033,S-IOMT-033-178,IMAGING,EP-IND-06160
NET-06161,2026-01-01 14:39:01+00:00,0,IOMT-017,S-IOMT-017-179,EHR_WRITE,EP-IND-06161
NET-06162,2026-01-01 14:39:10+00:00,0,IOMT-017,S-IOMT-017-180,IMAGING,EP-IND-06162
NET-06163,2026-01-01 14:39:12+00:00,0,IOMT-017,S-IOMT-017-181,LAB_RESULTS,EP-IND-06163
NET-06164,2026-01-01 14:39:23+00:00,0,IOMT-048,S-IOMT-048-182,EHR_READ,EP-IND-06164
NET-06165,2026-01-01 14:39:32+00:00,0,IOMT-009,S-IOMT-009-183,RESEARCH,EP-IND-06165
NET-06166,2026-01-01 14:39:40+00:00,0,IOMT-013,S-IOMT-013-184,RESEARCH,EP-IND-06166
NET-06167,2026-01-01 14:39:47+00:00,0,IOMT-012,S-IOMT-012-185,RESEARCH,EP-IND-06167
NET-06168,2026-01-01 14:39:49+00:00,0,IOMT-046,S-IOMT-046-186,EHR_WRITE,EP-IND-06168
NET-06169,2026-01-01 14:39:50+00:00,0,IOMT-004,S-IOMT-004-187,IMAGING,EP-IND-06169
NET-06170,2026-01-01 14:40:00+00:00,0,IOMT-044,S-IOMT-044-188,EHR_WRITE,EP-IND-06170
NET-06171,2026-01-01 14:40:02+00:00,0,IOMT-016,S-IOMT-016-189,IMAGING,EP-IND-06171
NET-06172,2026-01-01 14:40:16+00:00,0,IOMT-041,S-IOMT-041-190,IMAGING,EP-IND-06172
NET-06173,2026-01-01 14:40:17+00:00,0,IOMT-045,S-IOMT-045-191,IMAGING,EP-IND-06173
NET-06174,2026-01-01 14:40:25+00:00,0,IOMT-047,S-IOMT-047-192,EHR_WRITE,EP-IND-06174
NET-06175,2026-01-01 14:40:26+00:00,0,IOMT-009,S-IOMT-009-193,EHR_WRITE,EP-IND-06175
NET-06176,2026-01-01 14:40:31+00:00,0,IOMT-044,S-IOMT-044-194,LAB_RESULTS,EP-IND-06176
NET-06177,2026-01-01 14:40:39+00:00,0,IOMT-012,S-IOMT-012-195,IMAGING,EP-IND-06177
NET-06178,2026-01-01 14:41:00+00:00,0,IOMT-015,S-IOMT-015-196,EHR_WRITE,EP-IND-06178
NET-06179,2026-01-01 14:41:01+00:00,0,IOMT-040,S-IOMT-040-197,IMAGING,EP-IND-06179
NET-06180,2026-01-01 14:41:06+00:00,0,IOMT-001,S-IOMT-001-198,EHR_WRITE,EP-IND-06180
NET-06181,2026-01-01 14:41:07+00:00,0,IOMT-039,S-IOMT-039-199,LAB_RESULTS,EP-IND-06181
NET-06182,2026-01-01 14:41:36+00:00,0,IOMT-007,S-IOMT-007-200,IMAGING,EP-IND-06182
NET-06183,2026-01-01 14:41:43+00:00,0,IOMT-021,S-IOMT-021-201,EHR_READ,EP-IND-06183
NET-06184,2026-01-01 14:41:48+00:00,0,IOMT-049,S-IOMT-049-202,EHR_WRITE,EP-IND-06184
NET-06185,2026-01-01 14:41:53+00:00,0,IOMT-049,S-IOMT-049-203,EHR_WRITE,EP-IND-06185
NET-06186,2026-01-01 14:42:26+00:00,0,IOMT-010,S-IOMT-010-204,LAB_RESULTS,EP-IND-06186
NET-06187,2026-01-01 14:42:31+00:00,0,IOMT-036,S-IOMT-036-205,LAB_RESULTS,EP-IND-06187
NET-06188,2026-01-01 14:42:37+00:00,0,IOMT-012,S-IOMT-012-206,IMAGING,EP-IND-06188
NET-06189,2026-01-01 14:42:43+00:00,0,IOMT-027,S-IOMT-027-207,EHR_WRITE,EP-IND-06189
NET-06190,2026-01-01 14:42:57+00:00,0,IOMT-003,S-IOMT-003-208,LAB_RESULTS,EP-IND-06190
NET-06191,2026-01-01 14:43:05+00:00,0,IOMT-004,S-IOMT-004-209,EHR_READ,EP-IND-06191
NET-06192,2026-01-01 14:43:15+00:00,0,IOMT-016,S-IOMT-016-210,EHR_READ,EP-IND-06192
NET-06193,2026-01-01 14:43:20+00:00,0,IOMT-009,S-IOMT-009-211,LAB_RESULTS,EP-IND-06193
NET-06194,2026-01-01 14:43:42+00:00,0,IOMT-026,S-IOMT-026-212,RESEARCH,EP-IND-06194
NET-06195,2026-01-01 14:43:43+00:00,0,IOMT-048,S-IOMT-048-213,RESEARCH,EP-IND-06195
NET-06196,2026-01-01 14:43:48+00:00,0,IOMT-030,S-IOMT-030-214,RESEARCH,EP-IND-06196
NET-06197,2026-01-01 14:44:03+00:00,0,IOMT-038,S-IOMT-038-215,LAB_RESULTS,EP-IND-06197
NET-06198,2026-01-01 14:44:11+00:00,0,IOMT-001,S-IOMT-001-216,RESEARCH,EP-IND-06198
NET-06199,2026-01-01 14:44:12+00:00,0,IOMT-043,S-IOMT-043-217,EHR_WRITE,EP-IND-06199
NET-06200,2026-01-01 14:44:18+00:00,0,IOMT-014,S-IOMT-014-218,IMAGING,EP-IND-06200
NET-06201,2026-01-01 14:44:20+00:00,0,IOMT-025,S-IOMT-025-219,LAB_RESULTS,EP-IND-06201
NET-06202,2026-01-01 14:44:23+00:00,0,IOMT-022,S-IOMT-022-220,LAB_RESULTS,EP-IND-06202
NET-06203,2026-01-01 14:44:25+00:00,0,IOMT-023,S-IOMT-023-221,EHR_READ,EP-IND-06203
NET-06204,2026-01-01 14:44:28+00:00,0,IOMT-007,S-IOMT-007-222,EHR_WRITE,EP-IND-06204
NET-06205,2026-01-01 14:44:42+00:00,0,IOMT-007,S-IOMT-007-223,LAB_RESULTS,EP-IND-06205
NET-06206,2026-01-01 14:45:04+00:00,0,IOMT-019,S-IOMT-019-224,EHR_READ,EP-IND-06206
NET-06207,2026-01-01 14:45:06+00:00,0,IOMT-008,S-IOMT-008-225,IMAGING,EP-IND-06207
NET-06208,2026-01-01 14:45:30+00:00,0,IOMT-040,S-IOMT-040-226,EHR_WRITE,EP-IND-06208
NET-06209,2026-01-01 14:45:38+00:00,0,IOMT-001,S-IOMT-001-227,IMAGING,EP-IND-06209
NET-06210,2026-01-01 14:45:39+00:00,0,IOMT-048,S-IOMT-048-228,LAB_RESULTS,EP-IND-06210
NET-06211,2026-01-01 14:45:42+00:00,0,IOMT-047,S-IOMT-047-229,IMAGING,EP-IND-06211
NET-06212,2026-01-01 14:46:02+00:00,0,IOMT-039,S-IOMT-039-230,EHR_WRITE,EP-IND-06212
NET-06213,2026-01-01 14:46:08+00:00,0,IOMT-009,S-IOMT-009-231,LAB_RESULTS,EP-IND-06213
NET-06214,2026-01-01 14:46:09+00:00,0,IOMT-019,S-IOMT-019-232,IMAGING,EP-IND-06214
NET-06215,2026-01-01 14:46:12+00:00,0,IOMT-032,S-IOMT-032-233,RESEARCH,EP-IND-06215
NET-06216,2026-01-01 14:46:20+00:00,0,IOMT-028,S-IOMT-028-234,IMAGING,EP-IND-06216
NET-06217,2026-01-01 14:46:21+00:00,0,IOMT-011,S-IOMT-011-235,EHR_READ,EP-IND-06217
NET-06218,2026-01-01 14:46:26+00:00,0,IOMT-045,S-IOMT-045-236,IMAGING,EP-IND-06218
NET-06219,2026-01-01 14:46:41+00:00,0,IOMT-046,S-IOMT-046-237,IMAGING,EP-IND-06219
NET-06220,2026-01-01 14:46:41+00:00,0,IOMT-048,S-IOMT-048-238,LAB_RESULTS,EP-IND-06220
NET-06221,2026-01-01 14:46:46+00:00,0,IOMT-032,S-IOMT-032-239,LAB_RESULTS,EP-IND-06221
NET-06222,2026-01-01 14:46:47+00:00,0,IOMT-019,S-IOMT-019-240,LAB_RESULTS,EP-IND-06222
NET-06223,2026-01-01 14:46:50+00:00,0,IOMT-029,S-IOMT-029-241,EHR_WRITE,EP-IND-06223
NET-06224,2026-01-01 14:47:16+00:00,0,IOMT-001,S-IOMT-001-242,LAB_RESULTS,EP-IND-06224
NET-06225,2026-01-01 14:47:29+00:00,0,IOMT-043,S-IOMT-043-243,LAB_RESULTS,EP-IND-06225
NET-06226,2026-01-01 14:47:42+00:00,0,IOMT-042,S-IOMT-042-244,RESEARCH,EP-IND-06226
NET-06227,2026-01-01 14:47:51+00:00,0,IOMT-002,S-IOMT-002-245,EHR_WRITE,EP-IND-06227
NET-06228,2026-01-01 14:47:51+00:00,0,IOMT-025,S-IOMT-025-246,EHR_READ,EP-IND-06228
NET-06229,2026-01-01 14:47:55+00:00,0,IOMT-003,S-IOMT-003-247,RESEARCH,EP-IND-06229
NET-06230,2026-01-01 14:48:02+00:00,1,IOMT-037,S-IOMT-037-248,RESEARCH,EP-IND-06230
NET-06231,2026-01-01 14:48:12+00:00,0,IOMT-040,S-IOMT-040-249,EHR_WRITE,EP-IND-06231
NET-06232,2026-01-01 14:48:36+00:00,0,IOMT-001,S-IOMT-001-250,RESEARCH,EP-IND-06232
NET-06233,2026-01-01 14:48:45+00:00,0,IOMT-007,S-IOMT-007-251,EHR_WRITE,EP-IND-06233
NET-06234,2026-01-01 14:48:56+00:00,1,IOMT-029,S-IOMT-029-252,LAB_RESULTS,EP-IND-06234
NET-06235,2026-01-01 14:49:15+00:00,1,IOMT-033,S-IOMT-033-253,LAB_RESULTS,EP-IND-06235
NET-06236,2026-01-01 14:49:39+00:00,0,IOMT-035,S-IOMT-035-254,EHR_READ,EP-IND-06236
NET-06237,2026-01-01 14:49:51+00:00,0,IOMT-039,S-IOMT-039-255,EHR_WRITE,EP-IND-06237
NET-06238,2026-01-01 14:49:58+00:00,0,IOMT-036,S-IOMT-036-256,LAB_RESULTS,EP-IND-06238
NET-06239,2026-01-01 14:50:08+00:00,0,IOMT-048,S-IOMT-048-257,IMAGING,EP-IND-06239
NET-06240,2026-01-01 14:50:14+00:00,0,IOMT-047,S-IOMT-047-258,IMAGING,EP-IND-06240
NET-06241,2026-01-01 14:50:23+00:00,0,IOMT-022,S-IOMT-022-259,EHR_WRITE,EP-IND-06241
NET-06242,2026-01-01 14:50:44+00:00,0,IOMT-028,S-IOMT-028-260,LAB_RESULTS,EP-IND-06242
NET-06243,2026-01-01 14:51:00+00:00,0,IOMT-025,S-IOMT-025-261,EHR_READ,EP-IND-06243
NET-06244,2026-01-01 14:51:16+00:00,0,IOMT-011,S-IOMT-011-262,RESEARCH,EP-IND-06244
NET-06245,2026-01-01 14:51:25+00:00,0,IOMT-019,S-IOMT-019-263,EHR_WRITE,EP-IND-06245
NET-06246,2026-01-01 14:51:37+00:00,0,IOMT-028,S-IOMT-028-264,IMAGING,EP-IND-06246
NET-06247,2026-01-01 14:51:43+00:00,0,IOMT-029,S-IOMT-029-265,RESEARCH,EP-IND-06247
NET-06248,2026-01-01 14:52:05+00:00,0,IOMT-034,S-IOMT-034-266,RESEARCH,EP-IND-06248
NET-06249,2026-01-01 14:52:12+00:00,0,IOMT-015,S-IOMT-015-267,EHR_WRITE,EP-IND-06249
NET-06250,2026-01-01 14:52:14+00:00,0,IOMT-048,S-IOMT-048-268,LAB_RESULTS,EP-IND-06250
NET-06251,2026-01-01 14:52:26+00:00,0,IOMT-019,S-IOMT-019-269,RESEARCH,EP-IND-06251
NET-06252,2026-01-01 14:52:27+00:00,0,IOMT-049,S-IOMT-049-270,LAB_RESULTS,EP-IND-06252
NET-06253,2026-01-01 14:52:28+00:00,0,IOMT-029,S-IOMT-029-271,EHR_READ,EP-IND-06253
NET-06254,2026-01-01 14:52:34+00:00,0,IOMT-001,S-IOMT-001-272,EHR_WRITE,EP-IND-06254
NET-06255,2026-01-01 14:52:35+00:00,0,IOMT-040,S-IOMT-040-273,EHR_READ,EP-IND-06255
NET-06256,2026-01-01 14:52:41+00:00,0,IOMT-006,S-IOMT-006-274,EHR_WRITE,EP-IND-06256
NET-06257,2026-01-01 14:52:48+00:00,0,IOMT-013,S-IOMT-013-275,RESEARCH,EP-IND-06257
NET-06258,2026-01-01 14:52:53+00:00,0,IOMT-037,S-IOMT-037-276,EHR_READ,EP-IND-06258
NET-06259,2026-01-01 14:52:57+00:00,0,IOMT-045,S-IOMT-045-277,EHR_READ,EP-IND-06259
NET-06260,2026-01-01 14:53:02+00:00,0,IOMT-036,S-IOMT-036-278,EHR_READ,EP-IND-06260
NET-06261,2026-01-01 14:53:04+00:00,0,IOMT-042,S-IOMT-042-279,RESEARCH,EP-IND-06261
NET-06262,2026-01-01 14:53:15+00:00,0,IOMT-045,S-IOMT-045-280,IMAGING,EP-IND-06262
NET-06263,2026-01-01 14:53:37+00:00,0,IOMT-044,S-IOMT-044-281,LAB_RESULTS,EP-IND-06263
NET-06264,2026-01-01 14:53:42+00:00,0,IOMT-013,S-IOMT-013-282,RESEARCH,EP-IND-06264
NET-06265,2026-01-01 14:53:48+00:00,0,IOMT-042,S-IOMT-042-283,EHR_WRITE,EP-IND-06265
NET-06266,2026-01-01 14:53:49+00:00,0,IOMT-029,S-IOMT-029-284,LAB_RESULTS,EP-IND-06266
NET-06267,2026-01-01 14:53:50+00:00,0,IOMT-044,S-IOMT-044-285,LAB_RESULTS,EP-IND-06267
NET-06268,2026-01-01 14:53:55+00:00,0,IOMT-009,S-IOMT-009-286,IMAGING,EP-IND-06268
NET-06269,2026-01-01 14:53:58+00:00,0,IOMT-012,S-IOMT-012-287,IMAGING,EP-IND-06269
NET-06270,2026-01-01 14:54:06+00:00,0,IOMT-043,S-IOMT-043-288,EHR_READ,EP-IND-06270
NET-06271,2026-01-01 14:54:20+00:00,0,IOMT-022,S-IOMT-022-289,RESEARCH,EP-IND-06271
NET-06272,2026-01-01 14:54:24+00:00,0,IOMT-045,S-IOMT-045-290,LAB_RESULTS,EP-IND-06272
NET-06273,2026-01-01 14:54:27+00:00,0,IOMT-044,S-IOMT-044-291,EHR_WRITE,EP-IND-06273
NET-06274,2026-01-01 14:54:31+00:00,0,IOMT-008,S-IOMT-008-292,EHR_READ,EP-IND-06274
NET-06275,2026-01-01 14:54:45+00:00,0,IOMT-024,S-IOMT-024-293,IMAGING,EP-IND-06275
NET-06276,2026-01-01 14:54:47+00:00,0,IOMT-044,S-IOMT-044-294,RESEARCH,EP-IND-06276
NET-06277,2026-01-01 14:54:49+00:00,0,IOMT-019,S-IOMT-019-295,RESEARCH,EP-IND-06277
NET-06278,2026-01-01 14:55:05+00:00,0,IOMT-029,S-IOMT-029-296,LAB_RESULTS,EP-IND-06278
NET-06279,2026-01-01 14:55:18+00:00,0,IOMT-003,S-IOMT-003-297,LAB_RESULTS,EP-IND-06279
NET-06280,2026-01-01 14:55:21+00:00,0,IOMT-002,S-IOMT-002-298,RESEARCH,EP-IND-06280
NET-06281,2026-01-01 14:55:29+00:00,0,IOMT-009,S-IOMT-009-299,LAB_RESULTS,EP-IND-06281
NET-06282,2026-01-01 14:55:50+00:00,0,IOMT-000,S-IOMT-000-300,EHR_READ,EP-IND-06282
NET-06283,2026-01-01 14:55:53+00:00,0,IOMT-001,S-IOMT-001-301,EHR_WRITE,EP-IND-06283
NET-06284,2026-01-01 14:56:10+00:00,0,IOMT-003,S-IOMT-003-302,EHR_READ,EP-IND-06284
NET-06285,2026-01-01 14:56:14+00:00,0,IOMT-023,S-IOMT-023-303,EHR_READ,EP-IND-06285
NET-06286,2026-01-01 14:56:17+00:00,0,IOMT-011,S-IOMT-011-304,EHR_READ,EP-IND-06286
NET-06287,2026-01-01 14:56:25+00:00,0,IOMT-030,S-IOMT-030-305,LAB_RESULTS,EP-IND-06287
NET-06288,2026-01-01 14:56:25+00:00,0,IOMT-033,S-IOMT-033-306,EHR_READ,EP-IND-06288
NET-06289,2026-01-01 14:56:49+00:00,0,IOMT-035,S-IOMT-035-307,RESEARCH,EP-IND-06289
NET-06290,2026-01-01 14:56:50+00:00,0,IOMT-025,S-IOMT-025-308,EHR_READ,EP-IND-06290
NET-06291,2026-01-01 14:56:59+00:00,0,IOMT-020,S-IOMT-020-309,RESEARCH,EP-IND-06291
NET-06292,2026-01-01 14:57:02+00:00,0,IOMT-003,S-IOMT-003-310,EHR_WRITE,EP-IND-06292
NET-06293,2026-01-01 14:57:07+00:00,0,IOMT-000,S-IOMT-000-311,IMAGING,EP-IND-06293
NET-06294,2026-01-01 14:57:08+00:00,0,IOMT-038,S-IOMT-038-312,RESEARCH,EP-IND-06294
NET-06295,2026-01-01 14:57:27+00:00,0,IOMT-045,S-IOMT-045-313,RESEARCH,EP-IND-06295
NET-06296,2026-01-01 14:57:30+00:00,0,IOMT-003,S-IOMT-003-314,RESEARCH,EP-IND-06296
NET-06297,2026-01-01 14:57:31+00:00,0,IOMT-023,S-IOMT-023-315,EHR_WRITE,EP-IND-06297
NET-06298,2026-01-01 14:57:46+00:00,0,IOMT-047,S-IOMT-047-316,LAB_RESULTS,EP-IND-06298
NET-06299,2026-01-01 14:57:55+00:00,0,IOMT-029,S-IOMT-029-317,EHR_WRITE,EP-IND-06299
NET-06300,2026-01-01 14:58:23+00:00,0,IOMT-026,S-IOMT-026-318,LAB_RESULTS,EP-IND-06300
NET-06301,2026-01-01 14:58:31+00:00,0,IOMT-033,S-IOMT-033-319,EHR_WRITE,EP-IND-06301
NET-06302,2026-01-01 14:58:42+00:00,0,IOMT-025,S-IOMT-025-320,EHR_WRITE,EP-IND-06302
NET-06303,2026-01-01 14:58:48+00:00,0,IOMT-017,S-IOMT-017-321,LAB_RESULTS,EP-IND-06303
NET-06304,2026-01-01 14:58:59+00:00,0,IOMT-010,S-IOMT-010-322,EHR_WRITE,EP-IND-06304
NET-06305,2026-01-01 14:59:00+00:00,0,IOMT-032,S-IOMT-032-323,EHR_READ,EP-IND-06305
NET-06306,2026-01-01 14:59:11+00:00,0,IOMT-009,S-IOMT-009-324,LAB_RESULTS,EP-IND-06306
NET-06307,2026-01-01 14:59:13+00:00,0,IOMT-037,S-IOMT-037-325,RESEARCH,EP-IND-06307
NET-06308,2026-01-01 14:59:17+00:00,0,IOMT-019,S-IOMT-019-326,RESEARCH,EP-IND-06308
NET-06309,2026-01-01 14:59:21+00:00,0,IOMT-026,S-IOMT-026-327,EHR_READ,EP-IND-06309
NET-06310,2026-01-01 14:59:40+00:00,0,IOMT-047,S-IOMT-047-328,IMAGING,EP-IND-06310
NET-06311,2026-01-01 14:59:46+00:00,0,IOMT-013,S-IOMT-013-329,IMAGING,EP-IND-06311
NET-06312,2026-01-01 14:59:47+00:00,0,IOMT-021,S-IOMT-021-330,LAB_RESULTS,EP-IND-06312
NET-06313,2026-01-01 14:59:47+00:00,0,IOMT-048,S-IOMT-048-331,LAB_RESULTS,EP-IND-06313
NET-06314,2026-01-01 14:59:54+00:00,0,IOMT-027,S-IOMT-027-332,EHR_READ,EP-IND-06314
NET-06315,2026-01-01 14:59:55+00:00,0,IOMT-001,S-IOMT-001-333,RESEARCH,EP-IND-06315
NET-06316,2026-01-01 15:00:02+00:00,0,IOMT-035,S-IOMT-035-334,EHR_READ,EP-IND-06316
NET-06317,2026-01-01 15:00:05+00:00,0,IOMT-001,S-IOMT-001-335,EHR_READ,EP-IND-06317
NET-06318,2026-01-01 15:00:19+00:00,0,IOMT-018,S-IOMT-018-336,RESEARCH,EP-IND-06318
NET-06319,2026-01-01 15:00:19+00:00,0,IOMT-031,S-IOMT-031-337,RESEARCH,EP-IND-06319
NET-06320,2026-01-01 15:00:33+00:00,0,IOMT-037,S-IOMT-037-338,EHR_READ,EP-IND-06320
NET-06321,2026-01-01 15:00:38+00:00,0,IOMT-002,S-IOMT-002-339,IMAGING,EP-IND-06321
NET-06322,2026-01-01 15:00:55+00:00,0,IOMT-006,S-IOMT-006-340,IMAGING,EP-IND-06322
NET-06323,2026-01-01 15:01:19+00:00,0,IOMT-009,S-IOMT-009-341,EHR_READ,EP-IND-06323
NET-06324,2026-01-01 15:01:23+00:00,0,IOMT-003,S-IOMT-003-342,IMAGING,EP-IND-06324
NET-06325,2026-01-01 15:01:30+00:00,0,IOMT-033,S-IOMT-033-343,RESEARCH,EP-IND-06325
NET-06326,2026-01-01 15:01:38+00:00,0,IOMT-032,S-IOMT-032-344,LAB_RESULTS,EP-IND-06326
NET-06327,2026-01-01 15:01:47+00:00,0,IOMT-048,S-IOMT-048-345,EHR_WRITE,EP-IND-06327
NET-06328,2026-01-01 15:01:59+00:00,0,IOMT-036,S-IOMT-036-346,EHR_WRITE,EP-IND-06328
NET-06329,2026-01-01 15:02:05+00:00,0,IOMT-015,S-IOMT-015-347,RESEARCH,EP-IND-06329
NET-06330,2026-01-01 15:02:22+00:00,0,IOMT-045,S-IOMT-045-348,LAB_RESULTS,EP-IND-06330
NET-06331,2026-01-01 15:02:23+00:00,0,IOMT-011,S-IOMT-011-349,IMAGING,EP-IND-06331
NET-06332,2026-01-01 15:02:54+00:00,0,IOMT-044,S-IOMT-044-350,EHR_WRITE,EP-IND-06332
NET-06333,2026-01-01 15:03:06+00:00,0,IOMT-015,S-IOMT-015-351,IMAGING,EP-IND-06333
NET-06334,2026-01-01 15:03:17+00:00,0,IOMT-005,S-IOMT-005-352,IMAGING,EP-IND-06334
NET-06335,2026-01-01 15:03:23+00:00,0,IOMT-020,S-IOMT-020-353,RESEARCH,EP-IND-06335
NET-06336,2026-01-01 15:03:27+00:00,0,IOMT-001,S-IOMT-001-354,EHR_WRITE,EP-IND-06336
NET-06337,2026-01-01 15:03:30+00:00,0,IOMT-020,S-IOMT-020-355,IMAGING,EP-IND-06337
NET-06338,2026-01-01 15:03:32+00:00,0,IOMT-017,S-IOMT-017-356,EHR_READ,EP-IND-06338
NET-06339,2026-01-01 15:03:33+00:00,0,IOMT-022,S-IOMT-022-357,RESEARCH,EP-IND-06339
NET-06340,2026-01-01 15:03:34+00:00,0,IOMT-010,S-IOMT-010-358,IMAGING,EP-IND-06340
NET-06341,2026-01-01 15:03:34+00:00,0,IOMT-040,S-IOMT-040-359,EHR_WRITE,EP-IND-06341
NET-06342,2026-01-01 15:03:38+00:00,0,IOMT-004,S-IOMT-004-360,RESEARCH,EP-IND-06342
NET-06343,2026-01-01 15:03:45+00:00,0,IOMT-043,S-IOMT-043-361,LAB_RESULTS,EP-IND-06343
NET-06344,2026-01-01 15:03:55+00:00,0,IOMT-012,S-IOMT-012-362,IMAGING,EP-IND-06344
NET-06345,2026-01-01 15:03:59+00:00,0,IOMT-034,S-IOMT-034-363,LAB_RESULTS,EP-IND-06345
NET-06346,2026-01-01 15:04:19+00:00,0,IOMT-029,S-IOMT-029-364,RESEARCH,EP-IND-06346
NET-06347,2026-01-01 15:04:27+00:00,1,IOMT-005,S-IOMT-005-365,LAB_RESULTS,EP-IND-06347
NET-06348,2026-01-01 15:04:28+00:00,0,IOMT-010,S-IOMT-010-366,RESEARCH,EP-IND-06348
NET-06349,2026-01-01 15:04:35+00:00,0,IOMT-017,S-IOMT-017-367,EHR_READ,EP-IND-06349
NET-06350,2026-01-01 15:04:39+00:00,0,IOMT-000,S-IOMT-000-368,RESEARCH,EP-IND-06350
NET-06351,2026-01-01 15:04:43+00:00,0,IOMT-048,S-IOMT-048-369,EHR_WRITE,EP-IND-06351
NET-06352,2026-01-01 15:04:52+00:00,0,IOMT-043,S-IOMT-043-370,RESEARCH,EP-IND-06352
NET-06353,2026-01-01 15:05:00+00:00,0,IOMT-028,S-IOMT-028-371,IMAGING,EP-IND-06353
NET-06354,2026-01-01 15:05:14+00:00,1,IOMT-031,S-IOMT-031-372,EHR_READ,EP-IND-06354
NET-06355,2026-01-01 15:05:21+00:00,0,IOMT-007,S-IOMT-007-373,LAB_RESULTS,EP-IND-06355
NET-06356,2026-01-01 15:05:23+00:00,0,IOMT-049,S-IOMT-049-374,EHR_WRITE,EP-IND-06356
NET-06357,2026-01-01 15:05:38+00:00,0,IOMT-045,S-IOMT-045-375,LAB_RESULTS,EP-IND-06357
NET-06358,2026-01-01 15:05:40+00:00,0,IOMT-038,S-IOMT-038-376,EHR_READ,EP-IND-06358
NET-06359,2026-01-01 15:05:41+00:00,0,IOMT-031,S-IOMT-031-377,EHR_WRITE,EP-IND-06359
NET-06360,2026-01-01 15:05:43+00:00,0,IOMT-024,S-IOMT-024-378,LAB_RESULTS,EP-IND-06360
NET-06361,2026-01-01 15:06:03+00:00,0,IOMT-039,S-IOMT-039-379,EHR_WRITE,EP-IND-06361
NET-06362,2026-01-01 15:06:03+00:00,0,IOMT-007,S-IOMT-007-380,EHR_READ,EP-IND-06362
NET-06363,2026-01-01 15:06:05+00:00,0,IOMT-043,S-IOMT-043-381,EHR_READ,EP-IND-06363
NET-06364,2026-01-01 15:06:07+00:00,0,IOMT-029,S-IOMT-029-382,RESEARCH,EP-IND-06364
NET-06365,2026-01-01 15:06:28+00:00,0,IOMT-029,S-IOMT-029-383,LAB_RESULTS,EP-IND-06365
NET-06366,2026-01-01 15:06:37+00:00,0,IOMT-029,S-IOMT-029-384,EHR_READ,EP-IND-06366
NET-06367,2026-01-01 15:06:37+00:00,0,IOMT-020,S-IOMT-020-385,IMAGING,EP-IND-06367
NET-06368,2026-01-01 15:07:26+00:00,0,IOMT-035,S-IOMT-035-386,IMAGING,EP-IND-06368
NET-06369,2026-01-01 15:07:31+00:00,0,IOMT-037,S-IOMT-037-387,LAB_RESULTS,EP-IND-06369
NET-06370,2026-01-01 15:07:36+00:00,0,IOMT-044,S-IOMT-044-388,RESEARCH,EP-IND-06370
NET-06371,2026-01-01 15:07:54+00:00,0,IOMT-012,S-IOMT-012-389,EHR_READ,EP-IND-06371
NET-06372,2026-01-01 15:07:54+00:00,0,IOMT-034,S-IOMT-034-390,LAB_RESULTS,EP-IND-06372
NET-06373,2026-01-01 15:08:00+00:00,0,IOMT-022,S-IOMT-022-391,RESEARCH,EP-IND-06373
NET-06374,2026-01-01 15:08:03+00:00,0,IOMT-011,S-IOMT-011-392,IMAGING,EP-IND-06374
NET-06375,2026-01-01 15:08:11+00:00,0,IOMT-017,S-IOMT-017-393,EHR_READ,EP-IND-06375
NET-06376,2026-01-01 15:08:11+00:00,0,IOMT-011,S-IOMT-011-394,EHR_WRITE,EP-IND-06376
NET-06377,2026-01-01 15:08:32+00:00,0,IOMT-045,S-IOMT-045-395,EHR_WRITE,EP-IND-06377
NET-06378,2026-01-01 15:08:38+00:00,0,IOMT-002,S-IOMT-002-396,EHR_READ,EP-IND-06378
NET-06379,2026-01-01 15:08:42+00:00,0,IOMT-047,S-IOMT-047-397,RESEARCH,EP-IND-06379
NET-06380,2026-01-01 15:08:49+00:00,0,IOMT-019,S-IOMT-019-398,EHR_WRITE,EP-IND-06380
NET-06381,2026-01-01 15:08:50+00:00,0,IOMT-021,S-IOMT-021-399,RESEARCH,EP-IND-06381
NET-06382,2026-01-01 15:09:03+00:00,0,IOMT-023,S-IOMT-023-400,EHR_WRITE,EP-IND-06382
NET-06383,2026-01-01 15:09:04+00:00,0,IOMT-009,S-IOMT-009-401,LAB_RESULTS,EP-IND-06383
NET-06384,2026-01-01 15:09:19+00:00,0,IOMT-012,S-IOMT-012-402,EHR_WRITE,EP-IND-06384
NET-06385,2026-01-01 15:09:22+00:00,0,IOMT-013,S-IOMT-013-403,RESEARCH,EP-IND-06385
NET-06386,2026-01-01 15:09:24+00:00,0,IOMT-015,S-IOMT-015-404,IMAGING,EP-IND-06386
NET-06387,2026-01-01 15:09:41+00:00,0,IOMT-016,S-IOMT-016-405,RESEARCH,EP-IND-06387
NET-06388,2026-01-01 15:09:42+00:00,0,IOMT-006,S-IOMT-006-406,LAB_RESULTS,EP-IND-06388
NET-06389,2026-01-01 15:10:00+00:00,0,IOMT-008,S-IOMT-008-407,RESEARCH,EP-IND-06389
NET-06390,2026-01-01 15:10:20+00:00,0,IOMT-023,S-IOMT-023-408,IMAGING,EP-IND-06390
NET-06391,2026-01-01 15:10:21+00:00,0,IOMT-027,S-IOMT-027-409,EHR_READ,EP-IND-06391
NET-06392,2026-01-01 15:10:41+00:00,1,IOMT-002,S-IOMT-002-410,RESEARCH,EP-IND-06392
NET-06393,2026-01-01 15:11:17+00:00,0,IOMT-047,S-IOMT-047-411,IMAGING,EP-IND-06393
NET-06394,2026-01-01 15:11:33+00:00,0,IOMT-046,S-IOMT-046-412,IMAGING,EP-IND-06394
NET-06395,2026-01-01 15:11:38+00:00,0,IOMT-024,S-IOMT-024-413,RESEARCH,EP-IND-06395
NET-06396,2026-01-01 15:11:38+00:00,0,IOMT-044,S-IOMT-044-414,EHR_WRITE,EP-IND-06396
NET-06397,2026-01-01 15:11:53+00:00,0,IOMT-041,S-IOMT-041-415,IMAGING,EP-IND-06397
NET-06398,2026-01-01 15:11:57+00:00,0,IOMT-021,S-IOMT-021-416,LAB_RESULTS,EP-IND-06398
NET-06399,2026-01-01 15:12:04+00:00,0,IOMT-011,S-IOMT-011-417,EHR_READ,EP-IND-06399
NET-06400,2026-01-01 15:12:08+00:00,0,IOMT-020,S-IOMT-020-418,LAB_RESULTS,EP-IND-06400
NET-06401,2026-01-01 15:12:15+00:00,0,IOMT-029,S-IOMT-029-419,IMAGING,EP-IND-06401
NET-06402,2026-01-01 15:12:26+00:00,0,IOMT-045,S-IOMT-045-420,EHR_READ,EP-IND-06402
NET-06403,2026-01-01 15:12:36+00:00,0,IOMT-042,S-IOMT-042-421,IMAGING,EP-IND-06403
NET-06404,2026-01-01 15:12:55+00:00,0,IOMT-041,S-IOMT-041-422,IMAGING,EP-IND-06404
NET-06405,2026-01-01 15:13:16+00:00,0,IOMT-025,S-IOMT-025-423,EHR_READ,EP-IND-06405
NET-06406,2026-01-01 15:13:21+00:00,0,IOMT-034,S-IOMT-034-424,IMAGING,EP-IND-06406
NET-06407,2026-01-01 15:13:23+00:00,0,IOMT-009,S-IOMT-009-425,LAB_RESULTS,EP-IND-06407
NET-06408,2026-01-01 15:13:40+00:00,0,IOMT-026,S-IOMT-026-426,IMAGING,EP-IND-06408
NET-06409,2026-01-01 15:13:51+00:00,0,IOMT-028,S-IOMT-028-427,LAB_RESULTS,EP-IND-06409
NET-06410,2026-01-01 15:13:55+00:00,0,IOMT-014,S-IOMT-014-428,EHR_WRITE,EP-IND-06410
NET-06411,2026-01-01 15:14:05+00:00,1,IOMT-015,S-IOMT-015-429,LAB_RESULTS,EP-IND-06411
NET-06412,2026-01-01 15:14:06+00:00,0,IOMT-031,S-IOMT-031-430,IMAGING,EP-IND-06412
NET-06413,2026-01-01 15:14:11+00:00,0,IOMT-017,S-IOMT-017-431,EHR_WRITE,EP-IND-06413
NET-06414,2026-01-01 15:14:13+00:00,1,IOMT-007,S-IOMT-007-432,IMAGING,EP-IND-06414
NET-06415,2026-01-01 15:14:16+00:00,0,IOMT-049,S-IOMT-049-433,LAB_RESULTS,EP-IND-06415
NET-06416,2026-01-01 15:14:25+00:00,1,IOMT-049,S-IOMT-049-434,EHR_WRITE,EP-IND-06416
NET-06417,2026-01-01 15:14:53+00:00,0,IOMT-002,S-IOMT-002-435,EHR_READ,EP-IND-06417
NET-06418,2026-01-01 15:14:53+00:00,0,IOMT-049,S-IOMT-049-436,EHR_READ,EP-IND-06418
NET-06419,2026-01-01 15:14:57+00:00,0,IOMT-015,S-IOMT-015-437,EHR_WRITE,EP-IND-06419
NET-06420,2026-01-01 15:15:07+00:00,0,IOMT-028,S-IOMT-028-438,LAB_RESULTS,EP-IND-06420
NET-06421,2026-01-01 15:15:34+00:00,0,IOMT-038,S-IOMT-038-439,LAB_RESULTS,EP-IND-06421
NET-06422,2026-01-01 15:15:36+00:00,0,IOMT-039,S-IOMT-039-440,EHR_READ,EP-IND-06422
NET-06423,2026-01-01 15:15:37+00:00,0,IOMT-000,S-IOMT-000-441,IMAGING,EP-IND-06423
NET-06424,2026-01-01 15:15:56+00:00,0,IOMT-040,S-IOMT-040-442,EHR_READ,EP-IND-06424
NET-06425,2026-01-01 15:16:05+00:00,0,IOMT-018,S-IOMT-018-443,EHR_READ,EP-IND-06425
NET-06426,2026-01-01 15:16:06+00:00,0,IOMT-020,S-IOMT-020-444,RESEARCH,EP-IND-06426
NET-06427,2026-01-01 15:16:16+00:00,0,IOMT-015,S-IOMT-015-445,EHR_READ,EP-IND-06427
NET-06428,2026-01-01 15:16:23+00:00,0,IOMT-011,S-IOMT-011-446,EHR_WRITE,EP-IND-06428
NET-06429,2026-01-01 15:16:27+00:00,0,IOMT-027,S-IOMT-027-447,EHR_READ,EP-IND-06429
NET-06430,2026-01-01 15:16:28+00:00,0,IOMT-029,S-IOMT-029-448,LAB_RESULTS,EP-IND-06430
NET-06431,2026-01-01 15:16:43+00:00,0,IOMT-018,S-IOMT-018-449,IMAGING,EP-IND-06431
NET-06432,2026-01-01 15:16:50+00:00,0,IOMT-034,S-IOMT-034-450,LAB_RESULTS,EP-IND-06432
NET-06433,2026-01-01 15:16:58+00:00,0,IOMT-039,S-IOMT-039-451,EHR_WRITE,EP-IND-06433
NET-06434,2026-01-01 15:17:01+00:00,0,IOMT-015,S-IOMT-015-452,RESEARCH,EP-IND-06434
NET-06435,2026-01-01 15:17:21+00:00,0,IOMT-010,S-IOMT-010-453,RESEARCH,EP-IND-06435
NET-06436,2026-01-01 15:17:21+00:00,0,IOMT-024,S-IOMT-024-454,LAB_RESULTS,EP-IND-06436
NET-06437,2026-01-01 15:17:23+00:00,0,IOMT-010,S-IOMT-010-455,IMAGING,EP-IND-06437
NET-06438,2026-01-01 15:17:28+00:00,0,IOMT-013,S-IOMT-013-456,IMAGING,EP-IND-06438
NET-06439,2026-01-01 15:17:34+00:00,1,IOMT-014,S-IOMT-014-457,RESEARCH,EP-IND-06439
NET-06440,2026-01-01 15:17:38+00:00,0,IOMT-042,S-IOMT-042-458,EHR_WRITE,EP-IND-06440
NET-06441,2026-01-01 15:17:48+00:00,0,IOMT-036,S-IOMT-036-459,EHR_READ,EP-IND-06441
NET-06442,2026-01-01 15:18:11+00:00,0,IOMT-047,S-IOMT-047-460,EHR_READ,EP-IND-06442
NET-06443,2026-01-01 15:18:19+00:00,0,IOMT-049,S-IOMT-049-461,RESEARCH,EP-IND-06443
NET-06444,2026-01-01 15:18:19+00:00,0,IOMT-005,S-IOMT-005-462,EHR_WRITE,EP-IND-06444
NET-06445,2026-01-01 15:18:25+00:00,0,IOMT-000,S-IOMT-000-463,EHR_WRITE,EP-IND-06445
NET-06446,2026-01-01 15:18:26+00:00,0,IOMT-042,S-IOMT-042-464,RESEARCH,EP-IND-06446
NET-06447,2026-01-01 15:18:33+00:00,0,IOMT-012,S-IOMT-012-465,EHR_WRITE,EP-IND-06447
NET-06448,2026-01-01 15:18:38+00:00,0,IOMT-021,S-IOMT-021-466,IMAGING,EP-IND-06448
NET-06449,2026-01-01 15:18:42+00:00,0,IOMT-005,S-IOMT-005-467,IMAGING,EP-IND-06449
NET-06450,2026-01-01 15:18:47+00:00,0,IOMT-001,S-IOMT-001-468,LAB_RESULTS,EP-IND-06450
NET-06451,2026-01-01 15:19:00+00:00,0,IOMT-035,S-IOMT-035-469,IMAGING,EP-IND-06451
NET-06452,2026-01-01 15:19:04+00:00,0,IOMT-024,S-IOMT-024-470,EHR_READ,EP-IND-06452
NET-06453,2026-01-01 15:19:06+00:00,1,IOMT-014,S-IOMT-014-471,LAB_RESULTS,EP-IND-06453
NET-06454,2026-01-01 15:19:07+00:00,0,IOMT-044,S-IOMT-044-472,LAB_RESULTS,EP-IND-06454
NET-06455,2026-01-01 15:19:38+00:00,0,IOMT-015,S-IOMT-015-473,IMAGING,EP-IND-06455
NET-06456,2026-01-01 15:19:53+00:00,0,IOMT-001,S-IOMT-001-474,LAB_RESULTS,EP-IND-06456
NET-06457,2026-01-01 15:20:04+00:00,0,IOMT-047,S-IOMT-047-475,EHR_READ,EP-IND-06457
NET-06458,2026-01-01 15:20:13+00:00,0,IOMT-028,S-IOMT-028-476,RESEARCH,EP-IND-06458
NET-06459,2026-01-01 15:20:13+00:00,0,IOMT-007,S-IOMT-007-477,EHR_READ,EP-IND-06459
NET-06460,2026-01-01 15:20:26+00:00,0,IOMT-042,S-IOMT-042-478,EHR_WRITE,EP-IND-06460
NET-06461,2026-01-01 15:20:31+00:00,0,IOMT-021,S-IOMT-021-479,RESEARCH,EP-IND-06461
NET-06462,2026-01-01 15:21:02+00:00,0,IOMT-028,S-IOMT-028-480,EHR_READ,EP-IND-06462
NET-06463,2026-01-01 15:21:02+00:00,0,IOMT-003,S-IOMT-003-481,RESEARCH,EP-IND-06463
NET-06464,2026-01-01 15:21:10+00:00,0,IOMT-021,S-IOMT-021-482,IMAGING,EP-IND-06464
NET-06465,2026-01-01 15:21:10+00:00,0,IOMT-036,S-IOMT-036-483,IMAGING,EP-IND-06465
NET-06466,2026-01-01 15:21:14+00:00,0,IOMT-001,S-IOMT-001-484,IMAGING,EP-IND-06466
NET-06467,2026-01-01 15:21:17+00:00,0,IOMT-047,S-IOMT-047-485,EHR_READ,EP-IND-06467
NET-06468,2026-01-01 15:21:22+00:00,0,IOMT-033,S-IOMT-033-486,RESEARCH,EP-IND-06468
NET-06469,2026-01-01 15:21:22+00:00,0,IOMT-010,S-IOMT-010-487,EHR_READ,EP-IND-06469
NET-06470,2026-01-01 15:21:46+00:00,0,IOMT-043,S-IOMT-043-488,RESEARCH,EP-IND-06470
NET-06471,2026-01-01 15:21:59+00:00,0,IOMT-004,S-IOMT-004-489,EHR_WRITE,EP-IND-06471
NET-06472,2026-01-01 15:22:06+00:00,0,IOMT-025,S-IOMT-025-490,IMAGING,EP-IND-06472
NET-06473,2026-01-01 15:22:12+00:00,0,IOMT-032,S-IOMT-032-491,IMAGING,EP-IND-06473
NET-06474,2026-01-01 15:22:20+00:00,0,IOMT-039,S-IOMT-039-492,RESEARCH,EP-IND-06474
NET-06475,2026-01-01 15:22:29+00:00,0,IOMT-049,S-IOMT-049-493,EHR_READ,EP-IND-06475
NET-06476,2026-01-01 15:22:35+00:00,0,IOMT-024,S-IOMT-024-494,EHR_READ,EP-IND-06476
NET-06477,2026-01-01 15:22:38+00:00,0,IOMT-044,S-IOMT-044-495,EHR_READ,EP-IND-06477
NET-06478,2026-01-01 15:22:48+00:00,0,IOMT-003,S-IOMT-003-496,EHR_READ,EP-IND-06478
NET-06479,2026-01-01 15:22:53+00:00,1,IOMT-037,S-IOMT-037-497,IMAGING,EP-IND-06479
NET-06480,2026-01-01 15:22:57+00:00,1,IOMT-037,S-IOMT-037-498,EHR_READ,EP-IND-06480
NET-06481,2026-01-01 15:23:06+00:00,0,IOMT-030,S-IOMT-030-499,EHR_WRITE,EP-IND-06481
NET-06482,2026-01-01 15:23:23+00:00,0,IOMT-025,S-IOMT-025-500,LAB_RESULTS,EP-IND-06482
NET-06483,2026-01-01 15:23:30+00:00,0,IOMT-048,S-IOMT-048-501,EHR_WRITE,EP-IND-06483
NET-06484,2026-01-01 15:23:54+00:00,1,IOMT-041,S-IOMT-041-502,RESEARCH,EP-IND-06484
NET-06485,2026-01-01 15:24:04+00:00,0,IOMT-005,S-IOMT-005-503,EHR_WRITE,EP-IND-06485
NET-06486,2026-01-01 15:24:12+00:00,0,IOMT-035,S-IOMT-035-504,LAB_RESULTS,EP-IND-06486
NET-06487,2026-01-01 15:24:32+00:00,0,IOMT-044,S-IOMT-044-505,IMAGING,EP-IND-06487
NET-06488,2026-01-01 15:24:33+00:00,0,IOMT-020,S-IOMT-020-506,EHR_READ,EP-IND-06488
NET-06489,2026-01-01 15:24:36+00:00,0,IOMT-004,S-IOMT-004-507,IMAGING,EP-IND-06489
NET-06490,2026-01-01 15:24:52+00:00,0,IOMT-034,S-IOMT-034-508,RESEARCH,EP-IND-06490
NET-06491,2026-01-01 15:25:01+00:00,0,IOMT-002,S-IOMT-002-509,EHR_READ,EP-IND-06491
NET-06492,2026-01-01 15:25:03+00:00,0,IOMT-013,S-IOMT-013-510,LAB_RESULTS,EP-IND-06492
NET-06493,2026-01-01 15:25:33+00:00,0,IOMT-036,S-IOMT-036-511,EHR_WRITE,EP-IND-06493
NET-06494,2026-01-01 15:25:58+00:00,0,IOMT-042,S-IOMT-042-512,LAB_RESULTS,EP-IND-06494
NET-06495,2026-01-01 15:26:12+00:00,0,IOMT-036,S-IOMT-036-513,RESEARCH,EP-IND-06495
NET-06496,2026-01-01 15:26:25+00:00,0,IOMT-005,S-IOMT-005-514,EHR_READ,EP-IND-06496
NET-06497,2026-01-01 15:26:26+00:00,0,IOMT-023,S-IOMT-023-515,LAB_RESULTS,EP-IND-06497
NET-06498,2026-01-01 15:26:38+00:00,0,IOMT-047,S-IOMT-047-516,EHR_WRITE,EP-IND-06498
NET-06499,2026-01-01 15:26:39+00:00,0,IOMT-004,S-IOMT-004-517,RESEARCH,EP-IND-06499
NET-06500,2026-01-01 15:26:48+00:00,0,IOMT-012,S-IOMT-012-518,RESEARCH,EP-IND-06500
NET-06501,2026-01-01 15:26:48+00:00,0,IOMT-001,S-IOMT-001-519,RESEARCH,EP-IND-06501
NET-06502,2026-01-01 15:26:56+00:00,0,IOMT-019,S-IOMT-019-520,EHR_READ,EP-IND-06502
NET-06503,2026-01-01 15:27:06+00:00,0,IOMT-004,S-IOMT-004-521,LAB_RESULTS,EP-IND-06503
NET-06504,2026-01-01 15:27:09+00:00,0,IOMT-021,S-IOMT-021-522,IMAGING,EP-IND-06504
NET-06505,2026-01-01 15:27:23+00:00,0,IOMT-040,S-IOMT-040-523,RESEARCH,EP-IND-06505
NET-06506,2026-01-01 15:27:30+00:00,0,IOMT-035,S-IOMT-035-524,EHR_WRITE,EP-IND-06506
NET-06507,2026-01-01 15:27:45+00:00,0,IOMT-001,S-IOMT-001-525,EHR_READ,EP-IND-06507
NET-06508,2026-01-01 15:27:49+00:00,0,IOMT-002,S-IOMT-002-526,RESEARCH,EP-IND-06508
NET-06509,2026-01-01 15:28:08+00:00,0,IOMT-027,S-IOMT-027-527,LAB_RESULTS,EP-IND-06509
NET-06510,2026-01-01 15:28:13+00:00,0,IOMT-042,S-IOMT-042-528,LAB_RESULTS,EP-IND-06510
NET-06511,2026-01-01 15:28:15+00:00,0,IOMT-025,S-IOMT-025-529,IMAGING,EP-IND-06511
NET-06512,2026-01-01 15:28:26+00:00,0,IOMT-021,S-IOMT-021-530,RESEARCH,EP-IND-06512
NET-06513,2026-01-01 15:28:26+00:00,0,IOMT-031,S-IOMT-031-531,EHR_READ,EP-IND-06513
NET-06514,2026-01-01 15:28:39+00:00,0,IOMT-041,S-IOMT-041-532,IMAGING,EP-IND-06514
NET-06515,2026-01-01 15:28:40+00:00,0,IOMT-003,S-IOMT-003-533,IMAGING,EP-IND-06515
NET-06516,2026-01-01 15:28:41+00:00,0,IOMT-043,S-IOMT-043-534,EHR_READ,EP-IND-06516
NET-06517,2026-01-01 15:28:42+00:00,0,IOMT-004,S-IOMT-004-535,IMAGING,EP-IND-06517
NET-06518,2026-01-01 15:28:50+00:00,0,IOMT-014,S-IOMT-014-536,RESEARCH,EP-IND-06518
NET-06519,2026-01-01 15:29:09+00:00,0,IOMT-029,S-IOMT-029-537,RESEARCH,EP-IND-06519
NET-06520,2026-01-01 15:29:11+00:00,0,IOMT-014,S-IOMT-014-538,RESEARCH,EP-IND-06520
NET-06521,2026-01-01 15:29:18+00:00,0,IOMT-033,S-IOMT-033-539,RESEARCH,EP-IND-06521
NET-06522,2026-01-01 15:29:24+00:00,0,IOMT-041,S-IOMT-041-540,RESEARCH,EP-IND-06522
NET-06523,2026-01-01 15:29:30+00:00,0,IOMT-019,S-IOMT-019-541,IMAGING,EP-IND-06523
NET-06524,2026-01-01 15:29:53+00:00,1,IOMT-031,S-IOMT-031-542,EHR_READ,EP-IND-06524
NET-06525,2026-01-01 15:29:54+00:00,0,IOMT-016,S-IOMT-016-543,LAB_RESULTS,EP-IND-06525
NET-06526,2026-01-01 15:30:18+00:00,0,IOMT-043,S-IOMT-043-544,LAB_RESULTS,EP-IND-06526
NET-06527,2026-01-01 15:30:23+00:00,0,IOMT-048,S-IOMT-048-545,IMAGING,EP-IND-06527
NET-06528,2026-01-01 15:30:48+00:00,1,IOMT-012,S-IOMT-012-546,IMAGING,EP-IND-06528
NET-06529,2026-01-01 15:31:03+00:00,0,IOMT-030,S-IOMT-030-547,IMAGING,EP-IND-06529
NET-06530,2026-01-01 15:31:04+00:00,0,IOMT-047,S-IOMT-047-548,EHR_WRITE,EP-IND-06530
NET-06531,2026-01-01 15:31:11+00:00,0,IOMT-004,S-IOMT-004-549,IMAGING,EP-IND-06531
NET-06532,2026-01-01 15:31:38+00:00,1,IOMT-023,S-IOMT-023-550,EHR_READ,EP-IND-06532
NET-06533,2026-01-01 15:31:42+00:00,0,IOMT-048,S-IOMT-048-551,EHR_WRITE,EP-IND-06533
NET-06534,2026-01-01 15:31:47+00:00,0,IOMT-005,S-IOMT-005-552,EHR_READ,EP-IND-06534
NET-06535,2026-01-01 15:31:48+00:00,0,IOMT-040,S-IOMT-040-553,EHR_WRITE,EP-IND-06535
NET-06536,2026-01-01 15:31:57+00:00,0,IOMT-008,S-IOMT-008-554,EHR_READ,EP-IND-06536
NET-06537,2026-01-01 15:31:58+00:00,0,IOMT-023,S-IOMT-023-555,LAB_RESULTS,EP-IND-06537
NET-06538,2026-01-01 15:32:04+00:00,0,IOMT-018,S-IOMT-018-556,EHR_READ,EP-IND-06538
NET-06539,2026-01-01 15:32:17+00:00,0,IOMT-014,S-IOMT-014-557,EHR_READ,EP-IND-06539
NET-06540,2026-01-01 15:32:17+00:00,1,IOMT-029,S-IOMT-029-558,IMAGING,EP-IND-06540
NET-06541,2026-01-01 15:32:33+00:00,0,IOMT-033,S-IOMT-033-559,RESEARCH,EP-IND-06541
NET-06542,2026-01-01 15:32:45+00:00,0,IOMT-033,S-IOMT-033-560,EHR_READ,EP-IND-06542
NET-06543,2026-01-01 15:32:51+00:00,0,IOMT-003,S-IOMT-003-561,LAB_RESULTS,EP-IND-06543
NET-06544,2026-01-01 15:33:03+00:00,0,IOMT-033,S-IOMT-033-562,LAB_RESULTS,EP-IND-06544
NET-06545,2026-01-01 15:33:04+00:00,0,IOMT-034,S-IOMT-034-563,RESEARCH,EP-IND-06545
NET-06546,2026-01-01 15:33:21+00:00,0,IOMT-020,S-IOMT-020-564,IMAGING,EP-IND-06546
NET-06547,2026-01-01 15:33:41+00:00,0,IOMT-005,S-IOMT-005-565,LAB_RESULTS,EP-IND-06547
NET-06548,2026-01-01 15:33:42+00:00,0,IOMT-044,S-IOMT-044-566,LAB_RESULTS,EP-IND-06548
NET-06549,2026-01-01 15:33:58+00:00,0,IOMT-012,S-IOMT-012-567,RESEARCH,EP-IND-06549
NET-06550,2026-01-01 15:34:06+00:00,0,IOMT-027,S-IOMT-027-568,EHR_WRITE,EP-IND-06550
NET-06551,2026-01-01 15:34:08+00:00,0,IOMT-012,S-IOMT-012-569,LAB_RESULTS,EP-IND-06551
NET-06552,2026-01-01 15:34:09+00:00,0,IOMT-037,S-IOMT-037-570,IMAGING,EP-IND-06552
NET-06553,2026-01-01 15:34:10+00:00,0,IOMT-004,S-IOMT-004-571,LAB_RESULTS,EP-IND-06553
NET-06554,2026-01-01 15:34:11+00:00,0,IOMT-014,S-IOMT-014-572,EHR_READ,EP-IND-06554
NET-06555,2026-01-01 15:34:12+00:00,0,IOMT-020,S-IOMT-020-573,EHR_READ,EP-IND-06555
NET-06556,2026-01-01 15:34:29+00:00,0,IOMT-046,S-IOMT-046-574,IMAGING,EP-IND-06556
NET-06557,2026-01-01 15:34:31+00:00,0,IOMT-041,S-IOMT-041-575,IMAGING,EP-IND-06557
NET-06558,2026-01-01 15:34:33+00:00,0,IOMT-043,S-IOMT-043-576,RESEARCH,EP-IND-06558
NET-06559,2026-01-01 15:34:59+00:00,0,IOMT-016,S-IOMT-016-577,RESEARCH,EP-IND-06559
NET-06560,2026-01-01 15:35:20+00:00,0,IOMT-043,S-IOMT-043-578,IMAGING,EP-IND-06560
NET-06561,2026-01-01 15:35:23+00:00,0,IOMT-017,S-IOMT-017-579,IMAGING,EP-IND-06561
NET-06562,2026-01-01 15:35:40+00:00,0,IOMT-002,S-IOMT-002-580,RESEARCH,EP-IND-06562
NET-06563,2026-01-01 15:35:42+00:00,0,IOMT-001,S-IOMT-001-581,IMAGING,EP-IND-06563
NET-06564,2026-01-01 15:35:45+00:00,0,IOMT-038,S-IOMT-038-582,EHR_WRITE,EP-IND-06564
NET-06565,2026-01-01 15:35:46+00:00,0,IOMT-013,S-IOMT-013-583,EHR_READ,EP-IND-06565
NET-06566,2026-01-01 15:35:50+00:00,0,IOMT-042,S-IOMT-042-584,RESEARCH,EP-IND-06566
NET-06567,2026-01-01 15:35:59+00:00,0,IOMT-005,S-IOMT-005-585,EHR_READ,EP-IND-06567
NET-06568,2026-01-01 15:36:02+00:00,0,IOMT-029,S-IOMT-029-586,EHR_READ,EP-IND-06568
NET-06569,2026-01-01 15:36:03+00:00,0,IOMT-026,S-IOMT-026-587,LAB_RESULTS,EP-IND-06569
NET-06570,2026-01-01 15:36:05+00:00,0,IOMT-005,S-IOMT-005-588,EHR_WRITE,EP-IND-06570
NET-06571,2026-01-01 15:36:23+00:00,0,IOMT-032,S-IOMT-032-589,IMAGING,EP-IND-06571
NET-06572,2026-01-01 15:36:24+00:00,0,IOMT-010,S-IOMT-010-590,IMAGING,EP-IND-06572
NET-06573,2026-01-01 15:36:30+00:00,0,IOMT-024,S-IOMT-024-591,EHR_WRITE,EP-IND-06573
NET-06574,2026-01-01 15:36:33+00:00,0,IOMT-005,S-IOMT-005-592,LAB_RESULTS,EP-IND-06574
NET-06575,2026-01-01 15:36:34+00:00,0,IOMT-030,S-IOMT-030-593,EHR_WRITE,EP-IND-06575
NET-06576,2026-01-01 15:36:37+00:00,0,IOMT-010,S-IOMT-010-594,LAB_RESULTS,EP-IND-06576
NET-06577,2026-01-01 15:36:59+00:00,0,IOMT-033,S-IOMT-033-595,IMAGING,EP-IND-06577
NET-06578,2026-01-01 15:37:12+00:00,1,IOMT-015,S-IOMT-015-596,LAB_RESULTS,EP-IND-06578
NET-06579,2026-01-01 15:37:29+00:00,0,IOMT-027,S-IOMT-027-597,EHR_WRITE,EP-IND-06579
NET-06580,2026-01-01 15:37:38+00:00,0,IOMT-007,S-IOMT-007-598,IMAGING,EP-IND-06580
NET-06581,2026-01-01 15:37:38+00:00,0,IOMT-029,S-IOMT-029-599,EHR_WRITE,EP-IND-06581
NET-06582,2026-01-01 15:37:50+00:00,0,IOMT-001,S-IOMT-001-600,LAB_RESULTS,EP-IND-06582
NET-06583,2026-01-01 15:38:00+00:00,0,IOMT-002,S-IOMT-002-601,EHR_READ,EP-IND-06583
NET-06584,2026-01-01 15:38:08+00:00,0,IOMT-024,S-IOMT-024-602,LAB_RESULTS,EP-IND-06584
NET-06585,2026-01-01 15:38:27+00:00,0,IOMT-018,S-IOMT-018-603,EHR_WRITE,EP-IND-06585
NET-06586,2026-01-01 15:38:38+00:00,0,IOMT-037,S-IOMT-037-604,LAB_RESULTS,EP-IND-06586
NET-06587,2026-01-01 15:38:48+00:00,0,IOMT-035,S-IOMT-035-605,IMAGING,EP-IND-06587
NET-06588,2026-01-01 15:38:49+00:00,0,IOMT-004,S-IOMT-004-606,EHR_WRITE,EP-IND-06588
NET-06589,2026-01-01 15:38:50+00:00,0,IOMT-041,S-IOMT-041-607,EHR_WRITE,EP-IND-06589
NET-06590,2026-01-01 15:38:54+00:00,0,IOMT-044,S-IOMT-044-608,IMAGING,EP-IND-06590
NET-06591,2026-01-01 15:39:01+00:00,0,IOMT-015,S-IOMT-015-609,EHR_READ,EP-IND-06591
NET-06592,2026-01-01 15:39:23+00:00,0,IOMT-047,S-IOMT-047-610,EHR_READ,EP-IND-06592
NET-06593,2026-01-01 15:39:35+00:00,0,IOMT-047,S-IOMT-047-611,EHR_READ,EP-IND-06593
NET-06594,2026-01-01 15:39:46+00:00,0,IOMT-028,S-IOMT-028-612,RESEARCH,EP-IND-06594
NET-06595,2026-01-01 15:39:47+00:00,0,IOMT-000,S-IOMT-000-613,RESEARCH,EP-IND-06595
NET-06596,2026-01-01 15:40:05+00:00,1,IOMT-012,S-IOMT-012-614,LAB_RESULTS,EP-IND-06596
NET-06597,2026-01-01 15:40:09+00:00,0,IOMT-042,S-IOMT-042-615,LAB_RESULTS,EP-IND-06597
NET-06598,2026-01-01 15:40:12+00:00,0,IOMT-034,S-IOMT-034-616,RESEARCH,EP-IND-06598
NET-06599,2026-01-01 15:40:15+00:00,0,IOMT-023,S-IOMT-023-617,LAB_RESULTS,EP-IND-06599
NET-06600,2026-01-01 15:40:15+00:00,0,IOMT-034,S-IOMT-034-618,EHR_WRITE,EP-IND-06600
NET-06601,2026-01-01 15:40:49+00:00,0,IOMT-040,S-IOMT-040-619,EHR_READ,EP-IND-06601
NET-06602,2026-01-01 15:40:53+00:00,0,IOMT-028,S-IOMT-028-620,LAB_RESULTS,EP-IND-06602
NET-06603,2026-01-01 15:40:58+00:00,0,IOMT-040,S-IOMT-040-621,IMAGING,EP-IND-06603
NET-06604,2026-01-01 15:41:08+00:00,0,IOMT-001,S-IOMT-001-622,RESEARCH,EP-IND-06604
NET-06605,2026-01-01 15:41:29+00:00,0,IOMT-009,S-IOMT-009-623,EHR_READ,EP-IND-06605
NET-06606,2026-01-01 15:41:31+00:00,0,IOMT-004,S-IOMT-004-624,IMAGING,EP-IND-06606
NET-06607,2026-01-01 15:41:55+00:00,0,IOMT-034,S-IOMT-034-625,EHR_READ,EP-IND-06607
NET-06608,2026-01-01 15:42:01+00:00,0,IOMT-012,S-IOMT-012-626,RESEARCH,EP-IND-06608
NET-06609,2026-01-01 15:42:17+00:00,0,IOMT-023,S-IOMT-023-627,EHR_WRITE,EP-IND-06609
NET-06610,2026-01-01 15:42:25+00:00,0,IOMT-031,S-IOMT-031-628,RESEARCH,EP-IND-06610
NET-06611,2026-01-01 15:42:32+00:00,0,IOMT-046,S-IOMT-046-629,EHR_WRITE,EP-IND-06611
NET-06612,2026-01-01 15:42:42+00:00,0,IOMT-013,S-IOMT-013-630,LAB_RESULTS,EP-IND-06612
NET-06613,2026-01-01 15:42:55+00:00,0,IOMT-028,S-IOMT-028-631,EHR_WRITE,EP-IND-06613
NET-06614,2026-01-01 15:43:39+00:00,0,IOMT-015,S-IOMT-015-632,EHR_WRITE,EP-IND-06614
NET-06615,2026-01-01 15:43:55+00:00,0,IOMT-008,S-IOMT-008-633,RESEARCH,EP-IND-06615
NET-06616,2026-01-01 15:44:00+00:00,0,IOMT-019,S-IOMT-019-634,LAB_RESULTS,EP-IND-06616
NET-06617,2026-01-01 15:44:05+00:00,0,IOMT-038,S-IOMT-038-635,LAB_RESULTS,EP-IND-06617
NET-06618,2026-01-01 15:44:05+00:00,0,IOMT-047,S-IOMT-047-636,EHR_WRITE,EP-IND-06618
NET-06619,2026-01-01 15:44:14+00:00,0,IOMT-025,S-IOMT-025-637,EHR_WRITE,EP-IND-06619
NET-06620,2026-01-01 15:44:17+00:00,0,IOMT-044,S-IOMT-044-638,LAB_RESULTS,EP-IND-06620
NET-06621,2026-01-01 15:44:44+00:00,0,IOMT-016,S-IOMT-016-639,IMAGING,EP-IND-06621
NET-06622,2026-01-01 15:44:48+00:00,0,IOMT-009,S-IOMT-009-640,EHR_WRITE,EP-IND-06622
NET-06623,2026-01-01 15:44:57+00:00,0,IOMT-025,S-IOMT-025-641,EHR_READ,EP-IND-06623
NET-06624,2026-01-01 15:45:05+00:00,0,IOMT-047,S-IOMT-047-642,LAB_RESULTS,EP-IND-06624
NET-06625,2026-01-01 15:45:09+00:00,0,IOMT-006,S-IOMT-006-643,EHR_WRITE,EP-IND-06625
NET-06626,2026-01-01 15:45:20+00:00,0,IOMT-047,S-IOMT-047-644,EHR_READ,EP-IND-06626
NET-06627,2026-01-01 15:45:31+00:00,0,IOMT-045,S-IOMT-045-645,LAB_RESULTS,EP-IND-06627
NET-06628,2026-01-01 15:45:38+00:00,0,IOMT-027,S-IOMT-027-646,EHR_READ,EP-IND-06628
NET-06629,2026-01-01 15:45:40+00:00,0,IOMT-006,S-IOMT-006-647,EHR_WRITE,EP-IND-06629
NET-06630,2026-01-01 15:45:46+00:00,0,IOMT-001,S-IOMT-001-648,LAB_RESULTS,EP-IND-06630
NET-06631,2026-01-01 15:45:59+00:00,0,IOMT-031,S-IOMT-031-649,RESEARCH,EP-IND-06631
NET-06632,2026-01-01 15:46:00+00:00,0,IOMT-011,S-IOMT-011-650,EHR_WRITE,EP-IND-06632
NET-06633,2026-01-01 15:46:42+00:00,0,IOMT-019,S-IOMT-019-651,LAB_RESULTS,EP-IND-06633
NET-06634,2026-01-01 15:46:54+00:00,0,IOMT-013,S-IOMT-013-652,LAB_RESULTS,EP-IND-06634
NET-06635,2026-01-01 15:46:57+00:00,0,IOMT-024,S-IOMT-024-653,RESEARCH,EP-IND-06635
NET-06636,2026-01-01 15:47:17+00:00,0,IOMT-014,S-IOMT-014-654,IMAGING,EP-IND-06636
NET-06637,2026-01-01 15:47:20+00:00,0,IOMT-025,S-IOMT-025-655,EHR_WRITE,EP-IND-06637
NET-06638,2026-01-01 15:47:29+00:00,0,IOMT-015,S-IOMT-015-656,IMAGING,EP-IND-06638
NET-06639,2026-01-01 15:47:57+00:00,0,IOMT-004,S-IOMT-004-657,EHR_READ,EP-IND-06639
NET-06640,2026-01-01 15:48:00+00:00,0,IOMT-044,S-IOMT-044-658,LAB_RESULTS,EP-IND-06640
NET-06641,2026-01-01 15:48:13+00:00,0,IOMT-027,S-IOMT-027-659,LAB_RESULTS,EP-IND-06641
NET-06642,2026-01-01 15:49:05+00:00,0,IOMT-021,S-IOMT-021-660,EHR_WRITE,EP-IND-06642
NET-06643,2026-01-01 15:49:16+00:00,0,IOMT-040,S-IOMT-040-661,EHR_WRITE,EP-IND-06643
NET-06644,2026-01-01 15:49:35+00:00,1,IOMT-011,S-IOMT-011-662,IMAGING,EP-IND-06644
NET-06645,2026-01-01 15:49:37+00:00,0,IOMT-028,S-IOMT-028-663,EHR_WRITE,EP-IND-06645
NET-06646,2026-01-01 15:50:03+00:00,0,IOMT-041,S-IOMT-041-664,IMAGING,EP-IND-06646
NET-06647,2026-01-01 15:50:12+00:00,0,IOMT-040,S-IOMT-040-665,IMAGING,EP-IND-06647
NET-06648,2026-01-01 15:50:12+00:00,0,IOMT-028,S-IOMT-028-666,IMAGING,EP-IND-06648
NET-06649,2026-01-01 15:50:17+00:00,0,IOMT-030,S-IOMT-030-667,RESEARCH,EP-IND-06649
NET-06650,2026-01-01 15:50:26+00:00,0,IOMT-012,S-IOMT-012-668,IMAGING,EP-IND-06650
NET-06651,2026-01-01 15:50:40+00:00,1,IOMT-010,S-IOMT-010-669,EHR_WRITE,EP-IND-06651
NET-06652,2026-01-01 15:51:02+00:00,0,IOMT-005,S-IOMT-005-670,RESEARCH,EP-IND-06652
NET-06653,2026-01-01 15:51:02+00:00,0,IOMT-037,S-IOMT-037-671,LAB_RESULTS,EP-IND-06653
NET-06654,2026-01-01 15:51:19+00:00,0,IOMT-033,S-IOMT-033-672,EHR_WRITE,EP-IND-06654
NET-06655,2026-01-01 15:51:38+00:00,0,IOMT-039,S-IOMT-039-673,EHR_WRITE,EP-IND-06655
NET-06656,2026-01-01 15:51:38+00:00,0,IOMT-029,S-IOMT-029-674,EHR_READ,EP-IND-06656
NET-06657,2026-01-01 15:51:45+00:00,1,IOMT-006,S-IOMT-006-675,EHR_WRITE,EP-IND-06657
NET-06658,2026-01-01 15:51:51+00:00,0,IOMT-020,S-IOMT-020-676,LAB_RESULTS,EP-IND-06658
NET-06659,2026-01-01 15:52:00+00:00,0,IOMT-007,S-IOMT-007-677,EHR_WRITE,EP-IND-06659
NET-06660,2026-01-01 15:52:10+00:00,0,IOMT-033,S-IOMT-033-678,LAB_RESULTS,EP-IND-06660
NET-06661,2026-01-01 15:52:17+00:00,1,IOMT-024,S-IOMT-024-679,EHR_WRITE,EP-IND-06661
NET-06662,2026-01-01 15:52:29+00:00,0,IOMT-049,S-IOMT-049-680,LAB_RESULTS,EP-IND-06662
NET-06663,2026-01-01 15:52:30+00:00,0,IOMT-006,S-IOMT-006-681,EHR_READ,EP-IND-06663
NET-06664,2026-01-01 15:52:39+00:00,0,IOMT-002,S-IOMT-002-682,EHR_WRITE,EP-IND-06664
NET-06665,2026-01-01 15:52:51+00:00,0,IOMT-040,S-IOMT-040-683,EHR_WRITE,EP-IND-06665
NET-06666,2026-01-01 15:52:59+00:00,0,IOMT-049,S-IOMT-049-684,IMAGING,EP-IND-06666
NET-06667,2026-01-01 15:53:09+00:00,0,IOMT-035,S-IOMT-035-685,EHR_WRITE,EP-IND-06667
NET-06668,2026-01-01 15:53:14+00:00,0,IOMT-001,S-IOMT-001-686,LAB_RESULTS,EP-IND-06668
NET-06669,2026-01-01 15:53:14+00:00,0,IOMT-012,S-IOMT-012-687,LAB_RESULTS,EP-IND-06669
NET-06670,2026-01-01 15:53:17+00:00,0,IOMT-037,S-IOMT-037-688,IMAGING,EP-IND-06670
NET-06671,2026-01-01 15:53:25+00:00,0,IOMT-010,S-IOMT-010-689,EHR_READ,EP-IND-06671
NET-06672,2026-01-01 15:53:40+00:00,0,IOMT-026,S-IOMT-026-690,EHR_WRITE,EP-IND-06672
NET-06673,2026-01-01 15:53:41+00:00,0,IOMT-022,S-IOMT-022-691,IMAGING,EP-IND-06673
NET-06674,2026-01-01 15:53:52+00:00,0,IOMT-039,S-IOMT-039-692,LAB_RESULTS,EP-IND-06674
NET-06675,2026-01-01 15:53:53+00:00,0,IOMT-040,S-IOMT-040-693,EHR_READ,EP-IND-06675
NET-06676,2026-01-01 15:53:53+00:00,0,IOMT-039,S-IOMT-039-694,LAB_RESULTS,EP-IND-06676
NET-06677,2026-01-01 15:54:06+00:00,1,IOMT-005,S-IOMT-005-695,LAB_RESULTS,EP-IND-06677
NET-06678,2026-01-01 15:54:21+00:00,0,IOMT-026,S-IOMT-026-696,RESEARCH,EP-IND-06678
NET-06679,2026-01-01 15:54:41+00:00,0,IOMT-026,S-IOMT-026-697,EHR_READ,EP-IND-06679
NET-06680,2026-01-01 15:54:59+00:00,0,IOMT-044,S-IOMT-044-698,LAB_RESULTS,EP-IND-06680
NET-06681,2026-01-01 15:55:02+00:00,0,IOMT-032,S-IOMT-032-699,RESEARCH,EP-IND-06681
NET-06682,2026-01-01 15:55:14+00:00,0,IOMT-013,S-IOMT-013-700,LAB_RESULTS,EP-IND-06682
NET-06683,2026-01-01 15:55:18+00:00,0,IOMT-026,S-IOMT-026-701,LAB_RESULTS,EP-IND-06683
NET-06684,2026-01-01 15:55:19+00:00,0,IOMT-034,S-IOMT-034-702,EHR_WRITE,EP-IND-06684
NET-06685,2026-01-01 15:55:20+00:00,0,IOMT-004,S-IOMT-004-703,LAB_RESULTS,EP-IND-06685
NET-06686,2026-01-01 15:55:32+00:00,1,IOMT-049,S-IOMT-049-704,RESEARCH,EP-IND-06686
NET-06687,2026-01-01 15:55:33+00:00,0,IOMT-001,S-IOMT-001-705,IMAGING,EP-IND-06687
NET-06688,2026-01-01 15:56:02+00:00,0,IOMT-045,S-IOMT-045-706,LAB_RESULTS,EP-IND-06688
NET-06689,2026-01-01 15:56:09+00:00,0,IOMT-014,S-IOMT-014-707,IMAGING,EP-IND-06689
NET-06690,2026-01-01 15:56:31+00:00,0,IOMT-023,S-IOMT-023-708,EHR_WRITE,EP-IND-06690
NET-06691,2026-01-01 15:56:50+00:00,0,IOMT-028,S-IOMT-028-709,RESEARCH,EP-IND-06691
NET-06692,2026-01-01 15:56:53+00:00,0,IOMT-021,S-IOMT-021-710,EHR_WRITE,EP-IND-06692
NET-06693,2026-01-01 15:56:55+00:00,0,IOMT-002,S-IOMT-002-711,IMAGING,EP-IND-06693
NET-06694,2026-01-01 15:57:13+00:00,0,IOMT-026,S-IOMT-026-712,LAB_RESULTS,EP-IND-06694
NET-06695,2026-01-01 15:57:27+00:00,0,IOMT-026,S-IOMT-026-713,IMAGING,EP-IND-06695
NET-06696,2026-01-01 15:57:29+00:00,0,IOMT-014,S-IOMT-014-714,EHR_READ,EP-IND-06696
NET-06697,2026-01-01 15:57:41+00:00,0,IOMT-004,S-IOMT-004-715,RESEARCH,EP-IND-06697
NET-06698,2026-01-01 15:57:43+00:00,0,IOMT-038,S-IOMT-038-716,RESEARCH,EP-IND-06698
NET-06699,2026-01-01 15:57:43+00:00,0,IOMT-004,S-IOMT-004-717,LAB_RESULTS,EP-IND-06699
NET-06700,2026-01-01 15:57:50+00:00,0,IOMT-020,S-IOMT-020-718,RESEARCH,EP-IND-06700
NET-06701,2026-01-01 15:57:55+00:00,0,IOMT-046,S-IOMT-046-719,LAB_RESULTS,EP-IND-06701
NET-06702,2026-01-01 15:58:08+00:00,1,IOMT-017,S-IOMT-017-720,EHR_READ,EP-IND-06702
NET-06703,2026-01-01 15:58:23+00:00,0,IOMT-001,S-IOMT-001-721,RESEARCH,EP-IND-06703
NET-06704,2026-01-01 15:58:41+00:00,0,IOMT-011,S-IOMT-011-722,EHR_READ,EP-IND-06704
NET-06705,2026-01-01 15:58:42+00:00,0,IOMT-037,S-IOMT-037-723,IMAGING,EP-IND-06705
NET-06706,2026-01-01 15:58:49+00:00,0,IOMT-018,S-IOMT-018-724,EHR_WRITE,EP-IND-06706
NET-06707,2026-01-01 15:59:11+00:00,0,IOMT-014,S-IOMT-014-725,IMAGING,EP-IND-06707
NET-06708,2026-01-01 15:59:12+00:00,0,IOMT-012,S-IOMT-012-726,LAB_RESULTS,EP-IND-06708
NET-06709,2026-01-01 15:59:17+00:00,0,IOMT-033,S-IOMT-033-727,LAB_RESULTS,EP-IND-06709
NET-06710,2026-01-01 15:59:23+00:00,0,IOMT-016,S-IOMT-016-728,EHR_WRITE,EP-IND-06710
NET-06711,2026-01-01 15:59:24+00:00,0,IOMT-007,S-IOMT-007-729,RESEARCH,EP-IND-06711
NET-06712,2026-01-01 15:59:39+00:00,0,IOMT-047,S-IOMT-047-730,EHR_WRITE,EP-IND-06712
NET-06713,2026-01-01 15:59:44+00:00,0,IOMT-039,S-IOMT-039-731,IMAGING,EP-IND-06713
NET-06714,2026-01-01 15:59:58+00:00,0,IOMT-046,S-IOMT-046-732,RESEARCH,EP-IND-06714
NET-06715,2026-01-01 16:00:05+00:00,1,IOMT-035,S-IOMT-035-733,EHR_WRITE,EP-IND-06715
NET-06716,2026-01-01 16:00:17+00:00,0,IOMT-044,S-IOMT-044-734,EHR_WRITE,EP-IND-06716
NET-06717,2026-01-01 16:00:25+00:00,0,IOMT-019,S-IOMT-019-735,EHR_WRITE,EP-IND-06717
NET-06718,2026-01-01 16:00:34+00:00,0,IOMT-017,S-IOMT-017-736,EHR_WRITE,EP-IND-06718
NET-06719,2026-01-01 16:00:35+00:00,0,IOMT-030,S-IOMT-030-737,LAB_RESULTS,EP-IND-06719
NET-06720,2026-01-01 16:00:45+00:00,0,IOMT-011,S-IOMT-011-738,RESEARCH,EP-IND-06720
NET-06721,2026-01-01 16:00:53+00:00,1,IOMT-045,S-IOMT-045-739,LAB_RESULTS,EP-IND-06721
NET-06722,2026-01-01 16:00:53+00:00,0,IOMT-008,S-IOMT-008-740,EHR_READ,EP-IND-06722
NET-06723,2026-01-01 16:00:54+00:00,0,IOMT-037,S-IOMT-037-741,EHR_WRITE,EP-IND-06723
NET-06724,2026-01-01 16:00:55+00:00,0,IOMT-036,S-IOMT-036-742,EHR_READ,EP-IND-06724
NET-06725,2026-01-01 16:01:00+00:00,0,IOMT-036,S-IOMT-036-743,EHR_WRITE,EP-IND-06725
NET-06726,2026-01-01 16:01:08+00:00,0,IOMT-032,S-IOMT-032-744,EHR_WRITE,EP-IND-06726
NET-06727,2026-01-01 16:01:14+00:00,0,IOMT-013,S-IOMT-013-745,LAB_RESULTS,EP-IND-06727
NET-06728,2026-01-01 16:01:15+00:00,0,IOMT-031,S-IOMT-031-746,EHR_READ,EP-IND-06728
NET-06729,2026-01-01 16:01:25+00:00,0,IOMT-034,S-IOMT-034-747,EHR_WRITE,EP-IND-06729
NET-06730,2026-01-01 16:01:27+00:00,0,IOMT-018,S-IOMT-018-748,EHR_READ,EP-IND-06730
NET-06731,2026-01-01 16:01:30+00:00,0,IOMT-045,S-IOMT-045-749,LAB_RESULTS,EP-IND-06731
NET-06732,2026-01-01 16:02:00+00:00,0,IOMT-025,S-IOMT-025-750,LAB_RESULTS,EP-IND-06732
NET-06733,2026-01-01 16:02:14+00:00,0,IOMT-038,S-IOMT-038-751,LAB_RESULTS,EP-IND-06733
NET-06734,2026-01-01 16:02:15+00:00,0,IOMT-013,S-IOMT-013-752,IMAGING,EP-IND-06734
NET-06735,2026-01-01 16:02:28+00:00,0,IOMT-020,S-IOMT-020-753,EHR_READ,EP-IND-06735
NET-06736,2026-01-01 16:02:34+00:00,0,IOMT-000,S-IOMT-000-754,LAB_RESULTS,EP-IND-06736
NET-06737,2026-01-01 16:02:34+00:00,0,IOMT-039,S-IOMT-039-755,RESEARCH,EP-IND-06737
NET-06738,2026-01-01 16:02:48+00:00,0,IOMT-005,S-IOMT-005-756,RESEARCH,EP-IND-06738
NET-06739,2026-01-01 16:03:01+00:00,0,IOMT-024,S-IOMT-024-757,LAB_RESULTS,EP-IND-06739
NET-06740,2026-01-01 16:03:16+00:00,0,IOMT-037,S-IOMT-037-758,EHR_READ,EP-IND-06740
NET-06741,2026-01-01 16:03:22+00:00,0,IOMT-014,S-IOMT-014-759,LAB_RESULTS,EP-IND-06741
NET-06742,2026-01-01 16:03:37+00:00,0,IOMT-002,S-IOMT-002-760,RESEARCH,EP-IND-06742
NET-06743,2026-01-01 16:03:46+00:00,0,IOMT-019,S-IOMT-019-761,IMAGING,EP-IND-06743
NET-06744,2026-01-01 16:03:50+00:00,1,IOMT-025,S-IOMT-025-762,EHR_WRITE,EP-IND-06744
NET-06745,2026-01-01 16:03:51+00:00,0,IOMT-000,S-IOMT-000-763,LAB_RESULTS,EP-IND-06745
NET-06746,2026-01-01 16:03:54+00:00,0,IOMT-012,S-IOMT-012-764,EHR_READ,EP-IND-06746
NET-06747,2026-01-01 16:04:00+00:00,0,IOMT-018,S-IOMT-018-765,IMAGING,EP-IND-06747
NET-06748,2026-01-01 16:04:03+00:00,0,IOMT-048,S-IOMT-048-766,LAB_RESULTS,EP-IND-06748
NET-06749,2026-01-01 16:04:42+00:00,0,IOMT-007,S-IOMT-007-767,EHR_READ,EP-IND-06749
NET-06750,2026-01-01 16:04:43+00:00,0,IOMT-029,S-IOMT-029-768,IMAGING,EP-IND-06750
NET-06751,2026-01-01 16:05:07+00:00,0,IOMT-020,S-IOMT-020-769,RESEARCH,EP-IND-06751
NET-06752,2026-01-01 16:05:07+00:00,0,IOMT-020,S-IOMT-020-770,IMAGING,EP-IND-06752
NET-06753,2026-01-01 16:05:08+00:00,0,IOMT-019,S-IOMT-019-771,EHR_READ,EP-IND-06753
NET-06754,2026-01-01 16:05:12+00:00,1,IOMT-003,S-IOMT-003-772,LAB_RESULTS,EP-IND-06754
NET-06755,2026-01-01 16:05:13+00:00,0,IOMT-012,S-IOMT-012-773,LAB_RESULTS,EP-IND-06755
NET-06756,2026-01-01 16:05:16+00:00,0,IOMT-009,S-IOMT-009-774,EHR_READ,EP-IND-06756
NET-06757,2026-01-01 16:05:17+00:00,1,IOMT-044,S-IOMT-044-775,LAB_RESULTS,EP-IND-06757
NET-06758,2026-01-01 16:05:24+00:00,0,IOMT-022,S-IOMT-022-776,EHR_READ,EP-IND-06758
NET-06759,2026-01-01 16:05:30+00:00,0,IOMT-018,S-IOMT-018-777,EHR_WRITE,EP-IND-06759
NET-06760,2026-01-01 16:05:36+00:00,0,IOMT-044,S-IOMT-044-778,EHR_READ,EP-IND-06760
NET-06761,2026-01-01 16:05:44+00:00,0,IOMT-028,S-IOMT-028-779,IMAGING,EP-IND-06761
NET-06762,2026-01-01 16:05:58+00:00,0,IOMT-016,S-IOMT-016-780,LAB_RESULTS,EP-IND-06762
NET-06763,2026-01-01 16:06:20+00:00,0,IOMT-007,S-IOMT-007-781,RESEARCH,EP-IND-06763
NET-06764,2026-01-01 16:06:41+00:00,0,IOMT-004,S-IOMT-004-782,EHR_WRITE,EP-IND-06764
NET-06765,2026-01-01 16:06:53+00:00,0,IOMT-014,S-IOMT-014-783,LAB_RESULTS,EP-IND-06765
NET-06766,2026-01-01 16:07:03+00:00,0,IOMT-019,S-IOMT-019-784,LAB_RESULTS,EP-IND-06766
NET-06767,2026-01-01 16:07:10+00:00,0,IOMT-045,S-IOMT-045-785,IMAGING,EP-IND-06767
NET-06768,2026-01-01 16:07:26+00:00,0,IOMT-004,S-IOMT-004-786,RESEARCH,EP-IND-06768
NET-06769,2026-01-01 16:07:29+00:00,0,IOMT-029,S-IOMT-029-787,EHR_WRITE,EP-IND-06769
NET-06770,2026-01-01 16:07:35+00:00,0,IOMT-026,S-IOMT-026-788,EHR_WRITE,EP-IND-06770
NET-06771,2026-01-01 16:07:38+00:00,0,IOMT-020,S-IOMT-020-789,EHR_WRITE,EP-IND-06771
NET-06772,2026-01-01 16:07:39+00:00,0,IOMT-029,S-IOMT-029-790,IMAGING,EP-IND-06772
NET-06773,2026-01-01 16:07:53+00:00,0,IOMT-018,S-IOMT-018-791,IMAGING,EP-IND-06773
NET-06774,2026-01-01 16:07:55+00:00,0,IOMT-023,S-IOMT-023-792,RESEARCH,EP-IND-06774
NET-06775,2026-01-01 16:08:04+00:00,0,IOMT-007,S-IOMT-007-793,EHR_WRITE,EP-IND-06775
NET-06776,2026-01-01 16:08:05+00:00,0,IOMT-026,S-IOMT-026-794,EHR_WRITE,EP-IND-06776
NET-06777,2026-01-01 16:08:06+00:00,0,IOMT-012,S-IOMT-012-795,IMAGING,EP-IND-06777
NET-06778,2026-01-01 16:08:15+00:00,0,IOMT-011,S-IOMT-011-796,EHR_READ,EP-IND-06778
NET-06779,2026-01-01 16:08:16+00:00,0,IOMT-039,S-IOMT-039-797,LAB_RESULTS,EP-IND-06779
NET-06780,2026-01-01 16:08:35+00:00,0,IOMT-047,S-IOMT-047-798,RESEARCH,EP-IND-06780
NET-06781,2026-01-01 16:08:47+00:00,0,IOMT-029,S-IOMT-029-799,EHR_READ,EP-IND-06781
NET-06782,2026-01-01 16:09:04+00:00,1,IOMT-042,S-IOMT-042-800,LAB_RESULTS,EP-IND-06782
NET-06783,2026-01-01 16:09:07+00:00,0,IOMT-003,S-IOMT-003-801,IMAGING,EP-IND-06783
NET-06784,2026-01-01 16:09:15+00:00,0,IOMT-045,S-IOMT-045-802,RESEARCH,EP-IND-06784
NET-06785,2026-01-01 16:09:15+00:00,0,IOMT-013,S-IOMT-013-803,IMAGING,EP-IND-06785
NET-06786,2026-01-01 16:09:28+00:00,0,IOMT-021,S-IOMT-021-804,EHR_READ,EP-IND-06786
NET-06787,2026-01-01 16:09:30+00:00,0,IOMT-031,S-IOMT-031-805,LAB_RESULTS,EP-IND-06787
NET-06788,2026-01-01 16:09:30+00:00,0,IOMT-027,S-IOMT-027-806,IMAGING,EP-IND-06788
NET-06789,2026-01-01 16:09:55+00:00,0,IOMT-038,S-IOMT-038-807,IMAGING,EP-IND-06789
NET-06790,2026-01-01 16:10:22+00:00,0,IOMT-036,S-IOMT-036-808,LAB_RESULTS,EP-IND-06790
NET-06791,2026-01-01 16:10:22+00:00,0,IOMT-031,S-IOMT-031-809,LAB_RESULTS,EP-IND-06791
NET-06792,2026-01-01 16:10:39+00:00,1,IOMT-033,S-IOMT-033-810,LAB_RESULTS,EP-IND-06792
NET-06793,2026-01-01 16:10:41+00:00,0,IOMT-030,S-IOMT-030-811,RESEARCH,EP-IND-06793
NET-06794,2026-01-01 16:10:52+00:00,0,IOMT-024,S-IOMT-024-812,IMAGING,EP-IND-06794
NET-06795,2026-01-01 16:11:04+00:00,0,IOMT-037,S-IOMT-037-813,IMAGING,EP-IND-06795
NET-06796,2026-01-01 16:11:11+00:00,0,IOMT-006,S-IOMT-006-814,EHR_WRITE,EP-IND-06796
NET-06797,2026-01-01 16:11:22+00:00,0,IOMT-023,S-IOMT-023-815,RESEARCH,EP-IND-06797
NET-06798,2026-01-01 16:11:58+00:00,0,IOMT-030,S-IOMT-030-816,EHR_WRITE,EP-IND-06798
NET-06799,2026-01-01 16:12:14+00:00,0,IOMT-028,S-IOMT-028-817,LAB_RESULTS,EP-IND-06799
NET-06800,2026-01-01 16:12:30+00:00,0,IOMT-043,S-IOMT-043-818,LAB_RESULTS,EP-IND-06800
NET-06801,2026-01-01 16:12:57+00:00,0,IOMT-023,S-IOMT-023-819,IMAGING,EP-IND-06801
NET-06802,2026-01-01 16:12:58+00:00,0,IOMT-019,S-IOMT-019-820,EHR_READ,EP-IND-06802
NET-06803,2026-01-01 16:13:00+00:00,0,IOMT-020,S-IOMT-020-821,RESEARCH,EP-IND-06803
NET-06804,2026-01-01 16:13:01+00:00,0,IOMT-009,S-IOMT-009-822,EHR_WRITE,EP-IND-06804
NET-06805,2026-01-01 16:13:10+00:00,0,IOMT-019,S-IOMT-019-823,IMAGING,EP-IND-06805
NET-06806,2026-01-01 16:13:15+00:00,0,IOMT-034,S-IOMT-034-824,IMAGING,EP-IND-06806
NET-06807,2026-01-01 16:13:16+00:00,0,IOMT-015,S-IOMT-015-825,EHR_WRITE,EP-IND-06807
NET-06808,2026-01-01 16:13:21+00:00,0,IOMT-008,S-IOMT-008-826,EHR_WRITE,EP-IND-06808
NET-06809,2026-01-01 16:13:30+00:00,0,IOMT-007,S-IOMT-007-827,IMAGING,EP-IND-06809
NET-06810,2026-01-01 16:13:40+00:00,0,IOMT-048,S-IOMT-048-828,RESEARCH,EP-IND-06810
NET-06811,2026-01-01 16:14:00+00:00,0,IOMT-003,S-IOMT-003-829,EHR_WRITE,EP-IND-06811
NET-06812,2026-01-01 16:14:10+00:00,0,IOMT-025,S-IOMT-025-830,EHR_WRITE,EP-IND-06812
NET-06813,2026-01-01 16:14:23+00:00,0,IOMT-023,S-IOMT-023-831,EHR_READ,EP-IND-06813
NET-06814,2026-01-01 16:14:23+00:00,0,IOMT-009,S-IOMT-009-832,LAB_RESULTS,EP-IND-06814
NET-06815,2026-01-01 16:14:27+00:00,0,IOMT-017,S-IOMT-017-833,LAB_RESULTS,EP-IND-06815
NET-06816,2026-01-01 16:14:48+00:00,1,IOMT-027,S-IOMT-027-834,LAB_RESULTS,EP-IND-06816
NET-06817,2026-01-01 16:14:48+00:00,0,IOMT-016,S-IOMT-016-835,RESEARCH,EP-IND-06817
NET-06818,2026-01-01 16:15:04+00:00,0,IOMT-011,S-IOMT-011-836,IMAGING,EP-IND-06818
NET-06819,2026-01-01 16:15:25+00:00,0,IOMT-010,S-IOMT-010-837,EHR_READ,EP-IND-06819
NET-06820,2026-01-01 16:15:32+00:00,0,IOMT-007,S-IOMT-007-838,RESEARCH,EP-IND-06820
NET-06821,2026-01-01 16:15:41+00:00,0,IOMT-044,S-IOMT-044-839,EHR_READ,EP-IND-06821
NET-06822,2026-01-01 16:15:57+00:00,0,IOMT-039,S-IOMT-039-840,LAB_RESULTS,EP-IND-06822
NET-06823,2026-01-01 16:15:59+00:00,0,IOMT-044,S-IOMT-044-841,LAB_RESULTS,EP-IND-06823
NET-06824,2026-01-01 16:15:59+00:00,0,IOMT-044,S-IOMT-044-842,IMAGING,EP-IND-06824
NET-06825,2026-01-01 16:16:05+00:00,0,IOMT-015,S-IOMT-015-843,EHR_READ,EP-IND-06825
NET-06826,2026-01-01 16:16:37+00:00,0,IOMT-021,S-IOMT-021-844,EHR_WRITE,EP-IND-06826
NET-06827,2026-01-01 16:16:51+00:00,0,IOMT-039,S-IOMT-039-845,LAB_RESULTS,EP-IND-06827
NET-06828,2026-01-01 16:16:55+00:00,0,IOMT-043,S-IOMT-043-846,LAB_RESULTS,EP-IND-06828
NET-06829,2026-01-01 16:16:58+00:00,0,IOMT-047,S-IOMT-047-847,EHR_WRITE,EP-IND-06829
NET-06830,2026-01-01 16:17:19+00:00,0,IOMT-017,S-IOMT-017-848,LAB_RESULTS,EP-IND-06830
NET-06831,2026-01-01 16:17:21+00:00,0,IOMT-010,S-IOMT-010-849,EHR_READ,EP-IND-06831
NET-06832,2026-01-01 16:17:27+00:00,1,IOMT-038,S-IOMT-038-850,IMAGING,EP-IND-06832
NET-06833,2026-01-01 16:17:30+00:00,0,IOMT-017,S-IOMT-017-851,IMAGING,EP-IND-06833
NET-06834,2026-01-01 16:17:40+00:00,0,IOMT-016,S-IOMT-016-852,EHR_READ,EP-IND-06834
NET-06835,2026-01-01 16:17:42+00:00,0,IOMT-013,S-IOMT-013-853,RESEARCH,EP-IND-06835
NET-06836,2026-01-01 16:17:49+00:00,0,IOMT-048,S-IOMT-048-854,EHR_READ,EP-IND-06836
NET-06837,2026-01-01 16:18:10+00:00,0,IOMT-000,S-IOMT-000-855,IMAGING,EP-IND-06837
NET-06838,2026-01-01 16:18:37+00:00,0,IOMT-001,S-IOMT-001-856,EHR_READ,EP-IND-06838
NET-06839,2026-01-01 16:18:37+00:00,0,IOMT-029,S-IOMT-029-857,LAB_RESULTS,EP-IND-06839
NET-06840,2026-01-01 16:18:47+00:00,0,IOMT-036,S-IOMT-036-858,EHR_WRITE,EP-IND-06840
NET-06841,2026-01-01 16:18:52+00:00,0,IOMT-033,S-IOMT-033-859,EHR_WRITE,EP-IND-06841
NET-06842,2026-01-01 16:18:57+00:00,0,IOMT-046,S-IOMT-046-860,EHR_WRITE,EP-IND-06842
NET-06843,2026-01-01 16:19:11+00:00,0,IOMT-017,S-IOMT-017-861,EHR_READ,EP-IND-06843
NET-06844,2026-01-01 16:19:48+00:00,0,IOMT-021,S-IOMT-021-862,EHR_READ,EP-IND-06844
NET-06845,2026-01-01 16:19:51+00:00,0,IOMT-023,S-IOMT-023-863,LAB_RESULTS,EP-IND-06845
NET-06846,2026-01-01 16:20:00+00:00,0,IOMT-046,S-IOMT-046-864,EHR_READ,EP-IND-06846
NET-06847,2026-01-01 16:20:04+00:00,0,IOMT-035,S-IOMT-035-865,RESEARCH,EP-IND-06847
NET-06848,2026-01-01 16:20:07+00:00,0,IOMT-048,S-IOMT-048-866,IMAGING,EP-IND-06848
NET-06849,2026-01-01 16:20:17+00:00,0,IOMT-048,S-IOMT-048-867,EHR_READ,EP-IND-06849
NET-06850,2026-01-01 16:20:20+00:00,0,IOMT-031,S-IOMT-031-868,LAB_RESULTS,EP-IND-06850
NET-06851,2026-01-01 16:20:29+00:00,0,IOMT-043,S-IOMT-043-869,RESEARCH,EP-IND-06851
NET-06852,2026-01-01 16:20:33+00:00,0,IOMT-048,S-IOMT-048-870,EHR_WRITE,EP-IND-06852
NET-06853,2026-01-01 16:20:38+00:00,0,IOMT-044,S-IOMT-044-871,LAB_RESULTS,EP-IND-06853
NET-06854,2026-01-01 16:21:17+00:00,0,IOMT-036,S-IOMT-036-872,LAB_RESULTS,EP-IND-06854
NET-06855,2026-01-01 16:21:21+00:00,0,IOMT-016,S-IOMT-016-873,EHR_WRITE,EP-IND-06855
NET-06856,2026-01-01 16:21:29+00:00,0,IOMT-044,S-IOMT-044-874,IMAGING,EP-IND-06856
NET-06857,2026-01-01 16:21:48+00:00,0,IOMT-017,S-IOMT-017-875,EHR_READ,EP-IND-06857
NET-06858,2026-01-01 16:21:53+00:00,0,IOMT-038,S-IOMT-038-876,RESEARCH,EP-IND-06858
NET-06859,2026-01-01 16:22:30+00:00,0,IOMT-002,S-IOMT-002-877,IMAGING,EP-IND-06859
NET-06860,2026-01-01 16:22:45+00:00,0,IOMT-002,S-IOMT-002-878,EHR_READ,EP-IND-06860
NET-06861,2026-01-01 16:22:59+00:00,0,IOMT-023,S-IOMT-023-879,RESEARCH,EP-IND-06861
NET-06862,2026-01-01 16:23:04+00:00,0,IOMT-011,S-IOMT-011-880,IMAGING,EP-IND-06862
NET-06863,2026-01-01 16:23:13+00:00,0,IOMT-024,S-IOMT-024-881,RESEARCH,EP-IND-06863
NET-06864,2026-01-01 16:23:16+00:00,0,IOMT-022,S-IOMT-022-882,EHR_READ,EP-IND-06864
NET-06865,2026-01-01 16:23:46+00:00,0,IOMT-002,S-IOMT-002-883,LAB_RESULTS,EP-IND-06865
NET-06866,2026-01-01 16:24:32+00:00,0,IOMT-014,S-IOMT-014-884,EHR_WRITE,EP-IND-06866
NET-06867,2026-01-01 16:24:44+00:00,0,IOMT-008,S-IOMT-008-885,EHR_WRITE,EP-IND-06867
NET-06868,2026-01-01 16:24:47+00:00,0,IOMT-031,S-IOMT-031-886,EHR_READ,EP-IND-06868
NET-06869,2026-01-01 16:24:51+00:00,0,IOMT-046,S-IOMT-046-887,LAB_RESULTS,EP-IND-06869
NET-06870,2026-01-01 16:24:53+00:00,0,IOMT-038,S-IOMT-038-888,RESEARCH,EP-IND-06870
NET-06871,2026-01-01 16:24:58+00:00,0,IOMT-048,S-IOMT-048-889,EHR_WRITE,EP-IND-06871
NET-06872,2026-01-01 16:25:00+00:00,0,IOMT-038,S-IOMT-038-890,IMAGING,EP-IND-06872
NET-06873,2026-01-01 16:25:05+00:00,0,IOMT-009,S-IOMT-009-891,RESEARCH,EP-IND-06873
NET-06874,2026-01-01 16:25:08+00:00,0,IOMT-020,S-IOMT-020-892,EHR_READ,EP-IND-06874
NET-06875,2026-01-01 16:25:08+00:00,0,IOMT-028,S-IOMT-028-893,LAB_RESULTS,EP-IND-06875
NET-06876,2026-01-01 16:25:18+00:00,0,IOMT-014,S-IOMT-014-894,EHR_WRITE,EP-IND-06876
NET-06877,2026-01-01 16:25:21+00:00,0,IOMT-019,S-IOMT-019-895,RESEARCH,EP-IND-06877
NET-06878,2026-01-01 16:25:24+00:00,0,IOMT-011,S-IOMT-011-896,LAB_RESULTS,EP-IND-06878
NET-06879,2026-01-01 16:25:25+00:00,0,IOMT-018,S-IOMT-018-897,EHR_READ,EP-IND-06879
NET-06880,2026-01-01 16:25:28+00:00,0,IOMT-045,S-IOMT-045-898,EHR_WRITE,EP-IND-06880
NET-06881,2026-01-01 16:25:29+00:00,1,IOMT-029,S-IOMT-029-899,EHR_WRITE,EP-IND-06881
NET-06882,2026-01-01 16:25:30+00:00,0,IOMT-039,S-IOMT-039-900,RESEARCH,EP-IND-06882
NET-06883,2026-01-01 16:25:33+00:00,0,IOMT-021,S-IOMT-021-901,EHR_READ,EP-IND-06883
NET-06884,2026-01-01 16:25:58+00:00,0,IOMT-037,S-IOMT-037-902,EHR_WRITE,EP-IND-06884
NET-06885,2026-01-01 16:26:12+00:00,0,IOMT-006,S-IOMT-006-903,EHR_WRITE,EP-IND-06885
NET-06886,2026-01-01 16:26:41+00:00,0,IOMT-015,S-IOMT-015-904,IMAGING,EP-IND-06886
NET-06887,2026-01-01 16:26:54+00:00,0,IOMT-020,S-IOMT-020-905,EHR_READ,EP-IND-06887
NET-06888,2026-01-01 16:27:02+00:00,0,IOMT-041,S-IOMT-041-906,EHR_READ,EP-IND-06888
NET-06889,2026-01-01 16:27:10+00:00,0,IOMT-027,S-IOMT-027-907,LAB_RESULTS,EP-IND-06889
NET-06890,2026-01-01 16:27:14+00:00,0,IOMT-029,S-IOMT-029-908,LAB_RESULTS,EP-IND-06890
NET-06891,2026-01-01 16:27:19+00:00,0,IOMT-003,S-IOMT-003-909,EHR_WRITE,EP-IND-06891
NET-06892,2026-01-01 16:27:26+00:00,0,IOMT-007,S-IOMT-007-910,RESEARCH,EP-IND-06892
NET-06893,2026-01-01 16:27:26+00:00,0,IOMT-008,S-IOMT-008-911,EHR_READ,EP-IND-06893
NET-06894,2026-01-01 16:27:30+00:00,0,IOMT-019,S-IOMT-019-912,EHR_READ,EP-IND-06894
NET-06895,2026-01-01 16:27:43+00:00,0,IOMT-017,S-IOMT-017-913,LAB_RESULTS,EP-IND-06895
NET-06896,2026-01-01 16:27:57+00:00,0,IOMT-011,S-IOMT-011-914,RESEARCH,EP-IND-06896
NET-06897,2026-01-01 16:28:19+00:00,0,IOMT-020,S-IOMT-020-915,LAB_RESULTS,EP-IND-06897
NET-06898,2026-01-01 16:28:20+00:00,0,IOMT-020,S-IOMT-020-916,RESEARCH,EP-IND-06898
NET-06899,2026-01-01 16:28:21+00:00,0,IOMT-047,S-IOMT-047-917,RESEARCH,EP-IND-06899
NET-06900,2026-01-01 16:28:37+00:00,0,IOMT-014,S-IOMT-014-918,RESEARCH,EP-IND-06900
NET-06901,2026-01-01 16:28:39+00:00,0,IOMT-021,S-IOMT-021-919,RESEARCH,EP-IND-06901
NET-06902,2026-01-01 16:28:42+00:00,0,IOMT-018,S-IOMT-018-920,RESEARCH,EP-IND-06902
NET-06903,2026-01-01 16:28:46+00:00,0,IOMT-008,S-IOMT-008-921,IMAGING,EP-IND-06903
NET-06904,2026-01-01 16:28:47+00:00,0,IOMT-022,S-IOMT-022-922,IMAGING,EP-IND-06904
NET-06905,2026-01-01 16:28:55+00:00,1,IOMT-044,S-IOMT-044-923,LAB_RESULTS,EP-IND-06905
NET-06906,2026-01-01 16:28:58+00:00,0,IOMT-029,S-IOMT-029-924,IMAGING,EP-IND-06906
NET-06907,2026-01-01 16:29:04+00:00,0,IOMT-021,S-IOMT-021-925,EHR_READ,EP-IND-06907
NET-06908,2026-01-01 16:29:13+00:00,0,IOMT-010,S-IOMT-010-926,EHR_READ,EP-IND-06908
NET-06909,2026-01-01 16:29:17+00:00,0,IOMT-037,S-IOMT-037-927,RESEARCH,EP-IND-06909
NET-06910,2026-01-01 16:29:18+00:00,0,IOMT-016,S-IOMT-016-928,EHR_WRITE,EP-IND-06910
NET-06911,2026-01-01 16:29:48+00:00,0,IOMT-017,S-IOMT-017-929,EHR_WRITE,EP-IND-06911
NET-06912,2026-01-01 16:29:59+00:00,0,IOMT-014,S-IOMT-014-930,LAB_RESULTS,EP-IND-06912
NET-06913,2026-01-01 16:30:07+00:00,0,IOMT-016,S-IOMT-016-931,EHR_READ,EP-IND-06913
NET-06914,2026-01-01 16:30:13+00:00,0,IOMT-007,S-IOMT-007-932,IMAGING,EP-IND-06914
NET-06915,2026-01-01 16:30:18+00:00,0,IOMT-005,S-IOMT-005-933,LAB_RESULTS,EP-IND-06915
NET-06916,2026-01-01 16:30:20+00:00,0,IOMT-023,S-IOMT-023-934,LAB_RESULTS,EP-IND-06916
NET-06917,2026-01-01 16:30:21+00:00,0,IOMT-028,S-IOMT-028-935,LAB_RESULTS,EP-IND-06917
NET-06918,2026-01-01 16:30:23+00:00,0,IOMT-048,S-IOMT-048-936,IMAGING,EP-IND-06918
NET-06919,2026-01-01 16:30:36+00:00,0,IOMT-049,S-IOMT-049-937,EHR_READ,EP-IND-06919
NET-06920,2026-01-01 16:30:38+00:00,0,IOMT-049,S-IOMT-049-938,EHR_WRITE,EP-IND-06920
NET-06921,2026-01-01 16:30:41+00:00,0,IOMT-002,S-IOMT-002-939,EHR_WRITE,EP-IND-06921
NET-06922,2026-01-01 16:30:44+00:00,0,IOMT-035,S-IOMT-035-940,RESEARCH,EP-IND-06922
NET-06923,2026-01-01 16:31:08+00:00,0,IOMT-003,S-IOMT-003-941,RESEARCH,EP-IND-06923
NET-06924,2026-01-01 16:31:19+00:00,0,IOMT-049,S-IOMT-049-942,IMAGING,EP-IND-06924
NET-06925,2026-01-01 16:31:25+00:00,0,IOMT-039,S-IOMT-039-943,EHR_READ,EP-IND-06925
NET-06926,2026-01-01 16:31:56+00:00,0,IOMT-034,S-IOMT-034-944,RESEARCH,EP-IND-06926
NET-06927,2026-01-01 16:31:58+00:00,0,IOMT-036,S-IOMT-036-945,IMAGING,EP-IND-06927
NET-06928,2026-01-01 16:32:01+00:00,0,IOMT-020,S-IOMT-020-946,LAB_RESULTS,EP-IND-06928
NET-06929,2026-01-01 16:32:03+00:00,0,IOMT-021,S-IOMT-021-947,RESEARCH,EP-IND-06929
NET-06930,2026-01-01 16:32:18+00:00,0,IOMT-015,S-IOMT-015-948,EHR_READ,EP-IND-06930
NET-06931,2026-01-01 16:32:43+00:00,0,IOMT-042,S-IOMT-042-949,RESEARCH,EP-IND-06931
NET-06932,2026-01-01 16:32:43+00:00,1,IOMT-015,S-IOMT-015-950,EHR_WRITE,EP-IND-06932
NET-06933,2026-01-01 16:32:44+00:00,0,IOMT-007,S-IOMT-007-951,IMAGING,EP-IND-06933
NET-06934,2026-01-01 16:32:46+00:00,0,IOMT-041,S-IOMT-041-952,EHR_WRITE,EP-IND-06934
NET-06935,2026-01-01 16:32:48+00:00,1,IOMT-030,S-IOMT-030-953,RESEARCH,EP-IND-06935
NET-06936,2026-01-01 16:32:59+00:00,0,IOMT-015,S-IOMT-015-954,IMAGING,EP-IND-06936
NET-06937,2026-01-01 16:33:01+00:00,0,IOMT-000,S-IOMT-000-955,EHR_READ,EP-IND-06937
NET-06938,2026-01-01 16:33:04+00:00,0,IOMT-041,S-IOMT-041-956,RESEARCH,EP-IND-06938
NET-06939,2026-01-01 16:33:22+00:00,0,IOMT-045,S-IOMT-045-957,EHR_WRITE,EP-IND-06939
NET-06940,2026-01-01 16:33:33+00:00,0,IOMT-034,S-IOMT-034-958,EHR_WRITE,EP-IND-06940
NET-06941,2026-01-01 16:33:48+00:00,0,IOMT-013,S-IOMT-013-959,LAB_RESULTS,EP-IND-06941
NET-06942,2026-01-01 16:33:49+00:00,0,IOMT-044,S-IOMT-044-960,LAB_RESULTS,EP-IND-06942
NET-06943,2026-01-01 16:33:57+00:00,0,IOMT-013,S-IOMT-013-961,EHR_WRITE,EP-IND-06943
NET-06944,2026-01-01 16:34:03+00:00,0,IOMT-017,S-IOMT-017-962,LAB_RESULTS,EP-IND-06944
NET-06945,2026-01-01 16:34:11+00:00,0,IOMT-000,S-IOMT-000-963,RESEARCH,EP-IND-06945
NET-06946,2026-01-01 16:34:15+00:00,0,IOMT-013,S-IOMT-013-964,LAB_RESULTS,EP-IND-06946
NET-06947,2026-01-01 16:34:28+00:00,0,IOMT-022,S-IOMT-022-965,EHR_WRITE,EP-IND-06947
NET-06948,2026-01-01 16:34:30+00:00,0,IOMT-043,S-IOMT-043-966,EHR_READ,EP-IND-06948
NET-06949,2026-01-01 16:34:46+00:00,0,IOMT-027,S-IOMT-027-967,LAB_RESULTS,EP-IND-06949
NET-06950,2026-01-01 16:34:48+00:00,0,IOMT-026,S-IOMT-026-968,RESEARCH,EP-IND-06950
NET-06951,2026-01-01 16:34:52+00:00,0,IOMT-005,S-IOMT-005-969,IMAGING,EP-IND-06951
NET-06952,2026-01-01 16:35:10+00:00,0,IOMT-031,S-IOMT-031-970,IMAGING,EP-IND-06952
NET-06953,2026-01-01 16:35:11+00:00,0,IOMT-007,S-IOMT-007-971,RESEARCH,EP-IND-06953
NET-06954,2026-01-01 16:35:12+00:00,0,IOMT-045,S-IOMT-045-972,IMAGING,EP-IND-06954
NET-06955,2026-01-01 16:35:15+00:00,0,IOMT-038,S-IOMT-038-973,EHR_WRITE,EP-IND-06955
NET-06956,2026-01-01 16:35:19+00:00,0,IOMT-009,S-IOMT-009-974,EHR_WRITE,EP-IND-06956
NET-06957,2026-01-01 16:35:25+00:00,1,IOMT-009,S-IOMT-009-975,EHR_WRITE,EP-IND-06957
NET-06958,2026-01-01 16:35:39+00:00,0,IOMT-001,S-IOMT-001-976,IMAGING,EP-IND-06958
NET-06959,2026-01-01 16:35:45+00:00,0,IOMT-031,S-IOMT-031-977,IMAGING,EP-IND-06959
NET-06960,2026-01-01 16:35:55+00:00,0,IOMT-043,S-IOMT-043-978,IMAGING,EP-IND-06960
NET-06961,2026-01-01 16:36:04+00:00,0,IOMT-021,S-IOMT-021-979,EHR_READ,EP-IND-06961
NET-06962,2026-01-01 16:36:08+00:00,0,IOMT-021,S-IOMT-021-980,EHR_READ,EP-IND-06962
NET-06963,2026-01-01 16:36:08+00:00,0,IOMT-012,S-IOMT-012-981,IMAGING,EP-IND-06963
NET-06964,2026-01-01 16:36:18+00:00,0,IOMT-018,S-IOMT-018-982,EHR_WRITE,EP-IND-06964
NET-06965,2026-01-01 16:36:19+00:00,0,IOMT-005,S-IOMT-005-983,EHR_WRITE,EP-IND-06965
NET-06966,2026-01-01 16:36:26+00:00,0,IOMT-006,S-IOMT-006-984,EHR_READ,EP-IND-06966
NET-06967,2026-01-01 16:36:35+00:00,0,IOMT-035,S-IOMT-035-985,IMAGING,EP-IND-06967
NET-06968,2026-01-01 16:36:47+00:00,0,IOMT-015,S-IOMT-015-986,IMAGING,EP-IND-06968
NET-06969,2026-01-01 16:36:54+00:00,0,IOMT-018,S-IOMT-018-987,EHR_READ,EP-IND-06969
NET-06970,2026-01-01 16:37:10+00:00,0,IOMT-041,S-IOMT-041-988,EHR_READ,EP-IND-06970
NET-06971,2026-01-01 16:37:20+00:00,0,IOMT-036,S-IOMT-036-989,LAB_RESULTS,EP-IND-06971
NET-06972,2026-01-01 16:37:21+00:00,0,IOMT-027,S-IOMT-027-990,EHR_READ,EP-IND-06972
NET-06973,2026-01-01 16:37:32+00:00,0,IOMT-028,S-IOMT-028-991,IMAGING,EP-IND-06973
NET-06974,2026-01-01 16:37:47+00:00,0,IOMT-015,S-IOMT-015-992,LAB_RESULTS,EP-IND-06974
NET-06975,2026-01-01 16:37:56+00:00,0,IOMT-045,S-IOMT-045-993,RESEARCH,EP-IND-06975
NET-06976,2026-01-01 16:37:58+00:00,0,IOMT-035,S-IOMT-035-994,RESEARCH,EP-IND-06976
NET-06977,2026-01-01 16:37:58+00:00,1,IOMT-043,S-IOMT-043-995,RESEARCH,EP-IND-06977
NET-06978,2026-01-01 16:38:04+00:00,0,IOMT-008,S-IOMT-008-996,LAB_RESULTS,EP-IND-06978
NET-06979,2026-01-01 16:38:18+00:00,0,IOMT-029,S-IOMT-029-0,EHR_WRITE,EP-IND-06979
NET-06980,2026-01-01 16:38:19+00:00,0,IOMT-016,S-IOMT-016-1,EHR_WRITE,EP-IND-06980
NET-06981,2026-01-01 16:38:26+00:00,0,IOMT-022,S-IOMT-022-2,EHR_READ,EP-IND-06981
NET-06982,2026-01-01 16:38:36+00:00,0,IOMT-015,S-IOMT-015-3,RESEARCH,EP-IND-06982
NET-06983,2026-01-01 16:38:41+00:00,0,IOMT-030,S-IOMT-030-4,EHR_WRITE,EP-IND-06983
NET-06984,2026-01-01 16:38:43+00:00,0,IOMT-039,S-IOMT-039-5,EHR_WRITE,EP-IND-06984
NET-06985,2026-01-01 16:39:04+00:00,0,IOMT-006,S-IOMT-006-6,RESEARCH,EP-IND-06985
NET-06986,2026-01-01 16:39:27+00:00,0,IOMT-002,S-IOMT-002-7,LAB_RESULTS,EP-IND-06986
NET-06987,2026-01-01 16:39:33+00:00,0,IOMT-011,S-IOMT-011-8,EHR_READ,EP-IND-06987
NET-06988,2026-01-01 16:39:33+00:00,0,IOMT-048,S-IOMT-048-9,IMAGING,EP-IND-06988
NET-06989,2026-01-01 16:39:35+00:00,1,IOMT-038,S-IOMT-038-10,EHR_WRITE,EP-IND-06989
NET-06990,2026-01-01 16:39:36+00:00,0,IOMT-033,S-IOMT-033-11,IMAGING,EP-IND-06990
NET-06991,2026-01-01 16:39:39+00:00,0,IOMT-001,S-IOMT-001-12,LAB_RESULTS,EP-IND-06991
NET-06992,2026-01-01 16:39:50+00:00,0,IOMT-027,S-IOMT-027-13,RESEARCH,EP-IND-06992
NET-06993,2026-01-01 16:39:55+00:00,0,IOMT-046,S-IOMT-046-14,LAB_RESULTS,EP-IND-06993
NET-06994,2026-01-01 16:40:04+00:00,0,IOMT-021,S-IOMT-021-15,IMAGING,EP-IND-06994
NET-06995,2026-01-01 16:40:05+00:00,0,IOMT-006,S-IOMT-006-16,EHR_WRITE,EP-IND-06995
NET-06996,2026-01-01 16:40:06+00:00,0,IOMT-029,S-IOMT-029-17,IMAGING,EP-IND-06996
NET-06997,2026-01-01 16:40:11+00:00,0,IOMT-036,S-IOMT-036-18,LAB_RESULTS,EP-IND-06997
NET-06998,2026-01-01 16:40:16+00:00,0,IOMT-024,S-IOMT-024-19,RESEARCH,EP-IND-06998
NET-06999,2026-01-01 16:40:31+00:00,0,IOMT-042,S-IOMT-042-20,EHR_WRITE,EP-IND-06999
NET-07000,2026-01-01 16:40:50+00:00,0,IOMT-030,S-IOMT-030-21,IMAGING,EP-IND-07000
NET-07001,2026-01-01 16:41:11+00:00,0,IOMT-005,S-IOMT-005-22,IMAGING,EP-IND-07001
NET-07002,2026-01-01 16:41:19+00:00,0,IOMT-001,S-IOMT-001-23,LAB_RESULTS,EP-IND-07002
NET-07003,2026-01-01 16:41:27+00:00,0,IOMT-006,S-IOMT-006-24,EHR_READ,EP-IND-07003
NET-07004,2026-01-01 16:41:33+00:00,0,IOMT-038,S-IOMT-038-25,EHR_READ,EP-IND-07004
NET-07005,2026-01-01 16:41:38+00:00,0,IOMT-030,S-IOMT-030-26,IMAGING,EP-IND-07005
NET-07006,2026-01-01 16:41:38+00:00,0,IOMT-012,S-IOMT-012-27,RESEARCH,EP-IND-07006
NET-07007,2026-01-01 16:41:42+00:00,0,IOMT-011,S-IOMT-011-28,EHR_READ,EP-IND-07007
NET-07008,2026-01-01 16:42:01+00:00,0,IOMT-017,S-IOMT-017-29,EHR_READ,EP-IND-07008
NET-07009,2026-01-01 16:42:13+00:00,0,IOMT-002,S-IOMT-002-30,LAB_RESULTS,EP-IND-07009
NET-07010,2026-01-01 16:42:15+00:00,0,IOMT-006,S-IOMT-006-31,EHR_WRITE,EP-IND-07010
NET-07011,2026-01-01 16:42:17+00:00,0,IOMT-027,S-IOMT-027-32,RESEARCH,EP-IND-07011
NET-07012,2026-01-01 16:42:18+00:00,0,IOMT-044,S-IOMT-044-33,IMAGING,EP-IND-07012
NET-07013,2026-01-01 16:42:19+00:00,1,IOMT-016,S-IOMT-016-34,EHR_WRITE,EP-IND-07013
NET-07014,2026-01-01 16:42:21+00:00,0,IOMT-044,S-IOMT-044-35,EHR_READ,EP-IND-07014
NET-07015,2026-01-01 16:42:21+00:00,0,IOMT-030,S-IOMT-030-36,RESEARCH,EP-IND-07015
NET-07016,2026-01-01 16:42:27+00:00,0,IOMT-028,S-IOMT-028-37,LAB_RESULTS,EP-IND-07016
NET-07017,2026-01-01 16:42:29+00:00,0,IOMT-012,S-IOMT-012-38,RESEARCH,EP-IND-07017
NET-07018,2026-01-01 16:42:29+00:00,0,IOMT-036,S-IOMT-036-39,EHR_READ,EP-IND-07018
NET-07019,2026-01-01 16:42:33+00:00,0,IOMT-034,S-IOMT-034-40,IMAGING,EP-IND-07019
NET-07020,2026-01-01 16:42:58+00:00,0,IOMT-016,S-IOMT-016-41,EHR_WRITE,EP-IND-07020
NET-07021,2026-01-01 16:43:06+00:00,0,IOMT-042,S-IOMT-042-42,EHR_READ,EP-IND-07021
NET-07022,2026-01-01 16:43:07+00:00,0,IOMT-025,S-IOMT-025-43,IMAGING,EP-IND-07022
NET-07023,2026-01-01 16:43:09+00:00,0,IOMT-045,S-IOMT-045-44,EHR_READ,EP-IND-07023
NET-07024,2026-01-01 16:43:39+00:00,0,IOMT-014,S-IOMT-014-45,LAB_RESULTS,EP-IND-07024
NET-07025,2026-01-01 16:43:39+00:00,0,IOMT-043,S-IOMT-043-46,LAB_RESULTS,EP-IND-07025
NET-07026,2026-01-01 16:43:50+00:00,0,IOMT-024,S-IOMT-024-47,EHR_READ,EP-IND-07026
NET-07027,2026-01-01 16:44:03+00:00,1,IOMT-015,S-IOMT-015-48,EHR_WRITE,EP-IND-07027
NET-07028,2026-01-01 16:44:05+00:00,0,IOMT-000,S-IOMT-000-49,IMAGING,EP-IND-07028
NET-07029,2026-01-01 16:44:25+00:00,1,IOMT-033,S-IOMT-033-50,LAB_RESULTS,EP-IND-07029
NET-07030,2026-01-01 16:44:43+00:00,0,IOMT-010,S-IOMT-010-51,LAB_RESULTS,EP-IND-07030
NET-07031,2026-01-01 16:44:51+00:00,0,IOMT-016,S-IOMT-016-52,EHR_WRITE,EP-IND-07031
NET-07032,2026-01-01 16:45:00+00:00,0,IOMT-034,S-IOMT-034-53,EHR_READ,EP-IND-07032
NET-07033,2026-01-01 16:45:09+00:00,0,IOMT-003,S-IOMT-003-54,EHR_WRITE,EP-IND-07033
NET-07034,2026-01-01 16:45:12+00:00,0,IOMT-034,S-IOMT-034-55,EHR_READ,EP-IND-07034
NET-07035,2026-01-01 16:45:13+00:00,0,IOMT-046,S-IOMT-046-56,RESEARCH,EP-IND-07035
NET-07036,2026-01-01 16:45:14+00:00,0,IOMT-042,S-IOMT-042-57,EHR_READ,EP-IND-07036
NET-07037,2026-01-01 16:45:26+00:00,0,IOMT-016,S-IOMT-016-58,IMAGING,EP-IND-07037
NET-07038,2026-01-01 16:45:32+00:00,0,IOMT-028,S-IOMT-028-59,RESEARCH,EP-IND-07038
NET-07039,2026-01-01 16:45:37+00:00,0,IOMT-045,S-IOMT-045-60,IMAGING,EP-IND-07039
NET-07040,2026-01-01 16:45:39+00:00,0,IOMT-038,S-IOMT-038-61,IMAGING,EP-IND-07040
NET-07041,2026-01-01 16:46:02+00:00,0,IOMT-043,S-IOMT-043-62,IMAGING,EP-IND-07041
NET-07042,2026-01-01 16:46:07+00:00,0,IOMT-022,S-IOMT-022-63,RESEARCH,EP-IND-07042
NET-07043,2026-01-01 16:46:49+00:00,0,IOMT-033,S-IOMT-033-64,EHR_READ,EP-IND-07043
NET-07044,2026-01-01 16:47:01+00:00,0,IOMT-023,S-IOMT-023-65,LAB_RESULTS,EP-IND-07044
NET-07045,2026-01-01 16:47:08+00:00,0,IOMT-035,S-IOMT-035-66,LAB_RESULTS,EP-IND-07045
NET-07046,2026-01-01 16:47:20+00:00,0,IOMT-000,S-IOMT-000-67,EHR_READ,EP-IND-07046
NET-07047,2026-01-01 16:47:29+00:00,0,IOMT-028,S-IOMT-028-68,LAB_RESULTS,EP-IND-07047
NET-07048,2026-01-01 16:47:41+00:00,0,IOMT-047,S-IOMT-047-69,EHR_READ,EP-IND-07048
NET-07049,2026-01-01 16:47:50+00:00,1,IOMT-016,S-IOMT-016-70,LAB_RESULTS,EP-IND-07049
NET-07050,2026-01-01 16:48:00+00:00,0,IOMT-020,S-IOMT-020-71,RESEARCH,EP-IND-07050
NET-07051,2026-01-01 16:48:03+00:00,0,IOMT-020,S-IOMT-020-72,IMAGING,EP-IND-07051
NET-07052,2026-01-01 16:48:08+00:00,0,IOMT-017,S-IOMT-017-73,IMAGING,EP-IND-07052
NET-07053,2026-01-01 16:48:19+00:00,0,IOMT-021,S-IOMT-021-74,EHR_READ,EP-IND-07053
NET-07054,2026-01-01 16:48:34+00:00,0,IOMT-032,S-IOMT-032-75,RESEARCH,EP-IND-07054
NET-07055,2026-01-01 16:48:41+00:00,0,IOMT-022,S-IOMT-022-76,IMAGING,EP-IND-07055
NET-07056,2026-01-01 16:48:42+00:00,0,IOMT-010,S-IOMT-010-77,IMAGING,EP-IND-07056
NET-07057,2026-01-01 16:48:48+00:00,0,IOMT-041,S-IOMT-041-78,LAB_RESULTS,EP-IND-07057
NET-07058,2026-01-01 16:48:52+00:00,0,IOMT-026,S-IOMT-026-79,RESEARCH,EP-IND-07058
NET-07059,2026-01-01 16:48:58+00:00,0,IOMT-030,S-IOMT-030-80,EHR_READ,EP-IND-07059
NET-07060,2026-01-01 16:49:16+00:00,0,IOMT-008,S-IOMT-008-81,LAB_RESULTS,EP-IND-07060
NET-07061,2026-01-01 16:49:16+00:00,0,IOMT-022,S-IOMT-022-82,LAB_RESULTS,EP-IND-07061
NET-07062,2026-01-01 16:49:34+00:00,0,IOMT-005,S-IOMT-005-83,IMAGING,EP-IND-07062
NET-07063,2026-01-01 16:49:38+00:00,0,IOMT-047,S-IOMT-047-84,RESEARCH,EP-IND-07063
NET-07064,2026-01-01 16:49:41+00:00,0,IOMT-016,S-IOMT-016-85,IMAGING,EP-IND-07064
NET-07065,2026-01-01 16:49:46+00:00,0,IOMT-007,S-IOMT-007-86,EHR_WRITE,EP-IND-07065
NET-07066,2026-01-01 16:49:49+00:00,0,IOMT-014,S-IOMT-014-87,IMAGING,EP-IND-07066
NET-07067,2026-01-01 16:49:54+00:00,0,IOMT-031,S-IOMT-031-88,LAB_RESULTS,EP-IND-07067
NET-07068,2026-01-01 16:50:25+00:00,1,IOMT-003,S-IOMT-003-89,RESEARCH,EP-IND-07068
NET-07069,2026-01-01 16:50:27+00:00,0,IOMT-008,S-IOMT-008-90,RESEARCH,EP-IND-07069
NET-07070,2026-01-01 16:50:32+00:00,0,IOMT-016,S-IOMT-016-91,RESEARCH,EP-IND-07070
NET-07071,2026-01-01 16:50:52+00:00,0,IOMT-022,S-IOMT-022-92,EHR_READ,EP-IND-07071
NET-07072,2026-01-01 16:50:54+00:00,0,IOMT-001,S-IOMT-001-93,LAB_RESULTS,EP-IND-07072
NET-07073,2026-01-01 16:51:06+00:00,0,IOMT-047,S-IOMT-047-94,EHR_READ,EP-IND-07073
NET-07074,2026-01-01 16:51:11+00:00,0,IOMT-006,S-IOMT-006-95,IMAGING,EP-IND-07074
NET-07075,2026-01-01 16:51:11+00:00,0,IOMT-002,S-IOMT-002-96,IMAGING,EP-IND-07075
NET-07076,2026-01-01 16:51:39+00:00,0,IOMT-005,S-IOMT-005-97,LAB_RESULTS,EP-IND-07076
NET-07077,2026-01-01 16:52:05+00:00,0,IOMT-005,S-IOMT-005-98,EHR_WRITE,EP-IND-07077
NET-07078,2026-01-01 16:52:07+00:00,0,IOMT-012,S-IOMT-012-99,EHR_WRITE,EP-IND-07078
NET-07079,2026-01-01 16:52:17+00:00,1,IOMT-027,S-IOMT-027-100,EHR_READ,EP-IND-07079
NET-07080,2026-01-01 16:52:40+00:00,0,IOMT-043,S-IOMT-043-101,IMAGING,EP-IND-07080
NET-07081,2026-01-01 16:53:08+00:00,0,IOMT-027,S-IOMT-027-102,EHR_WRITE,EP-IND-07081
NET-07082,2026-01-01 16:53:16+00:00,0,IOMT-021,S-IOMT-021-103,LAB_RESULTS,EP-IND-07082
NET-07083,2026-01-01 16:53:31+00:00,0,IOMT-001,S-IOMT-001-104,LAB_RESULTS,EP-IND-07083
NET-07084,2026-01-01 16:53:36+00:00,0,IOMT-009,S-IOMT-009-105,RESEARCH,EP-IND-07084
NET-07085,2026-01-01 16:53:44+00:00,0,IOMT-047,S-IOMT-047-106,EHR_WRITE,EP-IND-07085
NET-07086,2026-01-01 16:53:52+00:00,0,IOMT-045,S-IOMT-045-107,LAB_RESULTS,EP-IND-07086
NET-07087,2026-01-01 16:54:01+00:00,0,IOMT-039,S-IOMT-039-108,LAB_RESULTS,EP-IND-07087
NET-07088,2026-01-01 16:54:18+00:00,0,IOMT-035,S-IOMT-035-109,LAB_RESULTS,EP-IND-07088
NET-07089,2026-01-01 16:54:25+00:00,0,IOMT-046,S-IOMT-046-110,RESEARCH,EP-IND-07089
NET-07090,2026-01-01 16:54:37+00:00,0,IOMT-017,S-IOMT-017-111,EHR_WRITE,EP-IND-07090
NET-07091,2026-01-01 16:55:10+00:00,0,IOMT-028,S-IOMT-028-112,EHR_WRITE,EP-IND-07091
NET-07092,2026-01-01 16:55:13+00:00,0,IOMT-044,S-IOMT-044-113,EHR_WRITE,EP-IND-07092
NET-07093,2026-01-01 16:55:26+00:00,0,IOMT-006,S-IOMT-006-114,EHR_READ,EP-IND-07093
NET-07094,2026-01-01 16:55:26+00:00,0,IOMT-005,S-IOMT-005-115,LAB_RESULTS,EP-IND-07094
NET-07095,2026-01-01 16:55:34+00:00,0,IOMT-031,S-IOMT-031-116,EHR_WRITE,EP-IND-07095
NET-07096,2026-01-01 16:55:45+00:00,0,IOMT-044,S-IOMT-044-117,EHR_WRITE,EP-IND-07096
NET-07097,2026-01-01 16:55:59+00:00,0,IOMT-036,S-IOMT-036-118,EHR_WRITE,EP-IND-07097
NET-07098,2026-01-01 16:55:59+00:00,0,IOMT-018,S-IOMT-018-119,EHR_WRITE,EP-IND-07098
NET-07099,2026-01-01 16:56:08+00:00,0,IOMT-014,S-IOMT-014-120,EHR_WRITE,EP-IND-07099
NET-07100,2026-01-01 16:56:26+00:00,1,IOMT-027,S-IOMT-027-121,IMAGING,EP-IND-07100
NET-07101,2026-01-01 16:56:26+00:00,0,IOMT-007,S-IOMT-007-122,EHR_READ,EP-IND-07101
NET-07102,2026-01-01 16:56:36+00:00,0,IOMT-026,S-IOMT-026-123,EHR_WRITE,EP-IND-07102
NET-07103,2026-01-01 16:56:38+00:00,0,IOMT-032,S-IOMT-032-124,EHR_READ,EP-IND-07103
NET-07104,2026-01-01 16:56:48+00:00,0,IOMT-033,S-IOMT-033-125,EHR_WRITE,EP-IND-07104
NET-07105,2026-01-01 16:57:00+00:00,0,IOMT-022,S-IOMT-022-126,EHR_WRITE,EP-IND-07105
NET-07106,2026-01-01 16:57:00+00:00,0,IOMT-014,S-IOMT-014-127,IMAGING,EP-IND-07106
NET-07107,2026-01-01 16:57:14+00:00,0,IOMT-007,S-IOMT-007-128,EHR_READ,EP-IND-07107
NET-07108,2026-01-01 16:57:24+00:00,0,IOMT-047,S-IOMT-047-129,IMAGING,EP-IND-07108
NET-07109,2026-01-01 16:57:46+00:00,1,IOMT-033,S-IOMT-033-130,IMAGING,EP-IND-07109
NET-07110,2026-01-01 16:57:46+00:00,1,IOMT-042,S-IOMT-042-131,EHR_WRITE,EP-IND-07110
NET-07111,2026-01-01 16:58:06+00:00,0,IOMT-001,S-IOMT-001-132,EHR_READ,EP-IND-07111
NET-07112,2026-01-01 16:58:08+00:00,1,IOMT-031,S-IOMT-031-133,EHR_WRITE,EP-IND-07112
NET-07113,2026-01-01 16:58:18+00:00,0,IOMT-016,S-IOMT-016-134,RESEARCH,EP-IND-07113
NET-07114,2026-01-01 16:58:32+00:00,0,IOMT-023,S-IOMT-023-135,IMAGING,EP-IND-07114
NET-07115,2026-01-01 16:58:34+00:00,0,IOMT-006,S-IOMT-006-136,RESEARCH,EP-IND-07115
NET-07116,2026-01-01 16:58:42+00:00,0,IOMT-026,S-IOMT-026-137,EHR_READ,EP-IND-07116
NET-07117,2026-01-01 16:58:47+00:00,0,IOMT-022,S-IOMT-022-138,LAB_RESULTS,EP-IND-07117
NET-07118,2026-01-01 16:58:58+00:00,1,IOMT-002,S-IOMT-002-139,EHR_READ,EP-IND-07118
NET-07119,2026-01-01 16:59:00+00:00,0,IOMT-034,S-IOMT-034-140,EHR_READ,EP-IND-07119
NET-07120,2026-01-01 17:00:07+00:00,0,IOMT-036,S-IOMT-036-141,EHR_WRITE,EP-IND-07120
NET-07121,2026-01-01 17:00:18+00:00,0,IOMT-048,S-IOMT-048-142,EHR_READ,EP-IND-07121
NET-07122,2026-01-01 17:00:21+00:00,0,IOMT-006,S-IOMT-006-143,EHR_WRITE,EP-IND-07122
NET-07123,2026-01-01 17:00:28+00:00,0,IOMT-048,S-IOMT-048-144,EHR_WRITE,EP-IND-07123
NET-07124,2026-01-01 17:00:52+00:00,0,IOMT-027,S-IOMT-027-145,EHR_READ,EP-IND-07124
NET-07125,2026-01-01 17:00:57+00:00,0,IOMT-005,S-IOMT-005-146,RESEARCH,EP-IND-07125
NET-07126,2026-01-01 17:01:14+00:00,0,IOMT-022,S-IOMT-022-147,LAB_RESULTS,EP-IND-07126
NET-07127,2026-01-01 17:01:20+00:00,0,IOMT-021,S-IOMT-021-148,RESEARCH,EP-IND-07127
NET-07128,2026-01-01 17:01:36+00:00,0,IOMT-025,S-IOMT-025-149,EHR_WRITE,EP-IND-07128
NET-07129,2026-01-01 17:01:38+00:00,0,IOMT-027,S-IOMT-027-150,EHR_WRITE,EP-IND-07129
NET-07130,2026-01-01 17:02:01+00:00,0,IOMT-000,S-IOMT-000-151,EHR_READ,EP-IND-07130
NET-07131,2026-01-01 17:02:10+00:00,0,IOMT-039,S-IOMT-039-152,EHR_WRITE,EP-IND-07131
NET-07132,2026-01-01 17:02:13+00:00,1,IOMT-022,S-IOMT-022-153,EHR_READ,EP-IND-07132
NET-07133,2026-01-01 17:02:14+00:00,0,IOMT-003,S-IOMT-003-154,EHR_READ,EP-IND-07133
NET-07134,2026-01-01 17:02:31+00:00,0,IOMT-013,S-IOMT-013-155,LAB_RESULTS,EP-IND-07134
NET-07135,2026-01-01 17:02:50+00:00,0,IOMT-000,S-IOMT-000-156,IMAGING,EP-IND-07135
NET-07136,2026-01-01 17:03:15+00:00,0,IOMT-014,S-IOMT-014-157,EHR_READ,EP-IND-07136
NET-07137,2026-01-01 17:03:15+00:00,0,IOMT-021,S-IOMT-021-158,LAB_RESULTS,EP-IND-07137
NET-07138,2026-01-01 17:03:36+00:00,0,IOMT-017,S-IOMT-017-159,IMAGING,EP-IND-07138
NET-07139,2026-01-01 17:03:52+00:00,0,IOMT-028,S-IOMT-028-160,LAB_RESULTS,EP-IND-07139
NET-07140,2026-01-01 17:04:05+00:00,0,IOMT-026,S-IOMT-026-161,EHR_WRITE,EP-IND-07140
NET-07141,2026-01-01 17:04:20+00:00,0,IOMT-023,S-IOMT-023-162,EHR_WRITE,EP-IND-07141
NET-07142,2026-01-01 17:04:23+00:00,1,IOMT-015,S-IOMT-015-163,LAB_RESULTS,EP-IND-07142
NET-07143,2026-01-01 17:04:30+00:00,0,IOMT-041,S-IOMT-041-164,LAB_RESULTS,EP-IND-07143
NET-07144,2026-01-01 17:04:33+00:00,0,IOMT-029,S-IOMT-029-165,EHR_WRITE,EP-IND-07144
NET-07145,2026-01-01 17:04:41+00:00,0,IOMT-032,S-IOMT-032-166,LAB_RESULTS,EP-IND-07145
NET-07146,2026-01-01 17:04:45+00:00,0,IOMT-034,S-IOMT-034-167,EHR_WRITE,EP-IND-07146
NET-07147,2026-01-01 17:04:46+00:00,0,IOMT-005,S-IOMT-005-168,EHR_READ,EP-IND-07147
NET-07148,2026-01-01 17:04:53+00:00,1,IOMT-031,S-IOMT-031-169,RESEARCH,EP-IND-07148
NET-07149,2026-01-01 17:05:05+00:00,0,IOMT-026,S-IOMT-026-170,EHR_WRITE,EP-IND-07149
NET-07150,2026-01-01 17:05:12+00:00,0,IOMT-012,S-IOMT-012-171,LAB_RESULTS,EP-IND-07150
NET-07151,2026-01-01 17:05:23+00:00,0,IOMT-001,S-IOMT-001-172,LAB_RESULTS,EP-IND-07151
NET-07152,2026-01-01 17:05:25+00:00,0,IOMT-016,S-IOMT-016-173,EHR_WRITE,EP-IND-07152
NET-07153,2026-01-01 17:05:29+00:00,0,IOMT-000,S-IOMT-000-174,EHR_READ,EP-IND-07153
NET-07154,2026-01-01 17:05:50+00:00,0,IOMT-016,S-IOMT-016-175,RESEARCH,EP-IND-07154
NET-07155,2026-01-01 17:05:51+00:00,0,IOMT-005,S-IOMT-005-176,IMAGING,EP-IND-07155
NET-07156,2026-01-01 17:06:08+00:00,0,IOMT-008,S-IOMT-008-177,LAB_RESULTS,EP-IND-07156
NET-07157,2026-01-01 17:06:15+00:00,0,IOMT-043,S-IOMT-043-178,LAB_RESULTS,EP-IND-07157
NET-07158,2026-01-01 17:06:17+00:00,0,IOMT-036,S-IOMT-036-179,EHR_READ,EP-IND-07158
NET-07159,2026-01-01 17:06:19+00:00,0,IOMT-017,S-IOMT-017-180,EHR_WRITE,EP-IND-07159
NET-07160,2026-01-01 17:06:22+00:00,1,IOMT-042,S-IOMT-042-181,LAB_RESULTS,EP-IND-07160
NET-07161,2026-01-01 17:06:23+00:00,0,IOMT-025,S-IOMT-025-182,EHR_READ,EP-IND-07161
NET-07162,2026-01-01 17:06:42+00:00,0,IOMT-001,S-IOMT-001-183,IMAGING,EP-IND-07162
NET-07163,2026-01-01 17:06:59+00:00,0,IOMT-019,S-IOMT-019-184,EHR_WRITE,EP-IND-07163
NET-07164,2026-01-01 17:07:14+00:00,0,IOMT-020,S-IOMT-020-185,RESEARCH,EP-IND-07164
NET-07165,2026-01-01 17:07:15+00:00,0,IOMT-006,S-IOMT-006-186,IMAGING,EP-IND-07165
NET-07166,2026-01-01 17:07:16+00:00,0,IOMT-041,S-IOMT-041-187,EHR_WRITE,EP-IND-07166
NET-07167,2026-01-01 17:07:19+00:00,0,IOMT-011,S-IOMT-011-188,LAB_RESULTS,EP-IND-07167
NET-07168,2026-01-01 17:07:39+00:00,0,IOMT-005,S-IOMT-005-189,LAB_RESULTS,EP-IND-07168
NET-07169,2026-01-01 17:07:48+00:00,0,IOMT-008,S-IOMT-008-190,IMAGING,EP-IND-07169
NET-07170,2026-01-01 17:07:51+00:00,0,IOMT-023,S-IOMT-023-191,RESEARCH,EP-IND-07170
NET-07171,2026-01-01 17:08:00+00:00,0,IOMT-012,S-IOMT-012-192,RESEARCH,EP-IND-07171
NET-07172,2026-01-01 17:08:13+00:00,0,IOMT-041,S-IOMT-041-193,EHR_WRITE,EP-IND-07172
NET-07173,2026-01-01 17:08:18+00:00,0,IOMT-023,S-IOMT-023-194,LAB_RESULTS,EP-IND-07173
NET-07174,2026-01-01 17:08:24+00:00,0,IOMT-003,S-IOMT-003-195,EHR_WRITE,EP-IND-07174
NET-07175,2026-01-01 17:08:33+00:00,0,IOMT-024,S-IOMT-024-196,IMAGING,EP-IND-07175
NET-07176,2026-01-01 17:08:35+00:00,0,IOMT-015,S-IOMT-015-197,EHR_WRITE,EP-IND-07176
NET-07177,2026-01-01 17:08:35+00:00,0,IOMT-010,S-IOMT-010-198,EHR_READ,EP-IND-07177
NET-07178,2026-01-01 17:08:44+00:00,0,IOMT-000,S-IOMT-000-199,EHR_READ,EP-IND-07178
NET-07179,2026-01-01 17:08:47+00:00,0,IOMT-008,S-IOMT-008-200,RESEARCH,EP-IND-07179
NET-07180,2026-01-01 17:09:02+00:00,0,IOMT-020,S-IOMT-020-201,EHR_WRITE,EP-IND-07180
NET-07181,2026-01-01 17:09:03+00:00,0,IOMT-029,S-IOMT-029-202,EHR_READ,EP-IND-07181
NET-07182,2026-01-01 17:09:07+00:00,0,IOMT-010,S-IOMT-010-203,LAB_RESULTS,EP-IND-07182
NET-07183,2026-01-01 17:09:09+00:00,0,IOMT-047,S-IOMT-047-204,EHR_WRITE,EP-IND-07183
NET-07184,2026-01-01 17:09:10+00:00,0,IOMT-025,S-IOMT-025-205,EHR_READ,EP-IND-07184
NET-07185,2026-01-01 17:09:35+00:00,0,IOMT-023,S-IOMT-023-206,RESEARCH,EP-IND-07185
NET-07186,2026-01-01 17:09:55+00:00,1,IOMT-040,S-IOMT-040-207,LAB_RESULTS,EP-IND-07186
NET-07187,2026-01-01 17:10:06+00:00,0,IOMT-004,S-IOMT-004-208,RESEARCH,EP-IND-07187
NET-07188,2026-01-01 17:10:15+00:00,0,IOMT-030,S-IOMT-030-209,IMAGING,EP-IND-07188
NET-07189,2026-01-01 17:10:21+00:00,0,IOMT-013,S-IOMT-013-210,LAB_RESULTS,EP-IND-07189
NET-07190,2026-01-01 17:10:26+00:00,0,IOMT-027,S-IOMT-027-211,EHR_WRITE,EP-IND-07190
NET-07191,2026-01-01 17:10:44+00:00,0,IOMT-019,S-IOMT-019-212,IMAGING,EP-IND-07191
NET-07192,2026-01-01 17:10:50+00:00,0,IOMT-005,S-IOMT-005-213,IMAGING,EP-IND-07192
NET-07193,2026-01-01 17:10:51+00:00,0,IOMT-036,S-IOMT-036-214,RESEARCH,EP-IND-07193
NET-07194,2026-01-01 17:10:53+00:00,0,IOMT-030,S-IOMT-030-215,LAB_RESULTS,EP-IND-07194
NET-07195,2026-01-01 17:10:54+00:00,0,IOMT-030,S-IOMT-030-216,LAB_RESULTS,EP-IND-07195
NET-07196,2026-01-01 17:11:12+00:00,0,IOMT-013,S-IOMT-013-217,IMAGING,EP-IND-07196
NET-07197,2026-01-01 17:11:21+00:00,0,IOMT-020,S-IOMT-020-218,IMAGING,EP-IND-07197
NET-07198,2026-01-01 17:11:25+00:00,0,IOMT-006,S-IOMT-006-219,LAB_RESULTS,EP-IND-07198
NET-07199,2026-01-01 17:11:28+00:00,0,IOMT-005,S-IOMT-005-220,EHR_READ,EP-IND-07199
NET-07200,2026-01-01 17:11:29+00:00,0,IOMT-015,S-IOMT-015-221,EHR_WRITE,EP-IND-07200
NET-07201,2026-01-01 17:11:34+00:00,0,IOMT-000,S-IOMT-000-222,IMAGING,EP-IND-07201
NET-07202,2026-01-01 17:11:45+00:00,0,IOMT-031,S-IOMT-031-223,EHR_READ,EP-IND-07202
NET-07203,2026-01-01 17:11:48+00:00,0,IOMT-018,S-IOMT-018-224,EHR_WRITE,EP-IND-07203
NET-07204,2026-01-01 17:11:48+00:00,0,IOMT-005,S-IOMT-005-225,LAB_RESULTS,EP-IND-07204
NET-07205,2026-01-01 17:11:56+00:00,0,IOMT-011,S-IOMT-011-226,IMAGING,EP-IND-07205
NET-07206,2026-01-01 17:12:04+00:00,0,IOMT-038,S-IOMT-038-227,IMAGING,EP-IND-07206
NET-07207,2026-01-01 17:12:22+00:00,0,IOMT-036,S-IOMT-036-228,LAB_RESULTS,EP-IND-07207
NET-07208,2026-01-01 17:12:27+00:00,0,IOMT-045,S-IOMT-045-229,EHR_READ,EP-IND-07208
NET-07209,2026-01-01 17:12:52+00:00,0,IOMT-024,S-IOMT-024-230,IMAGING,EP-IND-07209
NET-07210,2026-01-01 17:13:04+00:00,0,IOMT-025,S-IOMT-025-231,LAB_RESULTS,EP-IND-07210
NET-07211,2026-01-01 17:13:05+00:00,0,IOMT-048,S-IOMT-048-232,IMAGING,EP-IND-07211
NET-07212,2026-01-01 17:13:25+00:00,0,IOMT-033,S-IOMT-033-233,RESEARCH,EP-IND-07212
NET-07213,2026-01-01 17:13:31+00:00,0,IOMT-012,S-IOMT-012-234,RESEARCH,EP-IND-07213
NET-07214,2026-01-01 17:13:37+00:00,0,IOMT-027,S-IOMT-027-235,EHR_WRITE,EP-IND-07214
NET-07215,2026-01-01 17:13:48+00:00,0,IOMT-004,S-IOMT-004-236,LAB_RESULTS,EP-IND-07215
NET-07216,2026-01-01 17:13:48+00:00,0,IOMT-038,S-IOMT-038-237,EHR_READ,EP-IND-07216
NET-07217,2026-01-01 17:13:49+00:00,0,IOMT-004,S-IOMT-004-238,EHR_READ,EP-IND-07217
NET-07218,2026-01-01 17:13:54+00:00,0,IOMT-003,S-IOMT-003-239,IMAGING,EP-IND-07218
NET-07219,2026-01-01 17:14:01+00:00,0,IOMT-010,S-IOMT-010-240,EHR_READ,EP-IND-07219
NET-07220,2026-01-01 17:14:12+00:00,0,IOMT-006,S-IOMT-006-241,IMAGING,EP-IND-07220
NET-07221,2026-01-01 17:14:27+00:00,0,IOMT-009,S-IOMT-009-242,EHR_READ,EP-IND-07221
NET-07222,2026-01-01 17:14:38+00:00,0,IOMT-006,S-IOMT-006-243,IMAGING,EP-IND-07222
NET-07223,2026-01-01 17:14:46+00:00,0,IOMT-038,S-IOMT-038-244,EHR_WRITE,EP-IND-07223
NET-07224,2026-01-01 17:14:51+00:00,0,IOMT-001,S-IOMT-001-245,IMAGING,EP-IND-07224
NET-07225,2026-01-01 17:14:55+00:00,0,IOMT-021,S-IOMT-021-246,EHR_WRITE,EP-IND-07225
NET-07226,2026-01-01 17:14:57+00:00,0,IOMT-021,S-IOMT-021-247,IMAGING,EP-IND-07226
NET-07227,2026-01-01 17:15:12+00:00,0,IOMT-037,S-IOMT-037-248,EHR_READ,EP-IND-07227
NET-07228,2026-01-01 17:15:18+00:00,0,IOMT-049,S-IOMT-049-249,IMAGING,EP-IND-07228
NET-07229,2026-01-01 17:15:20+00:00,0,IOMT-029,S-IOMT-029-250,IMAGING,EP-IND-07229
NET-07230,2026-01-01 17:15:32+00:00,0,IOMT-007,S-IOMT-007-251,EHR_READ,EP-IND-07230
NET-07231,2026-01-01 17:15:49+00:00,0,IOMT-029,S-IOMT-029-252,EHR_READ,EP-IND-07231
NET-07232,2026-01-01 17:16:00+00:00,0,IOMT-022,S-IOMT-022-253,EHR_READ,EP-IND-07232
NET-07233,2026-01-01 17:16:03+00:00,0,IOMT-046,S-IOMT-046-254,RESEARCH,EP-IND-07233
NET-07234,2026-01-01 17:16:12+00:00,0,IOMT-042,S-IOMT-042-255,RESEARCH,EP-IND-07234
NET-07235,2026-01-01 17:16:36+00:00,0,IOMT-035,S-IOMT-035-256,IMAGING,EP-IND-07235
NET-07236,2026-01-01 17:16:46+00:00,1,IOMT-036,S-IOMT-036-257,RESEARCH,EP-IND-07236
NET-07237,2026-01-01 17:16:50+00:00,0,IOMT-040,S-IOMT-040-258,IMAGING,EP-IND-07237
NET-07238,2026-01-01 17:16:59+00:00,0,IOMT-015,S-IOMT-015-259,LAB_RESULTS,EP-IND-07238
NET-07239,2026-01-01 17:17:03+00:00,0,IOMT-030,S-IOMT-030-260,IMAGING,EP-IND-07239
NET-07240,2026-01-01 17:17:05+00:00,0,IOMT-048,S-IOMT-048-261,LAB_RESULTS,EP-IND-07240
NET-07241,2026-01-01 17:17:25+00:00,0,IOMT-018,S-IOMT-018-262,EHR_WRITE,EP-IND-07241
NET-07242,2026-01-01 17:17:59+00:00,0,IOMT-032,S-IOMT-032-263,RESEARCH,EP-IND-07242
NET-07243,2026-01-01 17:18:17+00:00,0,IOMT-018,S-IOMT-018-264,EHR_WRITE,EP-IND-07243
NET-07244,2026-01-01 17:18:21+00:00,0,IOMT-031,S-IOMT-031-265,LAB_RESULTS,EP-IND-07244
NET-07245,2026-01-01 17:18:30+00:00,0,IOMT-026,S-IOMT-026-266,LAB_RESULTS,EP-IND-07245
NET-07246,2026-01-01 17:18:31+00:00,0,IOMT-002,S-IOMT-002-267,EHR_READ,EP-IND-07246
NET-07247,2026-01-01 17:18:41+00:00,0,IOMT-049,S-IOMT-049-268,RESEARCH,EP-IND-07247
NET-07248,2026-01-01 17:18:54+00:00,0,IOMT-038,S-IOMT-038-269,RESEARCH,EP-IND-07248
NET-07249,2026-01-01 17:18:58+00:00,0,IOMT-031,S-IOMT-031-270,IMAGING,EP-IND-07249
NET-07250,2026-01-01 17:19:08+00:00,0,IOMT-039,S-IOMT-039-271,IMAGING,EP-IND-07250
NET-07251,2026-01-01 17:19:17+00:00,0,IOMT-032,S-IOMT-032-272,EHR_WRITE,EP-IND-07251
NET-07252,2026-01-01 17:19:23+00:00,0,IOMT-000,S-IOMT-000-273,EHR_READ,EP-IND-07252
NET-07253,2026-01-01 17:19:30+00:00,0,IOMT-018,S-IOMT-018-274,EHR_READ,EP-IND-07253
NET-07254,2026-01-01 17:19:40+00:00,0,IOMT-005,S-IOMT-005-275,EHR_READ,EP-IND-07254
NET-07255,2026-01-01 17:19:44+00:00,0,IOMT-047,S-IOMT-047-276,RESEARCH,EP-IND-07255
NET-07256,2026-01-01 17:19:58+00:00,0,IOMT-017,S-IOMT-017-277,RESEARCH,EP-IND-07256
NET-07257,2026-01-01 17:20:03+00:00,0,IOMT-005,S-IOMT-005-278,LAB_RESULTS,EP-IND-07257
NET-07258,2026-01-01 17:20:08+00:00,0,IOMT-025,S-IOMT-025-279,RESEARCH,EP-IND-07258
NET-07259,2026-01-01 17:20:24+00:00,0,IOMT-035,S-IOMT-035-280,EHR_WRITE,EP-IND-07259
NET-07260,2026-01-01 17:20:45+00:00,0,IOMT-041,S-IOMT-041-281,LAB_RESULTS,EP-IND-07260
NET-07261,2026-01-01 17:20:50+00:00,0,IOMT-045,S-IOMT-045-282,RESEARCH,EP-IND-07261
NET-07262,2026-01-01 17:21:04+00:00,0,IOMT-004,S-IOMT-004-283,EHR_READ,EP-IND-07262
NET-07263,2026-01-01 17:21:06+00:00,0,IOMT-043,S-IOMT-043-284,EHR_WRITE,EP-IND-07263
NET-07264,2026-01-01 17:21:17+00:00,0,IOMT-033,S-IOMT-033-285,EHR_READ,EP-IND-07264
NET-07265,2026-01-01 17:21:34+00:00,0,IOMT-026,S-IOMT-026-286,EHR_WRITE,EP-IND-07265
NET-07266,2026-01-01 17:21:37+00:00,0,IOMT-011,S-IOMT-011-287,IMAGING,EP-IND-07266
NET-07267,2026-01-01 17:21:56+00:00,0,IOMT-027,S-IOMT-027-288,LAB_RESULTS,EP-IND-07267
NET-07268,2026-01-01 17:22:01+00:00,1,IOMT-009,S-IOMT-009-289,IMAGING,EP-IND-07268
NET-07269,2026-01-01 17:22:33+00:00,0,IOMT-013,S-IOMT-013-290,RESEARCH,EP-IND-07269
NET-07270,2026-01-01 17:22:50+00:00,0,IOMT-049,S-IOMT-049-291,IMAGING,EP-IND-07270
NET-07271,2026-01-01 17:23:10+00:00,0,IOMT-036,S-IOMT-036-292,EHR_WRITE,EP-IND-07271
NET-07272,2026-01-01 17:23:11+00:00,0,IOMT-027,S-IOMT-027-293,EHR_READ,EP-IND-07272
NET-07273,2026-01-01 17:23:21+00:00,0,IOMT-019,S-IOMT-019-294,IMAGING,EP-IND-07273
NET-07274,2026-01-01 17:23:22+00:00,0,IOMT-026,S-IOMT-026-295,EHR_READ,EP-IND-07274
NET-07275,2026-01-01 17:23:26+00:00,0,IOMT-006,S-IOMT-006-296,LAB_RESULTS,EP-IND-07275
NET-07276,2026-01-01 17:23:45+00:00,0,IOMT-044,S-IOMT-044-297,LAB_RESULTS,EP-IND-07276
NET-07277,2026-01-01 17:23:55+00:00,0,IOMT-009,S-IOMT-009-298,EHR_WRITE,EP-IND-07277
NET-07278,2026-01-01 17:23:55+00:00,0,IOMT-018,S-IOMT-018-299,LAB_RESULTS,EP-IND-07278
NET-07279,2026-01-01 17:23:58+00:00,0,IOMT-038,S-IOMT-038-300,EHR_WRITE,EP-IND-07279
NET-07280,2026-01-01 17:24:07+00:00,1,IOMT-042,S-IOMT-042-301,IMAGING,EP-IND-07280
NET-07281,2026-01-01 17:24:16+00:00,0,IOMT-007,S-IOMT-007-302,EHR_READ,EP-IND-07281
NET-07282,2026-01-01 17:24:20+00:00,1,IOMT-041,S-IOMT-041-303,EHR_READ,EP-IND-07282
NET-07283,2026-01-01 17:24:27+00:00,0,IOMT-008,S-IOMT-008-304,IMAGING,EP-IND-07283
NET-07284,2026-01-01 17:24:28+00:00,0,IOMT-038,S-IOMT-038-305,LAB_RESULTS,EP-IND-07284
NET-07285,2026-01-01 17:24:32+00:00,0,IOMT-025,S-IOMT-025-306,RESEARCH,EP-IND-07285
NET-07286,2026-01-01 17:24:37+00:00,0,IOMT-039,S-IOMT-039-307,RESEARCH,EP-IND-07286
NET-07287,2026-01-01 17:24:42+00:00,0,IOMT-034,S-IOMT-034-308,LAB_RESULTS,EP-IND-07287
NET-07288,2026-01-01 17:24:48+00:00,0,IOMT-024,S-IOMT-024-309,EHR_WRITE,EP-IND-07288
NET-07289,2026-01-01 17:24:59+00:00,0,IOMT-039,S-IOMT-039-310,RESEARCH,EP-IND-07289
NET-07290,2026-01-01 17:25:08+00:00,0,IOMT-043,S-IOMT-043-311,IMAGING,EP-IND-07290
NET-07291,2026-01-01 17:25:21+00:00,0,IOMT-015,S-IOMT-015-312,IMAGING,EP-IND-07291
NET-07292,2026-01-01 17:25:53+00:00,0,IOMT-028,S-IOMT-028-313,IMAGING,EP-IND-07292
NET-07293,2026-01-01 17:25:55+00:00,0,IOMT-000,S-IOMT-000-314,RESEARCH,EP-IND-07293
NET-07294,2026-01-01 17:25:57+00:00,0,IOMT-033,S-IOMT-033-315,LAB_RESULTS,EP-IND-07294
NET-07295,2026-01-01 17:25:58+00:00,0,IOMT-031,S-IOMT-031-316,IMAGING,EP-IND-07295
NET-07296,2026-01-01 17:26:08+00:00,0,IOMT-036,S-IOMT-036-317,EHR_WRITE,EP-IND-07296
NET-07297,2026-01-01 17:26:23+00:00,0,IOMT-019,S-IOMT-019-318,RESEARCH,EP-IND-07297
NET-07298,2026-01-01 17:26:44+00:00,0,IOMT-007,S-IOMT-007-319,EHR_READ,EP-IND-07298
NET-07299,2026-01-01 17:27:00+00:00,0,IOMT-042,S-IOMT-042-320,IMAGING,EP-IND-07299
NET-07300,2026-01-01 17:27:00+00:00,0,IOMT-013,S-IOMT-013-321,EHR_WRITE,EP-IND-07300
NET-07301,2026-01-01 17:27:10+00:00,0,IOMT-015,S-IOMT-015-322,LAB_RESULTS,EP-IND-07301
NET-07302,2026-01-01 17:27:10+00:00,0,IOMT-018,S-IOMT-018-323,RESEARCH,EP-IND-07302
NET-07303,2026-01-01 17:27:20+00:00,0,IOMT-045,S-IOMT-045-324,RESEARCH,EP-IND-07303
NET-07304,2026-01-01 17:27:25+00:00,0,IOMT-008,S-IOMT-008-325,LAB_RESULTS,EP-IND-07304
NET-07305,2026-01-01 17:27:36+00:00,0,IOMT-031,S-IOMT-031-326,IMAGING,EP-IND-07305
NET-07306,2026-01-01 17:27:38+00:00,0,IOMT-023,S-IOMT-023-327,EHR_WRITE,EP-IND-07306
NET-07307,2026-01-01 17:27:44+00:00,0,IOMT-024,S-IOMT-024-328,IMAGING,EP-IND-07307
NET-07308,2026-01-01 17:28:00+00:00,0,IOMT-040,S-IOMT-040-329,RESEARCH,EP-IND-07308
NET-07309,2026-01-01 17:28:03+00:00,0,IOMT-022,S-IOMT-022-330,EHR_READ,EP-IND-07309
NET-07310,2026-01-01 17:28:04+00:00,0,IOMT-037,S-IOMT-037-331,EHR_READ,EP-IND-07310
NET-07311,2026-01-01 17:28:07+00:00,0,IOMT-005,S-IOMT-005-332,EHR_READ,EP-IND-07311
NET-07312,2026-01-01 17:28:14+00:00,0,IOMT-037,S-IOMT-037-333,LAB_RESULTS,EP-IND-07312
NET-07313,2026-01-01 17:28:20+00:00,0,IOMT-041,S-IOMT-041-334,RESEARCH,EP-IND-07313
NET-07314,2026-01-01 17:28:33+00:00,0,IOMT-047,S-IOMT-047-335,EHR_WRITE,EP-IND-07314
NET-07315,2026-01-01 17:28:42+00:00,0,IOMT-004,S-IOMT-004-336,RESEARCH,EP-IND-07315
NET-07316,2026-01-01 17:28:50+00:00,0,IOMT-026,S-IOMT-026-337,RESEARCH,EP-IND-07316
NET-07317,2026-01-01 17:29:04+00:00,0,IOMT-049,S-IOMT-049-338,EHR_READ,EP-IND-07317
NET-07318,2026-01-01 17:29:13+00:00,0,IOMT-004,S-IOMT-004-339,IMAGING,EP-IND-07318
NET-07319,2026-01-01 17:29:14+00:00,0,IOMT-015,S-IOMT-015-340,RESEARCH,EP-IND-07319
NET-07320,2026-01-01 17:29:35+00:00,0,IOMT-002,S-IOMT-002-341,IMAGING,EP-IND-07320
NET-07321,2026-01-01 17:29:55+00:00,0,IOMT-014,S-IOMT-014-342,LAB_RESULTS,EP-IND-07321
NET-07322,2026-01-01 17:30:02+00:00,0,IOMT-021,S-IOMT-021-343,EHR_WRITE,EP-IND-07322
NET-07323,2026-01-01 17:30:15+00:00,0,IOMT-033,S-IOMT-033-344,EHR_READ,EP-IND-07323
NET-07324,2026-01-01 17:30:22+00:00,0,IOMT-016,S-IOMT-016-345,RESEARCH,EP-IND-07324
NET-07325,2026-01-01 17:30:34+00:00,0,IOMT-010,S-IOMT-010-346,LAB_RESULTS,EP-IND-07325
NET-07326,2026-01-01 17:30:53+00:00,1,IOMT-028,S-IOMT-028-347,RESEARCH,EP-IND-07326
NET-07327,2026-01-01 17:31:21+00:00,0,IOMT-017,S-IOMT-017-348,IMAGING,EP-IND-07327
NET-07328,2026-01-01 17:31:26+00:00,0,IOMT-049,S-IOMT-049-349,LAB_RESULTS,EP-IND-07328
NET-07329,2026-01-01 17:31:27+00:00,0,IOMT-022,S-IOMT-022-350,EHR_WRITE,EP-IND-07329
NET-07330,2026-01-01 17:31:42+00:00,0,IOMT-023,S-IOMT-023-351,LAB_RESULTS,EP-IND-07330
NET-07331,2026-01-01 17:31:55+00:00,0,IOMT-038,S-IOMT-038-352,RESEARCH,EP-IND-07331
NET-07332,2026-01-01 17:31:57+00:00,0,IOMT-015,S-IOMT-015-353,EHR_READ,EP-IND-07332
NET-07333,2026-01-01 17:32:02+00:00,0,IOMT-007,S-IOMT-007-354,RESEARCH,EP-IND-07333
NET-07334,2026-01-01 17:32:17+00:00,0,IOMT-001,S-IOMT-001-355,IMAGING,EP-IND-07334
NET-07335,2026-01-01 17:32:22+00:00,0,IOMT-033,S-IOMT-033-356,EHR_WRITE,EP-IND-07335
NET-07336,2026-01-01 17:32:26+00:00,0,IOMT-011,S-IOMT-011-357,RESEARCH,EP-IND-07336
NET-07337,2026-01-01 17:32:27+00:00,0,IOMT-020,S-IOMT-020-358,IMAGING,EP-IND-07337
NET-07338,2026-01-01 17:32:44+00:00,0,IOMT-042,S-IOMT-042-359,EHR_READ,EP-IND-07338
NET-07339,2026-01-01 17:32:52+00:00,0,IOMT-037,S-IOMT-037-360,LAB_RESULTS,EP-IND-07339
NET-07340,2026-01-01 17:32:57+00:00,0,IOMT-048,S-IOMT-048-361,RESEARCH,EP-IND-07340
NET-07341,2026-01-01 17:32:59+00:00,0,IOMT-046,S-IOMT-046-362,IMAGING,EP-IND-07341
NET-07342,2026-01-01 17:33:02+00:00,0,IOMT-029,S-IOMT-029-363,RESEARCH,EP-IND-07342
NET-07343,2026-01-01 17:33:12+00:00,0,IOMT-016,S-IOMT-016-364,EHR_READ,EP-IND-07343
NET-07344,2026-01-01 17:33:17+00:00,0,IOMT-034,S-IOMT-034-365,EHR_READ,EP-IND-07344
NET-07345,2026-01-01 17:33:41+00:00,0,IOMT-033,S-IOMT-033-366,EHR_WRITE,EP-IND-07345
NET-07346,2026-01-01 17:34:03+00:00,0,IOMT-026,S-IOMT-026-367,IMAGING,EP-IND-07346
NET-07347,2026-01-01 17:34:04+00:00,0,IOMT-024,S-IOMT-024-368,EHR_WRITE,EP-IND-07347
NET-07348,2026-01-01 17:34:17+00:00,0,IOMT-009,S-IOMT-009-369,LAB_RESULTS,EP-IND-07348
NET-07349,2026-01-01 17:34:24+00:00,0,IOMT-005,S-IOMT-005-370,IMAGING,EP-IND-07349
NET-07350,2026-01-01 17:34:29+00:00,0,IOMT-032,S-IOMT-032-371,LAB_RESULTS,EP-IND-07350
NET-07351,2026-01-01 17:34:29+00:00,0,IOMT-032,S-IOMT-032-372,EHR_WRITE,EP-IND-07351
NET-07352,2026-01-01 17:34:29+00:00,0,IOMT-016,S-IOMT-016-373,LAB_RESULTS,EP-IND-07352
NET-07353,2026-01-01 17:34:37+00:00,0,IOMT-029,S-IOMT-029-374,EHR_READ,EP-IND-07353
NET-07354,2026-01-01 17:34:42+00:00,0,IOMT-006,S-IOMT-006-375,EHR_WRITE,EP-IND-07354
NET-07355,2026-01-01 17:34:46+00:00,0,IOMT-025,S-IOMT-025-376,EHR_READ,EP-IND-07355
NET-07356,2026-01-01 17:34:56+00:00,0,IOMT-014,S-IOMT-014-377,RESEARCH,EP-IND-07356
NET-07357,2026-01-01 17:35:14+00:00,0,IOMT-047,S-IOMT-047-378,LAB_RESULTS,EP-IND-07357
NET-07358,2026-01-01 17:35:21+00:00,0,IOMT-045,S-IOMT-045-379,EHR_READ,EP-IND-07358
NET-07359,2026-01-01 17:35:36+00:00,0,IOMT-014,S-IOMT-014-380,EHR_WRITE,EP-IND-07359
NET-07360,2026-01-01 17:35:40+00:00,0,IOMT-044,S-IOMT-044-381,RESEARCH,EP-IND-07360
NET-07361,2026-01-01 17:35:45+00:00,0,IOMT-020,S-IOMT-020-382,IMAGING,EP-IND-07361
NET-07362,2026-01-01 17:35:47+00:00,0,IOMT-001,S-IOMT-001-383,RESEARCH,EP-IND-07362
NET-07363,2026-01-01 17:35:57+00:00,0,IOMT-025,S-IOMT-025-384,EHR_WRITE,EP-IND-07363
NET-07364,2026-01-01 17:36:07+00:00,0,IOMT-044,S-IOMT-044-385,EHR_WRITE,EP-IND-07364
NET-07365,2026-01-01 17:36:18+00:00,0,IOMT-005,S-IOMT-005-386,EHR_WRITE,EP-IND-07365
NET-07366,2026-01-01 17:36:23+00:00,0,IOMT-046,S-IOMT-046-387,LAB_RESULTS,EP-IND-07366
NET-07367,2026-01-01 17:36:26+00:00,0,IOMT-025,S-IOMT-025-388,EHR_WRITE,EP-IND-07367
NET-07368,2026-01-01 17:36:32+00:00,0,IOMT-049,S-IOMT-049-389,LAB_RESULTS,EP-IND-07368
NET-07369,2026-01-01 17:36:34+00:00,0,IOMT-047,S-IOMT-047-390,RESEARCH,EP-IND-07369
NET-07370,2026-01-01 17:36:38+00:00,0,IOMT-020,S-IOMT-020-391,EHR_WRITE,EP-IND-07370
NET-07371,2026-01-01 17:36:50+00:00,1,IOMT-042,S-IOMT-042-392,IMAGING,EP-IND-07371
NET-07372,2026-01-01 17:36:53+00:00,0,IOMT-002,S-IOMT-002-393,RESEARCH,EP-IND-07372
NET-07373,2026-01-01 17:36:56+00:00,0,IOMT-033,S-IOMT-033-394,LAB_RESULTS,EP-IND-07373
NET-07374,2026-01-01 17:37:14+00:00,0,IOMT-013,S-IOMT-013-395,LAB_RESULTS,EP-IND-07374
NET-07375,2026-01-01 17:37:14+00:00,0,IOMT-048,S-IOMT-048-396,RESEARCH,EP-IND-07375
NET-07376,2026-01-01 17:37:20+00:00,0,IOMT-011,S-IOMT-011-397,EHR_READ,EP-IND-07376
NET-07377,2026-01-01 17:37:23+00:00,0,IOMT-038,S-IOMT-038-398,LAB_RESULTS,EP-IND-07377
NET-07378,2026-01-01 17:37:27+00:00,0,IOMT-029,S-IOMT-029-399,EHR_WRITE,EP-IND-07378
NET-07379,2026-01-01 17:37:42+00:00,0,IOMT-040,S-IOMT-040-400,EHR_WRITE,EP-IND-07379
NET-07380,2026-01-01 17:37:44+00:00,0,IOMT-011,S-IOMT-011-401,LAB_RESULTS,EP-IND-07380
NET-07381,2026-01-01 17:37:45+00:00,0,IOMT-021,S-IOMT-021-402,EHR_WRITE,EP-IND-07381
NET-07382,2026-01-01 17:37:53+00:00,0,IOMT-001,S-IOMT-001-403,EHR_WRITE,EP-IND-07382
NET-07383,2026-01-01 17:37:54+00:00,0,IOMT-009,S-IOMT-009-404,EHR_WRITE,EP-IND-07383
NET-07384,2026-01-01 17:38:00+00:00,0,IOMT-028,S-IOMT-028-405,EHR_READ,EP-IND-07384
NET-07385,2026-01-01 17:38:10+00:00,0,IOMT-004,S-IOMT-004-406,LAB_RESULTS,EP-IND-07385
NET-07386,2026-01-01 17:38:13+00:00,0,IOMT-022,S-IOMT-022-407,LAB_RESULTS,EP-IND-07386
NET-07387,2026-01-01 17:38:23+00:00,1,IOMT-032,S-IOMT-032-408,RESEARCH,EP-IND-07387
NET-07388,2026-01-01 17:38:28+00:00,0,IOMT-033,S-IOMT-033-409,LAB_RESULTS,EP-IND-07388
NET-07389,2026-01-01 17:38:31+00:00,0,IOMT-039,S-IOMT-039-410,EHR_READ,EP-IND-07389
NET-07390,2026-01-01 17:39:01+00:00,0,IOMT-047,S-IOMT-047-411,IMAGING,EP-IND-07390
NET-07391,2026-01-01 17:39:07+00:00,0,IOMT-041,S-IOMT-041-412,IMAGING,EP-IND-07391
NET-07392,2026-01-01 17:39:13+00:00,0,IOMT-043,S-IOMT-043-413,EHR_READ,EP-IND-07392
NET-07393,2026-01-01 17:39:16+00:00,0,IOMT-029,S-IOMT-029-414,IMAGING,EP-IND-07393
NET-07394,2026-01-01 17:39:27+00:00,0,IOMT-034,S-IOMT-034-415,RESEARCH,EP-IND-07394
NET-07395,2026-01-01 17:39:31+00:00,1,IOMT-030,S-IOMT-030-416,EHR_READ,EP-IND-07395
NET-07396,2026-01-01 17:39:56+00:00,1,IOMT-001,S-IOMT-001-417,EHR_WRITE,EP-IND-07396
NET-07397,2026-01-01 17:40:05+00:00,0,IOMT-016,S-IOMT-016-418,IMAGING,EP-IND-07397
NET-07398,2026-01-01 17:40:39+00:00,0,IOMT-047,S-IOMT-047-419,RESEARCH,EP-IND-07398
NET-07399,2026-01-01 17:40:40+00:00,0,IOMT-046,S-IOMT-046-420,IMAGING,EP-IND-07399
NET-07400,2026-01-01 17:40:41+00:00,0,IOMT-002,S-IOMT-002-421,IMAGING,EP-IND-07400
NET-07401,2026-01-01 17:41:11+00:00,0,IOMT-045,S-IOMT-045-422,LAB_RESULTS,EP-IND-07401
NET-07402,2026-01-01 17:41:21+00:00,0,IOMT-045,S-IOMT-045-423,IMAGING,EP-IND-07402
NET-07403,2026-01-01 17:41:23+00:00,0,IOMT-022,S-IOMT-022-424,EHR_WRITE,EP-IND-07403
NET-07404,2026-01-01 17:41:27+00:00,0,IOMT-020,S-IOMT-020-425,IMAGING,EP-IND-07404
NET-07405,2026-01-01 17:41:28+00:00,0,IOMT-011,S-IOMT-011-426,RESEARCH,EP-IND-07405
NET-07406,2026-01-01 17:41:30+00:00,0,IOMT-045,S-IOMT-045-427,LAB_RESULTS,EP-IND-07406
NET-07407,2026-01-01 17:41:37+00:00,0,IOMT-034,S-IOMT-034-428,EHR_READ,EP-IND-07407
NET-07408,2026-01-01 17:41:38+00:00,0,IOMT-033,S-IOMT-033-429,EHR_WRITE,EP-IND-07408
NET-07409,2026-01-01 17:41:39+00:00,0,IOMT-035,S-IOMT-035-430,LAB_RESULTS,EP-IND-07409
NET-07410,2026-01-01 17:41:50+00:00,0,IOMT-031,S-IOMT-031-431,LAB_RESULTS,EP-IND-07410
NET-07411,2026-01-01 17:42:02+00:00,0,IOMT-044,S-IOMT-044-432,RESEARCH,EP-IND-07411
NET-07412,2026-01-01 17:42:03+00:00,0,IOMT-031,S-IOMT-031-433,EHR_WRITE,EP-IND-07412
NET-07413,2026-01-01 17:42:09+00:00,0,IOMT-037,S-IOMT-037-434,EHR_READ,EP-IND-07413
NET-07414,2026-01-01 17:42:10+00:00,0,IOMT-016,S-IOMT-016-435,LAB_RESULTS,EP-IND-07414
NET-07415,2026-01-01 17:42:12+00:00,0,IOMT-038,S-IOMT-038-436,LAB_RESULTS,EP-IND-07415
NET-07416,2026-01-01 17:42:16+00:00,0,IOMT-044,S-IOMT-044-437,RESEARCH,EP-IND-07416
NET-07417,2026-01-01 17:42:18+00:00,0,IOMT-031,S-IOMT-031-438,RESEARCH,EP-IND-07417
NET-07418,2026-01-01 17:42:21+00:00,0,IOMT-001,S-IOMT-001-439,EHR_WRITE,EP-IND-07418
NET-07419,2026-01-01 17:42:30+00:00,0,IOMT-017,S-IOMT-017-440,LAB_RESULTS,EP-IND-07419
NET-07420,2026-01-01 17:42:33+00:00,0,IOMT-000,S-IOMT-000-441,IMAGING,EP-IND-07420
NET-07421,2026-01-01 17:42:35+00:00,0,IOMT-039,S-IOMT-039-442,RESEARCH,EP-IND-07421
NET-07422,2026-01-01 17:42:37+00:00,0,IOMT-041,S-IOMT-041-443,EHR_WRITE,EP-IND-07422
NET-07423,2026-01-01 17:43:02+00:00,0,IOMT-024,S-IOMT-024-444,IMAGING,EP-IND-07423
NET-07424,2026-01-01 17:43:03+00:00,0,IOMT-020,S-IOMT-020-445,EHR_WRITE,EP-IND-07424
NET-07425,2026-01-01 17:43:04+00:00,0,IOMT-018,S-IOMT-018-446,RESEARCH,EP-IND-07425
NET-07426,2026-01-01 17:43:07+00:00,0,IOMT-033,S-IOMT-033-447,EHR_WRITE,EP-IND-07426
NET-07427,2026-01-01 17:43:37+00:00,0,IOMT-007,S-IOMT-007-448,RESEARCH,EP-IND-07427
NET-07428,2026-01-01 17:43:40+00:00,0,IOMT-014,S-IOMT-014-449,EHR_READ,EP-IND-07428
NET-07429,2026-01-01 17:43:41+00:00,0,IOMT-007,S-IOMT-007-450,EHR_WRITE,EP-IND-07429
NET-07430,2026-01-01 17:43:58+00:00,1,IOMT-022,S-IOMT-022-451,LAB_RESULTS,EP-IND-07430
NET-07431,2026-01-01 17:44:21+00:00,0,IOMT-007,S-IOMT-007-452,IMAGING,EP-IND-07431
NET-07432,2026-01-01 17:44:38+00:00,0,IOMT-014,S-IOMT-014-453,RESEARCH,EP-IND-07432
NET-07433,2026-01-01 17:44:47+00:00,0,IOMT-044,S-IOMT-044-454,EHR_WRITE,EP-IND-07433
NET-07434,2026-01-01 17:44:52+00:00,0,IOMT-030,S-IOMT-030-455,EHR_READ,EP-IND-07434
NET-07435,2026-01-01 17:45:13+00:00,0,IOMT-026,S-IOMT-026-456,RESEARCH,EP-IND-07435
NET-07436,2026-01-01 17:45:22+00:00,0,IOMT-036,S-IOMT-036-457,RESEARCH,EP-IND-07436
NET-07437,2026-01-01 17:45:44+00:00,0,IOMT-007,S-IOMT-007-458,IMAGING,EP-IND-07437
NET-07438,2026-01-01 17:45:50+00:00,0,IOMT-008,S-IOMT-008-459,LAB_RESULTS,EP-IND-07438
NET-07439,2026-01-01 17:45:55+00:00,0,IOMT-040,S-IOMT-040-460,IMAGING,EP-IND-07439
NET-07440,2026-01-01 17:46:01+00:00,1,IOMT-034,S-IOMT-034-461,EHR_READ,EP-IND-07440
NET-07441,2026-01-01 17:46:14+00:00,0,IOMT-034,S-IOMT-034-462,LAB_RESULTS,EP-IND-07441
NET-07442,2026-01-01 17:46:28+00:00,0,IOMT-014,S-IOMT-014-463,LAB_RESULTS,EP-IND-07442
NET-07443,2026-01-01 17:46:46+00:00,0,IOMT-040,S-IOMT-040-464,EHR_READ,EP-IND-07443
NET-07444,2026-01-01 17:46:52+00:00,0,IOMT-047,S-IOMT-047-465,IMAGING,EP-IND-07444
NET-07445,2026-01-01 17:46:57+00:00,0,IOMT-024,S-IOMT-024-466,EHR_WRITE,EP-IND-07445
NET-07446,2026-01-01 17:46:58+00:00,0,IOMT-026,S-IOMT-026-467,RESEARCH,EP-IND-07446
NET-07447,2026-01-01 17:47:00+00:00,0,IOMT-043,S-IOMT-043-468,EHR_WRITE,EP-IND-07447
NET-07448,2026-01-01 17:47:04+00:00,0,IOMT-020,S-IOMT-020-469,IMAGING,EP-IND-07448
NET-07449,2026-01-01 17:47:04+00:00,0,IOMT-006,S-IOMT-006-470,LAB_RESULTS,EP-IND-07449
NET-07450,2026-01-01 17:47:05+00:00,0,IOMT-031,S-IOMT-031-471,IMAGING,EP-IND-07450
NET-07451,2026-01-01 17:47:09+00:00,0,IOMT-046,S-IOMT-046-472,EHR_WRITE,EP-IND-07451
NET-07452,2026-01-01 17:47:12+00:00,0,IOMT-001,S-IOMT-001-473,RESEARCH,EP-IND-07452
NET-07453,2026-01-01 17:47:22+00:00,0,IOMT-010,S-IOMT-010-474,LAB_RESULTS,EP-IND-07453
NET-07454,2026-01-01 17:47:34+00:00,0,IOMT-011,S-IOMT-011-475,LAB_RESULTS,EP-IND-07454
NET-07455,2026-01-01 17:47:34+00:00,0,IOMT-001,S-IOMT-001-476,RESEARCH,EP-IND-07455
NET-07456,2026-01-01 17:47:41+00:00,0,IOMT-021,S-IOMT-021-477,EHR_WRITE,EP-IND-07456
NET-07457,2026-01-01 17:47:53+00:00,0,IOMT-041,S-IOMT-041-478,RESEARCH,EP-IND-07457
NET-07458,2026-01-01 17:48:05+00:00,0,IOMT-043,S-IOMT-043-479,EHR_WRITE,EP-IND-07458
NET-07459,2026-01-01 17:48:16+00:00,0,IOMT-044,S-IOMT-044-480,EHR_WRITE,EP-IND-07459
NET-07460,2026-01-01 17:48:23+00:00,0,IOMT-034,S-IOMT-034-481,IMAGING,EP-IND-07460
NET-07461,2026-01-01 17:48:29+00:00,0,IOMT-038,S-IOMT-038-482,LAB_RESULTS,EP-IND-07461
NET-07462,2026-01-01 17:48:49+00:00,0,IOMT-009,S-IOMT-009-483,RESEARCH,EP-IND-07462
NET-07463,2026-01-01 17:49:13+00:00,0,IOMT-009,S-IOMT-009-484,EHR_READ,EP-IND-07463
NET-07464,2026-01-01 17:49:31+00:00,0,IOMT-012,S-IOMT-012-485,LAB_RESULTS,EP-IND-07464
NET-07465,2026-01-01 17:49:37+00:00,0,IOMT-011,S-IOMT-011-486,EHR_WRITE,EP-IND-07465
NET-07466,2026-01-01 17:49:38+00:00,0,IOMT-020,S-IOMT-020-487,IMAGING,EP-IND-07466
NET-07467,2026-01-01 17:49:49+00:00,0,IOMT-017,S-IOMT-017-488,RESEARCH,EP-IND-07467
NET-07468,2026-01-01 17:49:59+00:00,0,IOMT-001,S-IOMT-001-489,EHR_WRITE,EP-IND-07468
NET-07469,2026-01-01 17:50:15+00:00,0,IOMT-042,S-IOMT-042-490,RESEARCH,EP-IND-07469
NET-07470,2026-01-01 17:50:20+00:00,1,IOMT-035,S-IOMT-035-491,EHR_WRITE,EP-IND-07470
NET-07471,2026-01-01 17:50:30+00:00,0,IOMT-031,S-IOMT-031-492,EHR_WRITE,EP-IND-07471
NET-07472,2026-01-01 17:50:56+00:00,0,IOMT-004,S-IOMT-004-493,EHR_WRITE,EP-IND-07472
NET-07473,2026-01-01 17:50:57+00:00,0,IOMT-033,S-IOMT-033-494,RESEARCH,EP-IND-07473
NET-07474,2026-01-01 17:51:22+00:00,0,IOMT-027,S-IOMT-027-495,IMAGING,EP-IND-07474
NET-07475,2026-01-01 17:51:31+00:00,0,IOMT-024,S-IOMT-024-496,LAB_RESULTS,EP-IND-07475
NET-07476,2026-01-01 17:52:11+00:00,0,IOMT-003,S-IOMT-003-497,LAB_RESULTS,EP-IND-07476
NET-07477,2026-01-01 17:52:17+00:00,0,IOMT-013,S-IOMT-013-498,IMAGING,EP-IND-07477
NET-07478,2026-01-01 17:52:21+00:00,0,IOMT-020,S-IOMT-020-499,IMAGING,EP-IND-07478
NET-07479,2026-01-01 17:52:27+00:00,0,IOMT-001,S-IOMT-001-500,EHR_WRITE,EP-IND-07479
NET-07480,2026-01-01 17:52:33+00:00,0,IOMT-007,S-IOMT-007-501,EHR_READ,EP-IND-07480
NET-07481,2026-01-01 17:52:34+00:00,0,IOMT-005,S-IOMT-005-502,RESEARCH,EP-IND-07481
NET-07482,2026-01-01 17:52:43+00:00,0,IOMT-007,S-IOMT-007-503,RESEARCH,EP-IND-07482
NET-07483,2026-01-01 17:52:51+00:00,0,IOMT-030,S-IOMT-030-504,EHR_READ,EP-IND-07483
NET-07484,2026-01-01 17:52:54+00:00,0,IOMT-003,S-IOMT-003-505,IMAGING,EP-IND-07484
NET-07485,2026-01-01 17:53:20+00:00,0,IOMT-033,S-IOMT-033-506,EHR_READ,EP-IND-07485
NET-07486,2026-01-01 17:53:39+00:00,0,IOMT-021,S-IOMT-021-507,EHR_WRITE,EP-IND-07486
NET-07487,2026-01-01 17:53:43+00:00,0,IOMT-023,S-IOMT-023-508,IMAGING,EP-IND-07487
NET-07488,2026-01-01 17:53:52+00:00,0,IOMT-029,S-IOMT-029-509,EHR_READ,EP-IND-07488
NET-07489,2026-01-01 17:53:54+00:00,0,IOMT-012,S-IOMT-012-510,EHR_WRITE,EP-IND-07489
NET-07490,2026-01-01 17:53:59+00:00,0,IOMT-000,S-IOMT-000-511,IMAGING,EP-IND-07490
NET-07491,2026-01-01 17:54:18+00:00,0,IOMT-015,S-IOMT-015-512,IMAGING,EP-IND-07491
NET-07492,2026-01-01 17:54:20+00:00,0,IOMT-019,S-IOMT-019-513,IMAGING,EP-IND-07492
NET-07493,2026-01-01 17:54:23+00:00,0,IOMT-029,S-IOMT-029-514,RESEARCH,EP-IND-07493
NET-07494,2026-01-01 17:54:27+00:00,0,IOMT-006,S-IOMT-006-515,IMAGING,EP-IND-07494
NET-07495,2026-01-01 17:54:35+00:00,0,IOMT-041,S-IOMT-041-516,IMAGING,EP-IND-07495
NET-07496,2026-01-01 17:54:52+00:00,0,IOMT-043,S-IOMT-043-517,EHR_READ,EP-IND-07496
NET-07497,2026-01-01 17:55:09+00:00,0,IOMT-022,S-IOMT-022-518,IMAGING,EP-IND-07497
NET-07498,2026-01-01 17:55:20+00:00,0,IOMT-008,S-IOMT-008-519,IMAGING,EP-IND-07498
NET-07499,2026-01-01 17:55:41+00:00,0,IOMT-001,S-IOMT-001-520,IMAGING,EP-IND-07499
NET-07500,2026-01-01 17:55:50+00:00,0,IOMT-012,S-IOMT-012-521,LAB_RESULTS,EP-IND-07500
NET-07501,2026-01-01 17:55:59+00:00,0,IOMT-012,S-IOMT-012-522,LAB_RESULTS,EP-IND-07501
NET-07502,2026-01-01 17:56:01+00:00,1,IOMT-025,S-IOMT-025-523,RESEARCH,EP-IND-07502
NET-07503,2026-01-01 17:56:22+00:00,0,IOMT-002,S-IOMT-002-524,EHR_WRITE,EP-IND-07503
NET-07504,2026-01-01 17:56:50+00:00,0,IOMT-022,S-IOMT-022-525,RESEARCH,EP-IND-07504
NET-07505,2026-01-01 17:56:53+00:00,0,IOMT-030,S-IOMT-030-526,IMAGING,EP-IND-07505
NET-07506,2026-01-01 17:57:02+00:00,0,IOMT-048,S-IOMT-048-527,LAB_RESULTS,EP-IND-07506
NET-07507,2026-01-01 17:57:03+00:00,0,IOMT-047,S-IOMT-047-528,EHR_READ,EP-IND-07507
NET-07508,2026-01-01 17:57:11+00:00,0,IOMT-024,S-IOMT-024-529,RESEARCH,EP-IND-07508
NET-07509,2026-01-01 17:57:19+00:00,0,IOMT-049,S-IOMT-049-530,IMAGING,EP-IND-07509
NET-07510,2026-01-01 17:57:55+00:00,0,IOMT-042,S-IOMT-042-531,LAB_RESULTS,EP-IND-07510
NET-07511,2026-01-01 17:57:57+00:00,0,IOMT-010,S-IOMT-010-532,RESEARCH,EP-IND-07511
NET-07512,2026-01-01 17:58:01+00:00,0,IOMT-017,S-IOMT-017-533,LAB_RESULTS,EP-IND-07512
NET-07513,2026-01-01 17:58:08+00:00,0,IOMT-008,S-IOMT-008-534,EHR_READ,EP-IND-07513
NET-07514,2026-01-01 17:58:23+00:00,0,IOMT-020,S-IOMT-020-535,LAB_RESULTS,EP-IND-07514
NET-07515,2026-01-01 17:58:32+00:00,0,IOMT-007,S-IOMT-007-536,EHR_WRITE,EP-IND-07515
NET-07516,2026-01-01 17:58:33+00:00,0,IOMT-009,S-IOMT-009-537,EHR_READ,EP-IND-07516
NET-07517,2026-01-01 17:58:36+00:00,0,IOMT-021,S-IOMT-021-538,IMAGING,EP-IND-07517
NET-07518,2026-01-01 17:58:37+00:00,0,IOMT-029,S-IOMT-029-539,LAB_RESULTS,EP-IND-07518
NET-07519,2026-01-01 17:58:38+00:00,0,IOMT-038,S-IOMT-038-540,RESEARCH,EP-IND-07519
NET-07520,2026-01-01 17:58:39+00:00,0,IOMT-021,S-IOMT-021-541,LAB_RESULTS,EP-IND-07520
NET-07521,2026-01-01 17:58:45+00:00,0,IOMT-033,S-IOMT-033-542,IMAGING,EP-IND-07521
NET-07522,2026-01-01 17:58:47+00:00,0,IOMT-004,S-IOMT-004-543,EHR_WRITE,EP-IND-07522
NET-07523,2026-01-01 17:58:58+00:00,0,IOMT-048,S-IOMT-048-544,EHR_WRITE,EP-IND-07523
NET-07524,2026-01-01 17:59:10+00:00,0,IOMT-026,S-IOMT-026-545,RESEARCH,EP-IND-07524
NET-07525,2026-01-01 17:59:12+00:00,0,IOMT-007,S-IOMT-007-546,EHR_READ,EP-IND-07525
NET-07526,2026-01-01 17:59:27+00:00,0,IOMT-030,S-IOMT-030-547,RESEARCH,EP-IND-07526
NET-07527,2026-01-01 17:59:30+00:00,0,IOMT-034,S-IOMT-034-548,EHR_WRITE,EP-IND-07527
NET-07528,2026-01-01 17:59:32+00:00,0,IOMT-034,S-IOMT-034-549,RESEARCH,EP-IND-07528
NET-07529,2026-01-01 17:59:35+00:00,0,IOMT-021,S-IOMT-021-550,IMAGING,EP-IND-07529
NET-07530,2026-01-01 17:59:45+00:00,0,IOMT-029,S-IOMT-029-551,LAB_RESULTS,EP-IND-07530
NET-07531,2026-01-01 18:00:15+00:00,0,IOMT-042,S-IOMT-042-552,EHR_WRITE,EP-IND-07531
NET-07532,2026-01-01 18:00:16+00:00,0,IOMT-018,S-IOMT-018-553,EHR_WRITE,EP-IND-07532
NET-07533,2026-01-01 18:01:05+00:00,0,IOMT-012,S-IOMT-012-554,EHR_READ,EP-IND-07533
NET-07534,2026-01-01 18:01:06+00:00,0,IOMT-026,S-IOMT-026-555,EHR_WRITE,EP-IND-07534
NET-07535,2026-01-01 18:01:09+00:00,0,IOMT-022,S-IOMT-022-556,RESEARCH,EP-IND-07535
NET-07536,2026-01-01 18:01:17+00:00,0,IOMT-025,S-IOMT-025-557,RESEARCH,EP-IND-07536
NET-07537,2026-01-01 18:01:23+00:00,0,IOMT-015,S-IOMT-015-558,EHR_READ,EP-IND-07537
NET-07538,2026-01-01 18:01:27+00:00,1,IOMT-002,S-IOMT-002-559,EHR_WRITE,EP-IND-07538
NET-07539,2026-01-01 18:01:35+00:00,0,IOMT-020,S-IOMT-020-560,RESEARCH,EP-IND-07539
NET-07540,2026-01-01 18:01:44+00:00,0,IOMT-039,S-IOMT-039-561,EHR_WRITE,EP-IND-07540
NET-07541,2026-01-01 18:02:02+00:00,0,IOMT-043,S-IOMT-043-562,IMAGING,EP-IND-07541
NET-07542,2026-01-01 18:02:44+00:00,0,IOMT-024,S-IOMT-024-563,RESEARCH,EP-IND-07542
NET-07543,2026-01-01 18:02:45+00:00,1,IOMT-038,S-IOMT-038-564,LAB_RESULTS,EP-IND-07543
NET-07544,2026-01-01 18:02:45+00:00,0,IOMT-049,S-IOMT-049-565,LAB_RESULTS,EP-IND-07544
NET-07545,2026-01-01 18:02:56+00:00,0,IOMT-005,S-IOMT-005-566,LAB_RESULTS,EP-IND-07545
NET-07546,2026-01-01 18:03:18+00:00,0,IOMT-009,S-IOMT-009-567,EHR_READ,EP-IND-07546
NET-07547,2026-01-01 18:03:26+00:00,0,IOMT-012,S-IOMT-012-568,EHR_READ,EP-IND-07547
NET-07548,2026-01-01 18:04:04+00:00,0,IOMT-002,S-IOMT-002-569,EHR_WRITE,EP-IND-07548
NET-07549,2026-01-01 18:04:05+00:00,0,IOMT-019,S-IOMT-019-570,RESEARCH,EP-IND-07549
NET-07550,2026-01-01 18:04:50+00:00,0,IOMT-003,S-IOMT-003-571,IMAGING,EP-IND-07550
NET-07551,2026-01-01 18:04:55+00:00,0,IOMT-039,S-IOMT-039-572,IMAGING,EP-IND-07551
NET-07552,2026-01-01 18:04:58+00:00,0,IOMT-048,S-IOMT-048-573,EHR_READ,EP-IND-07552
NET-07553,2026-01-01 18:04:59+00:00,0,IOMT-013,S-IOMT-013-574,EHR_WRITE,EP-IND-07553
NET-07554,2026-01-01 18:05:13+00:00,0,IOMT-014,S-IOMT-014-575,EHR_READ,EP-IND-07554
NET-07555,2026-01-01 18:05:39+00:00,0,IOMT-035,S-IOMT-035-576,RESEARCH,EP-IND-07555
NET-07556,2026-01-01 18:05:44+00:00,0,IOMT-000,S-IOMT-000-577,RESEARCH,EP-IND-07556
NET-07557,2026-01-01 18:05:54+00:00,0,IOMT-024,S-IOMT-024-578,EHR_READ,EP-IND-07557
NET-07558,2026-01-01 18:06:18+00:00,0,IOMT-031,S-IOMT-031-579,EHR_WRITE,EP-IND-07558
NET-07559,2026-01-01 18:06:18+00:00,0,IOMT-041,S-IOMT-041-580,LAB_RESULTS,EP-IND-07559
NET-07560,2026-01-01 18:06:30+00:00,0,IOMT-034,S-IOMT-034-581,EHR_READ,EP-IND-07560
NET-07561,2026-01-01 18:06:36+00:00,0,IOMT-030,S-IOMT-030-582,EHR_READ,EP-IND-07561
NET-07562,2026-01-01 18:06:47+00:00,0,IOMT-006,S-IOMT-006-583,LAB_RESULTS,EP-IND-07562
NET-07563,2026-01-01 18:06:47+00:00,0,IOMT-046,S-IOMT-046-584,LAB_RESULTS,EP-IND-07563
NET-07564,2026-01-01 18:06:58+00:00,0,IOMT-045,S-IOMT-045-585,EHR_WRITE,EP-IND-07564
NET-07565,2026-01-01 18:07:12+00:00,0,IOMT-018,S-IOMT-018-586,LAB_RESULTS,EP-IND-07565
NET-07566,2026-01-01 18:07:20+00:00,0,IOMT-032,S-IOMT-032-587,EHR_WRITE,EP-IND-07566
NET-07567,2026-01-01 18:07:33+00:00,0,IOMT-002,S-IOMT-002-588,EHR_READ,EP-IND-07567
NET-07568,2026-01-01 18:07:36+00:00,0,IOMT-039,S-IOMT-039-589,EHR_WRITE,EP-IND-07568
NET-07569,2026-01-01 18:07:44+00:00,0,IOMT-047,S-IOMT-047-590,EHR_READ,EP-IND-07569
NET-07570,2026-01-01 18:08:03+00:00,0,IOMT-028,S-IOMT-028-591,LAB_RESULTS,EP-IND-07570
NET-07571,2026-01-01 18:08:23+00:00,0,IOMT-036,S-IOMT-036-592,LAB_RESULTS,EP-IND-07571
NET-07572,2026-01-01 18:08:33+00:00,0,IOMT-046,S-IOMT-046-593,EHR_READ,EP-IND-07572
NET-07573,2026-01-01 18:08:53+00:00,0,IOMT-032,S-IOMT-032-594,IMAGING,EP-IND-07573
NET-07574,2026-01-01 18:08:55+00:00,0,IOMT-038,S-IOMT-038-595,EHR_WRITE,EP-IND-07574
NET-07575,2026-01-01 18:08:55+00:00,0,IOMT-032,S-IOMT-032-596,RESEARCH,EP-IND-07575
NET-07576,2026-01-01 18:08:56+00:00,0,IOMT-027,S-IOMT-027-597,IMAGING,EP-IND-07576
NET-07577,2026-01-01 18:09:01+00:00,0,IOMT-030,S-IOMT-030-598,EHR_WRITE,EP-IND-07577
NET-07578,2026-01-01 18:09:10+00:00,0,IOMT-016,S-IOMT-016-599,RESEARCH,EP-IND-07578
NET-07579,2026-01-01 18:09:19+00:00,1,IOMT-035,S-IOMT-035-600,IMAGING,EP-IND-07579
NET-07580,2026-01-01 18:09:33+00:00,0,IOMT-036,S-IOMT-036-601,RESEARCH,EP-IND-07580
NET-07581,2026-01-01 18:09:45+00:00,0,IOMT-028,S-IOMT-028-602,RESEARCH,EP-IND-07581
NET-07582,2026-01-01 18:09:49+00:00,0,IOMT-012,S-IOMT-012-603,EHR_WRITE,EP-IND-07582
NET-07583,2026-01-01 18:10:02+00:00,0,IOMT-034,S-IOMT-034-604,EHR_WRITE,EP-IND-07583
NET-07584,2026-01-01 18:10:05+00:00,0,IOMT-048,S-IOMT-048-605,RESEARCH,EP-IND-07584
NET-07585,2026-01-01 18:10:09+00:00,0,IOMT-019,S-IOMT-019-606,RESEARCH,EP-IND-07585
NET-07586,2026-01-01 18:10:43+00:00,1,IOMT-033,S-IOMT-033-607,IMAGING,EP-IND-07586
NET-07587,2026-01-01 18:11:05+00:00,0,IOMT-020,S-IOMT-020-608,LAB_RESULTS,EP-IND-07587
NET-07588,2026-01-01 18:11:06+00:00,0,IOMT-010,S-IOMT-010-609,RESEARCH,EP-IND-07588
NET-07589,2026-01-01 18:11:08+00:00,0,IOMT-021,S-IOMT-021-610,EHR_WRITE,EP-IND-07589
NET-07590,2026-01-01 18:11:24+00:00,0,IOMT-041,S-IOMT-041-611,IMAGING,EP-IND-07590
NET-07591,2026-01-01 18:11:29+00:00,1,IOMT-013,S-IOMT-013-612,EHR_READ,EP-IND-07591
NET-07592,2026-01-01 18:11:32+00:00,0,IOMT-044,S-IOMT-044-613,IMAGING,EP-IND-07592
NET-07593,2026-01-01 18:11:33+00:00,0,IOMT-009,S-IOMT-009-614,EHR_READ,EP-IND-07593
NET-07594,2026-01-01 18:11:38+00:00,0,IOMT-042,S-IOMT-042-615,EHR_READ,EP-IND-07594
NET-07595,2026-01-01 18:12:03+00:00,0,IOMT-002,S-IOMT-002-616,IMAGING,EP-IND-07595
NET-07596,2026-01-01 18:12:04+00:00,0,IOMT-017,S-IOMT-017-617,EHR_READ,EP-IND-07596
NET-07597,2026-01-01 18:12:07+00:00,0,IOMT-023,S-IOMT-023-618,EHR_WRITE,EP-IND-07597
NET-07598,2026-01-01 18:12:07+00:00,0,IOMT-008,S-IOMT-008-619,EHR_READ,EP-IND-07598
NET-07599,2026-01-01 18:12:16+00:00,0,IOMT-015,S-IOMT-015-620,EHR_READ,EP-IND-07599
NET-07600,2026-01-01 18:12:24+00:00,0,IOMT-029,S-IOMT-029-621,LAB_RESULTS,EP-IND-07600
NET-07601,2026-01-01 18:12:29+00:00,0,IOMT-030,S-IOMT-030-622,EHR_WRITE,EP-IND-07601
NET-07602,2026-01-01 18:12:40+00:00,0,IOMT-001,S-IOMT-001-623,RESEARCH,EP-IND-07602
NET-07603,2026-01-01 18:12:45+00:00,0,IOMT-013,S-IOMT-013-624,EHR_READ,EP-IND-07603
NET-07604,2026-01-01 18:12:46+00:00,0,IOMT-013,S-IOMT-013-625,EHR_WRITE,EP-IND-07604
NET-07605,2026-01-01 18:12:58+00:00,0,IOMT-011,S-IOMT-011-626,LAB_RESULTS,EP-IND-07605
NET-07606,2026-01-01 18:13:08+00:00,0,IOMT-042,S-IOMT-042-627,RESEARCH,EP-IND-07606
NET-07607,2026-01-01 18:13:19+00:00,1,IOMT-041,S-IOMT-041-628,EHR_WRITE,EP-IND-07607
NET-07608,2026-01-01 18:13:23+00:00,0,IOMT-043,S-IOMT-043-629,RESEARCH,EP-IND-07608
NET-07609,2026-01-01 18:13:32+00:00,0,IOMT-046,S-IOMT-046-630,RESEARCH,EP-IND-07609
NET-07610,2026-01-01 18:13:40+00:00,0,IOMT-018,S-IOMT-018-631,IMAGING,EP-IND-07610
NET-07611,2026-01-01 18:13:45+00:00,0,IOMT-010,S-IOMT-010-632,LAB_RESULTS,EP-IND-07611
NET-07612,2026-01-01 18:13:46+00:00,0,IOMT-007,S-IOMT-007-633,LAB_RESULTS,EP-IND-07612
NET-07613,2026-01-01 18:13:52+00:00,0,IOMT-043,S-IOMT-043-634,IMAGING,EP-IND-07613
NET-07614,2026-01-01 18:14:10+00:00,0,IOMT-026,S-IOMT-026-635,RESEARCH,EP-IND-07614
NET-07615,2026-01-01 18:14:18+00:00,0,IOMT-025,S-IOMT-025-636,IMAGING,EP-IND-07615
NET-07616,2026-01-01 18:14:19+00:00,0,IOMT-004,S-IOMT-004-637,IMAGING,EP-IND-07616
NET-07617,2026-01-01 18:14:23+00:00,0,IOMT-006,S-IOMT-006-638,EHR_READ,EP-IND-07617
NET-07618,2026-01-01 18:14:23+00:00,0,IOMT-017,S-IOMT-017-639,LAB_RESULTS,EP-IND-07618
NET-07619,2026-01-01 18:14:29+00:00,0,IOMT-029,S-IOMT-029-640,RESEARCH,EP-IND-07619
NET-07620,2026-01-01 18:14:44+00:00,0,IOMT-031,S-IOMT-031-641,EHR_WRITE,EP-IND-07620
NET-07621,2026-01-01 18:15:00+00:00,0,IOMT-038,S-IOMT-038-642,IMAGING,EP-IND-07621
NET-07622,2026-01-01 18:15:08+00:00,0,IOMT-027,S-IOMT-027-643,RESEARCH,EP-IND-07622
NET-07623,2026-01-01 18:15:42+00:00,0,IOMT-030,S-IOMT-030-644,LAB_RESULTS,EP-IND-07623
NET-07624,2026-01-01 18:15:54+00:00,0,IOMT-008,S-IOMT-008-645,IMAGING,EP-IND-07624
NET-07625,2026-01-01 18:15:56+00:00,0,IOMT-001,S-IOMT-001-646,IMAGING,EP-IND-07625
NET-07626,2026-01-01 18:16:00+00:00,0,IOMT-008,S-IOMT-008-647,LAB_RESULTS,EP-IND-07626
NET-07627,2026-01-01 18:16:05+00:00,0,IOMT-023,S-IOMT-023-648,RESEARCH,EP-IND-07627
NET-07628,2026-01-01 18:16:20+00:00,1,IOMT-005,S-IOMT-005-649,LAB_RESULTS,EP-IND-07628
NET-07629,2026-01-01 18:16:34+00:00,0,IOMT-016,S-IOMT-016-650,LAB_RESULTS,EP-IND-07629
NET-07630,2026-01-01 18:16:43+00:00,0,IOMT-043,S-IOMT-043-651,RESEARCH,EP-IND-07630
NET-07631,2026-01-01 18:16:54+00:00,0,IOMT-027,S-IOMT-027-652,LAB_RESULTS,EP-IND-07631
NET-07632,2026-01-01 18:17:00+00:00,0,IOMT-011,S-IOMT-011-653,RESEARCH,EP-IND-07632
NET-07633,2026-01-01 18:17:02+00:00,1,IOMT-019,S-IOMT-019-654,IMAGING,EP-IND-07633
NET-07634,2026-01-01 18:17:16+00:00,0,IOMT-029,S-IOMT-029-655,IMAGING,EP-IND-07634
NET-07635,2026-01-01 18:17:19+00:00,0,IOMT-008,S-IOMT-008-656,EHR_WRITE,EP-IND-07635
NET-07636,2026-01-01 18:17:19+00:00,0,IOMT-029,S-IOMT-029-657,EHR_READ,EP-IND-07636
NET-07637,2026-01-01 18:17:40+00:00,0,IOMT-000,S-IOMT-000-658,IMAGING,EP-IND-07637
NET-07638,2026-01-01 18:17:51+00:00,1,IOMT-015,S-IOMT-015-659,EHR_READ,EP-IND-07638
NET-07639,2026-01-01 18:18:16+00:00,0,IOMT-049,S-IOMT-049-660,EHR_READ,EP-IND-07639
NET-07640,2026-01-01 18:18:19+00:00,0,IOMT-034,S-IOMT-034-661,LAB_RESULTS,EP-IND-07640
NET-07641,2026-01-01 18:18:20+00:00,0,IOMT-000,S-IOMT-000-662,LAB_RESULTS,EP-IND-07641
NET-07642,2026-01-01 18:18:38+00:00,0,IOMT-001,S-IOMT-001-663,EHR_WRITE,EP-IND-07642
NET-07643,2026-01-01 18:18:40+00:00,0,IOMT-023,S-IOMT-023-664,RESEARCH,EP-IND-07643
NET-07644,2026-01-01 18:18:49+00:00,0,IOMT-034,S-IOMT-034-665,LAB_RESULTS,EP-IND-07644
NET-07645,2026-01-01 18:18:52+00:00,0,IOMT-047,S-IOMT-047-666,IMAGING,EP-IND-07645
NET-07646,2026-01-01 18:18:53+00:00,0,IOMT-037,S-IOMT-037-667,RESEARCH,EP-IND-07646
NET-07647,2026-01-01 18:18:59+00:00,0,IOMT-029,S-IOMT-029-668,LAB_RESULTS,EP-IND-07647
NET-07648,2026-01-01 18:19:08+00:00,0,IOMT-022,S-IOMT-022-669,IMAGING,EP-IND-07648
NET-07649,2026-01-01 18:19:16+00:00,0,IOMT-026,S-IOMT-026-670,IMAGING,EP-IND-07649
NET-07650,2026-01-01 18:19:27+00:00,0,IOMT-047,S-IOMT-047-671,EHR_READ,EP-IND-07650
NET-07651,2026-01-01 18:19:30+00:00,0,IOMT-019,S-IOMT-019-672,IMAGING,EP-IND-07651
NET-07652,2026-01-01 18:19:35+00:00,0,IOMT-004,S-IOMT-004-673,IMAGING,EP-IND-07652
NET-07653,2026-01-01 18:19:37+00:00,0,IOMT-010,S-IOMT-010-674,EHR_READ,EP-IND-07653
NET-07654,2026-01-01 18:19:37+00:00,0,IOMT-040,S-IOMT-040-675,LAB_RESULTS,EP-IND-07654
NET-07655,2026-01-01 18:19:40+00:00,0,IOMT-009,S-IOMT-009-676,EHR_READ,EP-IND-07655
NET-07656,2026-01-01 18:19:42+00:00,0,IOMT-034,S-IOMT-034-677,RESEARCH,EP-IND-07656
NET-07657,2026-01-01 18:19:52+00:00,0,IOMT-030,S-IOMT-030-678,IMAGING,EP-IND-07657
NET-07658,2026-01-01 18:20:00+00:00,0,IOMT-032,S-IOMT-032-679,LAB_RESULTS,EP-IND-07658
NET-07659,2026-01-01 18:20:48+00:00,0,IOMT-018,S-IOMT-018-680,IMAGING,EP-IND-07659
NET-07660,2026-01-01 18:21:10+00:00,0,IOMT-006,S-IOMT-006-681,LAB_RESULTS,EP-IND-07660
NET-07661,2026-01-01 18:21:20+00:00,0,IOMT-029,S-IOMT-029-682,IMAGING,EP-IND-07661
NET-07662,2026-01-01 18:21:29+00:00,0,IOMT-021,S-IOMT-021-683,EHR_READ,EP-IND-07662
NET-07663,2026-01-01 18:22:08+00:00,0,IOMT-029,S-IOMT-029-684,LAB_RESULTS,EP-IND-07663
NET-07664,2026-01-01 18:22:12+00:00,0,IOMT-048,S-IOMT-048-685,IMAGING,EP-IND-07664
NET-07665,2026-01-01 18:22:18+00:00,0,IOMT-033,S-IOMT-033-686,EHR_WRITE,EP-IND-07665
NET-07666,2026-01-01 18:22:20+00:00,0,IOMT-045,S-IOMT-045-687,RESEARCH,EP-IND-07666
NET-07667,2026-01-01 18:22:32+00:00,0,IOMT-049,S-IOMT-049-688,EHR_READ,EP-IND-07667
NET-07668,2026-01-01 18:22:39+00:00,0,IOMT-042,S-IOMT-042-689,EHR_READ,EP-IND-07668
NET-07669,2026-01-01 18:22:49+00:00,0,IOMT-042,S-IOMT-042-690,EHR_READ,EP-IND-07669
NET-07670,2026-01-01 18:22:50+00:00,0,IOMT-021,S-IOMT-021-691,EHR_READ,EP-IND-07670
NET-07671,2026-01-01 18:22:50+00:00,0,IOMT-021,S-IOMT-021-692,LAB_RESULTS,EP-IND-07671
NET-07672,2026-01-01 18:22:51+00:00,0,IOMT-032,S-IOMT-032-693,RESEARCH,EP-IND-07672
NET-07673,2026-01-01 18:22:53+00:00,0,IOMT-019,S-IOMT-019-694,IMAGING,EP-IND-07673
NET-07674,2026-01-01 18:23:07+00:00,0,IOMT-025,S-IOMT-025-695,LAB_RESULTS,EP-IND-07674
NET-07675,2026-01-01 18:23:30+00:00,0,IOMT-009,S-IOMT-009-696,LAB_RESULTS,EP-IND-07675
NET-07676,2026-01-01 18:23:34+00:00,0,IOMT-010,S-IOMT-010-697,EHR_READ,EP-IND-07676
NET-07677,2026-01-01 18:23:39+00:00,0,IOMT-042,S-IOMT-042-698,EHR_READ,EP-IND-07677
NET-07678,2026-01-01 18:23:55+00:00,0,IOMT-006,S-IOMT-006-699,EHR_WRITE,EP-IND-07678
NET-07679,2026-01-01 18:24:02+00:00,0,IOMT-027,S-IOMT-027-700,LAB_RESULTS,EP-IND-07679
NET-07680,2026-01-01 18:24:07+00:00,0,IOMT-022,S-IOMT-022-701,LAB_RESULTS,EP-IND-07680
NET-07681,2026-01-01 18:24:20+00:00,0,IOMT-029,S-IOMT-029-702,EHR_READ,EP-IND-07681
NET-07682,2026-01-01 18:24:53+00:00,0,IOMT-009,S-IOMT-009-703,EHR_READ,EP-IND-07682
NET-07683,2026-01-01 18:24:54+00:00,0,IOMT-021,S-IOMT-021-704,RESEARCH,EP-IND-07683
NET-07684,2026-01-01 18:24:58+00:00,0,IOMT-012,S-IOMT-012-705,IMAGING,EP-IND-07684
NET-07685,2026-01-01 18:24:58+00:00,0,IOMT-013,S-IOMT-013-706,LAB_RESULTS,EP-IND-07685
NET-07686,2026-01-01 18:25:08+00:00,0,IOMT-015,S-IOMT-015-707,RESEARCH,EP-IND-07686
NET-07687,2026-01-01 18:25:13+00:00,0,IOMT-032,S-IOMT-032-708,EHR_WRITE,EP-IND-07687
NET-07688,2026-01-01 18:25:16+00:00,0,IOMT-036,S-IOMT-036-709,EHR_WRITE,EP-IND-07688
NET-07689,2026-01-01 18:25:34+00:00,0,IOMT-009,S-IOMT-009-710,IMAGING,EP-IND-07689
NET-07690,2026-01-01 18:25:51+00:00,0,IOMT-001,S-IOMT-001-711,EHR_READ,EP-IND-07690
NET-07691,2026-01-01 18:25:59+00:00,0,IOMT-009,S-IOMT-009-712,RESEARCH,EP-IND-07691
NET-07692,2026-01-01 18:26:03+00:00,0,IOMT-009,S-IOMT-009-713,EHR_WRITE,EP-IND-07692
NET-07693,2026-01-01 18:26:03+00:00,0,IOMT-021,S-IOMT-021-714,RESEARCH,EP-IND-07693
NET-07694,2026-01-01 18:26:15+00:00,0,IOMT-020,S-IOMT-020-715,IMAGING,EP-IND-07694
NET-07695,2026-01-01 18:26:20+00:00,0,IOMT-016,S-IOMT-016-716,RESEARCH,EP-IND-07695
NET-07696,2026-01-01 18:26:40+00:00,0,IOMT-006,S-IOMT-006-717,IMAGING,EP-IND-07696
NET-07697,2026-01-01 18:26:45+00:00,0,IOMT-030,S-IOMT-030-718,EHR_READ,EP-IND-07697
NET-07698,2026-01-01 18:26:48+00:00,1,IOMT-018,S-IOMT-018-719,EHR_READ,EP-IND-07698
NET-07699,2026-01-01 18:26:57+00:00,0,IOMT-031,S-IOMT-031-720,IMAGING,EP-IND-07699
NET-07700,2026-01-01 18:27:02+00:00,0,IOMT-009,S-IOMT-009-721,EHR_READ,EP-IND-07700
NET-07701,2026-01-01 18:27:03+00:00,0,IOMT-046,S-IOMT-046-722,LAB_RESULTS,EP-IND-07701
NET-07702,2026-01-01 18:27:11+00:00,0,IOMT-022,S-IOMT-022-723,EHR_READ,EP-IND-07702
NET-07703,2026-01-01 18:27:16+00:00,0,IOMT-038,S-IOMT-038-724,EHR_WRITE,EP-IND-07703
NET-07704,2026-01-01 18:27:29+00:00,0,IOMT-033,S-IOMT-033-725,IMAGING,EP-IND-07704
NET-07705,2026-01-01 18:27:37+00:00,0,IOMT-038,S-IOMT-038-726,IMAGING,EP-IND-07705
NET-07706,2026-01-01 18:27:37+00:00,0,IOMT-010,S-IOMT-010-727,RESEARCH,EP-IND-07706
NET-07707,2026-01-01 18:27:46+00:00,0,IOMT-000,S-IOMT-000-728,RESEARCH,EP-IND-07707
NET-07708,2026-01-01 18:27:47+00:00,0,IOMT-002,S-IOMT-002-729,EHR_READ,EP-IND-07708
NET-07709,2026-01-01 18:27:55+00:00,0,IOMT-024,S-IOMT-024-730,EHR_READ,EP-IND-07709
NET-07710,2026-01-01 18:28:04+00:00,0,IOMT-042,S-IOMT-042-731,LAB_RESULTS,EP-IND-07710
NET-07711,2026-01-01 18:28:17+00:00,0,IOMT-048,S-IOMT-048-732,RESEARCH,EP-IND-07711
NET-07712,2026-01-01 18:28:25+00:00,0,IOMT-038,S-IOMT-038-733,IMAGING,EP-IND-07712
NET-07713,2026-01-01 18:28:56+00:00,0,IOMT-019,S-IOMT-019-734,EHR_READ,EP-IND-07713
NET-07714,2026-01-01 18:28:56+00:00,0,IOMT-025,S-IOMT-025-735,RESEARCH,EP-IND-07714
NET-07715,2026-01-01 18:29:04+00:00,0,IOMT-044,S-IOMT-044-736,EHR_WRITE,EP-IND-07715
NET-07716,2026-01-01 18:29:11+00:00,0,IOMT-016,S-IOMT-016-737,RESEARCH,EP-IND-07716
NET-07717,2026-01-01 18:29:27+00:00,0,IOMT-025,S-IOMT-025-738,LAB_RESULTS,EP-IND-07717
NET-07718,2026-01-01 18:29:27+00:00,0,IOMT-013,S-IOMT-013-739,IMAGING,EP-IND-07718
NET-07719,2026-01-01 18:29:28+00:00,0,IOMT-005,S-IOMT-005-740,RESEARCH,EP-IND-07719
NET-07720,2026-01-01 18:29:33+00:00,0,IOMT-046,S-IOMT-046-741,RESEARCH,EP-IND-07720
NET-07721,2026-01-01 18:29:55+00:00,0,IOMT-038,S-IOMT-038-742,RESEARCH,EP-IND-07721
NET-07722,2026-01-01 18:30:00+00:00,0,IOMT-045,S-IOMT-045-743,EHR_READ,EP-IND-07722
NET-07723,2026-01-01 18:30:16+00:00,0,IOMT-022,S-IOMT-022-744,EHR_READ,EP-IND-07723
NET-07724,2026-01-01 18:30:17+00:00,0,IOMT-048,S-IOMT-048-745,EHR_WRITE,EP-IND-07724
NET-07725,2026-01-01 18:30:17+00:00,0,IOMT-012,S-IOMT-012-746,EHR_WRITE,EP-IND-07725
NET-07726,2026-01-01 18:30:19+00:00,0,IOMT-021,S-IOMT-021-747,EHR_READ,EP-IND-07726
NET-07727,2026-01-01 18:30:23+00:00,0,IOMT-000,S-IOMT-000-748,IMAGING,EP-IND-07727
NET-07728,2026-01-01 18:30:33+00:00,0,IOMT-017,S-IOMT-017-749,RESEARCH,EP-IND-07728
NET-07729,2026-01-01 18:30:34+00:00,0,IOMT-011,S-IOMT-011-750,IMAGING,EP-IND-07729
NET-07730,2026-01-01 18:30:50+00:00,0,IOMT-018,S-IOMT-018-751,EHR_READ,EP-IND-07730
NET-07731,2026-01-01 18:31:00+00:00,0,IOMT-032,S-IOMT-032-752,LAB_RESULTS,EP-IND-07731
NET-07732,2026-01-01 18:31:23+00:00,0,IOMT-043,S-IOMT-043-753,IMAGING,EP-IND-07732
NET-07733,2026-01-01 18:31:26+00:00,0,IOMT-030,S-IOMT-030-754,IMAGING,EP-IND-07733
NET-07734,2026-01-01 18:31:33+00:00,1,IOMT-046,S-IOMT-046-755,EHR_WRITE,EP-IND-07734
NET-07735,2026-01-01 18:31:44+00:00,0,IOMT-025,S-IOMT-025-756,EHR_READ,EP-IND-07735
NET-07736,2026-01-01 18:31:47+00:00,0,IOMT-034,S-IOMT-034-757,LAB_RESULTS,EP-IND-07736
NET-07737,2026-01-01 18:32:08+00:00,0,IOMT-007,S-IOMT-007-758,IMAGING,EP-IND-07737
NET-07738,2026-01-01 18:32:34+00:00,0,IOMT-025,S-IOMT-025-759,IMAGING,EP-IND-07738
NET-07739,2026-01-01 18:32:37+00:00,0,IOMT-038,S-IOMT-038-760,LAB_RESULTS,EP-IND-07739
NET-07740,2026-01-01 18:32:39+00:00,0,IOMT-047,S-IOMT-047-761,EHR_READ,EP-IND-07740
NET-07741,2026-01-01 18:32:48+00:00,0,IOMT-015,S-IOMT-015-762,EHR_READ,EP-IND-07741
NET-07742,2026-01-01 18:32:53+00:00,0,IOMT-034,S-IOMT-034-763,EHR_READ,EP-IND-07742
NET-07743,2026-01-01 18:32:55+00:00,0,IOMT-023,S-IOMT-023-764,LAB_RESULTS,EP-IND-07743
NET-07744,2026-01-01 18:32:55+00:00,0,IOMT-017,S-IOMT-017-765,RESEARCH,EP-IND-07744
NET-07745,2026-01-01 18:33:06+00:00,0,IOMT-002,S-IOMT-002-766,RESEARCH,EP-IND-07745
NET-07746,2026-01-01 18:33:17+00:00,0,IOMT-049,S-IOMT-049-767,IMAGING,EP-IND-07746
NET-07747,2026-01-01 18:33:22+00:00,0,IOMT-025,S-IOMT-025-768,IMAGING,EP-IND-07747
NET-07748,2026-01-01 18:33:24+00:00,0,IOMT-039,S-IOMT-039-769,EHR_WRITE,EP-IND-07748
NET-07749,2026-01-01 18:33:56+00:00,1,IOMT-016,S-IOMT-016-770,EHR_WRITE,EP-IND-07749
NET-07750,2026-01-01 18:34:10+00:00,0,IOMT-040,S-IOMT-040-771,EHR_WRITE,EP-IND-07750
NET-07751,2026-01-01 18:34:13+00:00,0,IOMT-041,S-IOMT-041-772,EHR_WRITE,EP-IND-07751
NET-07752,2026-01-01 18:34:18+00:00,0,IOMT-014,S-IOMT-014-773,LAB_RESULTS,EP-IND-07752
NET-07753,2026-01-01 18:34:19+00:00,0,IOMT-024,S-IOMT-024-774,EHR_READ,EP-IND-07753
NET-07754,2026-01-01 18:34:27+00:00,0,IOMT-037,S-IOMT-037-775,LAB_RESULTS,EP-IND-07754
NET-07755,2026-01-01 18:34:37+00:00,0,IOMT-026,S-IOMT-026-776,IMAGING,EP-IND-07755
NET-07756,2026-01-01 18:34:49+00:00,0,IOMT-042,S-IOMT-042-777,RESEARCH,EP-IND-07756
NET-07757,2026-01-01 18:35:19+00:00,0,IOMT-028,S-IOMT-028-778,EHR_READ,EP-IND-07757
NET-07758,2026-01-01 18:35:20+00:00,0,IOMT-020,S-IOMT-020-779,LAB_RESULTS,EP-IND-07758
NET-07759,2026-01-01 18:35:22+00:00,0,IOMT-031,S-IOMT-031-780,EHR_READ,EP-IND-07759
NET-07760,2026-01-01 18:35:26+00:00,0,IOMT-048,S-IOMT-048-781,IMAGING,EP-IND-07760
NET-07761,2026-01-01 18:35:28+00:00,0,IOMT-032,S-IOMT-032-782,LAB_RESULTS,EP-IND-07761
NET-07762,2026-01-01 18:35:34+00:00,1,IOMT-020,S-IOMT-020-783,IMAGING,EP-IND-07762
NET-07763,2026-01-01 18:35:37+00:00,0,IOMT-014,S-IOMT-014-784,LAB_RESULTS,EP-IND-07763
NET-07764,2026-01-01 18:35:42+00:00,0,IOMT-009,S-IOMT-009-785,IMAGING,EP-IND-07764
NET-07765,2026-01-01 18:35:49+00:00,0,IOMT-025,S-IOMT-025-786,RESEARCH,EP-IND-07765
NET-07766,2026-01-01 18:35:51+00:00,0,IOMT-017,S-IOMT-017-787,IMAGING,EP-IND-07766
NET-07767,2026-01-01 18:36:07+00:00,0,IOMT-026,S-IOMT-026-788,RESEARCH,EP-IND-07767
NET-07768,2026-01-01 18:36:18+00:00,0,IOMT-006,S-IOMT-006-789,IMAGING,EP-IND-07768
NET-07769,2026-01-01 18:36:24+00:00,0,IOMT-022,S-IOMT-022-790,LAB_RESULTS,EP-IND-07769
NET-07770,2026-01-01 18:36:37+00:00,0,IOMT-020,S-IOMT-020-791,LAB_RESULTS,EP-IND-07770
NET-07771,2026-01-01 18:37:07+00:00,0,IOMT-024,S-IOMT-024-792,EHR_READ,EP-IND-07771
NET-07772,2026-01-01 18:37:12+00:00,0,IOMT-028,S-IOMT-028-793,RESEARCH,EP-IND-07772
NET-07773,2026-01-01 18:37:13+00:00,0,IOMT-029,S-IOMT-029-794,IMAGING,EP-IND-07773
NET-07774,2026-01-01 18:37:33+00:00,0,IOMT-023,S-IOMT-023-795,EHR_READ,EP-IND-07774
NET-07775,2026-01-01 18:37:33+00:00,0,IOMT-036,S-IOMT-036-796,IMAGING,EP-IND-07775
NET-07776,2026-01-01 18:37:40+00:00,0,IOMT-017,S-IOMT-017-797,LAB_RESULTS,EP-IND-07776
NET-07777,2026-01-01 18:37:52+00:00,0,IOMT-044,S-IOMT-044-798,RESEARCH,EP-IND-07777
NET-07778,2026-01-01 18:37:53+00:00,0,IOMT-030,S-IOMT-030-799,IMAGING,EP-IND-07778
NET-07779,2026-01-01 18:37:58+00:00,0,IOMT-005,S-IOMT-005-800,IMAGING,EP-IND-07779
NET-07780,2026-01-01 18:38:02+00:00,0,IOMT-030,S-IOMT-030-801,IMAGING,EP-IND-07780
NET-07781,2026-01-01 18:38:08+00:00,0,IOMT-023,S-IOMT-023-802,IMAGING,EP-IND-07781
NET-07782,2026-01-01 18:38:12+00:00,0,IOMT-046,S-IOMT-046-803,EHR_READ,EP-IND-07782
NET-07783,2026-01-01 18:38:12+00:00,0,IOMT-024,S-IOMT-024-804,RESEARCH,EP-IND-07783
NET-07784,2026-01-01 18:38:14+00:00,0,IOMT-030,S-IOMT-030-805,RESEARCH,EP-IND-07784
NET-07785,2026-01-01 18:38:21+00:00,0,IOMT-036,S-IOMT-036-806,EHR_WRITE,EP-IND-07785
NET-07786,2026-01-01 18:38:25+00:00,0,IOMT-040,S-IOMT-040-807,RESEARCH,EP-IND-07786
NET-07787,2026-01-01 18:38:29+00:00,0,IOMT-005,S-IOMT-005-808,IMAGING,EP-IND-07787
NET-07788,2026-01-01 18:38:34+00:00,1,IOMT-005,S-IOMT-005-809,EHR_WRITE,EP-IND-07788
NET-07789,2026-01-01 18:38:43+00:00,0,IOMT-007,S-IOMT-007-810,IMAGING,EP-IND-07789
NET-07790,2026-01-01 18:38:48+00:00,0,IOMT-015,S-IOMT-015-811,EHR_READ,EP-IND-07790
NET-07791,2026-01-01 18:39:01+00:00,0,IOMT-002,S-IOMT-002-812,EHR_WRITE,EP-IND-07791
NET-07792,2026-01-01 18:39:22+00:00,0,IOMT-000,S-IOMT-000-813,EHR_READ,EP-IND-07792
NET-07793,2026-01-01 18:39:25+00:00,0,IOMT-032,S-IOMT-032-814,IMAGING,EP-IND-07793
NET-07794,2026-01-01 18:39:32+00:00,0,IOMT-007,S-IOMT-007-815,LAB_RESULTS,EP-IND-07794
NET-07795,2026-01-01 18:39:53+00:00,0,IOMT-005,S-IOMT-005-816,RESEARCH,EP-IND-07795
NET-07796,2026-01-01 18:39:56+00:00,0,IOMT-030,S-IOMT-030-817,RESEARCH,EP-IND-07796
NET-07797,2026-01-01 18:39:57+00:00,0,IOMT-041,S-IOMT-041-818,LAB_RESULTS,EP-IND-07797
NET-07798,2026-01-01 18:40:05+00:00,0,IOMT-012,S-IOMT-012-819,EHR_WRITE,EP-IND-07798
NET-07799,2026-01-01 18:40:10+00:00,0,IOMT-006,S-IOMT-006-820,IMAGING,EP-IND-07799
NET-07800,2026-01-01 18:40:26+00:00,0,IOMT-004,S-IOMT-004-821,IMAGING,EP-IND-07800
NET-07801,2026-01-01 18:40:30+00:00,0,IOMT-021,S-IOMT-021-822,EHR_READ,EP-IND-07801
NET-07802,2026-01-01 18:40:34+00:00,0,IOMT-032,S-IOMT-032-823,IMAGING,EP-IND-07802
NET-07803,2026-01-01 18:40:56+00:00,0,IOMT-042,S-IOMT-042-824,EHR_WRITE,EP-IND-07803
NET-07804,2026-01-01 18:40:59+00:00,0,IOMT-000,S-IOMT-000-825,IMAGING,EP-IND-07804
NET-07805,2026-01-01 18:41:05+00:00,1,IOMT-014,S-IOMT-014-826,RESEARCH,EP-IND-07805
NET-07806,2026-01-01 18:41:07+00:00,0,IOMT-047,S-IOMT-047-827,EHR_READ,EP-IND-07806
NET-07807,2026-01-01 18:41:09+00:00,0,IOMT-011,S-IOMT-011-828,EHR_READ,EP-IND-07807
NET-07808,2026-01-01 18:41:22+00:00,0,IOMT-005,S-IOMT-005-829,IMAGING,EP-IND-07808
NET-07809,2026-01-01 18:41:28+00:00,0,IOMT-023,S-IOMT-023-830,EHR_READ,EP-IND-07809
NET-07810,2026-01-01 18:41:33+00:00,1,IOMT-044,S-IOMT-044-831,IMAGING,EP-IND-07810
NET-07811,2026-01-01 18:41:38+00:00,0,IOMT-011,S-IOMT-011-832,IMAGING,EP-IND-07811
NET-07812,2026-01-01 18:41:42+00:00,0,IOMT-004,S-IOMT-004-833,RESEARCH,EP-IND-07812
NET-07813,2026-01-01 18:41:42+00:00,0,IOMT-007,S-IOMT-007-834,EHR_WRITE,EP-IND-07813
NET-07814,2026-01-01 18:41:50+00:00,0,IOMT-013,S-IOMT-013-835,IMAGING,EP-IND-07814
NET-07815,2026-01-01 18:41:59+00:00,0,IOMT-031,S-IOMT-031-836,IMAGING,EP-IND-07815
NET-07816,2026-01-01 18:42:01+00:00,0,IOMT-027,S-IOMT-027-837,RESEARCH,EP-IND-07816
NET-07817,2026-01-01 18:42:15+00:00,0,IOMT-045,S-IOMT-045-838,EHR_WRITE,EP-IND-07817
NET-07818,2026-01-01 18:42:19+00:00,0,IOMT-044,S-IOMT-044-839,LAB_RESULTS,EP-IND-07818
NET-07819,2026-01-01 18:42:40+00:00,0,IOMT-009,S-IOMT-009-840,EHR_WRITE,EP-IND-07819
NET-07820,2026-01-01 18:42:47+00:00,0,IOMT-021,S-IOMT-021-841,EHR_WRITE,EP-IND-07820
NET-07821,2026-01-01 18:42:50+00:00,0,IOMT-041,S-IOMT-041-842,EHR_WRITE,EP-IND-07821
NET-07822,2026-01-01 18:43:08+00:00,0,IOMT-008,S-IOMT-008-843,IMAGING,EP-IND-07822
NET-07823,2026-01-01 18:43:11+00:00,0,IOMT-029,S-IOMT-029-844,EHR_READ,EP-IND-07823
NET-07824,2026-01-01 18:43:32+00:00,0,IOMT-041,S-IOMT-041-845,EHR_WRITE,EP-IND-07824
NET-07825,2026-01-01 18:43:32+00:00,0,IOMT-018,S-IOMT-018-846,EHR_READ,EP-IND-07825
NET-07826,2026-01-01 18:43:37+00:00,0,IOMT-020,S-IOMT-020-847,LAB_RESULTS,EP-IND-07826
NET-07827,2026-01-01 18:43:46+00:00,1,IOMT-015,S-IOMT-015-848,EHR_WRITE,EP-IND-07827
NET-07828,2026-01-01 18:43:48+00:00,0,IOMT-006,S-IOMT-006-849,RESEARCH,EP-IND-07828
NET-07829,2026-01-01 18:43:56+00:00,1,IOMT-001,S-IOMT-001-850,EHR_WRITE,EP-IND-07829
NET-07830,2026-01-01 18:44:00+00:00,0,IOMT-017,S-IOMT-017-851,RESEARCH,EP-IND-07830
NET-07831,2026-01-01 18:44:06+00:00,0,IOMT-001,S-IOMT-001-852,RESEARCH,EP-IND-07831
NET-07832,2026-01-01 18:44:23+00:00,0,IOMT-035,S-IOMT-035-853,EHR_READ,EP-IND-07832
NET-07833,2026-01-01 18:44:25+00:00,0,IOMT-003,S-IOMT-003-854,EHR_READ,EP-IND-07833
NET-07834,2026-01-01 18:44:38+00:00,0,IOMT-044,S-IOMT-044-855,IMAGING,EP-IND-07834
NET-07835,2026-01-01 18:44:50+00:00,0,IOMT-040,S-IOMT-040-856,IMAGING,EP-IND-07835
NET-07836,2026-01-01 18:44:55+00:00,0,IOMT-016,S-IOMT-016-857,LAB_RESULTS,EP-IND-07836
NET-07837,2026-01-01 18:45:04+00:00,0,IOMT-042,S-IOMT-042-858,EHR_WRITE,EP-IND-07837
NET-07838,2026-01-01 18:45:08+00:00,0,IOMT-035,S-IOMT-035-859,IMAGING,EP-IND-07838
NET-07839,2026-01-01 18:45:13+00:00,0,IOMT-039,S-IOMT-039-860,EHR_READ,EP-IND-07839
NET-07840,2026-01-01 18:45:22+00:00,0,IOMT-020,S-IOMT-020-861,RESEARCH,EP-IND-07840
NET-07841,2026-01-01 18:45:30+00:00,0,IOMT-010,S-IOMT-010-862,IMAGING,EP-IND-07841
NET-07842,2026-01-01 18:45:44+00:00,0,IOMT-004,S-IOMT-004-863,LAB_RESULTS,EP-IND-07842
NET-07843,2026-01-01 18:45:58+00:00,0,IOMT-016,S-IOMT-016-864,EHR_READ,EP-IND-07843
NET-07844,2026-01-01 18:46:00+00:00,0,IOMT-018,S-IOMT-018-865,EHR_WRITE,EP-IND-07844
NET-07845,2026-01-01 18:46:07+00:00,0,IOMT-045,S-IOMT-045-866,EHR_WRITE,EP-IND-07845
NET-07846,2026-01-01 18:46:07+00:00,0,IOMT-043,S-IOMT-043-867,EHR_WRITE,EP-IND-07846
NET-07847,2026-01-01 18:46:15+00:00,0,IOMT-001,S-IOMT-001-868,EHR_WRITE,EP-IND-07847
NET-07848,2026-01-01 18:46:15+00:00,0,IOMT-011,S-IOMT-011-869,IMAGING,EP-IND-07848
NET-07849,2026-01-01 18:46:18+00:00,0,IOMT-046,S-IOMT-046-870,EHR_WRITE,EP-IND-07849
NET-07850,2026-01-01 18:46:21+00:00,0,IOMT-048,S-IOMT-048-871,EHR_READ,EP-IND-07850
NET-07851,2026-01-01 18:46:44+00:00,0,IOMT-023,S-IOMT-023-872,IMAGING,EP-IND-07851
NET-07852,2026-01-01 18:46:59+00:00,0,IOMT-036,S-IOMT-036-873,RESEARCH,EP-IND-07852
NET-07853,2026-01-01 18:47:12+00:00,0,IOMT-027,S-IOMT-027-874,IMAGING,EP-IND-07853
NET-07854,2026-01-01 18:47:13+00:00,0,IOMT-017,S-IOMT-017-875,RESEARCH,EP-IND-07854
NET-07855,2026-01-01 18:47:14+00:00,0,IOMT-023,S-IOMT-023-876,RESEARCH,EP-IND-07855
NET-07856,2026-01-01 18:47:29+00:00,0,IOMT-002,S-IOMT-002-877,EHR_READ,EP-IND-07856
NET-07857,2026-01-01 18:47:34+00:00,0,IOMT-020,S-IOMT-020-878,EHR_READ,EP-IND-07857
NET-07858,2026-01-01 18:47:38+00:00,0,IOMT-046,S-IOMT-046-879,LAB_RESULTS,EP-IND-07858
NET-07859,2026-01-01 18:47:44+00:00,0,IOMT-028,S-IOMT-028-880,IMAGING,EP-IND-07859
NET-07860,2026-01-01 18:47:56+00:00,0,IOMT-034,S-IOMT-034-881,LAB_RESULTS,EP-IND-07860
NET-07861,2026-01-01 18:47:57+00:00,0,IOMT-047,S-IOMT-047-882,RESEARCH,EP-IND-07861
NET-07862,2026-01-01 18:48:00+00:00,0,IOMT-012,S-IOMT-012-883,IMAGING,EP-IND-07862
NET-07863,2026-01-01 18:48:05+00:00,0,IOMT-004,S-IOMT-004-884,EHR_WRITE,EP-IND-07863
NET-07864,2026-01-01 18:48:19+00:00,0,IOMT-017,S-IOMT-017-885,RESEARCH,EP-IND-07864
NET-07865,2026-01-01 18:48:43+00:00,1,IOMT-024,S-IOMT-024-886,EHR_READ,EP-IND-07865
NET-07866,2026-01-01 18:48:46+00:00,0,IOMT-001,S-IOMT-001-887,EHR_WRITE,EP-IND-07866
NET-07867,2026-01-01 18:48:53+00:00,0,IOMT-014,S-IOMT-014-888,RESEARCH,EP-IND-07867
NET-07868,2026-01-01 18:49:07+00:00,0,IOMT-035,S-IOMT-035-889,EHR_WRITE,EP-IND-07868
NET-07869,2026-01-01 18:49:27+00:00,0,IOMT-046,S-IOMT-046-890,EHR_READ,EP-IND-07869
NET-07870,2026-01-01 18:49:34+00:00,0,IOMT-048,S-IOMT-048-891,LAB_RESULTS,EP-IND-07870
NET-07871,2026-01-01 18:49:41+00:00,0,IOMT-037,S-IOMT-037-892,LAB_RESULTS,EP-IND-07871
NET-07872,2026-01-01 18:49:58+00:00,0,IOMT-021,S-IOMT-021-893,RESEARCH,EP-IND-07872
NET-07873,2026-01-01 18:50:08+00:00,0,IOMT-028,S-IOMT-028-894,IMAGING,EP-IND-07873
NET-07874,2026-01-01 18:50:21+00:00,0,IOMT-027,S-IOMT-027-895,RESEARCH,EP-IND-07874
NET-07875,2026-01-01 18:50:22+00:00,0,IOMT-027,S-IOMT-027-896,LAB_RESULTS,EP-IND-07875
NET-07876,2026-01-01 18:50:28+00:00,0,IOMT-028,S-IOMT-028-897,EHR_WRITE,EP-IND-07876
NET-07877,2026-01-01 18:50:28+00:00,0,IOMT-049,S-IOMT-049-898,LAB_RESULTS,EP-IND-07877
NET-07878,2026-01-01 18:50:38+00:00,0,IOMT-031,S-IOMT-031-899,IMAGING,EP-IND-07878
NET-07879,2026-01-01 18:51:04+00:00,0,IOMT-018,S-IOMT-018-900,EHR_WRITE,EP-IND-07879
NET-07880,2026-01-01 18:51:08+00:00,0,IOMT-040,S-IOMT-040-901,IMAGING,EP-IND-07880
NET-07881,2026-01-01 18:51:09+00:00,0,IOMT-010,S-IOMT-010-902,LAB_RESULTS,EP-IND-07881
NET-07882,2026-01-01 18:51:23+00:00,0,IOMT-007,S-IOMT-007-903,RESEARCH,EP-IND-07882
NET-07883,2026-01-01 18:51:24+00:00,0,IOMT-042,S-IOMT-042-904,EHR_WRITE,EP-IND-07883
NET-07884,2026-01-01 18:51:29+00:00,0,IOMT-043,S-IOMT-043-905,EHR_WRITE,EP-IND-07884
NET-07885,2026-01-01 18:51:30+00:00,0,IOMT-008,S-IOMT-008-906,EHR_READ,EP-IND-07885
NET-07886,2026-01-01 18:51:37+00:00,0,IOMT-048,S-IOMT-048-907,EHR_WRITE,EP-IND-07886
NET-07887,2026-01-01 18:51:40+00:00,0,IOMT-042,S-IOMT-042-908,LAB_RESULTS,EP-IND-07887
NET-07888,2026-01-01 18:51:55+00:00,0,IOMT-013,S-IOMT-013-909,IMAGING,EP-IND-07888
NET-07889,2026-01-01 18:52:07+00:00,0,IOMT-008,S-IOMT-008-910,LAB_RESULTS,EP-IND-07889
NET-07890,2026-01-01 18:52:16+00:00,0,IOMT-007,S-IOMT-007-911,RESEARCH,EP-IND-07890
NET-07891,2026-01-01 18:52:17+00:00,0,IOMT-001,S-IOMT-001-912,IMAGING,EP-IND-07891
NET-07892,2026-01-01 18:52:18+00:00,0,IOMT-026,S-IOMT-026-913,EHR_WRITE,EP-IND-07892
NET-07893,2026-01-01 18:52:54+00:00,0,IOMT-003,S-IOMT-003-914,LAB_RESULTS,EP-IND-07893
NET-07894,2026-01-01 18:53:08+00:00,0,IOMT-009,S-IOMT-009-915,IMAGING,EP-IND-07894
NET-07895,2026-01-01 18:53:08+00:00,0,IOMT-040,S-IOMT-040-916,LAB_RESULTS,EP-IND-07895
NET-07896,2026-01-01 18:53:10+00:00,0,IOMT-013,S-IOMT-013-917,RESEARCH,EP-IND-07896
NET-07897,2026-01-01 18:53:27+00:00,0,IOMT-021,S-IOMT-021-918,RESEARCH,EP-IND-07897
NET-07898,2026-01-01 18:53:35+00:00,0,IOMT-001,S-IOMT-001-919,IMAGING,EP-IND-07898
NET-07899,2026-01-01 18:53:42+00:00,0,IOMT-015,S-IOMT-015-920,RESEARCH,EP-IND-07899
NET-07900,2026-01-01 18:53:53+00:00,0,IOMT-014,S-IOMT-014-921,IMAGING,EP-IND-07900
NET-07901,2026-01-01 18:54:11+00:00,0,IOMT-011,S-IOMT-011-922,EHR_WRITE,EP-IND-07901
NET-07902,2026-01-01 18:54:17+00:00,0,IOMT-000,S-IOMT-000-923,LAB_RESULTS,EP-IND-07902
NET-07903,2026-01-01 18:54:28+00:00,0,IOMT-028,S-IOMT-028-924,IMAGING,EP-IND-07903
NET-07904,2026-01-01 18:54:35+00:00,0,IOMT-040,S-IOMT-040-925,LAB_RESULTS,EP-IND-07904
NET-07905,2026-01-01 18:54:45+00:00,0,IOMT-018,S-IOMT-018-926,IMAGING,EP-IND-07905
NET-07906,2026-01-01 18:54:45+00:00,0,IOMT-024,S-IOMT-024-927,IMAGING,EP-IND-07906
NET-07907,2026-01-01 18:54:47+00:00,0,IOMT-005,S-IOMT-005-928,EHR_WRITE,EP-IND-07907
NET-07908,2026-01-01 18:54:50+00:00,0,IOMT-004,S-IOMT-004-929,EHR_WRITE,EP-IND-07908
NET-07909,2026-01-01 18:55:02+00:00,0,IOMT-002,S-IOMT-002-930,IMAGING,EP-IND-07909
NET-07910,2026-01-01 18:55:05+00:00,0,IOMT-013,S-IOMT-013-931,EHR_READ,EP-IND-07910
NET-07911,2026-01-01 18:55:15+00:00,0,IOMT-008,S-IOMT-008-932,RESEARCH,EP-IND-07911
NET-07912,2026-01-01 18:55:28+00:00,0,IOMT-038,S-IOMT-038-933,IMAGING,EP-IND-07912
NET-07913,2026-01-01 18:55:31+00:00,0,IOMT-031,S-IOMT-031-934,EHR_READ,EP-IND-07913
NET-07914,2026-01-01 18:55:36+00:00,0,IOMT-045,S-IOMT-045-935,IMAGING,EP-IND-07914
NET-07915,2026-01-01 18:55:40+00:00,0,IOMT-035,S-IOMT-035-936,IMAGING,EP-IND-07915
NET-07916,2026-01-01 18:55:49+00:00,0,IOMT-031,S-IOMT-031-937,LAB_RESULTS,EP-IND-07916
NET-07917,2026-01-01 18:56:07+00:00,0,IOMT-020,S-IOMT-020-938,EHR_READ,EP-IND-07917
NET-07918,2026-01-01 18:56:22+00:00,0,IOMT-025,S-IOMT-025-939,IMAGING,EP-IND-07918
NET-07919,2026-01-01 18:56:22+00:00,0,IOMT-018,S-IOMT-018-940,IMAGING,EP-IND-07919
NET-07920,2026-01-01 18:56:28+00:00,0,IOMT-036,S-IOMT-036-941,LAB_RESULTS,EP-IND-07920
NET-07921,2026-01-01 18:56:32+00:00,0,IOMT-046,S-IOMT-046-942,RESEARCH,EP-IND-07921
NET-07922,2026-01-01 18:56:38+00:00,0,IOMT-000,S-IOMT-000-943,IMAGING,EP-IND-07922
NET-07923,2026-01-01 18:56:42+00:00,0,IOMT-016,S-IOMT-016-944,LAB_RESULTS,EP-IND-07923
NET-07924,2026-01-01 18:57:00+00:00,0,IOMT-010,S-IOMT-010-945,EHR_READ,EP-IND-07924
NET-07925,2026-01-01 18:57:13+00:00,0,IOMT-032,S-IOMT-032-946,LAB_RESULTS,EP-IND-07925
NET-07926,2026-01-01 18:57:20+00:00,0,IOMT-024,S-IOMT-024-947,LAB_RESULTS,EP-IND-07926
NET-07927,2026-01-01 18:57:24+00:00,0,IOMT-018,S-IOMT-018-948,LAB_RESULTS,EP-IND-07927
NET-07928,2026-01-01 18:57:32+00:00,0,IOMT-042,S-IOMT-042-949,IMAGING,EP-IND-07928
NET-07929,2026-01-01 18:57:32+00:00,0,IOMT-016,S-IOMT-016-950,EHR_READ,EP-IND-07929
NET-07930,2026-01-01 18:57:41+00:00,0,IOMT-016,S-IOMT-016-951,LAB_RESULTS,EP-IND-07930
NET-07931,2026-01-01 18:57:44+00:00,0,IOMT-035,S-IOMT-035-952,IMAGING,EP-IND-07931
NET-07932,2026-01-01 18:57:49+00:00,0,IOMT-045,S-IOMT-045-953,EHR_WRITE,EP-IND-07932
NET-07933,2026-01-01 18:57:52+00:00,0,IOMT-047,S-IOMT-047-954,RESEARCH,EP-IND-07933
NET-07934,2026-01-01 18:58:12+00:00,0,IOMT-033,S-IOMT-033-955,EHR_READ,EP-IND-07934
NET-07935,2026-01-01 18:58:14+00:00,0,IOMT-017,S-IOMT-017-956,LAB_RESULTS,EP-IND-07935
NET-07936,2026-01-01 18:58:32+00:00,0,IOMT-045,S-IOMT-045-957,RESEARCH,EP-IND-07936
NET-07937,2026-01-01 18:58:58+00:00,0,IOMT-004,S-IOMT-004-958,RESEARCH,EP-IND-07937
NET-07938,2026-01-01 18:59:25+00:00,0,IOMT-049,S-IOMT-049-959,LAB_RESULTS,EP-IND-07938
NET-07939,2026-01-01 18:59:29+00:00,0,IOMT-017,S-IOMT-017-960,IMAGING,EP-IND-07939
NET-07940,2026-01-01 18:59:30+00:00,0,IOMT-025,S-IOMT-025-961,RESEARCH,EP-IND-07940
NET-07941,2026-01-01 18:59:35+00:00,1,IOMT-013,S-IOMT-013-962,LAB_RESULTS,EP-IND-07941
NET-07942,2026-01-01 18:59:40+00:00,0,IOMT-013,S-IOMT-013-963,IMAGING,EP-IND-07942
NET-07943,2026-01-01 18:59:43+00:00,0,IOMT-000,S-IOMT-000-964,EHR_WRITE,EP-IND-07943
NET-07944,2026-01-01 18:59:54+00:00,0,IOMT-007,S-IOMT-007-965,EHR_WRITE,EP-IND-07944
NET-07945,2026-01-01 19:00:01+00:00,0,IOMT-030,S-IOMT-030-966,EHR_WRITE,EP-IND-07945
NET-07946,2026-01-01 19:00:02+00:00,1,IOMT-009,S-IOMT-009-967,EHR_READ,EP-IND-07946
NET-07947,2026-01-01 19:00:06+00:00,0,IOMT-030,S-IOMT-030-968,EHR_READ,EP-IND-07947
NET-07948,2026-01-01 19:00:15+00:00,0,IOMT-017,S-IOMT-017-969,RESEARCH,EP-IND-07948
NET-07949,2026-01-01 19:00:23+00:00,0,IOMT-031,S-IOMT-031-970,LAB_RESULTS,EP-IND-07949
NET-07950,2026-01-01 19:00:34+00:00,0,IOMT-024,S-IOMT-024-971,EHR_WRITE,EP-IND-07950
NET-07951,2026-01-01 19:00:39+00:00,0,IOMT-007,S-IOMT-007-972,EHR_READ,EP-IND-07951
NET-07952,2026-01-01 19:00:43+00:00,0,IOMT-003,S-IOMT-003-973,EHR_READ,EP-IND-07952
NET-07953,2026-01-01 19:00:43+00:00,1,IOMT-036,S-IOMT-036-974,LAB_RESULTS,EP-IND-07953
NET-07954,2026-01-01 19:00:44+00:00,1,IOMT-047,S-IOMT-047-975,EHR_WRITE,EP-IND-07954
NET-07955,2026-01-01 19:00:47+00:00,0,IOMT-011,S-IOMT-011-976,RESEARCH,EP-IND-07955
NET-07956,2026-01-01 19:00:58+00:00,0,IOMT-033,S-IOMT-033-977,EHR_WRITE,EP-IND-07956
NET-07957,2026-01-01 19:01:00+00:00,0,IOMT-021,S-IOMT-021-978,RESEARCH,EP-IND-07957
NET-07958,2026-01-01 19:01:06+00:00,0,IOMT-030,S-IOMT-030-979,RESEARCH,EP-IND-07958
NET-07959,2026-01-01 19:01:11+00:00,0,IOMT-013,S-IOMT-013-980,IMAGING,EP-IND-07959
NET-07960,2026-01-01 19:01:20+00:00,0,IOMT-038,S-IOMT-038-981,IMAGING,EP-IND-07960
NET-07961,2026-01-01 19:01:39+00:00,0,IOMT-040,S-IOMT-040-982,EHR_WRITE,EP-IND-07961
NET-07962,2026-01-01 19:01:53+00:00,0,IOMT-010,S-IOMT-010-983,EHR_WRITE,EP-IND-07962
NET-07963,2026-01-01 19:01:53+00:00,0,IOMT-024,S-IOMT-024-984,IMAGING,EP-IND-07963
NET-07964,2026-01-01 19:02:00+00:00,0,IOMT-023,S-IOMT-023-985,RESEARCH,EP-IND-07964
NET-07965,2026-01-01 19:02:00+00:00,0,IOMT-024,S-IOMT-024-986,IMAGING,EP-IND-07965
NET-07966,2026-01-01 19:02:15+00:00,0,IOMT-042,S-IOMT-042-987,RESEARCH,EP-IND-07966
NET-07967,2026-01-01 19:02:33+00:00,0,IOMT-016,S-IOMT-016-988,IMAGING,EP-IND-07967
NET-07968,2026-01-01 19:02:35+00:00,0,IOMT-004,S-IOMT-004-989,IMAGING,EP-IND-07968
NET-07969,2026-01-01 19:02:47+00:00,0,IOMT-031,S-IOMT-031-990,RESEARCH,EP-IND-07969
NET-07970,2026-01-01 19:02:47+00:00,0,IOMT-018,S-IOMT-018-991,LAB_RESULTS,EP-IND-07970
NET-07971,2026-01-01 19:03:10+00:00,0,IOMT-027,S-IOMT-027-992,IMAGING,EP-IND-07971
NET-07972,2026-01-01 19:03:33+00:00,0,IOMT-029,S-IOMT-029-993,LAB_RESULTS,EP-IND-07972
NET-07973,2026-01-01 19:03:41+00:00,0,IOMT-026,S-IOMT-026-994,EHR_READ,EP-IND-07973
NET-07974,2026-01-01 19:03:43+00:00,0,IOMT-047,S-IOMT-047-995,EHR_READ,EP-IND-07974
NET-07975,2026-01-01 19:03:46+00:00,0,IOMT-000,S-IOMT-000-996,RESEARCH,EP-IND-07975
NET-07976,2026-01-01 19:03:53+00:00,0,IOMT-018,S-IOMT-018-0,IMAGING,EP-IND-07976
NET-07977,2026-01-01 19:03:54+00:00,0,IOMT-032,S-IOMT-032-1,RESEARCH,EP-IND-07977
NET-07978,2026-01-01 19:03:56+00:00,0,IOMT-032,S-IOMT-032-2,EHR_READ,EP-IND-07978
NET-07979,2026-01-01 19:04:10+00:00,0,IOMT-038,S-IOMT-038-3,RESEARCH,EP-IND-07979
NET-07980,2026-01-01 19:04:22+00:00,0,IOMT-004,S-IOMT-004-4,IMAGING,EP-IND-07980
NET-07981,2026-01-01 19:04:25+00:00,0,IOMT-000,S-IOMT-000-5,EHR_READ,EP-IND-07981
NET-07982,2026-01-01 19:04:42+00:00,0,IOMT-031,S-IOMT-031-6,LAB_RESULTS,EP-IND-07982
NET-07983,2026-01-01 19:04:57+00:00,0,IOMT-025,S-IOMT-025-7,RESEARCH,EP-IND-07983
NET-07984,2026-01-01 19:05:02+00:00,0,IOMT-016,S-IOMT-016-8,IMAGING,EP-IND-07984
NET-07985,2026-01-01 19:05:06+00:00,0,IOMT-030,S-IOMT-030-9,EHR_READ,EP-IND-07985
NET-07986,2026-01-01 19:05:07+00:00,0,IOMT-025,S-IOMT-025-10,EHR_WRITE,EP-IND-07986
NET-07987,2026-01-01 19:05:56+00:00,0,IOMT-022,S-IOMT-022-11,IMAGING,EP-IND-07987
NET-07988,2026-01-01 19:06:11+00:00,0,IOMT-026,S-IOMT-026-12,EHR_WRITE,EP-IND-07988
NET-07989,2026-01-01 19:06:26+00:00,0,IOMT-034,S-IOMT-034-13,LAB_RESULTS,EP-IND-07989
NET-07990,2026-01-01 19:06:30+00:00,0,IOMT-008,S-IOMT-008-14,EHR_WRITE,EP-IND-07990
NET-07991,2026-01-01 19:06:42+00:00,1,IOMT-047,S-IOMT-047-15,EHR_WRITE,EP-IND-07991
NET-07992,2026-01-01 19:06:47+00:00,0,IOMT-013,S-IOMT-013-16,LAB_RESULTS,EP-IND-07992
NET-07993,2026-01-01 19:07:11+00:00,0,IOMT-019,S-IOMT-019-17,RESEARCH,EP-IND-07993
NET-07994,2026-01-01 19:07:12+00:00,0,IOMT-013,S-IOMT-013-18,EHR_WRITE,EP-IND-07994
NET-07995,2026-01-01 19:07:21+00:00,0,IOMT-037,S-IOMT-037-19,RESEARCH,EP-IND-07995
NET-07996,2026-01-01 19:07:22+00:00,0,IOMT-035,S-IOMT-035-20,EHR_READ,EP-IND-07996
NET-07997,2026-01-01 19:07:29+00:00,0,IOMT-036,S-IOMT-036-21,RESEARCH,EP-IND-07997
NET-07998,2026-01-01 19:07:33+00:00,0,IOMT-034,S-IOMT-034-22,IMAGING,EP-IND-07998
NET-07999,2026-01-01 19:07:50+00:00,0,IOMT-045,S-IOMT-045-23,RESEARCH,EP-IND-07999
NET-08000,2026-01-01 19:07:52+00:00,0,IOMT-043,S-IOMT-043-24,EHR_WRITE,EP-IND-08000
NET-08001,2026-01-01 19:07:55+00:00,0,IOMT-025,S-IOMT-025-25,IMAGING,EP-IND-08001
NET-08002,2026-01-01 19:07:57+00:00,0,IOMT-036,S-IOMT-036-26,EHR_READ,EP-IND-08002
NET-08003,2026-01-01 19:08:21+00:00,0,IOMT-034,S-IOMT-034-27,RESEARCH,EP-IND-08003
NET-08004,2026-01-01 19:08:21+00:00,0,IOMT-001,S-IOMT-001-28,RESEARCH,EP-IND-08004
NET-08005,2026-01-01 19:08:26+00:00,0,IOMT-042,S-IOMT-042-29,LAB_RESULTS,EP-IND-08005
NET-08006,2026-01-01 19:08:29+00:00,0,IOMT-039,S-IOMT-039-30,IMAGING,EP-IND-08006
NET-08007,2026-01-01 19:08:42+00:00,0,IOMT-004,S-IOMT-004-31,IMAGING,EP-IND-08007
NET-08008,2026-01-01 19:08:57+00:00,0,IOMT-034,S-IOMT-034-32,RESEARCH,EP-IND-08008
NET-08009,2026-01-01 19:09:11+00:00,0,IOMT-004,S-IOMT-004-33,RESEARCH,EP-IND-08009
NET-08010,2026-01-01 19:09:14+00:00,0,IOMT-028,S-IOMT-028-34,EHR_READ,EP-IND-08010
NET-08011,2026-01-01 19:09:21+00:00,0,IOMT-023,S-IOMT-023-35,EHR_WRITE,EP-IND-08011
NET-08012,2026-01-01 19:09:40+00:00,0,IOMT-009,S-IOMT-009-36,EHR_WRITE,EP-IND-08012
NET-08013,2026-01-01 19:09:51+00:00,0,IOMT-010,S-IOMT-010-37,LAB_RESULTS,EP-IND-08013
NET-08014,2026-01-01 19:10:03+00:00,0,IOMT-023,S-IOMT-023-38,EHR_READ,EP-IND-08014
NET-08015,2026-01-01 19:10:04+00:00,0,IOMT-009,S-IOMT-009-39,LAB_RESULTS,EP-IND-08015
NET-08016,2026-01-01 19:10:24+00:00,0,IOMT-017,S-IOMT-017-40,EHR_READ,EP-IND-08016
NET-08017,2026-01-01 19:10:30+00:00,0,IOMT-007,S-IOMT-007-41,EHR_WRITE,EP-IND-08017
NET-08018,2026-01-01 19:10:33+00:00,0,IOMT-011,S-IOMT-011-42,EHR_READ,EP-IND-08018
NET-08019,2026-01-01 19:10:34+00:00,0,IOMT-033,S-IOMT-033-43,IMAGING,EP-IND-08019
NET-08020,2026-01-01 19:10:48+00:00,0,IOMT-035,S-IOMT-035-44,IMAGING,EP-IND-08020
NET-08021,2026-01-01 19:11:02+00:00,0,IOMT-011,S-IOMT-011-45,EHR_READ,EP-IND-08021
NET-08022,2026-01-01 19:11:06+00:00,0,IOMT-039,S-IOMT-039-46,RESEARCH,EP-IND-08022
NET-08023,2026-01-01 19:11:10+00:00,0,IOMT-019,S-IOMT-019-47,LAB_RESULTS,EP-IND-08023
NET-08024,2026-01-01 19:11:16+00:00,0,IOMT-045,S-IOMT-045-48,EHR_WRITE,EP-IND-08024
NET-08025,2026-01-01 19:11:19+00:00,0,IOMT-018,S-IOMT-018-49,EHR_READ,EP-IND-08025
NET-08026,2026-01-01 19:11:40+00:00,0,IOMT-031,S-IOMT-031-50,LAB_RESULTS,EP-IND-08026
NET-08027,2026-01-01 19:11:57+00:00,0,IOMT-016,S-IOMT-016-51,RESEARCH,EP-IND-08027
NET-08028,2026-01-01 19:12:05+00:00,0,IOMT-038,S-IOMT-038-52,EHR_WRITE,EP-IND-08028
NET-08029,2026-01-01 19:12:11+00:00,0,IOMT-021,S-IOMT-021-53,LAB_RESULTS,EP-IND-08029
NET-08030,2026-01-01 19:12:26+00:00,0,IOMT-033,S-IOMT-033-54,LAB_RESULTS,EP-IND-08030
NET-08031,2026-01-01 19:12:46+00:00,0,IOMT-014,S-IOMT-014-55,EHR_READ,EP-IND-08031
NET-08032,2026-01-01 19:13:04+00:00,0,IOMT-014,S-IOMT-014-56,EHR_READ,EP-IND-08032
NET-08033,2026-01-01 19:13:10+00:00,0,IOMT-016,S-IOMT-016-57,IMAGING,EP-IND-08033
NET-08034,2026-01-01 19:13:22+00:00,0,IOMT-020,S-IOMT-020-58,EHR_WRITE,EP-IND-08034
NET-08035,2026-01-01 19:13:27+00:00,0,IOMT-037,S-IOMT-037-59,RESEARCH,EP-IND-08035
NET-08036,2026-01-01 19:13:32+00:00,0,IOMT-025,S-IOMT-025-60,RESEARCH,EP-IND-08036
NET-08037,2026-01-01 19:13:38+00:00,0,IOMT-039,S-IOMT-039-61,EHR_READ,EP-IND-08037
NET-08038,2026-01-01 19:14:06+00:00,0,IOMT-011,S-IOMT-011-62,EHR_READ,EP-IND-08038
NET-08039,2026-01-01 19:14:16+00:00,0,IOMT-018,S-IOMT-018-63,EHR_WRITE,EP-IND-08039
NET-08040,2026-01-01 19:14:24+00:00,0,IOMT-025,S-IOMT-025-64,LAB_RESULTS,EP-IND-08040
NET-08041,2026-01-01 19:14:24+00:00,0,IOMT-012,S-IOMT-012-65,IMAGING,EP-IND-08041
NET-08042,2026-01-01 19:14:26+00:00,0,IOMT-026,S-IOMT-026-66,LAB_RESULTS,EP-IND-08042
NET-08043,2026-01-01 19:14:26+00:00,0,IOMT-000,S-IOMT-000-67,RESEARCH,EP-IND-08043
NET-08044,2026-01-01 19:14:31+00:00,0,IOMT-004,S-IOMT-004-68,EHR_WRITE,EP-IND-08044
NET-08045,2026-01-01 19:14:35+00:00,0,IOMT-042,S-IOMT-042-69,RESEARCH,EP-IND-08045
NET-08046,2026-01-01 19:14:59+00:00,0,IOMT-040,S-IOMT-040-70,EHR_WRITE,EP-IND-08046
NET-08047,2026-01-01 19:15:13+00:00,0,IOMT-004,S-IOMT-004-71,EHR_READ,EP-IND-08047
NET-08048,2026-01-01 19:15:14+00:00,0,IOMT-011,S-IOMT-011-72,EHR_READ,EP-IND-08048
NET-08049,2026-01-01 19:15:17+00:00,0,IOMT-013,S-IOMT-013-73,IMAGING,EP-IND-08049
NET-08050,2026-01-01 19:15:21+00:00,0,IOMT-038,S-IOMT-038-74,EHR_WRITE,EP-IND-08050
NET-08051,2026-01-01 19:15:23+00:00,0,IOMT-047,S-IOMT-047-75,LAB_RESULTS,EP-IND-08051
NET-08052,2026-01-01 19:15:27+00:00,0,IOMT-017,S-IOMT-017-76,EHR_READ,EP-IND-08052
NET-08053,2026-01-01 19:15:29+00:00,0,IOMT-038,S-IOMT-038-77,EHR_WRITE,EP-IND-08053
NET-08054,2026-01-01 19:15:37+00:00,0,IOMT-043,S-IOMT-043-78,RESEARCH,EP-IND-08054
NET-08055,2026-01-01 19:15:42+00:00,0,IOMT-013,S-IOMT-013-79,IMAGING,EP-IND-08055
NET-08056,2026-01-01 19:15:44+00:00,0,IOMT-024,S-IOMT-024-80,EHR_READ,EP-IND-08056
NET-08057,2026-01-01 19:16:02+00:00,0,IOMT-003,S-IOMT-003-81,IMAGING,EP-IND-08057
NET-08058,2026-01-01 19:16:10+00:00,0,IOMT-007,S-IOMT-007-82,RESEARCH,EP-IND-08058
NET-08059,2026-01-01 19:16:14+00:00,0,IOMT-000,S-IOMT-000-83,EHR_WRITE,EP-IND-08059
NET-08060,2026-01-01 19:16:54+00:00,0,IOMT-030,S-IOMT-030-84,IMAGING,EP-IND-08060
NET-08061,2026-01-01 19:16:58+00:00,0,IOMT-004,S-IOMT-004-85,EHR_WRITE,EP-IND-08061
NET-08062,2026-01-01 19:17:02+00:00,0,IOMT-000,S-IOMT-000-86,LAB_RESULTS,EP-IND-08062
NET-08063,2026-01-01 19:17:04+00:00,0,IOMT-026,S-IOMT-026-87,EHR_WRITE,EP-IND-08063
NET-08064,2026-01-01 19:17:09+00:00,0,IOMT-024,S-IOMT-024-88,EHR_WRITE,EP-IND-08064
NET-08065,2026-01-01 19:17:20+00:00,0,IOMT-031,S-IOMT-031-89,EHR_WRITE,EP-IND-08065
NET-08066,2026-01-01 19:17:23+00:00,0,IOMT-022,S-IOMT-022-90,EHR_WRITE,EP-IND-08066
NET-08067,2026-01-01 19:17:29+00:00,0,IOMT-027,S-IOMT-027-91,EHR_READ,EP-IND-08067
NET-08068,2026-01-01 19:17:34+00:00,0,IOMT-016,S-IOMT-016-92,IMAGING,EP-IND-08068
NET-08069,2026-01-01 19:17:56+00:00,0,IOMT-025,S-IOMT-025-93,EHR_READ,EP-IND-08069
NET-08070,2026-01-01 19:18:11+00:00,0,IOMT-040,S-IOMT-040-94,RESEARCH,EP-IND-08070
NET-08071,2026-01-01 19:18:32+00:00,0,IOMT-036,S-IOMT-036-95,RESEARCH,EP-IND-08071
NET-08072,2026-01-01 19:18:42+00:00,0,IOMT-040,S-IOMT-040-96,EHR_WRITE,EP-IND-08072
NET-08073,2026-01-01 19:18:48+00:00,1,IOMT-034,S-IOMT-034-97,EHR_WRITE,EP-IND-08073
NET-08074,2026-01-01 19:19:30+00:00,0,IOMT-036,S-IOMT-036-98,EHR_WRITE,EP-IND-08074
NET-08075,2026-01-01 19:19:57+00:00,0,IOMT-013,S-IOMT-013-99,LAB_RESULTS,EP-IND-08075
NET-08076,2026-01-01 19:19:58+00:00,0,IOMT-003,S-IOMT-003-100,RESEARCH,EP-IND-08076
NET-08077,2026-01-01 19:20:01+00:00,0,IOMT-037,S-IOMT-037-101,RESEARCH,EP-IND-08077
NET-08078,2026-01-01 19:20:03+00:00,0,IOMT-014,S-IOMT-014-102,IMAGING,EP-IND-08078
NET-08079,2026-01-01 19:20:05+00:00,0,IOMT-001,S-IOMT-001-103,EHR_READ,EP-IND-08079
NET-08080,2026-01-01 19:20:22+00:00,0,IOMT-046,S-IOMT-046-104,EHR_READ,EP-IND-08080
NET-08081,2026-01-01 19:20:28+00:00,0,IOMT-024,S-IOMT-024-105,RESEARCH,EP-IND-08081
NET-08082,2026-01-01 19:20:40+00:00,0,IOMT-043,S-IOMT-043-106,EHR_READ,EP-IND-08082
NET-08083,2026-01-01 19:20:44+00:00,0,IOMT-040,S-IOMT-040-107,EHR_WRITE,EP-IND-08083
NET-08084,2026-01-01 19:21:02+00:00,0,IOMT-032,S-IOMT-032-108,RESEARCH,EP-IND-08084
NET-08085,2026-01-01 19:21:08+00:00,0,IOMT-015,S-IOMT-015-109,IMAGING,EP-IND-08085
NET-08086,2026-01-01 19:21:17+00:00,0,IOMT-047,S-IOMT-047-110,IMAGING,EP-IND-08086
NET-08087,2026-01-01 19:21:37+00:00,1,IOMT-042,S-IOMT-042-111,RESEARCH,EP-IND-08087
NET-08088,2026-01-01 19:21:39+00:00,0,IOMT-046,S-IOMT-046-112,EHR_WRITE,EP-IND-08088
NET-08089,2026-01-01 19:21:53+00:00,0,IOMT-001,S-IOMT-001-113,LAB_RESULTS,EP-IND-08089
NET-08090,2026-01-01 19:22:25+00:00,0,IOMT-019,S-IOMT-019-114,EHR_WRITE,EP-IND-08090
NET-08091,2026-01-01 19:22:25+00:00,0,IOMT-027,S-IOMT-027-115,IMAGING,EP-IND-08091
NET-08092,2026-01-01 19:22:32+00:00,0,IOMT-016,S-IOMT-016-116,LAB_RESULTS,EP-IND-08092
NET-08093,2026-01-01 19:22:34+00:00,0,IOMT-003,S-IOMT-003-117,EHR_READ,EP-IND-08093
NET-08094,2026-01-01 19:22:34+00:00,0,IOMT-004,S-IOMT-004-118,RESEARCH,EP-IND-08094
NET-08095,2026-01-01 19:22:35+00:00,0,IOMT-002,S-IOMT-002-119,EHR_WRITE,EP-IND-08095
NET-08096,2026-01-01 19:22:55+00:00,0,IOMT-006,S-IOMT-006-120,RESEARCH,EP-IND-08096
NET-08097,2026-01-01 19:22:59+00:00,0,IOMT-015,S-IOMT-015-121,EHR_WRITE,EP-IND-08097
NET-08098,2026-01-01 19:23:06+00:00,0,IOMT-008,S-IOMT-008-122,LAB_RESULTS,EP-IND-08098
NET-08099,2026-01-01 19:23:17+00:00,0,IOMT-031,S-IOMT-031-123,EHR_READ,EP-IND-08099
NET-08100,2026-01-01 19:23:20+00:00,0,IOMT-046,S-IOMT-046-124,LAB_RESULTS,EP-IND-08100
NET-08101,2026-01-01 19:23:28+00:00,0,IOMT-002,S-IOMT-002-125,EHR_WRITE,EP-IND-08101
NET-08102,2026-01-01 19:23:42+00:00,0,IOMT-010,S-IOMT-010-126,EHR_WRITE,EP-IND-08102
NET-08103,2026-01-01 19:24:00+00:00,0,IOMT-003,S-IOMT-003-127,LAB_RESULTS,EP-IND-08103
NET-08104,2026-01-01 19:24:06+00:00,0,IOMT-046,S-IOMT-046-128,IMAGING,EP-IND-08104
NET-08105,2026-01-01 19:24:14+00:00,0,IOMT-011,S-IOMT-011-129,RESEARCH,EP-IND-08105
NET-08106,2026-01-01 19:24:20+00:00,0,IOMT-044,S-IOMT-044-130,LAB_RESULTS,EP-IND-08106
NET-08107,2026-01-01 19:24:25+00:00,0,IOMT-023,S-IOMT-023-131,EHR_WRITE,EP-IND-08107
NET-08108,2026-01-01 19:24:28+00:00,0,IOMT-012,S-IOMT-012-132,EHR_READ,EP-IND-08108
NET-08109,2026-01-01 19:24:36+00:00,0,IOMT-034,S-IOMT-034-133,LAB_RESULTS,EP-IND-08109
NET-08110,2026-01-01 19:24:40+00:00,0,IOMT-048,S-IOMT-048-134,RESEARCH,EP-IND-08110
NET-08111,2026-01-01 19:24:50+00:00,0,IOMT-004,S-IOMT-004-135,IMAGING,EP-IND-08111
NET-08112,2026-01-01 19:24:55+00:00,0,IOMT-036,S-IOMT-036-136,EHR_WRITE,EP-IND-08112
NET-08113,2026-01-01 19:24:58+00:00,1,IOMT-005,S-IOMT-005-137,LAB_RESULTS,EP-IND-08113
NET-08114,2026-01-01 19:25:03+00:00,0,IOMT-004,S-IOMT-004-138,RESEARCH,EP-IND-08114
NET-08115,2026-01-01 19:25:09+00:00,0,IOMT-036,S-IOMT-036-139,IMAGING,EP-IND-08115
NET-08116,2026-01-01 19:25:10+00:00,0,IOMT-044,S-IOMT-044-140,LAB_RESULTS,EP-IND-08116
NET-08117,2026-01-01 19:25:16+00:00,0,IOMT-001,S-IOMT-001-141,RESEARCH,EP-IND-08117
NET-08118,2026-01-01 19:25:22+00:00,0,IOMT-034,S-IOMT-034-142,IMAGING,EP-IND-08118
NET-08119,2026-01-01 19:25:31+00:00,0,IOMT-023,S-IOMT-023-143,IMAGING,EP-IND-08119
NET-08120,2026-01-01 19:25:40+00:00,0,IOMT-032,S-IOMT-032-144,RESEARCH,EP-IND-08120
NET-08121,2026-01-01 19:26:20+00:00,0,IOMT-040,S-IOMT-040-145,LAB_RESULTS,EP-IND-08121
NET-08122,2026-01-01 19:26:40+00:00,0,IOMT-041,S-IOMT-041-146,IMAGING,EP-IND-08122
NET-08123,2026-01-01 19:26:46+00:00,0,IOMT-012,S-IOMT-012-147,RESEARCH,EP-IND-08123
NET-08124,2026-01-01 19:26:53+00:00,0,IOMT-011,S-IOMT-011-148,EHR_READ,EP-IND-08124
NET-08125,2026-01-01 19:26:58+00:00,0,IOMT-014,S-IOMT-014-149,EHR_WRITE,EP-IND-08125
NET-08126,2026-01-01 19:27:06+00:00,0,IOMT-013,S-IOMT-013-150,EHR_READ,EP-IND-08126
NET-08127,2026-01-01 19:27:13+00:00,0,IOMT-043,S-IOMT-043-151,LAB_RESULTS,EP-IND-08127
NET-08128,2026-01-01 19:27:16+00:00,0,IOMT-004,S-IOMT-004-152,IMAGING,EP-IND-08128
NET-08129,2026-01-01 19:27:25+00:00,0,IOMT-023,S-IOMT-023-153,EHR_WRITE,EP-IND-08129
NET-08130,2026-01-01 19:28:05+00:00,0,IOMT-004,S-IOMT-004-154,EHR_WRITE,EP-IND-08130
NET-08131,2026-01-01 19:28:09+00:00,0,IOMT-033,S-IOMT-033-155,IMAGING,EP-IND-08131
NET-08132,2026-01-01 19:28:13+00:00,0,IOMT-003,S-IOMT-003-156,IMAGING,EP-IND-08132
NET-08133,2026-01-01 19:28:36+00:00,0,IOMT-041,S-IOMT-041-157,RESEARCH,EP-IND-08133
NET-08134,2026-01-01 19:28:47+00:00,0,IOMT-044,S-IOMT-044-158,RESEARCH,EP-IND-08134
NET-08135,2026-01-01 19:29:01+00:00,0,IOMT-032,S-IOMT-032-159,RESEARCH,EP-IND-08135
NET-08136,2026-01-01 19:29:04+00:00,0,IOMT-024,S-IOMT-024-160,EHR_WRITE,EP-IND-08136
NET-08137,2026-01-01 19:29:26+00:00,0,IOMT-009,S-IOMT-009-161,EHR_WRITE,EP-IND-08137
NET-08138,2026-01-01 19:29:33+00:00,0,IOMT-028,S-IOMT-028-162,EHR_READ,EP-IND-08138
NET-08139,2026-01-01 19:29:41+00:00,0,IOMT-029,S-IOMT-029-163,EHR_WRITE,EP-IND-08139
NET-08140,2026-01-01 19:29:44+00:00,0,IOMT-030,S-IOMT-030-164,EHR_WRITE,EP-IND-08140
NET-08141,2026-01-01 19:30:02+00:00,0,IOMT-020,S-IOMT-020-165,IMAGING,EP-IND-08141
NET-08142,2026-01-01 19:30:03+00:00,0,IOMT-037,S-IOMT-037-166,LAB_RESULTS,EP-IND-08142
NET-08143,2026-01-01 19:30:12+00:00,0,IOMT-006,S-IOMT-006-167,LAB_RESULTS,EP-IND-08143
NET-08144,2026-01-01 19:30:16+00:00,0,IOMT-048,S-IOMT-048-168,EHR_READ,EP-IND-08144
NET-08145,2026-01-01 19:30:23+00:00,0,IOMT-046,S-IOMT-046-169,LAB_RESULTS,EP-IND-08145
NET-08146,2026-01-01 19:30:41+00:00,0,IOMT-049,S-IOMT-049-170,RESEARCH,EP-IND-08146
NET-08147,2026-01-01 19:31:00+00:00,0,IOMT-006,S-IOMT-006-171,LAB_RESULTS,EP-IND-08147
NET-08148,2026-01-01 19:31:01+00:00,0,IOMT-028,S-IOMT-028-172,RESEARCH,EP-IND-08148
NET-08149,2026-01-01 19:31:06+00:00,0,IOMT-023,S-IOMT-023-173,EHR_READ,EP-IND-08149
NET-08150,2026-01-01 19:31:10+00:00,0,IOMT-049,S-IOMT-049-174,EHR_READ,EP-IND-08150
NET-08151,2026-01-01 19:31:15+00:00,0,IOMT-009,S-IOMT-009-175,EHR_READ,EP-IND-08151
NET-08152,2026-01-01 19:31:30+00:00,0,IOMT-049,S-IOMT-049-176,LAB_RESULTS,EP-IND-08152
NET-08153,2026-01-01 19:31:48+00:00,0,IOMT-012,S-IOMT-012-177,LAB_RESULTS,EP-IND-08153
NET-08154,2026-01-01 19:31:53+00:00,1,IOMT-004,S-IOMT-004-178,EHR_WRITE,EP-IND-08154
NET-08155,2026-01-01 19:31:58+00:00,0,IOMT-015,S-IOMT-015-179,EHR_WRITE,EP-IND-08155
NET-08156,2026-01-01 19:32:11+00:00,0,IOMT-033,S-IOMT-033-180,EHR_WRITE,EP-IND-08156
NET-08157,2026-01-01 19:32:11+00:00,0,IOMT-000,S-IOMT-000-181,LAB_RESULTS,EP-IND-08157
NET-08158,2026-01-01 19:32:15+00:00,0,IOMT-016,S-IOMT-016-182,RESEARCH,EP-IND-08158
NET-08159,2026-01-01 19:32:21+00:00,1,IOMT-031,S-IOMT-031-183,IMAGING,EP-IND-08159
NET-08160,2026-01-01 19:32:26+00:00,1,IOMT-012,S-IOMT-012-184,IMAGING,EP-IND-08160
NET-08161,2026-01-01 19:32:27+00:00,0,IOMT-044,S-IOMT-044-185,EHR_READ,EP-IND-08161
NET-08162,2026-01-01 19:32:37+00:00,0,IOMT-014,S-IOMT-014-186,RESEARCH,EP-IND-08162
NET-08163,2026-01-01 19:32:37+00:00,0,IOMT-031,S-IOMT-031-187,RESEARCH,EP-IND-08163
NET-08164,2026-01-01 19:32:39+00:00,0,IOMT-045,S-IOMT-045-188,RESEARCH,EP-IND-08164
NET-08165,2026-01-01 19:32:46+00:00,0,IOMT-025,S-IOMT-025-189,IMAGING,EP-IND-08165
NET-08166,2026-01-01 19:32:47+00:00,0,IOMT-013,S-IOMT-013-190,EHR_WRITE,EP-IND-08166
NET-08167,2026-01-01 19:33:00+00:00,0,IOMT-038,S-IOMT-038-191,RESEARCH,EP-IND-08167
NET-08168,2026-01-01 19:33:25+00:00,0,IOMT-021,S-IOMT-021-192,EHR_WRITE,EP-IND-08168
NET-08169,2026-01-01 19:33:26+00:00,0,IOMT-031,S-IOMT-031-193,LAB_RESULTS,EP-IND-08169
NET-08170,2026-01-01 19:33:33+00:00,0,IOMT-023,S-IOMT-023-194,EHR_WRITE,EP-IND-08170
NET-08171,2026-01-01 19:33:34+00:00,0,IOMT-038,S-IOMT-038-195,RESEARCH,EP-IND-08171
NET-08172,2026-01-01 19:33:49+00:00,0,IOMT-015,S-IOMT-015-196,LAB_RESULTS,EP-IND-08172
NET-08173,2026-01-01 19:33:56+00:00,0,IOMT-033,S-IOMT-033-197,LAB_RESULTS,EP-IND-08173
NET-08174,2026-01-01 19:34:02+00:00,0,IOMT-044,S-IOMT-044-198,IMAGING,EP-IND-08174
NET-08175,2026-01-01 19:34:04+00:00,0,IOMT-039,S-IOMT-039-199,RESEARCH,EP-IND-08175
NET-08176,2026-01-01 19:34:18+00:00,0,IOMT-021,S-IOMT-021-200,IMAGING,EP-IND-08176
NET-08177,2026-01-01 19:34:24+00:00,0,IOMT-042,S-IOMT-042-201,RESEARCH,EP-IND-08177
NET-08178,2026-01-01 19:34:34+00:00,0,IOMT-008,S-IOMT-008-202,LAB_RESULTS,EP-IND-08178
NET-08179,2026-01-01 19:34:39+00:00,0,IOMT-015,S-IOMT-015-203,EHR_WRITE,EP-IND-08179
NET-08180,2026-01-01 19:34:57+00:00,0,IOMT-001,S-IOMT-001-204,EHR_WRITE,EP-IND-08180
NET-08181,2026-01-01 19:35:05+00:00,0,IOMT-032,S-IOMT-032-205,LAB_RESULTS,EP-IND-08181
NET-08182,2026-01-01 19:35:22+00:00,0,IOMT-012,S-IOMT-012-206,IMAGING,EP-IND-08182
NET-08183,2026-01-01 19:35:23+00:00,0,IOMT-036,S-IOMT-036-207,EHR_READ,EP-IND-08183
NET-08184,2026-01-01 19:35:23+00:00,0,IOMT-034,S-IOMT-034-208,LAB_RESULTS,EP-IND-08184
NET-08185,2026-01-01 19:35:30+00:00,0,IOMT-025,S-IOMT-025-209,IMAGING,EP-IND-08185
NET-08186,2026-01-01 19:35:34+00:00,0,IOMT-014,S-IOMT-014-210,RESEARCH,EP-IND-08186
NET-08187,2026-01-01 19:35:38+00:00,0,IOMT-047,S-IOMT-047-211,EHR_WRITE,EP-IND-08187
NET-08188,2026-01-01 19:35:38+00:00,0,IOMT-015,S-IOMT-015-212,EHR_WRITE,EP-IND-08188
NET-08189,2026-01-01 19:35:45+00:00,0,IOMT-015,S-IOMT-015-213,IMAGING,EP-IND-08189
NET-08190,2026-01-01 19:35:52+00:00,0,IOMT-023,S-IOMT-023-214,LAB_RESULTS,EP-IND-08190
NET-08191,2026-01-01 19:36:03+00:00,0,IOMT-041,S-IOMT-041-215,EHR_WRITE,EP-IND-08191
NET-08192,2026-01-01 19:36:09+00:00,0,IOMT-009,S-IOMT-009-216,EHR_WRITE,EP-IND-08192
NET-08193,2026-01-01 19:36:20+00:00,0,IOMT-013,S-IOMT-013-217,EHR_WRITE,EP-IND-08193
NET-08194,2026-01-01 19:36:24+00:00,1,IOMT-002,S-IOMT-002-218,EHR_WRITE,EP-IND-08194
NET-08195,2026-01-01 19:36:40+00:00,0,IOMT-008,S-IOMT-008-219,EHR_WRITE,EP-IND-08195
NET-08196,2026-01-01 19:36:40+00:00,0,IOMT-022,S-IOMT-022-220,LAB_RESULTS,EP-IND-08196
NET-08197,2026-01-01 19:36:43+00:00,0,IOMT-049,S-IOMT-049-221,EHR_READ,EP-IND-08197
NET-08198,2026-01-01 19:36:48+00:00,0,IOMT-025,S-IOMT-025-222,RESEARCH,EP-IND-08198
NET-08199,2026-01-01 19:36:52+00:00,0,IOMT-026,S-IOMT-026-223,RESEARCH,EP-IND-08199
NET-08200,2026-01-01 19:36:53+00:00,0,IOMT-003,S-IOMT-003-224,RESEARCH,EP-IND-08200
NET-08201,2026-01-01 19:36:55+00:00,0,IOMT-017,S-IOMT-017-225,IMAGING,EP-IND-08201
NET-08202,2026-01-01 19:37:01+00:00,0,IOMT-049,S-IOMT-049-226,EHR_WRITE,EP-IND-08202
NET-08203,2026-01-01 19:37:03+00:00,0,IOMT-018,S-IOMT-018-227,EHR_WRITE,EP-IND-08203
NET-08204,2026-01-01 19:37:37+00:00,0,IOMT-035,S-IOMT-035-228,RESEARCH,EP-IND-08204
NET-08205,2026-01-01 19:38:25+00:00,0,IOMT-001,S-IOMT-001-229,RESEARCH,EP-IND-08205
NET-08206,2026-01-01 19:38:27+00:00,0,IOMT-037,S-IOMT-037-230,EHR_WRITE,EP-IND-08206
NET-08207,2026-01-01 19:38:31+00:00,0,IOMT-033,S-IOMT-033-231,LAB_RESULTS,EP-IND-08207
NET-08208,2026-01-01 19:38:32+00:00,0,IOMT-026,S-IOMT-026-232,IMAGING,EP-IND-08208
NET-08209,2026-01-01 19:38:45+00:00,0,IOMT-022,S-IOMT-022-233,IMAGING,EP-IND-08209
NET-08210,2026-01-01 19:38:58+00:00,0,IOMT-016,S-IOMT-016-234,EHR_WRITE,EP-IND-08210
NET-08211,2026-01-01 19:39:20+00:00,1,IOMT-032,S-IOMT-032-235,IMAGING,EP-IND-08211
NET-08212,2026-01-01 19:39:23+00:00,0,IOMT-015,S-IOMT-015-236,RESEARCH,EP-IND-08212
NET-08213,2026-01-01 19:39:38+00:00,0,IOMT-015,S-IOMT-015-237,EHR_WRITE,EP-IND-08213
NET-08214,2026-01-01 19:39:41+00:00,0,IOMT-026,S-IOMT-026-238,LAB_RESULTS,EP-IND-08214
NET-08215,2026-01-01 19:39:50+00:00,0,IOMT-025,S-IOMT-025-239,EHR_READ,EP-IND-08215
NET-08216,2026-01-01 19:39:53+00:00,0,IOMT-009,S-IOMT-009-240,EHR_WRITE,EP-IND-08216
NET-08217,2026-01-01 19:40:05+00:00,0,IOMT-049,S-IOMT-049-241,IMAGING,EP-IND-08217
NET-08218,2026-01-01 19:40:09+00:00,0,IOMT-014,S-IOMT-014-242,EHR_WRITE,EP-IND-08218
NET-08219,2026-01-01 19:40:25+00:00,0,IOMT-020,S-IOMT-020-243,EHR_WRITE,EP-IND-08219
NET-08220,2026-01-01 19:40:32+00:00,0,IOMT-013,S-IOMT-013-244,LAB_RESULTS,EP-IND-08220
NET-08221,2026-01-01 19:40:43+00:00,1,IOMT-013,S-IOMT-013-245,IMAGING,EP-IND-08221
NET-08222,2026-01-01 19:40:55+00:00,0,IOMT-039,S-IOMT-039-246,RESEARCH,EP-IND-08222
NET-08223,2026-01-01 19:40:56+00:00,0,IOMT-006,S-IOMT-006-247,EHR_READ,EP-IND-08223
NET-08224,2026-01-01 19:41:05+00:00,0,IOMT-039,S-IOMT-039-248,EHR_WRITE,EP-IND-08224
NET-08225,2026-01-01 19:41:23+00:00,0,IOMT-032,S-IOMT-032-249,IMAGING,EP-IND-08225
NET-08226,2026-01-01 19:41:37+00:00,0,IOMT-042,S-IOMT-042-250,RESEARCH,EP-IND-08226
NET-08227,2026-01-01 19:41:58+00:00,0,IOMT-008,S-IOMT-008-251,EHR_WRITE,EP-IND-08227
NET-08228,2026-01-01 19:41:59+00:00,0,IOMT-012,S-IOMT-012-252,IMAGING,EP-IND-08228
NET-08229,2026-01-01 19:42:17+00:00,0,IOMT-006,S-IOMT-006-253,IMAGING,EP-IND-08229
NET-08230,2026-01-01 19:42:17+00:00,0,IOMT-047,S-IOMT-047-254,RESEARCH,EP-IND-08230
NET-08231,2026-01-01 19:42:21+00:00,0,IOMT-043,S-IOMT-043-255,EHR_WRITE,EP-IND-08231
NET-08232,2026-01-01 19:42:38+00:00,0,IOMT-022,S-IOMT-022-256,EHR_WRITE,EP-IND-08232
NET-08233,2026-01-01 19:42:43+00:00,0,IOMT-018,S-IOMT-018-257,EHR_WRITE,EP-IND-08233
NET-08234,2026-01-01 19:42:45+00:00,0,IOMT-025,S-IOMT-025-258,RESEARCH,EP-IND-08234
NET-08235,2026-01-01 19:43:12+00:00,0,IOMT-021,S-IOMT-021-259,IMAGING,EP-IND-08235
NET-08236,2026-01-01 19:43:12+00:00,0,IOMT-049,S-IOMT-049-260,LAB_RESULTS,EP-IND-08236
NET-08237,2026-01-01 19:43:24+00:00,0,IOMT-038,S-IOMT-038-261,LAB_RESULTS,EP-IND-08237
NET-08238,2026-01-01 19:43:27+00:00,0,IOMT-015,S-IOMT-015-262,IMAGING,EP-IND-08238
NET-08239,2026-01-01 19:43:38+00:00,0,IOMT-048,S-IOMT-048-263,LAB_RESULTS,EP-IND-08239
NET-08240,2026-01-01 19:43:40+00:00,0,IOMT-035,S-IOMT-035-264,EHR_WRITE,EP-IND-08240
NET-08241,2026-01-01 19:43:43+00:00,1,IOMT-039,S-IOMT-039-265,EHR_WRITE,EP-IND-08241
NET-08242,2026-01-01 19:43:43+00:00,0,IOMT-047,S-IOMT-047-266,EHR_WRITE,EP-IND-08242
NET-08243,2026-01-01 19:43:45+00:00,1,IOMT-047,S-IOMT-047-267,EHR_WRITE,EP-IND-08243
NET-08244,2026-01-01 19:43:51+00:00,0,IOMT-025,S-IOMT-025-268,LAB_RESULTS,EP-IND-08244
NET-08245,2026-01-01 19:43:52+00:00,0,IOMT-027,S-IOMT-027-269,EHR_READ,EP-IND-08245
NET-08246,2026-01-01 19:43:58+00:00,1,IOMT-034,S-IOMT-034-270,LAB_RESULTS,EP-IND-08246
NET-08247,2026-01-01 19:44:13+00:00,0,IOMT-047,S-IOMT-047-271,IMAGING,EP-IND-08247
NET-08248,2026-01-01 19:44:33+00:00,0,IOMT-006,S-IOMT-006-272,LAB_RESULTS,EP-IND-08248
NET-08249,2026-01-01 19:44:36+00:00,0,IOMT-004,S-IOMT-004-273,RESEARCH,EP-IND-08249
NET-08250,2026-01-01 19:44:37+00:00,0,IOMT-017,S-IOMT-017-274,IMAGING,EP-IND-08250
NET-08251,2026-01-01 19:44:39+00:00,0,IOMT-001,S-IOMT-001-275,LAB_RESULTS,EP-IND-08251
NET-08252,2026-01-01 19:44:41+00:00,0,IOMT-016,S-IOMT-016-276,EHR_WRITE,EP-IND-08252
NET-08253,2026-01-01 19:44:44+00:00,0,IOMT-049,S-IOMT-049-277,RESEARCH,EP-IND-08253
NET-08254,2026-01-01 19:44:47+00:00,0,IOMT-015,S-IOMT-015-278,EHR_READ,EP-IND-08254
NET-08255,2026-01-01 19:45:33+00:00,0,IOMT-004,S-IOMT-004-279,EHR_WRITE,EP-IND-08255
NET-08256,2026-01-01 19:45:44+00:00,0,IOMT-049,S-IOMT-049-280,IMAGING,EP-IND-08256
NET-08257,2026-01-01 19:45:48+00:00,1,IOMT-014,S-IOMT-014-281,EHR_WRITE,EP-IND-08257
NET-08258,2026-01-01 19:45:56+00:00,0,IOMT-047,S-IOMT-047-282,EHR_READ,EP-IND-08258
NET-08259,2026-01-01 19:45:59+00:00,1,IOMT-048,S-IOMT-048-283,EHR_READ,EP-IND-08259
NET-08260,2026-01-01 19:46:00+00:00,0,IOMT-040,S-IOMT-040-284,IMAGING,EP-IND-08260
NET-08261,2026-01-01 19:46:13+00:00,0,IOMT-041,S-IOMT-041-285,EHR_READ,EP-IND-08261
NET-08262,2026-01-01 19:46:14+00:00,0,IOMT-000,S-IOMT-000-286,EHR_WRITE,EP-IND-08262
NET-08263,2026-01-01 19:46:16+00:00,0,IOMT-018,S-IOMT-018-287,RESEARCH,EP-IND-08263
NET-08264,2026-01-01 19:46:19+00:00,0,IOMT-001,S-IOMT-001-288,EHR_READ,EP-IND-08264
NET-08265,2026-01-01 19:46:31+00:00,0,IOMT-033,S-IOMT-033-289,LAB_RESULTS,EP-IND-08265
NET-08266,2026-01-01 19:46:42+00:00,0,IOMT-009,S-IOMT-009-290,EHR_READ,EP-IND-08266
NET-08267,2026-01-01 19:46:44+00:00,0,IOMT-021,S-IOMT-021-291,LAB_RESULTS,EP-IND-08267
NET-08268,2026-01-01 19:46:53+00:00,0,IOMT-046,S-IOMT-046-292,EHR_WRITE,EP-IND-08268
NET-08269,2026-01-01 19:46:57+00:00,0,IOMT-032,S-IOMT-032-293,LAB_RESULTS,EP-IND-08269
NET-08270,2026-01-01 19:46:59+00:00,0,IOMT-035,S-IOMT-035-294,EHR_READ,EP-IND-08270
NET-08271,2026-01-01 19:47:01+00:00,0,IOMT-010,S-IOMT-010-295,LAB_RESULTS,EP-IND-08271
NET-08272,2026-01-01 19:47:29+00:00,0,IOMT-034,S-IOMT-034-296,RESEARCH,EP-IND-08272
NET-08273,2026-01-01 19:47:40+00:00,0,IOMT-020,S-IOMT-020-297,IMAGING,EP-IND-08273
NET-08274,2026-01-01 19:47:55+00:00,0,IOMT-027,S-IOMT-027-298,EHR_READ,EP-IND-08274
NET-08275,2026-01-01 19:48:05+00:00,0,IOMT-039,S-IOMT-039-299,IMAGING,EP-IND-08275
NET-08276,2026-01-01 19:48:15+00:00,0,IOMT-027,S-IOMT-027-300,EHR_WRITE,EP-IND-08276
NET-08277,2026-01-01 19:48:23+00:00,0,IOMT-041,S-IOMT-041-301,EHR_READ,EP-IND-08277
NET-08278,2026-01-01 19:48:26+00:00,0,IOMT-032,S-IOMT-032-302,RESEARCH,EP-IND-08278
NET-08279,2026-01-01 19:48:31+00:00,0,IOMT-002,S-IOMT-002-303,RESEARCH,EP-IND-08279
NET-08280,2026-01-01 19:48:50+00:00,0,IOMT-027,S-IOMT-027-304,EHR_READ,EP-IND-08280
NET-08281,2026-01-01 19:48:55+00:00,0,IOMT-021,S-IOMT-021-305,IMAGING,EP-IND-08281
NET-08282,2026-01-01 19:49:10+00:00,0,IOMT-048,S-IOMT-048-306,IMAGING,EP-IND-08282
NET-08283,2026-01-01 19:49:13+00:00,0,IOMT-012,S-IOMT-012-307,IMAGING,EP-IND-08283
NET-08284,2026-01-01 19:49:20+00:00,0,IOMT-034,S-IOMT-034-308,RESEARCH,EP-IND-08284
NET-08285,2026-01-01 19:49:37+00:00,0,IOMT-003,S-IOMT-003-309,EHR_READ,EP-IND-08285
NET-08286,2026-01-01 19:49:42+00:00,0,IOMT-033,S-IOMT-033-310,EHR_WRITE,EP-IND-08286
NET-08287,2026-01-01 19:49:51+00:00,0,IOMT-043,S-IOMT-043-311,EHR_WRITE,EP-IND-08287
NET-08288,2026-01-01 19:50:01+00:00,0,IOMT-034,S-IOMT-034-312,EHR_READ,EP-IND-08288
NET-08289,2026-01-01 19:50:04+00:00,0,IOMT-010,S-IOMT-010-313,EHR_READ,EP-IND-08289
NET-08290,2026-01-01 19:50:04+00:00,0,IOMT-007,S-IOMT-007-314,LAB_RESULTS,EP-IND-08290
NET-08291,2026-01-01 19:50:14+00:00,0,IOMT-035,S-IOMT-035-315,LAB_RESULTS,EP-IND-08291
NET-08292,2026-01-01 19:50:18+00:00,0,IOMT-012,S-IOMT-012-316,EHR_WRITE,EP-IND-08292
NET-08293,2026-01-01 19:50:19+00:00,0,IOMT-012,S-IOMT-012-317,EHR_READ,EP-IND-08293
NET-08294,2026-01-01 19:50:33+00:00,0,IOMT-023,S-IOMT-023-318,EHR_READ,EP-IND-08294
NET-08295,2026-01-01 19:50:35+00:00,0,IOMT-028,S-IOMT-028-319,IMAGING,EP-IND-08295
NET-08296,2026-01-01 19:50:36+00:00,0,IOMT-029,S-IOMT-029-320,EHR_WRITE,EP-IND-08296
NET-08297,2026-01-01 19:50:45+00:00,0,IOMT-027,S-IOMT-027-321,IMAGING,EP-IND-08297
NET-08298,2026-01-01 19:51:18+00:00,0,IOMT-009,S-IOMT-009-322,IMAGING,EP-IND-08298
NET-08299,2026-01-01 19:51:19+00:00,0,IOMT-000,S-IOMT-000-323,RESEARCH,EP-IND-08299
NET-08300,2026-01-01 19:51:22+00:00,0,IOMT-021,S-IOMT-021-324,LAB_RESULTS,EP-IND-08300
NET-08301,2026-01-01 19:52:01+00:00,0,IOMT-002,S-IOMT-002-325,RESEARCH,EP-IND-08301
NET-08302,2026-01-01 19:52:04+00:00,0,IOMT-022,S-IOMT-022-326,IMAGING,EP-IND-08302
NET-08303,2026-01-01 19:52:09+00:00,0,IOMT-030,S-IOMT-030-327,IMAGING,EP-IND-08303
NET-08304,2026-01-01 19:52:11+00:00,0,IOMT-030,S-IOMT-030-328,EHR_READ,EP-IND-08304
NET-08305,2026-01-01 19:52:18+00:00,0,IOMT-016,S-IOMT-016-329,RESEARCH,EP-IND-08305
NET-08306,2026-01-01 19:52:23+00:00,0,IOMT-035,S-IOMT-035-330,RESEARCH,EP-IND-08306
NET-08307,2026-01-01 19:52:50+00:00,0,IOMT-046,S-IOMT-046-331,IMAGING,EP-IND-08307
NET-08308,2026-01-01 19:52:51+00:00,0,IOMT-019,S-IOMT-019-332,IMAGING,EP-IND-08308
NET-08309,2026-01-01 19:53:02+00:00,0,IOMT-019,S-IOMT-019-333,EHR_READ,EP-IND-08309
NET-08310,2026-01-01 19:53:05+00:00,0,IOMT-021,S-IOMT-021-334,LAB_RESULTS,EP-IND-08310
NET-08311,2026-01-01 19:53:07+00:00,0,IOMT-008,S-IOMT-008-335,RESEARCH,EP-IND-08311
NET-08312,2026-01-01 19:53:15+00:00,0,IOMT-013,S-IOMT-013-336,EHR_WRITE,EP-IND-08312
NET-08313,2026-01-01 19:53:22+00:00,0,IOMT-007,S-IOMT-007-337,EHR_WRITE,EP-IND-08313
NET-08314,2026-01-01 19:53:26+00:00,0,IOMT-019,S-IOMT-019-338,LAB_RESULTS,EP-IND-08314
NET-08315,2026-01-01 19:53:48+00:00,0,IOMT-037,S-IOMT-037-339,EHR_READ,EP-IND-08315
NET-08316,2026-01-01 19:53:53+00:00,0,IOMT-000,S-IOMT-000-340,IMAGING,EP-IND-08316
NET-08317,2026-01-01 19:53:55+00:00,0,IOMT-038,S-IOMT-038-341,IMAGING,EP-IND-08317
NET-08318,2026-01-01 19:53:57+00:00,0,IOMT-025,S-IOMT-025-342,RESEARCH,EP-IND-08318
NET-08319,2026-01-01 19:54:12+00:00,0,IOMT-023,S-IOMT-023-343,LAB_RESULTS,EP-IND-08319
NET-08320,2026-01-01 19:54:13+00:00,0,IOMT-006,S-IOMT-006-344,EHR_READ,EP-IND-08320
NET-08321,2026-01-01 19:54:16+00:00,0,IOMT-012,S-IOMT-012-345,RESEARCH,EP-IND-08321
NET-08322,2026-01-01 19:54:24+00:00,0,IOMT-001,S-IOMT-001-346,RESEARCH,EP-IND-08322
NET-08323,2026-01-01 19:54:37+00:00,0,IOMT-039,S-IOMT-039-347,EHR_WRITE,EP-IND-08323
NET-08324,2026-01-01 19:55:04+00:00,0,IOMT-027,S-IOMT-027-348,LAB_RESULTS,EP-IND-08324
NET-08325,2026-01-01 19:55:11+00:00,0,IOMT-042,S-IOMT-042-349,EHR_READ,EP-IND-08325
NET-08326,2026-01-01 19:55:24+00:00,0,IOMT-037,S-IOMT-037-350,LAB_RESULTS,EP-IND-08326
NET-08327,2026-01-01 19:55:34+00:00,0,IOMT-031,S-IOMT-031-351,IMAGING,EP-IND-08327
NET-08328,2026-01-01 19:55:38+00:00,0,IOMT-021,S-IOMT-021-352,EHR_WRITE,EP-IND-08328
NET-08329,2026-01-01 19:55:47+00:00,0,IOMT-041,S-IOMT-041-353,LAB_RESULTS,EP-IND-08329
NET-08330,2026-01-01 19:56:09+00:00,0,IOMT-020,S-IOMT-020-354,IMAGING,EP-IND-08330
NET-08331,2026-01-01 19:56:19+00:00,0,IOMT-000,S-IOMT-000-355,EHR_READ,EP-IND-08331
NET-08332,2026-01-01 19:56:20+00:00,0,IOMT-023,S-IOMT-023-356,LAB_RESULTS,EP-IND-08332
NET-08333,2026-01-01 19:56:20+00:00,0,IOMT-001,S-IOMT-001-357,EHR_READ,EP-IND-08333
NET-08334,2026-01-01 19:56:33+00:00,0,IOMT-047,S-IOMT-047-358,LAB_RESULTS,EP-IND-08334
NET-08335,2026-01-01 19:56:37+00:00,0,IOMT-036,S-IOMT-036-359,EHR_READ,EP-IND-08335
NET-08336,2026-01-01 19:56:42+00:00,0,IOMT-002,S-IOMT-002-360,EHR_READ,EP-IND-08336
NET-08337,2026-01-01 19:56:51+00:00,0,IOMT-010,S-IOMT-010-361,EHR_WRITE,EP-IND-08337
NET-08338,2026-01-01 19:56:56+00:00,0,IOMT-012,S-IOMT-012-362,EHR_WRITE,EP-IND-08338
NET-08339,2026-01-01 19:57:02+00:00,0,IOMT-036,S-IOMT-036-363,EHR_WRITE,EP-IND-08339
NET-08340,2026-01-01 19:57:25+00:00,0,IOMT-019,S-IOMT-019-364,EHR_WRITE,EP-IND-08340
NET-08341,2026-01-01 19:57:40+00:00,0,IOMT-028,S-IOMT-028-365,EHR_READ,EP-IND-08341
NET-08342,2026-01-01 19:57:44+00:00,0,IOMT-038,S-IOMT-038-366,RESEARCH,EP-IND-08342
NET-08343,2026-01-01 19:57:52+00:00,0,IOMT-012,S-IOMT-012-367,LAB_RESULTS,EP-IND-08343
NET-08344,2026-01-01 19:58:02+00:00,0,IOMT-024,S-IOMT-024-368,EHR_WRITE,EP-IND-08344
NET-08345,2026-01-01 19:58:06+00:00,0,IOMT-025,S-IOMT-025-369,EHR_READ,EP-IND-08345
NET-08346,2026-01-01 19:58:26+00:00,0,IOMT-029,S-IOMT-029-370,EHR_WRITE,EP-IND-08346
NET-08347,2026-01-01 19:58:42+00:00,0,IOMT-043,S-IOMT-043-371,RESEARCH,EP-IND-08347
NET-08348,2026-01-01 19:58:44+00:00,0,IOMT-047,S-IOMT-047-372,EHR_READ,EP-IND-08348
NET-08349,2026-01-01 19:58:53+00:00,0,IOMT-048,S-IOMT-048-373,IMAGING,EP-IND-08349
NET-08350,2026-01-01 19:58:59+00:00,0,IOMT-035,S-IOMT-035-374,EHR_READ,EP-IND-08350
NET-08351,2026-01-01 19:59:04+00:00,1,IOMT-043,S-IOMT-043-375,IMAGING,EP-IND-08351
NET-08352,2026-01-01 19:59:21+00:00,1,IOMT-048,S-IOMT-048-376,IMAGING,EP-IND-08352
NET-08353,2026-01-01 19:59:21+00:00,0,IOMT-016,S-IOMT-016-377,RESEARCH,EP-IND-08353
NET-08354,2026-01-01 19:59:29+00:00,0,IOMT-013,S-IOMT-013-378,RESEARCH,EP-IND-08354
NET-08355,2026-01-01 19:59:38+00:00,0,IOMT-044,S-IOMT-044-379,EHR_READ,EP-IND-08355
NET-08356,2026-01-01 19:59:43+00:00,0,IOMT-035,S-IOMT-035-380,RESEARCH,EP-IND-08356
NET-08357,2026-01-01 19:59:53+00:00,0,IOMT-016,S-IOMT-016-381,LAB_RESULTS,EP-IND-08357
NET-08358,2026-01-01 19:59:59+00:00,0,IOMT-045,S-IOMT-045-382,EHR_WRITE,EP-IND-08358
NET-08359,2026-01-01 20:00:05+00:00,0,IOMT-049,S-IOMT-049-383,RESEARCH,EP-IND-08359
NET-08360,2026-01-01 20:00:22+00:00,0,IOMT-032,S-IOMT-032-384,EHR_READ,EP-IND-08360
NET-08361,2026-01-01 20:01:05+00:00,0,IOMT-038,S-IOMT-038-385,IMAGING,EP-IND-08361
NET-08362,2026-01-01 20:01:26+00:00,0,IOMT-045,S-IOMT-045-386,EHR_WRITE,EP-IND-08362
NET-08363,2026-01-01 20:01:31+00:00,0,IOMT-008,S-IOMT-008-387,IMAGING,EP-IND-08363
NET-08364,2026-01-01 20:01:40+00:00,0,IOMT-007,S-IOMT-007-388,EHR_WRITE,EP-IND-08364
NET-08365,2026-01-01 20:01:42+00:00,1,IOMT-032,S-IOMT-032-389,LAB_RESULTS,EP-IND-08365
NET-08366,2026-01-01 20:01:45+00:00,0,IOMT-009,S-IOMT-009-390,RESEARCH,EP-IND-08366
NET-08367,2026-01-01 20:01:54+00:00,0,IOMT-043,S-IOMT-043-391,EHR_WRITE,EP-IND-08367
NET-08368,2026-01-01 20:01:59+00:00,0,IOMT-014,S-IOMT-014-392,EHR_WRITE,EP-IND-08368
NET-08369,2026-01-01 20:02:02+00:00,0,IOMT-030,S-IOMT-030-393,EHR_READ,EP-IND-08369
NET-08370,2026-01-01 20:02:21+00:00,0,IOMT-049,S-IOMT-049-394,EHR_READ,EP-IND-08370
NET-08371,2026-01-01 20:02:22+00:00,0,IOMT-003,S-IOMT-003-395,LAB_RESULTS,EP-IND-08371
NET-08372,2026-01-01 20:02:26+00:00,0,IOMT-016,S-IOMT-016-396,LAB_RESULTS,EP-IND-08372
NET-08373,2026-01-01 20:02:47+00:00,0,IOMT-016,S-IOMT-016-397,IMAGING,EP-IND-08373
NET-08374,2026-01-01 20:03:12+00:00,0,IOMT-004,S-IOMT-004-398,RESEARCH,EP-IND-08374
NET-08375,2026-01-01 20:03:15+00:00,0,IOMT-027,S-IOMT-027-399,EHR_WRITE,EP-IND-08375
NET-08376,2026-01-01 20:03:16+00:00,0,IOMT-043,S-IOMT-043-400,EHR_WRITE,EP-IND-08376
NET-08377,2026-01-01 20:03:17+00:00,0,IOMT-006,S-IOMT-006-401,IMAGING,EP-IND-08377
NET-08378,2026-01-01 20:03:17+00:00,0,IOMT-029,S-IOMT-029-402,IMAGING,EP-IND-08378
NET-08379,2026-01-01 20:03:50+00:00,0,IOMT-030,S-IOMT-030-403,EHR_WRITE,EP-IND-08379
NET-08380,2026-01-01 20:03:51+00:00,0,IOMT-024,S-IOMT-024-404,LAB_RESULTS,EP-IND-08380
NET-08381,2026-01-01 20:04:09+00:00,0,IOMT-031,S-IOMT-031-405,EHR_READ,EP-IND-08381
NET-08382,2026-01-01 20:04:21+00:00,0,IOMT-021,S-IOMT-021-406,EHR_READ,EP-IND-08382
NET-08383,2026-01-01 20:04:26+00:00,0,IOMT-041,S-IOMT-041-407,EHR_READ,EP-IND-08383
NET-08384,2026-01-01 20:04:30+00:00,0,IOMT-019,S-IOMT-019-408,RESEARCH,EP-IND-08384
NET-08385,2026-01-01 20:04:39+00:00,0,IOMT-012,S-IOMT-012-409,IMAGING,EP-IND-08385
NET-08386,2026-01-01 20:04:45+00:00,0,IOMT-034,S-IOMT-034-410,EHR_WRITE,EP-IND-08386
NET-08387,2026-01-01 20:04:46+00:00,0,IOMT-041,S-IOMT-041-411,IMAGING,EP-IND-08387
NET-08388,2026-01-01 20:04:50+00:00,0,IOMT-022,S-IOMT-022-412,RESEARCH,EP-IND-08388
NET-08389,2026-01-01 20:05:01+00:00,0,IOMT-014,S-IOMT-014-413,IMAGING,EP-IND-08389
NET-08390,2026-01-01 20:05:04+00:00,0,IOMT-015,S-IOMT-015-414,EHR_READ,EP-IND-08390
NET-08391,2026-01-01 20:05:20+00:00,0,IOMT-038,S-IOMT-038-415,LAB_RESULTS,EP-IND-08391
NET-08392,2026-01-01 20:05:21+00:00,0,IOMT-016,S-IOMT-016-416,IMAGING,EP-IND-08392
NET-08393,2026-01-01 20:05:31+00:00,0,IOMT-009,S-IOMT-009-417,EHR_READ,EP-IND-08393
NET-08394,2026-01-01 20:05:41+00:00,0,IOMT-001,S-IOMT-001-418,EHR_WRITE,EP-IND-08394
NET-08395,2026-01-01 20:05:46+00:00,0,IOMT-043,S-IOMT-043-419,LAB_RESULTS,EP-IND-08395
NET-08396,2026-01-01 20:05:57+00:00,0,IOMT-017,S-IOMT-017-420,EHR_WRITE,EP-IND-08396
NET-08397,2026-01-01 20:06:10+00:00,0,IOMT-038,S-IOMT-038-421,RESEARCH,EP-IND-08397
NET-08398,2026-01-01 20:06:26+00:00,0,IOMT-041,S-IOMT-041-422,EHR_READ,EP-IND-08398
NET-08399,2026-01-01 20:06:29+00:00,0,IOMT-038,S-IOMT-038-423,LAB_RESULTS,EP-IND-08399
NET-08400,2026-01-01 20:06:44+00:00,0,IOMT-007,S-IOMT-007-424,IMAGING,EP-IND-08400
NET-08401,2026-01-01 20:06:48+00:00,0,IOMT-024,S-IOMT-024-425,IMAGING,EP-IND-08401
NET-08402,2026-01-01 20:07:07+00:00,0,IOMT-011,S-IOMT-011-426,LAB_RESULTS,EP-IND-08402
NET-08403,2026-01-01 20:07:22+00:00,0,IOMT-039,S-IOMT-039-427,RESEARCH,EP-IND-08403
NET-08404,2026-01-01 20:07:32+00:00,0,IOMT-047,S-IOMT-047-428,LAB_RESULTS,EP-IND-08404
NET-08405,2026-01-01 20:07:42+00:00,0,IOMT-040,S-IOMT-040-429,IMAGING,EP-IND-08405
NET-08406,2026-01-01 20:07:49+00:00,0,IOMT-018,S-IOMT-018-430,RESEARCH,EP-IND-08406
NET-08407,2026-01-01 20:07:52+00:00,0,IOMT-011,S-IOMT-011-431,IMAGING,EP-IND-08407
NET-08408,2026-01-01 20:07:52+00:00,0,IOMT-042,S-IOMT-042-432,IMAGING,EP-IND-08408
NET-08409,2026-01-01 20:08:05+00:00,1,IOMT-036,S-IOMT-036-433,IMAGING,EP-IND-08409
NET-08410,2026-01-01 20:08:16+00:00,0,IOMT-049,S-IOMT-049-434,IMAGING,EP-IND-08410
NET-08411,2026-01-01 20:08:20+00:00,0,IOMT-018,S-IOMT-018-435,IMAGING,EP-IND-08411
NET-08412,2026-01-01 20:08:20+00:00,0,IOMT-020,S-IOMT-020-436,EHR_READ,EP-IND-08412
NET-08413,2026-01-01 20:08:27+00:00,0,IOMT-038,S-IOMT-038-437,RESEARCH,EP-IND-08413
NET-08414,2026-01-01 20:08:37+00:00,0,IOMT-005,S-IOMT-005-438,RESEARCH,EP-IND-08414
NET-08415,2026-01-01 20:08:49+00:00,0,IOMT-031,S-IOMT-031-439,LAB_RESULTS,EP-IND-08415
NET-08416,2026-01-01 20:09:06+00:00,0,IOMT-000,S-IOMT-000-440,RESEARCH,EP-IND-08416
NET-08417,2026-01-01 20:09:15+00:00,0,IOMT-024,S-IOMT-024-441,RESEARCH,EP-IND-08417
NET-08418,2026-01-01 20:09:19+00:00,0,IOMT-011,S-IOMT-011-442,EHR_WRITE,EP-IND-08418
NET-08419,2026-01-01 20:09:27+00:00,0,IOMT-000,S-IOMT-000-443,LAB_RESULTS,EP-IND-08419
NET-08420,2026-01-01 20:09:32+00:00,0,IOMT-046,S-IOMT-046-444,LAB_RESULTS,EP-IND-08420
NET-08421,2026-01-01 20:09:38+00:00,0,IOMT-036,S-IOMT-036-445,EHR_READ,EP-IND-08421
NET-08422,2026-01-01 20:09:58+00:00,0,IOMT-035,S-IOMT-035-446,EHR_READ,EP-IND-08422
NET-08423,2026-01-01 20:09:59+00:00,0,IOMT-013,S-IOMT-013-447,EHR_WRITE,EP-IND-08423
NET-08424,2026-01-01 20:10:06+00:00,0,IOMT-034,S-IOMT-034-448,EHR_WRITE,EP-IND-08424
NET-08425,2026-01-01 20:10:13+00:00,0,IOMT-000,S-IOMT-000-449,IMAGING,EP-IND-08425
NET-08426,2026-01-01 20:10:15+00:00,0,IOMT-037,S-IOMT-037-450,IMAGING,EP-IND-08426
NET-08427,2026-01-01 20:10:19+00:00,0,IOMT-044,S-IOMT-044-451,IMAGING,EP-IND-08427
NET-08428,2026-01-01 20:10:19+00:00,0,IOMT-000,S-IOMT-000-452,LAB_RESULTS,EP-IND-08428
NET-08429,2026-01-01 20:10:26+00:00,0,IOMT-027,S-IOMT-027-453,RESEARCH,EP-IND-08429
NET-08430,2026-01-01 20:10:29+00:00,0,IOMT-021,S-IOMT-021-454,LAB_RESULTS,EP-IND-08430
NET-08431,2026-01-01 20:10:36+00:00,0,IOMT-035,S-IOMT-035-455,LAB_RESULTS,EP-IND-08431
NET-08432,2026-01-01 20:10:37+00:00,0,IOMT-000,S-IOMT-000-456,EHR_WRITE,EP-IND-08432
NET-08433,2026-01-01 20:10:50+00:00,0,IOMT-039,S-IOMT-039-457,RESEARCH,EP-IND-08433
NET-08434,2026-01-01 20:11:08+00:00,0,IOMT-041,S-IOMT-041-458,EHR_READ,EP-IND-08434
NET-08435,2026-01-01 20:11:08+00:00,0,IOMT-027,S-IOMT-027-459,EHR_READ,EP-IND-08435
NET-08436,2026-01-01 20:11:12+00:00,0,IOMT-011,S-IOMT-011-460,LAB_RESULTS,EP-IND-08436
NET-08437,2026-01-01 20:11:13+00:00,0,IOMT-011,S-IOMT-011-461,RESEARCH,EP-IND-08437
NET-08438,2026-01-01 20:11:35+00:00,0,IOMT-025,S-IOMT-025-462,EHR_WRITE,EP-IND-08438
NET-08439,2026-01-01 20:11:47+00:00,0,IOMT-047,S-IOMT-047-463,IMAGING,EP-IND-08439
NET-08440,2026-01-01 20:11:49+00:00,0,IOMT-043,S-IOMT-043-464,EHR_WRITE,EP-IND-08440
NET-08441,2026-01-01 20:12:08+00:00,0,IOMT-020,S-IOMT-020-465,EHR_WRITE,EP-IND-08441
NET-08442,2026-01-01 20:12:10+00:00,1,IOMT-045,S-IOMT-045-466,EHR_READ,EP-IND-08442
NET-08443,2026-01-01 20:12:13+00:00,0,IOMT-022,S-IOMT-022-467,EHR_READ,EP-IND-08443
NET-08444,2026-01-01 20:12:25+00:00,0,IOMT-040,S-IOMT-040-468,RESEARCH,EP-IND-08444
NET-08445,2026-01-01 20:12:50+00:00,0,IOMT-031,S-IOMT-031-469,LAB_RESULTS,EP-IND-08445
NET-08446,2026-01-01 20:12:52+00:00,0,IOMT-027,S-IOMT-027-470,RESEARCH,EP-IND-08446
NET-08447,2026-01-01 20:13:08+00:00,0,IOMT-043,S-IOMT-043-471,RESEARCH,EP-IND-08447
NET-08448,2026-01-01 20:13:22+00:00,0,IOMT-008,S-IOMT-008-472,LAB_RESULTS,EP-IND-08448
NET-08449,2026-01-01 20:13:29+00:00,0,IOMT-027,S-IOMT-027-473,EHR_READ,EP-IND-08449
NET-08450,2026-01-01 20:13:53+00:00,0,IOMT-011,S-IOMT-011-474,RESEARCH,EP-IND-08450
NET-08451,2026-01-01 20:13:57+00:00,0,IOMT-015,S-IOMT-015-475,IMAGING,EP-IND-08451
NET-08452,2026-01-01 20:13:59+00:00,0,IOMT-025,S-IOMT-025-476,EHR_WRITE,EP-IND-08452
NET-08453,2026-01-01 20:13:59+00:00,0,IOMT-034,S-IOMT-034-477,EHR_READ,EP-IND-08453
NET-08454,2026-01-01 20:14:12+00:00,0,IOMT-015,S-IOMT-015-478,IMAGING,EP-IND-08454
NET-08455,2026-01-01 20:14:14+00:00,1,IOMT-025,S-IOMT-025-479,EHR_READ,EP-IND-08455
NET-08456,2026-01-01 20:14:19+00:00,0,IOMT-019,S-IOMT-019-480,EHR_READ,EP-IND-08456
NET-08457,2026-01-01 20:14:24+00:00,0,IOMT-035,S-IOMT-035-481,RESEARCH,EP-IND-08457
NET-08458,2026-01-01 20:14:54+00:00,0,IOMT-021,S-IOMT-021-482,RESEARCH,EP-IND-08458
NET-08459,2026-01-01 20:15:19+00:00,0,IOMT-036,S-IOMT-036-483,IMAGING,EP-IND-08459
NET-08460,2026-01-01 20:15:21+00:00,0,IOMT-009,S-IOMT-009-484,LAB_RESULTS,EP-IND-08460
NET-08461,2026-01-01 20:15:51+00:00,0,IOMT-003,S-IOMT-003-485,EHR_WRITE,EP-IND-08461
NET-08462,2026-01-01 20:15:53+00:00,0,IOMT-041,S-IOMT-041-486,EHR_WRITE,EP-IND-08462
NET-08463,2026-01-01 20:15:55+00:00,0,IOMT-033,S-IOMT-033-487,LAB_RESULTS,EP-IND-08463
NET-08464,2026-01-01 20:15:59+00:00,0,IOMT-021,S-IOMT-021-488,LAB_RESULTS,EP-IND-08464
NET-08465,2026-01-01 20:16:12+00:00,0,IOMT-039,S-IOMT-039-489,EHR_READ,EP-IND-08465
NET-08466,2026-01-01 20:16:24+00:00,0,IOMT-002,S-IOMT-002-490,EHR_WRITE,EP-IND-08466
NET-08467,2026-01-01 20:16:49+00:00,1,IOMT-022,S-IOMT-022-491,EHR_READ,EP-IND-08467
NET-08468,2026-01-01 20:16:51+00:00,0,IOMT-044,S-IOMT-044-492,LAB_RESULTS,EP-IND-08468
NET-08469,2026-01-01 20:16:57+00:00,0,IOMT-022,S-IOMT-022-493,LAB_RESULTS,EP-IND-08469
NET-08470,2026-01-01 20:16:57+00:00,0,IOMT-015,S-IOMT-015-494,EHR_READ,EP-IND-08470
NET-08471,2026-01-01 20:17:06+00:00,0,IOMT-004,S-IOMT-004-495,LAB_RESULTS,EP-IND-08471
NET-08472,2026-01-01 20:17:19+00:00,0,IOMT-036,S-IOMT-036-496,RESEARCH,EP-IND-08472
NET-08473,2026-01-01 20:17:20+00:00,0,IOMT-048,S-IOMT-048-497,RESEARCH,EP-IND-08473
NET-08474,2026-01-01 20:17:24+00:00,0,IOMT-027,S-IOMT-027-498,EHR_WRITE,EP-IND-08474
NET-08475,2026-01-01 20:17:49+00:00,0,IOMT-046,S-IOMT-046-499,EHR_WRITE,EP-IND-08475
NET-08476,2026-01-01 20:18:09+00:00,0,IOMT-000,S-IOMT-000-500,LAB_RESULTS,EP-IND-08476
NET-08477,2026-01-01 20:18:11+00:00,0,IOMT-018,S-IOMT-018-501,EHR_READ,EP-IND-08477
NET-08478,2026-01-01 20:18:14+00:00,0,IOMT-039,S-IOMT-039-502,IMAGING,EP-IND-08478
NET-08479,2026-01-01 20:18:22+00:00,0,IOMT-031,S-IOMT-031-503,EHR_READ,EP-IND-08479
NET-08480,2026-01-01 20:18:43+00:00,0,IOMT-009,S-IOMT-009-504,IMAGING,EP-IND-08480
NET-08481,2026-01-01 20:18:43+00:00,0,IOMT-025,S-IOMT-025-505,LAB_RESULTS,EP-IND-08481
NET-08482,2026-01-01 20:19:06+00:00,0,IOMT-034,S-IOMT-034-506,EHR_WRITE,EP-IND-08482
NET-08483,2026-01-01 20:19:20+00:00,0,IOMT-016,S-IOMT-016-507,EHR_WRITE,EP-IND-08483
NET-08484,2026-01-01 20:19:29+00:00,0,IOMT-028,S-IOMT-028-508,EHR_READ,EP-IND-08484
NET-08485,2026-01-01 20:19:31+00:00,0,IOMT-005,S-IOMT-005-509,IMAGING,EP-IND-08485
NET-08486,2026-01-01 20:19:37+00:00,0,IOMT-012,S-IOMT-012-510,EHR_READ,EP-IND-08486
NET-08487,2026-01-01 20:20:07+00:00,0,IOMT-014,S-IOMT-014-511,IMAGING,EP-IND-08487
NET-08488,2026-01-01 20:20:08+00:00,0,IOMT-011,S-IOMT-011-512,LAB_RESULTS,EP-IND-08488
NET-08489,2026-01-01 20:20:09+00:00,0,IOMT-049,S-IOMT-049-513,IMAGING,EP-IND-08489
NET-08490,2026-01-01 20:20:14+00:00,0,IOMT-049,S-IOMT-049-514,EHR_WRITE,EP-IND-08490
NET-08491,2026-01-01 20:20:17+00:00,1,IOMT-047,S-IOMT-047-515,EHR_READ,EP-IND-08491
NET-08492,2026-01-01 20:20:26+00:00,0,IOMT-047,S-IOMT-047-516,RESEARCH,EP-IND-08492
NET-08493,2026-01-01 20:20:49+00:00,0,IOMT-042,S-IOMT-042-517,LAB_RESULTS,EP-IND-08493
NET-08494,2026-01-01 20:20:50+00:00,0,IOMT-036,S-IOMT-036-518,RESEARCH,EP-IND-08494
NET-08495,2026-01-01 20:20:58+00:00,0,IOMT-034,S-IOMT-034-519,RESEARCH,EP-IND-08495
NET-08496,2026-01-01 20:21:11+00:00,0,IOMT-005,S-IOMT-005-520,LAB_RESULTS,EP-IND-08496
NET-08497,2026-01-01 20:21:17+00:00,0,IOMT-027,S-IOMT-027-521,EHR_WRITE,EP-IND-08497
NET-08498,2026-01-01 20:21:21+00:00,0,IOMT-013,S-IOMT-013-522,EHR_READ,EP-IND-08498
NET-08499,2026-01-01 20:21:30+00:00,0,IOMT-019,S-IOMT-019-523,EHR_READ,EP-IND-08499
NET-08500,2026-01-01 20:21:34+00:00,0,IOMT-020,S-IOMT-020-524,EHR_READ,EP-IND-08500
NET-08501,2026-01-01 20:22:05+00:00,0,IOMT-022,S-IOMT-022-525,LAB_RESULTS,EP-IND-08501
NET-08502,2026-01-01 20:22:13+00:00,0,IOMT-036,S-IOMT-036-526,EHR_READ,EP-IND-08502
NET-08503,2026-01-01 20:22:16+00:00,0,IOMT-046,S-IOMT-046-527,RESEARCH,EP-IND-08503
NET-08504,2026-01-01 20:22:30+00:00,0,IOMT-009,S-IOMT-009-528,IMAGING,EP-IND-08504
NET-08505,2026-01-01 20:22:31+00:00,0,IOMT-021,S-IOMT-021-529,IMAGING,EP-IND-08505
NET-08506,2026-01-01 20:22:47+00:00,0,IOMT-021,S-IOMT-021-530,RESEARCH,EP-IND-08506
NET-08507,2026-01-01 20:22:57+00:00,0,IOMT-029,S-IOMT-029-531,EHR_WRITE,EP-IND-08507
NET-08508,2026-01-01 20:23:00+00:00,0,IOMT-046,S-IOMT-046-532,IMAGING,EP-IND-08508
NET-08509,2026-01-01 20:23:13+00:00,0,IOMT-009,S-IOMT-009-533,EHR_WRITE,EP-IND-08509
NET-08510,2026-01-01 20:23:17+00:00,0,IOMT-015,S-IOMT-015-534,EHR_WRITE,EP-IND-08510
NET-08511,2026-01-01 20:23:20+00:00,0,IOMT-043,S-IOMT-043-535,LAB_RESULTS,EP-IND-08511
NET-08512,2026-01-01 20:23:34+00:00,0,IOMT-010,S-IOMT-010-536,IMAGING,EP-IND-08512
NET-08513,2026-01-01 20:23:43+00:00,0,IOMT-035,S-IOMT-035-537,EHR_WRITE,EP-IND-08513
NET-08514,2026-01-01 20:23:45+00:00,0,IOMT-040,S-IOMT-040-538,IMAGING,EP-IND-08514
NET-08515,2026-01-01 20:23:49+00:00,0,IOMT-043,S-IOMT-043-539,IMAGING,EP-IND-08515
NET-08516,2026-01-01 20:23:52+00:00,0,IOMT-043,S-IOMT-043-540,LAB_RESULTS,EP-IND-08516
NET-08517,2026-01-01 20:24:01+00:00,0,IOMT-027,S-IOMT-027-541,EHR_WRITE,EP-IND-08517
NET-08518,2026-01-01 20:24:18+00:00,0,IOMT-031,S-IOMT-031-542,EHR_READ,EP-IND-08518
NET-08519,2026-01-01 20:24:20+00:00,1,IOMT-019,S-IOMT-019-543,EHR_WRITE,EP-IND-08519
NET-08520,2026-01-01 20:24:25+00:00,0,IOMT-036,S-IOMT-036-544,IMAGING,EP-IND-08520
NET-08521,2026-01-01 20:24:30+00:00,0,IOMT-029,S-IOMT-029-545,IMAGING,EP-IND-08521
NET-08522,2026-01-01 20:24:32+00:00,0,IOMT-001,S-IOMT-001-546,LAB_RESULTS,EP-IND-08522
NET-08523,2026-01-01 20:24:54+00:00,0,IOMT-017,S-IOMT-017-547,LAB_RESULTS,EP-IND-08523
NET-08524,2026-01-01 20:25:11+00:00,0,IOMT-036,S-IOMT-036-548,EHR_READ,EP-IND-08524
NET-08525,2026-01-01 20:25:20+00:00,1,IOMT-041,S-IOMT-041-549,IMAGING,EP-IND-08525
NET-08526,2026-01-01 20:25:50+00:00,0,IOMT-002,S-IOMT-002-550,EHR_READ,EP-IND-08526
NET-08527,2026-01-01 20:25:55+00:00,0,IOMT-013,S-IOMT-013-551,IMAGING,EP-IND-08527
NET-08528,2026-01-01 20:26:05+00:00,0,IOMT-038,S-IOMT-038-552,EHR_WRITE,EP-IND-08528
NET-08529,2026-01-01 20:26:08+00:00,0,IOMT-006,S-IOMT-006-553,RESEARCH,EP-IND-08529
NET-08530,2026-01-01 20:26:27+00:00,0,IOMT-045,S-IOMT-045-554,EHR_WRITE,EP-IND-08530
NET-08531,2026-01-01 20:26:35+00:00,0,IOMT-020,S-IOMT-020-555,RESEARCH,EP-IND-08531
NET-08532,2026-01-01 20:26:35+00:00,0,IOMT-007,S-IOMT-007-556,IMAGING,EP-IND-08532
NET-08533,2026-01-01 20:26:36+00:00,0,IOMT-035,S-IOMT-035-557,RESEARCH,EP-IND-08533
NET-08534,2026-01-01 20:26:57+00:00,0,IOMT-025,S-IOMT-025-558,IMAGING,EP-IND-08534
NET-08535,2026-01-01 20:27:04+00:00,0,IOMT-041,S-IOMT-041-559,EHR_WRITE,EP-IND-08535
NET-08536,2026-01-01 20:27:10+00:00,0,IOMT-046,S-IOMT-046-560,EHR_READ,EP-IND-08536
NET-08537,2026-01-01 20:27:15+00:00,0,IOMT-048,S-IOMT-048-561,IMAGING,EP-IND-08537
NET-08538,2026-01-01 20:27:17+00:00,0,IOMT-008,S-IOMT-008-562,EHR_READ,EP-IND-08538
NET-08539,2026-01-01 20:27:18+00:00,0,IOMT-010,S-IOMT-010-563,EHR_READ,EP-IND-08539
NET-08540,2026-01-01 20:27:24+00:00,0,IOMT-043,S-IOMT-043-564,LAB_RESULTS,EP-IND-08540
NET-08541,2026-01-01 20:27:31+00:00,0,IOMT-009,S-IOMT-009-565,LAB_RESULTS,EP-IND-08541
NET-08542,2026-01-01 20:27:35+00:00,0,IOMT-032,S-IOMT-032-566,IMAGING,EP-IND-08542
NET-08543,2026-01-01 20:27:40+00:00,0,IOMT-049,S-IOMT-049-567,IMAGING,EP-IND-08543
NET-08544,2026-01-01 20:27:47+00:00,0,IOMT-013,S-IOMT-013-568,EHR_WRITE,EP-IND-08544
NET-08545,2026-01-01 20:27:57+00:00,0,IOMT-006,S-IOMT-006-569,RESEARCH,EP-IND-08545
NET-08546,2026-01-01 20:28:05+00:00,0,IOMT-034,S-IOMT-034-570,LAB_RESULTS,EP-IND-08546
NET-08547,2026-01-01 20:28:14+00:00,0,IOMT-014,S-IOMT-014-571,EHR_WRITE,EP-IND-08547
NET-08548,2026-01-01 20:28:16+00:00,0,IOMT-006,S-IOMT-006-572,IMAGING,EP-IND-08548
NET-08549,2026-01-01 20:28:17+00:00,1,IOMT-043,S-IOMT-043-573,RESEARCH,EP-IND-08549
NET-08550,2026-01-01 20:28:24+00:00,0,IOMT-036,S-IOMT-036-574,IMAGING,EP-IND-08550
NET-08551,2026-01-01 20:28:25+00:00,0,IOMT-026,S-IOMT-026-575,EHR_READ,EP-IND-08551
NET-08552,2026-01-01 20:28:27+00:00,0,IOMT-002,S-IOMT-002-576,RESEARCH,EP-IND-08552
NET-08553,2026-01-01 20:28:38+00:00,0,IOMT-014,S-IOMT-014-577,EHR_WRITE,EP-IND-08553
NET-08554,2026-01-01 20:28:53+00:00,0,IOMT-045,S-IOMT-045-578,EHR_WRITE,EP-IND-08554
NET-08555,2026-01-01 20:29:08+00:00,0,IOMT-030,S-IOMT-030-579,EHR_WRITE,EP-IND-08555
NET-08556,2026-01-01 20:29:36+00:00,0,IOMT-037,S-IOMT-037-580,RESEARCH,EP-IND-08556
NET-08557,2026-01-01 20:29:44+00:00,0,IOMT-014,S-IOMT-014-581,EHR_WRITE,EP-IND-08557
NET-08558,2026-01-01 20:29:46+00:00,0,IOMT-024,S-IOMT-024-582,LAB_RESULTS,EP-IND-08558
NET-08559,2026-01-01 20:29:59+00:00,1,IOMT-030,S-IOMT-030-583,RESEARCH,EP-IND-08559
NET-08560,2026-01-01 20:30:13+00:00,0,IOMT-044,S-IOMT-044-584,EHR_WRITE,EP-IND-08560
NET-08561,2026-01-01 20:30:36+00:00,1,IOMT-032,S-IOMT-032-585,LAB_RESULTS,EP-IND-08561
NET-08562,2026-01-01 20:30:36+00:00,0,IOMT-028,S-IOMT-028-586,LAB_RESULTS,EP-IND-08562
NET-08563,2026-01-01 20:30:50+00:00,1,IOMT-042,S-IOMT-042-587,LAB_RESULTS,EP-IND-08563
NET-08564,2026-01-01 20:30:50+00:00,0,IOMT-011,S-IOMT-011-588,LAB_RESULTS,EP-IND-08564
NET-08565,2026-01-01 20:31:09+00:00,0,IOMT-006,S-IOMT-006-589,RESEARCH,EP-IND-08565
NET-08566,2026-01-01 20:31:17+00:00,0,IOMT-010,S-IOMT-010-590,IMAGING,EP-IND-08566
NET-08567,2026-01-01 20:31:34+00:00,0,IOMT-015,S-IOMT-015-591,EHR_READ,EP-IND-08567
NET-08568,2026-01-01 20:31:37+00:00,0,IOMT-018,S-IOMT-018-592,EHR_WRITE,EP-IND-08568
NET-08569,2026-01-01 20:31:39+00:00,0,IOMT-003,S-IOMT-003-593,EHR_READ,EP-IND-08569
NET-08570,2026-01-01 20:31:43+00:00,0,IOMT-023,S-IOMT-023-594,EHR_WRITE,EP-IND-08570
NET-08571,2026-01-01 20:31:58+00:00,0,IOMT-030,S-IOMT-030-595,LAB_RESULTS,EP-IND-08571
NET-08572,2026-01-01 20:32:19+00:00,0,IOMT-039,S-IOMT-039-596,EHR_WRITE,EP-IND-08572
NET-08573,2026-01-01 20:32:25+00:00,0,IOMT-023,S-IOMT-023-597,EHR_READ,EP-IND-08573
NET-08574,2026-01-01 20:32:39+00:00,0,IOMT-035,S-IOMT-035-598,EHR_WRITE,EP-IND-08574
NET-08575,2026-01-01 20:32:49+00:00,0,IOMT-034,S-IOMT-034-599,EHR_WRITE,EP-IND-08575
NET-08576,2026-01-01 20:32:58+00:00,0,IOMT-035,S-IOMT-035-600,IMAGING,EP-IND-08576
NET-08577,2026-01-01 20:33:00+00:00,0,IOMT-026,S-IOMT-026-601,EHR_READ,EP-IND-08577
NET-08578,2026-01-01 20:33:06+00:00,0,IOMT-046,S-IOMT-046-602,IMAGING,EP-IND-08578
NET-08579,2026-01-01 20:33:07+00:00,0,IOMT-030,S-IOMT-030-603,EHR_WRITE,EP-IND-08579
NET-08580,2026-01-01 20:33:08+00:00,0,IOMT-040,S-IOMT-040-604,EHR_READ,EP-IND-08580
NET-08581,2026-01-01 20:33:52+00:00,0,IOMT-010,S-IOMT-010-605,RESEARCH,EP-IND-08581
NET-08582,2026-01-01 20:33:55+00:00,0,IOMT-021,S-IOMT-021-606,IMAGING,EP-IND-08582
NET-08583,2026-01-01 20:34:00+00:00,0,IOMT-002,S-IOMT-002-607,EHR_READ,EP-IND-08583
NET-08584,2026-01-01 20:34:08+00:00,0,IOMT-036,S-IOMT-036-608,EHR_READ,EP-IND-08584
NET-08585,2026-01-01 20:34:35+00:00,0,IOMT-008,S-IOMT-008-609,LAB_RESULTS,EP-IND-08585
NET-08586,2026-01-01 20:34:38+00:00,0,IOMT-005,S-IOMT-005-610,EHR_WRITE,EP-IND-08586
NET-08587,2026-01-01 20:34:48+00:00,0,IOMT-003,S-IOMT-003-611,LAB_RESULTS,EP-IND-08587
NET-08588,2026-01-01 20:34:51+00:00,1,IOMT-001,S-IOMT-001-612,LAB_RESULTS,EP-IND-08588
NET-08589,2026-01-01 20:34:52+00:00,0,IOMT-031,S-IOMT-031-613,LAB_RESULTS,EP-IND-08589
NET-08590,2026-01-01 20:35:02+00:00,0,IOMT-017,S-IOMT-017-614,EHR_READ,EP-IND-08590
NET-08591,2026-01-01 20:35:24+00:00,0,IOMT-001,S-IOMT-001-615,RESEARCH,EP-IND-08591
NET-08592,2026-01-01 20:35:56+00:00,0,IOMT-024,S-IOMT-024-616,EHR_READ,EP-IND-08592
NET-08593,2026-01-01 20:36:07+00:00,0,IOMT-032,S-IOMT-032-617,EHR_READ,EP-IND-08593
NET-08594,2026-01-01 20:36:23+00:00,0,IOMT-006,S-IOMT-006-618,IMAGING,EP-IND-08594
NET-08595,2026-01-01 20:36:28+00:00,0,IOMT-017,S-IOMT-017-619,LAB_RESULTS,EP-IND-08595
NET-08596,2026-01-01 20:36:33+00:00,0,IOMT-024,S-IOMT-024-620,EHR_WRITE,EP-IND-08596
NET-08597,2026-01-01 20:36:36+00:00,1,IOMT-000,S-IOMT-000-621,RESEARCH,EP-IND-08597
NET-08598,2026-01-01 20:36:39+00:00,0,IOMT-010,S-IOMT-010-622,EHR_READ,EP-IND-08598
NET-08599,2026-01-01 20:36:42+00:00,0,IOMT-000,S-IOMT-000-623,IMAGING,EP-IND-08599
NET-08600,2026-01-01 20:36:54+00:00,0,IOMT-018,S-IOMT-018-624,IMAGING,EP-IND-08600
NET-08601,2026-01-01 20:37:06+00:00,0,IOMT-014,S-IOMT-014-625,EHR_READ,EP-IND-08601
NET-08602,2026-01-01 20:37:14+00:00,0,IOMT-006,S-IOMT-006-626,EHR_READ,EP-IND-08602
NET-08603,2026-01-01 20:37:16+00:00,0,IOMT-043,S-IOMT-043-627,LAB_RESULTS,EP-IND-08603
NET-08604,2026-01-01 20:37:23+00:00,0,IOMT-000,S-IOMT-000-628,EHR_READ,EP-IND-08604
NET-08605,2026-01-01 20:37:37+00:00,0,IOMT-010,S-IOMT-010-629,LAB_RESULTS,EP-IND-08605
NET-08606,2026-01-01 20:37:39+00:00,0,IOMT-045,S-IOMT-045-630,EHR_READ,EP-IND-08606
NET-08607,2026-01-01 20:37:41+00:00,0,IOMT-000,S-IOMT-000-631,EHR_READ,EP-IND-08607
NET-08608,2026-01-01 20:37:58+00:00,0,IOMT-011,S-IOMT-011-632,LAB_RESULTS,EP-IND-08608
NET-08609,2026-01-01 20:38:03+00:00,0,IOMT-014,S-IOMT-014-633,IMAGING,EP-IND-08609
NET-08610,2026-01-01 20:38:04+00:00,0,IOMT-015,S-IOMT-015-634,IMAGING,EP-IND-08610
NET-08611,2026-01-01 20:38:07+00:00,0,IOMT-030,S-IOMT-030-635,RESEARCH,EP-IND-08611
NET-08612,2026-01-01 20:38:28+00:00,0,IOMT-013,S-IOMT-013-636,LAB_RESULTS,EP-IND-08612
NET-08613,2026-01-01 20:38:33+00:00,0,IOMT-028,S-IOMT-028-637,RESEARCH,EP-IND-08613
NET-08614,2026-01-01 20:38:35+00:00,0,IOMT-006,S-IOMT-006-638,EHR_READ,EP-IND-08614
NET-08615,2026-01-01 20:38:39+00:00,0,IOMT-035,S-IOMT-035-639,RESEARCH,EP-IND-08615
NET-08616,2026-01-01 20:38:41+00:00,1,IOMT-018,S-IOMT-018-640,LAB_RESULTS,EP-IND-08616
NET-08617,2026-01-01 20:38:44+00:00,0,IOMT-049,S-IOMT-049-641,LAB_RESULTS,EP-IND-08617
NET-08618,2026-01-01 20:38:48+00:00,0,IOMT-009,S-IOMT-009-642,LAB_RESULTS,EP-IND-08618
NET-08619,2026-01-01 20:38:57+00:00,0,IOMT-026,S-IOMT-026-643,RESEARCH,EP-IND-08619
NET-08620,2026-01-01 20:39:14+00:00,0,IOMT-045,S-IOMT-045-644,IMAGING,EP-IND-08620
NET-08621,2026-01-01 20:39:15+00:00,0,IOMT-029,S-IOMT-029-645,IMAGING,EP-IND-08621
NET-08622,2026-01-01 20:39:44+00:00,1,IOMT-030,S-IOMT-030-646,IMAGING,EP-IND-08622
NET-08623,2026-01-01 20:39:49+00:00,0,IOMT-027,S-IOMT-027-647,LAB_RESULTS,EP-IND-08623
NET-08624,2026-01-01 20:39:50+00:00,0,IOMT-043,S-IOMT-043-648,IMAGING,EP-IND-08624
NET-08625,2026-01-01 20:39:53+00:00,0,IOMT-040,S-IOMT-040-649,LAB_RESULTS,EP-IND-08625
NET-08626,2026-01-01 20:40:06+00:00,0,IOMT-015,S-IOMT-015-650,RESEARCH,EP-IND-08626
NET-08627,2026-01-01 20:40:11+00:00,0,IOMT-018,S-IOMT-018-651,EHR_WRITE,EP-IND-08627
NET-08628,2026-01-01 20:40:12+00:00,0,IOMT-017,S-IOMT-017-652,RESEARCH,EP-IND-08628
NET-08629,2026-01-01 20:40:15+00:00,0,IOMT-038,S-IOMT-038-653,RESEARCH,EP-IND-08629
NET-08630,2026-01-01 20:40:39+00:00,0,IOMT-032,S-IOMT-032-654,LAB_RESULTS,EP-IND-08630
NET-08631,2026-01-01 20:40:45+00:00,0,IOMT-042,S-IOMT-042-655,EHR_READ,EP-IND-08631
NET-08632,2026-01-01 20:40:52+00:00,0,IOMT-033,S-IOMT-033-656,LAB_RESULTS,EP-IND-08632
NET-08633,2026-01-01 20:40:53+00:00,0,IOMT-046,S-IOMT-046-657,EHR_READ,EP-IND-08633
NET-08634,2026-01-01 20:41:10+00:00,0,IOMT-030,S-IOMT-030-658,RESEARCH,EP-IND-08634
NET-08635,2026-01-01 20:41:13+00:00,0,IOMT-009,S-IOMT-009-659,LAB_RESULTS,EP-IND-08635
NET-08636,2026-01-01 20:41:22+00:00,0,IOMT-024,S-IOMT-024-660,EHR_READ,EP-IND-08636
NET-08637,2026-01-01 20:41:30+00:00,0,IOMT-016,S-IOMT-016-661,RESEARCH,EP-IND-08637
NET-08638,2026-01-01 20:41:47+00:00,0,IOMT-021,S-IOMT-021-662,EHR_WRITE,EP-IND-08638
NET-08639,2026-01-01 20:41:48+00:00,0,IOMT-036,S-IOMT-036-663,RESEARCH,EP-IND-08639
NET-08640,2026-01-01 20:42:00+00:00,1,IOMT-046,S-IOMT-046-664,RESEARCH,EP-IND-08640
NET-08641,2026-01-01 20:42:03+00:00,0,IOMT-026,S-IOMT-026-665,EHR_WRITE,EP-IND-08641
NET-08642,2026-01-01 20:42:10+00:00,0,IOMT-003,S-IOMT-003-666,IMAGING,EP-IND-08642
NET-08643,2026-01-01 20:42:12+00:00,0,IOMT-003,S-IOMT-003-667,RESEARCH,EP-IND-08643
NET-08644,2026-01-01 20:42:24+00:00,0,IOMT-021,S-IOMT-021-668,EHR_READ,EP-IND-08644
NET-08645,2026-01-01 20:42:27+00:00,0,IOMT-011,S-IOMT-011-669,EHR_WRITE,EP-IND-08645
NET-08646,2026-01-01 20:42:40+00:00,0,IOMT-015,S-IOMT-015-670,RESEARCH,EP-IND-08646
NET-08647,2026-01-01 20:42:52+00:00,0,IOMT-040,S-IOMT-040-671,EHR_READ,EP-IND-08647
NET-08648,2026-01-01 20:43:05+00:00,0,IOMT-021,S-IOMT-021-672,RESEARCH,EP-IND-08648
NET-08649,2026-01-01 20:43:46+00:00,0,IOMT-034,S-IOMT-034-673,IMAGING,EP-IND-08649
NET-08650,2026-01-01 20:44:04+00:00,0,IOMT-007,S-IOMT-007-674,EHR_READ,EP-IND-08650
NET-08651,2026-01-01 20:44:13+00:00,0,IOMT-017,S-IOMT-017-675,LAB_RESULTS,EP-IND-08651
NET-08652,2026-01-01 20:44:22+00:00,1,IOMT-044,S-IOMT-044-676,IMAGING,EP-IND-08652
NET-08653,2026-01-01 20:44:24+00:00,1,IOMT-039,S-IOMT-039-677,EHR_READ,EP-IND-08653
NET-08654,2026-01-01 20:44:38+00:00,0,IOMT-005,S-IOMT-005-678,EHR_WRITE,EP-IND-08654
NET-08655,2026-01-01 20:44:47+00:00,0,IOMT-005,S-IOMT-005-679,LAB_RESULTS,EP-IND-08655
NET-08656,2026-01-01 20:44:51+00:00,0,IOMT-029,S-IOMT-029-680,EHR_READ,EP-IND-08656
NET-08657,2026-01-01 20:45:11+00:00,0,IOMT-045,S-IOMT-045-681,RESEARCH,EP-IND-08657
NET-08658,2026-01-01 20:45:13+00:00,0,IOMT-004,S-IOMT-004-682,IMAGING,EP-IND-08658
NET-08659,2026-01-01 20:45:20+00:00,0,IOMT-027,S-IOMT-027-683,EHR_WRITE,EP-IND-08659
NET-08660,2026-01-01 20:45:41+00:00,0,IOMT-041,S-IOMT-041-684,EHR_READ,EP-IND-08660
NET-08661,2026-01-01 20:46:14+00:00,0,IOMT-043,S-IOMT-043-685,IMAGING,EP-IND-08661
NET-08662,2026-01-01 20:46:16+00:00,0,IOMT-000,S-IOMT-000-686,EHR_READ,EP-IND-08662
NET-08663,2026-01-01 20:46:20+00:00,0,IOMT-024,S-IOMT-024-687,RESEARCH,EP-IND-08663
NET-08664,2026-01-01 20:46:24+00:00,0,IOMT-003,S-IOMT-003-688,EHR_WRITE,EP-IND-08664
NET-08665,2026-01-01 20:46:28+00:00,0,IOMT-024,S-IOMT-024-689,EHR_READ,EP-IND-08665
NET-08666,2026-01-01 20:46:31+00:00,0,IOMT-023,S-IOMT-023-690,LAB_RESULTS,EP-IND-08666
NET-08667,2026-01-01 20:46:33+00:00,0,IOMT-032,S-IOMT-032-691,LAB_RESULTS,EP-IND-08667
NET-08668,2026-01-01 20:46:34+00:00,0,IOMT-017,S-IOMT-017-692,EHR_WRITE,EP-IND-08668
NET-08669,2026-01-01 20:46:43+00:00,0,IOMT-003,S-IOMT-003-693,RESEARCH,EP-IND-08669
NET-08670,2026-01-01 20:46:45+00:00,0,IOMT-026,S-IOMT-026-694,EHR_WRITE,EP-IND-08670
NET-08671,2026-01-01 20:46:50+00:00,0,IOMT-006,S-IOMT-006-695,LAB_RESULTS,EP-IND-08671
NET-08672,2026-01-01 20:46:59+00:00,0,IOMT-013,S-IOMT-013-696,LAB_RESULTS,EP-IND-08672
NET-08673,2026-01-01 20:47:12+00:00,0,IOMT-045,S-IOMT-045-697,RESEARCH,EP-IND-08673
NET-08674,2026-01-01 20:47:19+00:00,0,IOMT-011,S-IOMT-011-698,LAB_RESULTS,EP-IND-08674
NET-08675,2026-01-01 20:47:21+00:00,0,IOMT-000,S-IOMT-000-699,EHR_WRITE,EP-IND-08675
NET-08676,2026-01-01 20:47:24+00:00,0,IOMT-018,S-IOMT-018-700,IMAGING,EP-IND-08676
NET-08677,2026-01-01 20:47:36+00:00,0,IOMT-019,S-IOMT-019-701,LAB_RESULTS,EP-IND-08677
NET-08678,2026-01-01 20:47:40+00:00,0,IOMT-043,S-IOMT-043-702,LAB_RESULTS,EP-IND-08678
NET-08679,2026-01-01 20:47:51+00:00,0,IOMT-014,S-IOMT-014-703,EHR_WRITE,EP-IND-08679
NET-08680,2026-01-01 20:48:03+00:00,0,IOMT-004,S-IOMT-004-704,LAB_RESULTS,EP-IND-08680
NET-08681,2026-01-01 20:48:11+00:00,0,IOMT-041,S-IOMT-041-705,RESEARCH,EP-IND-08681
NET-08682,2026-01-01 20:48:18+00:00,0,IOMT-018,S-IOMT-018-706,RESEARCH,EP-IND-08682
NET-08683,2026-01-01 20:48:27+00:00,0,IOMT-049,S-IOMT-049-707,EHR_WRITE,EP-IND-08683
NET-08684,2026-01-01 20:48:28+00:00,0,IOMT-034,S-IOMT-034-708,EHR_WRITE,EP-IND-08684
NET-08685,2026-01-01 20:48:34+00:00,0,IOMT-026,S-IOMT-026-709,LAB_RESULTS,EP-IND-08685
NET-08686,2026-01-01 20:48:36+00:00,0,IOMT-021,S-IOMT-021-710,EHR_WRITE,EP-IND-08686
NET-08687,2026-01-01 20:48:36+00:00,0,IOMT-006,S-IOMT-006-711,RESEARCH,EP-IND-08687
NET-08688,2026-01-01 20:48:39+00:00,0,IOMT-047,S-IOMT-047-712,RESEARCH,EP-IND-08688
NET-08689,2026-01-01 20:48:44+00:00,0,IOMT-047,S-IOMT-047-713,LAB_RESULTS,EP-IND-08689
NET-08690,2026-01-01 20:48:48+00:00,0,IOMT-022,S-IOMT-022-714,RESEARCH,EP-IND-08690
NET-08691,2026-01-01 20:48:50+00:00,0,IOMT-041,S-IOMT-041-715,LAB_RESULTS,EP-IND-08691
NET-08692,2026-01-01 20:49:02+00:00,0,IOMT-017,S-IOMT-017-716,IMAGING,EP-IND-08692
NET-08693,2026-01-01 20:49:04+00:00,0,IOMT-047,S-IOMT-047-717,EHR_READ,EP-IND-08693
NET-08694,2026-01-01 20:49:18+00:00,0,IOMT-027,S-IOMT-027-718,RESEARCH,EP-IND-08694
NET-08695,2026-01-01 20:49:20+00:00,0,IOMT-036,S-IOMT-036-719,RESEARCH,EP-IND-08695
NET-08696,2026-01-01 20:49:40+00:00,0,IOMT-007,S-IOMT-007-720,LAB_RESULTS,EP-IND-08696
NET-08697,2026-01-01 20:49:44+00:00,0,IOMT-036,S-IOMT-036-721,EHR_WRITE,EP-IND-08697
NET-08698,2026-01-01 20:49:47+00:00,0,IOMT-033,S-IOMT-033-722,IMAGING,EP-IND-08698
NET-08699,2026-01-01 20:50:02+00:00,0,IOMT-018,S-IOMT-018-723,EHR_READ,EP-IND-08699
NET-08700,2026-01-01 20:50:22+00:00,0,IOMT-020,S-IOMT-020-724,IMAGING,EP-IND-08700
NET-08701,2026-01-01 20:50:28+00:00,0,IOMT-045,S-IOMT-045-725,RESEARCH,EP-IND-08701
NET-08702,2026-01-01 20:50:33+00:00,0,IOMT-017,S-IOMT-017-726,EHR_WRITE,EP-IND-08702
NET-08703,2026-01-01 20:50:35+00:00,0,IOMT-029,S-IOMT-029-727,EHR_WRITE,EP-IND-08703
NET-08704,2026-01-01 20:50:36+00:00,0,IOMT-033,S-IOMT-033-728,EHR_WRITE,EP-IND-08704
NET-08705,2026-01-01 20:50:40+00:00,0,IOMT-008,S-IOMT-008-729,LAB_RESULTS,EP-IND-08705
NET-08706,2026-01-01 20:51:00+00:00,0,IOMT-029,S-IOMT-029-730,EHR_READ,EP-IND-08706
NET-08707,2026-01-01 20:51:01+00:00,1,IOMT-001,S-IOMT-001-731,LAB_RESULTS,EP-IND-08707
NET-08708,2026-01-01 20:51:06+00:00,0,IOMT-040,S-IOMT-040-732,EHR_WRITE,EP-IND-08708
NET-08709,2026-01-01 20:51:06+00:00,0,IOMT-039,S-IOMT-039-733,EHR_WRITE,EP-IND-08709
NET-08710,2026-01-01 20:51:14+00:00,0,IOMT-049,S-IOMT-049-734,EHR_READ,EP-IND-08710
NET-08711,2026-01-01 20:51:23+00:00,0,IOMT-033,S-IOMT-033-735,LAB_RESULTS,EP-IND-08711
NET-08712,2026-01-01 20:51:36+00:00,0,IOMT-024,S-IOMT-024-736,IMAGING,EP-IND-08712
NET-08713,2026-01-01 20:51:47+00:00,0,IOMT-042,S-IOMT-042-737,RESEARCH,EP-IND-08713
NET-08714,2026-01-01 20:51:53+00:00,0,IOMT-043,S-IOMT-043-738,IMAGING,EP-IND-08714
NET-08715,2026-01-01 20:51:56+00:00,0,IOMT-017,S-IOMT-017-739,EHR_WRITE,EP-IND-08715
NET-08716,2026-01-01 20:52:08+00:00,0,IOMT-038,S-IOMT-038-740,LAB_RESULTS,EP-IND-08716
NET-08717,2026-01-01 20:52:10+00:00,0,IOMT-022,S-IOMT-022-741,LAB_RESULTS,EP-IND-08717
NET-08718,2026-01-01 20:52:17+00:00,0,IOMT-008,S-IOMT-008-742,RESEARCH,EP-IND-08718
NET-08719,2026-01-01 20:52:23+00:00,1,IOMT-000,S-IOMT-000-743,IMAGING,EP-IND-08719
NET-08720,2026-01-01 20:52:34+00:00,0,IOMT-021,S-IOMT-021-744,IMAGING,EP-IND-08720
NET-08721,2026-01-01 20:52:35+00:00,0,IOMT-000,S-IOMT-000-745,EHR_WRITE,EP-IND-08721
NET-08722,2026-01-01 20:52:37+00:00,0,IOMT-031,S-IOMT-031-746,LAB_RESULTS,EP-IND-08722
NET-08723,2026-01-01 20:52:37+00:00,0,IOMT-014,S-IOMT-014-747,RESEARCH,EP-IND-08723
NET-08724,2026-01-01 20:52:38+00:00,0,IOMT-034,S-IOMT-034-748,EHR_READ,EP-IND-08724
NET-08725,2026-01-01 20:52:39+00:00,0,IOMT-041,S-IOMT-041-749,IMAGING,EP-IND-08725
NET-08726,2026-01-01 20:52:42+00:00,0,IOMT-006,S-IOMT-006-750,LAB_RESULTS,EP-IND-08726
NET-08727,2026-01-01 20:52:52+00:00,0,IOMT-012,S-IOMT-012-751,LAB_RESULTS,EP-IND-08727
NET-08728,2026-01-01 20:52:54+00:00,0,IOMT-027,S-IOMT-027-752,EHR_WRITE,EP-IND-08728
NET-08729,2026-01-01 20:53:13+00:00,0,IOMT-033,S-IOMT-033-753,RESEARCH,EP-IND-08729
NET-08730,2026-01-01 20:53:14+00:00,0,IOMT-024,S-IOMT-024-754,LAB_RESULTS,EP-IND-08730
NET-08731,2026-01-01 20:53:21+00:00,0,IOMT-008,S-IOMT-008-755,LAB_RESULTS,EP-IND-08731
NET-08732,2026-01-01 20:53:35+00:00,0,IOMT-022,S-IOMT-022-756,EHR_READ,EP-IND-08732
NET-08733,2026-01-01 20:53:46+00:00,0,IOMT-049,S-IOMT-049-757,EHR_READ,EP-IND-08733
NET-08734,2026-01-01 20:54:06+00:00,1,IOMT-049,S-IOMT-049-758,EHR_WRITE,EP-IND-08734
NET-08735,2026-01-01 20:54:07+00:00,0,IOMT-010,S-IOMT-010-759,IMAGING,EP-IND-08735
NET-08736,2026-01-01 20:54:10+00:00,0,IOMT-011,S-IOMT-011-760,EHR_READ,EP-IND-08736
NET-08737,2026-01-01 20:54:16+00:00,0,IOMT-001,S-IOMT-001-761,LAB_RESULTS,EP-IND-08737
NET-08738,2026-01-01 20:54:51+00:00,0,IOMT-014,S-IOMT-014-762,EHR_READ,EP-IND-08738
NET-08739,2026-01-01 20:54:52+00:00,0,IOMT-037,S-IOMT-037-763,EHR_READ,EP-IND-08739
NET-08740,2026-01-01 20:55:06+00:00,0,IOMT-042,S-IOMT-042-764,EHR_READ,EP-IND-08740
NET-08741,2026-01-01 20:55:17+00:00,0,IOMT-007,S-IOMT-007-765,EHR_READ,EP-IND-08741
NET-08742,2026-01-01 20:55:25+00:00,0,IOMT-044,S-IOMT-044-766,LAB_RESULTS,EP-IND-08742
NET-08743,2026-01-01 20:55:37+00:00,0,IOMT-033,S-IOMT-033-767,RESEARCH,EP-IND-08743
NET-08744,2026-01-01 20:55:51+00:00,0,IOMT-049,S-IOMT-049-768,LAB_RESULTS,EP-IND-08744
NET-08745,2026-01-01 20:55:57+00:00,0,IOMT-033,S-IOMT-033-769,IMAGING,EP-IND-08745
NET-08746,2026-01-01 20:55:58+00:00,0,IOMT-027,S-IOMT-027-770,EHR_WRITE,EP-IND-08746
NET-08747,2026-01-01 20:56:01+00:00,0,IOMT-010,S-IOMT-010-771,LAB_RESULTS,EP-IND-08747
NET-08748,2026-01-01 20:56:06+00:00,0,IOMT-023,S-IOMT-023-772,EHR_WRITE,EP-IND-08748
NET-08749,2026-01-01 20:56:12+00:00,0,IOMT-012,S-IOMT-012-773,LAB_RESULTS,EP-IND-08749
NET-08750,2026-01-01 20:56:13+00:00,0,IOMT-042,S-IOMT-042-774,EHR_WRITE,EP-IND-08750
NET-08751,2026-01-01 20:56:21+00:00,0,IOMT-003,S-IOMT-003-775,EHR_WRITE,EP-IND-08751
NET-08752,2026-01-01 20:56:26+00:00,0,IOMT-003,S-IOMT-003-776,RESEARCH,EP-IND-08752
NET-08753,2026-01-01 20:56:59+00:00,0,IOMT-010,S-IOMT-010-777,RESEARCH,EP-IND-08753
NET-08754,2026-01-01 20:57:06+00:00,0,IOMT-023,S-IOMT-023-778,LAB_RESULTS,EP-IND-08754
NET-08755,2026-01-01 20:57:16+00:00,0,IOMT-007,S-IOMT-007-779,IMAGING,EP-IND-08755
NET-08756,2026-01-01 20:57:44+00:00,0,IOMT-001,S-IOMT-001-780,IMAGING,EP-IND-08756
NET-08757,2026-01-01 20:57:50+00:00,0,IOMT-038,S-IOMT-038-781,EHR_READ,EP-IND-08757
NET-08758,2026-01-01 20:57:57+00:00,0,IOMT-027,S-IOMT-027-782,RESEARCH,EP-IND-08758
NET-08759,2026-01-01 20:57:59+00:00,0,IOMT-031,S-IOMT-031-783,EHR_WRITE,EP-IND-08759
NET-08760,2026-01-01 20:58:07+00:00,0,IOMT-008,S-IOMT-008-784,IMAGING,EP-IND-08760
NET-08761,2026-01-01 20:58:08+00:00,0,IOMT-016,S-IOMT-016-785,LAB_RESULTS,EP-IND-08761
NET-08762,2026-01-01 20:58:12+00:00,0,IOMT-027,S-IOMT-027-786,LAB_RESULTS,EP-IND-08762
NET-08763,2026-01-01 20:58:26+00:00,0,IOMT-004,S-IOMT-004-787,EHR_READ,EP-IND-08763
NET-08764,2026-01-01 20:58:32+00:00,0,IOMT-019,S-IOMT-019-788,LAB_RESULTS,EP-IND-08764
NET-08765,2026-01-01 20:58:53+00:00,0,IOMT-019,S-IOMT-019-789,LAB_RESULTS,EP-IND-08765
NET-08766,2026-01-01 20:58:53+00:00,0,IOMT-049,S-IOMT-049-790,EHR_WRITE,EP-IND-08766
NET-08767,2026-01-01 20:58:54+00:00,0,IOMT-026,S-IOMT-026-791,EHR_WRITE,EP-IND-08767
NET-08768,2026-01-01 20:59:03+00:00,0,IOMT-012,S-IOMT-012-792,IMAGING,EP-IND-08768
NET-08769,2026-01-01 20:59:07+00:00,0,IOMT-026,S-IOMT-026-793,EHR_READ,EP-IND-08769
NET-08770,2026-01-01 20:59:17+00:00,0,IOMT-030,S-IOMT-030-794,LAB_RESULTS,EP-IND-08770
NET-08771,2026-01-01 20:59:23+00:00,1,IOMT-010,S-IOMT-010-795,IMAGING,EP-IND-08771
NET-08772,2026-01-01 20:59:37+00:00,0,IOMT-033,S-IOMT-033-796,EHR_WRITE,EP-IND-08772
NET-08773,2026-01-01 20:59:37+00:00,0,IOMT-042,S-IOMT-042-797,EHR_READ,EP-IND-08773
NET-08774,2026-01-01 20:59:37+00:00,0,IOMT-008,S-IOMT-008-798,EHR_READ,EP-IND-08774
NET-08775,2026-01-01 20:59:38+00:00,0,IOMT-015,S-IOMT-015-799,LAB_RESULTS,EP-IND-08775
NET-08776,2026-01-01 20:59:46+00:00,0,IOMT-022,S-IOMT-022-800,LAB_RESULTS,EP-IND-08776
NET-08777,2026-01-01 20:59:50+00:00,0,IOMT-002,S-IOMT-002-801,RESEARCH,EP-IND-08777
NET-08778,2026-01-01 21:00:06+00:00,0,IOMT-040,S-IOMT-040-802,EHR_READ,EP-IND-08778
NET-08779,2026-01-01 21:00:10+00:00,0,IOMT-008,S-IOMT-008-803,LAB_RESULTS,EP-IND-08779
NET-08780,2026-01-01 21:00:26+00:00,0,IOMT-029,S-IOMT-029-804,LAB_RESULTS,EP-IND-08780
NET-08781,2026-01-01 21:00:28+00:00,0,IOMT-046,S-IOMT-046-805,LAB_RESULTS,EP-IND-08781
NET-08782,2026-01-01 21:00:49+00:00,0,IOMT-048,S-IOMT-048-806,EHR_WRITE,EP-IND-08782
NET-08783,2026-01-01 21:00:51+00:00,0,IOMT-032,S-IOMT-032-807,EHR_READ,EP-IND-08783
NET-08784,2026-01-01 21:00:57+00:00,0,IOMT-037,S-IOMT-037-808,IMAGING,EP-IND-08784
NET-08785,2026-01-01 21:01:00+00:00,0,IOMT-019,S-IOMT-019-809,IMAGING,EP-IND-08785
NET-08786,2026-01-01 21:01:17+00:00,0,IOMT-024,S-IOMT-024-810,EHR_READ,EP-IND-08786
NET-08787,2026-01-01 21:01:26+00:00,0,IOMT-019,S-IOMT-019-811,EHR_WRITE,EP-IND-08787
NET-08788,2026-01-01 21:01:52+00:00,0,IOMT-023,S-IOMT-023-812,RESEARCH,EP-IND-08788
NET-08789,2026-01-01 21:01:52+00:00,0,IOMT-038,S-IOMT-038-813,LAB_RESULTS,EP-IND-08789
NET-08790,2026-01-01 21:02:08+00:00,0,IOMT-032,S-IOMT-032-814,IMAGING,EP-IND-08790
NET-08791,2026-01-01 21:02:11+00:00,0,IOMT-028,S-IOMT-028-815,EHR_READ,EP-IND-08791
NET-08792,2026-01-01 21:02:26+00:00,0,IOMT-006,S-IOMT-006-816,EHR_READ,EP-IND-08792
NET-08793,2026-01-01 21:02:37+00:00,0,IOMT-037,S-IOMT-037-817,EHR_READ,EP-IND-08793
NET-08794,2026-01-01 21:02:52+00:00,0,IOMT-020,S-IOMT-020-818,RESEARCH,EP-IND-08794
NET-08795,2026-01-01 21:03:07+00:00,0,IOMT-036,S-IOMT-036-819,RESEARCH,EP-IND-08795
NET-08796,2026-01-01 21:03:12+00:00,0,IOMT-027,S-IOMT-027-820,EHR_WRITE,EP-IND-08796
NET-08797,2026-01-01 21:04:08+00:00,0,IOMT-008,S-IOMT-008-821,RESEARCH,EP-IND-08797
NET-08798,2026-01-01 21:04:10+00:00,0,IOMT-000,S-IOMT-000-822,LAB_RESULTS,EP-IND-08798
NET-08799,2026-01-01 21:04:13+00:00,0,IOMT-024,S-IOMT-024-823,IMAGING,EP-IND-08799
NET-08800,2026-01-01 21:04:23+00:00,0,IOMT-049,S-IOMT-049-824,LAB_RESULTS,EP-IND-08800
NET-08801,2026-01-01 21:04:40+00:00,0,IOMT-043,S-IOMT-043-825,EHR_READ,EP-IND-08801
NET-08802,2026-01-01 21:04:47+00:00,0,IOMT-020,S-IOMT-020-826,EHR_READ,EP-IND-08802
NET-08803,2026-01-01 21:05:00+00:00,0,IOMT-021,S-IOMT-021-827,RESEARCH,EP-IND-08803
NET-08804,2026-01-01 21:05:01+00:00,1,IOMT-037,S-IOMT-037-828,IMAGING,EP-IND-08804
NET-08805,2026-01-01 21:05:08+00:00,0,IOMT-048,S-IOMT-048-829,EHR_WRITE,EP-IND-08805
NET-08806,2026-01-01 21:05:20+00:00,0,IOMT-012,S-IOMT-012-830,IMAGING,EP-IND-08806
NET-08807,2026-01-01 21:05:26+00:00,0,IOMT-026,S-IOMT-026-831,EHR_WRITE,EP-IND-08807
NET-08808,2026-01-01 21:05:31+00:00,0,IOMT-039,S-IOMT-039-832,IMAGING,EP-IND-08808
NET-08809,2026-01-01 21:05:33+00:00,0,IOMT-015,S-IOMT-015-833,IMAGING,EP-IND-08809
NET-08810,2026-01-01 21:05:34+00:00,0,IOMT-010,S-IOMT-010-834,EHR_READ,EP-IND-08810
NET-08811,2026-01-01 21:05:37+00:00,0,IOMT-049,S-IOMT-049-835,LAB_RESULTS,EP-IND-08811
NET-08812,2026-01-01 21:05:42+00:00,0,IOMT-015,S-IOMT-015-836,LAB_RESULTS,EP-IND-08812
NET-08813,2026-01-01 21:05:50+00:00,0,IOMT-037,S-IOMT-037-837,EHR_READ,EP-IND-08813
NET-08814,2026-01-01 21:06:00+00:00,1,IOMT-041,S-IOMT-041-838,EHR_READ,EP-IND-08814
NET-08815,2026-01-01 21:06:09+00:00,0,IOMT-029,S-IOMT-029-839,LAB_RESULTS,EP-IND-08815
NET-08816,2026-01-01 21:06:20+00:00,0,IOMT-004,S-IOMT-004-840,EHR_READ,EP-IND-08816
NET-08817,2026-01-01 21:06:23+00:00,0,IOMT-044,S-IOMT-044-841,EHR_WRITE,EP-IND-08817
NET-08818,2026-01-01 21:06:28+00:00,0,IOMT-043,S-IOMT-043-842,LAB_RESULTS,EP-IND-08818
NET-08819,2026-01-01 21:06:32+00:00,0,IOMT-026,S-IOMT-026-843,EHR_READ,EP-IND-08819
NET-08820,2026-01-01 21:06:39+00:00,0,IOMT-039,S-IOMT-039-844,EHR_READ,EP-IND-08820
NET-08821,2026-01-01 21:06:40+00:00,0,IOMT-032,S-IOMT-032-845,EHR_WRITE,EP-IND-08821
NET-08822,2026-01-01 21:06:45+00:00,1,IOMT-022,S-IOMT-022-846,IMAGING,EP-IND-08822
NET-08823,2026-01-01 21:06:47+00:00,0,IOMT-016,S-IOMT-016-847,RESEARCH,EP-IND-08823
NET-08824,2026-01-01 21:06:52+00:00,0,IOMT-006,S-IOMT-006-848,IMAGING,EP-IND-08824
NET-08825,2026-01-01 21:06:55+00:00,0,IOMT-038,S-IOMT-038-849,EHR_WRITE,EP-IND-08825
NET-08826,2026-01-01 21:07:11+00:00,0,IOMT-011,S-IOMT-011-850,RESEARCH,EP-IND-08826
NET-08827,2026-01-01 21:07:28+00:00,0,IOMT-000,S-IOMT-000-851,EHR_WRITE,EP-IND-08827
NET-08828,2026-01-01 21:07:29+00:00,0,IOMT-028,S-IOMT-028-852,LAB_RESULTS,EP-IND-08828
NET-08829,2026-01-01 21:07:34+00:00,0,IOMT-040,S-IOMT-040-853,RESEARCH,EP-IND-08829
NET-08830,2026-01-01 21:07:41+00:00,0,IOMT-043,S-IOMT-043-854,EHR_READ,EP-IND-08830
NET-08831,2026-01-01 21:07:56+00:00,0,IOMT-008,S-IOMT-008-855,LAB_RESULTS,EP-IND-08831
NET-08832,2026-01-01 21:08:04+00:00,0,IOMT-009,S-IOMT-009-856,RESEARCH,EP-IND-08832
NET-08833,2026-01-01 21:08:16+00:00,0,IOMT-019,S-IOMT-019-857,LAB_RESULTS,EP-IND-08833
NET-08834,2026-01-01 21:08:26+00:00,0,IOMT-035,S-IOMT-035-858,EHR_WRITE,EP-IND-08834
NET-08835,2026-01-01 21:08:27+00:00,0,IOMT-024,S-IOMT-024-859,LAB_RESULTS,EP-IND-08835
NET-08836,2026-01-01 21:08:50+00:00,0,IOMT-013,S-IOMT-013-860,IMAGING,EP-IND-08836
NET-08837,2026-01-01 21:09:13+00:00,0,IOMT-026,S-IOMT-026-861,RESEARCH,EP-IND-08837
NET-08838,2026-01-01 21:09:30+00:00,0,IOMT-025,S-IOMT-025-862,LAB_RESULTS,EP-IND-08838
NET-08839,2026-01-01 21:09:42+00:00,0,IOMT-030,S-IOMT-030-863,RESEARCH,EP-IND-08839
NET-08840,2026-01-01 21:09:43+00:00,0,IOMT-017,S-IOMT-017-864,EHR_READ,EP-IND-08840
NET-08841,2026-01-01 21:10:09+00:00,0,IOMT-038,S-IOMT-038-865,EHR_WRITE,EP-IND-08841
NET-08842,2026-01-01 21:10:10+00:00,0,IOMT-008,S-IOMT-008-866,IMAGING,EP-IND-08842
NET-08843,2026-01-01 21:10:15+00:00,0,IOMT-029,S-IOMT-029-867,EHR_READ,EP-IND-08843
NET-08844,2026-01-01 21:10:15+00:00,0,IOMT-030,S-IOMT-030-868,LAB_RESULTS,EP-IND-08844
NET-08845,2026-01-01 21:10:21+00:00,0,IOMT-030,S-IOMT-030-869,LAB_RESULTS,EP-IND-08845
NET-08846,2026-01-01 21:10:36+00:00,0,IOMT-032,S-IOMT-032-870,EHR_WRITE,EP-IND-08846
NET-08847,2026-01-01 21:10:36+00:00,0,IOMT-016,S-IOMT-016-871,EHR_READ,EP-IND-08847
NET-08848,2026-01-01 21:10:54+00:00,0,IOMT-023,S-IOMT-023-872,RESEARCH,EP-IND-08848
NET-08849,2026-01-01 21:10:56+00:00,0,IOMT-001,S-IOMT-001-873,RESEARCH,EP-IND-08849
NET-08850,2026-01-01 21:11:12+00:00,0,IOMT-029,S-IOMT-029-874,EHR_READ,EP-IND-08850
NET-08851,2026-01-01 21:11:12+00:00,0,IOMT-021,S-IOMT-021-875,IMAGING,EP-IND-08851
NET-08852,2026-01-01 21:11:18+00:00,0,IOMT-039,S-IOMT-039-876,LAB_RESULTS,EP-IND-08852
NET-08853,2026-01-01 21:11:24+00:00,0,IOMT-004,S-IOMT-004-877,RESEARCH,EP-IND-08853
NET-08854,2026-01-01 21:11:29+00:00,0,IOMT-049,S-IOMT-049-878,IMAGING,EP-IND-08854
NET-08855,2026-01-01 21:11:55+00:00,0,IOMT-011,S-IOMT-011-879,RESEARCH,EP-IND-08855
NET-08856,2026-01-01 21:12:07+00:00,0,IOMT-031,S-IOMT-031-880,LAB_RESULTS,EP-IND-08856
NET-08857,2026-01-01 21:12:12+00:00,0,IOMT-001,S-IOMT-001-881,EHR_WRITE,EP-IND-08857
NET-08858,2026-01-01 21:12:20+00:00,0,IOMT-040,S-IOMT-040-882,RESEARCH,EP-IND-08858
NET-08859,2026-01-01 21:12:25+00:00,0,IOMT-038,S-IOMT-038-883,EHR_READ,EP-IND-08859
NET-08860,2026-01-01 21:12:27+00:00,0,IOMT-015,S-IOMT-015-884,RESEARCH,EP-IND-08860
NET-08861,2026-01-01 21:12:38+00:00,0,IOMT-023,S-IOMT-023-885,RESEARCH,EP-IND-08861
NET-08862,2026-01-01 21:13:03+00:00,0,IOMT-004,S-IOMT-004-886,LAB_RESULTS,EP-IND-08862
NET-08863,2026-01-01 21:13:12+00:00,0,IOMT-019,S-IOMT-019-887,LAB_RESULTS,EP-IND-08863
NET-08864,2026-01-01 21:13:15+00:00,0,IOMT-000,S-IOMT-000-888,EHR_WRITE,EP-IND-08864
NET-08865,2026-01-01 21:13:16+00:00,0,IOMT-030,S-IOMT-030-889,EHR_READ,EP-IND-08865
NET-08866,2026-01-01 21:13:45+00:00,0,IOMT-011,S-IOMT-011-890,EHR_READ,EP-IND-08866
NET-08867,2026-01-01 21:13:50+00:00,0,IOMT-047,S-IOMT-047-891,EHR_WRITE,EP-IND-08867
NET-08868,2026-01-01 21:14:31+00:00,0,IOMT-019,S-IOMT-019-892,EHR_READ,EP-IND-08868
NET-08869,2026-01-01 21:14:36+00:00,0,IOMT-028,S-IOMT-028-893,IMAGING,EP-IND-08869
NET-08870,2026-01-01 21:14:37+00:00,0,IOMT-043,S-IOMT-043-894,EHR_WRITE,EP-IND-08870
NET-08871,2026-01-01 21:14:39+00:00,0,IOMT-006,S-IOMT-006-895,RESEARCH,EP-IND-08871
NET-08872,2026-01-01 21:14:41+00:00,0,IOMT-017,S-IOMT-017-896,LAB_RESULTS,EP-IND-08872
NET-08873,2026-01-01 21:14:46+00:00,0,IOMT-008,S-IOMT-008-897,LAB_RESULTS,EP-IND-08873
NET-08874,2026-01-01 21:15:01+00:00,0,IOMT-035,S-IOMT-035-898,RESEARCH,EP-IND-08874
NET-08875,2026-01-01 21:15:04+00:00,0,IOMT-006,S-IOMT-006-899,RESEARCH,EP-IND-08875
NET-08876,2026-01-01 21:15:06+00:00,0,IOMT-036,S-IOMT-036-900,RESEARCH,EP-IND-08876
NET-08877,2026-01-01 21:15:15+00:00,0,IOMT-037,S-IOMT-037-901,RESEARCH,EP-IND-08877
NET-08878,2026-01-01 21:15:30+00:00,0,IOMT-003,S-IOMT-003-902,IMAGING,EP-IND-08878
NET-08879,2026-01-01 21:15:58+00:00,0,IOMT-047,S-IOMT-047-903,EHR_WRITE,EP-IND-08879
NET-08880,2026-01-01 21:16:09+00:00,0,IOMT-009,S-IOMT-009-904,RESEARCH,EP-IND-08880
NET-08881,2026-01-01 21:16:15+00:00,0,IOMT-040,S-IOMT-040-905,LAB_RESULTS,EP-IND-08881
NET-08882,2026-01-01 21:16:15+00:00,0,IOMT-022,S-IOMT-022-906,EHR_READ,EP-IND-08882
NET-08883,2026-01-01 21:16:16+00:00,0,IOMT-010,S-IOMT-010-907,LAB_RESULTS,EP-IND-08883
NET-08884,2026-01-01 21:16:19+00:00,0,IOMT-011,S-IOMT-011-908,EHR_READ,EP-IND-08884
NET-08885,2026-01-01 21:16:26+00:00,0,IOMT-004,S-IOMT-004-909,EHR_READ,EP-IND-08885
NET-08886,2026-01-01 21:16:34+00:00,0,IOMT-048,S-IOMT-048-910,RESEARCH,EP-IND-08886
NET-08887,2026-01-01 21:16:46+00:00,0,IOMT-024,S-IOMT-024-911,LAB_RESULTS,EP-IND-08887
NET-08888,2026-01-01 21:16:53+00:00,0,IOMT-004,S-IOMT-004-912,LAB_RESULTS,EP-IND-08888
NET-08889,2026-01-01 21:17:01+00:00,0,IOMT-049,S-IOMT-049-913,LAB_RESULTS,EP-IND-08889
NET-08890,2026-01-01 21:17:11+00:00,0,IOMT-030,S-IOMT-030-914,EHR_READ,EP-IND-08890
NET-08891,2026-01-01 21:17:15+00:00,0,IOMT-025,S-IOMT-025-915,LAB_RESULTS,EP-IND-08891
NET-08892,2026-01-01 21:17:31+00:00,0,IOMT-029,S-IOMT-029-916,LAB_RESULTS,EP-IND-08892
NET-08893,2026-01-01 21:17:48+00:00,0,IOMT-029,S-IOMT-029-917,LAB_RESULTS,EP-IND-08893
NET-08894,2026-01-01 21:18:22+00:00,0,IOMT-022,S-IOMT-022-918,EHR_READ,EP-IND-08894
NET-08895,2026-01-01 21:18:26+00:00,0,IOMT-018,S-IOMT-018-919,EHR_READ,EP-IND-08895
NET-08896,2026-01-01 21:18:29+00:00,0,IOMT-010,S-IOMT-010-920,RESEARCH,EP-IND-08896
NET-08897,2026-01-01 21:18:30+00:00,0,IOMT-019,S-IOMT-019-921,LAB_RESULTS,EP-IND-08897
NET-08898,2026-01-01 21:18:32+00:00,0,IOMT-038,S-IOMT-038-922,RESEARCH,EP-IND-08898
NET-08899,2026-01-01 21:18:33+00:00,0,IOMT-005,S-IOMT-005-923,RESEARCH,EP-IND-08899
NET-08900,2026-01-01 21:18:37+00:00,0,IOMT-006,S-IOMT-006-924,IMAGING,EP-IND-08900
NET-08901,2026-01-01 21:18:37+00:00,0,IOMT-042,S-IOMT-042-925,RESEARCH,EP-IND-08901
NET-08902,2026-01-01 21:18:56+00:00,0,IOMT-041,S-IOMT-041-926,EHR_WRITE,EP-IND-08902
NET-08903,2026-01-01 21:18:57+00:00,0,IOMT-042,S-IOMT-042-927,IMAGING,EP-IND-08903
NET-08904,2026-01-01 21:18:57+00:00,0,IOMT-033,S-IOMT-033-928,EHR_WRITE,EP-IND-08904
NET-08905,2026-01-01 21:18:58+00:00,0,IOMT-010,S-IOMT-010-929,RESEARCH,EP-IND-08905
NET-08906,2026-01-01 21:19:04+00:00,0,IOMT-026,S-IOMT-026-930,RESEARCH,EP-IND-08906
NET-08907,2026-01-01 21:19:11+00:00,0,IOMT-011,S-IOMT-011-931,EHR_WRITE,EP-IND-08907
NET-08908,2026-01-01 21:19:34+00:00,0,IOMT-014,S-IOMT-014-932,RESEARCH,EP-IND-08908
NET-08909,2026-01-01 21:19:34+00:00,0,IOMT-037,S-IOMT-037-933,EHR_WRITE,EP-IND-08909
NET-08910,2026-01-01 21:19:49+00:00,1,IOMT-026,S-IOMT-026-934,RESEARCH,EP-IND-08910
NET-08911,2026-01-01 21:19:53+00:00,0,IOMT-008,S-IOMT-008-935,IMAGING,EP-IND-08911
NET-08912,2026-01-01 21:20:17+00:00,0,IOMT-041,S-IOMT-041-936,IMAGING,EP-IND-08912
NET-08913,2026-01-01 21:20:25+00:00,0,IOMT-014,S-IOMT-014-937,LAB_RESULTS,EP-IND-08913
NET-08914,2026-01-01 21:20:49+00:00,0,IOMT-024,S-IOMT-024-938,EHR_READ,EP-IND-08914
NET-08915,2026-01-01 21:20:53+00:00,0,IOMT-049,S-IOMT-049-939,EHR_READ,EP-IND-08915
NET-08916,2026-01-01 21:21:07+00:00,0,IOMT-019,S-IOMT-019-940,IMAGING,EP-IND-08916
NET-08917,2026-01-01 21:21:10+00:00,0,IOMT-000,S-IOMT-000-941,RESEARCH,EP-IND-08917
NET-08918,2026-01-01 21:21:12+00:00,0,IOMT-017,S-IOMT-017-942,IMAGING,EP-IND-08918
NET-08919,2026-01-01 21:21:27+00:00,0,IOMT-027,S-IOMT-027-943,EHR_WRITE,EP-IND-08919
NET-08920,2026-01-01 21:21:29+00:00,0,IOMT-029,S-IOMT-029-944,IMAGING,EP-IND-08920
NET-08921,2026-01-01 21:21:32+00:00,0,IOMT-008,S-IOMT-008-945,RESEARCH,EP-IND-08921
NET-08922,2026-01-01 21:21:34+00:00,0,IOMT-040,S-IOMT-040-946,IMAGING,EP-IND-08922
NET-08923,2026-01-01 21:21:49+00:00,0,IOMT-028,S-IOMT-028-947,RESEARCH,EP-IND-08923
NET-08924,2026-01-01 21:21:51+00:00,0,IOMT-011,S-IOMT-011-948,IMAGING,EP-IND-08924
NET-08925,2026-01-01 21:22:13+00:00,0,IOMT-008,S-IOMT-008-949,EHR_WRITE,EP-IND-08925
NET-08926,2026-01-01 21:22:15+00:00,0,IOMT-016,S-IOMT-016-950,EHR_WRITE,EP-IND-08926
NET-08927,2026-01-01 21:22:25+00:00,0,IOMT-011,S-IOMT-011-951,EHR_READ,EP-IND-08927
NET-08928,2026-01-01 21:22:30+00:00,0,IOMT-014,S-IOMT-014-952,LAB_RESULTS,EP-IND-08928
NET-08929,2026-01-01 21:22:34+00:00,0,IOMT-029,S-IOMT-029-953,EHR_READ,EP-IND-08929
NET-08930,2026-01-01 21:22:37+00:00,0,IOMT-007,S-IOMT-007-954,LAB_RESULTS,EP-IND-08930
NET-08931,2026-01-01 21:22:54+00:00,0,IOMT-031,S-IOMT-031-955,RESEARCH,EP-IND-08931
NET-08932,2026-01-01 21:22:54+00:00,0,IOMT-048,S-IOMT-048-956,EHR_READ,EP-IND-08932
NET-08933,2026-01-01 21:23:04+00:00,0,IOMT-014,S-IOMT-014-957,RESEARCH,EP-IND-08933
NET-08934,2026-01-01 21:23:11+00:00,0,IOMT-039,S-IOMT-039-958,RESEARCH,EP-IND-08934
NET-08935,2026-01-01 21:23:14+00:00,0,IOMT-037,S-IOMT-037-959,RESEARCH,EP-IND-08935
NET-08936,2026-01-01 21:23:16+00:00,0,IOMT-015,S-IOMT-015-960,EHR_WRITE,EP-IND-08936
NET-08937,2026-01-01 21:23:16+00:00,0,IOMT-028,S-IOMT-028-961,IMAGING,EP-IND-08937
NET-08938,2026-01-01 21:23:21+00:00,0,IOMT-046,S-IOMT-046-962,RESEARCH,EP-IND-08938
NET-08939,2026-01-01 21:23:37+00:00,0,IOMT-038,S-IOMT-038-963,LAB_RESULTS,EP-IND-08939
NET-08940,2026-01-01 21:23:39+00:00,0,IOMT-006,S-IOMT-006-964,IMAGING,EP-IND-08940
NET-08941,2026-01-01 21:23:57+00:00,0,IOMT-015,S-IOMT-015-965,EHR_WRITE,EP-IND-08941
NET-08942,2026-01-01 21:23:57+00:00,0,IOMT-041,S-IOMT-041-966,EHR_READ,EP-IND-08942
NET-08943,2026-01-01 21:23:59+00:00,0,IOMT-020,S-IOMT-020-967,EHR_WRITE,EP-IND-08943
NET-08944,2026-01-01 21:24:20+00:00,0,IOMT-005,S-IOMT-005-968,EHR_READ,EP-IND-08944
NET-08945,2026-01-01 21:24:42+00:00,0,IOMT-033,S-IOMT-033-969,EHR_READ,EP-IND-08945
NET-08946,2026-01-01 21:24:48+00:00,0,IOMT-026,S-IOMT-026-970,RESEARCH,EP-IND-08946
NET-08947,2026-01-01 21:24:50+00:00,0,IOMT-004,S-IOMT-004-971,EHR_WRITE,EP-IND-08947
NET-08948,2026-01-01 21:24:58+00:00,0,IOMT-033,S-IOMT-033-972,LAB_RESULTS,EP-IND-08948
NET-08949,2026-01-01 21:25:21+00:00,0,IOMT-003,S-IOMT-003-973,IMAGING,EP-IND-08949
NET-08950,2026-01-01 21:25:24+00:00,0,IOMT-035,S-IOMT-035-974,LAB_RESULTS,EP-IND-08950
NET-08951,2026-01-01 21:25:28+00:00,0,IOMT-002,S-IOMT-002-975,RESEARCH,EP-IND-08951
NET-08952,2026-01-01 21:25:40+00:00,0,IOMT-004,S-IOMT-004-976,IMAGING,EP-IND-08952
NET-08953,2026-01-01 21:25:45+00:00,0,IOMT-020,S-IOMT-020-977,IMAGING,EP-IND-08953
NET-08954,2026-01-01 21:26:02+00:00,0,IOMT-021,S-IOMT-021-978,RESEARCH,EP-IND-08954
NET-08955,2026-01-01 21:26:08+00:00,0,IOMT-020,S-IOMT-020-979,RESEARCH,EP-IND-08955
NET-08956,2026-01-01 21:26:10+00:00,0,IOMT-036,S-IOMT-036-980,EHR_READ,EP-IND-08956
NET-08957,2026-01-01 21:26:12+00:00,0,IOMT-049,S-IOMT-049-981,IMAGING,EP-IND-08957
NET-08958,2026-01-01 21:26:19+00:00,0,IOMT-020,S-IOMT-020-982,EHR_WRITE,EP-IND-08958
NET-08959,2026-01-01 21:26:19+00:00,0,IOMT-018,S-IOMT-018-983,RESEARCH,EP-IND-08959
NET-08960,2026-01-01 21:26:20+00:00,1,IOMT-039,S-IOMT-039-984,EHR_READ,EP-IND-08960
NET-08961,2026-01-01 21:26:23+00:00,0,IOMT-013,S-IOMT-013-985,LAB_RESULTS,EP-IND-08961
NET-08962,2026-01-01 21:26:29+00:00,0,IOMT-024,S-IOMT-024-986,RESEARCH,EP-IND-08962
NET-08963,2026-01-01 21:26:31+00:00,0,IOMT-041,S-IOMT-041-987,EHR_READ,EP-IND-08963
NET-08964,2026-01-01 21:26:32+00:00,1,IOMT-025,S-IOMT-025-988,EHR_READ,EP-IND-08964
NET-08965,2026-01-01 21:26:44+00:00,0,IOMT-037,S-IOMT-037-989,RESEARCH,EP-IND-08965
NET-08966,2026-01-01 21:26:45+00:00,0,IOMT-024,S-IOMT-024-990,EHR_WRITE,EP-IND-08966
NET-08967,2026-01-01 21:26:54+00:00,1,IOMT-003,S-IOMT-003-991,EHR_READ,EP-IND-08967
NET-08968,2026-01-01 21:27:14+00:00,0,IOMT-049,S-IOMT-049-992,RESEARCH,EP-IND-08968
NET-08969,2026-01-01 21:27:44+00:00,0,IOMT-028,S-IOMT-028-993,EHR_WRITE,EP-IND-08969
NET-08970,2026-01-01 21:27:47+00:00,0,IOMT-024,S-IOMT-024-994,EHR_READ,EP-IND-08970
NET-08971,2026-01-01 21:27:56+00:00,0,IOMT-035,S-IOMT-035-995,EHR_WRITE,EP-IND-08971
NET-08972,2026-01-01 21:28:10+00:00,0,IOMT-030,S-IOMT-030-996,LAB_RESULTS,EP-IND-08972
NET-08973,2026-01-01 21:28:17+00:00,0,IOMT-031,S-IOMT-031-0,RESEARCH,EP-IND-08973
NET-08974,2026-01-01 21:28:17+00:00,0,IOMT-041,S-IOMT-041-1,RESEARCH,EP-IND-08974
NET-08975,2026-01-01 21:28:18+00:00,0,IOMT-040,S-IOMT-040-2,EHR_WRITE,EP-IND-08975
NET-08976,2026-01-01 21:28:20+00:00,0,IOMT-017,S-IOMT-017-3,IMAGING,EP-IND-08976
NET-08977,2026-01-01 21:28:46+00:00,0,IOMT-029,S-IOMT-029-4,EHR_WRITE,EP-IND-08977
NET-08978,2026-01-01 21:28:55+00:00,0,IOMT-009,S-IOMT-009-5,IMAGING,EP-IND-08978
NET-08979,2026-01-01 21:29:08+00:00,0,IOMT-041,S-IOMT-041-6,EHR_READ,EP-IND-08979
NET-08980,2026-01-01 21:29:34+00:00,1,IOMT-002,S-IOMT-002-7,RESEARCH,EP-IND-08980
NET-08981,2026-01-01 21:29:50+00:00,0,IOMT-021,S-IOMT-021-8,EHR_WRITE,EP-IND-08981
NET-08982,2026-01-01 21:29:55+00:00,0,IOMT-017,S-IOMT-017-9,RESEARCH,EP-IND-08982
NET-08983,2026-01-01 21:30:03+00:00,0,IOMT-008,S-IOMT-008-10,IMAGING,EP-IND-08983
NET-08984,2026-01-01 21:30:27+00:00,0,IOMT-009,S-IOMT-009-11,RESEARCH,EP-IND-08984
NET-08985,2026-01-01 21:30:32+00:00,0,IOMT-006,S-IOMT-006-12,LAB_RESULTS,EP-IND-08985
NET-08986,2026-01-01 21:30:32+00:00,0,IOMT-047,S-IOMT-047-13,RESEARCH,EP-IND-08986
NET-08987,2026-01-01 21:30:35+00:00,0,IOMT-042,S-IOMT-042-14,LAB_RESULTS,EP-IND-08987
NET-08988,2026-01-01 21:30:37+00:00,0,IOMT-008,S-IOMT-008-15,LAB_RESULTS,EP-IND-08988
NET-08989,2026-01-01 21:30:38+00:00,0,IOMT-036,S-IOMT-036-16,EHR_WRITE,EP-IND-08989
NET-08990,2026-01-01 21:31:30+00:00,0,IOMT-006,S-IOMT-006-17,EHR_WRITE,EP-IND-08990
NET-08991,2026-01-01 21:31:34+00:00,0,IOMT-016,S-IOMT-016-18,IMAGING,EP-IND-08991
NET-08992,2026-01-01 21:31:39+00:00,0,IOMT-028,S-IOMT-028-19,EHR_READ,EP-IND-08992
NET-08993,2026-01-01 21:31:42+00:00,0,IOMT-024,S-IOMT-024-20,RESEARCH,EP-IND-08993
NET-08994,2026-01-01 21:31:59+00:00,0,IOMT-043,S-IOMT-043-21,LAB_RESULTS,EP-IND-08994
NET-08995,2026-01-01 21:32:46+00:00,0,IOMT-007,S-IOMT-007-22,RESEARCH,EP-IND-08995
NET-08996,2026-01-01 21:32:47+00:00,0,IOMT-030,S-IOMT-030-23,LAB_RESULTS,EP-IND-08996
NET-08997,2026-01-01 21:32:48+00:00,0,IOMT-030,S-IOMT-030-24,RESEARCH,EP-IND-08997
NET-08998,2026-01-01 21:33:01+00:00,0,IOMT-012,S-IOMT-012-25,IMAGING,EP-IND-08998
NET-08999,2026-01-01 21:33:11+00:00,0,IOMT-044,S-IOMT-044-26,EHR_READ,EP-IND-08999
NET-09000,2026-01-01 21:33:16+00:00,0,IOMT-007,S-IOMT-007-27,IMAGING,EP-IND-09000
NET-09001,2026-01-01 21:33:27+00:00,0,IOMT-015,S-IOMT-015-28,EHR_WRITE,EP-IND-09001
NET-09002,2026-01-01 21:33:27+00:00,0,IOMT-040,S-IOMT-040-29,LAB_RESULTS,EP-IND-09002
NET-09003,2026-01-01 21:33:44+00:00,0,IOMT-010,S-IOMT-010-30,LAB_RESULTS,EP-IND-09003
NET-09004,2026-01-01 21:33:57+00:00,0,IOMT-027,S-IOMT-027-31,RESEARCH,EP-IND-09004
NET-09005,2026-01-01 21:34:12+00:00,0,IOMT-036,S-IOMT-036-32,EHR_READ,EP-IND-09005
NET-09006,2026-01-01 21:34:13+00:00,0,IOMT-001,S-IOMT-001-33,RESEARCH,EP-IND-09006
NET-09007,2026-01-01 21:34:14+00:00,0,IOMT-021,S-IOMT-021-34,IMAGING,EP-IND-09007
NET-09008,2026-01-01 21:34:19+00:00,0,IOMT-047,S-IOMT-047-35,IMAGING,EP-IND-09008
NET-09009,2026-01-01 21:34:26+00:00,1,IOMT-007,S-IOMT-007-36,EHR_WRITE,EP-IND-09009
NET-09010,2026-01-01 21:35:01+00:00,0,IOMT-039,S-IOMT-039-37,LAB_RESULTS,EP-IND-09010
NET-09011,2026-01-01 21:35:12+00:00,0,IOMT-008,S-IOMT-008-38,EHR_READ,EP-IND-09011
NET-09012,2026-01-01 21:35:18+00:00,0,IOMT-033,S-IOMT-033-39,EHR_READ,EP-IND-09012
NET-09013,2026-01-01 21:35:18+00:00,0,IOMT-006,S-IOMT-006-40,LAB_RESULTS,EP-IND-09013
NET-09014,2026-01-01 21:35:23+00:00,0,IOMT-039,S-IOMT-039-41,IMAGING,EP-IND-09014
NET-09015,2026-01-01 21:35:24+00:00,0,IOMT-007,S-IOMT-007-42,RESEARCH,EP-IND-09015
NET-09016,2026-01-01 21:35:26+00:00,0,IOMT-025,S-IOMT-025-43,LAB_RESULTS,EP-IND-09016
NET-09017,2026-01-01 21:35:38+00:00,0,IOMT-010,S-IOMT-010-44,EHR_READ,EP-IND-09017
NET-09018,2026-01-01 21:35:47+00:00,0,IOMT-006,S-IOMT-006-45,IMAGING,EP-IND-09018
NET-09019,2026-01-01 21:35:55+00:00,0,IOMT-038,S-IOMT-038-46,RESEARCH,EP-IND-09019
NET-09020,2026-01-01 21:35:57+00:00,0,IOMT-032,S-IOMT-032-47,IMAGING,EP-IND-09020
NET-09021,2026-01-01 21:35:57+00:00,0,IOMT-033,S-IOMT-033-48,EHR_WRITE,EP-IND-09021
NET-09022,2026-01-01 21:35:59+00:00,0,IOMT-035,S-IOMT-035-49,EHR_WRITE,EP-IND-09022
NET-09023,2026-01-01 21:36:00+00:00,0,IOMT-004,S-IOMT-004-50,EHR_WRITE,EP-IND-09023
NET-09024,2026-01-01 21:36:01+00:00,0,IOMT-013,S-IOMT-013-51,EHR_WRITE,EP-IND-09024
NET-09025,2026-01-01 21:36:11+00:00,0,IOMT-038,S-IOMT-038-52,LAB_RESULTS,EP-IND-09025
NET-09026,2026-01-01 21:36:24+00:00,0,IOMT-018,S-IOMT-018-53,EHR_WRITE,EP-IND-09026
NET-09027,2026-01-01 21:36:58+00:00,0,IOMT-034,S-IOMT-034-54,RESEARCH,EP-IND-09027
NET-09028,2026-01-01 21:37:12+00:00,0,IOMT-045,S-IOMT-045-55,LAB_RESULTS,EP-IND-09028
NET-09029,2026-01-01 21:37:15+00:00,0,IOMT-034,S-IOMT-034-56,IMAGING,EP-IND-09029
NET-09030,2026-01-01 21:37:22+00:00,0,IOMT-046,S-IOMT-046-57,EHR_WRITE,EP-IND-09030
NET-09031,2026-01-01 21:37:35+00:00,0,IOMT-037,S-IOMT-037-58,RESEARCH,EP-IND-09031
NET-09032,2026-01-01 21:37:42+00:00,0,IOMT-027,S-IOMT-027-59,LAB_RESULTS,EP-IND-09032
NET-09033,2026-01-01 21:37:42+00:00,0,IOMT-024,S-IOMT-024-60,IMAGING,EP-IND-09033
NET-09034,2026-01-01 21:37:49+00:00,0,IOMT-042,S-IOMT-042-61,EHR_WRITE,EP-IND-09034
NET-09035,2026-01-01 21:37:52+00:00,0,IOMT-003,S-IOMT-003-62,RESEARCH,EP-IND-09035
NET-09036,2026-01-01 21:38:02+00:00,0,IOMT-040,S-IOMT-040-63,EHR_WRITE,EP-IND-09036
NET-09037,2026-01-01 21:38:02+00:00,0,IOMT-047,S-IOMT-047-64,LAB_RESULTS,EP-IND-09037
NET-09038,2026-01-01 21:38:03+00:00,0,IOMT-010,S-IOMT-010-65,EHR_WRITE,EP-IND-09038
NET-09039,2026-01-01 21:38:14+00:00,0,IOMT-005,S-IOMT-005-66,EHR_WRITE,EP-IND-09039
NET-09040,2026-01-01 21:38:23+00:00,0,IOMT-049,S-IOMT-049-67,LAB_RESULTS,EP-IND-09040
NET-09041,2026-01-01 21:38:26+00:00,0,IOMT-016,S-IOMT-016-68,IMAGING,EP-IND-09041
NET-09042,2026-01-01 21:38:37+00:00,0,IOMT-032,S-IOMT-032-69,RESEARCH,EP-IND-09042
NET-09043,2026-01-01 21:38:43+00:00,0,IOMT-008,S-IOMT-008-70,EHR_WRITE,EP-IND-09043
NET-09044,2026-01-01 21:38:46+00:00,0,IOMT-036,S-IOMT-036-71,EHR_WRITE,EP-IND-09044
NET-09045,2026-01-01 21:38:48+00:00,0,IOMT-036,S-IOMT-036-72,RESEARCH,EP-IND-09045
NET-09046,2026-01-01 21:38:58+00:00,0,IOMT-045,S-IOMT-045-73,LAB_RESULTS,EP-IND-09046
NET-09047,2026-01-01 21:38:58+00:00,0,IOMT-049,S-IOMT-049-74,IMAGING,EP-IND-09047
NET-09048,2026-01-01 21:39:07+00:00,1,IOMT-025,S-IOMT-025-75,EHR_READ,EP-IND-09048
NET-09049,2026-01-01 21:39:17+00:00,0,IOMT-010,S-IOMT-010-76,EHR_WRITE,EP-IND-09049
NET-09050,2026-01-01 21:39:18+00:00,0,IOMT-019,S-IOMT-019-77,EHR_READ,EP-IND-09050
NET-09051,2026-01-01 21:39:28+00:00,0,IOMT-010,S-IOMT-010-78,RESEARCH,EP-IND-09051
NET-09052,2026-01-01 21:39:42+00:00,0,IOMT-032,S-IOMT-032-79,EHR_READ,EP-IND-09052
NET-09053,2026-01-01 21:39:55+00:00,1,IOMT-019,S-IOMT-019-80,LAB_RESULTS,EP-IND-09053
NET-09054,2026-01-01 21:40:30+00:00,0,IOMT-044,S-IOMT-044-81,EHR_WRITE,EP-IND-09054
NET-09055,2026-01-01 21:40:31+00:00,0,IOMT-032,S-IOMT-032-82,RESEARCH,EP-IND-09055
NET-09056,2026-01-01 21:41:16+00:00,0,IOMT-000,S-IOMT-000-83,IMAGING,EP-IND-09056
NET-09057,2026-01-01 21:41:43+00:00,0,IOMT-048,S-IOMT-048-84,IMAGING,EP-IND-09057
NET-09058,2026-01-01 21:41:44+00:00,0,IOMT-008,S-IOMT-008-85,LAB_RESULTS,EP-IND-09058
NET-09059,2026-01-01 21:41:45+00:00,0,IOMT-004,S-IOMT-004-86,EHR_READ,EP-IND-09059
NET-09060,2026-01-01 21:41:46+00:00,0,IOMT-030,S-IOMT-030-87,EHR_READ,EP-IND-09060
NET-09061,2026-01-01 21:41:50+00:00,0,IOMT-033,S-IOMT-033-88,LAB_RESULTS,EP-IND-09061
NET-09062,2026-01-01 21:41:53+00:00,0,IOMT-020,S-IOMT-020-89,EHR_READ,EP-IND-09062
NET-09063,2026-01-01 21:42:01+00:00,0,IOMT-011,S-IOMT-011-90,LAB_RESULTS,EP-IND-09063
NET-09064,2026-01-01 21:42:10+00:00,0,IOMT-033,S-IOMT-033-91,EHR_READ,EP-IND-09064
NET-09065,2026-01-01 21:42:14+00:00,0,IOMT-008,S-IOMT-008-92,LAB_RESULTS,EP-IND-09065
NET-09066,2026-01-01 21:42:26+00:00,0,IOMT-029,S-IOMT-029-93,EHR_READ,EP-IND-09066
NET-09067,2026-01-01 21:42:26+00:00,0,IOMT-023,S-IOMT-023-94,LAB_RESULTS,EP-IND-09067
NET-09068,2026-01-01 21:42:31+00:00,0,IOMT-020,S-IOMT-020-95,IMAGING,EP-IND-09068
NET-09069,2026-01-01 21:42:31+00:00,0,IOMT-007,S-IOMT-007-96,EHR_READ,EP-IND-09069
NET-09070,2026-01-01 21:42:36+00:00,0,IOMT-040,S-IOMT-040-97,IMAGING,EP-IND-09070
NET-09071,2026-01-01 21:42:59+00:00,0,IOMT-031,S-IOMT-031-98,EHR_WRITE,EP-IND-09071
NET-09072,2026-01-01 21:43:03+00:00,0,IOMT-036,S-IOMT-036-99,EHR_WRITE,EP-IND-09072
NET-09073,2026-01-01 21:43:05+00:00,0,IOMT-028,S-IOMT-028-100,LAB_RESULTS,EP-IND-09073
NET-09074,2026-01-01 21:43:08+00:00,0,IOMT-037,S-IOMT-037-101,IMAGING,EP-IND-09074
NET-09075,2026-01-01 21:43:20+00:00,0,IOMT-041,S-IOMT-041-102,LAB_RESULTS,EP-IND-09075
NET-09076,2026-01-01 21:43:20+00:00,0,IOMT-002,S-IOMT-002-103,EHR_WRITE,EP-IND-09076
NET-09077,2026-01-01 21:43:31+00:00,0,IOMT-009,S-IOMT-009-104,IMAGING,EP-IND-09077
NET-09078,2026-01-01 21:43:38+00:00,0,IOMT-046,S-IOMT-046-105,EHR_WRITE,EP-IND-09078
NET-09079,2026-01-01 21:43:46+00:00,0,IOMT-041,S-IOMT-041-106,IMAGING,EP-IND-09079
NET-09080,2026-01-01 21:44:54+00:00,0,IOMT-018,S-IOMT-018-107,EHR_READ,EP-IND-09080
NET-09081,2026-01-01 21:44:55+00:00,0,IOMT-022,S-IOMT-022-108,LAB_RESULTS,EP-IND-09081
NET-09082,2026-01-01 21:45:00+00:00,0,IOMT-038,S-IOMT-038-109,EHR_WRITE,EP-IND-09082
NET-09083,2026-01-01 21:45:01+00:00,0,IOMT-038,S-IOMT-038-110,LAB_RESULTS,EP-IND-09083
NET-09084,2026-01-01 21:45:03+00:00,0,IOMT-003,S-IOMT-003-111,EHR_READ,EP-IND-09084
NET-09085,2026-01-01 21:45:14+00:00,0,IOMT-008,S-IOMT-008-112,EHR_READ,EP-IND-09085
NET-09086,2026-01-01 21:45:22+00:00,0,IOMT-002,S-IOMT-002-113,LAB_RESULTS,EP-IND-09086
NET-09087,2026-01-01 21:45:25+00:00,0,IOMT-027,S-IOMT-027-114,IMAGING,EP-IND-09087
NET-09088,2026-01-01 21:45:32+00:00,0,IOMT-021,S-IOMT-021-115,LAB_RESULTS,EP-IND-09088
NET-09089,2026-01-01 21:45:34+00:00,0,IOMT-019,S-IOMT-019-116,EHR_READ,EP-IND-09089
NET-09090,2026-01-01 21:45:48+00:00,0,IOMT-011,S-IOMT-011-117,RESEARCH,EP-IND-09090
NET-09091,2026-01-01 21:45:48+00:00,0,IOMT-001,S-IOMT-001-118,IMAGING,EP-IND-09091
NET-09092,2026-01-01 21:45:50+00:00,0,IOMT-001,S-IOMT-001-119,EHR_WRITE,EP-IND-09092
NET-09093,2026-01-01 21:45:50+00:00,0,IOMT-043,S-IOMT-043-120,RESEARCH,EP-IND-09093
NET-09094,2026-01-01 21:46:05+00:00,0,IOMT-028,S-IOMT-028-121,LAB_RESULTS,EP-IND-09094
NET-09095,2026-01-01 21:46:21+00:00,0,IOMT-048,S-IOMT-048-122,IMAGING,EP-IND-09095
NET-09096,2026-01-01 21:46:25+00:00,0,IOMT-042,S-IOMT-042-123,LAB_RESULTS,EP-IND-09096
NET-09097,2026-01-01 21:46:26+00:00,0,IOMT-032,S-IOMT-032-124,EHR_WRITE,EP-IND-09097
NET-09098,2026-01-01 21:46:33+00:00,0,IOMT-038,S-IOMT-038-125,IMAGING,EP-IND-09098
NET-09099,2026-01-01 21:47:14+00:00,0,IOMT-023,S-IOMT-023-126,LAB_RESULTS,EP-IND-09099
NET-09100,2026-01-01 21:47:18+00:00,0,IOMT-007,S-IOMT-007-127,IMAGING,EP-IND-09100
NET-09101,2026-01-01 21:47:21+00:00,0,IOMT-007,S-IOMT-007-128,EHR_WRITE,EP-IND-09101
NET-09102,2026-01-01 21:47:30+00:00,0,IOMT-049,S-IOMT-049-129,EHR_WRITE,EP-IND-09102
NET-09103,2026-01-01 21:47:33+00:00,0,IOMT-044,S-IOMT-044-130,EHR_WRITE,EP-IND-09103
NET-09104,2026-01-01 21:47:45+00:00,0,IOMT-019,S-IOMT-019-131,EHR_READ,EP-IND-09104
NET-09105,2026-01-01 21:47:46+00:00,0,IOMT-021,S-IOMT-021-132,EHR_READ,EP-IND-09105
NET-09106,2026-01-01 21:47:54+00:00,0,IOMT-035,S-IOMT-035-133,LAB_RESULTS,EP-IND-09106
NET-09107,2026-01-01 21:48:00+00:00,0,IOMT-001,S-IOMT-001-134,EHR_WRITE,EP-IND-09107
NET-09108,2026-01-01 21:48:22+00:00,0,IOMT-011,S-IOMT-011-135,RESEARCH,EP-IND-09108
NET-09109,2026-01-01 21:48:26+00:00,0,IOMT-048,S-IOMT-048-136,RESEARCH,EP-IND-09109
NET-09110,2026-01-01 21:48:28+00:00,0,IOMT-023,S-IOMT-023-137,LAB_RESULTS,EP-IND-09110
NET-09111,2026-01-01 21:48:32+00:00,0,IOMT-039,S-IOMT-039-138,IMAGING,EP-IND-09111
NET-09112,2026-01-01 21:48:36+00:00,0,IOMT-027,S-IOMT-027-139,RESEARCH,EP-IND-09112
NET-09113,2026-01-01 21:49:00+00:00,0,IOMT-044,S-IOMT-044-140,IMAGING,EP-IND-09113
NET-09114,2026-01-01 21:49:04+00:00,0,IOMT-005,S-IOMT-005-141,EHR_WRITE,EP-IND-09114
NET-09115,2026-01-01 21:49:06+00:00,0,IOMT-014,S-IOMT-014-142,EHR_READ,EP-IND-09115
NET-09116,2026-01-01 21:49:18+00:00,0,IOMT-013,S-IOMT-013-143,EHR_WRITE,EP-IND-09116
NET-09117,2026-01-01 21:49:18+00:00,0,IOMT-040,S-IOMT-040-144,LAB_RESULTS,EP-IND-09117
NET-09118,2026-01-01 21:49:41+00:00,0,IOMT-022,S-IOMT-022-145,IMAGING,EP-IND-09118
NET-09119,2026-01-01 21:49:43+00:00,0,IOMT-034,S-IOMT-034-146,EHR_WRITE,EP-IND-09119
NET-09120,2026-01-01 21:50:04+00:00,0,IOMT-021,S-IOMT-021-147,EHR_READ,EP-IND-09120
NET-09121,2026-01-01 21:50:07+00:00,0,IOMT-017,S-IOMT-017-148,LAB_RESULTS,EP-IND-09121
NET-09122,2026-01-01 21:50:08+00:00,0,IOMT-001,S-IOMT-001-149,RESEARCH,EP-IND-09122
NET-09123,2026-01-01 21:50:10+00:00,0,IOMT-011,S-IOMT-011-150,RESEARCH,EP-IND-09123
NET-09124,2026-01-01 21:50:15+00:00,0,IOMT-048,S-IOMT-048-151,IMAGING,EP-IND-09124
NET-09125,2026-01-01 21:50:45+00:00,0,IOMT-036,S-IOMT-036-152,EHR_WRITE,EP-IND-09125
NET-09126,2026-01-01 21:51:18+00:00,0,IOMT-015,S-IOMT-015-153,IMAGING,EP-IND-09126
NET-09127,2026-01-01 21:51:19+00:00,0,IOMT-009,S-IOMT-009-154,IMAGING,EP-IND-09127
NET-09128,2026-01-01 21:51:26+00:00,0,IOMT-025,S-IOMT-025-155,LAB_RESULTS,EP-IND-09128
NET-09129,2026-01-01 21:51:28+00:00,0,IOMT-021,S-IOMT-021-156,EHR_READ,EP-IND-09129
NET-09130,2026-01-01 21:51:38+00:00,0,IOMT-017,S-IOMT-017-157,EHR_READ,EP-IND-09130
NET-09131,2026-01-01 21:51:48+00:00,0,IOMT-039,S-IOMT-039-158,IMAGING,EP-IND-09131
NET-09132,2026-01-01 21:51:51+00:00,0,IOMT-048,S-IOMT-048-159,IMAGING,EP-IND-09132
NET-09133,2026-01-01 21:51:53+00:00,0,IOMT-029,S-IOMT-029-160,EHR_WRITE,EP-IND-09133
NET-09134,2026-01-01 21:52:00+00:00,0,IOMT-010,S-IOMT-010-161,EHR_WRITE,EP-IND-09134
NET-09135,2026-01-01 21:52:00+00:00,0,IOMT-006,S-IOMT-006-162,LAB_RESULTS,EP-IND-09135
NET-09136,2026-01-01 21:52:02+00:00,0,IOMT-040,S-IOMT-040-163,EHR_READ,EP-IND-09136
NET-09137,2026-01-01 21:52:12+00:00,0,IOMT-039,S-IOMT-039-164,RESEARCH,EP-IND-09137
NET-09138,2026-01-01 21:52:20+00:00,0,IOMT-010,S-IOMT-010-165,IMAGING,EP-IND-09138
NET-09139,2026-01-01 21:52:34+00:00,0,IOMT-038,S-IOMT-038-166,LAB_RESULTS,EP-IND-09139
NET-09140,2026-01-01 21:52:35+00:00,0,IOMT-043,S-IOMT-043-167,RESEARCH,EP-IND-09140
NET-09141,2026-01-01 21:52:42+00:00,0,IOMT-038,S-IOMT-038-168,IMAGING,EP-IND-09141
NET-09142,2026-01-01 21:52:52+00:00,0,IOMT-001,S-IOMT-001-169,IMAGING,EP-IND-09142
NET-09143,2026-01-01 21:53:16+00:00,0,IOMT-039,S-IOMT-039-170,LAB_RESULTS,EP-IND-09143
NET-09144,2026-01-01 21:53:21+00:00,0,IOMT-044,S-IOMT-044-171,IMAGING,EP-IND-09144
NET-09145,2026-01-01 21:53:25+00:00,0,IOMT-015,S-IOMT-015-172,IMAGING,EP-IND-09145
NET-09146,2026-01-01 21:53:33+00:00,0,IOMT-010,S-IOMT-010-173,RESEARCH,EP-IND-09146
NET-09147,2026-01-01 21:53:36+00:00,0,IOMT-008,S-IOMT-008-174,LAB_RESULTS,EP-IND-09147
NET-09148,2026-01-01 21:53:37+00:00,0,IOMT-024,S-IOMT-024-175,LAB_RESULTS,EP-IND-09148
NET-09149,2026-01-01 21:53:40+00:00,0,IOMT-028,S-IOMT-028-176,EHR_WRITE,EP-IND-09149
NET-09150,2026-01-01 21:53:46+00:00,0,IOMT-034,S-IOMT-034-177,RESEARCH,EP-IND-09150
NET-09151,2026-01-01 21:53:51+00:00,0,IOMT-034,S-IOMT-034-178,RESEARCH,EP-IND-09151
NET-09152,2026-01-01 21:53:54+00:00,0,IOMT-046,S-IOMT-046-179,EHR_READ,EP-IND-09152
NET-09153,2026-01-01 21:54:08+00:00,0,IOMT-015,S-IOMT-015-180,IMAGING,EP-IND-09153
NET-09154,2026-01-01 21:54:14+00:00,0,IOMT-028,S-IOMT-028-181,IMAGING,EP-IND-09154
NET-09155,2026-01-01 21:54:42+00:00,0,IOMT-046,S-IOMT-046-182,EHR_READ,EP-IND-09155
NET-09156,2026-01-01 21:54:43+00:00,0,IOMT-016,S-IOMT-016-183,RESEARCH,EP-IND-09156
NET-09157,2026-01-01 21:54:43+00:00,0,IOMT-028,S-IOMT-028-184,RESEARCH,EP-IND-09157
NET-09158,2026-01-01 21:54:45+00:00,0,IOMT-011,S-IOMT-011-185,RESEARCH,EP-IND-09158
NET-09159,2026-01-01 21:54:49+00:00,0,IOMT-006,S-IOMT-006-186,EHR_READ,EP-IND-09159
NET-09160,2026-01-01 21:54:59+00:00,0,IOMT-031,S-IOMT-031-187,IMAGING,EP-IND-09160
NET-09161,2026-01-01 21:55:05+00:00,0,IOMT-022,S-IOMT-022-188,EHR_READ,EP-IND-09161
NET-09162,2026-01-01 21:55:13+00:00,0,IOMT-015,S-IOMT-015-189,RESEARCH,EP-IND-09162
NET-09163,2026-01-01 21:55:19+00:00,0,IOMT-043,S-IOMT-043-190,LAB_RESULTS,EP-IND-09163
NET-09164,2026-01-01 21:55:27+00:00,0,IOMT-021,S-IOMT-021-191,EHR_WRITE,EP-IND-09164
NET-09165,2026-01-01 21:55:37+00:00,0,IOMT-004,S-IOMT-004-192,IMAGING,EP-IND-09165
NET-09166,2026-01-01 21:55:39+00:00,0,IOMT-007,S-IOMT-007-193,EHR_WRITE,EP-IND-09166
NET-09167,2026-01-01 21:56:06+00:00,0,IOMT-032,S-IOMT-032-194,IMAGING,EP-IND-09167
NET-09168,2026-01-01 21:56:17+00:00,0,IOMT-024,S-IOMT-024-195,LAB_RESULTS,EP-IND-09168
NET-09169,2026-01-01 21:56:35+00:00,0,IOMT-008,S-IOMT-008-196,EHR_READ,EP-IND-09169
NET-09170,2026-01-01 21:56:51+00:00,0,IOMT-001,S-IOMT-001-197,IMAGING,EP-IND-09170
NET-09171,2026-01-01 21:56:58+00:00,0,IOMT-005,S-IOMT-005-198,RESEARCH,EP-IND-09171
NET-09172,2026-01-01 21:57:02+00:00,0,IOMT-041,S-IOMT-041-199,LAB_RESULTS,EP-IND-09172
NET-09173,2026-01-01 21:57:04+00:00,0,IOMT-031,S-IOMT-031-200,RESEARCH,EP-IND-09173
NET-09174,2026-01-01 21:57:08+00:00,0,IOMT-035,S-IOMT-035-201,EHR_WRITE,EP-IND-09174
NET-09175,2026-01-01 21:57:13+00:00,0,IOMT-013,S-IOMT-013-202,EHR_WRITE,EP-IND-09175
NET-09176,2026-01-01 21:57:22+00:00,0,IOMT-010,S-IOMT-010-203,LAB_RESULTS,EP-IND-09176
NET-09177,2026-01-01 21:57:45+00:00,0,IOMT-044,S-IOMT-044-204,LAB_RESULTS,EP-IND-09177
NET-09178,2026-01-01 21:57:51+00:00,0,IOMT-005,S-IOMT-005-205,EHR_WRITE,EP-IND-09178
NET-09179,2026-01-01 21:57:54+00:00,1,IOMT-005,S-IOMT-005-206,EHR_WRITE,EP-IND-09179
NET-09180,2026-01-01 21:57:55+00:00,0,IOMT-013,S-IOMT-013-207,RESEARCH,EP-IND-09180
NET-09181,2026-01-01 21:58:09+00:00,0,IOMT-031,S-IOMT-031-208,RESEARCH,EP-IND-09181
NET-09182,2026-01-01 21:58:16+00:00,0,IOMT-029,S-IOMT-029-209,RESEARCH,EP-IND-09182
NET-09183,2026-01-01 21:58:29+00:00,0,IOMT-017,S-IOMT-017-210,EHR_READ,EP-IND-09183
NET-09184,2026-01-01 21:58:45+00:00,0,IOMT-027,S-IOMT-027-211,RESEARCH,EP-IND-09184
NET-09185,2026-01-01 21:58:45+00:00,0,IOMT-024,S-IOMT-024-212,LAB_RESULTS,EP-IND-09185
NET-09186,2026-01-01 21:58:56+00:00,0,IOMT-041,S-IOMT-041-213,RESEARCH,EP-IND-09186
NET-09187,2026-01-01 21:58:57+00:00,0,IOMT-032,S-IOMT-032-214,EHR_READ,EP-IND-09187
NET-09188,2026-01-01 21:58:59+00:00,0,IOMT-001,S-IOMT-001-215,EHR_WRITE,EP-IND-09188
NET-09189,2026-01-01 21:59:10+00:00,0,IOMT-046,S-IOMT-046-216,IMAGING,EP-IND-09189
NET-09190,2026-01-01 21:59:14+00:00,1,IOMT-014,S-IOMT-014-217,EHR_WRITE,EP-IND-09190
NET-09191,2026-01-01 21:59:34+00:00,0,IOMT-007,S-IOMT-007-218,IMAGING,EP-IND-09191
NET-09192,2026-01-01 21:59:39+00:00,1,IOMT-005,S-IOMT-005-219,EHR_WRITE,EP-IND-09192
NET-09193,2026-01-01 21:59:41+00:00,0,IOMT-046,S-IOMT-046-220,RESEARCH,EP-IND-09193
NET-09194,2026-01-01 21:59:41+00:00,0,IOMT-014,S-IOMT-014-221,EHR_WRITE,EP-IND-09194
NET-09195,2026-01-01 21:59:46+00:00,0,IOMT-014,S-IOMT-014-222,EHR_READ,EP-IND-09195
NET-09196,2026-01-01 21:59:49+00:00,0,IOMT-033,S-IOMT-033-223,LAB_RESULTS,EP-IND-09196
NET-09197,2026-01-01 22:00:03+00:00,0,IOMT-010,S-IOMT-010-224,EHR_WRITE,EP-IND-09197
NET-09198,2026-01-01 22:00:07+00:00,0,IOMT-035,S-IOMT-035-225,IMAGING,EP-IND-09198
NET-09199,2026-01-01 22:00:16+00:00,0,IOMT-003,S-IOMT-003-226,EHR_WRITE,EP-IND-09199
NET-09200,2026-01-01 22:00:41+00:00,0,IOMT-035,S-IOMT-035-227,EHR_READ,EP-IND-09200
NET-09201,2026-01-01 22:00:55+00:00,0,IOMT-037,S-IOMT-037-228,LAB_RESULTS,EP-IND-09201
NET-09202,2026-01-01 22:00:57+00:00,0,IOMT-004,S-IOMT-004-229,EHR_READ,EP-IND-09202
NET-09203,2026-01-01 22:01:00+00:00,0,IOMT-042,S-IOMT-042-230,EHR_WRITE,EP-IND-09203
NET-09204,2026-01-01 22:01:05+00:00,0,IOMT-001,S-IOMT-001-231,LAB_RESULTS,EP-IND-09204
NET-09205,2026-01-01 22:01:06+00:00,0,IOMT-044,S-IOMT-044-232,EHR_READ,EP-IND-09205
NET-09206,2026-01-01 22:01:09+00:00,0,IOMT-001,S-IOMT-001-233,LAB_RESULTS,EP-IND-09206
NET-09207,2026-01-01 22:01:10+00:00,0,IOMT-036,S-IOMT-036-234,EHR_READ,EP-IND-09207
NET-09208,2026-01-01 22:01:23+00:00,0,IOMT-047,S-IOMT-047-235,LAB_RESULTS,EP-IND-09208
NET-09209,2026-01-01 22:01:30+00:00,0,IOMT-022,S-IOMT-022-236,IMAGING,EP-IND-09209
NET-09210,2026-01-01 22:01:30+00:00,0,IOMT-049,S-IOMT-049-237,EHR_READ,EP-IND-09210
NET-09211,2026-01-01 22:01:33+00:00,0,IOMT-031,S-IOMT-031-238,LAB_RESULTS,EP-IND-09211
NET-09212,2026-01-01 22:01:54+00:00,0,IOMT-017,S-IOMT-017-239,EHR_WRITE,EP-IND-09212
NET-09213,2026-01-01 22:02:17+00:00,0,IOMT-046,S-IOMT-046-240,EHR_READ,EP-IND-09213
NET-09214,2026-01-01 22:02:27+00:00,0,IOMT-014,S-IOMT-014-241,EHR_READ,EP-IND-09214
NET-09215,2026-01-01 22:02:39+00:00,0,IOMT-003,S-IOMT-003-242,EHR_WRITE,EP-IND-09215
NET-09216,2026-01-01 22:02:47+00:00,0,IOMT-021,S-IOMT-021-243,EHR_WRITE,EP-IND-09216
NET-09217,2026-01-01 22:02:53+00:00,0,IOMT-044,S-IOMT-044-244,IMAGING,EP-IND-09217
NET-09218,2026-01-01 22:03:03+00:00,0,IOMT-039,S-IOMT-039-245,EHR_WRITE,EP-IND-09218
NET-09219,2026-01-01 22:03:07+00:00,0,IOMT-027,S-IOMT-027-246,IMAGING,EP-IND-09219
NET-09220,2026-01-01 22:03:28+00:00,0,IOMT-047,S-IOMT-047-247,EHR_READ,EP-IND-09220
NET-09221,2026-01-01 22:03:33+00:00,0,IOMT-019,S-IOMT-019-248,EHR_READ,EP-IND-09221
NET-09222,2026-01-01 22:03:41+00:00,0,IOMT-032,S-IOMT-032-249,LAB_RESULTS,EP-IND-09222
NET-09223,2026-01-01 22:03:49+00:00,0,IOMT-027,S-IOMT-027-250,EHR_READ,EP-IND-09223
NET-09224,2026-01-01 22:03:59+00:00,0,IOMT-001,S-IOMT-001-251,RESEARCH,EP-IND-09224
NET-09225,2026-01-01 22:04:18+00:00,0,IOMT-012,S-IOMT-012-252,IMAGING,EP-IND-09225
NET-09226,2026-01-01 22:04:21+00:00,0,IOMT-037,S-IOMT-037-253,EHR_WRITE,EP-IND-09226
NET-09227,2026-01-01 22:04:26+00:00,0,IOMT-007,S-IOMT-007-254,EHR_READ,EP-IND-09227
NET-09228,2026-01-01 22:04:47+00:00,1,IOMT-012,S-IOMT-012-255,EHR_WRITE,EP-IND-09228
NET-09229,2026-01-01 22:04:47+00:00,0,IOMT-042,S-IOMT-042-256,RESEARCH,EP-IND-09229
NET-09230,2026-01-01 22:04:53+00:00,0,IOMT-019,S-IOMT-019-257,IMAGING,EP-IND-09230
NET-09231,2026-01-01 22:04:53+00:00,0,IOMT-021,S-IOMT-021-258,RESEARCH,EP-IND-09231
NET-09232,2026-01-01 22:04:54+00:00,0,IOMT-045,S-IOMT-045-259,RESEARCH,EP-IND-09232
NET-09233,2026-01-01 22:04:57+00:00,0,IOMT-047,S-IOMT-047-260,LAB_RESULTS,EP-IND-09233
NET-09234,2026-01-01 22:04:59+00:00,0,IOMT-030,S-IOMT-030-261,IMAGING,EP-IND-09234
NET-09235,2026-01-01 22:05:06+00:00,0,IOMT-014,S-IOMT-014-262,RESEARCH,EP-IND-09235
NET-09236,2026-01-01 22:05:10+00:00,0,IOMT-046,S-IOMT-046-263,EHR_WRITE,EP-IND-09236
NET-09237,2026-01-01 22:05:19+00:00,0,IOMT-023,S-IOMT-023-264,LAB_RESULTS,EP-IND-09237
NET-09238,2026-01-01 22:05:23+00:00,0,IOMT-021,S-IOMT-021-265,LAB_RESULTS,EP-IND-09238
NET-09239,2026-01-01 22:05:38+00:00,0,IOMT-027,S-IOMT-027-266,LAB_RESULTS,EP-IND-09239
NET-09240,2026-01-01 22:05:48+00:00,1,IOMT-046,S-IOMT-046-267,LAB_RESULTS,EP-IND-09240
NET-09241,2026-01-01 22:05:55+00:00,0,IOMT-039,S-IOMT-039-268,IMAGING,EP-IND-09241
NET-09242,2026-01-01 22:06:13+00:00,0,IOMT-032,S-IOMT-032-269,IMAGING,EP-IND-09242
NET-09243,2026-01-01 22:06:15+00:00,0,IOMT-033,S-IOMT-033-270,LAB_RESULTS,EP-IND-09243
NET-09244,2026-01-01 22:06:23+00:00,0,IOMT-029,S-IOMT-029-271,RESEARCH,EP-IND-09244
NET-09245,2026-01-01 22:06:40+00:00,0,IOMT-030,S-IOMT-030-272,RESEARCH,EP-IND-09245
NET-09246,2026-01-01 22:07:22+00:00,0,IOMT-043,S-IOMT-043-273,RESEARCH,EP-IND-09246
NET-09247,2026-01-01 22:07:48+00:00,1,IOMT-024,S-IOMT-024-274,RESEARCH,EP-IND-09247
NET-09248,2026-01-01 22:08:02+00:00,0,IOMT-043,S-IOMT-043-275,IMAGING,EP-IND-09248
NET-09249,2026-01-01 22:08:05+00:00,0,IOMT-046,S-IOMT-046-276,IMAGING,EP-IND-09249
NET-09250,2026-01-01 22:08:08+00:00,0,IOMT-045,S-IOMT-045-277,IMAGING,EP-IND-09250
NET-09251,2026-01-01 22:08:33+00:00,0,IOMT-016,S-IOMT-016-278,EHR_WRITE,EP-IND-09251
NET-09252,2026-01-01 22:08:35+00:00,0,IOMT-009,S-IOMT-009-279,EHR_WRITE,EP-IND-09252
NET-09253,2026-01-01 22:08:36+00:00,0,IOMT-000,S-IOMT-000-280,EHR_WRITE,EP-IND-09253
NET-09254,2026-01-01 22:08:44+00:00,0,IOMT-000,S-IOMT-000-281,EHR_WRITE,EP-IND-09254
NET-09255,2026-01-01 22:08:58+00:00,0,IOMT-021,S-IOMT-021-282,EHR_READ,EP-IND-09255
NET-09256,2026-01-01 22:09:02+00:00,0,IOMT-042,S-IOMT-042-283,RESEARCH,EP-IND-09256
NET-09257,2026-01-01 22:09:18+00:00,0,IOMT-039,S-IOMT-039-284,RESEARCH,EP-IND-09257
NET-09258,2026-01-01 22:09:22+00:00,1,IOMT-005,S-IOMT-005-285,LAB_RESULTS,EP-IND-09258
NET-09259,2026-01-01 22:09:25+00:00,0,IOMT-038,S-IOMT-038-286,EHR_WRITE,EP-IND-09259
NET-09260,2026-01-01 22:09:28+00:00,0,IOMT-027,S-IOMT-027-287,EHR_READ,EP-IND-09260
NET-09261,2026-01-01 22:09:36+00:00,0,IOMT-024,S-IOMT-024-288,IMAGING,EP-IND-09261
NET-09262,2026-01-01 22:09:54+00:00,0,IOMT-014,S-IOMT-014-289,IMAGING,EP-IND-09262
NET-09263,2026-01-01 22:09:54+00:00,0,IOMT-017,S-IOMT-017-290,EHR_WRITE,EP-IND-09263
NET-09264,2026-01-01 22:10:01+00:00,0,IOMT-048,S-IOMT-048-291,LAB_RESULTS,EP-IND-09264
NET-09265,2026-01-01 22:10:33+00:00,0,IOMT-028,S-IOMT-028-292,EHR_WRITE,EP-IND-09265
NET-09266,2026-01-01 22:10:37+00:00,0,IOMT-034,S-IOMT-034-293,LAB_RESULTS,EP-IND-09266
NET-09267,2026-01-01 22:10:44+00:00,0,IOMT-028,S-IOMT-028-294,RESEARCH,EP-IND-09267
NET-09268,2026-01-01 22:11:19+00:00,0,IOMT-030,S-IOMT-030-295,RESEARCH,EP-IND-09268
NET-09269,2026-01-01 22:11:22+00:00,0,IOMT-037,S-IOMT-037-296,LAB_RESULTS,EP-IND-09269
NET-09270,2026-01-01 22:12:02+00:00,0,IOMT-009,S-IOMT-009-297,LAB_RESULTS,EP-IND-09270
NET-09271,2026-01-01 22:12:04+00:00,1,IOMT-030,S-IOMT-030-298,IMAGING,EP-IND-09271
NET-09272,2026-01-01 22:12:07+00:00,1,IOMT-036,S-IOMT-036-299,EHR_WRITE,EP-IND-09272
NET-09273,2026-01-01 22:12:13+00:00,0,IOMT-009,S-IOMT-009-300,EHR_WRITE,EP-IND-09273
NET-09274,2026-01-01 22:12:27+00:00,0,IOMT-028,S-IOMT-028-301,IMAGING,EP-IND-09274
NET-09275,2026-01-01 22:12:44+00:00,0,IOMT-000,S-IOMT-000-302,EHR_READ,EP-IND-09275
NET-09276,2026-01-01 22:12:54+00:00,0,IOMT-026,S-IOMT-026-303,EHR_WRITE,EP-IND-09276
NET-09277,2026-01-01 22:12:58+00:00,0,IOMT-036,S-IOMT-036-304,EHR_WRITE,EP-IND-09277
NET-09278,2026-01-01 22:13:07+00:00,0,IOMT-004,S-IOMT-004-305,LAB_RESULTS,EP-IND-09278
NET-09279,2026-01-01 22:13:11+00:00,0,IOMT-021,S-IOMT-021-306,RESEARCH,EP-IND-09279
NET-09280,2026-01-01 22:13:12+00:00,0,IOMT-007,S-IOMT-007-307,LAB_RESULTS,EP-IND-09280
NET-09281,2026-01-01 22:13:18+00:00,0,IOMT-005,S-IOMT-005-308,EHR_WRITE,EP-IND-09281
NET-09282,2026-01-01 22:13:25+00:00,0,IOMT-012,S-IOMT-012-309,RESEARCH,EP-IND-09282
NET-09283,2026-01-01 22:13:25+00:00,0,IOMT-003,S-IOMT-003-310,RESEARCH,EP-IND-09283
NET-09284,2026-01-01 22:13:34+00:00,0,IOMT-044,S-IOMT-044-311,RESEARCH,EP-IND-09284
NET-09285,2026-01-01 22:13:35+00:00,0,IOMT-044,S-IOMT-044-312,RESEARCH,EP-IND-09285
NET-09286,2026-01-01 22:13:38+00:00,1,IOMT-004,S-IOMT-004-313,LAB_RESULTS,EP-IND-09286
NET-09287,2026-01-01 22:13:43+00:00,0,IOMT-010,S-IOMT-010-314,LAB_RESULTS,EP-IND-09287
NET-09288,2026-01-01 22:13:49+00:00,0,IOMT-026,S-IOMT-026-315,EHR_READ,EP-IND-09288
NET-09289,2026-01-01 22:13:50+00:00,0,IOMT-008,S-IOMT-008-316,RESEARCH,EP-IND-09289
NET-09290,2026-01-01 22:13:54+00:00,0,IOMT-044,S-IOMT-044-317,LAB_RESULTS,EP-IND-09290
NET-09291,2026-01-01 22:13:59+00:00,0,IOMT-039,S-IOMT-039-318,EHR_WRITE,EP-IND-09291
NET-09292,2026-01-01 22:14:04+00:00,0,IOMT-031,S-IOMT-031-319,EHR_READ,EP-IND-09292
NET-09293,2026-01-01 22:14:05+00:00,0,IOMT-023,S-IOMT-023-320,EHR_READ,EP-IND-09293
NET-09294,2026-01-01 22:14:11+00:00,0,IOMT-037,S-IOMT-037-321,RESEARCH,EP-IND-09294
NET-09295,2026-01-01 22:14:12+00:00,0,IOMT-010,S-IOMT-010-322,EHR_READ,EP-IND-09295
NET-09296,2026-01-01 22:14:38+00:00,0,IOMT-005,S-IOMT-005-323,IMAGING,EP-IND-09296
NET-09297,2026-01-01 22:14:42+00:00,0,IOMT-025,S-IOMT-025-324,EHR_READ,EP-IND-09297
NET-09298,2026-01-01 22:14:54+00:00,0,IOMT-015,S-IOMT-015-325,RESEARCH,EP-IND-09298
NET-09299,2026-01-01 22:15:08+00:00,0,IOMT-048,S-IOMT-048-326,IMAGING,EP-IND-09299
NET-09300,2026-01-01 22:15:09+00:00,0,IOMT-015,S-IOMT-015-327,RESEARCH,EP-IND-09300
NET-09301,2026-01-01 22:15:20+00:00,0,IOMT-019,S-IOMT-019-328,EHR_WRITE,EP-IND-09301
NET-09302,2026-01-01 22:15:36+00:00,0,IOMT-017,S-IOMT-017-329,IMAGING,EP-IND-09302
NET-09303,2026-01-01 22:15:43+00:00,0,IOMT-037,S-IOMT-037-330,IMAGING,EP-IND-09303
NET-09304,2026-01-01 22:15:43+00:00,0,IOMT-037,S-IOMT-037-331,IMAGING,EP-IND-09304
NET-09305,2026-01-01 22:15:44+00:00,0,IOMT-045,S-IOMT-045-332,IMAGING,EP-IND-09305
NET-09306,2026-01-01 22:15:49+00:00,0,IOMT-031,S-IOMT-031-333,IMAGING,EP-IND-09306
NET-09307,2026-01-01 22:15:51+00:00,0,IOMT-028,S-IOMT-028-334,EHR_WRITE,EP-IND-09307
NET-09308,2026-01-01 22:15:56+00:00,0,IOMT-023,S-IOMT-023-335,LAB_RESULTS,EP-IND-09308
NET-09309,2026-01-01 22:15:59+00:00,0,IOMT-039,S-IOMT-039-336,RESEARCH,EP-IND-09309
NET-09310,2026-01-01 22:16:02+00:00,0,IOMT-036,S-IOMT-036-337,EHR_READ,EP-IND-09310
NET-09311,2026-01-01 22:16:11+00:00,0,IOMT-004,S-IOMT-004-338,EHR_READ,EP-IND-09311
NET-09312,2026-01-01 22:16:12+00:00,1,IOMT-005,S-IOMT-005-339,EHR_WRITE,EP-IND-09312
NET-09313,2026-01-01 22:16:22+00:00,0,IOMT-040,S-IOMT-040-340,EHR_WRITE,EP-IND-09313
NET-09314,2026-01-01 22:16:25+00:00,0,IOMT-009,S-IOMT-009-341,LAB_RESULTS,EP-IND-09314
NET-09315,2026-01-01 22:16:28+00:00,0,IOMT-045,S-IOMT-045-342,EHR_WRITE,EP-IND-09315
NET-09316,2026-01-01 22:16:32+00:00,0,IOMT-007,S-IOMT-007-343,EHR_WRITE,EP-IND-09316
NET-09317,2026-01-01 22:16:32+00:00,0,IOMT-008,S-IOMT-008-344,EHR_WRITE,EP-IND-09317
NET-09318,2026-01-01 22:16:40+00:00,0,IOMT-033,S-IOMT-033-345,EHR_WRITE,EP-IND-09318
NET-09319,2026-01-01 22:16:45+00:00,0,IOMT-021,S-IOMT-021-346,LAB_RESULTS,EP-IND-09319
NET-09320,2026-01-01 22:16:57+00:00,0,IOMT-045,S-IOMT-045-347,EHR_WRITE,EP-IND-09320
NET-09321,2026-01-01 22:17:00+00:00,0,IOMT-000,S-IOMT-000-348,EHR_READ,EP-IND-09321
NET-09322,2026-01-01 22:17:03+00:00,0,IOMT-013,S-IOMT-013-349,RESEARCH,EP-IND-09322
NET-09323,2026-01-01 22:17:11+00:00,0,IOMT-028,S-IOMT-028-350,EHR_READ,EP-IND-09323
NET-09324,2026-01-01 22:17:13+00:00,0,IOMT-004,S-IOMT-004-351,IMAGING,EP-IND-09324
NET-09325,2026-01-01 22:17:20+00:00,0,IOMT-031,S-IOMT-031-352,LAB_RESULTS,EP-IND-09325
NET-09326,2026-01-01 22:17:25+00:00,0,IOMT-008,S-IOMT-008-353,IMAGING,EP-IND-09326
NET-09327,2026-01-01 22:17:26+00:00,0,IOMT-030,S-IOMT-030-354,LAB_RESULTS,EP-IND-09327
NET-09328,2026-01-01 22:17:28+00:00,0,IOMT-019,S-IOMT-019-355,EHR_READ,EP-IND-09328
NET-09329,2026-01-01 22:17:30+00:00,0,IOMT-008,S-IOMT-008-356,LAB_RESULTS,EP-IND-09329
NET-09330,2026-01-01 22:17:45+00:00,0,IOMT-000,S-IOMT-000-357,LAB_RESULTS,EP-IND-09330
NET-09331,2026-01-01 22:18:18+00:00,0,IOMT-029,S-IOMT-029-358,LAB_RESULTS,EP-IND-09331
NET-09332,2026-01-01 22:18:26+00:00,0,IOMT-043,S-IOMT-043-359,EHR_WRITE,EP-IND-09332
NET-09333,2026-01-01 22:18:34+00:00,0,IOMT-041,S-IOMT-041-360,EHR_READ,EP-IND-09333
NET-09334,2026-01-01 22:18:50+00:00,0,IOMT-016,S-IOMT-016-361,IMAGING,EP-IND-09334
NET-09335,2026-01-01 22:19:03+00:00,0,IOMT-043,S-IOMT-043-362,IMAGING,EP-IND-09335
NET-09336,2026-01-01 22:19:29+00:00,0,IOMT-017,S-IOMT-017-363,EHR_READ,EP-IND-09336
NET-09337,2026-01-01 22:19:29+00:00,0,IOMT-044,S-IOMT-044-364,EHR_READ,EP-IND-09337
NET-09338,2026-01-01 22:19:29+00:00,0,IOMT-022,S-IOMT-022-365,IMAGING,EP-IND-09338
NET-09339,2026-01-01 22:19:37+00:00,0,IOMT-005,S-IOMT-005-366,RESEARCH,EP-IND-09339
NET-09340,2026-01-01 22:19:49+00:00,0,IOMT-018,S-IOMT-018-367,IMAGING,EP-IND-09340
NET-09341,2026-01-01 22:19:51+00:00,0,IOMT-047,S-IOMT-047-368,EHR_READ,EP-IND-09341
NET-09342,2026-01-01 22:20:04+00:00,0,IOMT-004,S-IOMT-004-369,EHR_WRITE,EP-IND-09342
NET-09343,2026-01-01 22:20:17+00:00,0,IOMT-028,S-IOMT-028-370,EHR_READ,EP-IND-09343
NET-09344,2026-01-01 22:20:39+00:00,0,IOMT-035,S-IOMT-035-371,EHR_READ,EP-IND-09344
NET-09345,2026-01-01 22:20:51+00:00,0,IOMT-043,S-IOMT-043-372,EHR_WRITE,EP-IND-09345
NET-09346,2026-01-01 22:20:55+00:00,0,IOMT-039,S-IOMT-039-373,IMAGING,EP-IND-09346
NET-09347,2026-01-01 22:20:59+00:00,0,IOMT-049,S-IOMT-049-374,EHR_WRITE,EP-IND-09347
NET-09348,2026-01-01 22:21:13+00:00,0,IOMT-012,S-IOMT-012-375,EHR_READ,EP-IND-09348
NET-09349,2026-01-01 22:21:16+00:00,0,IOMT-000,S-IOMT-000-376,IMAGING,EP-IND-09349
NET-09350,2026-01-01 22:21:35+00:00,0,IOMT-042,S-IOMT-042-377,EHR_WRITE,EP-IND-09350
NET-09351,2026-01-01 22:21:36+00:00,0,IOMT-020,S-IOMT-020-378,RESEARCH,EP-IND-09351
NET-09352,2026-01-01 22:21:41+00:00,0,IOMT-000,S-IOMT-000-379,EHR_WRITE,EP-IND-09352
NET-09353,2026-01-01 22:21:43+00:00,0,IOMT-020,S-IOMT-020-380,EHR_WRITE,EP-IND-09353
NET-09354,2026-01-01 22:21:44+00:00,0,IOMT-042,S-IOMT-042-381,EHR_READ,EP-IND-09354
NET-09355,2026-01-01 22:21:48+00:00,0,IOMT-038,S-IOMT-038-382,EHR_READ,EP-IND-09355
NET-09356,2026-01-01 22:21:56+00:00,0,IOMT-048,S-IOMT-048-383,LAB_RESULTS,EP-IND-09356
NET-09357,2026-01-01 22:22:07+00:00,0,IOMT-024,S-IOMT-024-384,EHR_READ,EP-IND-09357
NET-09358,2026-01-01 22:22:14+00:00,0,IOMT-017,S-IOMT-017-385,IMAGING,EP-IND-09358
NET-09359,2026-01-01 22:22:20+00:00,0,IOMT-004,S-IOMT-004-386,EHR_READ,EP-IND-09359
NET-09360,2026-01-01 22:22:23+00:00,1,IOMT-029,S-IOMT-029-387,IMAGING,EP-IND-09360
NET-09361,2026-01-01 22:22:36+00:00,0,IOMT-021,S-IOMT-021-388,LAB_RESULTS,EP-IND-09361
NET-09362,2026-01-01 22:22:45+00:00,0,IOMT-003,S-IOMT-003-389,LAB_RESULTS,EP-IND-09362
NET-09363,2026-01-01 22:22:46+00:00,0,IOMT-037,S-IOMT-037-390,EHR_WRITE,EP-IND-09363
NET-09364,2026-01-01 22:23:12+00:00,0,IOMT-008,S-IOMT-008-391,IMAGING,EP-IND-09364
NET-09365,2026-01-01 22:23:19+00:00,0,IOMT-017,S-IOMT-017-392,LAB_RESULTS,EP-IND-09365
NET-09366,2026-01-01 22:23:33+00:00,0,IOMT-033,S-IOMT-033-393,LAB_RESULTS,EP-IND-09366
NET-09367,2026-01-01 22:23:40+00:00,0,IOMT-009,S-IOMT-009-394,EHR_READ,EP-IND-09367
NET-09368,2026-01-01 22:23:44+00:00,0,IOMT-008,S-IOMT-008-395,IMAGING,EP-IND-09368
NET-09369,2026-01-01 22:23:45+00:00,0,IOMT-023,S-IOMT-023-396,RESEARCH,EP-IND-09369
NET-09370,2026-01-01 22:23:46+00:00,0,IOMT-026,S-IOMT-026-397,IMAGING,EP-IND-09370
NET-09371,2026-01-01 22:23:48+00:00,0,IOMT-017,S-IOMT-017-398,IMAGING,EP-IND-09371
NET-09372,2026-01-01 22:24:03+00:00,0,IOMT-030,S-IOMT-030-399,EHR_WRITE,EP-IND-09372
NET-09373,2026-01-01 22:24:04+00:00,0,IOMT-004,S-IOMT-004-400,EHR_READ,EP-IND-09373
NET-09374,2026-01-01 22:24:08+00:00,0,IOMT-046,S-IOMT-046-401,EHR_WRITE,EP-IND-09374
NET-09375,2026-01-01 22:24:12+00:00,0,IOMT-016,S-IOMT-016-402,EHR_READ,EP-IND-09375
NET-09376,2026-01-01 22:24:20+00:00,0,IOMT-021,S-IOMT-021-403,LAB_RESULTS,EP-IND-09376
NET-09377,2026-01-01 22:24:26+00:00,0,IOMT-008,S-IOMT-008-404,RESEARCH,EP-IND-09377
NET-09378,2026-01-01 22:24:35+00:00,0,IOMT-018,S-IOMT-018-405,EHR_WRITE,EP-IND-09378
NET-09379,2026-01-01 22:24:37+00:00,0,IOMT-013,S-IOMT-013-406,RESEARCH,EP-IND-09379
NET-09380,2026-01-01 22:24:37+00:00,0,IOMT-042,S-IOMT-042-407,LAB_RESULTS,EP-IND-09380
NET-09381,2026-01-01 22:24:43+00:00,0,IOMT-038,S-IOMT-038-408,LAB_RESULTS,EP-IND-09381
NET-09382,2026-01-01 22:24:45+00:00,0,IOMT-041,S-IOMT-041-409,RESEARCH,EP-IND-09382
NET-09383,2026-01-01 22:24:58+00:00,0,IOMT-024,S-IOMT-024-410,LAB_RESULTS,EP-IND-09383
NET-09384,2026-01-01 22:25:34+00:00,0,IOMT-047,S-IOMT-047-411,IMAGING,EP-IND-09384
NET-09385,2026-01-01 22:25:43+00:00,0,IOMT-039,S-IOMT-039-412,EHR_READ,EP-IND-09385
NET-09386,2026-01-01 22:25:45+00:00,0,IOMT-001,S-IOMT-001-413,IMAGING,EP-IND-09386
NET-09387,2026-01-01 22:25:53+00:00,0,IOMT-013,S-IOMT-013-414,EHR_WRITE,EP-IND-09387
NET-09388,2026-01-01 22:25:54+00:00,0,IOMT-011,S-IOMT-011-415,EHR_READ,EP-IND-09388
NET-09389,2026-01-01 22:26:00+00:00,0,IOMT-033,S-IOMT-033-416,EHR_WRITE,EP-IND-09389
NET-09390,2026-01-01 22:26:02+00:00,0,IOMT-039,S-IOMT-039-417,LAB_RESULTS,EP-IND-09390
NET-09391,2026-01-01 22:26:09+00:00,0,IOMT-023,S-IOMT-023-418,EHR_WRITE,EP-IND-09391
NET-09392,2026-01-01 22:26:12+00:00,0,IOMT-016,S-IOMT-016-419,IMAGING,EP-IND-09392
NET-09393,2026-01-01 22:26:14+00:00,0,IOMT-000,S-IOMT-000-420,LAB_RESULTS,EP-IND-09393
NET-09394,2026-01-01 22:26:30+00:00,0,IOMT-038,S-IOMT-038-421,EHR_READ,EP-IND-09394
NET-09395,2026-01-01 22:26:32+00:00,0,IOMT-041,S-IOMT-041-422,EHR_READ,EP-IND-09395
NET-09396,2026-01-01 22:26:50+00:00,0,IOMT-034,S-IOMT-034-423,IMAGING,EP-IND-09396
NET-09397,2026-01-01 22:26:56+00:00,0,IOMT-010,S-IOMT-010-424,EHR_READ,EP-IND-09397
NET-09398,2026-01-01 22:27:11+00:00,0,IOMT-018,S-IOMT-018-425,RESEARCH,EP-IND-09398
NET-09399,2026-01-01 22:27:17+00:00,0,IOMT-001,S-IOMT-001-426,LAB_RESULTS,EP-IND-09399
NET-09400,2026-01-01 22:27:38+00:00,0,IOMT-019,S-IOMT-019-427,LAB_RESULTS,EP-IND-09400
NET-09401,2026-01-01 22:27:44+00:00,0,IOMT-021,S-IOMT-021-428,RESEARCH,EP-IND-09401
NET-09402,2026-01-01 22:27:51+00:00,1,IOMT-030,S-IOMT-030-429,EHR_WRITE,EP-IND-09402
NET-09403,2026-01-01 22:27:55+00:00,0,IOMT-039,S-IOMT-039-430,EHR_WRITE,EP-IND-09403
NET-09404,2026-01-01 22:28:06+00:00,0,IOMT-029,S-IOMT-029-431,EHR_WRITE,EP-IND-09404
NET-09405,2026-01-01 22:28:17+00:00,0,IOMT-017,S-IOMT-017-432,IMAGING,EP-IND-09405
NET-09406,2026-01-01 22:28:29+00:00,0,IOMT-034,S-IOMT-034-433,EHR_WRITE,EP-IND-09406
NET-09407,2026-01-01 22:28:48+00:00,0,IOMT-018,S-IOMT-018-434,EHR_WRITE,EP-IND-09407
NET-09408,2026-01-01 22:29:05+00:00,0,IOMT-014,S-IOMT-014-435,EHR_READ,EP-IND-09408
NET-09409,2026-01-01 22:29:07+00:00,0,IOMT-026,S-IOMT-026-436,EHR_READ,EP-IND-09409
NET-09410,2026-01-01 22:29:12+00:00,0,IOMT-049,S-IOMT-049-437,LAB_RESULTS,EP-IND-09410
NET-09411,2026-01-01 22:29:14+00:00,0,IOMT-018,S-IOMT-018-438,EHR_WRITE,EP-IND-09411
NET-09412,2026-01-01 22:29:18+00:00,0,IOMT-024,S-IOMT-024-439,EHR_READ,EP-IND-09412
NET-09413,2026-01-01 22:29:20+00:00,0,IOMT-014,S-IOMT-014-440,EHR_WRITE,EP-IND-09413
NET-09414,2026-01-01 22:29:34+00:00,0,IOMT-035,S-IOMT-035-441,IMAGING,EP-IND-09414
NET-09415,2026-01-01 22:29:39+00:00,0,IOMT-003,S-IOMT-003-442,RESEARCH,EP-IND-09415
NET-09416,2026-01-01 22:30:09+00:00,0,IOMT-023,S-IOMT-023-443,RESEARCH,EP-IND-09416
NET-09417,2026-01-01 22:30:14+00:00,0,IOMT-017,S-IOMT-017-444,LAB_RESULTS,EP-IND-09417
NET-09418,2026-01-01 22:30:21+00:00,0,IOMT-010,S-IOMT-010-445,IMAGING,EP-IND-09418
NET-09419,2026-01-01 22:30:44+00:00,1,IOMT-026,S-IOMT-026-446,LAB_RESULTS,EP-IND-09419
NET-09420,2026-01-01 22:31:00+00:00,0,IOMT-038,S-IOMT-038-447,EHR_WRITE,EP-IND-09420
NET-09421,2026-01-01 22:31:02+00:00,0,IOMT-044,S-IOMT-044-448,RESEARCH,EP-IND-09421
NET-09422,2026-01-01 22:31:08+00:00,0,IOMT-004,S-IOMT-004-449,EHR_WRITE,EP-IND-09422
NET-09423,2026-01-01 22:31:22+00:00,0,IOMT-004,S-IOMT-004-450,IMAGING,EP-IND-09423
NET-09424,2026-01-01 22:31:27+00:00,0,IOMT-003,S-IOMT-003-451,EHR_READ,EP-IND-09424
NET-09425,2026-01-01 22:31:38+00:00,0,IOMT-001,S-IOMT-001-452,EHR_WRITE,EP-IND-09425
NET-09426,2026-01-01 22:31:41+00:00,0,IOMT-016,S-IOMT-016-453,EHR_WRITE,EP-IND-09426
NET-09427,2026-01-01 22:31:49+00:00,0,IOMT-012,S-IOMT-012-454,RESEARCH,EP-IND-09427
NET-09428,2026-01-01 22:31:54+00:00,0,IOMT-020,S-IOMT-020-455,IMAGING,EP-IND-09428
NET-09429,2026-01-01 22:31:54+00:00,0,IOMT-025,S-IOMT-025-456,LAB_RESULTS,EP-IND-09429
NET-09430,2026-01-01 22:31:55+00:00,0,IOMT-024,S-IOMT-024-457,EHR_READ,EP-IND-09430
NET-09431,2026-01-01 22:31:59+00:00,0,IOMT-011,S-IOMT-011-458,LAB_RESULTS,EP-IND-09431
NET-09432,2026-01-01 22:32:23+00:00,0,IOMT-032,S-IOMT-032-459,RESEARCH,EP-IND-09432
NET-09433,2026-01-01 22:32:39+00:00,0,IOMT-011,S-IOMT-011-460,EHR_WRITE,EP-IND-09433
NET-09434,2026-01-01 22:32:39+00:00,0,IOMT-029,S-IOMT-029-461,EHR_READ,EP-IND-09434
NET-09435,2026-01-01 22:32:42+00:00,0,IOMT-015,S-IOMT-015-462,RESEARCH,EP-IND-09435
NET-09436,2026-01-01 22:32:55+00:00,0,IOMT-004,S-IOMT-004-463,EHR_READ,EP-IND-09436
NET-09437,2026-01-01 22:33:05+00:00,0,IOMT-018,S-IOMT-018-464,EHR_READ,EP-IND-09437
NET-09438,2026-01-01 22:33:12+00:00,0,IOMT-025,S-IOMT-025-465,EHR_READ,EP-IND-09438
NET-09439,2026-01-01 22:33:18+00:00,0,IOMT-020,S-IOMT-020-466,EHR_READ,EP-IND-09439
NET-09440,2026-01-01 22:33:19+00:00,0,IOMT-015,S-IOMT-015-467,RESEARCH,EP-IND-09440
NET-09441,2026-01-01 22:33:21+00:00,0,IOMT-043,S-IOMT-043-468,EHR_READ,EP-IND-09441
NET-09442,2026-01-01 22:33:22+00:00,0,IOMT-034,S-IOMT-034-469,RESEARCH,EP-IND-09442
NET-09443,2026-01-01 22:33:22+00:00,0,IOMT-025,S-IOMT-025-470,LAB_RESULTS,EP-IND-09443
NET-09444,2026-01-01 22:33:40+00:00,0,IOMT-010,S-IOMT-010-471,EHR_READ,EP-IND-09444
NET-09445,2026-01-01 22:33:43+00:00,0,IOMT-000,S-IOMT-000-472,EHR_WRITE,EP-IND-09445
NET-09446,2026-01-01 22:33:51+00:00,1,IOMT-047,S-IOMT-047-473,EHR_WRITE,EP-IND-09446
NET-09447,2026-01-01 22:33:53+00:00,0,IOMT-043,S-IOMT-043-474,RESEARCH,EP-IND-09447
NET-09448,2026-01-01 22:33:57+00:00,0,IOMT-024,S-IOMT-024-475,EHR_WRITE,EP-IND-09448
NET-09449,2026-01-01 22:34:13+00:00,0,IOMT-023,S-IOMT-023-476,IMAGING,EP-IND-09449
NET-09450,2026-01-01 22:34:13+00:00,0,IOMT-016,S-IOMT-016-477,LAB_RESULTS,EP-IND-09450
NET-09451,2026-01-01 22:34:24+00:00,1,IOMT-028,S-IOMT-028-478,RESEARCH,EP-IND-09451
NET-09452,2026-01-01 22:34:37+00:00,0,IOMT-030,S-IOMT-030-479,IMAGING,EP-IND-09452
NET-09453,2026-01-01 22:34:39+00:00,1,IOMT-034,S-IOMT-034-480,EHR_READ,EP-IND-09453
NET-09454,2026-01-01 22:34:41+00:00,0,IOMT-034,S-IOMT-034-481,EHR_WRITE,EP-IND-09454
NET-09455,2026-01-01 22:34:47+00:00,0,IOMT-023,S-IOMT-023-482,EHR_WRITE,EP-IND-09455
NET-09456,2026-01-01 22:35:42+00:00,0,IOMT-043,S-IOMT-043-483,LAB_RESULTS,EP-IND-09456
NET-09457,2026-01-01 22:35:44+00:00,0,IOMT-025,S-IOMT-025-484,IMAGING,EP-IND-09457
NET-09458,2026-01-01 22:35:44+00:00,0,IOMT-022,S-IOMT-022-485,EHR_READ,EP-IND-09458
NET-09459,2026-01-01 22:35:49+00:00,0,IOMT-003,S-IOMT-003-486,IMAGING,EP-IND-09459
NET-09460,2026-01-01 22:35:56+00:00,0,IOMT-001,S-IOMT-001-487,EHR_WRITE,EP-IND-09460
NET-09461,2026-01-01 22:35:59+00:00,0,IOMT-013,S-IOMT-013-488,EHR_WRITE,EP-IND-09461
NET-09462,2026-01-01 22:36:13+00:00,0,IOMT-045,S-IOMT-045-489,EHR_READ,EP-IND-09462
NET-09463,2026-01-01 22:36:14+00:00,0,IOMT-024,S-IOMT-024-490,LAB_RESULTS,EP-IND-09463
NET-09464,2026-01-01 22:36:15+00:00,0,IOMT-016,S-IOMT-016-491,LAB_RESULTS,EP-IND-09464
NET-09465,2026-01-01 22:36:21+00:00,0,IOMT-022,S-IOMT-022-492,EHR_WRITE,EP-IND-09465
NET-09466,2026-01-01 22:36:27+00:00,0,IOMT-028,S-IOMT-028-493,EHR_READ,EP-IND-09466
NET-09467,2026-01-01 22:36:29+00:00,0,IOMT-048,S-IOMT-048-494,EHR_READ,EP-IND-09467
NET-09468,2026-01-01 22:36:35+00:00,0,IOMT-040,S-IOMT-040-495,RESEARCH,EP-IND-09468
NET-09469,2026-01-01 22:36:46+00:00,0,IOMT-025,S-IOMT-025-496,RESEARCH,EP-IND-09469
NET-09470,2026-01-01 22:37:00+00:00,0,IOMT-001,S-IOMT-001-497,EHR_WRITE,EP-IND-09470
NET-09471,2026-01-01 22:37:16+00:00,0,IOMT-003,S-IOMT-003-498,RESEARCH,EP-IND-09471
NET-09472,2026-01-01 22:38:03+00:00,0,IOMT-012,S-IOMT-012-499,IMAGING,EP-IND-09472
NET-09473,2026-01-01 22:38:05+00:00,0,IOMT-004,S-IOMT-004-500,EHR_WRITE,EP-IND-09473
NET-09474,2026-01-01 22:38:09+00:00,0,IOMT-008,S-IOMT-008-501,LAB_RESULTS,EP-IND-09474
NET-09475,2026-01-01 22:38:22+00:00,0,IOMT-037,S-IOMT-037-502,IMAGING,EP-IND-09475
NET-09476,2026-01-01 22:38:23+00:00,0,IOMT-047,S-IOMT-047-503,RESEARCH,EP-IND-09476
NET-09477,2026-01-01 22:39:25+00:00,0,IOMT-003,S-IOMT-003-504,LAB_RESULTS,EP-IND-09477
NET-09478,2026-01-01 22:39:26+00:00,0,IOMT-009,S-IOMT-009-505,IMAGING,EP-IND-09478
NET-09479,2026-01-01 22:39:39+00:00,0,IOMT-005,S-IOMT-005-506,LAB_RESULTS,EP-IND-09479
NET-09480,2026-01-01 22:39:40+00:00,0,IOMT-000,S-IOMT-000-507,RESEARCH,EP-IND-09480
NET-09481,2026-01-01 22:40:04+00:00,0,IOMT-029,S-IOMT-029-508,EHR_WRITE,EP-IND-09481
NET-09482,2026-01-01 22:40:08+00:00,0,IOMT-026,S-IOMT-026-509,EHR_READ,EP-IND-09482
NET-09483,2026-01-01 22:40:33+00:00,0,IOMT-027,S-IOMT-027-510,IMAGING,EP-IND-09483
NET-09484,2026-01-01 22:40:37+00:00,0,IOMT-019,S-IOMT-019-511,RESEARCH,EP-IND-09484
NET-09485,2026-01-01 22:40:37+00:00,0,IOMT-003,S-IOMT-003-512,EHR_READ,EP-IND-09485
NET-09486,2026-01-01 22:40:39+00:00,0,IOMT-041,S-IOMT-041-513,IMAGING,EP-IND-09486
NET-09487,2026-01-01 22:40:55+00:00,0,IOMT-039,S-IOMT-039-514,EHR_READ,EP-IND-09487
NET-09488,2026-01-01 22:41:13+00:00,0,IOMT-038,S-IOMT-038-515,EHR_WRITE,EP-IND-09488
NET-09489,2026-01-01 22:41:15+00:00,0,IOMT-049,S-IOMT-049-516,RESEARCH,EP-IND-09489
NET-09490,2026-01-01 22:41:20+00:00,0,IOMT-010,S-IOMT-010-517,EHR_READ,EP-IND-09490
NET-09491,2026-01-01 22:41:35+00:00,0,IOMT-020,S-IOMT-020-518,RESEARCH,EP-IND-09491
NET-09492,2026-01-01 22:41:45+00:00,0,IOMT-028,S-IOMT-028-519,LAB_RESULTS,EP-IND-09492
NET-09493,2026-01-01 22:41:46+00:00,0,IOMT-041,S-IOMT-041-520,EHR_WRITE,EP-IND-09493
NET-09494,2026-01-01 22:42:08+00:00,0,IOMT-041,S-IOMT-041-521,EHR_WRITE,EP-IND-09494
NET-09495,2026-01-01 22:42:10+00:00,0,IOMT-005,S-IOMT-005-522,LAB_RESULTS,EP-IND-09495
NET-09496,2026-01-01 22:42:11+00:00,0,IOMT-016,S-IOMT-016-523,RESEARCH,EP-IND-09496
NET-09497,2026-01-01 22:42:11+00:00,0,IOMT-032,S-IOMT-032-524,LAB_RESULTS,EP-IND-09497
NET-09498,2026-01-01 22:42:14+00:00,0,IOMT-006,S-IOMT-006-525,IMAGING,EP-IND-09498
NET-09499,2026-01-01 22:42:30+00:00,0,IOMT-038,S-IOMT-038-526,IMAGING,EP-IND-09499
NET-09500,2026-01-01 22:42:45+00:00,0,IOMT-020,S-IOMT-020-527,EHR_READ,EP-IND-09500
NET-09501,2026-01-01 22:42:54+00:00,0,IOMT-021,S-IOMT-021-528,LAB_RESULTS,EP-IND-09501
NET-09502,2026-01-01 22:43:14+00:00,0,IOMT-019,S-IOMT-019-529,IMAGING,EP-IND-09502
NET-09503,2026-01-01 22:43:15+00:00,0,IOMT-012,S-IOMT-012-530,EHR_WRITE,EP-IND-09503
NET-09504,2026-01-01 22:43:25+00:00,0,IOMT-022,S-IOMT-022-531,EHR_READ,EP-IND-09504
NET-09505,2026-01-01 22:43:34+00:00,0,IOMT-015,S-IOMT-015-532,LAB_RESULTS,EP-IND-09505
NET-09506,2026-01-01 22:43:36+00:00,0,IOMT-032,S-IOMT-032-533,LAB_RESULTS,EP-IND-09506
NET-09507,2026-01-01 22:43:47+00:00,0,IOMT-034,S-IOMT-034-534,EHR_WRITE,EP-IND-09507
NET-09508,2026-01-01 22:43:50+00:00,0,IOMT-014,S-IOMT-014-535,LAB_RESULTS,EP-IND-09508
NET-09509,2026-01-01 22:43:50+00:00,0,IOMT-016,S-IOMT-016-536,IMAGING,EP-IND-09509
NET-09510,2026-01-01 22:43:56+00:00,0,IOMT-034,S-IOMT-034-537,EHR_READ,EP-IND-09510
NET-09511,2026-01-01 22:44:04+00:00,0,IOMT-020,S-IOMT-020-538,EHR_WRITE,EP-IND-09511
NET-09512,2026-01-01 22:44:07+00:00,0,IOMT-047,S-IOMT-047-539,IMAGING,EP-IND-09512
NET-09513,2026-01-01 22:44:08+00:00,0,IOMT-001,S-IOMT-001-540,EHR_READ,EP-IND-09513
NET-09514,2026-01-01 22:44:20+00:00,0,IOMT-027,S-IOMT-027-541,RESEARCH,EP-IND-09514
NET-09515,2026-01-01 22:44:22+00:00,0,IOMT-030,S-IOMT-030-542,LAB_RESULTS,EP-IND-09515
NET-09516,2026-01-01 22:44:59+00:00,0,IOMT-037,S-IOMT-037-543,LAB_RESULTS,EP-IND-09516
NET-09517,2026-01-01 22:45:05+00:00,0,IOMT-041,S-IOMT-041-544,RESEARCH,EP-IND-09517
NET-09518,2026-01-01 22:45:14+00:00,0,IOMT-028,S-IOMT-028-545,LAB_RESULTS,EP-IND-09518
NET-09519,2026-01-01 22:45:16+00:00,0,IOMT-028,S-IOMT-028-546,EHR_READ,EP-IND-09519
NET-09520,2026-01-01 22:45:20+00:00,0,IOMT-039,S-IOMT-039-547,IMAGING,EP-IND-09520
NET-09521,2026-01-01 22:45:21+00:00,0,IOMT-002,S-IOMT-002-548,IMAGING,EP-IND-09521
NET-09522,2026-01-01 22:45:28+00:00,0,IOMT-037,S-IOMT-037-549,IMAGING,EP-IND-09522
NET-09523,2026-01-01 22:45:32+00:00,0,IOMT-047,S-IOMT-047-550,IMAGING,EP-IND-09523
NET-09524,2026-01-01 22:45:44+00:00,1,IOMT-049,S-IOMT-049-551,IMAGING,EP-IND-09524
NET-09525,2026-01-01 22:45:45+00:00,0,IOMT-003,S-IOMT-003-552,RESEARCH,EP-IND-09525
NET-09526,2026-01-01 22:46:06+00:00,0,IOMT-028,S-IOMT-028-553,LAB_RESULTS,EP-IND-09526
NET-09527,2026-01-01 22:46:07+00:00,0,IOMT-004,S-IOMT-004-554,IMAGING,EP-IND-09527
NET-09528,2026-01-01 22:46:25+00:00,0,IOMT-004,S-IOMT-004-555,RESEARCH,EP-IND-09528
NET-09529,2026-01-01 22:47:06+00:00,0,IOMT-019,S-IOMT-019-556,IMAGING,EP-IND-09529
NET-09530,2026-01-01 22:47:17+00:00,0,IOMT-038,S-IOMT-038-557,LAB_RESULTS,EP-IND-09530
NET-09531,2026-01-01 22:47:28+00:00,0,IOMT-006,S-IOMT-006-558,RESEARCH,EP-IND-09531
NET-09532,2026-01-01 22:47:34+00:00,0,IOMT-027,S-IOMT-027-559,EHR_READ,EP-IND-09532
NET-09533,2026-01-01 22:47:35+00:00,0,IOMT-036,S-IOMT-036-560,EHR_READ,EP-IND-09533
NET-09534,2026-01-01 22:47:42+00:00,0,IOMT-042,S-IOMT-042-561,EHR_READ,EP-IND-09534
NET-09535,2026-01-01 22:47:59+00:00,0,IOMT-033,S-IOMT-033-562,IMAGING,EP-IND-09535
NET-09536,2026-01-01 22:48:43+00:00,0,IOMT-015,S-IOMT-015-563,EHR_READ,EP-IND-09536
NET-09537,2026-01-01 22:48:53+00:00,0,IOMT-024,S-IOMT-024-564,LAB_RESULTS,EP-IND-09537
NET-09538,2026-01-01 22:49:03+00:00,0,IOMT-019,S-IOMT-019-565,EHR_READ,EP-IND-09538
NET-09539,2026-01-01 22:49:07+00:00,0,IOMT-046,S-IOMT-046-566,LAB_RESULTS,EP-IND-09539
NET-09540,2026-01-01 22:49:19+00:00,0,IOMT-039,S-IOMT-039-567,EHR_READ,EP-IND-09540
NET-09541,2026-01-01 22:49:20+00:00,1,IOMT-000,S-IOMT-000-568,EHR_WRITE,EP-IND-09541
NET-09542,2026-01-01 22:49:25+00:00,0,IOMT-040,S-IOMT-040-569,RESEARCH,EP-IND-09542
NET-09543,2026-01-01 22:49:56+00:00,0,IOMT-033,S-IOMT-033-570,EHR_READ,EP-IND-09543
NET-09544,2026-01-01 22:50:09+00:00,0,IOMT-004,S-IOMT-004-571,EHR_READ,EP-IND-09544
NET-09545,2026-01-01 22:50:24+00:00,0,IOMT-024,S-IOMT-024-572,EHR_WRITE,EP-IND-09545
NET-09546,2026-01-01 22:50:46+00:00,0,IOMT-017,S-IOMT-017-573,EHR_WRITE,EP-IND-09546
NET-09547,2026-01-01 22:51:28+00:00,0,IOMT-011,S-IOMT-011-574,EHR_READ,EP-IND-09547
NET-09548,2026-01-01 22:51:32+00:00,0,IOMT-009,S-IOMT-009-575,EHR_WRITE,EP-IND-09548
NET-09549,2026-01-01 22:51:37+00:00,0,IOMT-035,S-IOMT-035-576,IMAGING,EP-IND-09549
NET-09550,2026-01-01 22:51:38+00:00,0,IOMT-008,S-IOMT-008-577,EHR_WRITE,EP-IND-09550
NET-09551,2026-01-01 22:51:55+00:00,0,IOMT-039,S-IOMT-039-578,EHR_READ,EP-IND-09551
NET-09552,2026-01-01 22:51:59+00:00,0,IOMT-033,S-IOMT-033-579,LAB_RESULTS,EP-IND-09552
NET-09553,2026-01-01 22:51:59+00:00,0,IOMT-017,S-IOMT-017-580,EHR_READ,EP-IND-09553
NET-09554,2026-01-01 22:52:10+00:00,0,IOMT-024,S-IOMT-024-581,IMAGING,EP-IND-09554
NET-09555,2026-01-01 22:52:20+00:00,0,IOMT-001,S-IOMT-001-582,EHR_READ,EP-IND-09555
NET-09556,2026-01-01 22:52:59+00:00,0,IOMT-033,S-IOMT-033-583,LAB_RESULTS,EP-IND-09556
NET-09557,2026-01-01 22:53:14+00:00,1,IOMT-011,S-IOMT-011-584,RESEARCH,EP-IND-09557
NET-09558,2026-01-01 22:53:15+00:00,0,IOMT-038,S-IOMT-038-585,LAB_RESULTS,EP-IND-09558
NET-09559,2026-01-01 22:53:33+00:00,0,IOMT-029,S-IOMT-029-586,IMAGING,EP-IND-09559
NET-09560,2026-01-01 22:53:37+00:00,0,IOMT-002,S-IOMT-002-587,EHR_READ,EP-IND-09560
NET-09561,2026-01-01 22:53:41+00:00,0,IOMT-037,S-IOMT-037-588,EHR_READ,EP-IND-09561
NET-09562,2026-01-01 22:53:54+00:00,0,IOMT-034,S-IOMT-034-589,EHR_READ,EP-IND-09562
NET-09563,2026-01-01 22:54:17+00:00,0,IOMT-042,S-IOMT-042-590,IMAGING,EP-IND-09563
NET-09564,2026-01-01 22:54:36+00:00,0,IOMT-011,S-IOMT-011-591,EHR_WRITE,EP-IND-09564
NET-09565,2026-01-01 22:54:39+00:00,0,IOMT-015,S-IOMT-015-592,LAB_RESULTS,EP-IND-09565
NET-09566,2026-01-01 22:54:50+00:00,0,IOMT-014,S-IOMT-014-593,EHR_WRITE,EP-IND-09566
NET-09567,2026-01-01 22:54:59+00:00,0,IOMT-042,S-IOMT-042-594,LAB_RESULTS,EP-IND-09567
NET-09568,2026-01-01 22:55:17+00:00,0,IOMT-047,S-IOMT-047-595,EHR_WRITE,EP-IND-09568
NET-09569,2026-01-01 22:55:23+00:00,0,IOMT-021,S-IOMT-021-596,IMAGING,EP-IND-09569
NET-09570,2026-01-01 22:55:31+00:00,0,IOMT-036,S-IOMT-036-597,EHR_WRITE,EP-IND-09570
NET-09571,2026-01-01 22:55:32+00:00,0,IOMT-035,S-IOMT-035-598,EHR_WRITE,EP-IND-09571
NET-09572,2026-01-01 22:55:41+00:00,0,IOMT-021,S-IOMT-021-599,EHR_WRITE,EP-IND-09572
NET-09573,2026-01-01 22:55:41+00:00,1,IOMT-048,S-IOMT-048-600,IMAGING,EP-IND-09573
NET-09574,2026-01-01 22:55:50+00:00,0,IOMT-020,S-IOMT-020-601,EHR_WRITE,EP-IND-09574
NET-09575,2026-01-01 22:55:56+00:00,0,IOMT-027,S-IOMT-027-602,EHR_READ,EP-IND-09575
NET-09576,2026-01-01 22:56:12+00:00,0,IOMT-002,S-IOMT-002-603,EHR_WRITE,EP-IND-09576
NET-09577,2026-01-01 22:56:23+00:00,1,IOMT-019,S-IOMT-019-604,IMAGING,EP-IND-09577
NET-09578,2026-01-01 22:56:29+00:00,0,IOMT-048,S-IOMT-048-605,LAB_RESULTS,EP-IND-09578
NET-09579,2026-01-01 22:56:32+00:00,0,IOMT-013,S-IOMT-013-606,IMAGING,EP-IND-09579
NET-09580,2026-01-01 22:56:42+00:00,0,IOMT-018,S-IOMT-018-607,EHR_READ,EP-IND-09580
NET-09581,2026-01-01 22:56:48+00:00,0,IOMT-022,S-IOMT-022-608,RESEARCH,EP-IND-09581
NET-09582,2026-01-01 22:56:49+00:00,0,IOMT-035,S-IOMT-035-609,IMAGING,EP-IND-09582
NET-09583,2026-01-01 22:56:51+00:00,0,IOMT-010,S-IOMT-010-610,EHR_READ,EP-IND-09583
NET-09584,2026-01-01 22:57:05+00:00,0,IOMT-040,S-IOMT-040-611,IMAGING,EP-IND-09584
NET-09585,2026-01-01 22:57:06+00:00,0,IOMT-029,S-IOMT-029-612,EHR_WRITE,EP-IND-09585
NET-09586,2026-01-01 22:57:10+00:00,1,IOMT-047,S-IOMT-047-613,EHR_WRITE,EP-IND-09586
NET-09587,2026-01-01 22:57:12+00:00,0,IOMT-002,S-IOMT-002-614,RESEARCH,EP-IND-09587
NET-09588,2026-01-01 22:57:17+00:00,0,IOMT-011,S-IOMT-011-615,EHR_READ,EP-IND-09588
NET-09589,2026-01-01 22:57:37+00:00,0,IOMT-036,S-IOMT-036-616,IMAGING,EP-IND-09589
NET-09590,2026-01-01 22:57:58+00:00,0,IOMT-036,S-IOMT-036-617,IMAGING,EP-IND-09590
NET-09591,2026-01-01 22:57:58+00:00,0,IOMT-003,S-IOMT-003-618,IMAGING,EP-IND-09591
NET-09592,2026-01-01 22:58:05+00:00,0,IOMT-026,S-IOMT-026-619,LAB_RESULTS,EP-IND-09592
NET-09593,2026-01-01 22:58:07+00:00,0,IOMT-014,S-IOMT-014-620,RESEARCH,EP-IND-09593
NET-09594,2026-01-01 22:58:14+00:00,0,IOMT-045,S-IOMT-045-621,RESEARCH,EP-IND-09594
NET-09595,2026-01-01 22:58:45+00:00,0,IOMT-030,S-IOMT-030-622,RESEARCH,EP-IND-09595
NET-09596,2026-01-01 22:58:47+00:00,0,IOMT-015,S-IOMT-015-623,IMAGING,EP-IND-09596
NET-09597,2026-01-01 22:58:56+00:00,0,IOMT-024,S-IOMT-024-624,EHR_WRITE,EP-IND-09597
NET-09598,2026-01-01 22:59:08+00:00,0,IOMT-028,S-IOMT-028-625,RESEARCH,EP-IND-09598
NET-09599,2026-01-01 22:59:14+00:00,0,IOMT-019,S-IOMT-019-626,EHR_READ,EP-IND-09599
NET-09600,2026-01-01 22:59:23+00:00,0,IOMT-004,S-IOMT-004-627,EHR_WRITE,EP-IND-09600
NET-09601,2026-01-01 22:59:33+00:00,0,IOMT-036,S-IOMT-036-628,IMAGING,EP-IND-09601
NET-09602,2026-01-01 22:59:33+00:00,0,IOMT-031,S-IOMT-031-629,RESEARCH,EP-IND-09602
NET-09603,2026-01-01 22:59:36+00:00,0,IOMT-029,S-IOMT-029-630,EHR_WRITE,EP-IND-09603
NET-09604,2026-01-01 22:59:48+00:00,0,IOMT-045,S-IOMT-045-631,EHR_READ,EP-IND-09604
NET-09605,2026-01-01 23:00:03+00:00,0,IOMT-013,S-IOMT-013-632,LAB_RESULTS,EP-IND-09605
NET-09606,2026-01-01 23:00:13+00:00,0,IOMT-036,S-IOMT-036-633,EHR_READ,EP-IND-09606
NET-09607,2026-01-01 23:00:14+00:00,0,IOMT-004,S-IOMT-004-634,IMAGING,EP-IND-09607
NET-09608,2026-01-01 23:00:18+00:00,0,IOMT-027,S-IOMT-027-635,LAB_RESULTS,EP-IND-09608
NET-09609,2026-01-01 23:00:40+00:00,0,IOMT-003,S-IOMT-003-636,EHR_WRITE,EP-IND-09609
NET-09610,2026-01-01 23:00:52+00:00,0,IOMT-024,S-IOMT-024-637,IMAGING,EP-IND-09610
NET-09611,2026-01-01 23:01:01+00:00,0,IOMT-008,S-IOMT-008-638,IMAGING,EP-IND-09611
NET-09612,2026-01-01 23:01:02+00:00,0,IOMT-009,S-IOMT-009-639,EHR_READ,EP-IND-09612
NET-09613,2026-01-01 23:01:03+00:00,0,IOMT-037,S-IOMT-037-640,LAB_RESULTS,EP-IND-09613
NET-09614,2026-01-01 23:01:09+00:00,0,IOMT-011,S-IOMT-011-641,RESEARCH,EP-IND-09614
NET-09615,2026-01-01 23:01:11+00:00,0,IOMT-042,S-IOMT-042-642,LAB_RESULTS,EP-IND-09615
NET-09616,2026-01-01 23:01:27+00:00,0,IOMT-007,S-IOMT-007-643,EHR_WRITE,EP-IND-09616
NET-09617,2026-01-01 23:01:38+00:00,0,IOMT-012,S-IOMT-012-644,LAB_RESULTS,EP-IND-09617
NET-09618,2026-01-01 23:01:47+00:00,0,IOMT-011,S-IOMT-011-645,IMAGING,EP-IND-09618
NET-09619,2026-01-01 23:01:49+00:00,0,IOMT-040,S-IOMT-040-646,IMAGING,EP-IND-09619
NET-09620,2026-01-01 23:01:58+00:00,0,IOMT-011,S-IOMT-011-647,IMAGING,EP-IND-09620
NET-09621,2026-01-01 23:02:01+00:00,0,IOMT-016,S-IOMT-016-648,EHR_READ,EP-IND-09621
NET-09622,2026-01-01 23:02:09+00:00,0,IOMT-026,S-IOMT-026-649,RESEARCH,EP-IND-09622
NET-09623,2026-01-01 23:02:10+00:00,0,IOMT-024,S-IOMT-024-650,EHR_WRITE,EP-IND-09623
NET-09624,2026-01-01 23:02:15+00:00,0,IOMT-002,S-IOMT-002-651,EHR_WRITE,EP-IND-09624
NET-09625,2026-01-01 23:02:19+00:00,0,IOMT-046,S-IOMT-046-652,LAB_RESULTS,EP-IND-09625
NET-09626,2026-01-01 23:02:23+00:00,0,IOMT-012,S-IOMT-012-653,RESEARCH,EP-IND-09626
NET-09627,2026-01-01 23:02:26+00:00,0,IOMT-024,S-IOMT-024-654,IMAGING,EP-IND-09627
NET-09628,2026-01-01 23:02:34+00:00,0,IOMT-036,S-IOMT-036-655,EHR_WRITE,EP-IND-09628
NET-09629,2026-01-01 23:02:34+00:00,0,IOMT-013,S-IOMT-013-656,LAB_RESULTS,EP-IND-09629
NET-09630,2026-01-01 23:02:40+00:00,0,IOMT-002,S-IOMT-002-657,IMAGING,EP-IND-09630
NET-09631,2026-01-01 23:02:46+00:00,0,IOMT-032,S-IOMT-032-658,EHR_WRITE,EP-IND-09631
NET-09632,2026-01-01 23:02:57+00:00,0,IOMT-018,S-IOMT-018-659,EHR_READ,EP-IND-09632
NET-09633,2026-01-01 23:03:02+00:00,0,IOMT-000,S-IOMT-000-660,LAB_RESULTS,EP-IND-09633
NET-09634,2026-01-01 23:03:13+00:00,0,IOMT-021,S-IOMT-021-661,RESEARCH,EP-IND-09634
NET-09635,2026-01-01 23:03:14+00:00,0,IOMT-025,S-IOMT-025-662,EHR_WRITE,EP-IND-09635
NET-09636,2026-01-01 23:03:21+00:00,0,IOMT-043,S-IOMT-043-663,EHR_READ,EP-IND-09636
NET-09637,2026-01-01 23:03:52+00:00,0,IOMT-042,S-IOMT-042-664,EHR_READ,EP-IND-09637
NET-09638,2026-01-01 23:03:56+00:00,0,IOMT-034,S-IOMT-034-665,EHR_WRITE,EP-IND-09638
NET-09639,2026-01-01 23:04:01+00:00,0,IOMT-031,S-IOMT-031-666,EHR_WRITE,EP-IND-09639
NET-09640,2026-01-01 23:04:03+00:00,0,IOMT-042,S-IOMT-042-667,RESEARCH,EP-IND-09640
NET-09641,2026-01-01 23:04:05+00:00,0,IOMT-007,S-IOMT-007-668,LAB_RESULTS,EP-IND-09641
NET-09642,2026-01-01 23:04:09+00:00,0,IOMT-049,S-IOMT-049-669,EHR_WRITE,EP-IND-09642
NET-09643,2026-01-01 23:04:27+00:00,0,IOMT-016,S-IOMT-016-670,EHR_READ,EP-IND-09643
NET-09644,2026-01-01 23:04:34+00:00,0,IOMT-044,S-IOMT-044-671,IMAGING,EP-IND-09644
NET-09645,2026-01-01 23:04:42+00:00,0,IOMT-034,S-IOMT-034-672,EHR_READ,EP-IND-09645
NET-09646,2026-01-01 23:04:47+00:00,0,IOMT-042,S-IOMT-042-673,LAB_RESULTS,EP-IND-09646
NET-09647,2026-01-01 23:04:51+00:00,0,IOMT-012,S-IOMT-012-674,IMAGING,EP-IND-09647
NET-09648,2026-01-01 23:04:56+00:00,0,IOMT-030,S-IOMT-030-675,LAB_RESULTS,EP-IND-09648
NET-09649,2026-01-01 23:04:59+00:00,0,IOMT-000,S-IOMT-000-676,EHR_WRITE,EP-IND-09649
NET-09650,2026-01-01 23:05:14+00:00,0,IOMT-016,S-IOMT-016-677,EHR_WRITE,EP-IND-09650
NET-09651,2026-01-01 23:06:08+00:00,0,IOMT-006,S-IOMT-006-678,LAB_RESULTS,EP-IND-09651
NET-09652,2026-01-01 23:06:13+00:00,0,IOMT-010,S-IOMT-010-679,RESEARCH,EP-IND-09652
NET-09653,2026-01-01 23:06:20+00:00,0,IOMT-044,S-IOMT-044-680,EHR_READ,EP-IND-09653
NET-09654,2026-01-01 23:06:39+00:00,0,IOMT-001,S-IOMT-001-681,EHR_READ,EP-IND-09654
NET-09655,2026-01-01 23:07:01+00:00,0,IOMT-009,S-IOMT-009-682,RESEARCH,EP-IND-09655
NET-09656,2026-01-01 23:07:04+00:00,0,IOMT-014,S-IOMT-014-683,LAB_RESULTS,EP-IND-09656
NET-09657,2026-01-01 23:07:13+00:00,0,IOMT-016,S-IOMT-016-684,LAB_RESULTS,EP-IND-09657
NET-09658,2026-01-01 23:07:17+00:00,0,IOMT-035,S-IOMT-035-685,EHR_WRITE,EP-IND-09658
NET-09659,2026-01-01 23:07:30+00:00,0,IOMT-026,S-IOMT-026-686,IMAGING,EP-IND-09659
NET-09660,2026-01-01 23:07:33+00:00,0,IOMT-046,S-IOMT-046-687,EHR_READ,EP-IND-09660
NET-09661,2026-01-01 23:07:56+00:00,0,IOMT-001,S-IOMT-001-688,IMAGING,EP-IND-09661
NET-09662,2026-01-01 23:08:08+00:00,1,IOMT-020,S-IOMT-020-689,IMAGING,EP-IND-09662
NET-09663,2026-01-01 23:08:29+00:00,0,IOMT-045,S-IOMT-045-690,IMAGING,EP-IND-09663
NET-09664,2026-01-01 23:08:41+00:00,0,IOMT-043,S-IOMT-043-691,IMAGING,EP-IND-09664
NET-09665,2026-01-01 23:08:57+00:00,0,IOMT-004,S-IOMT-004-692,LAB_RESULTS,EP-IND-09665
NET-09666,2026-01-01 23:09:15+00:00,0,IOMT-030,S-IOMT-030-693,RESEARCH,EP-IND-09666
NET-09667,2026-01-01 23:09:24+00:00,0,IOMT-020,S-IOMT-020-694,EHR_READ,EP-IND-09667
NET-09668,2026-01-01 23:10:11+00:00,0,IOMT-010,S-IOMT-010-695,EHR_WRITE,EP-IND-09668
NET-09669,2026-01-01 23:10:18+00:00,1,IOMT-026,S-IOMT-026-696,IMAGING,EP-IND-09669
NET-09670,2026-01-01 23:10:50+00:00,1,IOMT-034,S-IOMT-034-697,EHR_WRITE,EP-IND-09670
NET-09671,2026-01-01 23:10:50+00:00,0,IOMT-003,S-IOMT-003-698,EHR_READ,EP-IND-09671
NET-09672,2026-01-01 23:10:54+00:00,0,IOMT-012,S-IOMT-012-699,LAB_RESULTS,EP-IND-09672
NET-09673,2026-01-01 23:11:26+00:00,1,IOMT-030,S-IOMT-030-700,LAB_RESULTS,EP-IND-09673
NET-09674,2026-01-01 23:11:26+00:00,0,IOMT-026,S-IOMT-026-701,LAB_RESULTS,EP-IND-09674
NET-09675,2026-01-01 23:11:27+00:00,0,IOMT-043,S-IOMT-043-702,LAB_RESULTS,EP-IND-09675
NET-09676,2026-01-01 23:11:37+00:00,0,IOMT-004,S-IOMT-004-703,IMAGING,EP-IND-09676
NET-09677,2026-01-01 23:11:39+00:00,0,IOMT-030,S-IOMT-030-704,IMAGING,EP-IND-09677
NET-09678,2026-01-01 23:11:59+00:00,0,IOMT-017,S-IOMT-017-705,EHR_READ,EP-IND-09678
NET-09679,2026-01-01 23:12:17+00:00,0,IOMT-013,S-IOMT-013-706,IMAGING,EP-IND-09679
NET-09680,2026-01-01 23:12:44+00:00,0,IOMT-024,S-IOMT-024-707,EHR_WRITE,EP-IND-09680
NET-09681,2026-01-01 23:12:52+00:00,0,IOMT-003,S-IOMT-003-708,EHR_WRITE,EP-IND-09681
NET-09682,2026-01-01 23:12:54+00:00,0,IOMT-013,S-IOMT-013-709,RESEARCH,EP-IND-09682
NET-09683,2026-01-01 23:12:57+00:00,0,IOMT-032,S-IOMT-032-710,IMAGING,EP-IND-09683
NET-09684,2026-01-01 23:13:05+00:00,0,IOMT-020,S-IOMT-020-711,LAB_RESULTS,EP-IND-09684
NET-09685,2026-01-01 23:13:23+00:00,0,IOMT-006,S-IOMT-006-712,IMAGING,EP-IND-09685
NET-09686,2026-01-01 23:13:54+00:00,0,IOMT-037,S-IOMT-037-713,EHR_WRITE,EP-IND-09686
NET-09687,2026-01-01 23:14:00+00:00,0,IOMT-027,S-IOMT-027-714,RESEARCH,EP-IND-09687
NET-09688,2026-01-01 23:14:03+00:00,0,IOMT-043,S-IOMT-043-715,RESEARCH,EP-IND-09688
NET-09689,2026-01-01 23:14:04+00:00,0,IOMT-011,S-IOMT-011-716,EHR_WRITE,EP-IND-09689
NET-09690,2026-01-01 23:14:10+00:00,0,IOMT-013,S-IOMT-013-717,RESEARCH,EP-IND-09690
NET-09691,2026-01-01 23:14:12+00:00,0,IOMT-003,S-IOMT-003-718,EHR_WRITE,EP-IND-09691
NET-09692,2026-01-01 23:14:15+00:00,0,IOMT-034,S-IOMT-034-719,IMAGING,EP-IND-09692
NET-09693,2026-01-01 23:14:19+00:00,0,IOMT-040,S-IOMT-040-720,EHR_READ,EP-IND-09693
NET-09694,2026-01-01 23:14:20+00:00,0,IOMT-028,S-IOMT-028-721,LAB_RESULTS,EP-IND-09694
NET-09695,2026-01-01 23:14:26+00:00,0,IOMT-000,S-IOMT-000-722,EHR_READ,EP-IND-09695
NET-09696,2026-01-01 23:14:28+00:00,0,IOMT-024,S-IOMT-024-723,EHR_READ,EP-IND-09696
NET-09697,2026-01-01 23:14:48+00:00,0,IOMT-028,S-IOMT-028-724,LAB_RESULTS,EP-IND-09697
NET-09698,2026-01-01 23:14:55+00:00,0,IOMT-046,S-IOMT-046-725,LAB_RESULTS,EP-IND-09698
NET-09699,2026-01-01 23:15:02+00:00,0,IOMT-004,S-IOMT-004-726,RESEARCH,EP-IND-09699
NET-09700,2026-01-01 23:15:03+00:00,0,IOMT-014,S-IOMT-014-727,IMAGING,EP-IND-09700
NET-09701,2026-01-01 23:15:11+00:00,0,IOMT-043,S-IOMT-043-728,RESEARCH,EP-IND-09701
NET-09702,2026-01-01 23:15:16+00:00,0,IOMT-044,S-IOMT-044-729,IMAGING,EP-IND-09702
NET-09703,2026-01-01 23:15:27+00:00,0,IOMT-003,S-IOMT-003-730,RESEARCH,EP-IND-09703
NET-09704,2026-01-01 23:15:29+00:00,1,IOMT-045,S-IOMT-045-731,IMAGING,EP-IND-09704
NET-09705,2026-01-01 23:15:37+00:00,0,IOMT-015,S-IOMT-015-732,RESEARCH,EP-IND-09705
NET-09706,2026-01-01 23:15:37+00:00,0,IOMT-016,S-IOMT-016-733,EHR_WRITE,EP-IND-09706
NET-09707,2026-01-01 23:15:40+00:00,0,IOMT-031,S-IOMT-031-734,IMAGING,EP-IND-09707
NET-09708,2026-01-01 23:15:45+00:00,0,IOMT-003,S-IOMT-003-735,EHR_READ,EP-IND-09708
NET-09709,2026-01-01 23:16:11+00:00,0,IOMT-009,S-IOMT-009-736,EHR_READ,EP-IND-09709
NET-09710,2026-01-01 23:16:35+00:00,0,IOMT-035,S-IOMT-035-737,EHR_READ,EP-IND-09710
NET-09711,2026-01-01 23:16:53+00:00,0,IOMT-026,S-IOMT-026-738,EHR_WRITE,EP-IND-09711
NET-09712,2026-01-01 23:17:05+00:00,0,IOMT-007,S-IOMT-007-739,LAB_RESULTS,EP-IND-09712
NET-09713,2026-01-01 23:17:06+00:00,0,IOMT-001,S-IOMT-001-740,EHR_WRITE,EP-IND-09713
NET-09714,2026-01-01 23:17:15+00:00,0,IOMT-000,S-IOMT-000-741,EHR_READ,EP-IND-09714
NET-09715,2026-01-01 23:17:16+00:00,0,IOMT-048,S-IOMT-048-742,LAB_RESULTS,EP-IND-09715
NET-09716,2026-01-01 23:17:19+00:00,0,IOMT-011,S-IOMT-011-743,IMAGING,EP-IND-09716
NET-09717,2026-01-01 23:17:59+00:00,1,IOMT-012,S-IOMT-012-744,RESEARCH,EP-IND-09717
NET-09718,2026-01-01 23:18:07+00:00,0,IOMT-034,S-IOMT-034-745,RESEARCH,EP-IND-09718
NET-09719,2026-01-01 23:18:10+00:00,0,IOMT-028,S-IOMT-028-746,EHR_READ,EP-IND-09719
NET-09720,2026-01-01 23:18:16+00:00,0,IOMT-002,S-IOMT-002-747,LAB_RESULTS,EP-IND-09720
NET-09721,2026-01-01 23:18:22+00:00,0,IOMT-015,S-IOMT-015-748,IMAGING,EP-IND-09721
NET-09722,2026-01-01 23:18:47+00:00,0,IOMT-015,S-IOMT-015-749,EHR_READ,EP-IND-09722
NET-09723,2026-01-01 23:18:58+00:00,0,IOMT-030,S-IOMT-030-750,EHR_WRITE,EP-IND-09723
NET-09724,2026-01-01 23:19:03+00:00,1,IOMT-001,S-IOMT-001-751,LAB_RESULTS,EP-IND-09724
NET-09725,2026-01-01 23:19:21+00:00,1,IOMT-043,S-IOMT-043-752,RESEARCH,EP-IND-09725
NET-09726,2026-01-01 23:19:22+00:00,0,IOMT-041,S-IOMT-041-753,EHR_WRITE,EP-IND-09726
NET-09727,2026-01-01 23:19:24+00:00,0,IOMT-000,S-IOMT-000-754,EHR_READ,EP-IND-09727
NET-09728,2026-01-01 23:19:29+00:00,0,IOMT-039,S-IOMT-039-755,EHR_WRITE,EP-IND-09728
NET-09729,2026-01-01 23:19:46+00:00,0,IOMT-001,S-IOMT-001-756,IMAGING,EP-IND-09729
NET-09730,2026-01-01 23:19:48+00:00,1,IOMT-026,S-IOMT-026-757,RESEARCH,EP-IND-09730
NET-09731,2026-01-01 23:19:49+00:00,0,IOMT-044,S-IOMT-044-758,LAB_RESULTS,EP-IND-09731
NET-09732,2026-01-01 23:19:54+00:00,0,IOMT-019,S-IOMT-019-759,EHR_READ,EP-IND-09732
NET-09733,2026-01-01 23:19:54+00:00,0,IOMT-026,S-IOMT-026-760,LAB_RESULTS,EP-IND-09733
NET-09734,2026-01-01 23:19:54+00:00,0,IOMT-023,S-IOMT-023-761,LAB_RESULTS,EP-IND-09734
NET-09735,2026-01-01 23:20:00+00:00,0,IOMT-006,S-IOMT-006-762,EHR_WRITE,EP-IND-09735
NET-09736,2026-01-01 23:20:01+00:00,0,IOMT-020,S-IOMT-020-763,IMAGING,EP-IND-09736
NET-09737,2026-01-01 23:20:05+00:00,0,IOMT-043,S-IOMT-043-764,LAB_RESULTS,EP-IND-09737
NET-09738,2026-01-01 23:20:13+00:00,0,IOMT-002,S-IOMT-002-765,LAB_RESULTS,EP-IND-09738
NET-09739,2026-01-01 23:20:14+00:00,0,IOMT-023,S-IOMT-023-766,LAB_RESULTS,EP-IND-09739
NET-09740,2026-01-01 23:20:39+00:00,0,IOMT-005,S-IOMT-005-767,EHR_WRITE,EP-IND-09740
NET-09741,2026-01-01 23:20:40+00:00,0,IOMT-036,S-IOMT-036-768,EHR_READ,EP-IND-09741
NET-09742,2026-01-01 23:20:53+00:00,0,IOMT-019,S-IOMT-019-769,RESEARCH,EP-IND-09742
NET-09743,2026-01-01 23:20:56+00:00,0,IOMT-023,S-IOMT-023-770,IMAGING,EP-IND-09743
NET-09744,2026-01-01 23:21:17+00:00,0,IOMT-004,S-IOMT-004-771,RESEARCH,EP-IND-09744
NET-09745,2026-01-01 23:21:23+00:00,0,IOMT-049,S-IOMT-049-772,RESEARCH,EP-IND-09745
NET-09746,2026-01-01 23:21:24+00:00,0,IOMT-040,S-IOMT-040-773,LAB_RESULTS,EP-IND-09746
NET-09747,2026-01-01 23:22:11+00:00,0,IOMT-041,S-IOMT-041-774,IMAGING,EP-IND-09747
NET-09748,2026-01-01 23:22:12+00:00,0,IOMT-020,S-IOMT-020-775,EHR_WRITE,EP-IND-09748
NET-09749,2026-01-01 23:22:31+00:00,0,IOMT-010,S-IOMT-010-776,RESEARCH,EP-IND-09749
NET-09750,2026-01-01 23:22:33+00:00,0,IOMT-020,S-IOMT-020-777,LAB_RESULTS,EP-IND-09750
NET-09751,2026-01-01 23:23:12+00:00,0,IOMT-007,S-IOMT-007-778,LAB_RESULTS,EP-IND-09751
NET-09752,2026-01-01 23:23:12+00:00,0,IOMT-015,S-IOMT-015-779,EHR_WRITE,EP-IND-09752
NET-09753,2026-01-01 23:23:19+00:00,0,IOMT-038,S-IOMT-038-780,RESEARCH,EP-IND-09753
NET-09754,2026-01-01 23:23:29+00:00,0,IOMT-033,S-IOMT-033-781,LAB_RESULTS,EP-IND-09754
NET-09755,2026-01-01 23:23:32+00:00,0,IOMT-015,S-IOMT-015-782,IMAGING,EP-IND-09755
NET-09756,2026-01-01 23:23:54+00:00,0,IOMT-017,S-IOMT-017-783,IMAGING,EP-IND-09756
NET-09757,2026-01-01 23:24:04+00:00,0,IOMT-003,S-IOMT-003-784,RESEARCH,EP-IND-09757
NET-09758,2026-01-01 23:24:11+00:00,0,IOMT-040,S-IOMT-040-785,EHR_READ,EP-IND-09758
NET-09759,2026-01-01 23:24:14+00:00,0,IOMT-020,S-IOMT-020-786,IMAGING,EP-IND-09759
NET-09760,2026-01-01 23:24:16+00:00,0,IOMT-045,S-IOMT-045-787,LAB_RESULTS,EP-IND-09760
NET-09761,2026-01-01 23:24:35+00:00,0,IOMT-042,S-IOMT-042-788,IMAGING,EP-IND-09761
NET-09762,2026-01-01 23:24:37+00:00,0,IOMT-008,S-IOMT-008-789,RESEARCH,EP-IND-09762
NET-09763,2026-01-01 23:24:45+00:00,0,IOMT-007,S-IOMT-007-790,EHR_WRITE,EP-IND-09763
NET-09764,2026-01-01 23:24:50+00:00,0,IOMT-035,S-IOMT-035-791,EHR_WRITE,EP-IND-09764
NET-09765,2026-01-01 23:25:03+00:00,0,IOMT-031,S-IOMT-031-792,EHR_READ,EP-IND-09765
NET-09766,2026-01-01 23:25:11+00:00,0,IOMT-037,S-IOMT-037-793,LAB_RESULTS,EP-IND-09766
NET-09767,2026-01-01 23:25:17+00:00,0,IOMT-018,S-IOMT-018-794,RESEARCH,EP-IND-09767
NET-09768,2026-01-01 23:25:21+00:00,0,IOMT-043,S-IOMT-043-795,EHR_WRITE,EP-IND-09768
NET-09769,2026-01-01 23:25:34+00:00,0,IOMT-016,S-IOMT-016-796,EHR_WRITE,EP-IND-09769
NET-09770,2026-01-01 23:25:36+00:00,0,IOMT-001,S-IOMT-001-797,EHR_READ,EP-IND-09770
NET-09771,2026-01-01 23:25:47+00:00,0,IOMT-030,S-IOMT-030-798,EHR_WRITE,EP-IND-09771
NET-09772,2026-01-01 23:25:52+00:00,0,IOMT-020,S-IOMT-020-799,LAB_RESULTS,EP-IND-09772
NET-09773,2026-01-01 23:26:04+00:00,0,IOMT-046,S-IOMT-046-800,EHR_READ,EP-IND-09773
NET-09774,2026-01-01 23:26:16+00:00,0,IOMT-022,S-IOMT-022-801,RESEARCH,EP-IND-09774
NET-09775,2026-01-01 23:26:18+00:00,0,IOMT-011,S-IOMT-011-802,IMAGING,EP-IND-09775
NET-09776,2026-01-01 23:26:23+00:00,1,IOMT-009,S-IOMT-009-803,EHR_READ,EP-IND-09776
NET-09777,2026-01-01 23:26:40+00:00,0,IOMT-046,S-IOMT-046-804,EHR_READ,EP-IND-09777
NET-09778,2026-01-01 23:26:48+00:00,0,IOMT-047,S-IOMT-047-805,IMAGING,EP-IND-09778
NET-09779,2026-01-01 23:26:55+00:00,0,IOMT-041,S-IOMT-041-806,LAB_RESULTS,EP-IND-09779
NET-09780,2026-01-01 23:27:07+00:00,0,IOMT-024,S-IOMT-024-807,EHR_READ,EP-IND-09780
NET-09781,2026-01-01 23:27:23+00:00,0,IOMT-031,S-IOMT-031-808,EHR_READ,EP-IND-09781
NET-09782,2026-01-01 23:27:27+00:00,0,IOMT-032,S-IOMT-032-809,RESEARCH,EP-IND-09782
NET-09783,2026-01-01 23:27:31+00:00,0,IOMT-014,S-IOMT-014-810,EHR_WRITE,EP-IND-09783
NET-09784,2026-01-01 23:27:53+00:00,0,IOMT-043,S-IOMT-043-811,RESEARCH,EP-IND-09784
NET-09785,2026-01-01 23:27:56+00:00,0,IOMT-026,S-IOMT-026-812,RESEARCH,EP-IND-09785
NET-09786,2026-01-01 23:28:17+00:00,1,IOMT-006,S-IOMT-006-813,RESEARCH,EP-IND-09786
NET-09787,2026-01-01 23:28:21+00:00,0,IOMT-025,S-IOMT-025-814,LAB_RESULTS,EP-IND-09787
NET-09788,2026-01-01 23:28:24+00:00,0,IOMT-010,S-IOMT-010-815,EHR_WRITE,EP-IND-09788
NET-09789,2026-01-01 23:28:27+00:00,0,IOMT-007,S-IOMT-007-816,EHR_READ,EP-IND-09789
NET-09790,2026-01-01 23:28:32+00:00,0,IOMT-024,S-IOMT-024-817,IMAGING,EP-IND-09790
NET-09791,2026-01-01 23:28:33+00:00,0,IOMT-040,S-IOMT-040-818,EHR_READ,EP-IND-09791
NET-09792,2026-01-01 23:28:35+00:00,0,IOMT-048,S-IOMT-048-819,IMAGING,EP-IND-09792
NET-09793,2026-01-01 23:28:36+00:00,0,IOMT-000,S-IOMT-000-820,IMAGING,EP-IND-09793
NET-09794,2026-01-01 23:28:39+00:00,0,IOMT-042,S-IOMT-042-821,RESEARCH,EP-IND-09794
NET-09795,2026-01-01 23:28:51+00:00,0,IOMT-000,S-IOMT-000-822,LAB_RESULTS,EP-IND-09795
NET-09796,2026-01-01 23:28:53+00:00,0,IOMT-003,S-IOMT-003-823,RESEARCH,EP-IND-09796
NET-09797,2026-01-01 23:29:02+00:00,0,IOMT-031,S-IOMT-031-824,EHR_WRITE,EP-IND-09797
NET-09798,2026-01-01 23:29:04+00:00,0,IOMT-020,S-IOMT-020-825,EHR_WRITE,EP-IND-09798
NET-09799,2026-01-01 23:29:10+00:00,0,IOMT-000,S-IOMT-000-826,IMAGING,EP-IND-09799
NET-09800,2026-01-01 23:29:12+00:00,0,IOMT-029,S-IOMT-029-827,RESEARCH,EP-IND-09800
NET-09801,2026-01-01 23:29:25+00:00,0,IOMT-022,S-IOMT-022-828,RESEARCH,EP-IND-09801
NET-09802,2026-01-01 23:29:27+00:00,0,IOMT-048,S-IOMT-048-829,LAB_RESULTS,EP-IND-09802
NET-09803,2026-01-01 23:29:34+00:00,0,IOMT-033,S-IOMT-033-830,RESEARCH,EP-IND-09803
NET-09804,2026-01-01 23:29:39+00:00,0,IOMT-015,S-IOMT-015-831,EHR_WRITE,EP-IND-09804
NET-09805,2026-01-01 23:29:41+00:00,0,IOMT-032,S-IOMT-032-832,LAB_RESULTS,EP-IND-09805
NET-09806,2026-01-01 23:29:53+00:00,0,IOMT-022,S-IOMT-022-833,IMAGING,EP-IND-09806
NET-09807,2026-01-01 23:29:54+00:00,1,IOMT-039,S-IOMT-039-834,RESEARCH,EP-IND-09807
NET-09808,2026-01-01 23:30:04+00:00,0,IOMT-036,S-IOMT-036-835,RESEARCH,EP-IND-09808
NET-09809,2026-01-01 23:30:24+00:00,0,IOMT-013,S-IOMT-013-836,RESEARCH,EP-IND-09809
NET-09810,2026-01-01 23:30:24+00:00,0,IOMT-039,S-IOMT-039-837,RESEARCH,EP-IND-09810
NET-09811,2026-01-01 23:30:27+00:00,0,IOMT-011,S-IOMT-011-838,EHR_WRITE,EP-IND-09811
NET-09812,2026-01-01 23:30:32+00:00,0,IOMT-022,S-IOMT-022-839,EHR_READ,EP-IND-09812
NET-09813,2026-01-01 23:30:48+00:00,0,IOMT-004,S-IOMT-004-840,EHR_WRITE,EP-IND-09813
NET-09814,2026-01-01 23:30:54+00:00,0,IOMT-033,S-IOMT-033-841,EHR_READ,EP-IND-09814
NET-09815,2026-01-01 23:31:02+00:00,0,IOMT-027,S-IOMT-027-842,LAB_RESULTS,EP-IND-09815
NET-09816,2026-01-01 23:31:06+00:00,0,IOMT-005,S-IOMT-005-843,LAB_RESULTS,EP-IND-09816
NET-09817,2026-01-01 23:31:11+00:00,0,IOMT-041,S-IOMT-041-844,EHR_WRITE,EP-IND-09817
NET-09818,2026-01-01 23:31:29+00:00,0,IOMT-026,S-IOMT-026-845,EHR_WRITE,EP-IND-09818
NET-09819,2026-01-01 23:31:36+00:00,0,IOMT-001,S-IOMT-001-846,LAB_RESULTS,EP-IND-09819
NET-09820,2026-01-01 23:31:59+00:00,0,IOMT-034,S-IOMT-034-847,IMAGING,EP-IND-09820
NET-09821,2026-01-01 23:32:07+00:00,0,IOMT-024,S-IOMT-024-848,IMAGING,EP-IND-09821
NET-09822,2026-01-01 23:32:47+00:00,0,IOMT-029,S-IOMT-029-849,IMAGING,EP-IND-09822
NET-09823,2026-01-01 23:32:51+00:00,0,IOMT-014,S-IOMT-014-850,LAB_RESULTS,EP-IND-09823
NET-09824,2026-01-01 23:32:53+00:00,0,IOMT-011,S-IOMT-011-851,EHR_READ,EP-IND-09824
NET-09825,2026-01-01 23:32:55+00:00,0,IOMT-028,S-IOMT-028-852,RESEARCH,EP-IND-09825
NET-09826,2026-01-01 23:33:05+00:00,0,IOMT-001,S-IOMT-001-853,EHR_WRITE,EP-IND-09826
NET-09827,2026-01-01 23:33:15+00:00,0,IOMT-023,S-IOMT-023-854,EHR_WRITE,EP-IND-09827
NET-09828,2026-01-01 23:33:15+00:00,0,IOMT-022,S-IOMT-022-855,LAB_RESULTS,EP-IND-09828
NET-09829,2026-01-01 23:33:17+00:00,0,IOMT-007,S-IOMT-007-856,EHR_WRITE,EP-IND-09829
NET-09830,2026-01-01 23:33:59+00:00,0,IOMT-015,S-IOMT-015-857,EHR_WRITE,EP-IND-09830
NET-09831,2026-01-01 23:34:08+00:00,0,IOMT-028,S-IOMT-028-858,EHR_READ,EP-IND-09831
NET-09832,2026-01-01 23:34:12+00:00,0,IOMT-011,S-IOMT-011-859,RESEARCH,EP-IND-09832
NET-09833,2026-01-01 23:34:21+00:00,0,IOMT-033,S-IOMT-033-860,RESEARCH,EP-IND-09833
NET-09834,2026-01-01 23:34:26+00:00,0,IOMT-007,S-IOMT-007-861,EHR_WRITE,EP-IND-09834
NET-09835,2026-01-01 23:34:31+00:00,0,IOMT-021,S-IOMT-021-862,IMAGING,EP-IND-09835
NET-09836,2026-01-01 23:34:54+00:00,0,IOMT-011,S-IOMT-011-863,RESEARCH,EP-IND-09836
NET-09837,2026-01-01 23:34:55+00:00,0,IOMT-010,S-IOMT-010-864,EHR_WRITE,EP-IND-09837
NET-09838,2026-01-01 23:35:03+00:00,0,IOMT-042,S-IOMT-042-865,EHR_READ,EP-IND-09838
NET-09839,2026-01-01 23:35:09+00:00,0,IOMT-022,S-IOMT-022-866,IMAGING,EP-IND-09839
NET-09840,2026-01-01 23:35:21+00:00,0,IOMT-019,S-IOMT-019-867,IMAGING,EP-IND-09840
NET-09841,2026-01-01 23:35:24+00:00,0,IOMT-013,S-IOMT-013-868,IMAGING,EP-IND-09841
NET-09842,2026-01-01 23:35:28+00:00,0,IOMT-005,S-IOMT-005-869,EHR_READ,EP-IND-09842
NET-09843,2026-01-01 23:35:28+00:00,0,IOMT-031,S-IOMT-031-870,IMAGING,EP-IND-09843
NET-09844,2026-01-01 23:35:53+00:00,0,IOMT-028,S-IOMT-028-871,RESEARCH,EP-IND-09844
NET-09845,2026-01-01 23:36:00+00:00,0,IOMT-018,S-IOMT-018-872,IMAGING,EP-IND-09845
NET-09846,2026-01-01 23:36:04+00:00,0,IOMT-049,S-IOMT-049-873,LAB_RESULTS,EP-IND-09846
NET-09847,2026-01-01 23:36:11+00:00,0,IOMT-034,S-IOMT-034-874,EHR_READ,EP-IND-09847
NET-09848,2026-01-01 23:36:22+00:00,0,IOMT-023,S-IOMT-023-875,EHR_READ,EP-IND-09848
NET-09849,2026-01-01 23:36:35+00:00,0,IOMT-024,S-IOMT-024-876,LAB_RESULTS,EP-IND-09849
NET-09850,2026-01-01 23:36:36+00:00,0,IOMT-023,S-IOMT-023-877,EHR_READ,EP-IND-09850
NET-09851,2026-01-01 23:36:44+00:00,0,IOMT-034,S-IOMT-034-878,IMAGING,EP-IND-09851
NET-09852,2026-01-01 23:36:48+00:00,0,IOMT-031,S-IOMT-031-879,EHR_WRITE,EP-IND-09852
NET-09853,2026-01-01 23:36:59+00:00,0,IOMT-022,S-IOMT-022-880,EHR_WRITE,EP-IND-09853
NET-09854,2026-01-01 23:37:00+00:00,1,IOMT-031,S-IOMT-031-881,EHR_WRITE,EP-IND-09854
NET-09855,2026-01-01 23:37:31+00:00,1,IOMT-027,S-IOMT-027-882,LAB_RESULTS,EP-IND-09855
NET-09856,2026-01-01 23:37:37+00:00,0,IOMT-003,S-IOMT-003-883,RESEARCH,EP-IND-09856
NET-09857,2026-01-01 23:37:56+00:00,0,IOMT-017,S-IOMT-017-884,LAB_RESULTS,EP-IND-09857
NET-09858,2026-01-01 23:38:03+00:00,0,IOMT-014,S-IOMT-014-885,LAB_RESULTS,EP-IND-09858
NET-09859,2026-01-01 23:38:21+00:00,0,IOMT-028,S-IOMT-028-886,EHR_WRITE,EP-IND-09859
NET-09860,2026-01-01 23:38:31+00:00,0,IOMT-024,S-IOMT-024-887,EHR_WRITE,EP-IND-09860
NET-09861,2026-01-01 23:39:06+00:00,0,IOMT-031,S-IOMT-031-888,EHR_WRITE,EP-IND-09861
NET-09862,2026-01-01 23:39:12+00:00,0,IOMT-044,S-IOMT-044-889,RESEARCH,EP-IND-09862
NET-09863,2026-01-01 23:39:25+00:00,1,IOMT-021,S-IOMT-021-890,LAB_RESULTS,EP-IND-09863
NET-09864,2026-01-01 23:39:43+00:00,0,IOMT-020,S-IOMT-020-891,EHR_WRITE,EP-IND-09864
NET-09865,2026-01-01 23:39:44+00:00,0,IOMT-025,S-IOMT-025-892,EHR_WRITE,EP-IND-09865
NET-09866,2026-01-01 23:40:00+00:00,0,IOMT-004,S-IOMT-004-893,EHR_READ,EP-IND-09866
NET-09867,2026-01-01 23:40:06+00:00,0,IOMT-044,S-IOMT-044-894,RESEARCH,EP-IND-09867
NET-09868,2026-01-01 23:40:13+00:00,0,IOMT-017,S-IOMT-017-895,EHR_READ,EP-IND-09868
NET-09869,2026-01-01 23:40:15+00:00,0,IOMT-009,S-IOMT-009-896,IMAGING,EP-IND-09869
NET-09870,2026-01-01 23:40:20+00:00,0,IOMT-006,S-IOMT-006-897,IMAGING,EP-IND-09870
NET-09871,2026-01-01 23:40:31+00:00,0,IOMT-049,S-IOMT-049-898,RESEARCH,EP-IND-09871
NET-09872,2026-01-01 23:40:35+00:00,0,IOMT-017,S-IOMT-017-899,LAB_RESULTS,EP-IND-09872
NET-09873,2026-01-01 23:40:37+00:00,0,IOMT-005,S-IOMT-005-900,RESEARCH,EP-IND-09873
NET-09874,2026-01-01 23:40:38+00:00,0,IOMT-044,S-IOMT-044-901,IMAGING,EP-IND-09874
NET-09875,2026-01-01 23:40:40+00:00,0,IOMT-018,S-IOMT-018-902,EHR_READ,EP-IND-09875
NET-09876,2026-01-01 23:40:41+00:00,0,IOMT-004,S-IOMT-004-903,LAB_RESULTS,EP-IND-09876
NET-09877,2026-01-01 23:40:44+00:00,0,IOMT-030,S-IOMT-030-904,IMAGING,EP-IND-09877
NET-09878,2026-01-01 23:40:55+00:00,0,IOMT-013,S-IOMT-013-905,EHR_WRITE,EP-IND-09878
NET-09879,2026-01-01 23:40:58+00:00,0,IOMT-021,S-IOMT-021-906,EHR_READ,EP-IND-09879
NET-09880,2026-01-01 23:40:58+00:00,0,IOMT-028,S-IOMT-028-907,EHR_WRITE,EP-IND-09880
NET-09881,2026-01-01 23:41:09+00:00,0,IOMT-033,S-IOMT-033-908,RESEARCH,EP-IND-09881
NET-09882,2026-01-01 23:41:13+00:00,0,IOMT-033,S-IOMT-033-909,IMAGING,EP-IND-09882
NET-09883,2026-01-01 23:41:17+00:00,0,IOMT-034,S-IOMT-034-910,EHR_READ,EP-IND-09883
NET-09884,2026-01-01 23:41:18+00:00,0,IOMT-005,S-IOMT-005-911,RESEARCH,EP-IND-09884
NET-09885,2026-01-01 23:41:28+00:00,0,IOMT-025,S-IOMT-025-912,IMAGING,EP-IND-09885
NET-09886,2026-01-01 23:41:32+00:00,0,IOMT-001,S-IOMT-001-913,EHR_READ,EP-IND-09886
NET-09887,2026-01-01 23:41:33+00:00,0,IOMT-014,S-IOMT-014-914,LAB_RESULTS,EP-IND-09887
NET-09888,2026-01-01 23:41:43+00:00,0,IOMT-037,S-IOMT-037-915,RESEARCH,EP-IND-09888
NET-09889,2026-01-01 23:41:48+00:00,0,IOMT-025,S-IOMT-025-916,IMAGING,EP-IND-09889
NET-09890,2026-01-01 23:41:49+00:00,0,IOMT-037,S-IOMT-037-917,RESEARCH,EP-IND-09890
NET-09891,2026-01-01 23:41:53+00:00,0,IOMT-020,S-IOMT-020-918,EHR_WRITE,EP-IND-09891
NET-09892,2026-01-01 23:41:58+00:00,0,IOMT-024,S-IOMT-024-919,EHR_WRITE,EP-IND-09892
NET-09893,2026-01-01 23:42:04+00:00,0,IOMT-006,S-IOMT-006-920,EHR_READ,EP-IND-09893
NET-09894,2026-01-01 23:42:20+00:00,0,IOMT-001,S-IOMT-001-921,EHR_WRITE,EP-IND-09894
NET-09895,2026-01-01 23:42:38+00:00,0,IOMT-002,S-IOMT-002-922,IMAGING,EP-IND-09895
NET-09896,2026-01-01 23:42:39+00:00,0,IOMT-013,S-IOMT-013-923,IMAGING,EP-IND-09896
NET-09897,2026-01-01 23:42:52+00:00,0,IOMT-020,S-IOMT-020-924,LAB_RESULTS,EP-IND-09897
NET-09898,2026-01-01 23:42:53+00:00,0,IOMT-013,S-IOMT-013-925,EHR_READ,EP-IND-09898
NET-09899,2026-01-01 23:43:17+00:00,0,IOMT-012,S-IOMT-012-926,IMAGING,EP-IND-09899
NET-09900,2026-01-01 23:43:20+00:00,0,IOMT-021,S-IOMT-021-927,EHR_WRITE,EP-IND-09900
NET-09901,2026-01-01 23:43:50+00:00,1,IOMT-006,S-IOMT-006-928,EHR_READ,EP-IND-09901
NET-09902,2026-01-01 23:44:13+00:00,0,IOMT-020,S-IOMT-020-929,RESEARCH,EP-IND-09902
NET-09903,2026-01-01 23:44:31+00:00,0,IOMT-016,S-IOMT-016-930,EHR_READ,EP-IND-09903
NET-09904,2026-01-01 23:44:32+00:00,0,IOMT-043,S-IOMT-043-931,RESEARCH,EP-IND-09904
NET-09905,2026-01-01 23:44:35+00:00,0,IOMT-022,S-IOMT-022-932,EHR_READ,EP-IND-09905
NET-09906,2026-01-01 23:44:45+00:00,0,IOMT-020,S-IOMT-020-933,IMAGING,EP-IND-09906
NET-09907,2026-01-01 23:44:45+00:00,0,IOMT-018,S-IOMT-018-934,EHR_WRITE,EP-IND-09907
NET-09908,2026-01-01 23:44:57+00:00,1,IOMT-043,S-IOMT-043-935,EHR_WRITE,EP-IND-09908
NET-09909,2026-01-01 23:45:07+00:00,0,IOMT-037,S-IOMT-037-936,IMAGING,EP-IND-09909
NET-09910,2026-01-01 23:45:25+00:00,0,IOMT-040,S-IOMT-040-937,EHR_READ,EP-IND-09910
NET-09911,2026-01-01 23:45:42+00:00,1,IOMT-021,S-IOMT-021-938,RESEARCH,EP-IND-09911
NET-09912,2026-01-01 23:45:44+00:00,0,IOMT-044,S-IOMT-044-939,IMAGING,EP-IND-09912
NET-09913,2026-01-01 23:45:50+00:00,0,IOMT-047,S-IOMT-047-940,LAB_RESULTS,EP-IND-09913
NET-09914,2026-01-01 23:46:01+00:00,0,IOMT-000,S-IOMT-000-941,IMAGING,EP-IND-09914
NET-09915,2026-01-01 23:46:17+00:00,0,IOMT-033,S-IOMT-033-942,EHR_READ,EP-IND-09915
NET-09916,2026-01-01 23:46:19+00:00,0,IOMT-027,S-IOMT-027-943,IMAGING,EP-IND-09916
NET-09917,2026-01-01 23:46:25+00:00,0,IOMT-006,S-IOMT-006-944,IMAGING,EP-IND-09917
NET-09918,2026-01-01 23:46:51+00:00,1,IOMT-004,S-IOMT-004-945,RESEARCH,EP-IND-09918
NET-09919,2026-01-01 23:46:56+00:00,0,IOMT-040,S-IOMT-040-946,EHR_READ,EP-IND-09919
NET-09920,2026-01-01 23:46:59+00:00,0,IOMT-020,S-IOMT-020-947,EHR_WRITE,EP-IND-09920
NET-09921,2026-01-01 23:47:06+00:00,0,IOMT-025,S-IOMT-025-948,IMAGING,EP-IND-09921
NET-09922,2026-01-01 23:47:21+00:00,1,IOMT-037,S-IOMT-037-949,RESEARCH,EP-IND-09922
NET-09923,2026-01-01 23:47:34+00:00,0,IOMT-001,S-IOMT-001-950,IMAGING,EP-IND-09923
NET-09924,2026-01-01 23:47:37+00:00,0,IOMT-002,S-IOMT-002-951,IMAGING,EP-IND-09924
NET-09925,2026-01-01 23:47:50+00:00,0,IOMT-000,S-IOMT-000-952,EHR_WRITE,EP-IND-09925
NET-09926,2026-01-01 23:47:54+00:00,0,IOMT-031,S-IOMT-031-953,IMAGING,EP-IND-09926
NET-09927,2026-01-01 23:47:59+00:00,0,IOMT-042,S-IOMT-042-954,RESEARCH,EP-IND-09927
NET-09928,2026-01-01 23:48:07+00:00,0,IOMT-049,S-IOMT-049-955,EHR_WRITE,EP-IND-09928
NET-09929,2026-01-01 23:48:13+00:00,0,IOMT-040,S-IOMT-040-956,IMAGING,EP-IND-09929
NET-09930,2026-01-01 23:48:22+00:00,0,IOMT-036,S-IOMT-036-957,EHR_WRITE,EP-IND-09930
NET-09931,2026-01-01 23:48:39+00:00,0,IOMT-007,S-IOMT-007-958,RESEARCH,EP-IND-09931
NET-09932,2026-01-01 23:48:54+00:00,0,IOMT-040,S-IOMT-040-959,LAB_RESULTS,EP-IND-09932
NET-09933,2026-01-01 23:49:05+00:00,0,IOMT-015,S-IOMT-015-960,EHR_READ,EP-IND-09933
NET-09934,2026-01-01 23:49:25+00:00,0,IOMT-014,S-IOMT-014-961,EHR_WRITE,EP-IND-09934
NET-09935,2026-01-01 23:49:26+00:00,0,IOMT-005,S-IOMT-005-962,EHR_READ,EP-IND-09935
NET-09936,2026-01-01 23:49:30+00:00,1,IOMT-013,S-IOMT-013-963,LAB_RESULTS,EP-IND-09936
NET-09937,2026-01-01 23:50:02+00:00,0,IOMT-014,S-IOMT-014-964,LAB_RESULTS,EP-IND-09937
NET-09938,2026-01-01 23:50:09+00:00,0,IOMT-033,S-IOMT-033-965,LAB_RESULTS,EP-IND-09938
NET-09939,2026-01-01 23:50:12+00:00,0,IOMT-044,S-IOMT-044-966,IMAGING,EP-IND-09939
NET-09940,2026-01-01 23:50:17+00:00,0,IOMT-029,S-IOMT-029-967,RESEARCH,EP-IND-09940
NET-09941,2026-01-01 23:50:23+00:00,0,IOMT-014,S-IOMT-014-968,EHR_READ,EP-IND-09941
NET-09942,2026-01-01 23:50:29+00:00,0,IOMT-012,S-IOMT-012-969,LAB_RESULTS,EP-IND-09942
NET-09943,2026-01-01 23:50:32+00:00,1,IOMT-035,S-IOMT-035-970,LAB_RESULTS,EP-IND-09943
NET-09944,2026-01-01 23:50:34+00:00,0,IOMT-006,S-IOMT-006-971,IMAGING,EP-IND-09944
NET-09945,2026-01-01 23:50:34+00:00,0,IOMT-012,S-IOMT-012-972,LAB_RESULTS,EP-IND-09945
NET-09946,2026-01-01 23:50:37+00:00,0,IOMT-004,S-IOMT-004-973,IMAGING,EP-IND-09946
NET-09947,2026-01-01 23:50:42+00:00,0,IOMT-015,S-IOMT-015-974,LAB_RESULTS,EP-IND-09947
NET-09948,2026-01-01 23:50:50+00:00,0,IOMT-048,S-IOMT-048-975,EHR_WRITE,EP-IND-09948
NET-09949,2026-01-01 23:50:58+00:00,0,IOMT-021,S-IOMT-021-976,IMAGING,EP-IND-09949
NET-09950,2026-01-01 23:50:58+00:00,0,IOMT-030,S-IOMT-030-977,EHR_READ,EP-IND-09950
NET-09951,2026-01-01 23:51:00+00:00,0,IOMT-030,S-IOMT-030-978,LAB_RESULTS,EP-IND-09951
NET-09952,2026-01-01 23:51:10+00:00,0,IOMT-044,S-IOMT-044-979,EHR_WRITE,EP-IND-09952
NET-09953,2026-01-01 23:51:17+00:00,0,IOMT-027,S-IOMT-027-980,EHR_WRITE,EP-IND-09953
NET-09954,2026-01-01 23:52:04+00:00,0,IOMT-043,S-IOMT-043-981,EHR_WRITE,EP-IND-09954
NET-09955,2026-01-01 23:52:15+00:00,0,IOMT-046,S-IOMT-046-982,RESEARCH,EP-IND-09955
NET-09956,2026-01-01 23:52:18+00:00,0,IOMT-010,S-IOMT-010-983,LAB_RESULTS,EP-IND-09956
NET-09957,2026-01-01 23:52:45+00:00,0,IOMT-008,S-IOMT-008-984,RESEARCH,EP-IND-09957
NET-09958,2026-01-01 23:53:06+00:00,0,IOMT-042,S-IOMT-042-985,LAB_RESULTS,EP-IND-09958
NET-09959,2026-01-01 23:53:41+00:00,0,IOMT-010,S-IOMT-010-986,EHR_READ,EP-IND-09959
NET-09960,2026-01-01 23:53:43+00:00,0,IOMT-049,S-IOMT-049-987,IMAGING,EP-IND-09960
NET-09961,2026-01-01 23:53:53+00:00,0,IOMT-047,S-IOMT-047-988,EHR_READ,EP-IND-09961
NET-09962,2026-01-01 23:54:01+00:00,0,IOMT-043,S-IOMT-043-989,EHR_WRITE,EP-IND-09962
NET-09963,2026-01-01 23:54:02+00:00,0,IOMT-009,S-IOMT-009-990,IMAGING,EP-IND-09963
NET-09964,2026-01-01 23:54:10+00:00,0,IOMT-003,S-IOMT-003-991,RESEARCH,EP-IND-09964
NET-09965,2026-01-01 23:54:20+00:00,0,IOMT-021,S-IOMT-021-992,IMAGING,EP-IND-09965
NET-09966,2026-01-01 23:54:29+00:00,0,IOMT-004,S-IOMT-004-993,EHR_READ,EP-IND-09966
NET-09967,2026-01-01 23:54:47+00:00,0,IOMT-021,S-IOMT-021-994,IMAGING,EP-IND-09967
NET-09968,2026-01-01 23:55:00+00:00,0,IOMT-010,S-IOMT-010-995,EHR_WRITE,EP-IND-09968
NET-09969,2026-01-01 23:55:06+00:00,0,IOMT-025,S-IOMT-025-996,EHR_WRITE,EP-IND-09969
NET-09970,2026-01-01 23:55:17+00:00,0,IOMT-034,S-IOMT-034-0,IMAGING,EP-IND-09970
NET-09971,2026-01-01 23:55:18+00:00,0,IOMT-024,S-IOMT-024-1,IMAGING,EP-IND-09971
NET-09972,2026-01-01 23:55:29+00:00,0,IOMT-048,S-IOMT-048-2,IMAGING,EP-IND-09972
NET-09973,2026-01-01 23:55:36+00:00,1,IOMT-038,S-IOMT-038-3,IMAGING,EP-IND-09973
NET-09974,2026-01-01 23:55:37+00:00,0,IOMT-004,S-IOMT-004-4,LAB_RESULTS,EP-IND-09974
NET-09975,2026-01-01 23:55:50+00:00,0,IOMT-023,S-IOMT-023-5,EHR_WRITE,EP-IND-09975
NET-09976,2026-01-01 23:56:05+00:00,0,IOMT-002,S-IOMT-002-6,LAB_RESULTS,EP-IND-09976
NET-09977,2026-01-01 23:56:12+00:00,0,IOMT-022,S-IOMT-022-7,LAB_RESULTS,EP-IND-09977
NET-09978,2026-01-01 23:56:36+00:00,0,IOMT-027,S-IOMT-027-8,RESEARCH,EP-IND-09978
NET-09979,2026-01-01 23:56:47+00:00,0,IOMT-025,S-IOMT-025-9,LAB_RESULTS,EP-IND-09979
NET-09980,2026-01-01 23:56:55+00:00,0,IOMT-010,S-IOMT-010-10,EHR_WRITE,EP-IND-09980
NET-09981,2026-01-01 23:57:00+00:00,0,IOMT-013,S-IOMT-013-11,EHR_READ,EP-IND-09981
NET-09982,2026-01-01 23:57:32+00:00,0,IOMT-041,S-IOMT-041-12,LAB_RESULTS,EP-IND-09982
NET-09983,2026-01-01 23:57:36+00:00,0,IOMT-009,S-IOMT-009-13,EHR_WRITE,EP-IND-09983
NET-09984,2026-01-01 23:57:52+00:00,0,IOMT-015,S-IOMT-015-14,EHR_READ,EP-IND-09984
NET-09985,2026-01-01 23:58:11+00:00,0,IOMT-042,S-IOMT-042-15,IMAGING,EP-IND-09985
NET-09986,2026-01-01 23:58:19+00:00,0,IOMT-029,S-IOMT-029-16,EHR_WRITE,EP-IND-09986
NET-09987,2026-01-01 23:58:26+00:00,0,IOMT-014,S-IOMT-014-17,EHR_READ,EP-IND-09987
NET-09988,2026-01-01 23:58:28+00:00,0,IOMT-035,S-IOMT-035-18,LAB_RESULTS,EP-IND-09988
NET-09989,2026-01-01 23:58:30+00:00,0,IOMT-019,S-IOMT-019-19,LAB_RESULTS,EP-IND-09989
NET-09990,2026-01-01 23:58:32+00:00,0,IOMT-023,S-IOMT-023-20,RESEARCH,EP-IND-09990
NET-09991,2026-01-01 23:58:33+00:00,0,IOMT-047,S-IOMT-047-21,IMAGING,EP-IND-09991
NET-09992,2026-01-01 23:58:35+00:00,0,IOMT-001,S-IOMT-001-22,EHR_WRITE,EP-IND-09992
NET-09993,2026-01-01 23:58:37+00:00,0,IOMT-049,S-IOMT-049-23,IMAGING,EP-IND-09993
NET-09994,2026-01-01 23:58:40+00:00,0,IOMT-027,S-IOMT-027-24,LAB_RESULTS,EP-IND-09994
NET-09995,2026-01-01 23:59:00+00:00,0,IOMT-002,S-IOMT-002-25,EHR_WRITE,EP-IND-09995
NET-09996,2026-01-01 23:59:26+00:00,0,IOMT-008,S-IOMT-008-26,EHR_READ,EP-IND-09996
NET-09997,2026-01-01 23:59:52+00:00,0,IOMT-042,S-IOMT-042-27,IMAGING,EP-IND-09997
NET-09998,2026-01-01 23:59:53+00:00,0,IOMT-046,S-IOMT-046-28,EHR_READ,EP-IND-09998
NET-09999,2026-01-01 23:59:59+00:00,0,IOMT-009,S-IOMT-009-29,EHR_READ,EP-IND-09999
