net_event,reason
NET-00000,consent_scope_mismatch
NET-00001,device_session_mismatch
NET-00002,device_session_mismatch
NET-00003,consent_scope_mismatch
NET-00004,consent_scope_mismatch
NET-00006,device_session_mismatch
NET-00007,consent_scope_mismatch
NET-00008,consent_scope_mismatch
NET-00009,device_session_mismatch
NET-00010,device_session_mismatch
NET-00011,consent_scope_mismatch
NET-00012,consent_scope_mismatch
NET-00013,consent_scope_mismatch
NET-00014,consent_scope_mismatch
NET-00015,consent_scope_mismatch
NET-00016,consent_scope_mismatch
NET-00017,consent_scope_mismatch
NET-00019,consent_scope_mismatch
NET-00020,device_session_mismatch
NET-00021,consent_scope_mismatch
NET-00022,device_session_mismatch
NET-00023,consent_scope_mismatch
NET-00025,consent_scope_mismatch
NET-00026,device_session_mismatch
NET-00027,consent_scope_mismatch
NET-00028,consent_scope_mismatch
NET-00029,consent_scope_mismatch
NET-00030,consent_scope_mismatch
NET-00031,consent_scope_mismatch
NET-00032,consent_scope_mismatch
NET-00033,consent_scope_mismatch
NET-00034,device_session_mismatch
NET-00035,consent_scope_mismatch
NET-00036,consent_scope_mismatch
NET-00037,consent_scope_mismatch
NET-00038,consent_scope_mismatch
NET-00039,device_session_mismatch
NET-00040,consent_scope_mismatch
NET-00041,consent_scope_mismatch
NET-00042,device_session_mismatch
NET-00043,consent_scope_mismatch
NET-00044,consent_scope_mismatch
NET-00045,consent_scope_mismatch
NET-00046,consent_scope_mismatch
NET-00047,device_session_mismatch
NET-00048,consent_scope_mismatch
NET-00050,consent_scope_mismatch
NET-00051,consent_scope_mismatch
NET-00052,consent_scope_mismatch
NET-00053,device_session_mismatch
NET-00054,consent_scope_mismatch
NET-00055,device_session_mismatch
NET-00056,consent_scope_mismatch
NET-00057,device_session_mismatch
NET-00058,consent_scope_mismatch
NET-00059,device_session_mismatch
NET-00060,consent_scope_mismatch
NET-00061,consent_scope_mismatch
NET-00062,consent_scope_mismatch
NET-00063,consent_scope_mismatch
NET-00064,consent_scope_mismatch
NET-00065,consent_scope_mismatch
NET-00066,device_session_mismatch
NET-00067,consent_scope_mismatch
NET-00068,device_session_mismatch
NET-00069,consent_scope_mismatch
NET-00070,device_session_mismatch
NET-00071,device_session_mismatch
NET-00072,consent_scope_mismatch
NET-00073,consent_scope_mismatch
NET-00074,device_session_mismatch
NET-00075,consent_scope_mismatch
NET-00076,device_session_mismatch
NET-00077,consent_scope_mismatch
NET-00078,consent_scope_mismatch
NET-00079,consent_scope_mismatch
NET-00080,consent_scope_mismatch
NET-00081,consent_scope_mismatch
NET-00082,consent_scope_mismatch
NET-00083,consent_scope_mismatch
NET-00084,consent_scope_mismatch
NET-00085,consent_scope_mismatch
NET-00086,consent_scope_mismatch
NET-00087,consent_scope_mismatch
NET-00088,consent_scope_mismatch
NET-00089,consent_scope_mismatch
NET-00090,consent_scope_mismatch
NET-00091,consent_scope_mismatch
NET-00092,consent_scope_mismatch
NET-00093,consent_scope_mismatch
NET-00094,consent_scope_mismatch
NET-00095,device_session_mismatch
NET-00096,consent_scope_mismatch
NET-00097,device_session_mismatch
NET-00098,consent_scope_mismatch
NET-00099,consent_scope_mismatch
NET-00100,consent_scope_mismatch
NET-00101,consent_scope_mismatch
NET-00102,consent_scope_mismatch
NET-00103,consent_scope_mismatch
NET-00104,consent_scope_mismatch
NET-00105,device_session_mismatch
NET-00106,consent_scope_mismatch
NET-00108,consent_scope_mismatch
NET-00109,consent_scope_mismatch
NET-00110,device_session_mismatch
NET-00111,consent_scope_mismatch
NET-00113,consent_scope_mismatch
NET-00114,consent_scope_mismatch
NET-00115,device_session_mismatch
NET-00116,consent_scope_mismatch
NET-00117,consent_scope_mismatch
NET-00118,device_session_mismatch
NET-00119,consent_scope_mismatch
NET-00120,consent_scope_mismatch
NET-00121,consent_scope_mismatch
NET-00122,consent_scope_mismatch
NET-00123,consent_scope_mismatch
NET-00124,device_session_mismatch
NET-00125,consent_scope_mismatch
NET-00126,consent_scope_mismatch
NET-00127,consent_scope_mismatch
NET-00128,consent_scope_mismatch
NET-00129,consent_scope_mismatch
NET-00130,consent_scope_mismatch
NET-00131,consent_scope_mismatch
NET-00132,device_session_mismatch
NET-00134,consent_scope_mismatch
NET-00135,consent_scope_mismatch
NET-00136,device_session_mismatch
NET-00137,consent_scope_mismatch
NET-00138,consent_scope_mismatch
NET-00139,consent_scope_mismatch
NET-00140,consent_scope_mismatch
NET-00141,consent_scope_mismatch
NET-00142,consent_scope_mismatch
NET-00143,consent_scope_mismatch
NET-00144,consent_scope_mismatch
NET-00145,device_session_mismatch
NET-00146,consent_scope_mismatch
NET-00147,consent_scope_mismatch
NET-00148,device_session_mismatch
NET-00149,consent_scope_mismatch
NET-00150,consent_scope_mismatch
NET-00151,consent_scope_mismatch
NET-00152,consent_scope_mismatch
NET-00153,consent_scope_mismatch
NET-00154,consent_scope_mismatch
NET-00155,consent_scope_mismatch
NET-00156,device_session_mismatch
NET-00158,consent_scope_mismatch
NET-00159,consent_scope_mismatch
NET-00160,consent_scope_mismatch
NET-00161,consent_scope_mismatch
NET-00162,consent_scope_mismatch
NET-00163,consent_scope_mismatch
NET-00164,consent_scope_mismatch
NET-00165,consent_scope_mismatch
NET-00166,device_session_mismatch
NET-00168,device_session_mismatch
NET-00169,consent_scope_mismatch
NET-00170,consent_scope_mismatch
NET-00171,consent_scope_mismatch
NET-00172,consent_scope_mismatch
NET-00173,consent_scope_mismatch
NET-00174,consent_scope_mismatch
NET-00175,consent_scope_mismatch
NET-00176,consent_scope_mismatch
NET-00177,consent_scope_mismatch
NET-00178,consent_scope_mismatch
NET-00179,consent_scope_mismatch
NET-00180,consent_scope_mismatch
NET-00181,consent_scope_mismatch
NET-00182,consent_scope_mismatch
NET-00183,consent_scope_mismatch
NET-00184,consent_scope_mismatch
NET-00185,consent_scope_mismatch
NET-00186,consent_scope_mismatch
NET-00187,consent_scope_mismatch
NET-00188,consent_scope_mismatch
NET-00189,consent_scope_mismatch
NET-00190,consent_scope_mismatch
NET-00191,consent_scope_mismatch
NET-00192,device_session_mismatch
NET-00193,consent_scope_mismatch
NET-00194,consent_scope_mismatch
NET-00195,consent_scope_mismatch
NET-00196,consent_scope_mismatch
NET-00197,device_session_mismatch
NET-00198,device_session_mismatch
NET-00199,device_session_mismatch
NET-00200,consent_scope_mismatch
NET-00201,consent_scope_mismatch
NET-00202,consent_scope_mismatch
NET-00204,device_session_mismatch
NET-00205,consent_scope_mismatch
NET-00206,consent_scope_mismatch
NET-00207,consent_scope_mismatch
NET-00208,consent_scope_mismatch
NET-00209,consent_scope_mismatch
NET-00210,consent_scope_mismatch
NET-00211,consent_scope_mismatch
NET-00212,consent_scope_mismatch
NET-00213,consent_scope_mismatch
NET-00214,consent_scope_mismatch
NET-00215,consent_scope_mismatch
NET-00216,consent_scope_mismatch
NET-00217,consent_scope_mismatch
NET-00218,consent_scope_mismatch
NET-00220,consent_scope_mismatch
NET-00221,device_session_mismatch
NET-00222,consent_scope_mismatch
NET-00223,consent_scope_mismatch
NET-00224,consent_scope_mismatch
NET-00225,consent_scope_mismatch
NET-00226,consent_scope_mismatch
NET-00227,device_session_mismatch
NET-00228,device_session_mismatch
NET-00229,consent_scope_mismatch
NET-00230,consent_scope_mismatch
NET-00231,device_session_mismatch
NET-00232,consent_scope_mismatch
NET-00233,device_session_mismatch
NET-00234,device_session_mismatch
NET-00235,consent_scope_mismatch
NET-00236,consent_scope_mismatch
NET-00237,consent_scope_mismatch
NET-00238,consent_scope_mismatch
NET-00239,consent_scope_mismatch
NET-00240,device_session_mismatch
NET-00241,device_session_mismatch
NET-00243,consent_scope_mismatch
NET-00244,consent_scope_mismatch
NET-00246,consent_scope_mismatch
NET-00247,device_session_mismatch
NET-00249,consent_scope_mismatch
NET-00250,consent_scope_mismatch
NET-00251,consent_scope_mismatch
NET-00252,device_session_mismatch
NET-00253,consent_scope_mismatch
NET-00254,device_session_mismatch
NET-00255,device_session_mismatch
NET-00256,consent_scope_mismatch
NET-00257,consent_scope_mismatch
NET-00258,consent_scope_mismatch
NET-00259,consent_scope_mismatch
NET-00260,consent_scope_mismatch
NET-00261,device_session_mismatch
NET-00262,consent_scope_mismatch
NET-00263,consent_scope_mismatch
NET-00264,device_session_mismatch
NET-00265,device_session_mismatch
NET-00266,consent_scope_mismatch
NET-00267,consent_scope_mismatch
NET-00268,consent_scope_mismatch
NET-00269,consent_scope_mismatch
NET-00270,consent_scope_mismatch
NET-00271,consent_scope_mismatch
NET-00273,device_session_mismatch
NET-00274,consent_scope_mismatch
NET-00275,consent_scope_mismatch
NET-00276,device_session_mismatch
NET-00277,consent_scope_mismatch
NET-00278,device_session_mismatch
NET-00279,consent_scope_mismatch
NET-00280,consent_scope_mismatch
NET-00281,consent_scope_mismatch
NET-00282,consent_scope_mismatch
NET-00283,consent_scope_mismatch
NET-00284,consent_scope_mismatch
NET-00285,consent_scope_mismatch
NET-00286,consent_scope_mismatch
NET-00287,consent_scope_mismatch
NET-00288,consent_scope_mismatch
NET-00289,consent_scope_mismatch
NET-00290,device_session_mismatch
NET-00291,device_session_mismatch
NET-00292,consent_scope_mismatch
NET-00293,device_session_mismatch
NET-00294,consent_scope_mismatch
NET-00295,consent_scope_mismatch
NET-00296,consent_scope_mismatch
NET-00297,consent_scope_mismatch
NET-00298,device_session_mismatch
NET-00299,consent_scope_mismatch
NET-00300,consent_scope_mismatch
NET-00301,consent_scope_mismatch
NET-00302,consent_scope_mismatch
NET-00303,consent_scope_mismatch
NET-00304,consent_scope_mismatch
NET-00305,consent_scope_mismatch
NET-00306,device_session_mismatch
NET-00307,consent_scope_mismatch
NET-00308,consent_scope_mismatch
NET-00309,consent_scope_mismatch
NET-00310,consent_scope_mismatch
NET-00311,device_session_mismatch
NET-00312,consent_scope_mismatch
NET-00313,consent_scope_mismatch
NET-00314,consent_scope_mismatch
NET-00315,device_session_mismatch
NET-00316,consent_scope_mismatch
NET-00317,consent_scope_mismatch
NET-00318,consent_scope_mismatch
NET-00319,consent_scope_mismatch
NET-00320,consent_scope_mismatch
NET-00321,consent_scope_mismatch
NET-00322,consent_scope_mismatch
NET-00323,consent_scope_mismatch
NET-00324,consent_scope_mismatch
NET-00325,consent_scope_mismatch
NET-00326,device_session_mismatch
NET-00327,consent_scope_mismatch
NET-00328,consent_scope_mismatch
NET-00329,consent_scope_mismatch
NET-00330,consent_scope_mismatch
NET-00332,consent_scope_mismatch
NET-00333,consent_scope_mismatch
NET-00334,consent_scope_mismatch
NET-00335,consent_scope_mismatch
NET-00336,consent_scope_mismatch
NET-00337,consent_scope_mismatch
NET-00338,consent_scope_mismatch
NET-00339,consent_scope_mismatch
NET-00340,consent_scope_mismatch
NET-00341,consent_scope_mismatch
NET-00342,device_session_mismatch
NET-00343,consent_scope_mismatch
NET-00345,device_session_mismatch
NET-00346,consent_scope_mismatch
NET-00347,consent_scope_mismatch
NET-00348,device_session_mismatch
NET-00349,consent_scope_mismatch
NET-00350,consent_scope_mismatch
NET-00351,consent_scope_mismatch
NET-00352,consent_scope_mismatch
NET-00353,consent_scope_mismatch
NET-00354,consent_scope_mismatch
NET-00355,consent_scope_mismatch
NET-00356,consent_scope_mismatch
NET-00357,consent_scope_mismatch
NET-00358,consent_scope_mismatch
NET-00359,consent_scope_mismatch
NET-00360,consent_scope_mismatch
NET-00361,device_session_mismatch
NET-00363,consent_scope_mismatch
NET-00364,consent_scope_mismatch
NET-00365,consent_scope_mismatch
NET-00366,consent_scope_mismatch
NET-00367,consent_scope_mismatch
NET-00369,consent_scope_mismatch
NET-00370,consent_scope_mismatch
NET-00371,consent_scope_mismatch
NET-00372,device_session_mismatch
NET-00373,consent_scope_mismatch
NET-00374,device_session_mismatch
NET-00377,consent_scope_mismatch
NET-00378,consent_scope_mismatch
NET-00380,consent_scope_mismatch
NET-00381,device_session_mismatch
NET-00383,consent_scope_mismatch
NET-00384,consent_scope_mismatch
NET-00385,consent_scope_mismatch
NET-00386,consent_scope_mismatch
NET-00387,consent_scope_mismatch
NET-00388,consent_scope_mismatch
NET-00389,consent_scope_mismatch
NET-00390,consent_scope_mismatch
NET-00391,consent_scope_mismatch
NET-00392,consent_scope_mismatch
NET-00393,consent_scope_mismatch
NET-00394,consent_scope_mismatch
NET-00395,consent_scope_mismatch
NET-00396,consent_scope_mismatch
NET-00397,device_session_mismatch
NET-00398,consent_scope_mismatch
NET-00399,consent_scope_mismatch
NET-00402,consent_scope_mismatch
NET-00403,consent_scope_mismatch
NET-00404,consent_scope_mismatch
NET-00405,device_session_mismatch
NET-00406,consent_scope_mismatch
NET-00407,device_session_mismatch
NET-00408,consent_scope_mismatch
NET-00409,consent_scope_mismatch
NET-00411,consent_scope_mismatch
NET-00412,device_session_mismatch
NET-00413,consent_scope_mismatch
NET-00415,consent_scope_mismatch
NET-00416,device_session_mismatch
NET-00417,device_session_mismatch
NET-00418,consent_scope_mismatch
NET-00419,consent_scope_mismatch
NET-00420,consent_scope_mismatch
NET-00421,consent_scope_mismatch
NET-00422,consent_scope_mismatch
NET-00423,consent_scope_mismatch
NET-00424,consent_scope_mismatch
NET-00425,consent_scope_mismatch
NET-00426,consent_scope_mismatch
NET-00428,consent_scope_mismatch
NET-00429,consent_scope_mismatch
NET-00430,consent_scope_mismatch
NET-00431,consent_scope_mismatch
NET-00432,consent_scope_mismatch
NET-00433,consent_scope_mismatch
NET-00434,consent_scope_mismatch
NET-00436,consent_scope_mismatch
NET-00438,device_session_mismatch
NET-00439,consent_scope_mismatch
NET-00440,consent_scope_mismatch
NET-00441,device_session_mismatch
NET-00443,consent_scope_mismatch
NET-00444,consent_scope_mismatch
NET-00445,consent_scope_mismatch
NET-00446,consent_scope_mismatch
NET-00447,device_session_mismatch
NET-00448,consent_scope_mismatch
NET-00449,device_session_mismatch
NET-00450,device_session_mismatch
NET-00451,device_session_mismatch
NET-00452,consent_scope_mismatch
NET-00453,consent_scope_mismatch
NET-00454,device_session_mismatch
NET-00455,consent_scope_mismatch
NET-00456,device_session_mismatch
NET-00457,consent_scope_mismatch
NET-00458,consent_scope_mismatch
NET-00459,consent_scope_mismatch
NET-00460,consent_scope_mismatch
NET-00461,consent_scope_mismatch
NET-00462,consent_scope_mismatch
NET-00463,consent_scope_mismatch
NET-00464,consent_scope_mismatch
NET-00465,consent_scope_mismatch
NET-00466,consent_scope_mismatch
NET-00467,device_session_mismatch
NET-00468,consent_scope_mismatch
NET-00469,consent_scope_mismatch
NET-00470,consent_scope_mismatch
NET-00471,device_session_mismatch
NET-00472,consent_scope_mismatch
NET-00473,device_session_mismatch
NET-00474,consent_scope_mismatch
NET-00475,consent_scope_mismatch
NET-00476,consent_scope_mismatch
NET-00477,consent_scope_mismatch
NET-00478,consent_scope_mismatch
NET-00479,consent_scope_mismatch
NET-00480,device_session_mismatch
NET-00481,consent_scope_mismatch
NET-00482,device_session_mismatch
NET-00483,consent_scope_mismatch
NET-00484,consent_scope_mismatch
NET-00485,consent_scope_mismatch
NET-00486,device_session_mismatch
NET-00487,device_session_mismatch
NET-00488,consent_scope_mismatch
NET-00489,device_session_mismatch
NET-00490,consent_scope_mismatch
NET-00491,consent_scope_mismatch
NET-00492,consent_scope_mismatch
NET-00493,consent_scope_mismatch
NET-00494,consent_scope_mismatch
NET-00495,device_session_mismatch
NET-00496,consent_scope_mismatch
NET-00497,consent_scope_mismatch
NET-00498,consent_scope_mismatch
NET-00499,device_session_mismatch
NET-00500,consent_scope_mismatch
NET-00501,device_session_mismatch
NET-00502,consent_scope_mismatch
NET-00503,consent_scope_mismatch
NET-00504,consent_scope_mismatch
NET-00505,consent_scope_mismatch
NET-00506,consent_scope_mismatch
NET-00507,consent_scope_mismatch
NET-00508,consent_scope_mismatch
NET-00509,device_session_mismatch
NET-00510,consent_scope_mismatch
NET-00511,consent_scope_mismatch
NET-00512,consent_scope_mismatch
NET-00513,consent_scope_mismatch
NET-00514,device_session_mismatch
NET-00515,consent_scope_mismatch
NET-00516,device_session_mismatch
NET-00517,device_session_mismatch
NET-00518,consent_scope_mismatch
NET-00519,consent_scope_mismatch
NET-00520,device_session_mismatch
NET-00521,consent_scope_mismatch
NET-00522,device_session_mismatch
NET-00523,consent_scope_mismatch
NET-00524,device_session_mismatch
NET-00525,consent_scope_mismatch
NET-00526,consent_scope_mismatch
NET-00527,device_session_mismatch
NET-00528,consent_scope_mismatch
NET-00529,consent_scope_mismatch
NET-00530,device_session_mismatch
NET-00531,consent_scope_mismatch
NET-00532,consent_scope_mismatch
NET-00533,consent_scope_mismatch
NET-00534,consent_scope_mismatch
NET-00535,consent_scope_mismatch
NET-00536,device_session_mismatch
NET-00537,device_session_mismatch
NET-00538,consent_scope_mismatch
NET-00539,consent_scope_mismatch
NET-00540,consent_scope_mismatch
NET-00541,device_session_mismatch
NET-00542,consent_scope_mismatch
NET-00543,consent_scope_mismatch
NET-00544,consent_scope_mismatch
NET-00545,consent_scope_mismatch
NET-00546,device_session_mismatch
NET-00547,consent_scope_mismatch
NET-00548,consent_scope_mismatch
NET-00549,consent_scope_mismatch
NET-00550,consent_scope_mismatch
NET-00551,device_session_mismatch
NET-00552,consent_scope_mismatch
NET-00553,consent_scope_mismatch
NET-00554,consent_scope_mismatch
NET-00555,device_session_mismatch
NET-00556,consent_scope_mismatch
NET-00557,consent_scope_mismatch
NET-00558,consent_scope_mismatch
NET-00559,consent_scope_mismatch
NET-00560,consent_scope_mismatch
NET-00561,consent_scope_mismatch
NET-00562,consent_scope_mismatch
NET-00563,consent_scope_mismatch
NET-00564,consent_scope_mismatch
NET-00565,consent_scope_mismatch
NET-00566,consent_scope_mismatch
NET-00567,consent_scope_mismatch
NET-00568,device_session_mismatch
NET-00569,consent_scope_mismatch
NET-00570,consent_scope_mismatch
NET-00571,consent_scope_mismatch
NET-00572,consent_scope_mismatch
NET-00573,consent_scope_mismatch
NET-00574,consent_scope_mismatch
NET-00575,consent_scope_mismatch
NET-00576,consent_scope_mismatch
NET-00577,consent_scope_mismatch
NET-00578,device_session_mismatch
NET-00579,consent_scope_mismatch
NET-00580,consent_scope_mismatch
NET-00582,device_session_mismatch
NET-00583,consent_scope_mismatch
NET-00584,consent_scope_mismatch
NET-00585,consent_scope_mismatch
NET-00586,consent_scope_mismatch
NET-00587,consent_scope_mismatch
NET-00588,consent_scope_mismatch
NET-00589,consent_scope_mismatch
NET-00592,consent_scope_mismatch
NET-00593,device_session_mismatch
NET-00595,consent_scope_mismatch
NET-00596,consent_scope_mismatch
NET-00597,consent_scope_mismatch
NET-00598,consent_scope_mismatch
NET-00599,consent_scope_mismatch
NET-00600,consent_scope_mismatch
NET-00601,consent_scope_mismatch
NET-00602,consent_scope_mismatch
NET-00603,consent_scope_mismatch
NET-00604,consent_scope_mismatch
NET-00605,consent_scope_mismatch
NET-00606,consent_scope_mismatch
NET-00607,consent_scope_mismatch
NET-00608,device_session_mismatch
NET-00609,consent_scope_mismatch
NET-00610,consent_scope_mismatch
NET-00611,consent_scope_mismatch
NET-00612,consent_scope_mismatch
NET-00613,consent_scope_mismatch
NET-00614,consent_scope_mismatch
NET-00615,device_session_mismatch
NET-00616,consent_scope_mismatch
NET-00617,device_session_mismatch
NET-00619,consent_scope_mismatch
NET-00620,consent_scope_mismatch
NET-00621,consent_scope_mismatch
NET-00622,device_session_mismatch
NET-00623,consent_scope_mismatch
NET-00624,device_session_mismatch
NET-00625,device_session_mismatch
NET-00626,consent_scope_mismatch
NET-00628,device_session_mismatch
NET-00631,consent_scope_mismatch
NET-00633,consent_scope_mismatch
NET-00634,device_session_mismatch
NET-00635,device_session_mismatch
NET-00636,device_session_mismatch
NET-00637,device_session_mismatch
NET-00638,consent_scope_mismatch
NET-00639,device_session_mismatch
NET-00640,consent_scope_mismatch
NET-00641,device_session_mismatch
NET-00642,consent_scope_mismatch
NET-00643,consent_scope_mismatch
NET-00644,consent_scope_mismatch
NET-00645,consent_scope_mismatch
NET-00646,consent_scope_mismatch
NET-00648,device_session_mismatch
NET-00649,device_session_mismatch
NET-00651,consent_scope_mismatch
NET-00652,consent_scope_mismatch
NET-00653,consent_scope_mismatch
NET-00654,consent_scope_mismatch
NET-00655,consent_scope_mismatch
NET-00656,consent_scope_mismatch
NET-00657,device_session_mismatch
NET-00658,device_session_mismatch
NET-00659,consent_scope_mismatch
NET-00660,consent_scope_mismatch
NET-00661,consent_scope_mismatch
NET-00663,consent_scope_mismatch
NET-00664,device_session_mismatch
NET-00665,consent_scope_mismatch
NET-00666,consent_scope_mismatch
NET-00667,consent_scope_mismatch
NET-00668,device_session_mismatch
NET-00669,consent_scope_mismatch
NET-00670,consent_scope_mismatch
NET-00671,device_session_mismatch
NET-00672,consent_scope_mismatch
NET-00673,device_session_mismatch
NET-00674,consent_scope_mismatch
NET-00675,consent_scope_mismatch
NET-00676,consent_scope_mismatch
NET-00677,consent_scope_mismatch
NET-00678,consent_scope_mismatch
NET-00679,consent_scope_mismatch
NET-00680,consent_scope_mismatch
NET-00681,consent_scope_mismatch
NET-00682,consent_scope_mismatch
NET-00683,consent_scope_mismatch
NET-00684,consent_scope_mismatch
NET-00685,consent_scope_mismatch
NET-00686,consent_scope_mismatch
NET-00687,consent_scope_mismatch
NET-00688,consent_scope_mismatch
NET-00689,consent_scope_mismatch
NET-00690,consent_scope_mismatch
NET-00691,consent_scope_mismatch
NET-00692,consent_scope_mismatch
NET-00693,consent_scope_mismatch
NET-00694,consent_scope_mismatch
NET-00695,consent_scope_mismatch
NET-00696,consent_scope_mismatch
NET-00697,consent_scope_mismatch
NET-00698,consent_scope_mismatch
NET-00699,consent_scope_mismatch
NET-00700,consent_scope_mismatch
NET-00701,consent_scope_mismatch
NET-00703,consent_scope_mismatch
NET-00704,device_session_mismatch
NET-00705,consent_scope_mismatch
NET-00706,consent_scope_mismatch
NET-00707,consent_scope_mismatch
NET-00708,consent_scope_mismatch
NET-00709,consent_scope_mismatch
NET-00711,consent_scope_mismatch
NET-00713,consent_scope_mismatch
NET-00714,consent_scope_mismatch
NET-00715,consent_scope_mismatch
NET-00716,consent_scope_mismatch
NET-00718,consent_scope_mismatch
NET-00719,consent_scope_mismatch
NET-00720,device_session_mismatch
NET-00721,consent_scope_mismatch
NET-00722,consent_scope_mismatch
NET-00723,device_session_mismatch
NET-00724,device_session_mismatch
NET-00725,consent_scope_mismatch
NET-00726,consent_scope_mismatch
NET-00727,device_session_mismatch
NET-00728,consent_scope_mismatch
NET-00729,consent_scope_mismatch
NET-00730,device_session_mismatch
NET-00731,consent_scope_mismatch
NET-00732,consent_scope_mismatch
NET-00733,device_session_mismatch
NET-00734,consent_scope_mismatch
NET-00735,consent_scope_mismatch
NET-00736,device_session_mismatch
NET-00737,consent_scope_mismatch
NET-00738,consent_scope_mismatch
NET-00739,device_session_mismatch
NET-00740,consent_scope_mismatch
NET-00741,consent_scope_mismatch
NET-00742,consent_scope_mismatch
NET-00744,consent_scope_mismatch
NET-00746,consent_scope_mismatch
NET-00747,consent_scope_mismatch
NET-00748,consent_scope_mismatch
NET-00749,consent_scope_mismatch
NET-00750,consent_scope_mismatch
NET-00751,consent_scope_mismatch
NET-00752,consent_scope_mismatch
NET-00753,device_session_mismatch
NET-00754,device_session_mismatch
NET-00755,consent_scope_mismatch
NET-00757,consent_scope_mismatch
NET-00758,device_session_mismatch
NET-00759,consent_scope_mismatch
NET-00760,consent_scope_mismatch
NET-00762,consent_scope_mismatch
NET-00763,consent_scope_mismatch
NET-00765,device_session_mismatch
NET-00766,device_session_mismatch
NET-00767,device_session_mismatch
NET-00768,consent_scope_mismatch
NET-00769,consent_scope_mismatch
NET-00770,device_session_mismatch
NET-00771,consent_scope_mismatch
NET-00772,consent_scope_mismatch
NET-00773,consent_scope_mismatch
NET-00774,consent_scope_mismatch
NET-00775,consent_scope_mismatch
NET-00776,consent_scope_mismatch
NET-00777,consent_scope_mismatch
NET-00778,consent_scope_mismatch
NET-00779,consent_scope_mismatch
NET-00780,consent_scope_mismatch
NET-00781,consent_scope_mismatch
NET-00782,device_session_mismatch
NET-00783,consent_scope_mismatch
NET-00784,device_session_mismatch
NET-00785,consent_scope_mismatch
NET-00786,consent_scope_mismatch
NET-00787,device_session_mismatch
NET-00788,device_session_mismatch
NET-00789,device_session_mismatch
NET-00790,device_session_mismatch
NET-00791,device_session_mismatch
NET-00792,device_session_mismatch
NET-00793,device_session_mismatch
NET-00794,device_session_mismatch
NET-00795,consent_scope_mismatch
NET-00796,device_session_mismatch
NET-00797,consent_scope_mismatch
NET-00798,consent_scope_mismatch
NET-00799,consent_scope_mismatch
NET-00800,device_session_mismatch
NET-00801,consent_scope_mismatch
NET-00802,consent_scope_mismatch
NET-00803,consent_scope_mismatch
NET-00804,consent_scope_mismatch
NET-00805,device_session_mismatch
NET-00806,consent_scope_mismatch
NET-00807,device_session_mismatch
NET-00808,consent_scope_mismatch
NET-00809,consent_scope_mismatch
NET-00810,consent_scope_mismatch
NET-00811,device_session_mismatch
NET-00812,consent_scope_mismatch
NET-00813,consent_scope_mismatch
NET-00814,consent_scope_mismatch
NET-00815,consent_scope_mismatch
NET-00816,consent_scope_mismatch
NET-00817,device_session_mismatch
NET-00818,consent_scope_mismatch
NET-00819,consent_scope_mismatch
NET-00820,consent_scope_mismatch
NET-00821,device_session_mismatch
NET-00822,device_session_mismatch
NET-00823,consent_scope_mismatch
NET-00824,consent_scope_mismatch
NET-00825,consent_scope_mismatch
NET-00826,consent_scope_mismatch
NET-00827,consent_scope_mismatch
NET-00828,consent_scope_mismatch
NET-00829,device_session_mismatch
NET-00830,consent_scope_mismatch
NET-00831,device_session_mismatch
NET-00832,consent_scope_mismatch
NET-00833,consent_scope_mismatch
NET-00834,consent_scope_mismatch
NET-00835,consent_scope_mismatch
NET-00836,consent_scope_mismatch
NET-00837,consent_scope_mismatch
NET-00838,device_session_mismatch
NET-00839,consent_scope_mismatch
NET-00840,consent_scope_mismatch
NET-00841,consent_scope_mismatch
NET-00842,consent_scope_mismatch
NET-00843,consent_scope_mismatch
NET-00844,device_session_mismatch
NET-00845,consent_scope_mismatch
NET-00846,device_session_mismatch
NET-00847,consent_scope_mismatch
NET-00848,consent_scope_mismatch
NET-00849,device_session_mismatch
NET-00850,consent_scope_mismatch
NET-00851,consent_scope_mismatch
NET-00852,consent_scope_mismatch
NET-00853,device_session_mismatch
NET-00854,consent_scope_mismatch
NET-00855,device_session_mismatch
NET-00856,consent_scope_mismatch
NET-00857,consent_scope_mismatch
NET-00858,device_session_mismatch
NET-00859,consent_scope_mismatch
NET-00860,consent_scope_mismatch
NET-00861,device_session_mismatch
NET-00862,consent_scope_mismatch
NET-00863,device_session_mismatch
NET-00864,consent_scope_mismatch
NET-00865,consent_scope_mismatch
NET-00866,consent_scope_mismatch
NET-00867,consent_scope_mismatch
NET-00868,consent_scope_mismatch
NET-00869,consent_scope_mismatch
NET-00870,consent_scope_mismatch
NET-00871,consent_scope_mismatch
NET-00872,device_session_mismatch
NET-00873,consent_scope_mismatch
NET-00874,device_session_mismatch
NET-00875,consent_scope_mismatch
NET-00876,consent_scope_mismatch
NET-00877,consent_scope_mismatch
NET-00878,consent_scope_mismatch
NET-00879,consent_scope_mismatch
NET-00880,device_session_mismatch
NET-00881,consent_scope_mismatch
NET-00882,consent_scope_mismatch
NET-00883,device_session_mismatch
NET-00884,consent_scope_mismatch
NET-00885,consent_scope_mismatch
NET-00886,consent_scope_mismatch
NET-00887,consent_scope_mismatch
NET-00888,consent_scope_mismatch
NET-00889,consent_scope_mismatch
NET-00890,consent_scope_mismatch
NET-00891,consent_scope_mismatch
NET-00892,consent_scope_mismatch
NET-00893,consent_scope_mismatch
NET-00894,consent_scope_mismatch
NET-00895,consent_scope_mismatch
NET-00896,consent_scope_mismatch
NET-00897,consent_scope_mismatch
NET-00898,consent_scope_mismatch
NET-00899,consent_scope_mismatch
NET-00900,consent_scope_mismatch
NET-00901,consent_scope_mismatch
NET-00902,consent_scope_mismatch
NET-00903,consent_scope_mismatch
NET-00904,consent_scope_mismatch
NET-00905,consent_scope_mismatch
NET-00906,consent_scope_mismatch
NET-00907,consent_scope_mismatch
NET-00908,consent_scope_mismatch
NET-00909,consent_scope_mismatch
NET-00910,consent_scope_mismatch
NET-00911,consent_scope_mismatch
NET-00912,consent_scope_mismatch
NET-00913,consent_scope_mismatch
NET-00914,device_session_mismatch
NET-00915,consent_scope_mismatch
NET-00916,consent_scope_mismatch
NET-00917,consent_scope_mismatch
NET-00918,consent_scope_mismatch
NET-00919,consent_scope_mismatch
NET-00920,consent_scope_mismatch
NET-00921,consent_scope_mismatch
NET-00922,consent_scope_mismatch
NET-00923,consent_scope_mismatch
NET-00924,consent_scope_mismatch
NET-00925,consent_scope_mismatch
NET-00926,consent_scope_mismatch
NET-00927,device_session_mismatch
NET-00928,consent_scope_mismatch
NET-00929,consent_scope_mismatch
NET-00930,device_session_mismatch
NET-00931,consent_scope_mismatch
NET-00932,device_session_mismatch
NET-00933,consent_scope_mismatch
NET-00934,consent_scope_mismatch
NET-00935,consent_scope_mismatch
NET-00936,consent_scope_mismatch
NET-00937,device_session_mismatch
NET-00938,consent_scope_mismatch
NET-00939,consent_scope_mismatch
NET-00940,device_session_mismatch
NET-00941,device_session_mismatch
NET-00942,device_session_mismatch
NET-00943,consent_scope_mismatch
NET-00944,consent_scope_mismatch
NET-00945,device_session_mismatch
NET-00946,device_session_mismatch
NET-00947,consent_scope_mismatch
NET-00948,consent_scope_mismatch
NET-00949,consent_scope_mismatch
NET-00950,consent_scope_mismatch
NET-00951,consent_scope_mismatch
NET-00952,consent_scope_mismatch
NET-00953,consent_scope_mismatch
NET-00954,consent_scope_mismatch
NET-00955,consent_scope_mismatch
NET-00956,device_session_mismatch
NET-00957,device_session_mismatch
NET-00958,device_session_mismatch
NET-00959,consent_scope_mismatch
NET-00960,consent_scope_mismatch
NET-00961,consent_scope_mismatch
NET-00962,consent_scope_mismatch
NET-00963,consent_scope_mismatch
NET-00964,consent_scope_mismatch
NET-00965,device_session_mismatch
NET-00966,consent_scope_mismatch
NET-00967,consent_scope_mismatch
NET-00968,consent_scope_mismatch
NET-00969,consent_scope_mismatch
NET-00970,consent_scope_mismatch
NET-00971,consent_scope_mismatch
NET-00972,consent_scope_mismatch
NET-00973,consent_scope_mismatch
NET-00974,device_session_mismatch
NET-00975,device_session_mismatch
NET-00976,device_session_mismatch
NET-00977,consent_scope_mismatch
NET-00978,consent_scope_mismatch
NET-00979,device_session_mismatch
NET-00980,device_session_mismatch
NET-00981,consent_scope_mismatch
NET-00982,device_session_mismatch
NET-00983,consent_scope_mismatch
NET-00984,consent_scope_mismatch
NET-00985,device_session_mismatch
NET-00986,consent_scope_mismatch
NET-00987,device_session_mismatch
NET-00988,consent_scope_mismatch
NET-00989,device_session_mismatch
NET-00990,consent_scope_mismatch
NET-00991,consent_scope_mismatch
NET-00992,device_session_mismatch
NET-00993,device_session_mismatch
NET-00994,device_session_mismatch
NET-00995,device_session_mismatch
NET-00996,device_session_mismatch
NET-00997,consent_scope_mismatch
NET-00998,consent_scope_mismatch
NET-00999,device_session_mismatch
NET-01000,consent_scope_mismatch
NET-01001,consent_scope_mismatch
NET-01002,device_session_mismatch
NET-01003,consent_scope_mismatch
NET-01004,consent_scope_mismatch
NET-01005,consent_scope_mismatch
NET-01006,consent_scope_mismatch
NET-01007,device_session_mismatch
NET-01008,consent_scope_mismatch
NET-01009,device_session_mismatch
NET-01010,device_session_mismatch
NET-01011,device_session_mismatch
NET-01012,device_session_mismatch
NET-01013,consent_scope_mismatch
NET-01014,consent_scope_mismatch
NET-01015,consent_scope_mismatch
NET-01016,consent_scope_mismatch
NET-01017,consent_scope_mismatch
NET-01018,consent_scope_mismatch
NET-01019,consent_scope_mismatch
NET-01020,consent_scope_mismatch
NET-01021,device_session_mismatch
NET-01022,device_session_mismatch
NET-01023,consent_scope_mismatch
NET-01024,consent_scope_mismatch
NET-01025,consent_scope_mismatch
NET-01026,consent_scope_mismatch
NET-01027,device_session_mismatch
NET-01028,consent_scope_mismatch
NET-01029,consent_scope_mismatch
NET-01030,consent_scope_mismatch
NET-01031,consent_scope_mismatch
NET-01032,consent_scope_mismatch
NET-01033,consent_scope_mismatch
NET-01034,consent_scope_mismatch
NET-01035,device_session_mismatch
NET-01036,consent_scope_mismatch
NET-01037,consent_scope_mismatch
NET-01038,consent_scope_mismatch
NET-01039,consent_scope_mismatch
NET-01040,consent_scope_mismatch
NET-01041,consent_scope_mismatch
NET-01042,consent_scope_mismatch
NET-01043,device_session_mismatch
NET-01044,device_session_mismatch
NET-01045,consent_scope_mismatch
NET-01046,device_session_mismatch
NET-01047,device_session_mismatch
NET-01048,consent_scope_mismatch
NET-01049,consent_scope_mismatch
NET-01050,device_session_mismatch
NET-01051,consent_scope_mismatch
NET-01052,consent_scope_mismatch
NET-01053,consent_scope_mismatch
NET-01054,device_session_mismatch
NET-01055,consent_scope_mismatch
NET-01056,device_session_mismatch
NET-01057,consent_scope_mismatch
NET-01058,device_session_mismatch
NET-01059,consent_scope_mismatch
NET-01060,consent_scope_mismatch
NET-01061,consent_scope_mismatch
NET-01062,consent_scope_mismatch
NET-01063,consent_scope_mismatch
NET-01064,device_session_mismatch
NET-01065,device_session_mismatch
NET-01066,device_session_mismatch
NET-01067,consent_scope_mismatch
NET-01068,consent_scope_mismatch
NET-01069,consent_scope_mismatch
NET-01070,device_session_mismatch
NET-01071,consent_scope_mismatch
NET-01072,device_session_mismatch
NET-01073,device_session_mismatch
NET-01074,device_session_mismatch
NET-01075,consent_scope_mismatch
NET-01076,consent_scope_mismatch
NET-01077,consent_scope_mismatch
NET-01078,consent_scope_mismatch
NET-01079,consent_scope_mismatch
NET-01080,consent_scope_mismatch
NET-01081,consent_scope_mismatch
NET-01082,consent_scope_mismatch
NET-01083,consent_scope_mismatch
NET-01084,consent_scope_mismatch
NET-01085,consent_scope_mismatch
NET-01086,consent_scope_mismatch
NET-01087,device_session_mismatch
NET-01088,device_session_mismatch
NET-01089,consent_scope_mismatch
NET-01090,consent_scope_mismatch
NET-01091,device_session_mismatch
NET-01092,consent_scope_mismatch
NET-01093,consent_scope_mismatch
NET-01094,consent_scope_mismatch
NET-01095,device_session_mismatch
NET-01096,consent_scope_mismatch
NET-01097,device_session_mismatch
NET-01098,device_session_mismatch
NET-01099,consent_scope_mismatch
NET-01100,consent_scope_mismatch
NET-01101,device_session_mismatch
NET-01102,consent_scope_mismatch
NET-01103,device_session_mismatch
NET-01104,device_session_mismatch
NET-01105,consent_scope_mismatch
NET-01106,device_session_mismatch
NET-01107,device_session_mismatch
NET-01108,device_session_mismatch
NET-01109,consent_scope_mismatch
NET-01110,device_session_mismatch
NET-01111,consent_scope_mismatch
NET-01112,consent_scope_mismatch
NET-01113,device_session_mismatch
NET-01114,consent_scope_mismatch
NET-01115,consent_scope_mismatch
NET-01116,consent_scope_mismatch
NET-01117,consent_scope_mismatch
NET-01118,consent_scope_mismatch
NET-01119,consent_scope_mismatch
NET-01120,consent_scope_mismatch
NET-01121,consent_scope_mismatch
NET-01122,consent_scope_mismatch
NET-01123,device_session_mismatch
NET-01124,device_session_mismatch
NET-01125,consent_scope_mismatch
NET-01126,device_session_mismatch
NET-01127,consent_scope_mismatch
NET-01128,device_session_mismatch
NET-01129,device_session_mismatch
NET-01130,device_session_mismatch
NET-01131,consent_scope_mismatch
NET-01132,consent_scope_mismatch
NET-01133,device_session_mismatch
NET-01134,consent_scope_mismatch
NET-01135,consent_scope_mismatch
NET-01136,device_session_mismatch
NET-01137,consent_scope_mismatch
NET-01138,consent_scope_mismatch
NET-01139,consent_scope_mismatch
NET-01140,device_session_mismatch
NET-01141,consent_scope_mismatch
NET-01142,device_session_mismatch
NET-01143,consent_scope_mismatch
NET-01144,consent_scope_mismatch
NET-01145,device_session_mismatch
NET-01146,consent_scope_mismatch
NET-01147,consent_scope_mismatch
NET-01148,device_session_mismatch
NET-01149,consent_scope_mismatch
NET-01150,consent_scope_mismatch
NET-01151,consent_scope_mismatch
NET-01152,device_session_mismatch
NET-01153,device_session_mismatch
NET-01154,consent_scope_mismatch
NET-01155,consent_scope_mismatch
NET-01156,consent_scope_mismatch
NET-01157,consent_scope_mismatch
NET-01158,consent_scope_mismatch
NET-01159,consent_scope_mismatch
NET-01160,device_session_mismatch
NET-01161,consent_scope_mismatch
NET-01162,consent_scope_mismatch
NET-01163,consent_scope_mismatch
NET-01164,consent_scope_mismatch
NET-01165,consent_scope_mismatch
NET-01166,device_session_mismatch
NET-01167,device_session_mismatch
NET-01168,device_session_mismatch
NET-01169,consent_scope_mismatch
NET-01170,device_session_mismatch
NET-01171,consent_scope_mismatch
NET-01172,consent_scope_mismatch
NET-01173,device_session_mismatch
NET-01174,consent_scope_mismatch
NET-01175,consent_scope_mismatch
NET-01176,consent_scope_mismatch
NET-01177,device_session_mismatch
NET-01178,consent_scope_mismatch
NET-01179,device_session_mismatch
NET-01180,device_session_mismatch
NET-01181,consent_scope_mismatch
NET-01182,consent_scope_mismatch
NET-01183,device_session_mismatch
NET-01184,consent_scope_mismatch
NET-01185,consent_scope_mismatch
NET-01186,consent_scope_mismatch
NET-01187,consent_scope_mismatch
NET-01188,device_session_mismatch
NET-01189,consent_scope_mismatch
NET-01190,consent_scope_mismatch
NET-01191,device_session_mismatch
NET-01192,consent_scope_mismatch
NET-01193,consent_scope_mismatch
NET-01194,consent_scope_mismatch
NET-01195,consent_scope_mismatch
NET-01196,device_session_mismatch
NET-01197,consent_scope_mismatch
NET-01198,device_session_mismatch
NET-01199,consent_scope_mismatch
NET-01200,consent_scope_mismatch
NET-01201,consent_scope_mismatch
NET-01202,consent_scope_mismatch
NET-01203,consent_scope_mismatch
NET-01204,consent_scope_mismatch
NET-01205,consent_scope_mismatch
NET-01206,consent_scope_mismatch
NET-01207,consent_scope_mismatch
NET-01208,consent_scope_mismatch
NET-01209,consent_scope_mismatch
NET-01210,consent_scope_mismatch
NET-01211,consent_scope_mismatch
NET-01212,consent_scope_mismatch
NET-01213,consent_scope_mismatch
NET-01214,device_session_mismatch
NET-01215,consent_scope_mismatch
NET-01216,consent_scope_mismatch
NET-01217,consent_scope_mismatch
NET-01218,consent_scope_mismatch
NET-01219,device_session_mismatch
NET-01220,consent_scope_mismatch
NET-01221,consent_scope_mismatch
NET-01222,device_session_mismatch
NET-01223,consent_scope_mismatch
NET-01224,device_session_mismatch
NET-01225,consent_scope_mismatch
NET-01226,device_session_mismatch
NET-01227,consent_scope_mismatch
NET-01228,consent_scope_mismatch
NET-01229,consent_scope_mismatch
NET-01230,consent_scope_mismatch
NET-01231,consent_scope_mismatch
NET-01232,device_session_mismatch
NET-01233,device_session_mismatch
NET-01234,consent_scope_mismatch
NET-01235,consent_scope_mismatch
NET-01236,consent_scope_mismatch
NET-01237,device_session_mismatch
NET-01238,consent_scope_mismatch
NET-01239,consent_scope_mismatch
NET-01240,device_session_mismatch
NET-01241,consent_scope_mismatch
NET-01242,consent_scope_mismatch
NET-01243,consent_scope_mismatch
NET-01244,consent_scope_mismatch
NET-01245,consent_scope_mismatch
NET-01246,consent_scope_mismatch
NET-01247,device_session_mismatch
NET-01248,consent_scope_mismatch
NET-01249,consent_scope_mismatch
NET-01250,device_session_mismatch
NET-01251,consent_scope_mismatch
NET-01252,consent_scope_mismatch
NET-01253,consent_scope_mismatch
NET-01254,consent_scope_mismatch
NET-01255,consent_scope_mismatch
NET-01256,consent_scope_mismatch
NET-01257,consent_scope_mismatch
NET-01258,consent_scope_mismatch
NET-01259,consent_scope_mismatch
NET-01260,consent_scope_mismatch
NET-01261,consent_scope_mismatch
NET-01262,device_session_mismatch
NET-01263,consent_scope_mismatch
NET-01264,consent_scope_mismatch
NET-01265,consent_scope_mismatch
NET-01266,consent_scope_mismatch
NET-01267,consent_scope_mismatch
NET-01268,device_session_mismatch
NET-01269,device_session_mismatch
NET-01270,device_session_mismatch
NET-01271,consent_scope_mismatch
NET-01272,consent_scope_mismatch
NET-01273,consent_scope_mismatch
NET-01274,consent_scope_mismatch
NET-01275,consent_scope_mismatch
NET-01276,consent_scope_mismatch
NET-01277,device_session_mismatch
NET-01278,consent_scope_mismatch
NET-01279,device_session_mismatch
NET-01280,consent_scope_mismatch
NET-01281,consent_scope_mismatch
NET-01282,consent_scope_mismatch
NET-01283,consent_scope_mismatch
NET-01284,consent_scope_mismatch
NET-01285,consent_scope_mismatch
NET-01286,device_session_mismatch
NET-01287,consent_scope_mismatch
NET-01288,consent_scope_mismatch
NET-01289,consent_scope_mismatch
NET-01290,device_session_mismatch
NET-01291,consent_scope_mismatch
NET-01292,consent_scope_mismatch
NET-01293,consent_scope_mismatch
NET-01294,consent_scope_mismatch
NET-01295,consent_scope_mismatch
NET-01296,consent_scope_mismatch
NET-01297,consent_scope_mismatch
NET-01298,device_session_mismatch
NET-01299,consent_scope_mismatch
NET-01300,consent_scope_mismatch
NET-01301,device_session_mismatch
NET-01302,consent_scope_mismatch
NET-01303,consent_scope_mismatch
NET-01304,consent_scope_mismatch
NET-01305,consent_scope_mismatch
NET-01306,consent_scope_mismatch
NET-01307,consent_scope_mismatch
NET-01308,device_session_mismatch
NET-01309,consent_scope_mismatch
NET-01310,device_session_mismatch
NET-01311,consent_scope_mismatch
NET-01312,consent_scope_mismatch
NET-01313,consent_scope_mismatch
NET-01314,consent_scope_mismatch
NET-01315,device_session_mismatch
NET-01316,consent_scope_mismatch
NET-01317,consent_scope_mismatch
NET-01318,consent_scope_mismatch
NET-01319,consent_scope_mismatch
NET-01320,consent_scope_mismatch
NET-01321,consent_scope_mismatch
NET-01322,consent_scope_mismatch
NET-01323,consent_scope_mismatch
NET-01324,consent_scope_mismatch
NET-01325,consent_scope_mismatch
NET-01326,device_session_mismatch
NET-01327,device_session_mismatch
NET-01328,consent_scope_mismatch
NET-01329,device_session_mismatch
NET-01330,consent_scope_mismatch
NET-01331,consent_scope_mismatch
NET-01332,consent_scope_mismatch
NET-01333,device_session_mismatch
NET-01334,consent_scope_mismatch
NET-01335,consent_scope_mismatch
NET-01336,device_session_mismatch
NET-01337,device_session_mismatch
NET-01338,consent_scope_mismatch
NET-01339,consent_scope_mismatch
NET-01340,consent_scope_mismatch
NET-01341,consent_scope_mismatch
NET-01342,consent_scope_mismatch
NET-01343,device_session_mismatch
NET-01344,consent_scope_mismatch
NET-01345,consent_scope_mismatch
NET-01346,consent_scope_mismatch
NET-01347,consent_scope_mismatch
NET-01348,device_session_mismatch
NET-01349,consent_scope_mismatch
NET-01350,consent_scope_mismatch
NET-01351,consent_scope_mismatch
NET-01352,consent_scope_mismatch
NET-01353,consent_scope_mismatch
NET-01354,consent_scope_mismatch
NET-01355,consent_scope_mismatch
NET-01356,consent_scope_mismatch
NET-01357,consent_scope_mismatch
NET-01358,consent_scope_mismatch
NET-01359,consent_scope_mismatch
NET-01360,consent_scope_mismatch
NET-01361,consent_scope_mismatch
NET-01362,device_session_mismatch
NET-01363,device_session_mismatch
NET-01364,device_session_mismatch
NET-01365,consent_scope_mismatch
NET-01366,device_session_mismatch
NET-01367,consent_scope_mismatch
NET-01368,consent_scope_mismatch
NET-01369,consent_scope_mismatch
NET-01370,consent_scope_mismatch
NET-01371,consent_scope_mismatch
NET-01372,consent_scope_mismatch
NET-01373,consent_scope_mismatch
NET-01374,consent_scope_mismatch
NET-01375,consent_scope_mismatch
NET-01376,consent_scope_mismatch
NET-01377,consent_scope_mismatch
NET-01378,consent_scope_mismatch
NET-01379,consent_scope_mismatch
NET-01380,consent_scope_mismatch
NET-01381,consent_scope_mismatch
NET-01382,consent_scope_mismatch
NET-01383,consent_scope_mismatch
NET-01384,consent_scope_mismatch
NET-01385,device_session_mismatch
NET-01386,consent_scope_mismatch
NET-01387,device_session_mismatch
NET-01388,consent_scope_mismatch
NET-01389,consent_scope_mismatch
NET-01390,device_session_mismatch
NET-01391,consent_scope_mismatch
NET-01392,consent_scope_mismatch
NET-01393,consent_scope_mismatch
NET-01394,consent_scope_mismatch
NET-01395,consent_scope_mismatch
NET-01396,device_session_mismatch
NET-01397,consent_scope_mismatch
NET-01398,device_session_mismatch
NET-01399,consent_scope_mismatch
NET-01400,device_session_mismatch
NET-01401,consent_scope_mismatch
NET-01402,device_session_mismatch
NET-01403,consent_scope_mismatch
NET-01404,consent_scope_mismatch
NET-01405,consent_scope_mismatch
NET-01406,consent_scope_mismatch
NET-01407,consent_scope_mismatch
NET-01408,consent_scope_mismatch
NET-01409,device_session_mismatch
NET-01410,consent_scope_mismatch
NET-01411,device_session_mismatch
NET-01412,consent_scope_mismatch
NET-01413,consent_scope_mismatch
NET-01414,consent_scope_mismatch
NET-01415,consent_scope_mismatch
NET-01416,consent_scope_mismatch
NET-01417,device_session_mismatch
NET-01418,consent_scope_mismatch
NET-01419,device_session_mismatch
NET-01420,consent_scope_mismatch
NET-01421,consent_scope_mismatch
NET-01422,consent_scope_mismatch
NET-01423,consent_scope_mismatch
NET-01424,consent_scope_mismatch
NET-01425,consent_scope_mismatch
NET-01426,consent_scope_mismatch
NET-01427,device_session_mismatch
NET-01428,consent_scope_mismatch
NET-01429,device_session_mismatch
NET-01430,consent_scope_mismatch
NET-01431,consent_scope_mismatch
NET-01432,device_session_mismatch
NET-01433,consent_scope_mismatch
NET-01434,consent_scope_mismatch
NET-01435,consent_scope_mismatch
NET-01436,device_session_mismatch
NET-01437,device_session_mismatch
NET-01438,consent_scope_mismatch
NET-01439,device_session_mismatch
NET-01440,consent_scope_mismatch
NET-01441,device_session_mismatch
NET-01442,consent_scope_mismatch
NET-01443,consent_scope_mismatch
NET-01444,consent_scope_mismatch
NET-01445,device_session_mismatch
NET-01446,consent_scope_mismatch
NET-01447,consent_scope_mismatch
NET-01448,consent_scope_mismatch
NET-01449,consent_scope_mismatch
NET-01450,device_session_mismatch
NET-01451,consent_scope_mismatch
NET-01452,consent_scope_mismatch
NET-01453,consent_scope_mismatch
NET-01454,consent_scope_mismatch
NET-01455,consent_scope_mismatch
NET-01456,consent_scope_mismatch
NET-01457,device_session_mismatch
NET-01458,consent_scope_mismatch
NET-01459,device_session_mismatch
NET-01460,consent_scope_mismatch
NET-01461,device_session_mismatch
NET-01462,consent_scope_mismatch
NET-01463,consent_scope_mismatch
NET-01464,consent_scope_mismatch
NET-01465,consent_scope_mismatch
NET-01466,device_session_mismatch
NET-01467,consent_scope_mismatch
NET-01468,consent_scope_mismatch
NET-01469,device_session_mismatch
NET-01470,device_session_mismatch
NET-01471,consent_scope_mismatch
NET-01472,consent_scope_mismatch
NET-01473,consent_scope_mismatch
NET-01474,device_session_mismatch
NET-01475,consent_scope_mismatch
NET-01476,consent_scope_mismatch
NET-01477,consent_scope_mismatch
NET-01478,consent_scope_mismatch
NET-01479,consent_scope_mismatch
NET-01480,device_session_mismatch
NET-01481,device_session_mismatch
NET-01482,device_session_mismatch
NET-01483,consent_scope_mismatch
NET-01484,consent_scope_mismatch
NET-01485,consent_scope_mismatch
NET-01486,consent_scope_mismatch
NET-01487,consent_scope_mismatch
NET-01488,consent_scope_mismatch
NET-01489,consent_scope_mismatch
NET-01490,consent_scope_mismatch
NET-01491,consent_scope_mismatch
NET-01492,consent_scope_mismatch
NET-01493,consent_scope_mismatch
NET-01494,consent_scope_mismatch
NET-01495,consent_scope_mismatch
NET-01496,consent_scope_mismatch
NET-01497,consent_scope_mismatch
NET-01498,consent_scope_mismatch
NET-01499,consent_scope_mismatch
NET-01500,consent_scope_mismatch
NET-01501,consent_scope_mismatch
NET-01502,consent_scope_mismatch
NET-01503,device_session_mismatch
NET-01504,consent_scope_mismatch
NET-01505,device_session_mismatch
NET-01506,consent_scope_mismatch
NET-01507,device_session_mismatch
NET-01508,consent_scope_mismatch
NET-01509,consent_scope_mismatch
NET-01510,consent_scope_mismatch
NET-01511,device_session_mismatch
NET-01512,consent_scope_mismatch
NET-01513,device_session_mismatch
NET-01514,consent_scope_mismatch
NET-01515,device_session_mismatch
NET-01516,consent_scope_mismatch
NET-01517,consent_scope_mismatch
NET-01518,device_session_mismatch
NET-01519,consent_scope_mismatch
NET-01520,consent_scope_mismatch
NET-01521,consent_scope_mismatch
NET-01522,device_session_mismatch
NET-01523,consent_scope_mismatch
NET-01524,device_session_mismatch
NET-01525,consent_scope_mismatch
NET-01526,device_session_mismatch
NET-01527,consent_scope_mismatch
NET-01528,consent_scope_mismatch
NET-01529,consent_scope_mismatch
NET-01530,consent_scope_mismatch
NET-01531,device_session_mismatch
NET-01532,consent_scope_mismatch
NET-01533,consent_scope_mismatch
NET-01534,consent_scope_mismatch
NET-01535,device_session_mismatch
NET-01536,device_session_mismatch
NET-01537,device_session_mismatch
NET-01538,device_session_mismatch
NET-01539,consent_scope_mismatch
NET-01540,consent_scope_mismatch
NET-01541,device_session_mismatch
NET-01542,device_session_mismatch
NET-01543,consent_scope_mismatch
NET-01544,device_session_mismatch
NET-01545,device_session_mismatch
NET-01546,consent_scope_mismatch
NET-01547,consent_scope_mismatch
NET-01548,consent_scope_mismatch
NET-01549,consent_scope_mismatch
NET-01550,consent_scope_mismatch
NET-01551,consent_scope_mismatch
NET-01552,consent_scope_mismatch
NET-01553,consent_scope_mismatch
NET-01554,consent_scope_mismatch
NET-01555,device_session_mismatch
NET-01556,device_session_mismatch
NET-01557,consent_scope_mismatch
NET-01558,device_session_mismatch
NET-01559,consent_scope_mismatch
NET-01560,consent_scope_mismatch
NET-01561,consent_scope_mismatch
NET-01562,consent_scope_mismatch
NET-01563,device_session_mismatch
NET-01564,device_session_mismatch
NET-01565,consent_scope_mismatch
NET-01566,consent_scope_mismatch
NET-01567,consent_scope_mismatch
NET-01568,consent_scope_mismatch
NET-01569,device_session_mismatch
NET-01570,device_session_mismatch
NET-01571,device_session_mismatch
NET-01572,device_session_mismatch
NET-01573,consent_scope_mismatch
NET-01574,consent_scope_mismatch
NET-01575,consent_scope_mismatch
NET-01576,consent_scope_mismatch
NET-01577,consent_scope_mismatch
NET-01578,consent_scope_mismatch
NET-01579,consent_scope_mismatch
NET-01580,consent_scope_mismatch
NET-01581,consent_scope_mismatch
NET-01582,consent_scope_mismatch
NET-01583,consent_scope_mismatch
NET-01584,consent_scope_mismatch
NET-01585,consent_scope_mismatch
NET-01586,consent_scope_mismatch
NET-01587,device_session_mismatch
NET-01588,consent_scope_mismatch
NET-01589,consent_scope_mismatch
NET-01590,consent_scope_mismatch
NET-01591,consent_scope_mismatch
NET-01592,consent_scope_mismatch
NET-01593,consent_scope_mismatch
NET-01594,consent_scope_mismatch
NET-01595,device_session_mismatch
NET-01596,consent_scope_mismatch
NET-01597,consent_scope_mismatch
NET-01598,consent_scope_mismatch
NET-01599,consent_scope_mismatch
NET-01600,consent_scope_mismatch
NET-01601,consent_scope_mismatch
NET-01602,consent_scope_mismatch
NET-01603,device_session_mismatch
NET-01604,consent_scope_mismatch
NET-01605,consent_scope_mismatch
NET-01606,consent_scope_mismatch
NET-01607,consent_scope_mismatch
NET-01608,device_session_mismatch
NET-01609,consent_scope_mismatch
NET-01610,consent_scope_mismatch
NET-01611,device_session_mismatch
NET-01612,consent_scope_mismatch
NET-01613,consent_scope_mismatch
NET-01614,device_session_mismatch
NET-01615,consent_scope_mismatch
NET-01616,consent_scope_mismatch
NET-01617,consent_scope_mismatch
NET-01618,consent_scope_mismatch
NET-01619,device_session_mismatch
NET-01620,consent_scope_mismatch
NET-01621,consent_scope_mismatch
NET-01622,consent_scope_mismatch
NET-01623,device_session_mismatch
NET-01624,consent_scope_mismatch
NET-01625,consent_scope_mismatch
NET-01626,consent_scope_mismatch
NET-01627,consent_scope_mismatch
NET-01628,consent_scope_mismatch
NET-01629,consent_scope_mismatch
NET-01630,consent_scope_mismatch
NET-01631,consent_scope_mismatch
NET-01632,consent_scope_mismatch
NET-01633,consent_scope_mismatch
NET-01634,device_session_mismatch
NET-01635,consent_scope_mismatch
NET-01636,consent_scope_mismatch
NET-01637,device_session_mismatch
NET-01638,consent_scope_mismatch
NET-01639,consent_scope_mismatch
NET-01640,consent_scope_mismatch
NET-01641,consent_scope_mismatch
NET-01642,device_session_mismatch
NET-01643,device_session_mismatch
NET-01644,consent_scope_mismatch
NET-01645,consent_scope_mismatch
NET-01646,consent_scope_mismatch
NET-01647,consent_scope_mismatch
NET-01648,device_session_mismatch
NET-01649,consent_scope_mismatch
NET-01650,device_session_mismatch
NET-01651,consent_scope_mismatch
NET-01652,device_session_mismatch
NET-01653,device_session_mismatch
NET-01654,consent_scope_mismatch
NET-01655,consent_scope_mismatch
NET-01656,consent_scope_mismatch
NET-01657,consent_scope_mismatch
NET-01658,consent_scope_mismatch
NET-01659,consent_scope_mismatch
NET-01660,consent_scope_mismatch
NET-01661,device_session_mismatch
NET-01662,consent_scope_mismatch
NET-01663,device_session_mismatch
NET-01664,consent_scope_mismatch
NET-01665,device_session_mismatch
NET-01666,device_session_mismatch
NET-01667,device_session_mismatch
NET-01668,device_session_mismatch
NET-01669,consent_scope_mismatch
NET-01670,consent_scope_mismatch
NET-01671,consent_scope_mismatch
NET-01672,consent_scope_mismatch
NET-01673,consent_scope_mismatch
NET-01674,consent_scope_mismatch
NET-01675,consent_scope_mismatch
NET-01676,consent_scope_mismatch
NET-01677,device_session_mismatch
NET-01678,consent_scope_mismatch
NET-01679,consent_scope_mismatch
NET-01680,consent_scope_mismatch
NET-01681,consent_scope_mismatch
NET-01682,consent_scope_mismatch
NET-01683,consent_scope_mismatch
NET-01684,consent_scope_mismatch
NET-01685,consent_scope_mismatch
NET-01686,consent_scope_mismatch
NET-01687,consent_scope_mismatch
NET-01688,consent_scope_mismatch
NET-01689,consent_scope_mismatch
NET-01690,device_session_mismatch
NET-01691,consent_scope_mismatch
NET-01692,consent_scope_mismatch
NET-01693,consent_scope_mismatch
NET-01694,consent_scope_mismatch
NET-01695,device_session_mismatch
NET-01696,consent_scope_mismatch
NET-01697,device_session_mismatch
NET-01698,consent_scope_mismatch
NET-01699,device_session_mismatch
NET-01700,consent_scope_mismatch
NET-01701,device_session_mismatch
NET-01702,consent_scope_mismatch
NET-01703,consent_scope_mismatch
NET-01704,consent_scope_mismatch
NET-01705,consent_scope_mismatch
NET-01706,consent_scope_mismatch
NET-01707,device_session_mismatch
NET-01708,device_session_mismatch
NET-01709,consent_scope_mismatch
NET-01710,device_session_mismatch
NET-01711,consent_scope_mismatch
NET-01712,consent_scope_mismatch
NET-01713,consent_scope_mismatch
NET-01714,device_session_mismatch
NET-01715,consent_scope_mismatch
NET-01716,consent_scope_mismatch
NET-01717,device_session_mismatch
NET-01718,consent_scope_mismatch
NET-01719,consent_scope_mismatch
NET-01720,consent_scope_mismatch
NET-01721,consent_scope_mismatch
NET-01722,consent_scope_mismatch
NET-01723,consent_scope_mismatch
NET-01724,consent_scope_mismatch
NET-01725,consent_scope_mismatch
NET-01726,device_session_mismatch
NET-01727,device_session_mismatch
NET-01728,consent_scope_mismatch
NET-01729,consent_scope_mismatch
NET-01730,consent_scope_mismatch
NET-01731,consent_scope_mismatch
NET-01732,consent_scope_mismatch
NET-01733,consent_scope_mismatch
NET-01734,device_session_mismatch
NET-01735,consent_scope_mismatch
NET-01736,consent_scope_mismatch
NET-01737,device_session_mismatch
NET-01738,consent_scope_mismatch
NET-01739,consent_scope_mismatch
NET-01740,consent_scope_mismatch
NET-01741,consent_scope_mismatch
NET-01742,consent_scope_mismatch
NET-01743,device_session_mismatch
NET-01744,consent_scope_mismatch
NET-01745,device_session_mismatch
NET-01746,consent_scope_mismatch
NET-01747,consent_scope_mismatch
NET-01748,consent_scope_mismatch
NET-01749,consent_scope_mismatch
NET-01750,consent_scope_mismatch
NET-01751,consent_scope_mismatch
NET-01752,consent_scope_mismatch
NET-01753,consent_scope_mismatch
NET-01754,consent_scope_mismatch
NET-01755,consent_scope_mismatch
NET-01756,consent_scope_mismatch
NET-01757,device_session_mismatch
NET-01758,consent_scope_mismatch
NET-01759,device_session_mismatch
NET-01760,consent_scope_mismatch
NET-01761,consent_scope_mismatch
NET-01762,consent_scope_mismatch
NET-01763,consent_scope_mismatch
NET-01764,consent_scope_mismatch
NET-01765,consent_scope_mismatch
NET-01766,consent_scope_mismatch
NET-01767,device_session_mismatch
NET-01768,consent_scope_mismatch
NET-01769,device_session_mismatch
NET-01770,device_session_mismatch
NET-01771,consent_scope_mismatch
NET-01772,consent_scope_mismatch
NET-01773,consent_scope_mismatch
NET-01774,consent_scope_mismatch
NET-01775,device_session_mismatch
NET-01776,device_session_mismatch
NET-01777,device_session_mismatch
NET-01778,consent_scope_mismatch
NET-01779,device_session_mismatch
NET-01780,consent_scope_mismatch
NET-01781,consent_scope_mismatch
NET-01782,consent_scope_mismatch
NET-01783,device_session_mismatch
NET-01784,device_session_mismatch
NET-01785,consent_scope_mismatch
NET-01786,device_session_mismatch
NET-01787,consent_scope_mismatch
NET-01788,consent_scope_mismatch
NET-01789,consent_scope_mismatch
NET-01790,device_session_mismatch
NET-01791,device_session_mismatch
NET-01792,consent_scope_mismatch
NET-01793,consent_scope_mismatch
NET-01794,consent_scope_mismatch
NET-01795,consent_scope_mismatch
NET-01796,consent_scope_mismatch
NET-01797,consent_scope_mismatch
NET-01798,consent_scope_mismatch
NET-01799,consent_scope_mismatch
NET-01800,device_session_mismatch
NET-01801,consent_scope_mismatch
NET-01802,consent_scope_mismatch
NET-01803,consent_scope_mismatch
NET-01804,device_session_mismatch
NET-01805,device_session_mismatch
NET-01806,consent_scope_mismatch
NET-01807,consent_scope_mismatch
NET-01808,consent_scope_mismatch
NET-01809,consent_scope_mismatch
NET-01810,device_session_mismatch
NET-01811,device_session_mismatch
NET-01812,consent_scope_mismatch
NET-01813,consent_scope_mismatch
NET-01814,consent_scope_mismatch
NET-01815,consent_scope_mismatch
NET-01816,consent_scope_mismatch
NET-01817,consent_scope_mismatch
NET-01818,consent_scope_mismatch
NET-01819,consent_scope_mismatch
NET-01820,consent_scope_mismatch
NET-01821,consent_scope_mismatch
NET-01822,consent_scope_mismatch
NET-01823,consent_scope_mismatch
NET-01824,device_session_mismatch
NET-01825,consent_scope_mismatch
NET-01826,consent_scope_mismatch
NET-01827,consent_scope_mismatch
NET-01828,device_session_mismatch
NET-01829,consent_scope_mismatch
NET-01830,consent_scope_mismatch
NET-01831,consent_scope_mismatch
NET-01832,consent_scope_mismatch
NET-01833,device_session_mismatch
NET-01834,consent_scope_mismatch
NET-01835,device_session_mismatch
NET-01836,consent_scope_mismatch
NET-01837,device_session_mismatch
NET-01838,consent_scope_mismatch
NET-01839,consent_scope_mismatch
NET-01840,consent_scope_mismatch
NET-01841,consent_scope_mismatch
NET-01842,device_session_mismatch
NET-01843,consent_scope_mismatch
NET-01844,consent_scope_mismatch
NET-01845,consent_scope_mismatch
NET-01846,consent_scope_mismatch
NET-01847,consent_scope_mismatch
NET-01848,consent_scope_mismatch
NET-01849,consent_scope_mismatch
NET-01850,device_session_mismatch
NET-01851,consent_scope_mismatch
NET-01852,consent_scope_mismatch
NET-01853,consent_scope_mismatch
NET-01854,consent_scope_mismatch
NET-01855,consent_scope_mismatch
NET-01856,consent_scope_mismatch
NET-01857,consent_scope_mismatch
NET-01858,consent_scope_mismatch
NET-01859,device_session_mismatch
NET-01860,consent_scope_mismatch
NET-01861,consent_scope_mismatch
NET-01862,consent_scope_mismatch
NET-01863,consent_scope_mismatch
NET-01864,consent_scope_mismatch
NET-01865,device_session_mismatch
NET-01866,consent_scope_mismatch
NET-01867,device_session_mismatch
NET-01868,consent_scope_mismatch
NET-01869,consent_scope_mismatch
NET-01870,consent_scope_mismatch
NET-01871,consent_scope_mismatch
NET-01872,consent_scope_mismatch
NET-01873,consent_scope_mismatch
NET-01874,device_session_mismatch
NET-01875,consent_scope_mismatch
NET-01876,consent_scope_mismatch
NET-01877,consent_scope_mismatch
NET-01878,consent_scope_mismatch
NET-01879,consent_scope_mismatch
NET-01880,consent_scope_mismatch
NET-01881,consent_scope_mismatch
NET-01882,consent_scope_mismatch
NET-01883,consent_scope_mismatch
NET-01884,device_session_mismatch
NET-01885,consent_scope_mismatch
NET-01886,consent_scope_mismatch
NET-01887,consent_scope_mismatch
NET-01888,consent_scope_mismatch
NET-01889,device_session_mismatch
NET-01890,consent_scope_mismatch
NET-01891,consent_scope_mismatch
NET-01892,device_session_mismatch
NET-01893,consent_scope_mismatch
NET-01894,consent_scope_mismatch
NET-01895,consent_scope_mismatch
NET-01896,consent_scope_mismatch
NET-01897,device_session_mismatch
NET-01898,device_session_mismatch
NET-01899,consent_scope_mismatch
NET-01900,consent_scope_mismatch
NET-01901,consent_scope_mismatch
NET-01902,consent_scope_mismatch
NET-01903,consent_scope_mismatch
NET-01904,consent_scope_mismatch
NET-01905,consent_scope_mismatch
NET-01906,device_session_mismatch
NET-01907,consent_scope_mismatch
NET-01908,consent_scope_mismatch
NET-01909,consent_scope_mismatch
NET-01910,consent_scope_mismatch
NET-01911,consent_scope_mismatch
NET-01912,consent_scope_mismatch
NET-01913,consent_scope_mismatch
NET-01914,device_session_mismatch
NET-01915,consent_scope_mismatch
NET-01916,consent_scope_mismatch
NET-01917,consent_scope_mismatch
NET-01918,consent_scope_mismatch
NET-01919,device_session_mismatch
NET-01920,consent_scope_mismatch
NET-01921,consent_scope_mismatch
NET-01922,device_session_mismatch
NET-01923,consent_scope_mismatch
NET-01924,consent_scope_mismatch
NET-01925,consent_scope_mismatch
NET-01926,consent_scope_mismatch
NET-01927,consent_scope_mismatch
NET-01928,consent_scope_mismatch
NET-01929,consent_scope_mismatch
NET-01930,consent_scope_mismatch
NET-01931,device_session_mismatch
NET-01932,device_session_mismatch
NET-01933,device_session_mismatch
NET-01934,consent_scope_mismatch
NET-01935,consent_scope_mismatch
NET-01936,consent_scope_mismatch
NET-01937,consent_scope_mismatch
NET-01938,consent_scope_mismatch
NET-01939,device_session_mismatch
NET-01940,consent_scope_mismatch
NET-01941,device_session_mismatch
NET-01942,consent_scope_mismatch
NET-01943,consent_scope_mismatch
NET-01944,consent_scope_mismatch
NET-01945,device_session_mismatch
NET-01946,device_session_mismatch
NET-01947,consent_scope_mismatch
NET-01948,device_session_mismatch
NET-01949,consent_scope_mismatch
NET-01950,device_session_mismatch
NET-01951,device_session_mismatch
NET-01952,consent_scope_mismatch
NET-01953,device_session_mismatch
NET-01954,device_session_mismatch
NET-01955,consent_scope_mismatch
NET-01956,consent_scope_mismatch
NET-01957,consent_scope_mismatch
NET-01958,device_session_mismatch
NET-01959,device_session_mismatch
NET-01960,consent_scope_mismatch
NET-01961,consent_scope_mismatch
NET-01962,consent_scope_mismatch
NET-01963,device_session_mismatch
NET-01964,consent_scope_mismatch
NET-01965,consent_scope_mismatch
NET-01966,consent_scope_mismatch
NET-01967,consent_scope_mismatch
NET-01968,consent_scope_mismatch
NET-01969,device_session_mismatch
NET-01970,consent_scope_mismatch
NET-01971,consent_scope_mismatch
NET-01972,consent_scope_mismatch
NET-01973,device_session_mismatch
NET-01974,consent_scope_mismatch
NET-01975,device_session_mismatch
NET-01976,device_session_mismatch
NET-01977,device_session_mismatch
NET-01978,consent_scope_mismatch
NET-01979,consent_scope_mismatch
NET-01980,device_session_mismatch
NET-01981,consent_scope_mismatch
NET-01982,consent_scope_mismatch
NET-01983,device_session_mismatch
NET-01984,device_session_mismatch
NET-01985,device_session_mismatch
NET-01986,device_session_mismatch
NET-01987,consent_scope_mismatch
NET-01988,consent_scope_mismatch
NET-01989,device_session_mismatch
NET-01990,consent_scope_mismatch
NET-01991,consent_scope_mismatch
NET-01992,consent_scope_mismatch
NET-01993,consent_scope_mismatch
NET-01994,consent_scope_mismatch
NET-01995,consent_scope_mismatch
NET-01996,consent_scope_mismatch
NET-01997,consent_scope_mismatch
NET-01998,consent_scope_mismatch
NET-01999,device_session_mismatch
NET-02000,consent_scope_mismatch
NET-02001,consent_scope_mismatch
NET-02002,device_session_mismatch
NET-02003,consent_scope_mismatch
NET-02004,consent_scope_mismatch
NET-02005,consent_scope_mismatch
NET-02006,consent_scope_mismatch
NET-02007,consent_scope_mismatch
NET-02008,consent_scope_mismatch
NET-02009,device_session_mismatch
NET-02010,consent_scope_mismatch
NET-02011,device_session_mismatch
NET-02012,consent_scope_mismatch
NET-02013,consent_scope_mismatch
NET-02014,device_session_mismatch
NET-02015,consent_scope_mismatch
NET-02016,consent_scope_mismatch
NET-02017,consent_scope_mismatch
NET-02018,consent_scope_mismatch
NET-02019,device_session_mismatch
NET-02020,consent_scope_mismatch
NET-02021,device_session_mismatch
NET-02022,consent_scope_mismatch
NET-02023,consent_scope_mismatch
NET-02024,consent_scope_mismatch
NET-02025,consent_scope_mismatch
NET-02026,consent_scope_mismatch
NET-02027,consent_scope_mismatch
NET-02028,consent_scope_mismatch
NET-02029,consent_scope_mismatch
NET-02030,device_session_mismatch
NET-02031,consent_scope_mismatch
NET-02032,device_session_mismatch
NET-02033,consent_scope_mismatch
NET-02034,device_session_mismatch
NET-02035,consent_scope_mismatch
NET-02036,device_session_mismatch
NET-02037,consent_scope_mismatch
NET-02038,consent_scope_mismatch
NET-02039,consent_scope_mismatch
NET-02040,consent_scope_mismatch
NET-02041,consent_scope_mismatch
NET-02042,device_session_mismatch
NET-02043,consent_scope_mismatch
NET-02044,consent_scope_mismatch
NET-02045,consent_scope_mismatch
NET-02046,consent_scope_mismatch
NET-02047,consent_scope_mismatch
NET-02048,consent_scope_mismatch
NET-02049,consent_scope_mismatch
NET-02050,consent_scope_mismatch
NET-02051,device_session_mismatch
NET-02052,consent_scope_mismatch
NET-02053,consent_scope_mismatch
NET-02054,consent_scope_mismatch
NET-02055,consent_scope_mismatch
NET-02056,consent_scope_mismatch
NET-02057,consent_scope_mismatch
NET-02058,device_session_mismatch
NET-02059,consent_scope_mismatch
NET-02060,consent_scope_mismatch
NET-02061,device_session_mismatch
NET-02062,device_session_mismatch
NET-02063,consent_scope_mismatch
NET-02064,consent_scope_mismatch
NET-02065,consent_scope_mismatch
NET-02066,device_session_mismatch
NET-02067,consent_scope_mismatch
NET-02068,device_session_mismatch
NET-02069,consent_scope_mismatch
NET-02070,device_session_mismatch
NET-02071,consent_scope_mismatch
NET-02072,consent_scope_mismatch
NET-02073,consent_scope_mismatch
NET-02074,consent_scope_mismatch
NET-02075,consent_scope_mismatch
NET-02076,device_session_mismatch
NET-02077,device_session_mismatch
NET-02078,consent_scope_mismatch
NET-02079,consent_scope_mismatch
NET-02080,consent_scope_mismatch
NET-02081,consent_scope_mismatch
NET-02082,consent_scope_mismatch
NET-02083,consent_scope_mismatch
NET-02084,device_session_mismatch
NET-02085,device_session_mismatch
NET-02086,consent_scope_mismatch
NET-02087,consent_scope_mismatch
NET-02088,consent_scope_mismatch
NET-02089,consent_scope_mismatch
NET-02090,device_session_mismatch
NET-02091,device_session_mismatch
NET-02092,consent_scope_mismatch
NET-02093,consent_scope_mismatch
NET-02094,device_session_mismatch
NET-02095,device_session_mismatch
NET-02096,consent_scope_mismatch
NET-02097,device_session_mismatch
NET-02098,device_session_mismatch
NET-02099,device_session_mismatch
NET-02100,consent_scope_mismatch
NET-02101,device_session_mismatch
NET-02102,consent_scope_mismatch
NET-02103,consent_scope_mismatch
NET-02104,consent_scope_mismatch
NET-02105,consent_scope_mismatch
NET-02106,device_session_mismatch
NET-02107,device_session_mismatch
NET-02108,consent_scope_mismatch
NET-02109,device_session_mismatch
NET-02110,consent_scope_mismatch
NET-02111,consent_scope_mismatch
NET-02112,consent_scope_mismatch
NET-02113,device_session_mismatch
NET-02114,consent_scope_mismatch
NET-02115,consent_scope_mismatch
NET-02116,device_session_mismatch
NET-02117,device_session_mismatch
NET-02118,consent_scope_mismatch
NET-02119,consent_scope_mismatch
NET-02120,consent_scope_mismatch
NET-02121,consent_scope_mismatch
NET-02122,consent_scope_mismatch
NET-02123,consent_scope_mismatch
NET-02124,consent_scope_mismatch
NET-02125,consent_scope_mismatch
NET-02126,device_session_mismatch
NET-02127,consent_scope_mismatch
NET-02128,device_session_mismatch
NET-02129,consent_scope_mismatch
NET-02130,consent_scope_mismatch
NET-02131,consent_scope_mismatch
NET-02132,consent_scope_mismatch
NET-02133,device_session_mismatch
NET-02134,consent_scope_mismatch
NET-02135,consent_scope_mismatch
NET-02136,consent_scope_mismatch
NET-02137,consent_scope_mismatch
NET-02138,device_session_mismatch
NET-02139,consent_scope_mismatch
NET-02140,consent_scope_mismatch
NET-02141,consent_scope_mismatch
NET-02142,consent_scope_mismatch
NET-02143,consent_scope_mismatch
NET-02144,consent_scope_mismatch
NET-02145,consent_scope_mismatch
NET-02146,consent_scope_mismatch
NET-02147,consent_scope_mismatch
NET-02148,consent_scope_mismatch
NET-02149,consent_scope_mismatch
NET-02150,device_session_mismatch
NET-02151,device_session_mismatch
NET-02152,consent_scope_mismatch
NET-02153,consent_scope_mismatch
NET-02154,device_session_mismatch
NET-02155,device_session_mismatch
NET-02156,consent_scope_mismatch
NET-02157,device_session_mismatch
NET-02158,consent_scope_mismatch
NET-02159,consent_scope_mismatch
NET-02160,consent_scope_mismatch
NET-02161,consent_scope_mismatch
NET-02162,device_session_mismatch
NET-02163,device_session_mismatch
NET-02164,consent_scope_mismatch
NET-02165,consent_scope_mismatch
NET-02166,device_session_mismatch
NET-02167,consent_scope_mismatch
NET-02168,device_session_mismatch
NET-02169,consent_scope_mismatch
NET-02170,consent_scope_mismatch
NET-02171,consent_scope_mismatch
NET-02172,consent_scope_mismatch
NET-02173,consent_scope_mismatch
NET-02174,consent_scope_mismatch
NET-02175,consent_scope_mismatch
NET-02176,consent_scope_mismatch
NET-02177,consent_scope_mismatch
NET-02178,consent_scope_mismatch
NET-02179,consent_scope_mismatch
NET-02180,consent_scope_mismatch
NET-02181,consent_scope_mismatch
NET-02182,device_session_mismatch
NET-02183,device_session_mismatch
NET-02184,consent_scope_mismatch
NET-02185,consent_scope_mismatch
NET-02186,consent_scope_mismatch
NET-02187,consent_scope_mismatch
NET-02188,consent_scope_mismatch
NET-02189,consent_scope_mismatch
NET-02190,consent_scope_mismatch
NET-02191,consent_scope_mismatch
NET-02192,consent_scope_mismatch
NET-02193,device_session_mismatch
NET-02194,consent_scope_mismatch
NET-02195,consent_scope_mismatch
NET-02196,consent_scope_mismatch
NET-02197,consent_scope_mismatch
NET-02198,consent_scope_mismatch
NET-02199,consent_scope_mismatch
NET-02200,consent_scope_mismatch
NET-02201,device_session_mismatch
NET-02202,device_session_mismatch
NET-02203,device_session_mismatch
NET-02204,consent_scope_mismatch
NET-02205,consent_scope_mismatch
NET-02206,consent_scope_mismatch
NET-02207,consent_scope_mismatch
NET-02208,consent_scope_mismatch
NET-02209,consent_scope_mismatch
NET-02210,consent_scope_mismatch
NET-02211,consent_scope_mismatch
NET-02212,consent_scope_mismatch
NET-02213,device_session_mismatch
NET-02214,consent_scope_mismatch
NET-02215,consent_scope_mismatch
NET-02216,consent_scope_mismatch
NET-02217,device_session_mismatch
NET-02218,consent_scope_mismatch
NET-02219,consent_scope_mismatch
NET-02220,consent_scope_mismatch
NET-02221,device_session_mismatch
NET-02222,device_session_mismatch
NET-02223,consent_scope_mismatch
NET-02224,device_session_mismatch
NET-02225,consent_scope_mismatch
NET-02226,consent_scope_mismatch
NET-02227,consent_scope_mismatch
NET-02228,consent_scope_mismatch
NET-02229,consent_scope_mismatch
NET-02230,consent_scope_mismatch
NET-02231,consent_scope_mismatch
NET-02232,device_session_mismatch
NET-02233,consent_scope_mismatch
NET-02234,consent_scope_mismatch
NET-02235,consent_scope_mismatch
NET-02236,consent_scope_mismatch
NET-02237,device_session_mismatch
NET-02238,consent_scope_mismatch
NET-02239,consent_scope_mismatch
NET-02240,consent_scope_mismatch
NET-02241,consent_scope_mismatch
NET-02242,consent_scope_mismatch
NET-02243,consent_scope_mismatch
NET-02244,consent_scope_mismatch
NET-02245,consent_scope_mismatch
NET-02246,consent_scope_mismatch
NET-02247,consent_scope_mismatch
NET-02248,device_session_mismatch
NET-02249,consent_scope_mismatch
NET-02250,consent_scope_mismatch
NET-02251,device_session_mismatch
NET-02252,consent_scope_mismatch
NET-02253,consent_scope_mismatch
NET-02254,device_session_mismatch
NET-02255,consent_scope_mismatch
NET-02256,consent_scope_mismatch
NET-02257,device_session_mismatch
NET-02258,consent_scope_mismatch
NET-02259,consent_scope_mismatch
NET-02260,device_session_mismatch
NET-02261,device_session_mismatch
NET-02262,device_session_mismatch
NET-02263,consent_scope_mismatch
NET-02264,consent_scope_mismatch
NET-02265,consent_scope_mismatch
NET-02266,consent_scope_mismatch
NET-02267,device_session_mismatch
NET-02268,consent_scope_mismatch
NET-02269,device_session_mismatch
NET-02270,consent_scope_mismatch
NET-02271,device_session_mismatch
NET-02272,consent_scope_mismatch
NET-02273,device_session_mismatch
NET-02274,device_session_mismatch
NET-02275,device_session_mismatch
NET-02276,consent_scope_mismatch
NET-02277,consent_scope_mismatch
NET-02278,consent_scope_mismatch
NET-02279,device_session_mismatch
NET-02280,consent_scope_mismatch
NET-02281,consent_scope_mismatch
NET-02282,consent_scope_mismatch
NET-02283,consent_scope_mismatch
NET-02284,device_session_mismatch
NET-02285,device_session_mismatch
NET-02286,device_session_mismatch
NET-02287,consent_scope_mismatch
NET-02288,consent_scope_mismatch
NET-02289,device_session_mismatch
NET-02290,device_session_mismatch
NET-02291,device_session_mismatch
NET-02292,consent_scope_mismatch
NET-02293,device_session_mismatch
NET-02294,consent_scope_mismatch
NET-02295,consent_scope_mismatch
NET-02296,consent_scope_mismatch
NET-02297,device_session_mismatch
NET-02298,consent_scope_mismatch
NET-02299,device_session_mismatch
NET-02300,consent_scope_mismatch
NET-02301,device_session_mismatch
NET-02302,consent_scope_mismatch
NET-02303,consent_scope_mismatch
NET-02304,consent_scope_mismatch
NET-02305,consent_scope_mismatch
NET-02306,consent_scope_mismatch
NET-02307,device_session_mismatch
NET-02308,consent_scope_mismatch
NET-02309,consent_scope_mismatch
NET-02310,consent_scope_mismatch
NET-02311,consent_scope_mismatch
NET-02312,consent_scope_mismatch
NET-02313,device_session_mismatch
NET-02314,consent_scope_mismatch
NET-02315,device_session_mismatch
NET-02316,device_session_mismatch
NET-02317,consent_scope_mismatch
NET-02318,device_session_mismatch
NET-02319,device_session_mismatch
NET-02320,consent_scope_mismatch
NET-02321,consent_scope_mismatch
NET-02322,device_session_mismatch
NET-02323,consent_scope_mismatch
NET-02324,consent_scope_mismatch
NET-02325,consent_scope_mismatch
NET-02326,consent_scope_mismatch
NET-02327,consent_scope_mismatch
NET-02328,consent_scope_mismatch
NET-02329,consent_scope_mismatch
NET-02330,consent_scope_mismatch
NET-02331,device_session_mismatch
NET-02332,consent_scope_mismatch
NET-02333,device_session_mismatch
NET-02334,consent_scope_mismatch
NET-02335,device_session_mismatch
NET-02336,device_session_mismatch
NET-02337,device_session_mismatch
NET-02338,consent_scope_mismatch
NET-02339,device_session_mismatch
NET-02340,device_session_mismatch
NET-02341,device_session_mismatch
NET-02342,device_session_mismatch
NET-02343,consent_scope_mismatch
NET-02344,consent_scope_mismatch
NET-02345,consent_scope_mismatch
NET-02346,consent_scope_mismatch
NET-02347,consent_scope_mismatch
NET-02348,consent_scope_mismatch
NET-02349,consent_scope_mismatch
NET-02350,consent_scope_mismatch
NET-02351,consent_scope_mismatch
NET-02352,device_session_mismatch
NET-02353,consent_scope_mismatch
NET-02354,consent_scope_mismatch
NET-02355,consent_scope_mismatch
NET-02356,consent_scope_mismatch
NET-02357,consent_scope_mismatch
NET-02358,device_session_mismatch
NET-02359,consent_scope_mismatch
NET-02360,consent_scope_mismatch
NET-02361,device_session_mismatch
NET-02362,consent_scope_mismatch
NET-02363,consent_scope_mismatch
NET-02364,consent_scope_mismatch
NET-02365,consent_scope_mismatch
NET-02366,consent_scope_mismatch
NET-02367,consent_scope_mismatch
NET-02368,consent_scope_mismatch
NET-02369,consent_scope_mismatch
NET-02370,device_session_mismatch
NET-02371,consent_scope_mismatch
NET-02372,device_session_mismatch
NET-02373,consent_scope_mismatch
NET-02374,consent_scope_mismatch
NET-02375,device_session_mismatch
NET-02376,device_session_mismatch
NET-02377,consent_scope_mismatch
NET-02378,device_session_mismatch
NET-02379,device_session_mismatch
NET-02380,consent_scope_mismatch
NET-02381,consent_scope_mismatch
NET-02382,consent_scope_mismatch
NET-02383,consent_scope_mismatch
NET-02384,consent_scope_mismatch
NET-02385,device_session_mismatch
NET-02386,consent_scope_mismatch
NET-02387,consent_scope_mismatch
NET-02388,device_session_mismatch
NET-02389,device_session_mismatch
NET-02390,consent_scope_mismatch
NET-02391,consent_scope_mismatch
NET-02392,device_session_mismatch
NET-02393,consent_scope_mismatch
NET-02394,consent_scope_mismatch
NET-02395,device_session_mismatch
NET-02396,device_session_mismatch
NET-02397,consent_scope_mismatch
NET-02398,consent_scope_mismatch
NET-02399,consent_scope_mismatch
NET-02400,consent_scope_mismatch
NET-02401,consent_scope_mismatch
NET-02402,device_session_mismatch
NET-02403,consent_scope_mismatch
NET-02404,device_session_mismatch
NET-02405,device_session_mismatch
NET-02406,device_session_mismatch
NET-02407,device_session_mismatch
NET-02408,consent_scope_mismatch
NET-02409,consent_scope_mismatch
NET-02410,consent_scope_mismatch
NET-02411,consent_scope_mismatch
NET-02412,consent_scope_mismatch
NET-02413,device_session_mismatch
NET-02414,device_session_mismatch
NET-02415,consent_scope_mismatch
NET-02416,consent_scope_mismatch
NET-02417,device_session_mismatch
NET-02418,device_session_mismatch
NET-02419,consent_scope_mismatch
NET-02420,device_session_mismatch
NET-02421,consent_scope_mismatch
NET-02422,consent_scope_mismatch
NET-02423,consent_scope_mismatch
NET-02424,consent_scope_mismatch
NET-02425,device_session_mismatch
NET-02426,consent_scope_mismatch
NET-02427,consent_scope_mismatch
NET-02428,consent_scope_mismatch
NET-02429,consent_scope_mismatch
NET-02430,consent_scope_mismatch
NET-02431,consent_scope_mismatch
NET-02432,consent_scope_mismatch
NET-02433,consent_scope_mismatch
NET-02434,consent_scope_mismatch
NET-02435,consent_scope_mismatch
NET-02436,consent_scope_mismatch
NET-02437,consent_scope_mismatch
NET-02438,consent_scope_mismatch
NET-02439,consent_scope_mismatch
NET-02440,consent_scope_mismatch
NET-02441,consent_scope_mismatch
NET-02442,consent_scope_mismatch
NET-02443,device_session_mismatch
NET-02444,consent_scope_mismatch
NET-02445,consent_scope_mismatch
NET-02446,consent_scope_mismatch
NET-02447,consent_scope_mismatch
NET-02448,consent_scope_mismatch
NET-02449,consent_scope_mismatch
NET-02450,consent_scope_mismatch
NET-02451,consent_scope_mismatch
NET-02452,device_session_mismatch
NET-02453,consent_scope_mismatch
NET-02454,consent_scope_mismatch
NET-02455,consent_scope_mismatch
NET-02456,consent_scope_mismatch
NET-02457,consent_scope_mismatch
NET-02458,device_session_mismatch
NET-02459,consent_scope_mismatch
NET-02460,consent_scope_mismatch
NET-02461,consent_scope_mismatch
NET-02462,device_session_mismatch
NET-02463,consent_scope_mismatch
NET-02464,consent_scope_mismatch
NET-02465,consent_scope_mismatch
NET-02466,consent_scope_mismatch
NET-02467,consent_scope_mismatch
NET-02468,device_session_mismatch
NET-02469,device_session_mismatch
NET-02470,device_session_mismatch
NET-02471,device_session_mismatch
NET-02472,consent_scope_mismatch
NET-02473,consent_scope_mismatch
NET-02474,consent_scope_mismatch
NET-02475,consent_scope_mismatch
NET-02476,consent_scope_mismatch
NET-02477,consent_scope_mismatch
NET-02478,consent_scope_mismatch
NET-02479,consent_scope_mismatch
NET-02480,consent_scope_mismatch
NET-02481,consent_scope_mismatch
NET-02482,consent_scope_mismatch
NET-02483,consent_scope_mismatch
NET-02484,consent_scope_mismatch
NET-02485,consent_scope_mismatch
NET-02486,consent_scope_mismatch
NET-02487,device_session_mismatch
NET-02488,consent_scope_mismatch
NET-02489,consent_scope_mismatch
NET-02490,consent_scope_mismatch
NET-02491,device_session_mismatch
NET-02492,consent_scope_mismatch
NET-02493,consent_scope_mismatch
NET-02494,consent_scope_mismatch
NET-02495,consent_scope_mismatch
NET-02496,consent_scope_mismatch
NET-02497,device_session_mismatch
NET-02498,consent_scope_mismatch
NET-02499,consent_scope_mismatch
NET-02500,consent_scope_mismatch
NET-02501,consent_scope_mismatch
NET-02502,consent_scope_mismatch
NET-02503,consent_scope_mismatch
NET-02504,consent_scope_mismatch
NET-02505,consent_scope_mismatch
NET-02506,device_session_mismatch
NET-02507,device_session_mismatch
NET-02508,consent_scope_mismatch
NET-02509,consent_scope_mismatch
NET-02510,consent_scope_mismatch
NET-02511,device_session_mismatch
NET-02512,consent_scope_mismatch
NET-02513,consent_scope_mismatch
NET-02514,consent_scope_mismatch
NET-02515,consent_scope_mismatch
NET-02516,consent_scope_mismatch
NET-02517,consent_scope_mismatch
NET-02518,consent_scope_mismatch
NET-02519,consent_scope_mismatch
NET-02520,consent_scope_mismatch
NET-02521,consent_scope_mismatch
NET-02522,consent_scope_mismatch
NET-02523,consent_scope_mismatch
NET-02524,consent_scope_mismatch
NET-02525,consent_scope_mismatch
NET-02526,consent_scope_mismatch
NET-02527,consent_scope_mismatch
NET-02528,consent_scope_mismatch
NET-02529,consent_scope_mismatch
NET-02530,consent_scope_mismatch
NET-02531,consent_scope_mismatch
NET-02532,consent_scope_mismatch
NET-02533,consent_scope_mismatch
NET-02534,device_session_mismatch
NET-02535,consent_scope_mismatch
NET-02536,consent_scope_mismatch
NET-02537,consent_scope_mismatch
NET-02538,consent_scope_mismatch
NET-02539,consent_scope_mismatch
NET-02540,consent_scope_mismatch
NET-02541,consent_scope_mismatch
NET-02542,device_session_mismatch
NET-02543,consent_scope_mismatch
NET-02544,consent_scope_mismatch
NET-02545,consent_scope_mismatch
NET-02546,consent_scope_mismatch
NET-02547,consent_scope_mismatch
NET-02548,consent_scope_mismatch
NET-02549,consent_scope_mismatch
NET-02550,consent_scope_mismatch
NET-02551,consent_scope_mismatch
NET-02552,consent_scope_mismatch
NET-02553,consent_scope_mismatch
NET-02554,device_session_mismatch
NET-02555,consent_scope_mismatch
NET-02556,consent_scope_mismatch
NET-02557,device_session_mismatch
NET-02558,consent_scope_mismatch
NET-02559,consent_scope_mismatch
NET-02560,consent_scope_mismatch
NET-02561,device_session_mismatch
NET-02562,consent_scope_mismatch
NET-02563,consent_scope_mismatch
NET-02564,consent_scope_mismatch
NET-02565,consent_scope_mismatch
NET-02566,consent_scope_mismatch
NET-02567,device_session_mismatch
NET-02568,consent_scope_mismatch
NET-02569,consent_scope_mismatch
NET-02570,device_session_mismatch
NET-02571,consent_scope_mismatch
NET-02572,device_session_mismatch
NET-02573,consent_scope_mismatch
NET-02574,consent_scope_mismatch
NET-02575,consent_scope_mismatch
NET-02576,consent_scope_mismatch
NET-02577,consent_scope_mismatch
NET-02578,consent_scope_mismatch
NET-02579,consent_scope_mismatch
NET-02580,consent_scope_mismatch
NET-02581,consent_scope_mismatch
NET-02582,device_session_mismatch
NET-02583,consent_scope_mismatch
NET-02584,consent_scope_mismatch
NET-02585,consent_scope_mismatch
NET-02586,consent_scope_mismatch
NET-02587,consent_scope_mismatch
NET-02588,consent_scope_mismatch
NET-02589,consent_scope_mismatch
NET-02590,consent_scope_mismatch
NET-02591,consent_scope_mismatch
NET-02592,consent_scope_mismatch
NET-02593,device_session_mismatch
NET-02594,consent_scope_mismatch
NET-02595,consent_scope_mismatch
NET-02596,consent_scope_mismatch
NET-02597,consent_scope_mismatch
NET-02598,consent_scope_mismatch
NET-02599,device_session_mismatch
NET-02600,consent_scope_mismatch
NET-02601,consent_scope_mismatch
NET-02602,consent_scope_mismatch
NET-02603,device_session_mismatch
NET-02604,consent_scope_mismatch
NET-02605,consent_scope_mismatch
NET-02606,consent_scope_mismatch
NET-02607,consent_scope_mismatch
NET-02608,consent_scope_mismatch
NET-02609,consent_scope_mismatch
NET-02610,consent_scope_mismatch
NET-02611,device_session_mismatch
NET-02612,consent_scope_mismatch
NET-02613,consent_scope_mismatch
NET-02614,device_session_mismatch
NET-02615,consent_scope_mismatch
NET-02616,consent_scope_mismatch
NET-02617,consent_scope_mismatch
NET-02618,consent_scope_mismatch
NET-02619,consent_scope_mismatch
NET-02620,consent_scope_mismatch
NET-02621,consent_scope_mismatch
NET-02622,consent_scope_mismatch
NET-02623,consent_scope_mismatch
NET-02624,consent_scope_mismatch
NET-02625,consent_scope_mismatch
NET-02626,device_session_mismatch
NET-02627,consent_scope_mismatch
NET-02628,device_session_mismatch
NET-02629,consent_scope_mismatch
NET-02630,device_session_mismatch
NET-02631,consent_scope_mismatch
NET-02632,consent_scope_mismatch
NET-02633,device_session_mismatch
NET-02634,device_session_mismatch
NET-02635,consent_scope_mismatch
NET-02636,consent_scope_mismatch
NET-02637,consent_scope_mismatch
NET-02638,consent_scope_mismatch
NET-02639,consent_scope_mismatch
NET-02640,consent_scope_mismatch
NET-02641,device_session_mismatch
NET-02642,consent_scope_mismatch
NET-02643,consent_scope_mismatch
NET-02644,device_session_mismatch
NET-02645,consent_scope_mismatch
NET-02646,consent_scope_mismatch
NET-02647,consent_scope_mismatch
NET-02648,device_session_mismatch
NET-02649,device_session_mismatch
NET-02650,consent_scope_mismatch
NET-02651,consent_scope_mismatch
NET-02652,device_session_mismatch
NET-02653,consent_scope_mismatch
NET-02654,device_session_mismatch
NET-02655,consent_scope_mismatch
NET-02656,consent_scope_mismatch
NET-02657,device_session_mismatch
NET-02658,consent_scope_mismatch
NET-02659,device_session_mismatch
NET-02660,consent_scope_mismatch
NET-02661,device_session_mismatch
NET-02662,consent_scope_mismatch
NET-02663,consent_scope_mismatch
NET-02664,consent_scope_mismatch
NET-02665,device_session_mismatch
NET-02666,consent_scope_mismatch
NET-02667,device_session_mismatch
NET-02668,device_session_mismatch
NET-02669,device_session_mismatch
NET-02670,consent_scope_mismatch
NET-02671,consent_scope_mismatch
NET-02672,consent_scope_mismatch
NET-02673,consent_scope_mismatch
NET-02674,consent_scope_mismatch
NET-02675,device_session_mismatch
NET-02676,consent_scope_mismatch
NET-02677,device_session_mismatch
NET-02678,device_session_mismatch
NET-02679,consent_scope_mismatch
NET-02680,consent_scope_mismatch
NET-02681,device_session_mismatch
NET-02682,consent_scope_mismatch
NET-02683,consent_scope_mismatch
NET-02684,consent_scope_mismatch
NET-02685,consent_scope_mismatch
NET-02686,consent_scope_mismatch
NET-02687,consent_scope_mismatch
NET-02688,device_session_mismatch
NET-02689,consent_scope_mismatch
NET-02690,consent_scope_mismatch
NET-02691,consent_scope_mismatch
NET-02692,consent_scope_mismatch
NET-02693,consent_scope_mismatch
NET-02694,consent_scope_mismatch
NET-02695,consent_scope_mismatch
NET-02696,consent_scope_mismatch
NET-02697,device_session_mismatch
NET-02698,consent_scope_mismatch
NET-02699,consent_scope_mismatch
NET-02700,consent_scope_mismatch
NET-02701,consent_scope_mismatch
NET-02702,consent_scope_mismatch
NET-02703,consent_scope_mismatch
NET-02704,consent_scope_mismatch
NET-02705,device_session_mismatch
NET-02706,consent_scope_mismatch
NET-02707,consent_scope_mismatch
NET-02708,consent_scope_mismatch
NET-02709,consent_scope_mismatch
NET-02710,consent_scope_mismatch
NET-02711,consent_scope_mismatch
NET-02712,consent_scope_mismatch
NET-02713,consent_scope_mismatch
NET-02714,consent_scope_mismatch
NET-02715,consent_scope_mismatch
NET-02716,consent_scope_mismatch
NET-02717,consent_scope_mismatch
NET-02718,consent_scope_mismatch
NET-02719,consent_scope_mismatch
NET-02720,consent_scope_mismatch
NET-02721,consent_scope_mismatch
NET-02722,consent_scope_mismatch
NET-02723,consent_scope_mismatch
NET-02724,consent_scope_mismatch
NET-02725,consent_scope_mismatch
NET-02726,consent_scope_mismatch
NET-02727,consent_scope_mismatch
NET-02728,device_session_mismatch
NET-02729,consent_scope_mismatch
NET-02730,consent_scope_mismatch
NET-02731,consent_scope_mismatch
NET-02732,consent_scope_mismatch
NET-02733,consent_scope_mismatch
NET-02734,consent_scope_mismatch
NET-02735,consent_scope_mismatch
NET-02736,consent_scope_mismatch
NET-02737,consent_scope_mismatch
NET-02738,consent_scope_mismatch
NET-02739,consent_scope_mismatch
NET-02740,device_session_mismatch
NET-02741,consent_scope_mismatch
NET-02742,consent_scope_mismatch
NET-02743,consent_scope_mismatch
NET-02744,consent_scope_mismatch
NET-02745,consent_scope_mismatch
NET-02746,consent_scope_mismatch
NET-02747,consent_scope_mismatch
NET-02748,consent_scope_mismatch
NET-02749,consent_scope_mismatch
NET-02750,device_session_mismatch
NET-02751,consent_scope_mismatch
NET-02752,consent_scope_mismatch
NET-02753,consent_scope_mismatch
NET-02754,device_session_mismatch
NET-02755,consent_scope_mismatch
NET-02756,device_session_mismatch
NET-02757,consent_scope_mismatch
NET-02758,device_session_mismatch
NET-02759,consent_scope_mismatch
NET-02760,device_session_mismatch
NET-02761,consent_scope_mismatch
NET-02762,consent_scope_mismatch
NET-02763,consent_scope_mismatch
NET-02764,device_session_mismatch
NET-02765,consent_scope_mismatch
NET-02766,device_session_mismatch
NET-02767,consent_scope_mismatch
NET-02768,consent_scope_mismatch
NET-02769,device_session_mismatch
NET-02770,device_session_mismatch
NET-02771,consent_scope_mismatch
NET-02772,consent_scope_mismatch
NET-02773,consent_scope_mismatch
NET-02774,consent_scope_mismatch
NET-02775,consent_scope_mismatch
NET-02776,device_session_mismatch
NET-02777,consent_scope_mismatch
NET-02778,consent_scope_mismatch
NET-02779,device_session_mismatch
NET-02780,consent_scope_mismatch
NET-02781,device_session_mismatch
NET-02782,consent_scope_mismatch
NET-02783,device_session_mismatch
NET-02784,device_session_mismatch
NET-02785,device_session_mismatch
NET-02786,device_session_mismatch
NET-02787,device_session_mismatch
NET-02788,device_session_mismatch
NET-02789,consent_scope_mismatch
NET-02790,consent_scope_mismatch
NET-02791,device_session_mismatch
NET-02792,consent_scope_mismatch
NET-02793,device_session_mismatch
NET-02794,device_session_mismatch
NET-02795,device_session_mismatch
NET-02796,consent_scope_mismatch
NET-02797,device_session_mismatch
NET-02798,device_session_mismatch
NET-02799,consent_scope_mismatch
NET-02800,consent_scope_mismatch
NET-02801,consent_scope_mismatch
NET-02802,consent_scope_mismatch
NET-02803,device_session_mismatch
NET-02804,consent_scope_mismatch
NET-02805,device_session_mismatch
NET-02806,consent_scope_mismatch
NET-02807,consent_scope_mismatch
NET-02808,consent_scope_mismatch
NET-02809,consent_scope_mismatch
NET-02810,consent_scope_mismatch
NET-02811,consent_scope_mismatch
NET-02812,consent_scope_mismatch
NET-02813,consent_scope_mismatch
NET-02814,device_session_mismatch
NET-02815,consent_scope_mismatch
NET-02816,consent_scope_mismatch
NET-02817,consent_scope_mismatch
NET-02818,consent_scope_mismatch
NET-02819,consent_scope_mismatch
NET-02820,consent_scope_mismatch
NET-02821,consent_scope_mismatch
NET-02822,device_session_mismatch
NET-02823,consent_scope_mismatch
NET-02824,consent_scope_mismatch
NET-02825,consent_scope_mismatch
NET-02826,consent_scope_mismatch
NET-02827,device_session_mismatch
NET-02828,consent_scope_mismatch
NET-02829,consent_scope_mismatch
NET-02830,consent_scope_mismatch
NET-02831,consent_scope_mismatch
NET-02832,consent_scope_mismatch
NET-02833,device_session_mismatch
NET-02834,consent_scope_mismatch
NET-02835,consent_scope_mismatch
NET-02836,consent_scope_mismatch
NET-02837,consent_scope_mismatch
NET-02838,consent_scope_mismatch
NET-02839,device_session_mismatch
NET-02840,consent_scope_mismatch
NET-02841,consent_scope_mismatch
NET-02842,consent_scope_mismatch
NET-02843,consent_scope_mismatch
NET-02844,consent_scope_mismatch
NET-02845,consent_scope_mismatch
NET-02846,consent_scope_mismatch
NET-02847,consent_scope_mismatch
NET-02848,consent_scope_mismatch
NET-02849,consent_scope_mismatch
NET-02850,consent_scope_mismatch
NET-02851,consent_scope_mismatch
NET-02852,consent_scope_mismatch
NET-02853,consent_scope_mismatch
NET-02854,consent_scope_mismatch
NET-02855,consent_scope_mismatch
NET-02856,device_session_mismatch
NET-02857,consent_scope_mismatch
NET-02858,consent_scope_mismatch
NET-02859,consent_scope_mismatch
NET-02860,device_session_mismatch
NET-02861,device_session_mismatch
NET-02862,device_session_mismatch
NET-02863,device_session_mismatch
NET-02864,device_session_mismatch
NET-02865,consent_scope_mismatch
NET-02866,consent_scope_mismatch
NET-02867,consent_scope_mismatch
NET-02868,consent_scope_mismatch
NET-02869,consent_scope_mismatch
NET-02870,device_session_mismatch
NET-02871,consent_scope_mismatch
NET-02872,consent_scope_mismatch
NET-02873,device_session_mismatch
NET-02874,device_session_mismatch
NET-02875,consent_scope_mismatch
NET-02876,consent_scope_mismatch
NET-02877,consent_scope_mismatch
NET-02878,device_session_mismatch
NET-02879,device_session_mismatch
NET-02880,consent_scope_mismatch
NET-02881,consent_scope_mismatch
NET-02882,consent_scope_mismatch
NET-02883,consent_scope_mismatch
NET-02884,device_session_mismatch
NET-02885,device_session_mismatch
NET-02886,device_session_mismatch
NET-02887,consent_scope_mismatch
NET-02888,device_session_mismatch
NET-02889,consent_scope_mismatch
NET-02890,consent_scope_mismatch
NET-02891,device_session_mismatch
NET-02892,consent_scope_mismatch
NET-02893,consent_scope_mismatch
NET-02894,device_session_mismatch
NET-02895,consent_scope_mismatch
NET-02896,device_session_mismatch
NET-02897,consent_scope_mismatch
NET-02898,consent_scope_mismatch
NET-02899,consent_scope_mismatch
NET-02900,consent_scope_mismatch
NET-02901,consent_scope_mismatch
NET-02902,consent_scope_mismatch
NET-02903,consent_scope_mismatch
NET-02904,device_session_mismatch
NET-02905,device_session_mismatch
NET-02906,device_session_mismatch
NET-02907,device_session_mismatch
NET-02908,consent_scope_mismatch
NET-02909,consent_scope_mismatch
NET-02910,consent_scope_mismatch
NET-02911,device_session_mismatch
NET-02912,consent_scope_mismatch
NET-02913,consent_scope_mismatch
NET-02914,consent_scope_mismatch
NET-02915,device_session_mismatch
NET-02916,consent_scope_mismatch
NET-02917,consent_scope_mismatch
NET-02918,device_session_mismatch
NET-02919,consent_scope_mismatch
NET-02920,consent_scope_mismatch
NET-02921,consent_scope_mismatch
NET-02922,consent_scope_mismatch
NET-02923,consent_scope_mismatch
NET-02924,consent_scope_mismatch
NET-02925,consent_scope_mismatch
NET-02926,device_session_mismatch
NET-02927,consent_scope_mismatch
NET-02928,device_session_mismatch
NET-02929,device_session_mismatch
NET-02930,consent_scope_mismatch
NET-02931,device_session_mismatch
NET-02932,consent_scope_mismatch
NET-02933,consent_scope_mismatch
NET-02934,consent_scope_mismatch
NET-02935,consent_scope_mismatch
NET-02936,consent_scope_mismatch
NET-02937,device_session_mismatch
NET-02938,consent_scope_mismatch
NET-02939,device_session_mismatch
NET-02940,consent_scope_mismatch
NET-02941,consent_scope_mismatch
NET-02942,consent_scope_mismatch
NET-02943,device_session_mismatch
NET-02944,consent_scope_mismatch
NET-02945,consent_scope_mismatch
NET-02946,consent_scope_mismatch
NET-02947,consent_scope_mismatch
NET-02948,consent_scope_mismatch
NET-02949,consent_scope_mismatch
NET-02950,consent_scope_mismatch
NET-02951,consent_scope_mismatch
NET-02952,consent_scope_mismatch
NET-02953,consent_scope_mismatch
NET-02954,consent_scope_mismatch
NET-02955,consent_scope_mismatch
NET-02956,consent_scope_mismatch
NET-02957,device_session_mismatch
NET-02958,device_session_mismatch
NET-02959,consent_scope_mismatch
NET-02960,consent_scope_mismatch
NET-02961,consent_scope_mismatch
NET-02962,consent_scope_mismatch
NET-02963,consent_scope_mismatch
NET-02964,consent_scope_mismatch
NET-02965,consent_scope_mismatch
NET-02966,device_session_mismatch
NET-02967,consent_scope_mismatch
NET-02968,consent_scope_mismatch
NET-02969,consent_scope_mismatch
NET-02970,consent_scope_mismatch
NET-02971,consent_scope_mismatch
NET-02972,consent_scope_mismatch
NET-02973,consent_scope_mismatch
NET-02974,consent_scope_mismatch
NET-02975,device_session_mismatch
NET-02976,consent_scope_mismatch
NET-02977,consent_scope_mismatch
NET-02978,consent_scope_mismatch
NET-02979,device_session_mismatch
NET-02980,consent_scope_mismatch
NET-02981,device_session_mismatch
NET-02982,consent_scope_mismatch
NET-02983,consent_scope_mismatch
NET-02984,consent_scope_mismatch
NET-02985,device_session_mismatch
NET-02986,consent_scope_mismatch
NET-02987,consent_scope_mismatch
NET-02988,consent_scope_mismatch
NET-02989,consent_scope_mismatch
NET-02990,consent_scope_mismatch
NET-02991,consent_scope_mismatch
NET-02992,consent_scope_mismatch
NET-02993,consent_scope_mismatch
NET-02994,consent_scope_mismatch
NET-02995,device_session_mismatch
NET-02996,device_session_mismatch
NET-02997,consent_scope_mismatch
NET-02998,consent_scope_mismatch
NET-02999,consent_scope_mismatch
NET-03000,consent_scope_mismatch
NET-03001,consent_scope_mismatch
NET-03002,consent_scope_mismatch
NET-03003,consent_scope_mismatch
NET-03004,consent_scope_mismatch
NET-03005,consent_scope_mismatch
NET-03006,consent_scope_mismatch
NET-03007,device_session_mismatch
NET-03008,consent_scope_mismatch
NET-03009,device_session_mismatch
NET-03010,device_session_mismatch
NET-03011,device_session_mismatch
NET-03012,consent_scope_mismatch
NET-03013,consent_scope_mismatch
NET-03014,consent_scope_mismatch
NET-03015,consent_scope_mismatch
NET-03016,device_session_mismatch
NET-03017,consent_scope_mismatch
NET-03018,consent_scope_mismatch
NET-03019,consent_scope_mismatch
NET-03020,consent_scope_mismatch
NET-03021,consent_scope_mismatch
NET-03022,consent_scope_mismatch
NET-03023,consent_scope_mismatch
NET-03024,consent_scope_mismatch
NET-03025,consent_scope_mismatch
NET-03026,consent_scope_mismatch
NET-03027,consent_scope_mismatch
NET-03028,consent_scope_mismatch
NET-03029,consent_scope_mismatch
NET-03030,consent_scope_mismatch
NET-03031,consent_scope_mismatch
NET-03032,consent_scope_mismatch
NET-03033,consent_scope_mismatch
NET-03034,consent_scope_mismatch
NET-03035,device_session_mismatch
NET-03036,consent_scope_mismatch
NET-03037,consent_scope_mismatch
NET-03038,device_session_mismatch
NET-03039,consent_scope_mismatch
NET-03040,consent_scope_mismatch
NET-03041,consent_scope_mismatch
NET-03042,consent_scope_mismatch
NET-03043,device_session_mismatch
NET-03044,consent_scope_mismatch
NET-03045,device_session_mismatch
NET-03046,device_session_mismatch
NET-03047,consent_scope_mismatch
NET-03048,consent_scope_mismatch
NET-03049,consent_scope_mismatch
NET-03050,consent_scope_mismatch
NET-03051,consent_scope_mismatch
NET-03052,consent_scope_mismatch
NET-03053,consent_scope_mismatch
NET-03054,consent_scope_mismatch
NET-03055,device_session_mismatch
NET-03056,consent_scope_mismatch
NET-03057,consent_scope_mismatch
NET-03058,consent_scope_mismatch
NET-03059,consent_scope_mismatch
NET-03060,device_session_mismatch
NET-03061,consent_scope_mismatch
NET-03062,consent_scope_mismatch
NET-03063,consent_scope_mismatch
NET-03064,consent_scope_mismatch
NET-03065,consent_scope_mismatch
NET-03066,device_session_mismatch
NET-03067,consent_scope_mismatch
NET-03068,consent_scope_mismatch
NET-03069,consent_scope_mismatch
NET-03070,consent_scope_mismatch
NET-03071,device_session_mismatch
NET-03072,consent_scope_mismatch
NET-03073,consent_scope_mismatch
NET-03074,consent_scope_mismatch
NET-03075,device_session_mismatch
NET-03076,consent_scope_mismatch
NET-03077,device_session_mismatch
NET-03078,consent_scope_mismatch
NET-03079,consent_scope_mismatch
NET-03080,device_session_mismatch
NET-03081,consent_scope_mismatch
NET-03082,consent_scope_mismatch
NET-03083,consent_scope_mismatch
NET-03084,device_session_mismatch
NET-03085,consent_scope_mismatch
NET-03086,consent_scope_mismatch
NET-03087,consent_scope_mismatch
NET-03088,consent_scope_mismatch
NET-03089,device_session_mismatch
NET-03090,consent_scope_mismatch
NET-03091,consent_scope_mismatch
NET-03092,consent_scope_mismatch
NET-03093,device_session_mismatch
NET-03094,device_session_mismatch
NET-03095,device_session_mismatch
NET-03096,consent_scope_mismatch
NET-03097,consent_scope_mismatch
NET-03098,device_session_mismatch
NET-03099,device_session_mismatch
NET-03100,consent_scope_mismatch
NET-03101,consent_scope_mismatch
NET-03102,consent_scope_mismatch
NET-03103,consent_scope_mismatch
NET-03104,device_session_mismatch
NET-03105,device_session_mismatch
NET-03106,consent_scope_mismatch
NET-03107,consent_scope_mismatch
NET-03108,device_session_mismatch
NET-03109,consent_scope_mismatch
NET-03110,consent_scope_mismatch
NET-03111,consent_scope_mismatch
NET-03112,device_session_mismatch
NET-03113,device_session_mismatch
NET-03114,consent_scope_mismatch
NET-03115,device_session_mismatch
NET-03116,device_session_mismatch
NET-03117,device_session_mismatch
NET-03118,device_session_mismatch
NET-03119,device_session_mismatch
NET-03120,device_session_mismatch
NET-03121,consent_scope_mismatch
NET-03122,consent_scope_mismatch
NET-03123,device_session_mismatch
NET-03124,device_session_mismatch
NET-03125,consent_scope_mismatch
NET-03126,consent_scope_mismatch
NET-03127,consent_scope_mismatch
NET-03128,consent_scope_mismatch
NET-03129,consent_scope_mismatch
NET-03130,device_session_mismatch
NET-03131,consent_scope_mismatch
NET-03132,device_session_mismatch
NET-03133,consent_scope_mismatch
NET-03134,consent_scope_mismatch
NET-03135,consent_scope_mismatch
NET-03136,consent_scope_mismatch
NET-03137,consent_scope_mismatch
NET-03138,consent_scope_mismatch
NET-03139,consent_scope_mismatch
NET-03140,consent_scope_mismatch
NET-03141,device_session_mismatch
NET-03142,consent_scope_mismatch
NET-03143,consent_scope_mismatch
NET-03144,consent_scope_mismatch
NET-03145,consent_scope_mismatch
NET-03146,consent_scope_mismatch
NET-03147,consent_scope_mismatch
NET-03148,consent_scope_mismatch
NET-03149,consent_scope_mismatch
NET-03150,consent_scope_mismatch
NET-03151,consent_scope_mismatch
NET-03152,device_session_mismatch
NET-03153,consent_scope_mismatch
NET-03154,consent_scope_mismatch
NET-03155,consent_scope_mismatch
NET-03156,consent_scope_mismatch
NET-03157,consent_scope_mismatch
NET-03158,consent_scope_mismatch
NET-03159,consent_scope_mismatch
NET-03160,consent_scope_mismatch
NET-03161,device_session_mismatch
NET-03162,device_session_mismatch
NET-03163,consent_scope_mismatch
NET-03164,consent_scope_mismatch
NET-03165,consent_scope_mismatch
NET-03166,consent_scope_mismatch
NET-03167,consent_scope_mismatch
NET-03168,consent_scope_mismatch
NET-03169,consent_scope_mismatch
NET-03170,consent_scope_mismatch
NET-03171,consent_scope_mismatch
NET-03172,device_session_mismatch
NET-03173,device_session_mismatch
NET-03174,consent_scope_mismatch
NET-03175,consent_scope_mismatch
NET-03176,consent_scope_mismatch
NET-03177,consent_scope_mismatch
NET-03178,consent_scope_mismatch
NET-03179,consent_scope_mismatch
NET-03180,consent_scope_mismatch
NET-03181,consent_scope_mismatch
NET-03182,consent_scope_mismatch
NET-03183,consent_scope_mismatch
NET-03184,device_session_mismatch
NET-03185,consent_scope_mismatch
NET-03186,consent_scope_mismatch
NET-03187,consent_scope_mismatch
NET-03188,consent_scope_mismatch
NET-03189,device_session_mismatch
NET-03190,consent_scope_mismatch
NET-03191,consent_scope_mismatch
NET-03192,device_session_mismatch
NET-03193,consent_scope_mismatch
NET-03194,consent_scope_mismatch
NET-03195,consent_scope_mismatch
NET-03196,consent_scope_mismatch
NET-03197,device_session_mismatch
NET-03198,consent_scope_mismatch
NET-03199,consent_scope_mismatch
NET-03200,consent_scope_mismatch
NET-03201,consent_scope_mismatch
NET-03202,consent_scope_mismatch
NET-03203,consent_scope_mismatch
NET-03204,consent_scope_mismatch
NET-03205,consent_scope_mismatch
NET-03206,device_session_mismatch
NET-03207,consent_scope_mismatch
NET-03208,consent_scope_mismatch
NET-03209,consent_scope_mismatch
NET-03210,consent_scope_mismatch
NET-03211,consent_scope_mismatch
NET-03212,device_session_mismatch
NET-03213,consent_scope_mismatch
NET-03214,device_session_mismatch
NET-03215,consent_scope_mismatch
NET-03216,device_session_mismatch
NET-03217,device_session_mismatch
NET-03218,consent_scope_mismatch
NET-03219,consent_scope_mismatch
NET-03220,device_session_mismatch
NET-03221,consent_scope_mismatch
NET-03222,device_session_mismatch
NET-03223,device_session_mismatch
NET-03224,consent_scope_mismatch
NET-03225,device_session_mismatch
NET-03226,consent_scope_mismatch
NET-03227,consent_scope_mismatch
NET-03228,device_session_mismatch
NET-03229,consent_scope_mismatch
NET-03230,consent_scope_mismatch
NET-03231,consent_scope_mismatch
NET-03232,device_session_mismatch
NET-03233,consent_scope_mismatch
NET-03234,consent_scope_mismatch
NET-03235,consent_scope_mismatch
NET-03236,consent_scope_mismatch
NET-03237,device_session_mismatch
NET-03238,consent_scope_mismatch
NET-03239,consent_scope_mismatch
NET-03240,device_session_mismatch
NET-03241,consent_scope_mismatch
NET-03242,device_session_mismatch
NET-03243,device_session_mismatch
NET-03244,device_session_mismatch
NET-03245,consent_scope_mismatch
NET-03246,consent_scope_mismatch
NET-03247,consent_scope_mismatch
NET-03248,consent_scope_mismatch
NET-03249,consent_scope_mismatch
NET-03250,consent_scope_mismatch
NET-03251,consent_scope_mismatch
NET-03252,consent_scope_mismatch
NET-03253,consent_scope_mismatch
NET-03254,consent_scope_mismatch
NET-03255,consent_scope_mismatch
NET-03256,consent_scope_mismatch
NET-03257,consent_scope_mismatch
NET-03258,consent_scope_mismatch
NET-03259,consent_scope_mismatch
NET-03260,consent_scope_mismatch
NET-03261,consent_scope_mismatch
NET-03262,consent_scope_mismatch
NET-03263,consent_scope_mismatch
NET-03264,consent_scope_mismatch
NET-03265,consent_scope_mismatch
NET-03266,consent_scope_mismatch
NET-03267,consent_scope_mismatch
NET-03268,consent_scope_mismatch
NET-03269,device_session_mismatch
NET-03270,consent_scope_mismatch
NET-03271,consent_scope_mismatch
NET-03272,consent_scope_mismatch
NET-03273,consent_scope_mismatch
NET-03274,device_session_mismatch
NET-03275,consent_scope_mismatch
NET-03276,consent_scope_mismatch
NET-03277,device_session_mismatch
NET-03278,consent_scope_mismatch
NET-03279,consent_scope_mismatch
NET-03280,device_session_mismatch
NET-03281,consent_scope_mismatch
NET-03282,consent_scope_mismatch
NET-03283,consent_scope_mismatch
NET-03284,consent_scope_mismatch
NET-03285,consent_scope_mismatch
NET-03286,consent_scope_mismatch
NET-03287,consent_scope_mismatch
NET-03288,device_session_mismatch
NET-03289,consent_scope_mismatch
NET-03290,consent_scope_mismatch
NET-03291,consent_scope_mismatch
NET-03292,consent_scope_mismatch
NET-03293,consent_scope_mismatch
NET-03294,consent_scope_mismatch
NET-03295,consent_scope_mismatch
NET-03296,consent_scope_mismatch
NET-03297,device_session_mismatch
NET-03298,consent_scope_mismatch
NET-03299,consent_scope_mismatch
NET-03300,consent_scope_mismatch
NET-03301,consent_scope_mismatch
NET-03302,consent_scope_mismatch
NET-03303,consent_scope_mismatch
NET-03304,consent_scope_mismatch
NET-03305,device_session_mismatch
NET-03306,consent_scope_mismatch
NET-03307,consent_scope_mismatch
NET-03308,consent_scope_mismatch
NET-03309,consent_scope_mismatch
NET-03310,consent_scope_mismatch
NET-03311,consent_scope_mismatch
NET-03312,consent_scope_mismatch
NET-03313,device_session_mismatch
NET-03314,consent_scope_mismatch
NET-03315,consent_scope_mismatch
NET-03316,consent_scope_mismatch
NET-03317,consent_scope_mismatch
NET-03318,consent_scope_mismatch
NET-03319,consent_scope_mismatch
NET-03320,consent_scope_mismatch
NET-03321,device_session_mismatch
NET-03322,device_session_mismatch
NET-03323,device_session_mismatch
NET-03324,device_session_mismatch
NET-03325,device_session_mismatch
NET-03326,consent_scope_mismatch
NET-03327,consent_scope_mismatch
NET-03328,consent_scope_mismatch
NET-03329,consent_scope_mismatch
NET-03330,consent_scope_mismatch
NET-03331,consent_scope_mismatch
NET-03332,device_session_mismatch
NET-03333,consent_scope_mismatch
NET-03334,consent_scope_mismatch
NET-03335,consent_scope_mismatch
NET-03336,consent_scope_mismatch
NET-03337,consent_scope_mismatch
NET-03338,consent_scope_mismatch
NET-03339,consent_scope_mismatch
NET-03340,consent_scope_mismatch
NET-03341,consent_scope_mismatch
NET-03342,consent_scope_mismatch
NET-03343,consent_scope_mismatch
NET-03344,consent_scope_mismatch
NET-03345,consent_scope_mismatch
NET-03346,device_session_mismatch
NET-03347,device_session_mismatch
NET-03348,device_session_mismatch
NET-03349,device_session_mismatch
NET-03350,device_session_mismatch
NET-03351,device_session_mismatch
NET-03352,consent_scope_mismatch
NET-03353,consent_scope_mismatch
NET-03354,consent_scope_mismatch
NET-03355,consent_scope_mismatch
NET-03356,consent_scope_mismatch
NET-03357,device_session_mismatch
NET-03358,consent_scope_mismatch
NET-03359,device_session_mismatch
NET-03360,consent_scope_mismatch
NET-03361,device_session_mismatch
NET-03362,consent_scope_mismatch
NET-03363,consent_scope_mismatch
NET-03364,consent_scope_mismatch
NET-03365,consent_scope_mismatch
NET-03366,consent_scope_mismatch
NET-03367,consent_scope_mismatch
NET-03368,consent_scope_mismatch
NET-03369,consent_scope_mismatch
NET-03370,device_session_mismatch
NET-03371,consent_scope_mismatch
NET-03372,consent_scope_mismatch
NET-03373,consent_scope_mismatch
NET-03374,consent_scope_mismatch
NET-03375,consent_scope_mismatch
NET-03376,consent_scope_mismatch
NET-03377,consent_scope_mismatch
NET-03378,consent_scope_mismatch
NET-03379,device_session_mismatch
NET-03380,consent_scope_mismatch
NET-03381,consent_scope_mismatch
NET-03382,consent_scope_mismatch
NET-03383,consent_scope_mismatch
NET-03384,consent_scope_mismatch
NET-03385,device_session_mismatch
NET-03386,device_session_mismatch
NET-03387,consent_scope_mismatch
NET-03388,device_session_mismatch
NET-03389,consent_scope_mismatch
NET-03390,consent_scope_mismatch
NET-03391,consent_scope_mismatch
NET-03392,device_session_mismatch
NET-03393,consent_scope_mismatch
NET-03394,device_session_mismatch
NET-03395,consent_scope_mismatch
NET-03396,consent_scope_mismatch
NET-03397,consent_scope_mismatch
NET-03398,consent_scope_mismatch
NET-03399,device_session_mismatch
NET-03400,consent_scope_mismatch
NET-03401,device_session_mismatch
NET-03402,consent_scope_mismatch
NET-03403,consent_scope_mismatch
NET-03404,consent_scope_mismatch
NET-03405,consent_scope_mismatch
NET-03406,consent_scope_mismatch
NET-03407,device_session_mismatch
NET-03408,consent_scope_mismatch
NET-03409,consent_scope_mismatch
NET-03410,consent_scope_mismatch
NET-03411,consent_scope_mismatch
NET-03412,device_session_mismatch
NET-03413,consent_scope_mismatch
NET-03414,consent_scope_mismatch
NET-03415,consent_scope_mismatch
NET-03416,device_session_mismatch
NET-03417,consent_scope_mismatch
NET-03418,device_session_mismatch
NET-03419,consent_scope_mismatch
NET-03420,consent_scope_mismatch
NET-03421,consent_scope_mismatch
NET-03422,consent_scope_mismatch
NET-03423,consent_scope_mismatch
NET-03424,consent_scope_mismatch
NET-03425,consent_scope_mismatch
NET-03426,consent_scope_mismatch
NET-03427,consent_scope_mismatch
NET-03428,consent_scope_mismatch
NET-03429,consent_scope_mismatch
NET-03430,consent_scope_mismatch
NET-03431,device_session_mismatch
NET-03432,consent_scope_mismatch
NET-03433,consent_scope_mismatch
NET-03434,device_session_mismatch
NET-03435,consent_scope_mismatch
NET-03436,consent_scope_mismatch
NET-03437,consent_scope_mismatch
NET-03438,consent_scope_mismatch
NET-03439,consent_scope_mismatch
NET-03440,consent_scope_mismatch
NET-03441,device_session_mismatch
NET-03442,device_session_mismatch
NET-03443,consent_scope_mismatch
NET-03444,consent_scope_mismatch
NET-03445,consent_scope_mismatch
NET-03446,consent_scope_mismatch
NET-03447,consent_scope_mismatch
NET-03448,consent_scope_mismatch
NET-03449,device_session_mismatch
NET-03450,device_session_mismatch
NET-03451,consent_scope_mismatch
NET-03452,consent_scope_mismatch
NET-03453,device_session_mismatch
NET-03454,device_session_mismatch
NET-03455,device_session_mismatch
NET-03456,consent_scope_mismatch
NET-03457,consent_scope_mismatch
NET-03458,consent_scope_mismatch
NET-03459,consent_scope_mismatch
NET-03460,device_session_mismatch
NET-03461,device_session_mismatch
NET-03462,consent_scope_mismatch
NET-03463,device_session_mismatch
NET-03464,consent_scope_mismatch
NET-03465,consent_scope_mismatch
NET-03466,consent_scope_mismatch
NET-03467,consent_scope_mismatch
NET-03468,consent_scope_mismatch
NET-03469,device_session_mismatch
NET-03470,device_session_mismatch
NET-03471,consent_scope_mismatch
NET-03472,consent_scope_mismatch
NET-03473,consent_scope_mismatch
NET-03474,consent_scope_mismatch
NET-03475,device_session_mismatch
NET-03476,consent_scope_mismatch
NET-03477,consent_scope_mismatch
NET-03478,consent_scope_mismatch
NET-03479,consent_scope_mismatch
NET-03480,consent_scope_mismatch
NET-03481,consent_scope_mismatch
NET-03482,consent_scope_mismatch
NET-03483,consent_scope_mismatch
NET-03484,consent_scope_mismatch
NET-03485,consent_scope_mismatch
NET-03486,consent_scope_mismatch
NET-03487,device_session_mismatch
NET-03488,consent_scope_mismatch
NET-03489,consent_scope_mismatch
NET-03490,consent_scope_mismatch
NET-03491,consent_scope_mismatch
NET-03492,consent_scope_mismatch
NET-03493,consent_scope_mismatch
NET-03494,consent_scope_mismatch
NET-03495,consent_scope_mismatch
NET-03496,consent_scope_mismatch
NET-03497,consent_scope_mismatch
NET-03498,device_session_mismatch
NET-03499,consent_scope_mismatch
NET-03500,consent_scope_mismatch
NET-03501,consent_scope_mismatch
NET-03502,consent_scope_mismatch
NET-03503,consent_scope_mismatch
NET-03504,consent_scope_mismatch
NET-03505,consent_scope_mismatch
NET-03506,consent_scope_mismatch
NET-03507,consent_scope_mismatch
NET-03508,consent_scope_mismatch
NET-03509,consent_scope_mismatch
NET-03510,consent_scope_mismatch
NET-03511,consent_scope_mismatch
NET-03512,consent_scope_mismatch
NET-03513,consent_scope_mismatch
NET-03514,consent_scope_mismatch
NET-03515,device_session_mismatch
NET-03516,consent_scope_mismatch
NET-03517,consent_scope_mismatch
NET-03518,device_session_mismatch
NET-03519,consent_scope_mismatch
NET-03520,consent_scope_mismatch
NET-03521,consent_scope_mismatch
NET-03522,consent_scope_mismatch
NET-03523,consent_scope_mismatch
NET-03524,consent_scope_mismatch
NET-03525,consent_scope_mismatch
NET-03526,consent_scope_mismatch
NET-03527,consent_scope_mismatch
NET-03528,consent_scope_mismatch
NET-03529,consent_scope_mismatch
NET-03530,device_session_mismatch
NET-03531,consent_scope_mismatch
NET-03532,consent_scope_mismatch
NET-03533,consent_scope_mismatch
NET-03534,consent_scope_mismatch
NET-03535,consent_scope_mismatch
NET-03536,consent_scope_mismatch
NET-03537,consent_scope_mismatch
NET-03538,consent_scope_mismatch
NET-03539,consent_scope_mismatch
NET-03540,consent_scope_mismatch
NET-03541,consent_scope_mismatch
NET-03542,consent_scope_mismatch
NET-03543,consent_scope_mismatch
NET-03544,consent_scope_mismatch
NET-03545,consent_scope_mismatch
NET-03546,consent_scope_mismatch
NET-03547,consent_scope_mismatch
NET-03548,consent_scope_mismatch
NET-03549,device_session_mismatch
NET-03550,consent_scope_mismatch
NET-03551,consent_scope_mismatch
NET-03552,consent_scope_mismatch
NET-03553,consent_scope_mismatch
NET-03554,device_session_mismatch
NET-03555,consent_scope_mismatch
NET-03556,consent_scope_mismatch
NET-03557,device_session_mismatch
NET-03558,consent_scope_mismatch
NET-03559,device_session_mismatch
NET-03560,consent_scope_mismatch
NET-03561,consent_scope_mismatch
NET-03562,consent_scope_mismatch
NET-03563,consent_scope_mismatch
NET-03564,consent_scope_mismatch
NET-03565,device_session_mismatch
NET-03566,consent_scope_mismatch
NET-03567,consent_scope_mismatch
NET-03568,consent_scope_mismatch
NET-03569,consent_scope_mismatch
NET-03570,consent_scope_mismatch
NET-03571,consent_scope_mismatch
NET-03572,device_session_mismatch
NET-03573,device_session_mismatch
NET-03574,consent_scope_mismatch
NET-03575,consent_scope_mismatch
NET-03576,device_session_mismatch
NET-03577,consent_scope_mismatch
NET-03578,device_session_mismatch
NET-03579,consent_scope_mismatch
NET-03580,consent_scope_mismatch
NET-03581,device_session_mismatch
NET-03582,consent_scope_mismatch
NET-03583,consent_scope_mismatch
NET-03584,consent_scope_mismatch
NET-03585,device_session_mismatch
NET-03586,consent_scope_mismatch
NET-03587,consent_scope_mismatch
NET-03588,device_session_mismatch
NET-03589,device_session_mismatch
NET-03590,device_session_mismatch
NET-03591,consent_scope_mismatch
NET-03592,consent_scope_mismatch
NET-03593,consent_scope_mismatch
NET-03594,consent_scope_mismatch
NET-03595,consent_scope_mismatch
NET-03596,consent_scope_mismatch
NET-03597,consent_scope_mismatch
NET-03598,consent_scope_mismatch
NET-03599,consent_scope_mismatch
NET-03600,consent_scope_mismatch
NET-03601,device_session_mismatch
NET-03602,consent_scope_mismatch
NET-03603,device_session_mismatch
NET-03604,consent_scope_mismatch
NET-03605,consent_scope_mismatch
NET-03606,consent_scope_mismatch
NET-03607,consent_scope_mismatch
NET-03608,consent_scope_mismatch
NET-03609,device_session_mismatch
NET-03610,consent_scope_mismatch
NET-03611,consent_scope_mismatch
NET-03612,device_session_mismatch
NET-03613,consent_scope_mismatch
NET-03614,consent_scope_mismatch
NET-03615,consent_scope_mismatch
NET-03616,consent_scope_mismatch
NET-03617,consent_scope_mismatch
NET-03618,consent_scope_mismatch
NET-03619,device_session_mismatch
NET-03620,consent_scope_mismatch
NET-03621,consent_scope_mismatch
NET-03622,consent_scope_mismatch
NET-03623,device_session_mismatch
NET-03624,consent_scope_mismatch
NET-03625,consent_scope_mismatch
NET-03626,consent_scope_mismatch
NET-03627,consent_scope_mismatch
NET-03628,device_session_mismatch
NET-03629,consent_scope_mismatch
NET-03630,consent_scope_mismatch
NET-03631,consent_scope_mismatch
NET-03632,device_session_mismatch
NET-03633,consent_scope_mismatch
NET-03634,device_session_mismatch
NET-03635,device_session_mismatch
NET-03636,device_session_mismatch
NET-03637,consent_scope_mismatch
NET-03638,consent_scope_mismatch
NET-03639,device_session_mismatch
NET-03640,consent_scope_mismatch
NET-03641,consent_scope_mismatch
NET-03642,consent_scope_mismatch
NET-03643,consent_scope_mismatch
NET-03644,consent_scope_mismatch
NET-03645,device_session_mismatch
NET-03646,consent_scope_mismatch
NET-03647,device_session_mismatch
NET-03648,consent_scope_mismatch
NET-03649,consent_scope_mismatch
NET-03650,device_session_mismatch
NET-03651,device_session_mismatch
NET-03652,device_session_mismatch
NET-03653,device_session_mismatch
NET-03654,consent_scope_mismatch
NET-03655,consent_scope_mismatch
NET-03656,consent_scope_mismatch
NET-03657,consent_scope_mismatch
NET-03658,device_session_mismatch
NET-03659,consent_scope_mismatch
NET-03660,device_session_mismatch
NET-03661,consent_scope_mismatch
NET-03662,consent_scope_mismatch
NET-03663,device_session_mismatch
NET-03664,consent_scope_mismatch
NET-03665,consent_scope_mismatch
NET-03666,consent_scope_mismatch
NET-03667,consent_scope_mismatch
NET-03668,consent_scope_mismatch
NET-03669,device_session_mismatch
NET-03670,device_session_mismatch
NET-03671,consent_scope_mismatch
NET-03672,consent_scope_mismatch
NET-03673,consent_scope_mismatch
NET-03674,consent_scope_mismatch
NET-03675,device_session_mismatch
NET-03676,consent_scope_mismatch
NET-03677,consent_scope_mismatch
NET-03678,device_session_mismatch
NET-03679,device_session_mismatch
NET-03680,device_session_mismatch
NET-03681,device_session_mismatch
NET-03682,device_session_mismatch
NET-03683,consent_scope_mismatch
NET-03684,consent_scope_mismatch
NET-03685,device_session_mismatch
NET-03686,consent_scope_mismatch
NET-03687,consent_scope_mismatch
NET-03688,consent_scope_mismatch
NET-03689,consent_scope_mismatch
NET-03690,consent_scope_mismatch
NET-03691,consent_scope_mismatch
NET-03692,consent_scope_mismatch
NET-03693,consent_scope_mismatch
NET-03694,device_session_mismatch
NET-03695,consent_scope_mismatch
NET-03696,consent_scope_mismatch
NET-03697,device_session_mismatch
NET-03698,consent_scope_mismatch
NET-03699,consent_scope_mismatch
NET-03700,consent_scope_mismatch
NET-03701,consent_scope_mismatch
NET-03702,consent_scope_mismatch
NET-03703,consent_scope_mismatch
NET-03704,device_session_mismatch
NET-03705,consent_scope_mismatch
NET-03706,device_session_mismatch
NET-03707,device_session_mismatch
NET-03708,device_session_mismatch
NET-03709,consent_scope_mismatch
NET-03710,consent_scope_mismatch
NET-03711,consent_scope_mismatch
NET-03712,consent_scope_mismatch
NET-03713,consent_scope_mismatch
NET-03714,consent_scope_mismatch
NET-03715,consent_scope_mismatch
NET-03716,device_session_mismatch
NET-03717,consent_scope_mismatch
NET-03718,consent_scope_mismatch
NET-03719,consent_scope_mismatch
NET-03720,consent_scope_mismatch
NET-03721,consent_scope_mismatch
NET-03722,device_session_mismatch
NET-03723,device_session_mismatch
NET-03724,consent_scope_mismatch
NET-03725,consent_scope_mismatch
NET-03726,device_session_mismatch
NET-03727,device_session_mismatch
NET-03728,device_session_mismatch
NET-03729,consent_scope_mismatch
NET-03730,consent_scope_mismatch
NET-03731,device_session_mismatch
NET-03732,device_session_mismatch
NET-03733,device_session_mismatch
NET-03734,device_session_mismatch
NET-03735,consent_scope_mismatch
NET-03736,consent_scope_mismatch
NET-03737,consent_scope_mismatch
NET-03738,consent_scope_mismatch
NET-03739,device_session_mismatch
NET-03740,consent_scope_mismatch
NET-03741,consent_scope_mismatch
NET-03742,device_session_mismatch
NET-03743,device_session_mismatch
NET-03744,consent_scope_mismatch
NET-03745,device_session_mismatch
NET-03746,consent_scope_mismatch
NET-03747,consent_scope_mismatch
NET-03748,consent_scope_mismatch
NET-03749,consent_scope_mismatch
NET-03750,consent_scope_mismatch
NET-03751,consent_scope_mismatch
NET-03752,consent_scope_mismatch
NET-03753,device_session_mismatch
NET-03754,consent_scope_mismatch
NET-03755,consent_scope_mismatch
NET-03756,consent_scope_mismatch
NET-03757,consent_scope_mismatch
NET-03758,device_session_mismatch
NET-03759,consent_scope_mismatch
NET-03760,consent_scope_mismatch
NET-03761,consent_scope_mismatch
NET-03762,device_session_mismatch
NET-03763,consent_scope_mismatch
NET-03764,device_session_mismatch
NET-03765,consent_scope_mismatch
NET-03766,consent_scope_mismatch
NET-03767,consent_scope_mismatch
NET-03768,consent_scope_mismatch
NET-03769,device_session_mismatch
NET-03770,consent_scope_mismatch
NET-03771,consent_scope_mismatch
NET-03772,consent_scope_mismatch
NET-03773,consent_scope_mismatch
NET-03774,consent_scope_mismatch
NET-03775,device_session_mismatch
NET-03776,device_session_mismatch
NET-03777,consent_scope_mismatch
NET-03778,consent_scope_mismatch
NET-03779,consent_scope_mismatch
NET-03780,consent_scope_mismatch
NET-03781,consent_scope_mismatch
NET-03782,device_session_mismatch
NET-03783,device_session_mismatch
NET-03784,consent_scope_mismatch
NET-03785,consent_scope_mismatch
NET-03786,consent_scope_mismatch
NET-03787,consent_scope_mismatch
NET-03788,consent_scope_mismatch
NET-03789,consent_scope_mismatch
NET-03790,consent_scope_mismatch
NET-03791,consent_scope_mismatch
NET-03792,device_session_mismatch
NET-03793,consent_scope_mismatch
NET-03794,consent_scope_mismatch
NET-03795,consent_scope_mismatch
NET-03796,consent_scope_mismatch
NET-03797,device_session_mismatch
NET-03798,device_session_mismatch
NET-03799,consent_scope_mismatch
NET-03800,consent_scope_mismatch
NET-03801,consent_scope_mismatch
NET-03802,device_session_mismatch
NET-03803,consent_scope_mismatch
NET-03804,consent_scope_mismatch
NET-03805,consent_scope_mismatch
NET-03806,device_session_mismatch
NET-03807,consent_scope_mismatch
NET-03808,consent_scope_mismatch
NET-03809,device_session_mismatch
NET-03810,device_session_mismatch
NET-03811,consent_scope_mismatch
NET-03812,consent_scope_mismatch
NET-03813,consent_scope_mismatch
NET-03814,consent_scope_mismatch
NET-03815,consent_scope_mismatch
NET-03816,consent_scope_mismatch
NET-03817,device_session_mismatch
NET-03818,consent_scope_mismatch
NET-03819,consent_scope_mismatch
NET-03820,consent_scope_mismatch
NET-03821,consent_scope_mismatch
NET-03822,device_session_mismatch
NET-03823,consent_scope_mismatch
NET-03824,consent_scope_mismatch
NET-03825,consent_scope_mismatch
NET-03826,consent_scope_mismatch
NET-03827,device_session_mismatch
NET-03828,consent_scope_mismatch
NET-03829,consent_scope_mismatch
NET-03830,consent_scope_mismatch
NET-03831,consent_scope_mismatch
NET-03832,consent_scope_mismatch
NET-03833,consent_scope_mismatch
NET-03834,consent_scope_mismatch
NET-03835,consent_scope_mismatch
NET-03836,consent_scope_mismatch
NET-03837,consent_scope_mismatch
NET-03838,consent_scope_mismatch
NET-03839,consent_scope_mismatch
NET-03840,consent_scope_mismatch
NET-03841,consent_scope_mismatch
NET-03842,consent_scope_mismatch
NET-03843,consent_scope_mismatch
NET-03844,consent_scope_mismatch
NET-03845,consent_scope_mismatch
NET-03846,consent_scope_mismatch
NET-03847,device_session_mismatch
NET-03848,consent_scope_mismatch
NET-03849,consent_scope_mismatch
NET-03850,consent_scope_mismatch
NET-03851,consent_scope_mismatch
NET-03852,consent_scope_mismatch
NET-03853,consent_scope_mismatch
NET-03854,consent_scope_mismatch
NET-03855,consent_scope_mismatch
NET-03856,consent_scope_mismatch
NET-03857,consent_scope_mismatch
NET-03858,consent_scope_mismatch
NET-03859,consent_scope_mismatch
NET-03860,consent_scope_mismatch
NET-03861,consent_scope_mismatch
NET-03862,consent_scope_mismatch
NET-03863,consent_scope_mismatch
NET-03864,consent_scope_mismatch
NET-03865,device_session_mismatch
NET-03866,consent_scope_mismatch
NET-03867,consent_scope_mismatch
NET-03868,consent_scope_mismatch
NET-03869,device_session_mismatch
NET-03870,consent_scope_mismatch
NET-03871,consent_scope_mismatch
NET-03872,consent_scope_mismatch
NET-03873,consent_scope_mismatch
NET-03874,consent_scope_mismatch
NET-03875,consent_scope_mismatch
NET-03876,consent_scope_mismatch
NET-03877,consent_scope_mismatch
NET-03878,device_session_mismatch
NET-03879,consent_scope_mismatch
NET-03880,device_session_mismatch
NET-03881,device_session_mismatch
NET-03882,device_session_mismatch
NET-03883,consent_scope_mismatch
NET-03884,device_session_mismatch
NET-03885,device_session_mismatch
NET-03886,consent_scope_mismatch
NET-03887,consent_scope_mismatch
NET-03888,consent_scope_mismatch
NET-03889,consent_scope_mismatch
NET-03890,device_session_mismatch
NET-03891,consent_scope_mismatch
NET-03892,device_session_mismatch
NET-03893,consent_scope_mismatch
NET-03894,consent_scope_mismatch
NET-03895,device_session_mismatch
NET-03896,consent_scope_mismatch
NET-03897,consent_scope_mismatch
NET-03898,consent_scope_mismatch
NET-03899,device_session_mismatch
NET-03900,device_session_mismatch
NET-03901,consent_scope_mismatch
NET-03902,device_session_mismatch
NET-03903,consent_scope_mismatch
NET-03904,consent_scope_mismatch
NET-03905,consent_scope_mismatch
NET-03906,consent_scope_mismatch
NET-03907,consent_scope_mismatch
NET-03908,device_session_mismatch
NET-03909,device_session_mismatch
NET-03910,consent_scope_mismatch
NET-03911,device_session_mismatch
NET-03912,device_session_mismatch
NET-03913,consent_scope_mismatch
NET-03914,device_session_mismatch
NET-03915,device_session_mismatch
NET-03916,consent_scope_mismatch
NET-03917,device_session_mismatch
NET-03918,device_session_mismatch
NET-03919,device_session_mismatch
NET-03920,consent_scope_mismatch
NET-03921,device_session_mismatch
NET-03922,consent_scope_mismatch
NET-03923,consent_scope_mismatch
NET-03924,consent_scope_mismatch
NET-03925,consent_scope_mismatch
NET-03926,device_session_mismatch
NET-03927,device_session_mismatch
NET-03928,consent_scope_mismatch
NET-03929,device_session_mismatch
NET-03930,device_session_mismatch
NET-03931,device_session_mismatch
NET-03932,device_session_mismatch
NET-03933,consent_scope_mismatch
NET-03934,consent_scope_mismatch
NET-03935,consent_scope_mismatch
NET-03936,device_session_mismatch
NET-03937,device_session_mismatch
NET-03938,consent_scope_mismatch
NET-03939,consent_scope_mismatch
NET-03940,device_session_mismatch
NET-03941,device_session_mismatch
NET-03942,device_session_mismatch
NET-03943,consent_scope_mismatch
NET-03944,consent_scope_mismatch
NET-03945,consent_scope_mismatch
NET-03946,consent_scope_mismatch
NET-03947,device_session_mismatch
NET-03948,device_session_mismatch
NET-03949,consent_scope_mismatch
NET-03950,consent_scope_mismatch
NET-03951,consent_scope_mismatch
NET-03952,device_session_mismatch
NET-03953,consent_scope_mismatch
NET-03954,consent_scope_mismatch
NET-03955,consent_scope_mismatch
NET-03956,consent_scope_mismatch
NET-03957,consent_scope_mismatch
NET-03958,consent_scope_mismatch
NET-03959,consent_scope_mismatch
NET-03960,consent_scope_mismatch
NET-03961,consent_scope_mismatch
NET-03962,consent_scope_mismatch
NET-03963,consent_scope_mismatch
NET-03964,device_session_mismatch
NET-03965,consent_scope_mismatch
NET-03966,consent_scope_mismatch
NET-03967,device_session_mismatch
NET-03968,device_session_mismatch
NET-03969,consent_scope_mismatch
NET-03970,consent_scope_mismatch
NET-03971,device_session_mismatch
NET-03972,consent_scope_mismatch
NET-03973,consent_scope_mismatch
NET-03974,consent_scope_mismatch
NET-03975,consent_scope_mismatch
NET-03976,consent_scope_mismatch
NET-03977,consent_scope_mismatch
NET-03978,consent_scope_mismatch
NET-03979,device_session_mismatch
NET-03980,consent_scope_mismatch
NET-03981,consent_scope_mismatch
NET-03982,consent_scope_mismatch
NET-03983,device_session_mismatch
NET-03984,consent_scope_mismatch
NET-03985,consent_scope_mismatch
NET-03986,consent_scope_mismatch
NET-03987,device_session_mismatch
NET-03988,consent_scope_mismatch
NET-03989,consent_scope_mismatch
NET-03990,consent_scope_mismatch
NET-03991,consent_scope_mismatch
NET-03992,consent_scope_mismatch
NET-03993,consent_scope_mismatch
NET-03994,consent_scope_mismatch
NET-03995,device_session_mismatch
NET-03996,consent_scope_mismatch
NET-03997,consent_scope_mismatch
NET-03998,consent_scope_mismatch
NET-03999,consent_scope_mismatch
NET-04000,consent_scope_mismatch
NET-04001,consent_scope_mismatch
NET-04002,device_session_mismatch
NET-04003,consent_scope_mismatch
NET-04004,consent_scope_mismatch
NET-04005,consent_scope_mismatch
NET-04006,consent_scope_mismatch
NET-04007,consent_scope_mismatch
NET-04008,consent_scope_mismatch
NET-04009,device_session_mismatch
NET-04010,consent_scope_mismatch
NET-04011,consent_scope_mismatch
NET-04012,device_session_mismatch
NET-04013,device_session_mismatch
NET-04014,consent_scope_mismatch
NET-04015,consent_scope_mismatch
NET-04016,consent_scope_mismatch
NET-04017,consent_scope_mismatch
NET-04018,consent_scope_mismatch
NET-04019,device_session_mismatch
NET-04020,consent_scope_mismatch
NET-04021,device_session_mismatch
NET-04022,consent_scope_mismatch
NET-04023,consent_scope_mismatch
NET-04024,consent_scope_mismatch
NET-04025,consent_scope_mismatch
NET-04026,consent_scope_mismatch
NET-04027,consent_scope_mismatch
NET-04028,device_session_mismatch
NET-04029,consent_scope_mismatch
NET-04030,consent_scope_mismatch
NET-04031,consent_scope_mismatch
NET-04032,consent_scope_mismatch
NET-04033,consent_scope_mismatch
NET-04034,consent_scope_mismatch
NET-04035,device_session_mismatch
NET-04036,device_session_mismatch
NET-04037,consent_scope_mismatch
NET-04038,consent_scope_mismatch
NET-04039,consent_scope_mismatch
NET-04040,consent_scope_mismatch
NET-04041,device_session_mismatch
NET-04042,consent_scope_mismatch
NET-04043,consent_scope_mismatch
NET-04044,consent_scope_mismatch
NET-04045,consent_scope_mismatch
NET-04046,consent_scope_mismatch
NET-04047,consent_scope_mismatch
NET-04048,consent_scope_mismatch
NET-04049,consent_scope_mismatch
NET-04050,consent_scope_mismatch
NET-04051,consent_scope_mismatch
NET-04052,consent_scope_mismatch
NET-04053,device_session_mismatch
NET-04054,consent_scope_mismatch
NET-04055,consent_scope_mismatch
NET-04056,consent_scope_mismatch
NET-04057,device_session_mismatch
NET-04058,consent_scope_mismatch
NET-04059,consent_scope_mismatch
NET-04060,consent_scope_mismatch
NET-04061,consent_scope_mismatch
NET-04062,consent_scope_mismatch
NET-04063,consent_scope_mismatch
NET-04064,consent_scope_mismatch
NET-04065,consent_scope_mismatch
NET-04066,device_session_mismatch
NET-04067,device_session_mismatch
NET-04068,consent_scope_mismatch
NET-04069,device_session_mismatch
NET-04070,device_session_mismatch
NET-04071,consent_scope_mismatch
NET-04072,consent_scope_mismatch
NET-04073,consent_scope_mismatch
NET-04074,consent_scope_mismatch
NET-04075,consent_scope_mismatch
NET-04076,device_session_mismatch
NET-04077,consent_scope_mismatch
NET-04078,consent_scope_mismatch
NET-04079,device_session_mismatch
NET-04080,consent_scope_mismatch
NET-04081,consent_scope_mismatch
NET-04082,consent_scope_mismatch
NET-04083,consent_scope_mismatch
NET-04084,consent_scope_mismatch
NET-04085,consent_scope_mismatch
NET-04086,consent_scope_mismatch
NET-04087,consent_scope_mismatch
NET-04088,consent_scope_mismatch
NET-04089,consent_scope_mismatch
NET-04090,consent_scope_mismatch
NET-04091,consent_scope_mismatch
NET-04092,consent_scope_mismatch
NET-04093,consent_scope_mismatch
NET-04094,consent_scope_mismatch
NET-04095,device_session_mismatch
NET-04096,consent_scope_mismatch
NET-04097,consent_scope_mismatch
NET-04098,consent_scope_mismatch
NET-04099,consent_scope_mismatch
NET-04100,device_session_mismatch
NET-04101,consent_scope_mismatch
NET-04102,consent_scope_mismatch
NET-04103,consent_scope_mismatch
NET-04104,consent_scope_mismatch
NET-04105,consent_scope_mismatch
NET-04106,consent_scope_mismatch
NET-04107,consent_scope_mismatch
NET-04108,consent_scope_mismatch
NET-04109,consent_scope_mismatch
NET-04110,consent_scope_mismatch
NET-04111,device_session_mismatch
NET-04112,consent_scope_mismatch
NET-04113,consent_scope_mismatch
NET-04114,consent_scope_mismatch
NET-04115,device_session_mismatch
NET-04116,consent_scope_mismatch
NET-04117,consent_scope_mismatch
NET-04118,consent_scope_mismatch
NET-04119,consent_scope_mismatch
NET-04120,consent_scope_mismatch
NET-04121,device_session_mismatch
NET-04122,consent_scope_mismatch
NET-04123,consent_scope_mismatch
NET-04124,consent_scope_mismatch
NET-04125,device_session_mismatch
NET-04126,device_session_mismatch
NET-04127,device_session_mismatch
NET-04128,consent_scope_mismatch
NET-04129,consent_scope_mismatch
NET-04130,consent_scope_mismatch
NET-04131,device_session_mismatch
NET-04132,consent_scope_mismatch
NET-04133,device_session_mismatch
NET-04134,consent_scope_mismatch
NET-04135,consent_scope_mismatch
NET-04136,device_session_mismatch
NET-04137,consent_scope_mismatch
NET-04138,consent_scope_mismatch
NET-04139,consent_scope_mismatch
NET-04140,device_session_mismatch
NET-04141,consent_scope_mismatch
NET-04142,consent_scope_mismatch
NET-04143,device_session_mismatch
NET-04144,consent_scope_mismatch
NET-04145,device_session_mismatch
NET-04146,device_session_mismatch
NET-04147,consent_scope_mismatch
NET-04148,consent_scope_mismatch
NET-04149,consent_scope_mismatch
NET-04150,consent_scope_mismatch
NET-04151,device_session_mismatch
NET-04152,consent_scope_mismatch
NET-04153,consent_scope_mismatch
NET-04154,consent_scope_mismatch
NET-04155,consent_scope_mismatch
NET-04156,consent_scope_mismatch
NET-04157,consent_scope_mismatch
NET-04158,consent_scope_mismatch
NET-04159,consent_scope_mismatch
NET-04160,device_session_mismatch
NET-04161,consent_scope_mismatch
NET-04162,consent_scope_mismatch
NET-04163,consent_scope_mismatch
NET-04164,consent_scope_mismatch
NET-04165,device_session_mismatch
NET-04166,device_session_mismatch
NET-04167,consent_scope_mismatch
NET-04168,device_session_mismatch
NET-04169,consent_scope_mismatch
NET-04170,consent_scope_mismatch
NET-04171,consent_scope_mismatch
NET-04172,consent_scope_mismatch
NET-04173,consent_scope_mismatch
NET-04174,consent_scope_mismatch
NET-04175,consent_scope_mismatch
NET-04176,consent_scope_mismatch
NET-04177,consent_scope_mismatch
NET-04178,consent_scope_mismatch
NET-04179,consent_scope_mismatch
NET-04180,consent_scope_mismatch
NET-04181,consent_scope_mismatch
NET-04182,consent_scope_mismatch
NET-04183,consent_scope_mismatch
NET-04184,consent_scope_mismatch
NET-04185,consent_scope_mismatch
NET-04186,device_session_mismatch
NET-04187,device_session_mismatch
NET-04188,consent_scope_mismatch
NET-04189,consent_scope_mismatch
NET-04190,consent_scope_mismatch
NET-04191,consent_scope_mismatch
NET-04192,device_session_mismatch
NET-04193,consent_scope_mismatch
NET-04194,consent_scope_mismatch
NET-04195,consent_scope_mismatch
NET-04196,consent_scope_mismatch
NET-04197,device_session_mismatch
NET-04198,consent_scope_mismatch
NET-04199,consent_scope_mismatch
NET-04200,consent_scope_mismatch
NET-04201,consent_scope_mismatch
NET-04202,consent_scope_mismatch
NET-04203,consent_scope_mismatch
NET-04204,consent_scope_mismatch
NET-04205,consent_scope_mismatch
NET-04206,consent_scope_mismatch
NET-04207,consent_scope_mismatch
NET-04208,consent_scope_mismatch
NET-04209,consent_scope_mismatch
NET-04210,device_session_mismatch
NET-04211,device_session_mismatch
NET-04212,consent_scope_mismatch
NET-04213,consent_scope_mismatch
NET-04214,consent_scope_mismatch
NET-04215,consent_scope_mismatch
NET-04216,consent_scope_mismatch
NET-04217,consent_scope_mismatch
NET-04218,consent_scope_mismatch
NET-04219,device_session_mismatch
NET-04220,consent_scope_mismatch
NET-04221,consent_scope_mismatch
NET-04222,consent_scope_mismatch
NET-04223,consent_scope_mismatch
NET-04224,consent_scope_mismatch
NET-04225,consent_scope_mismatch
NET-04226,consent_scope_mismatch
NET-04227,consent_scope_mismatch
NET-04228,consent_scope_mismatch
NET-04229,consent_scope_mismatch
NET-04230,consent_scope_mismatch
NET-04231,consent_scope_mismatch
NET-04232,consent_scope_mismatch
NET-04233,consent_scope_mismatch
NET-04234,consent_scope_mismatch
NET-04235,consent_scope_mismatch
NET-04236,consent_scope_mismatch
NET-04237,consent_scope_mismatch
NET-04238,consent_scope_mismatch
NET-04239,device_session_mismatch
NET-04240,consent_scope_mismatch
NET-04241,device_session_mismatch
NET-04242,consent_scope_mismatch
NET-04243,consent_scope_mismatch
NET-04244,consent_scope_mismatch
NET-04245,consent_scope_mismatch
NET-04246,consent_scope_mismatch
NET-04247,consent_scope_mismatch
NET-04248,consent_scope_mismatch
NET-04249,consent_scope_mismatch
NET-04250,consent_scope_mismatch
NET-04251,consent_scope_mismatch
NET-04252,consent_scope_mismatch
NET-04253,consent_scope_mismatch
NET-04254,consent_scope_mismatch
NET-04255,consent_scope_mismatch
NET-04256,device_session_mismatch
NET-04257,device_session_mismatch
NET-04258,consent_scope_mismatch
NET-04259,consent_scope_mismatch
NET-04260,consent_scope_mismatch
NET-04261,consent_scope_mismatch
NET-04262,device_session_mismatch
NET-04263,consent_scope_mismatch
NET-04264,consent_scope_mismatch
NET-04265,consent_scope_mismatch
NET-04266,consent_scope_mismatch
NET-04267,device_session_mismatch
NET-04268,consent_scope_mismatch
NET-04269,device_session_mismatch
NET-04270,consent_scope_mismatch
NET-04271,consent_scope_mismatch
NET-04272,consent_scope_mismatch
NET-04273,consent_scope_mismatch
NET-04274,consent_scope_mismatch
NET-04275,consent_scope_mismatch
NET-04276,consent_scope_mismatch
NET-04277,consent_scope_mismatch
NET-04278,consent_scope_mismatch
NET-04279,consent_scope_mismatch
NET-04280,consent_scope_mismatch
NET-04281,consent_scope_mismatch
NET-04282,consent_scope_mismatch
NET-04283,consent_scope_mismatch
NET-04284,consent_scope_mismatch
NET-04285,device_session_mismatch
NET-04286,device_session_mismatch
NET-04287,consent_scope_mismatch
NET-04288,device_session_mismatch
NET-04289,device_session_mismatch
NET-04290,consent_scope_mismatch
NET-04291,consent_scope_mismatch
NET-04292,consent_scope_mismatch
NET-04293,consent_scope_mismatch
NET-04294,device_session_mismatch
NET-04295,consent_scope_mismatch
NET-04296,consent_scope_mismatch
NET-04297,consent_scope_mismatch
NET-04298,consent_scope_mismatch
NET-04299,consent_scope_mismatch
NET-04300,device_session_mismatch
NET-04301,consent_scope_mismatch
NET-04302,consent_scope_mismatch
NET-04303,consent_scope_mismatch
NET-04304,device_session_mismatch
NET-04305,device_session_mismatch
NET-04306,device_session_mismatch
NET-04307,consent_scope_mismatch
NET-04308,device_session_mismatch
NET-04309,consent_scope_mismatch
NET-04310,consent_scope_mismatch
NET-04311,consent_scope_mismatch
NET-04312,consent_scope_mismatch
NET-04313,consent_scope_mismatch
NET-04314,consent_scope_mismatch
NET-04315,consent_scope_mismatch
NET-04316,consent_scope_mismatch
NET-04317,consent_scope_mismatch
NET-04318,consent_scope_mismatch
NET-04319,consent_scope_mismatch
NET-04320,device_session_mismatch
NET-04321,consent_scope_mismatch
NET-04322,consent_scope_mismatch
NET-04323,device_session_mismatch
NET-04324,consent_scope_mismatch
NET-04325,consent_scope_mismatch
NET-04326,consent_scope_mismatch
NET-04327,consent_scope_mismatch
NET-04328,consent_scope_mismatch
NET-04329,consent_scope_mismatch
NET-04330,consent_scope_mismatch
NET-04331,consent_scope_mismatch
NET-04332,device_session_mismatch
NET-04333,consent_scope_mismatch
NET-04334,consent_scope_mismatch
NET-04335,consent_scope_mismatch
NET-04336,consent_scope_mismatch
NET-04337,consent_scope_mismatch
NET-04338,device_session_mismatch
NET-04339,consent_scope_mismatch
NET-04340,device_session_mismatch
NET-04341,consent_scope_mismatch
NET-04342,consent_scope_mismatch
NET-04343,consent_scope_mismatch
NET-04344,consent_scope_mismatch
NET-04345,consent_scope_mismatch
NET-04346,device_session_mismatch
NET-04347,consent_scope_mismatch
NET-04348,consent_scope_mismatch
NET-04349,device_session_mismatch
NET-04350,consent_scope_mismatch
NET-04351,consent_scope_mismatch
NET-04352,device_session_mismatch
NET-04353,consent_scope_mismatch
NET-04354,consent_scope_mismatch
NET-04355,consent_scope_mismatch
NET-04356,consent_scope_mismatch
NET-04357,consent_scope_mismatch
NET-04358,device_session_mismatch
NET-04359,consent_scope_mismatch
NET-04360,consent_scope_mismatch
NET-04361,consent_scope_mismatch
NET-04362,device_session_mismatch
NET-04363,consent_scope_mismatch
NET-04364,device_session_mismatch
NET-04365,consent_scope_mismatch
NET-04366,consent_scope_mismatch
NET-04367,consent_scope_mismatch
NET-04368,consent_scope_mismatch
NET-04369,consent_scope_mismatch
NET-04370,consent_scope_mismatch
NET-04371,consent_scope_mismatch
NET-04372,consent_scope_mismatch
NET-04373,consent_scope_mismatch
NET-04374,consent_scope_mismatch
NET-04375,device_session_mismatch
NET-04376,consent_scope_mismatch
NET-04377,consent_scope_mismatch
NET-04378,consent_scope_mismatch
NET-04379,consent_scope_mismatch
NET-04380,consent_scope_mismatch
NET-04381,consent_scope_mismatch
NET-04382,consent_scope_mismatch
NET-04383,consent_scope_mismatch
NET-04384,consent_scope_mismatch
NET-04385,consent_scope_mismatch
NET-04386,consent_scope_mismatch
NET-04387,consent_scope_mismatch
NET-04388,device_session_mismatch
NET-04389,consent_scope_mismatch
NET-04390,consent_scope_mismatch
NET-04391,consent_scope_mismatch
NET-04392,consent_scope_mismatch
NET-04393,consent_scope_mismatch
NET-04394,consent_scope_mismatch
NET-04395,consent_scope_mismatch
NET-04396,device_session_mismatch
NET-04397,consent_scope_mismatch
NET-04398,consent_scope_mismatch
NET-04399,device_session_mismatch
NET-04400,consent_scope_mismatch
NET-04401,consent_scope_mismatch
NET-04402,device_session_mismatch
NET-04403,consent_scope_mismatch
NET-04404,consent_scope_mismatch
NET-04405,device_session_mismatch
NET-04406,consent_scope_mismatch
NET-04407,device_session_mismatch
NET-04408,consent_scope_mismatch
NET-04409,consent_scope_mismatch
NET-04410,consent_scope_mismatch
NET-04411,consent_scope_mismatch
NET-04412,consent_scope_mismatch
NET-04413,consent_scope_mismatch
NET-04414,consent_scope_mismatch
NET-04415,consent_scope_mismatch
NET-04416,consent_scope_mismatch
NET-04417,consent_scope_mismatch
NET-04418,consent_scope_mismatch
NET-04419,consent_scope_mismatch
NET-04420,consent_scope_mismatch
NET-04421,consent_scope_mismatch
NET-04422,consent_scope_mismatch
NET-04423,consent_scope_mismatch
NET-04424,consent_scope_mismatch
NET-04425,consent_scope_mismatch
NET-04426,consent_scope_mismatch
NET-04427,consent_scope_mismatch
NET-04428,device_session_mismatch
NET-04429,device_session_mismatch
NET-04430,consent_scope_mismatch
NET-04431,consent_scope_mismatch
NET-04432,consent_scope_mismatch
NET-04433,consent_scope_mismatch
NET-04434,consent_scope_mismatch
NET-04435,device_session_mismatch
NET-04436,device_session_mismatch
NET-04437,device_session_mismatch
NET-04438,consent_scope_mismatch
NET-04439,consent_scope_mismatch
NET-04440,consent_scope_mismatch
NET-04441,consent_scope_mismatch
NET-04442,consent_scope_mismatch
NET-04443,consent_scope_mismatch
NET-04444,consent_scope_mismatch
NET-04445,consent_scope_mismatch
NET-04446,consent_scope_mismatch
NET-04447,consent_scope_mismatch
NET-04448,consent_scope_mismatch
NET-04449,device_session_mismatch
NET-04450,device_session_mismatch
NET-04451,device_session_mismatch
NET-04452,device_session_mismatch
NET-04453,consent_scope_mismatch
NET-04454,consent_scope_mismatch
NET-04455,consent_scope_mismatch
NET-04456,consent_scope_mismatch
NET-04457,consent_scope_mismatch
NET-04458,consent_scope_mismatch
NET-04459,consent_scope_mismatch
NET-04460,consent_scope_mismatch
NET-04461,consent_scope_mismatch
NET-04462,consent_scope_mismatch
NET-04463,consent_scope_mismatch
NET-04464,consent_scope_mismatch
NET-04465,consent_scope_mismatch
NET-04466,consent_scope_mismatch
NET-04467,consent_scope_mismatch
NET-04468,device_session_mismatch
NET-04469,consent_scope_mismatch
NET-04470,consent_scope_mismatch
NET-04471,device_session_mismatch
NET-04472,consent_scope_mismatch
NET-04473,consent_scope_mismatch
NET-04474,consent_scope_mismatch
NET-04475,device_session_mismatch
NET-04476,consent_scope_mismatch
NET-04477,consent_scope_mismatch
NET-04478,consent_scope_mismatch
NET-04479,consent_scope_mismatch
NET-04480,consent_scope_mismatch
NET-04481,consent_scope_mismatch
NET-04482,consent_scope_mismatch
NET-04483,consent_scope_mismatch
NET-04484,consent_scope_mismatch
NET-04485,consent_scope_mismatch
NET-04486,device_session_mismatch
NET-04487,consent_scope_mismatch
NET-04488,consent_scope_mismatch
NET-04489,device_session_mismatch
NET-04490,consent_scope_mismatch
NET-04491,device_session_mismatch
NET-04492,consent_scope_mismatch
NET-04493,consent_scope_mismatch
NET-04494,consent_scope_mismatch
NET-04495,consent_scope_mismatch
NET-04496,consent_scope_mismatch
NET-04497,consent_scope_mismatch
NET-04498,consent_scope_mismatch
NET-04499,device_session_mismatch
NET-04500,consent_scope_mismatch
NET-04501,consent_scope_mismatch
NET-04502,consent_scope_mismatch
NET-04503,device_session_mismatch
NET-04504,consent_scope_mismatch
NET-04505,consent_scope_mismatch
NET-04506,consent_scope_mismatch
NET-04507,consent_scope_mismatch
NET-04508,consent_scope_mismatch
NET-04509,device_session_mismatch
NET-04510,consent_scope_mismatch
NET-04511,consent_scope_mismatch
NET-04512,device_session_mismatch
NET-04513,consent_scope_mismatch
NET-04514,consent_scope_mismatch
NET-04515,consent_scope_mismatch
NET-04516,consent_scope_mismatch
NET-04517,device_session_mismatch
NET-04518,consent_scope_mismatch
NET-04519,consent_scope_mismatch
NET-04520,device_session_mismatch
NET-04521,device_session_mismatch
NET-04522,consent_scope_mismatch
NET-04523,consent_scope_mismatch
NET-04524,consent_scope_mismatch
NET-04525,consent_scope_mismatch
NET-04526,consent_scope_mismatch
NET-04527,consent_scope_mismatch
NET-04528,consent_scope_mismatch
NET-04529,consent_scope_mismatch
NET-04530,consent_scope_mismatch
NET-04531,consent_scope_mismatch
NET-04532,consent_scope_mismatch
NET-04533,consent_scope_mismatch
NET-04534,consent_scope_mismatch
NET-04535,consent_scope_mismatch
NET-04536,consent_scope_mismatch
NET-04537,consent_scope_mismatch
NET-04538,consent_scope_mismatch
NET-04539,consent_scope_mismatch
NET-04540,consent_scope_mismatch
NET-04541,device_session_mismatch
NET-04542,consent_scope_mismatch
NET-04543,device_session_mismatch
NET-04544,consent_scope_mismatch
NET-04545,device_session_mismatch
NET-04546,consent_scope_mismatch
NET-04547,consent_scope_mismatch
NET-04548,consent_scope_mismatch
NET-04549,consent_scope_mismatch
NET-04550,consent_scope_mismatch
NET-04551,device_session_mismatch
NET-04552,consent_scope_mismatch
NET-04553,device_session_mismatch
NET-04554,consent_scope_mismatch
NET-04555,consent_scope_mismatch
NET-04556,consent_scope_mismatch
NET-04557,consent_scope_mismatch
NET-04558,consent_scope_mismatch
NET-04559,consent_scope_mismatch
NET-04560,consent_scope_mismatch
NET-04561,device_session_mismatch
NET-04562,device_session_mismatch
NET-04563,device_session_mismatch
NET-04564,consent_scope_mismatch
NET-04565,consent_scope_mismatch
NET-04566,consent_scope_mismatch
NET-04567,consent_scope_mismatch
NET-04568,consent_scope_mismatch
NET-04569,consent_scope_mismatch
NET-04570,consent_scope_mismatch
NET-04571,device_session_mismatch
NET-04572,consent_scope_mismatch
NET-04573,consent_scope_mismatch
NET-04574,consent_scope_mismatch
NET-04575,consent_scope_mismatch
NET-04576,consent_scope_mismatch
NET-04577,consent_scope_mismatch
NET-04578,consent_scope_mismatch
NET-04579,consent_scope_mismatch
NET-04580,consent_scope_mismatch
NET-04581,device_session_mismatch
NET-04582,consent_scope_mismatch
NET-04583,consent_scope_mismatch
NET-04584,device_session_mismatch
NET-04585,consent_scope_mismatch
NET-04586,consent_scope_mismatch
NET-04587,consent_scope_mismatch
NET-04588,consent_scope_mismatch
NET-04589,device_session_mismatch
NET-04590,device_session_mismatch
NET-04591,consent_scope_mismatch
NET-04592,device_session_mismatch
NET-04593,device_session_mismatch
NET-04594,consent_scope_mismatch
NET-04595,device_session_mismatch
NET-04596,consent_scope_mismatch
NET-04597,consent_scope_mismatch
NET-04598,device_session_mismatch
NET-04599,consent_scope_mismatch
NET-04600,consent_scope_mismatch
NET-04601,consent_scope_mismatch
NET-04602,consent_scope_mismatch
NET-04603,device_session_mismatch
NET-04604,device_session_mismatch
NET-04605,device_session_mismatch
NET-04606,device_session_mismatch
NET-04607,device_session_mismatch
NET-04608,consent_scope_mismatch
NET-04609,consent_scope_mismatch
NET-04610,consent_scope_mismatch
NET-04611,consent_scope_mismatch
NET-04612,consent_scope_mismatch
NET-04613,device_session_mismatch
NET-04614,device_session_mismatch
NET-04615,consent_scope_mismatch
NET-04616,device_session_mismatch
NET-04617,consent_scope_mismatch
NET-04618,consent_scope_mismatch
NET-04619,consent_scope_mismatch
NET-04620,consent_scope_mismatch
NET-04621,consent_scope_mismatch
NET-04622,consent_scope_mismatch
NET-04623,consent_scope_mismatch
NET-04624,consent_scope_mismatch
NET-04625,consent_scope_mismatch
NET-04626,device_session_mismatch
NET-04627,device_session_mismatch
NET-04628,consent_scope_mismatch
NET-04629,consent_scope_mismatch
NET-04630,device_session_mismatch
NET-04631,consent_scope_mismatch
NET-04632,device_session_mismatch
NET-04633,device_session_mismatch
NET-04634,consent_scope_mismatch
NET-04635,consent_scope_mismatch
NET-04636,consent_scope_mismatch
NET-04637,consent_scope_mismatch
NET-04638,consent_scope_mismatch
NET-04639,consent_scope_mismatch
NET-04640,consent_scope_mismatch
NET-04641,consent_scope_mismatch
NET-04642,consent_scope_mismatch
NET-04643,consent_scope_mismatch
NET-04644,consent_scope_mismatch
NET-04645,consent_scope_mismatch
NET-04646,device_session_mismatch
NET-04647,consent_scope_mismatch
NET-04648,consent_scope_mismatch
NET-04649,consent_scope_mismatch
NET-04650,device_session_mismatch
NET-04651,consent_scope_mismatch
NET-04652,consent_scope_mismatch
NET-04653,consent_scope_mismatch
NET-04654,consent_scope_mismatch
NET-04655,consent_scope_mismatch
NET-04656,device_session_mismatch
NET-04657,consent_scope_mismatch
NET-04658,consent_scope_mismatch
NET-04659,consent_scope_mismatch
NET-04660,device_session_mismatch
NET-04661,consent_scope_mismatch
NET-04662,consent_scope_mismatch
NET-04663,consent_scope_mismatch
NET-04664,consent_scope_mismatch
NET-04665,device_session_mismatch
NET-04666,consent_scope_mismatch
NET-04667,consent_scope_mismatch
NET-04668,device_session_mismatch
NET-04669,device_session_mismatch
NET-04670,consent_scope_mismatch
NET-04671,consent_scope_mismatch
NET-04672,device_session_mismatch
NET-04673,device_session_mismatch
NET-04674,device_session_mismatch
NET-04675,consent_scope_mismatch
NET-04676,device_session_mismatch
NET-04677,device_session_mismatch
NET-04678,consent_scope_mismatch
NET-04679,consent_scope_mismatch
NET-04680,consent_scope_mismatch
NET-04681,consent_scope_mismatch
NET-04682,device_session_mismatch
NET-04683,consent_scope_mismatch
NET-04684,consent_scope_mismatch
NET-04685,consent_scope_mismatch
NET-04686,consent_scope_mismatch
NET-04687,consent_scope_mismatch
NET-04688,consent_scope_mismatch
NET-04689,consent_scope_mismatch
NET-04690,device_session_mismatch
NET-04691,consent_scope_mismatch
NET-04692,consent_scope_mismatch
NET-04693,device_session_mismatch
NET-04694,consent_scope_mismatch
NET-04695,consent_scope_mismatch
NET-04696,consent_scope_mismatch
NET-04697,device_session_mismatch
NET-04698,consent_scope_mismatch
NET-04699,consent_scope_mismatch
NET-04700,consent_scope_mismatch
NET-04701,consent_scope_mismatch
NET-04702,consent_scope_mismatch
NET-04703,consent_scope_mismatch
NET-04704,consent_scope_mismatch
NET-04705,device_session_mismatch
NET-04706,consent_scope_mismatch
NET-04707,consent_scope_mismatch
NET-04708,consent_scope_mismatch
NET-04709,consent_scope_mismatch
NET-04710,consent_scope_mismatch
NET-04711,device_session_mismatch
NET-04712,consent_scope_mismatch
NET-04713,device_session_mismatch
NET-04714,consent_scope_mismatch
NET-04715,device_session_mismatch
NET-04716,consent_scope_mismatch
NET-04717,consent_scope_mismatch
NET-04718,consent_scope_mismatch
NET-04719,consent_scope_mismatch
NET-04720,device_session_mismatch
NET-04721,consent_scope_mismatch
NET-04722,consent_scope_mismatch
NET-04723,device_session_mismatch
NET-04724,consent_scope_mismatch
NET-04725,consent_scope_mismatch
NET-04726,consent_scope_mismatch
NET-04727,consent_scope_mismatch
NET-04728,consent_scope_mismatch
NET-04729,device_session_mismatch
NET-04730,consent_scope_mismatch
NET-04731,device_session_mismatch
NET-04732,consent_scope_mismatch
NET-04733,device_session_mismatch
NET-04734,consent_scope_mismatch
NET-04735,device_session_mismatch
NET-04736,consent_scope_mismatch
NET-04737,consent_scope_mismatch
NET-04738,consent_scope_mismatch
NET-04739,consent_scope_mismatch
NET-04740,device_session_mismatch
NET-04741,consent_scope_mismatch
NET-04742,consent_scope_mismatch
NET-04743,consent_scope_mismatch
NET-04744,consent_scope_mismatch
NET-04745,device_session_mismatch
NET-04746,device_session_mismatch
NET-04747,consent_scope_mismatch
NET-04748,consent_scope_mismatch
NET-04749,consent_scope_mismatch
NET-04750,device_session_mismatch
NET-04751,consent_scope_mismatch
NET-04752,consent_scope_mismatch
NET-04753,consent_scope_mismatch
NET-04754,consent_scope_mismatch
NET-04755,consent_scope_mismatch
NET-04756,consent_scope_mismatch
NET-04757,consent_scope_mismatch
NET-04758,consent_scope_mismatch
NET-04759,consent_scope_mismatch
NET-04760,consent_scope_mismatch
NET-04761,consent_scope_mismatch
NET-04762,consent_scope_mismatch
NET-04763,device_session_mismatch
NET-04764,consent_scope_mismatch
NET-04765,consent_scope_mismatch
NET-04766,consent_scope_mismatch
NET-04767,consent_scope_mismatch
NET-04768,consent_scope_mismatch
NET-04769,consent_scope_mismatch
NET-04770,consent_scope_mismatch
NET-04771,consent_scope_mismatch
NET-04772,consent_scope_mismatch
NET-04773,consent_scope_mismatch
NET-04774,consent_scope_mismatch
NET-04775,consent_scope_mismatch
NET-04776,device_session_mismatch
NET-04777,consent_scope_mismatch
NET-04778,consent_scope_mismatch
NET-04779,device_session_mismatch
NET-04780,consent_scope_mismatch
NET-04781,consent_scope_mismatch
NET-04782,consent_scope_mismatch
NET-04783,consent_scope_mismatch
NET-04784,consent_scope_mismatch
NET-04785,consent_scope_mismatch
NET-04786,consent_scope_mismatch
NET-04787,device_session_mismatch
NET-04788,consent_scope_mismatch
NET-04789,consent_scope_mismatch
NET-04790,consent_scope_mismatch
NET-04791,consent_scope_mismatch
NET-04792,consent_scope_mismatch
NET-04793,device_session_mismatch
NET-04794,device_session_mismatch
NET-04795,consent_scope_mismatch
NET-04796,consent_scope_mismatch
NET-04797,consent_scope_mismatch
NET-04798,consent_scope_mismatch
NET-04799,consent_scope_mismatch
NET-04800,device_session_mismatch
NET-04801,consent_scope_mismatch
NET-04802,consent_scope_mismatch
NET-04803,consent_scope_mismatch
NET-04804,consent_scope_mismatch
NET-04805,consent_scope_mismatch
NET-04806,device_session_mismatch
NET-04807,consent_scope_mismatch
NET-04808,consent_scope_mismatch
NET-04809,consent_scope_mismatch
NET-04810,consent_scope_mismatch
NET-04811,consent_scope_mismatch
NET-04812,consent_scope_mismatch
NET-04813,device_session_mismatch
NET-04814,consent_scope_mismatch
NET-04815,consent_scope_mismatch
NET-04816,consent_scope_mismatch
NET-04817,device_session_mismatch
NET-04818,consent_scope_mismatch
NET-04819,consent_scope_mismatch
NET-04820,device_session_mismatch
NET-04821,consent_scope_mismatch
NET-04822,consent_scope_mismatch
NET-04823,consent_scope_mismatch
NET-04824,device_session_mismatch
NET-04825,consent_scope_mismatch
NET-04826,device_session_mismatch
NET-04827,consent_scope_mismatch
NET-04828,consent_scope_mismatch
NET-04829,consent_scope_mismatch
NET-04830,consent_scope_mismatch
NET-04831,device_session_mismatch
NET-04832,device_session_mismatch
NET-04833,consent_scope_mismatch
NET-04834,device_session_mismatch
NET-04835,device_session_mismatch
NET-04836,device_session_mismatch
NET-04837,device_session_mismatch
NET-04838,consent_scope_mismatch
NET-04839,device_session_mismatch
NET-04840,consent_scope_mismatch
NET-04841,device_session_mismatch
NET-04842,consent_scope_mismatch
NET-04843,consent_scope_mismatch
NET-04844,consent_scope_mismatch
NET-04845,consent_scope_mismatch
NET-04846,consent_scope_mismatch
NET-04847,consent_scope_mismatch
NET-04848,consent_scope_mismatch
NET-04849,device_session_mismatch
NET-04850,consent_scope_mismatch
NET-04851,device_session_mismatch
NET-04852,consent_scope_mismatch
NET-04853,consent_scope_mismatch
NET-04854,device_session_mismatch
NET-04855,consent_scope_mismatch
NET-04856,consent_scope_mismatch
NET-04857,consent_scope_mismatch
NET-04858,device_session_mismatch
NET-04859,consent_scope_mismatch
NET-04860,consent_scope_mismatch
NET-04861,device_session_mismatch
NET-04862,device_session_mismatch
NET-04863,consent_scope_mismatch
NET-04864,consent_scope_mismatch
NET-04865,consent_scope_mismatch
NET-04866,device_session_mismatch
NET-04867,consent_scope_mismatch
NET-04868,device_session_mismatch
NET-04869,device_session_mismatch
NET-04870,device_session_mismatch
NET-04871,consent_scope_mismatch
NET-04872,consent_scope_mismatch
NET-04873,consent_scope_mismatch
NET-04874,device_session_mismatch
NET-04875,device_session_mismatch
NET-04876,consent_scope_mismatch
NET-04877,device_session_mismatch
NET-04878,consent_scope_mismatch
NET-04879,consent_scope_mismatch
NET-04880,consent_scope_mismatch
NET-04881,consent_scope_mismatch
NET-04882,device_session_mismatch
NET-04883,consent_scope_mismatch
NET-04884,device_session_mismatch
NET-04885,device_session_mismatch
NET-04886,consent_scope_mismatch
NET-04887,consent_scope_mismatch
NET-04888,consent_scope_mismatch
NET-04889,consent_scope_mismatch
NET-04890,device_session_mismatch
NET-04891,consent_scope_mismatch
NET-04892,consent_scope_mismatch
NET-04893,consent_scope_mismatch
NET-04894,device_session_mismatch
NET-04895,device_session_mismatch
NET-04896,consent_scope_mismatch
NET-04897,consent_scope_mismatch
NET-04898,consent_scope_mismatch
NET-04899,device_session_mismatch
NET-04900,consent_scope_mismatch
NET-04901,consent_scope_mismatch
NET-04902,consent_scope_mismatch
NET-04903,consent_scope_mismatch
NET-04904,consent_scope_mismatch
NET-04905,consent_scope_mismatch
NET-04906,consent_scope_mismatch
NET-04907,device_session_mismatch
NET-04908,consent_scope_mismatch
NET-04909,consent_scope_mismatch
NET-04910,consent_scope_mismatch
NET-04911,consent_scope_mismatch
NET-04912,consent_scope_mismatch
NET-04913,consent_scope_mismatch
NET-04914,consent_scope_mismatch
NET-04915,consent_scope_mismatch
NET-04916,consent_scope_mismatch
NET-04917,consent_scope_mismatch
NET-04918,consent_scope_mismatch
NET-04919,consent_scope_mismatch
NET-04920,consent_scope_mismatch
NET-04921,device_session_mismatch
NET-04922,consent_scope_mismatch
NET-04923,consent_scope_mismatch
NET-04924,consent_scope_mismatch
NET-04925,device_session_mismatch
NET-04926,consent_scope_mismatch
NET-04927,consent_scope_mismatch
NET-04928,consent_scope_mismatch
NET-04929,consent_scope_mismatch
NET-04930,consent_scope_mismatch
NET-04931,consent_scope_mismatch
NET-04932,consent_scope_mismatch
NET-04933,consent_scope_mismatch
NET-04934,consent_scope_mismatch
NET-04935,consent_scope_mismatch
NET-04936,device_session_mismatch
NET-04937,consent_scope_mismatch
NET-04938,consent_scope_mismatch
NET-04939,consent_scope_mismatch
NET-04940,consent_scope_mismatch
NET-04941,consent_scope_mismatch
NET-04942,consent_scope_mismatch
NET-04943,consent_scope_mismatch
NET-04944,consent_scope_mismatch
NET-04945,device_session_mismatch
NET-04946,consent_scope_mismatch
NET-04947,consent_scope_mismatch
NET-04948,consent_scope_mismatch
NET-04949,consent_scope_mismatch
NET-04950,consent_scope_mismatch
NET-04951,consent_scope_mismatch
NET-04952,consent_scope_mismatch
NET-04953,device_session_mismatch
NET-04954,consent_scope_mismatch
NET-04955,consent_scope_mismatch
NET-04956,consent_scope_mismatch
NET-04957,consent_scope_mismatch
NET-04958,consent_scope_mismatch
NET-04959,device_session_mismatch
NET-04960,device_session_mismatch
NET-04961,consent_scope_mismatch
NET-04962,consent_scope_mismatch
NET-04963,consent_scope_mismatch
NET-04964,consent_scope_mismatch
NET-04965,consent_scope_mismatch
NET-04966,consent_scope_mismatch
NET-04967,consent_scope_mismatch
NET-04968,consent_scope_mismatch
NET-04969,consent_scope_mismatch
NET-04970,device_session_mismatch
NET-04971,consent_scope_mismatch
NET-04972,consent_scope_mismatch
NET-04973,device_session_mismatch
NET-04974,consent_scope_mismatch
NET-04975,consent_scope_mismatch
NET-04976,consent_scope_mismatch
NET-04977,consent_scope_mismatch
NET-04978,consent_scope_mismatch
NET-04979,consent_scope_mismatch
NET-04980,consent_scope_mismatch
NET-04981,consent_scope_mismatch
NET-04982,consent_scope_mismatch
NET-04983,consent_scope_mismatch
NET-04984,consent_scope_mismatch
NET-04985,consent_scope_mismatch
NET-04986,device_session_mismatch
NET-04987,consent_scope_mismatch
NET-04988,consent_scope_mismatch
NET-04989,device_session_mismatch
NET-04990,consent_scope_mismatch
NET-04991,consent_scope_mismatch
NET-04992,consent_scope_mismatch
NET-04993,consent_scope_mismatch
NET-04994,consent_scope_mismatch
NET-04995,consent_scope_mismatch
NET-04996,consent_scope_mismatch
NET-04997,consent_scope_mismatch
NET-04998,device_session_mismatch
NET-04999,device_session_mismatch
NET-05000,consent_scope_mismatch
NET-05001,consent_scope_mismatch
NET-05002,consent_scope_mismatch
NET-05003,consent_scope_mismatch
NET-05004,consent_scope_mismatch
NET-05005,consent_scope_mismatch
NET-05006,consent_scope_mismatch
NET-05007,consent_scope_mismatch
NET-05008,consent_scope_mismatch
NET-05009,consent_scope_mismatch
NET-05010,consent_scope_mismatch
NET-05011,consent_scope_mismatch
NET-05012,consent_scope_mismatch
NET-05013,consent_scope_mismatch
NET-05014,device_session_mismatch
NET-05015,device_session_mismatch
NET-05016,consent_scope_mismatch
NET-05017,consent_scope_mismatch
NET-05018,consent_scope_mismatch
NET-05019,device_session_mismatch
NET-05020,consent_scope_mismatch
NET-05021,device_session_mismatch
NET-05022,consent_scope_mismatch
NET-05023,consent_scope_mismatch
NET-05024,device_session_mismatch
NET-05025,consent_scope_mismatch
NET-05026,consent_scope_mismatch
NET-05027,consent_scope_mismatch
NET-05028,consent_scope_mismatch
NET-05029,consent_scope_mismatch
NET-05030,consent_scope_mismatch
NET-05031,consent_scope_mismatch
NET-05032,consent_scope_mismatch
NET-05033,consent_scope_mismatch
NET-05034,consent_scope_mismatch
NET-05035,device_session_mismatch
NET-05036,device_session_mismatch
NET-05037,device_session_mismatch
NET-05038,consent_scope_mismatch
NET-05039,consent_scope_mismatch
NET-05040,consent_scope_mismatch
NET-05041,device_session_mismatch
NET-05042,consent_scope_mismatch
NET-05043,consent_scope_mismatch
NET-05044,consent_scope_mismatch
NET-05045,device_session_mismatch
NET-05046,consent_scope_mismatch
NET-05047,consent_scope_mismatch
NET-05048,consent_scope_mismatch
NET-05049,consent_scope_mismatch
NET-05050,consent_scope_mismatch
NET-05051,consent_scope_mismatch
NET-05052,consent_scope_mismatch
NET-05053,consent_scope_mismatch
NET-05054,device_session_mismatch
NET-05055,device_session_mismatch
NET-05056,consent_scope_mismatch
NET-05057,consent_scope_mismatch
NET-05058,consent_scope_mismatch
NET-05059,consent_scope_mismatch
NET-05060,consent_scope_mismatch
NET-05061,consent_scope_mismatch
NET-05062,device_session_mismatch
NET-05063,consent_scope_mismatch
NET-05064,device_session_mismatch
NET-05065,device_session_mismatch
NET-05066,device_session_mismatch
NET-05067,consent_scope_mismatch
NET-05068,consent_scope_mismatch
NET-05069,consent_scope_mismatch
NET-05070,consent_scope_mismatch
NET-05071,consent_scope_mismatch
NET-05072,consent_scope_mismatch
NET-05073,consent_scope_mismatch
NET-05074,consent_scope_mismatch
NET-05075,consent_scope_mismatch
NET-05076,consent_scope_mismatch
NET-05077,consent_scope_mismatch
NET-05078,consent_scope_mismatch
NET-05079,device_session_mismatch
NET-05080,consent_scope_mismatch
NET-05081,consent_scope_mismatch
NET-05082,consent_scope_mismatch
NET-05083,consent_scope_mismatch
NET-05084,consent_scope_mismatch
NET-05085,device_session_mismatch
NET-05086,consent_scope_mismatch
NET-05087,consent_scope_mismatch
NET-05088,consent_scope_mismatch
NET-05089,consent_scope_mismatch
NET-05090,consent_scope_mismatch
NET-05091,consent_scope_mismatch
NET-05092,consent_scope_mismatch
NET-05093,device_session_mismatch
NET-05094,device_session_mismatch
NET-05095,consent_scope_mismatch
NET-05096,consent_scope_mismatch
NET-05097,consent_scope_mismatch
NET-05098,consent_scope_mismatch
NET-05099,consent_scope_mismatch
NET-05100,device_session_mismatch
NET-05101,consent_scope_mismatch
NET-05102,device_session_mismatch
NET-05103,consent_scope_mismatch
NET-05104,consent_scope_mismatch
NET-05105,consent_scope_mismatch
NET-05106,consent_scope_mismatch
NET-05107,consent_scope_mismatch
NET-05108,consent_scope_mismatch
NET-05109,consent_scope_mismatch
NET-05110,consent_scope_mismatch
NET-05111,consent_scope_mismatch
NET-05112,consent_scope_mismatch
NET-05113,consent_scope_mismatch
NET-05114,consent_scope_mismatch
NET-05115,consent_scope_mismatch
NET-05116,consent_scope_mismatch
NET-05117,consent_scope_mismatch
NET-05118,consent_scope_mismatch
NET-05119,consent_scope_mismatch
NET-05120,consent_scope_mismatch
NET-05121,consent_scope_mismatch
NET-05122,consent_scope_mismatch
NET-05123,consent_scope_mismatch
NET-05124,consent_scope_mismatch
NET-05125,consent_scope_mismatch
NET-05126,consent_scope_mismatch
NET-05127,consent_scope_mismatch
NET-05128,consent_scope_mismatch
NET-05129,consent_scope_mismatch
NET-05130,device_session_mismatch
NET-05131,consent_scope_mismatch
NET-05132,consent_scope_mismatch
NET-05133,consent_scope_mismatch
NET-05134,consent_scope_mismatch
NET-05135,consent_scope_mismatch
NET-05136,consent_scope_mismatch
NET-05137,consent_scope_mismatch
NET-05138,consent_scope_mismatch
NET-05139,consent_scope_mismatch
NET-05140,consent_scope_mismatch
NET-05141,consent_scope_mismatch
NET-05142,consent_scope_mismatch
NET-05143,consent_scope_mismatch
NET-05144,device_session_mismatch
NET-05145,consent_scope_mismatch
NET-05146,consent_scope_mismatch
NET-05147,consent_scope_mismatch
NET-05148,consent_scope_mismatch
NET-05149,consent_scope_mismatch
NET-05150,device_session_mismatch
NET-05151,consent_scope_mismatch
NET-05152,consent_scope_mismatch
NET-05153,device_session_mismatch
NET-05154,consent_scope_mismatch
NET-05155,consent_scope_mismatch
NET-05156,consent_scope_mismatch
NET-05157,consent_scope_mismatch
NET-05158,consent_scope_mismatch
NET-05159,consent_scope_mismatch
NET-05160,consent_scope_mismatch
NET-05161,device_session_mismatch
NET-05162,device_session_mismatch
NET-05163,consent_scope_mismatch
NET-05164,consent_scope_mismatch
NET-05165,device_session_mismatch
NET-05166,consent_scope_mismatch
NET-05167,consent_scope_mismatch
NET-05168,consent_scope_mismatch
NET-05169,consent_scope_mismatch
NET-05170,consent_scope_mismatch
NET-05171,consent_scope_mismatch
NET-05172,device_session_mismatch
NET-05173,consent_scope_mismatch
NET-05174,device_session_mismatch
NET-05175,consent_scope_mismatch
NET-05176,consent_scope_mismatch
NET-05177,consent_scope_mismatch
NET-05178,consent_scope_mismatch
NET-05179,consent_scope_mismatch
NET-05180,consent_scope_mismatch
NET-05181,device_session_mismatch
NET-05182,consent_scope_mismatch
NET-05183,consent_scope_mismatch
NET-05184,consent_scope_mismatch
NET-05185,consent_scope_mismatch
NET-05186,device_session_mismatch
NET-05187,consent_scope_mismatch
NET-05188,consent_scope_mismatch
NET-05189,device_session_mismatch
NET-05190,consent_scope_mismatch
NET-05191,device_session_mismatch
NET-05192,consent_scope_mismatch
NET-05193,consent_scope_mismatch
NET-05194,consent_scope_mismatch
NET-05195,consent_scope_mismatch
NET-05196,consent_scope_mismatch
NET-05197,consent_scope_mismatch
NET-05198,consent_scope_mismatch
NET-05199,consent_scope_mismatch
NET-05200,consent_scope_mismatch
NET-05201,consent_scope_mismatch
NET-05202,device_session_mismatch
NET-05203,consent_scope_mismatch
NET-05204,consent_scope_mismatch
NET-05205,consent_scope_mismatch
NET-05206,consent_scope_mismatch
NET-05207,consent_scope_mismatch
NET-05208,consent_scope_mismatch
NET-05209,consent_scope_mismatch
NET-05210,device_session_mismatch
NET-05211,consent_scope_mismatch
NET-05212,consent_scope_mismatch
NET-05213,consent_scope_mismatch
NET-05214,consent_scope_mismatch
NET-05215,device_session_mismatch
NET-05216,device_session_mismatch
NET-05217,consent_scope_mismatch
NET-05218,consent_scope_mismatch
NET-05219,consent_scope_mismatch
NET-05220,consent_scope_mismatch
NET-05221,consent_scope_mismatch
NET-05222,consent_scope_mismatch
NET-05223,consent_scope_mismatch
NET-05224,device_session_mismatch
NET-05225,device_session_mismatch
NET-05226,consent_scope_mismatch
NET-05227,device_session_mismatch
NET-05228,device_session_mismatch
NET-05229,device_session_mismatch
NET-05230,consent_scope_mismatch
NET-05231,consent_scope_mismatch
NET-05232,consent_scope_mismatch
NET-05233,consent_scope_mismatch
NET-05234,consent_scope_mismatch
NET-05235,consent_scope_mismatch
NET-05236,consent_scope_mismatch
NET-05237,consent_scope_mismatch
NET-05238,device_session_mismatch
NET-05239,consent_scope_mismatch
NET-05240,consent_scope_mismatch
NET-05241,consent_scope_mismatch
NET-05242,device_session_mismatch
NET-05243,consent_scope_mismatch
NET-05244,device_session_mismatch
NET-05245,consent_scope_mismatch
NET-05246,consent_scope_mismatch
NET-05247,device_session_mismatch
NET-05248,consent_scope_mismatch
NET-05249,device_session_mismatch
NET-05250,consent_scope_mismatch
NET-05251,device_session_mismatch
NET-05252,device_session_mismatch
NET-05253,consent_scope_mismatch
NET-05254,consent_scope_mismatch
NET-05255,consent_scope_mismatch
NET-05256,device_session_mismatch
NET-05257,consent_scope_mismatch
NET-05258,consent_scope_mismatch
NET-05259,consent_scope_mismatch
NET-05260,consent_scope_mismatch
NET-05261,device_session_mismatch
NET-05262,consent_scope_mismatch
NET-05263,consent_scope_mismatch
NET-05264,consent_scope_mismatch
NET-05265,device_session_mismatch
NET-05266,consent_scope_mismatch
NET-05267,consent_scope_mismatch
NET-05268,consent_scope_mismatch
NET-05269,device_session_mismatch
NET-05270,device_session_mismatch
NET-05271,consent_scope_mismatch
NET-05272,consent_scope_mismatch
NET-05273,device_session_mismatch
NET-05274,device_session_mismatch
NET-05275,consent_scope_mismatch
NET-05276,consent_scope_mismatch
NET-05277,consent_scope_mismatch
NET-05278,consent_scope_mismatch
NET-05279,consent_scope_mismatch
NET-05280,consent_scope_mismatch
NET-05281,consent_scope_mismatch
NET-05282,consent_scope_mismatch
NET-05283,device_session_mismatch
NET-05284,consent_scope_mismatch
NET-05285,consent_scope_mismatch
NET-05286,consent_scope_mismatch
NET-05287,consent_scope_mismatch
NET-05288,consent_scope_mismatch
NET-05289,consent_scope_mismatch
NET-05290,consent_scope_mismatch
NET-05291,consent_scope_mismatch
NET-05292,device_session_mismatch
NET-05293,consent_scope_mismatch
NET-05294,consent_scope_mismatch
NET-05295,device_session_mismatch
NET-05296,consent_scope_mismatch
NET-05297,consent_scope_mismatch
NET-05298,device_session_mismatch
NET-05299,consent_scope_mismatch
NET-05300,device_session_mismatch
NET-05301,consent_scope_mismatch
NET-05302,consent_scope_mismatch
NET-05303,consent_scope_mismatch
NET-05304,consent_scope_mismatch
NET-05305,consent_scope_mismatch
NET-05306,device_session_mismatch
NET-05307,consent_scope_mismatch
NET-05308,consent_scope_mismatch
NET-05309,consent_scope_mismatch
NET-05310,consent_scope_mismatch
NET-05311,consent_scope_mismatch
NET-05312,consent_scope_mismatch
NET-05313,device_session_mismatch
NET-05314,consent_scope_mismatch
NET-05315,consent_scope_mismatch
NET-05316,consent_scope_mismatch
NET-05317,device_session_mismatch
NET-05318,consent_scope_mismatch
NET-05319,consent_scope_mismatch
NET-05320,consent_scope_mismatch
NET-05321,consent_scope_mismatch
NET-05322,consent_scope_mismatch
NET-05323,consent_scope_mismatch
NET-05324,device_session_mismatch
NET-05325,consent_scope_mismatch
NET-05326,consent_scope_mismatch
NET-05327,consent_scope_mismatch
NET-05328,consent_scope_mismatch
NET-05329,consent_scope_mismatch
NET-05330,consent_scope_mismatch
NET-05331,device_session_mismatch
NET-05332,consent_scope_mismatch
NET-05333,consent_scope_mismatch
NET-05334,consent_scope_mismatch
NET-05335,device_session_mismatch
NET-05336,consent_scope_mismatch
NET-05337,device_session_mismatch
NET-05338,consent_scope_mismatch
NET-05339,consent_scope_mismatch
NET-05340,device_session_mismatch
NET-05341,consent_scope_mismatch
NET-05342,consent_scope_mismatch
NET-05343,device_session_mismatch
NET-05344,consent_scope_mismatch
NET-05345,consent_scope_mismatch
NET-05346,device_session_mismatch
NET-05347,consent_scope_mismatch
NET-05348,consent_scope_mismatch
NET-05349,consent_scope_mismatch
NET-05350,device_session_mismatch
NET-05351,device_session_mismatch
NET-05352,consent_scope_mismatch
NET-05353,device_session_mismatch
NET-05354,consent_scope_mismatch
NET-05355,consent_scope_mismatch
NET-05356,consent_scope_mismatch
NET-05357,device_session_mismatch
NET-05358,consent_scope_mismatch
NET-05359,device_session_mismatch
NET-05360,device_session_mismatch
NET-05361,device_session_mismatch
NET-05362,device_session_mismatch
NET-05363,consent_scope_mismatch
NET-05364,device_session_mismatch
NET-05365,consent_scope_mismatch
NET-05366,device_session_mismatch
NET-05367,device_session_mismatch
NET-05368,device_session_mismatch
NET-05369,device_session_mismatch
NET-05370,consent_scope_mismatch
NET-05371,consent_scope_mismatch
NET-05372,consent_scope_mismatch
NET-05373,consent_scope_mismatch
NET-05374,device_session_mismatch
NET-05375,device_session_mismatch
NET-05376,consent_scope_mismatch
NET-05377,device_session_mismatch
NET-05378,device_session_mismatch
NET-05379,consent_scope_mismatch
NET-05380,consent_scope_mismatch
NET-05381,consent_scope_mismatch
NET-05382,consent_scope_mismatch
NET-05383,device_session_mismatch
NET-05384,device_session_mismatch
NET-05385,consent_scope_mismatch
NET-05386,device_session_mismatch
NET-05387,device_session_mismatch
NET-05388,device_session_mismatch
NET-05389,device_session_mismatch
NET-05390,consent_scope_mismatch
NET-05391,device_session_mismatch
NET-05392,consent_scope_mismatch
NET-05393,device_session_mismatch
NET-05394,consent_scope_mismatch
NET-05395,consent_scope_mismatch
NET-05396,consent_scope_mismatch
NET-05397,consent_scope_mismatch
NET-05398,consent_scope_mismatch
NET-05399,consent_scope_mismatch
NET-05400,consent_scope_mismatch
NET-05401,consent_scope_mismatch
NET-05402,consent_scope_mismatch
NET-05403,consent_scope_mismatch
NET-05404,consent_scope_mismatch
NET-05405,consent_scope_mismatch
NET-05406,device_session_mismatch
NET-05407,consent_scope_mismatch
NET-05408,device_session_mismatch
NET-05409,consent_scope_mismatch
NET-05410,consent_scope_mismatch
NET-05411,consent_scope_mismatch
NET-05412,device_session_mismatch
NET-05413,consent_scope_mismatch
NET-05414,consent_scope_mismatch
NET-05415,consent_scope_mismatch
NET-05416,consent_scope_mismatch
NET-05417,device_session_mismatch
NET-05418,device_session_mismatch
NET-05419,device_session_mismatch
NET-05420,consent_scope_mismatch
NET-05421,consent_scope_mismatch
NET-05422,device_session_mismatch
NET-05423,consent_scope_mismatch
NET-05424,consent_scope_mismatch
NET-05425,consent_scope_mismatch
NET-05426,consent_scope_mismatch
NET-05427,consent_scope_mismatch
NET-05428,consent_scope_mismatch
NET-05429,consent_scope_mismatch
NET-05430,consent_scope_mismatch
NET-05431,device_session_mismatch
NET-05432,consent_scope_mismatch
NET-05433,device_session_mismatch
NET-05434,device_session_mismatch
NET-05435,consent_scope_mismatch
NET-05436,device_session_mismatch
NET-05437,consent_scope_mismatch
NET-05438,device_session_mismatch
NET-05439,consent_scope_mismatch
NET-05440,consent_scope_mismatch
NET-05441,consent_scope_mismatch
NET-05442,device_session_mismatch
NET-05443,consent_scope_mismatch
NET-05444,consent_scope_mismatch
NET-05445,device_session_mismatch
NET-05446,device_session_mismatch
NET-05447,consent_scope_mismatch
NET-05448,consent_scope_mismatch
NET-05449,device_session_mismatch
NET-05450,consent_scope_mismatch
NET-05451,device_session_mismatch
NET-05452,device_session_mismatch
NET-05453,consent_scope_mismatch
NET-05454,device_session_mismatch
NET-05455,consent_scope_mismatch
NET-05456,consent_scope_mismatch
NET-05457,device_session_mismatch
NET-05458,consent_scope_mismatch
NET-05459,consent_scope_mismatch
NET-05460,consent_scope_mismatch
NET-05461,consent_scope_mismatch
NET-05462,consent_scope_mismatch
NET-05463,device_session_mismatch
NET-05464,device_session_mismatch
NET-05465,consent_scope_mismatch
NET-05466,consent_scope_mismatch
NET-05467,consent_scope_mismatch
NET-05468,consent_scope_mismatch
NET-05469,consent_scope_mismatch
NET-05470,consent_scope_mismatch
NET-05471,consent_scope_mismatch
NET-05472,consent_scope_mismatch
NET-05473,consent_scope_mismatch
NET-05474,consent_scope_mismatch
NET-05475,consent_scope_mismatch
NET-05476,consent_scope_mismatch
NET-05477,device_session_mismatch
NET-05478,device_session_mismatch
NET-05479,consent_scope_mismatch
NET-05480,consent_scope_mismatch
NET-05481,consent_scope_mismatch
NET-05482,consent_scope_mismatch
NET-05483,consent_scope_mismatch
NET-05484,consent_scope_mismatch
NET-05485,consent_scope_mismatch
NET-05486,consent_scope_mismatch
NET-05487,device_session_mismatch
NET-05488,consent_scope_mismatch
NET-05489,device_session_mismatch
NET-05490,consent_scope_mismatch
NET-05491,device_session_mismatch
NET-05492,consent_scope_mismatch
NET-05493,device_session_mismatch
NET-05494,device_session_mismatch
NET-05495,consent_scope_mismatch
NET-05496,consent_scope_mismatch
NET-05497,consent_scope_mismatch
NET-05498,consent_scope_mismatch
NET-05499,consent_scope_mismatch
NET-05500,consent_scope_mismatch
NET-05501,consent_scope_mismatch
NET-05502,consent_scope_mismatch
NET-05503,consent_scope_mismatch
NET-05504,consent_scope_mismatch
NET-05505,consent_scope_mismatch
NET-05506,device_session_mismatch
NET-05507,device_session_mismatch
NET-05508,consent_scope_mismatch
NET-05509,consent_scope_mismatch
NET-05510,device_session_mismatch
NET-05511,consent_scope_mismatch
NET-05512,consent_scope_mismatch
NET-05513,consent_scope_mismatch
NET-05514,device_session_mismatch
NET-05515,consent_scope_mismatch
NET-05516,consent_scope_mismatch
NET-05517,consent_scope_mismatch
NET-05518,consent_scope_mismatch
NET-05519,consent_scope_mismatch
NET-05520,consent_scope_mismatch
NET-05521,device_session_mismatch
NET-05522,device_session_mismatch
NET-05523,device_session_mismatch
NET-05524,consent_scope_mismatch
NET-05525,consent_scope_mismatch
NET-05526,consent_scope_mismatch
NET-05527,device_session_mismatch
NET-05528,consent_scope_mismatch
NET-05529,consent_scope_mismatch
NET-05530,device_session_mismatch
NET-05531,device_session_mismatch
NET-05532,device_session_mismatch
NET-05533,consent_scope_mismatch
NET-05534,consent_scope_mismatch
NET-05535,consent_scope_mismatch
NET-05536,consent_scope_mismatch
NET-05537,device_session_mismatch
NET-05538,consent_scope_mismatch
NET-05539,consent_scope_mismatch
NET-05540,consent_scope_mismatch
NET-05541,consent_scope_mismatch
NET-05542,consent_scope_mismatch
NET-05543,consent_scope_mismatch
NET-05544,consent_scope_mismatch
NET-05545,consent_scope_mismatch
NET-05546,device_session_mismatch
NET-05547,consent_scope_mismatch
NET-05548,consent_scope_mismatch
NET-05549,consent_scope_mismatch
NET-05550,device_session_mismatch
NET-05551,consent_scope_mismatch
NET-05552,consent_scope_mismatch
NET-05553,consent_scope_mismatch
NET-05554,device_session_mismatch
NET-05555,consent_scope_mismatch
NET-05556,consent_scope_mismatch
NET-05557,consent_scope_mismatch
NET-05558,consent_scope_mismatch
NET-05559,consent_scope_mismatch
NET-05560,consent_scope_mismatch
NET-05561,device_session_mismatch
NET-05562,device_session_mismatch
NET-05563,consent_scope_mismatch
NET-05564,consent_scope_mismatch
NET-05565,consent_scope_mismatch
NET-05566,consent_scope_mismatch
NET-05567,consent_scope_mismatch
NET-05568,consent_scope_mismatch
NET-05569,consent_scope_mismatch
NET-05570,consent_scope_mismatch
NET-05571,consent_scope_mismatch
NET-05572,device_session_mismatch
NET-05573,consent_scope_mismatch
NET-05574,consent_scope_mismatch
NET-05575,consent_scope_mismatch
NET-05576,device_session_mismatch
NET-05577,consent_scope_mismatch
NET-05578,consent_scope_mismatch
NET-05579,consent_scope_mismatch
NET-05580,device_session_mismatch
NET-05581,consent_scope_mismatch
NET-05582,consent_scope_mismatch
NET-05583,consent_scope_mismatch
NET-05584,consent_scope_mismatch
NET-05585,consent_scope_mismatch
NET-05586,consent_scope_mismatch
NET-05587,consent_scope_mismatch
NET-05588,device_session_mismatch
NET-05589,device_session_mismatch
NET-05590,consent_scope_mismatch
NET-05591,consent_scope_mismatch
NET-05592,device_session_mismatch
NET-05593,consent_scope_mismatch
NET-05594,device_session_mismatch
NET-05595,consent_scope_mismatch
NET-05596,consent_scope_mismatch
NET-05597,consent_scope_mismatch
NET-05598,consent_scope_mismatch
NET-05599,device_session_mismatch
NET-05600,consent_scope_mismatch
NET-05601,device_session_mismatch
NET-05602,device_session_mismatch
NET-05603,consent_scope_mismatch
NET-05604,consent_scope_mismatch
NET-05605,consent_scope_mismatch
NET-05606,device_session_mismatch
NET-05607,consent_scope_mismatch
NET-05608,consent_scope_mismatch
NET-05609,consent_scope_mismatch
NET-05610,device_session_mismatch
NET-05611,consent_scope_mismatch
NET-05612,device_session_mismatch
NET-05613,consent_scope_mismatch
NET-05614,consent_scope_mismatch
NET-05615,consent_scope_mismatch
NET-05616,consent_scope_mismatch
NET-05617,device_session_mismatch
NET-05618,consent_scope_mismatch
NET-05619,device_session_mismatch
NET-05620,consent_scope_mismatch
NET-05621,consent_scope_mismatch
NET-05622,consent_scope_mismatch
NET-05623,consent_scope_mismatch
NET-05624,device_session_mismatch
NET-05625,consent_scope_mismatch
NET-05626,device_session_mismatch
NET-05627,consent_scope_mismatch
NET-05628,device_session_mismatch
NET-05629,consent_scope_mismatch
NET-05630,device_session_mismatch
NET-05631,device_session_mismatch
NET-05632,device_session_mismatch
NET-05633,consent_scope_mismatch
NET-05634,consent_scope_mismatch
NET-05635,consent_scope_mismatch
NET-05636,consent_scope_mismatch
NET-05637,consent_scope_mismatch
NET-05638,consent_scope_mismatch
NET-05639,device_session_mismatch
NET-05640,device_session_mismatch
NET-05641,consent_scope_mismatch
NET-05642,consent_scope_mismatch
NET-05643,consent_scope_mismatch
NET-05644,consent_scope_mismatch
NET-05645,device_session_mismatch
NET-05646,device_session_mismatch
NET-05647,device_session_mismatch
NET-05648,consent_scope_mismatch
NET-05649,consent_scope_mismatch
NET-05650,consent_scope_mismatch
NET-05651,device_session_mismatch
NET-05652,consent_scope_mismatch
NET-05653,device_session_mismatch
NET-05654,device_session_mismatch
NET-05655,consent_scope_mismatch
NET-05656,consent_scope_mismatch
NET-05657,device_session_mismatch
NET-05658,consent_scope_mismatch
NET-05659,consent_scope_mismatch
NET-05660,consent_scope_mismatch
NET-05661,consent_scope_mismatch
NET-05662,consent_scope_mismatch
NET-05663,consent_scope_mismatch
NET-05664,consent_scope_mismatch
NET-05665,device_session_mismatch
NET-05666,consent_scope_mismatch
NET-05667,device_session_mismatch
NET-05668,consent_scope_mismatch
NET-05669,device_session_mismatch
NET-05670,consent_scope_mismatch
NET-05671,device_session_mismatch
NET-05672,device_session_mismatch
NET-05673,consent_scope_mismatch
NET-05674,device_session_mismatch
NET-05675,consent_scope_mismatch
NET-05676,consent_scope_mismatch
NET-05677,device_session_mismatch
NET-05678,consent_scope_mismatch
NET-05679,consent_scope_mismatch
NET-05680,device_session_mismatch
NET-05681,consent_scope_mismatch
NET-05682,consent_scope_mismatch
NET-05683,consent_scope_mismatch
NET-05684,consent_scope_mismatch
NET-05685,consent_scope_mismatch
NET-05686,consent_scope_mismatch
NET-05687,consent_scope_mismatch
NET-05688,device_session_mismatch
NET-05689,device_session_mismatch
NET-05690,consent_scope_mismatch
NET-05691,consent_scope_mismatch
NET-05692,consent_scope_mismatch
NET-05693,consent_scope_mismatch
NET-05694,consent_scope_mismatch
NET-05695,consent_scope_mismatch
NET-05696,consent_scope_mismatch
NET-05697,device_session_mismatch
NET-05698,consent_scope_mismatch
NET-05699,device_session_mismatch
NET-05700,consent_scope_mismatch
NET-05701,device_session_mismatch
NET-05702,consent_scope_mismatch
NET-05703,device_session_mismatch
NET-05704,consent_scope_mismatch
NET-05705,consent_scope_mismatch
NET-05706,device_session_mismatch
NET-05707,consent_scope_mismatch
NET-05708,consent_scope_mismatch
NET-05709,consent_scope_mismatch
NET-05710,device_session_mismatch
NET-05711,consent_scope_mismatch
NET-05712,consent_scope_mismatch
NET-05713,consent_scope_mismatch
NET-05714,consent_scope_mismatch
NET-05715,device_session_mismatch
NET-05716,consent_scope_mismatch
NET-05717,consent_scope_mismatch
NET-05718,device_session_mismatch
NET-05719,consent_scope_mismatch
NET-05720,consent_scope_mismatch
NET-05721,device_session_mismatch
NET-05722,consent_scope_mismatch
NET-05723,consent_scope_mismatch
NET-05724,consent_scope_mismatch
NET-05725,consent_scope_mismatch
NET-05726,device_session_mismatch
NET-05727,consent_scope_mismatch
NET-05728,device_session_mismatch
NET-05729,consent_scope_mismatch
NET-05730,device_session_mismatch
NET-05731,consent_scope_mismatch
NET-05732,consent_scope_mismatch
NET-05733,consent_scope_mismatch
NET-05734,consent_scope_mismatch
NET-05735,consent_scope_mismatch
NET-05736,device_session_mismatch
NET-05737,consent_scope_mismatch
NET-05738,consent_scope_mismatch
NET-05739,device_session_mismatch
NET-05740,consent_scope_mismatch
NET-05741,consent_scope_mismatch
NET-05742,consent_scope_mismatch
NET-05743,consent_scope_mismatch
NET-05744,consent_scope_mismatch
NET-05745,device_session_mismatch
NET-05746,consent_scope_mismatch
NET-05747,consent_scope_mismatch
NET-05748,consent_scope_mismatch
NET-05749,consent_scope_mismatch
NET-05750,consent_scope_mismatch
NET-05751,device_session_mismatch
NET-05752,consent_scope_mismatch
NET-05753,consent_scope_mismatch
NET-05754,consent_scope_mismatch
NET-05755,consent_scope_mismatch
NET-05756,device_session_mismatch
NET-05757,consent_scope_mismatch
NET-05758,device_session_mismatch
NET-05759,consent_scope_mismatch
NET-05760,consent_scope_mismatch
NET-05761,consent_scope_mismatch
NET-05762,consent_scope_mismatch
NET-05763,consent_scope_mismatch
NET-05764,consent_scope_mismatch
NET-05765,consent_scope_mismatch
NET-05766,device_session_mismatch
NET-05767,consent_scope_mismatch
NET-05768,consent_scope_mismatch
NET-05769,device_session_mismatch
NET-05770,consent_scope_mismatch
NET-05771,consent_scope_mismatch
NET-05772,consent_scope_mismatch
NET-05773,consent_scope_mismatch
NET-05774,device_session_mismatch
NET-05775,consent_scope_mismatch
NET-05776,consent_scope_mismatch
NET-05777,device_session_mismatch
NET-05778,device_session_mismatch
NET-05779,consent_scope_mismatch
NET-05780,consent_scope_mismatch
NET-05781,device_session_mismatch
NET-05782,consent_scope_mismatch
NET-05783,device_session_mismatch
NET-05784,device_session_mismatch
NET-05785,device_session_mismatch
NET-05786,consent_scope_mismatch
NET-05787,device_session_mismatch
NET-05788,consent_scope_mismatch
NET-05789,consent_scope_mismatch
NET-05790,consent_scope_mismatch
NET-05791,consent_scope_mismatch
NET-05792,consent_scope_mismatch
NET-05793,device_session_mismatch
NET-05794,consent_scope_mismatch
NET-05795,consent_scope_mismatch
NET-05796,device_session_mismatch
NET-05797,consent_scope_mismatch
NET-05798,consent_scope_mismatch
NET-05799,consent_scope_mismatch
NET-05800,consent_scope_mismatch
NET-05801,consent_scope_mismatch
NET-05802,consent_scope_mismatch
NET-05803,consent_scope_mismatch
NET-05804,consent_scope_mismatch
NET-05805,consent_scope_mismatch
NET-05806,consent_scope_mismatch
NET-05807,consent_scope_mismatch
NET-05808,consent_scope_mismatch
NET-05809,consent_scope_mismatch
NET-05810,consent_scope_mismatch
NET-05811,consent_scope_mismatch
NET-05812,consent_scope_mismatch
NET-05813,consent_scope_mismatch
NET-05814,consent_scope_mismatch
NET-05815,consent_scope_mismatch
NET-05816,consent_scope_mismatch
NET-05817,consent_scope_mismatch
NET-05818,consent_scope_mismatch
NET-05819,consent_scope_mismatch
NET-05820,consent_scope_mismatch
NET-05821,consent_scope_mismatch
NET-05822,consent_scope_mismatch
NET-05823,consent_scope_mismatch
NET-05824,consent_scope_mismatch
NET-05825,consent_scope_mismatch
NET-05826,consent_scope_mismatch
NET-05827,consent_scope_mismatch
NET-05828,consent_scope_mismatch
NET-05829,consent_scope_mismatch
NET-05830,consent_scope_mismatch
NET-05831,consent_scope_mismatch
NET-05832,consent_scope_mismatch
NET-05833,consent_scope_mismatch
NET-05834,consent_scope_mismatch
NET-05835,device_session_mismatch
NET-05836,consent_scope_mismatch
NET-05837,device_session_mismatch
NET-05838,device_session_mismatch
NET-05839,device_session_mismatch
NET-05840,consent_scope_mismatch
NET-05841,consent_scope_mismatch
NET-05842,consent_scope_mismatch
NET-05843,device_session_mismatch
NET-05844,consent_scope_mismatch
NET-05845,consent_scope_mismatch
NET-05846,consent_scope_mismatch
NET-05847,consent_scope_mismatch
NET-05848,consent_scope_mismatch
NET-05849,consent_scope_mismatch
NET-05850,consent_scope_mismatch
NET-05851,consent_scope_mismatch
NET-05852,consent_scope_mismatch
NET-05853,consent_scope_mismatch
NET-05854,consent_scope_mismatch
NET-05855,consent_scope_mismatch
NET-05856,consent_scope_mismatch
NET-05857,consent_scope_mismatch
NET-05858,consent_scope_mismatch
NET-05859,device_session_mismatch
NET-05860,consent_scope_mismatch
NET-05861,consent_scope_mismatch
NET-05862,consent_scope_mismatch
NET-05863,device_session_mismatch
NET-05864,consent_scope_mismatch
NET-05865,consent_scope_mismatch
NET-05866,consent_scope_mismatch
NET-05867,consent_scope_mismatch
NET-05868,device_session_mismatch
NET-05869,consent_scope_mismatch
NET-05870,consent_scope_mismatch
NET-05871,device_session_mismatch
NET-05872,consent_scope_mismatch
NET-05873,consent_scope_mismatch
NET-05874,consent_scope_mismatch
NET-05875,consent_scope_mismatch
NET-05876,consent_scope_mismatch
NET-05877,consent_scope_mismatch
NET-05878,consent_scope_mismatch
NET-05879,consent_scope_mismatch
NET-05880,consent_scope_mismatch
NET-05881,device_session_mismatch
NET-05882,consent_scope_mismatch
NET-05883,consent_scope_mismatch
NET-05884,consent_scope_mismatch
NET-05885,consent_scope_mismatch
NET-05886,consent_scope_mismatch
NET-05887,consent_scope_mismatch
NET-05888,device_session_mismatch
NET-05889,device_session_mismatch
NET-05890,consent_scope_mismatch
NET-05891,device_session_mismatch
NET-05892,consent_scope_mismatch
NET-05893,device_session_mismatch
NET-05894,device_session_mismatch
NET-05895,consent_scope_mismatch
NET-05896,consent_scope_mismatch
NET-05897,consent_scope_mismatch
NET-05898,consent_scope_mismatch
NET-05899,consent_scope_mismatch
NET-05900,device_session_mismatch
NET-05901,device_session_mismatch
NET-05902,consent_scope_mismatch
NET-05903,consent_scope_mismatch
NET-05904,consent_scope_mismatch
NET-05905,consent_scope_mismatch
NET-05906,consent_scope_mismatch
NET-05907,consent_scope_mismatch
NET-05908,consent_scope_mismatch
NET-05909,consent_scope_mismatch
NET-05910,consent_scope_mismatch
NET-05911,consent_scope_mismatch
NET-05912,device_session_mismatch
NET-05913,consent_scope_mismatch
NET-05914,device_session_mismatch
NET-05915,consent_scope_mismatch
NET-05916,consent_scope_mismatch
NET-05917,consent_scope_mismatch
NET-05918,device_session_mismatch
NET-05919,device_session_mismatch
NET-05920,device_session_mismatch
NET-05921,consent_scope_mismatch
NET-05922,consent_scope_mismatch
NET-05923,device_session_mismatch
NET-05924,consent_scope_mismatch
NET-05925,consent_scope_mismatch
NET-05926,device_session_mismatch
NET-05927,device_session_mismatch
NET-05928,device_session_mismatch
NET-05929,consent_scope_mismatch
NET-05930,device_session_mismatch
NET-05931,consent_scope_mismatch
NET-05932,device_session_mismatch
NET-05933,consent_scope_mismatch
NET-05934,consent_scope_mismatch
NET-05935,consent_scope_mismatch
NET-05936,consent_scope_mismatch
NET-05937,device_session_mismatch
NET-05938,device_session_mismatch
NET-05939,consent_scope_mismatch
NET-05940,consent_scope_mismatch
NET-05941,device_session_mismatch
NET-05942,device_session_mismatch
NET-05943,consent_scope_mismatch
NET-05944,device_session_mismatch
NET-05945,device_session_mismatch
NET-05946,consent_scope_mismatch
NET-05947,consent_scope_mismatch
NET-05948,consent_scope_mismatch
NET-05949,consent_scope_mismatch
NET-05950,consent_scope_mismatch
NET-05951,device_session_mismatch
NET-05952,consent_scope_mismatch
NET-05953,device_session_mismatch
NET-05954,consent_scope_mismatch
NET-05955,consent_scope_mismatch
NET-05956,consent_scope_mismatch
NET-05957,consent_scope_mismatch
NET-05958,consent_scope_mismatch
NET-05959,consent_scope_mismatch
NET-05960,consent_scope_mismatch
NET-05961,consent_scope_mismatch
NET-05962,consent_scope_mismatch
NET-05963,consent_scope_mismatch
NET-05964,consent_scope_mismatch
NET-05965,consent_scope_mismatch
NET-05966,device_session_mismatch
NET-05967,consent_scope_mismatch
NET-05968,consent_scope_mismatch
NET-05969,device_session_mismatch
NET-05970,device_session_mismatch
NET-05971,consent_scope_mismatch
NET-05972,consent_scope_mismatch
NET-05973,consent_scope_mismatch
NET-05974,consent_scope_mismatch
NET-05975,device_session_mismatch
NET-05976,device_session_mismatch
NET-05977,consent_scope_mismatch
NET-05978,consent_scope_mismatch
NET-05979,consent_scope_mismatch
NET-05980,consent_scope_mismatch
NET-05981,device_session_mismatch
NET-05982,consent_scope_mismatch
NET-05983,device_session_mismatch
NET-05984,consent_scope_mismatch
NET-05985,consent_scope_mismatch
NET-05986,consent_scope_mismatch
NET-05987,consent_scope_mismatch
NET-05988,consent_scope_mismatch
NET-05989,consent_scope_mismatch
NET-05990,consent_scope_mismatch
NET-05991,consent_scope_mismatch
NET-05992,device_session_mismatch
NET-05993,consent_scope_mismatch
NET-05994,consent_scope_mismatch
NET-05995,consent_scope_mismatch
NET-05996,device_session_mismatch
NET-05997,consent_scope_mismatch
NET-05998,device_session_mismatch
NET-05999,consent_scope_mismatch
NET-06000,device_session_mismatch
NET-06001,device_session_mismatch
NET-06002,device_session_mismatch
NET-06003,device_session_mismatch
NET-06004,consent_scope_mismatch
NET-06005,consent_scope_mismatch
NET-06006,device_session_mismatch
NET-06007,consent_scope_mismatch
NET-06008,consent_scope_mismatch
NET-06009,device_session_mismatch
NET-06010,consent_scope_mismatch
NET-06011,consent_scope_mismatch
NET-06012,consent_scope_mismatch
NET-06013,consent_scope_mismatch
NET-06014,consent_scope_mismatch
NET-06015,consent_scope_mismatch
NET-06016,consent_scope_mismatch
NET-06017,consent_scope_mismatch
NET-06018,consent_scope_mismatch
NET-06019,consent_scope_mismatch
NET-06020,consent_scope_mismatch
NET-06021,consent_scope_mismatch
NET-06022,device_session_mismatch
NET-06023,consent_scope_mismatch
NET-06024,consent_scope_mismatch
NET-06025,device_session_mismatch
NET-06026,consent_scope_mismatch
NET-06027,device_session_mismatch
NET-06028,consent_scope_mismatch
NET-06029,consent_scope_mismatch
NET-06030,consent_scope_mismatch
NET-06031,consent_scope_mismatch
NET-06032,consent_scope_mismatch
NET-06033,consent_scope_mismatch
NET-06034,consent_scope_mismatch
NET-06035,consent_scope_mismatch
NET-06036,consent_scope_mismatch
NET-06037,consent_scope_mismatch
NET-06038,consent_scope_mismatch
NET-06039,consent_scope_mismatch
NET-06040,device_session_mismatch
NET-06041,consent_scope_mismatch
NET-06042,consent_scope_mismatch
NET-06043,consent_scope_mismatch
NET-06044,consent_scope_mismatch
NET-06045,consent_scope_mismatch
NET-06046,consent_scope_mismatch
NET-06047,consent_scope_mismatch
NET-06048,consent_scope_mismatch
NET-06049,consent_scope_mismatch
NET-06050,consent_scope_mismatch
NET-06051,consent_scope_mismatch
NET-06052,device_session_mismatch
NET-06053,device_session_mismatch
NET-06054,consent_scope_mismatch
NET-06055,consent_scope_mismatch
NET-06056,consent_scope_mismatch
NET-06057,consent_scope_mismatch
NET-06058,consent_scope_mismatch
NET-06059,consent_scope_mismatch
NET-06060,consent_scope_mismatch
NET-06061,consent_scope_mismatch
NET-06062,device_session_mismatch
NET-06063,consent_scope_mismatch
NET-06064,consent_scope_mismatch
NET-06065,consent_scope_mismatch
NET-06066,consent_scope_mismatch
NET-06067,consent_scope_mismatch
NET-06068,consent_scope_mismatch
NET-06069,device_session_mismatch
NET-06070,consent_scope_mismatch
NET-06071,consent_scope_mismatch
NET-06072,consent_scope_mismatch
NET-06073,consent_scope_mismatch
NET-06074,device_session_mismatch
NET-06075,consent_scope_mismatch
NET-06076,consent_scope_mismatch
NET-06077,consent_scope_mismatch
NET-06078,device_session_mismatch
NET-06079,consent_scope_mismatch
NET-06080,device_session_mismatch
NET-06081,consent_scope_mismatch
NET-06082,consent_scope_mismatch
NET-06083,consent_scope_mismatch
NET-06084,consent_scope_mismatch
NET-06085,device_session_mismatch
NET-06086,consent_scope_mismatch
NET-06087,consent_scope_mismatch
NET-06088,device_session_mismatch
NET-06089,consent_scope_mismatch
NET-06090,consent_scope_mismatch
NET-06091,consent_scope_mismatch
NET-06092,consent_scope_mismatch
NET-06093,consent_scope_mismatch
NET-06094,consent_scope_mismatch
NET-06095,consent_scope_mismatch
NET-06096,device_session_mismatch
NET-06097,consent_scope_mismatch
NET-06098,consent_scope_mismatch
NET-06099,consent_scope_mismatch
NET-06100,consent_scope_mismatch
NET-06101,consent_scope_mismatch
NET-06102,consent_scope_mismatch
NET-06103,consent_scope_mismatch
NET-06104,consent_scope_mismatch
NET-06105,consent_scope_mismatch
NET-06106,device_session_mismatch
NET-06107,consent_scope_mismatch
NET-06108,consent_scope_mismatch
NET-06109,device_session_mismatch
NET-06110,consent_scope_mismatch
NET-06111,consent_scope_mismatch
NET-06112,consent_scope_mismatch
NET-06113,consent_scope_mismatch
NET-06114,consent_scope_mismatch
NET-06115,consent_scope_mismatch
NET-06116,consent_scope_mismatch
NET-06117,consent_scope_mismatch
NET-06118,consent_scope_mismatch
NET-06119,consent_scope_mismatch
NET-06120,consent_scope_mismatch
NET-06121,consent_scope_mismatch
NET-06122,consent_scope_mismatch
NET-06123,consent_scope_mismatch
NET-06124,consent_scope_mismatch
NET-06125,consent_scope_mismatch
NET-06126,consent_scope_mismatch
NET-06127,consent_scope_mismatch
NET-06128,consent_scope_mismatch
NET-06129,consent_scope_mismatch
NET-06130,consent_scope_mismatch
NET-06131,consent_scope_mismatch
NET-06132,consent_scope_mismatch
NET-06133,consent_scope_mismatch
NET-06134,consent_scope_mismatch
NET-06135,consent_scope_mismatch
NET-06136,consent_scope_mismatch
NET-06137,device_session_mismatch
NET-06138,consent_scope_mismatch
NET-06139,consent_scope_mismatch
NET-06140,consent_scope_mismatch
NET-06141,consent_scope_mismatch
NET-06142,device_session_mismatch
NET-06143,consent_scope_mismatch
NET-06144,consent_scope_mismatch
NET-06145,consent_scope_mismatch
NET-06146,consent_scope_mismatch
NET-06147,consent_scope_mismatch
NET-06148,consent_scope_mismatch
NET-06149,consent_scope_mismatch
NET-06150,consent_scope_mismatch
NET-06151,consent_scope_mismatch
NET-06152,consent_scope_mismatch
NET-06153,consent_scope_mismatch
NET-06154,consent_scope_mismatch
NET-06155,device_session_mismatch
NET-06156,consent_scope_mismatch
NET-06157,consent_scope_mismatch
NET-06158,consent_scope_mismatch
NET-06159,consent_scope_mismatch
NET-06160,consent_scope_mismatch
NET-06161,consent_scope_mismatch
NET-06162,consent_scope_mismatch
NET-06163,device_session_mismatch
NET-06164,consent_scope_mismatch
NET-06165,consent_scope_mismatch
NET-06166,consent_scope_mismatch
NET-06167,consent_scope_mismatch
NET-06168,consent_scope_mismatch
NET-06169,consent_scope_mismatch
NET-06170,consent_scope_mismatch
NET-06171,consent_scope_mismatch
NET-06172,consent_scope_mismatch
NET-06173,device_session_mismatch
NET-06174,consent_scope_mismatch
NET-06175,consent_scope_mismatch
NET-06176,consent_scope_mismatch
NET-06177,consent_scope_mismatch
NET-06178,consent_scope_mismatch
NET-06179,consent_scope_mismatch
NET-06180,consent_scope_mismatch
NET-06181,consent_scope_mismatch
NET-06182,consent_scope_mismatch
NET-06183,consent_scope_mismatch
NET-06184,consent_scope_mismatch
NET-06185,consent_scope_mismatch
NET-06186,consent_scope_mismatch
NET-06187,device_session_mismatch
NET-06188,device_session_mismatch
NET-06189,consent_scope_mismatch
NET-06190,consent_scope_mismatch
NET-06191,device_session_mismatch
NET-06192,consent_scope_mismatch
NET-06193,consent_scope_mismatch
NET-06194,consent_scope_mismatch
NET-06195,consent_scope_mismatch
NET-06196,consent_scope_mismatch
NET-06197,device_session_mismatch
NET-06198,consent_scope_mismatch
NET-06199,consent_scope_mismatch
NET-06200,device_session_mismatch
NET-06201,consent_scope_mismatch
NET-06202,consent_scope_mismatch
NET-06203,consent_scope_mismatch
NET-06204,consent_scope_mismatch
NET-06205,consent_scope_mismatch
NET-06206,consent_scope_mismatch
NET-06207,consent_scope_mismatch
NET-06208,consent_scope_mismatch
NET-06209,consent_scope_mismatch
NET-06210,consent_scope_mismatch
NET-06211,consent_scope_mismatch
NET-06212,device_session_mismatch
NET-06213,consent_scope_mismatch
NET-06214,consent_scope_mismatch
NET-06215,consent_scope_mismatch
NET-06216,consent_scope_mismatch
NET-06217,consent_scope_mismatch
NET-06218,consent_scope_mismatch
NET-06219,consent_scope_mismatch
NET-06220,consent_scope_mismatch
NET-06221,consent_scope_mismatch
NET-06222,device_session_mismatch
NET-06223,consent_scope_mismatch
NET-06224,consent_scope_mismatch
NET-06225,consent_scope_mismatch
NET-06226,device_session_mismatch
NET-06227,consent_scope_mismatch
NET-06228,consent_scope_mismatch
NET-06229,consent_scope_mismatch
NET-06230,consent_scope_mismatch
NET-06231,consent_scope_mismatch
NET-06232,consent_scope_mismatch
NET-06233,consent_scope_mismatch
NET-06234,consent_scope_mismatch
NET-06235,device_session_mismatch
NET-06236,device_session_mismatch
NET-06237,consent_scope_mismatch
NET-06238,device_session_mismatch
NET-06239,consent_scope_mismatch
NET-06240,device_session_mismatch
NET-06241,consent_scope_mismatch
NET-06242,consent_scope_mismatch
NET-06243,device_session_mismatch
NET-06244,consent_scope_mismatch
NET-06245,consent_scope_mismatch
NET-06246,consent_scope_mismatch
NET-06247,consent_scope_mismatch
NET-06248,device_session_mismatch
NET-06249,device_session_mismatch
NET-06250,consent_scope_mismatch
NET-06251,consent_scope_mismatch
NET-06252,consent_scope_mismatch
NET-06253,consent_scope_mismatch
NET-06254,consent_scope_mismatch
NET-06255,consent_scope_mismatch
NET-06256,consent_scope_mismatch
NET-06257,device_session_mismatch
NET-06258,consent_scope_mismatch
NET-06259,device_session_mismatch
NET-06260,consent_scope_mismatch
NET-06261,consent_scope_mismatch
NET-06262,consent_scope_mismatch
NET-06263,consent_scope_mismatch
NET-06264,consent_scope_mismatch
NET-06265,device_session_mismatch
NET-06266,consent_scope_mismatch
NET-06267,device_session_mismatch
NET-06268,consent_scope_mismatch
NET-06269,consent_scope_mismatch
NET-06270,consent_scope_mismatch
NET-06271,device_session_mismatch
NET-06272,consent_scope_mismatch
NET-06273,consent_scope_mismatch
NET-06274,consent_scope_mismatch
NET-06275,consent_scope_mismatch
NET-06276,consent_scope_mismatch
NET-06277,device_session_mismatch
NET-06278,consent_scope_mismatch
NET-06279,consent_scope_mismatch
NET-06280,consent_scope_mismatch
NET-06281,consent_scope_mismatch
NET-06282,consent_scope_mismatch
NET-06283,consent_scope_mismatch
NET-06284,consent_scope_mismatch
NET-06285,consent_scope_mismatch
NET-06286,consent_scope_mismatch
NET-06287,consent_scope_mismatch
NET-06288,consent_scope_mismatch
NET-06289,device_session_mismatch
NET-06290,consent_scope_mismatch
NET-06291,consent_scope_mismatch
NET-06292,device_session_mismatch
NET-06293,device_session_mismatch
NET-06294,device_session_mismatch
NET-06295,consent_scope_mismatch
NET-06296,device_session_mismatch
NET-06297,consent_scope_mismatch
NET-06298,consent_scope_mismatch
NET-06299,consent_scope_mismatch
NET-06300,device_session_mismatch
NET-06301,consent_scope_mismatch
NET-06302,device_session_mismatch
NET-06303,consent_scope_mismatch
NET-06304,consent_scope_mismatch
NET-06305,consent_scope_mismatch
NET-06306,consent_scope_mismatch
NET-06307,consent_scope_mismatch
NET-06308,consent_scope_mismatch
NET-06309,consent_scope_mismatch
NET-06310,consent_scope_mismatch
NET-06311,device_session_mismatch
NET-06312,consent_scope_mismatch
NET-06313,consent_scope_mismatch
NET-06314,consent_scope_mismatch
NET-06315,consent_scope_mismatch
NET-06316,consent_scope_mismatch
NET-06317,consent_scope_mismatch
NET-06318,consent_scope_mismatch
NET-06319,consent_scope_mismatch
NET-06320,device_session_mismatch
NET-06321,consent_scope_mismatch
NET-06322,consent_scope_mismatch
NET-06323,consent_scope_mismatch
NET-06324,consent_scope_mismatch
NET-06325,device_session_mismatch
NET-06326,consent_scope_mismatch
NET-06327,consent_scope_mismatch
NET-06328,consent_scope_mismatch
NET-06329,device_session_mismatch
NET-06330,consent_scope_mismatch
NET-06331,consent_scope_mismatch
NET-06332,consent_scope_mismatch
NET-06333,consent_scope_mismatch
NET-06334,consent_scope_mismatch
NET-06335,consent_scope_mismatch
NET-06336,consent_scope_mismatch
NET-06337,consent_scope_mismatch
NET-06338,consent_scope_mismatch
NET-06339,consent_scope_mismatch
NET-06340,consent_scope_mismatch
NET-06341,consent_scope_mismatch
NET-06342,consent_scope_mismatch
NET-06343,device_session_mismatch
NET-06344,device_session_mismatch
NET-06345,consent_scope_mismatch
NET-06346,device_session_mismatch
NET-06347,consent_scope_mismatch
NET-06348,device_session_mismatch
NET-06349,consent_scope_mismatch
NET-06350,device_session_mismatch
NET-06351,consent_scope_mismatch
NET-06352,consent_scope_mismatch
NET-06353,consent_scope_mismatch
NET-06354,consent_scope_mismatch
NET-06355,consent_scope_mismatch
NET-06356,consent_scope_mismatch
NET-06357,consent_scope_mismatch
NET-06358,consent_scope_mismatch
NET-06359,device_session_mismatch
NET-06360,consent_scope_mismatch
NET-06361,consent_scope_mismatch
NET-06362,device_session_mismatch
NET-06363,device_session_mismatch
NET-06364,device_session_mismatch
NET-06365,consent_scope_mismatch
NET-06366,device_session_mismatch
NET-06367,consent_scope_mismatch
NET-06368,consent_scope_mismatch
NET-06369,consent_scope_mismatch
NET-06370,consent_scope_mismatch
NET-06371,consent_scope_mismatch
NET-06372,consent_scope_mismatch
NET-06373,device_session_mismatch
NET-06374,device_session_mismatch
NET-06375,device_session_mismatch
NET-06376,consent_scope_mismatch
NET-06377,device_session_mismatch
NET-06378,consent_scope_mismatch
NET-06379,consent_scope_mismatch
NET-06380,device_session_mismatch
NET-06381,consent_scope_mismatch
NET-06382,consent_scope_mismatch
NET-06383,device_session_mismatch
NET-06384,device_session_mismatch
NET-06385,device_session_mismatch
NET-06386,consent_scope_mismatch
NET-06387,consent_scope_mismatch
NET-06388,device_session_mismatch
NET-06389,consent_scope_mismatch
NET-06390,device_session_mismatch
NET-06391,consent_scope_mismatch
NET-06392,device_session_mismatch
NET-06393,consent_scope_mismatch
NET-06394,device_session_mismatch
NET-06395,consent_scope_mismatch
NET-06396,device_session_mismatch
NET-06397,consent_scope_mismatch
NET-06398,consent_scope_mismatch
NET-06399,device_session_mismatch
NET-06400,consent_scope_mismatch
NET-06401,consent_scope_mismatch
NET-06402,consent_scope_mismatch
NET-06403,consent_scope_mismatch
NET-06404,consent_scope_mismatch
NET-06405,consent_scope_mismatch
NET-06406,consent_scope_mismatch
NET-06407,consent_scope_mismatch
NET-06408,device_session_mismatch
NET-06409,consent_scope_mismatch
NET-06410,device_session_mismatch
NET-06411,consent_scope_mismatch
NET-06412,consent_scope_mismatch
NET-06413,consent_scope_mismatch
NET-06414,consent_scope_mismatch
NET-06415,device_session_mismatch
NET-06416,device_session_mismatch
NET-06417,consent_scope_mismatch
NET-06418,device_session_mismatch
NET-06419,device_session_mismatch
NET-06420,consent_scope_mismatch
NET-06421,consent_scope_mismatch
NET-06422,consent_scope_mismatch
NET-06423,device_session_mismatch
NET-06424,consent_scope_mismatch
NET-06425,consent_scope_mismatch
NET-06426,consent_scope_mismatch
NET-06427,consent_scope_mismatch
NET-06428,device_session_mismatch
NET-06429,consent_scope_mismatch
NET-06430,device_session_mismatch
NET-06431,consent_scope_mismatch
NET-06432,consent_scope_mismatch
NET-06433,consent_scope_mismatch
NET-06434,consent_scope_mismatch
NET-06435,consent_scope_mismatch
NET-06436,consent_scope_mismatch
NET-06437,consent_scope_mismatch
NET-06438,consent_scope_mismatch
NET-06439,consent_scope_mismatch
NET-06440,device_session_mismatch
NET-06441,consent_scope_mismatch
NET-06442,device_session_mismatch
NET-06443,consent_scope_mismatch
NET-06444,consent_scope_mismatch
NET-06445,consent_scope_mismatch
NET-06446,consent_scope_mismatch
NET-06447,device_session_mismatch
NET-06448,device_session_mismatch
NET-06449,consent_scope_mismatch
NET-06450,consent_scope_mismatch
NET-06451,consent_scope_mismatch
NET-06452,consent_scope_mismatch
NET-06453,device_session_mismatch
NET-06454,device_session_mismatch
NET-06455,consent_scope_mismatch
NET-06456,device_session_mismatch
NET-06457,device_session_mismatch
NET-06458,consent_scope_mismatch
NET-06459,consent_scope_mismatch
NET-06460,device_session_mismatch
NET-06461,consent_scope_mismatch
NET-06462,device_session_mismatch
NET-06463,consent_scope_mismatch
NET-06464,consent_scope_mismatch
NET-06465,consent_scope_mismatch
NET-06466,consent_scope_mismatch
NET-06467,consent_scope_mismatch
NET-06468,consent_scope_mismatch
NET-06469,consent_scope_mismatch
NET-06470,consent_scope_mismatch
NET-06471,consent_scope_mismatch
NET-06472,consent_scope_mismatch
NET-06473,consent_scope_mismatch
NET-06474,consent_scope_mismatch
NET-06475,consent_scope_mismatch
NET-06476,consent_scope_mismatch
NET-06477,consent_scope_mismatch
NET-06478,device_session_mismatch
NET-06479,consent_scope_mismatch
NET-06480,device_session_mismatch
NET-06481,consent_scope_mismatch
NET-06482,device_session_mismatch
NET-06483,device_session_mismatch
NET-06484,consent_scope_mismatch
NET-06485,consent_scope_mismatch
NET-06486,consent_scope_mismatch
NET-06487,consent_scope_mismatch
NET-06488,device_session_mismatch
NET-06489,consent_scope_mismatch
NET-06490,consent_scope_mismatch
NET-06491,device_session_mismatch
NET-06492,consent_scope_mismatch
NET-06493,consent_scope_mismatch
NET-06494,device_session_mismatch
NET-06495,device_session_mismatch
NET-06496,consent_scope_mismatch
NET-06497,device_session_mismatch
NET-06498,device_session_mismatch
NET-06499,consent_scope_mismatch
NET-06500,consent_scope_mismatch
NET-06501,consent_scope_mismatch
NET-06502,device_session_mismatch
NET-06503,consent_scope_mismatch
NET-06504,device_session_mismatch
NET-06505,consent_scope_mismatch
NET-06506,consent_scope_mismatch
NET-06507,consent_scope_mismatch
NET-06508,consent_scope_mismatch
NET-06509,device_session_mismatch
NET-06510,consent_scope_mismatch
NET-06511,consent_scope_mismatch
NET-06512,consent_scope_mismatch
NET-06513,consent_scope_mismatch
NET-06514,device_session_mismatch
NET-06515,consent_scope_mismatch
NET-06516,consent_scope_mismatch
NET-06517,device_session_mismatch
NET-06518,consent_scope_mismatch
NET-06519,consent_scope_mismatch
NET-06520,consent_scope_mismatch
NET-06521,consent_scope_mismatch
NET-06522,consent_scope_mismatch
NET-06523,consent_scope_mismatch
NET-06524,consent_scope_mismatch
NET-06525,consent_scope_mismatch
NET-06526,consent_scope_mismatch
NET-06527,consent_scope_mismatch
NET-06528,consent_scope_mismatch
NET-06529,consent_scope_mismatch
NET-06530,consent_scope_mismatch
NET-06531,consent_scope_mismatch
NET-06532,consent_scope_mismatch
NET-06533,consent_scope_mismatch
NET-06534,consent_scope_mismatch
NET-06535,consent_scope_mismatch
NET-06536,consent_scope_mismatch
NET-06537,consent_scope_mismatch
NET-06538,device_session_mismatch
NET-06539,consent_scope_mismatch
NET-06540,consent_scope_mismatch
NET-06541,device_session_mismatch
NET-06542,consent_scope_mismatch
NET-06543,device_session_mismatch
NET-06544,consent_scope_mismatch
NET-06545,consent_scope_mismatch
NET-06546,consent_scope_mismatch
NET-06547,consent_scope_mismatch
NET-06548,consent_scope_mismatch
NET-06549,consent_scope_mismatch
NET-06550,consent_scope_mismatch
NET-06551,consent_scope_mismatch
NET-06552,consent_scope_mismatch
NET-06553,device_session_mismatch
NET-06554,device_session_mismatch
NET-06555,consent_scope_mismatch
NET-06556,consent_scope_mismatch
NET-06557,consent_scope_mismatch
NET-06558,device_session_mismatch
NET-06559,consent_scope_mismatch
NET-06560,consent_scope_mismatch
NET-06561,consent_scope_mismatch
NET-06562,consent_scope_mismatch
NET-06563,device_session_mismatch
NET-06564,consent_scope_mismatch
NET-06565,consent_scope_mismatch
NET-06566,device_session_mismatch
NET-06567,consent_scope_mismatch
NET-06568,consent_scope_mismatch
NET-06569,consent_scope_mismatch
NET-06570,consent_scope_mismatch
NET-06571,consent_scope_mismatch
NET-06572,device_session_mismatch
NET-06573,consent_scope_mismatch
NET-06574,consent_scope_mismatch
NET-06575,consent_scope_mismatch
NET-06576,consent_scope_mismatch
NET-06577,consent_scope_mismatch
NET-06578,consent_scope_mismatch
NET-06579,consent_scope_mismatch
NET-06580,consent_scope_mismatch
NET-06581,consent_scope_mismatch
NET-06582,consent_scope_mismatch
NET-06583,consent_scope_mismatch
NET-06584,device_session_mismatch
NET-06585,consent_scope_mismatch
NET-06586,consent_scope_mismatch
NET-06587,consent_scope_mismatch
NET-06588,device_session_mismatch
NET-06589,consent_scope_mismatch
NET-06590,consent_scope_mismatch
NET-06591,device_session_mismatch
NET-06592,consent_scope_mismatch
NET-06593,consent_scope_mismatch
NET-06594,consent_scope_mismatch
NET-06595,consent_scope_mismatch
NET-06596,consent_scope_mismatch
NET-06597,consent_scope_mismatch
NET-06598,consent_scope_mismatch
NET-06599,consent_scope_mismatch
NET-06600,consent_scope_mismatch
NET-06601,consent_scope_mismatch
NET-06602,consent_scope_mismatch
NET-06603,consent_scope_mismatch
NET-06604,consent_scope_mismatch
NET-06605,consent_scope_mismatch
NET-06606,consent_scope_mismatch
NET-06607,consent_scope_mismatch
NET-06608,consent_scope_mismatch
NET-06609,consent_scope_mismatch
NET-06610,consent_scope_mismatch
NET-06611,consent_scope_mismatch
NET-06612,device_session_mismatch
NET-06613,consent_scope_mismatch
NET-06614,consent_scope_mismatch
NET-06615,consent_scope_mismatch
NET-06616,consent_scope_mismatch
NET-06617,consent_scope_mismatch
NET-06618,device_session_mismatch
NET-06619,consent_scope_mismatch
NET-06620,consent_scope_mismatch
NET-06621,consent_scope_mismatch
NET-06622,device_session_mismatch
NET-06623,consent_scope_mismatch
NET-06624,consent_scope_mismatch
NET-06625,consent_scope_mismatch
NET-06626,consent_scope_mismatch
NET-06627,device_session_mismatch
NET-06628,consent_scope_mismatch
NET-06629,device_session_mismatch
NET-06630,device_session_mismatch
NET-06631,consent_scope_mismatch
NET-06632,device_session_mismatch
NET-06633,device_session_mismatch
NET-06634,consent_scope_mismatch
NET-06635,consent_scope_mismatch
NET-06636,device_session_mismatch
NET-06637,consent_scope_mismatch
NET-06638,consent_scope_mismatch
NET-06639,consent_scope_mismatch
NET-06640,consent_scope_mismatch
NET-06641,consent_scope_mismatch
NET-06642,consent_scope_mismatch
NET-06643,consent_scope_mismatch
NET-06644,device_session_mismatch
NET-06645,consent_scope_mismatch
NET-06646,consent_scope_mismatch
NET-06647,consent_scope_mismatch
NET-06648,consent_scope_mismatch
NET-06649,consent_scope_mismatch
NET-06650,device_session_mismatch
NET-06651,consent_scope_mismatch
NET-06652,consent_scope_mismatch
NET-06653,consent_scope_mismatch
NET-06654,consent_scope_mismatch
NET-06655,device_session_mismatch
NET-06656,consent_scope_mismatch
NET-06657,device_session_mismatch
NET-06658,consent_scope_mismatch
NET-06659,consent_scope_mismatch
NET-06660,device_session_mismatch
NET-06661,consent_scope_mismatch
NET-06662,consent_scope_mismatch
NET-06663,consent_scope_mismatch
NET-06664,device_session_mismatch
NET-06665,consent_scope_mismatch
NET-06666,consent_scope_mismatch
NET-06667,consent_scope_mismatch
NET-06668,consent_scope_mismatch
NET-06669,device_session_mismatch
NET-06670,device_session_mismatch
NET-06671,consent_scope_mismatch
NET-06672,consent_scope_mismatch
NET-06673,consent_scope_mismatch
NET-06674,consent_scope_mismatch
NET-06675,consent_scope_mismatch
NET-06676,consent_scope_mismatch
NET-06677,consent_scope_mismatch
NET-06678,consent_scope_mismatch
NET-06679,device_session_mismatch
NET-06680,device_session_mismatch
NET-06681,consent_scope_mismatch
NET-06682,consent_scope_mismatch
NET-06683,consent_scope_mismatch
NET-06684,consent_scope_mismatch
NET-06685,consent_scope_mismatch
NET-06686,device_session_mismatch
NET-06687,consent_scope_mismatch
NET-06688,consent_scope_mismatch
NET-06689,device_session_mismatch
NET-06690,consent_scope_mismatch
NET-06691,consent_scope_mismatch
NET-06692,consent_scope_mismatch
NET-06693,device_session_mismatch
NET-06694,consent_scope_mismatch
NET-06695,device_session_mismatch
NET-06696,consent_scope_mismatch
NET-06697,consent_scope_mismatch
NET-06698,device_session_mismatch
NET-06699,consent_scope_mismatch
NET-06700,device_session_mismatch
NET-06701,consent_scope_mismatch
NET-06702,consent_scope_mismatch
NET-06703,consent_scope_mismatch
NET-06704,consent_scope_mismatch
NET-06705,device_session_mismatch
NET-06706,consent_scope_mismatch
NET-06707,consent_scope_mismatch
NET-06708,consent_scope_mismatch
NET-06709,consent_scope_mismatch
NET-06710,consent_scope_mismatch
NET-06711,consent_scope_mismatch
NET-06712,consent_scope_mismatch
NET-06713,consent_scope_mismatch
NET-06714,device_session_mismatch
NET-06715,consent_scope_mismatch
NET-06716,consent_scope_mismatch
NET-06717,consent_scope_mismatch
NET-06718,consent_scope_mismatch
NET-06719,consent_scope_mismatch
NET-06720,consent_scope_mismatch
NET-06721,device_session_mismatch
NET-06722,device_session_mismatch
NET-06723,device_session_mismatch
NET-06724,consent_scope_mismatch
NET-06725,consent_scope_mismatch
NET-06726,consent_scope_mismatch
NET-06727,consent_scope_mismatch
NET-06728,consent_scope_mismatch
NET-06729,consent_scope_mismatch
NET-06730,consent_scope_mismatch
NET-06731,consent_scope_mismatch
NET-06732,consent_scope_mismatch
NET-06733,consent_scope_mismatch
NET-06734,consent_scope_mismatch
NET-06735,device_session_mismatch
NET-06736,consent_scope_mismatch
NET-06737,device_session_mismatch
NET-06738,consent_scope_mismatch
NET-06739,device_session_mismatch
NET-06740,consent_scope_mismatch
NET-06741,device_session_mismatch
NET-06742,consent_scope_mismatch
NET-06743,device_session_mismatch
NET-06744,consent_scope_mismatch
NET-06745,consent_scope_mismatch
NET-06746,consent_scope_mismatch
NET-06747,consent_scope_mismatch
NET-06748,device_session_mismatch
NET-06749,consent_scope_mismatch
NET-06750,consent_scope_mismatch
NET-06751,consent_scope_mismatch
NET-06752,consent_scope_mismatch
NET-06753,consent_scope_mismatch
NET-06754,consent_scope_mismatch
NET-06755,consent_scope_mismatch
NET-06756,consent_scope_mismatch
NET-06757,device_session_mismatch
NET-06758,consent_scope_mismatch
NET-06759,consent_scope_mismatch
NET-06760,device_session_mismatch
NET-06761,consent_scope_mismatch
NET-06762,consent_scope_mismatch
NET-06763,consent_scope_mismatch
NET-06764,consent_scope_mismatch
NET-06765,device_session_mismatch
NET-06766,consent_scope_mismatch
NET-06767,device_session_mismatch
NET-06768,device_session_mismatch
NET-06769,consent_scope_mismatch
NET-06770,consent_scope_mismatch
NET-06771,device_session_mismatch
NET-06772,consent_scope_mismatch
NET-06773,consent_scope_mismatch
NET-06774,consent_scope_mismatch
NET-06775,consent_scope_mismatch
NET-06776,consent_scope_mismatch
NET-06777,device_session_mismatch
NET-06778,device_session_mismatch
NET-06779,device_session_mismatch
NET-06780,device_session_mismatch
NET-06781,consent_scope_mismatch
NET-06782,consent_scope_mismatch
NET-06783,consent_scope_mismatch
NET-06784,consent_scope_mismatch
NET-06785,consent_scope_mismatch
NET-06786,consent_scope_mismatch
NET-06787,device_session_mismatch
NET-06788,consent_scope_mismatch
NET-06789,consent_scope_mismatch
NET-06790,consent_scope_mismatch
NET-06791,consent_scope_mismatch
NET-06792,device_session_mismatch
NET-06793,consent_scope_mismatch
NET-06794,consent_scope_mismatch
NET-06795,consent_scope_mismatch
NET-06796,device_session_mismatch
NET-06797,consent_scope_mismatch
NET-06798,consent_scope_mismatch
NET-06799,consent_scope_mismatch
NET-06800,consent_scope_mismatch
NET-06801,consent_scope_mismatch
NET-06802,device_session_mismatch
NET-06803,consent_scope_mismatch
NET-06804,consent_scope_mismatch
NET-06805,consent_scope_mismatch
NET-06806,consent_scope_mismatch
NET-06807,consent_scope_mismatch
NET-06808,consent_scope_mismatch
NET-06809,consent_scope_mismatch
NET-06810,consent_scope_mismatch
NET-06811,consent_scope_mismatch
NET-06812,consent_scope_mismatch
NET-06813,consent_scope_mismatch
NET-06814,consent_scope_mismatch
NET-06815,consent_scope_mismatch
NET-06816,device_session_mismatch
NET-06817,consent_scope_mismatch
NET-06818,device_session_mismatch
NET-06819,consent_scope_mismatch
NET-06820,consent_scope_mismatch
NET-06821,consent_scope_mismatch
NET-06822,consent_scope_mismatch
NET-06823,consent_scope_mismatch
NET-06824,consent_scope_mismatch
NET-06825,device_session_mismatch
NET-06826,device_session_mismatch
NET-06827,consent_scope_mismatch
NET-06828,consent_scope_mismatch
NET-06829,consent_scope_mismatch
NET-06830,consent_scope_mismatch
NET-06831,consent_scope_mismatch
NET-06832,consent_scope_mismatch
NET-06833,consent_scope_mismatch
NET-06834,device_session_mismatch
NET-06835,consent_scope_mismatch
NET-06836,consent_scope_mismatch
NET-06837,consent_scope_mismatch
NET-06838,consent_scope_mismatch
NET-06839,consent_scope_mismatch
NET-06840,consent_scope_mismatch
NET-06841,device_session_mismatch
NET-06842,consent_scope_mismatch
NET-06843,device_session_mismatch
NET-06844,consent_scope_mismatch
NET-06845,consent_scope_mismatch
NET-06846,consent_scope_mismatch
NET-06847,consent_scope_mismatch
NET-06848,consent_scope_mismatch
NET-06849,consent_scope_mismatch
NET-06850,device_session_mismatch
NET-06851,consent_scope_mismatch
NET-06852,consent_scope_mismatch
NET-06853,consent_scope_mismatch
NET-06854,consent_scope_mismatch
NET-06855,consent_scope_mismatch
NET-06856,consent_scope_mismatch
NET-06857,consent_scope_mismatch
NET-06858,consent_scope_mismatch
NET-06859,device_session_mismatch
NET-06860,consent_scope_mismatch
NET-06861,consent_scope_mismatch
NET-06862,consent_scope_mismatch
NET-06863,consent_scope_mismatch
NET-06864,device_session_mismatch
NET-06865,device_session_mismatch
NET-06866,device_session_mismatch
NET-06867,consent_scope_mismatch
NET-06868,consent_scope_mismatch
NET-06869,consent_scope_mismatch
NET-06870,consent_scope_mismatch
NET-06871,consent_scope_mismatch
NET-06872,consent_scope_mismatch
NET-06873,device_session_mismatch
NET-06874,device_session_mismatch
NET-06875,consent_scope_mismatch
NET-06876,device_session_mismatch
NET-06877,consent_scope_mismatch
NET-06878,consent_scope_mismatch
NET-06879,device_session_mismatch
NET-06880,consent_scope_mismatch
NET-06881,consent_scope_mismatch
NET-06882,consent_scope_mismatch
NET-06883,consent_scope_mismatch
NET-06884,consent_scope_mismatch
NET-06885,consent_scope_mismatch
NET-06886,consent_scope_mismatch
NET-06887,consent_scope_mismatch
NET-06888,consent_scope_mismatch
NET-06889,device_session_mismatch
NET-06890,consent_scope_mismatch
NET-06891,consent_scope_mismatch
NET-06892,device_session_mismatch
NET-06893,consent_scope_mismatch
NET-06894,consent_scope_mismatch
NET-06895,consent_scope_mismatch
NET-06896,consent_scope_mismatch
NET-06897,consent_scope_mismatch
NET-06898,device_session_mismatch
NET-06899,consent_scope_mismatch
NET-06900,device_session_mismatch
NET-06901,consent_scope_mismatch
NET-06902,consent_scope_mismatch
NET-06903,consent_scope_mismatch
NET-06904,device_session_mismatch
NET-06905,consent_scope_mismatch
NET-06906,device_session_mismatch
NET-06907,device_session_mismatch
NET-06908,device_session_mismatch
NET-06909,consent_scope_mismatch
NET-06910,consent_scope_mismatch
NET-06911,device_session_mismatch
NET-06912,consent_scope_mismatch
NET-06913,device_session_mismatch
NET-06914,consent_scope_mismatch
NET-06915,consent_scope_mismatch
NET-06916,consent_scope_mismatch
NET-06917,consent_scope_mismatch
NET-06918,device_session_mismatch
NET-06919,consent_scope_mismatch
NET-06920,consent_scope_mismatch
NET-06921,consent_scope_mismatch
NET-06922,device_session_mismatch
NET-06923,device_session_mismatch
NET-06924,consent_scope_mismatch
NET-06925,device_session_mismatch
NET-06926,consent_scope_mismatch
NET-06927,consent_scope_mismatch
NET-06928,consent_scope_mismatch
NET-06929,device_session_mismatch
NET-06930,device_session_mismatch
NET-06931,device_session_mismatch
NET-06932,consent_scope_mismatch
NET-06933,consent_scope_mismatch
NET-06934,device_session_mismatch
NET-06935,consent_scope_mismatch
NET-06936,device_session_mismatch
NET-06937,device_session_mismatch
NET-06938,consent_scope_mismatch
NET-06939,consent_scope_mismatch
NET-06940,consent_scope_mismatch
NET-06941,consent_scope_mismatch
NET-06942,consent_scope_mismatch
NET-06943,consent_scope_mismatch
NET-06944,device_session_mismatch
NET-06945,device_session_mismatch
NET-06946,consent_scope_mismatch
NET-06947,device_session_mismatch
NET-06948,consent_scope_mismatch
NET-06949,consent_scope_mismatch
NET-06950,consent_scope_mismatch
NET-06951,device_session_mismatch
NET-06952,device_session_mismatch
NET-06953,device_session_mismatch
NET-06954,device_session_mismatch
NET-06955,device_session_mismatch
NET-06956,consent_scope_mismatch
NET-06957,consent_scope_mismatch
NET-06958,consent_scope_mismatch
NET-06959,device_session_mismatch
NET-06960,consent_scope_mismatch
NET-06961,consent_scope_mismatch
NET-06962,consent_scope_mismatch
NET-06963,consent_scope_mismatch
NET-06964,consent_scope_mismatch
NET-06965,device_session_mismatch
NET-06966,consent_scope_mismatch
NET-06967,consent_scope_mismatch
NET-06968,consent_scope_mismatch
NET-06969,consent_scope_mismatch
NET-06970,consent_scope_mismatch
NET-06971,consent_scope_mismatch
NET-06972,consent_scope_mismatch
NET-06973,consent_scope_mismatch
NET-06974,consent_scope_mismatch
NET-06975,device_session_mismatch
NET-06976,consent_scope_mismatch
NET-06977,consent_scope_mismatch
NET-06978,consent_scope_mismatch
NET-06979,consent_scope_mismatch
NET-06980,consent_scope_mismatch
NET-06981,consent_scope_mismatch
NET-06982,consent_scope_mismatch
NET-06983,device_session_mismatch
NET-06984,consent_scope_mismatch
NET-06985,consent_scope_mismatch
NET-06986,consent_scope_mismatch
NET-06987,consent_scope_mismatch
NET-06988,device_session_mismatch
NET-06989,device_session_mismatch
NET-06990,consent_scope_mismatch
NET-06991,device_session_mismatch
NET-06992,consent_scope_mismatch
NET-06993,device_session_mismatch
NET-06994,consent_scope_mismatch
NET-06995,consent_scope_mismatch
NET-06996,consent_scope_mismatch
NET-06997,consent_scope_mismatch
NET-06998,consent_scope_mismatch
NET-06999,consent_scope_mismatch
NET-07000,device_session_mismatch
NET-07001,device_session_mismatch
NET-07002,consent_scope_mismatch
NET-07003,device_session_mismatch
NET-07004,device_session_mismatch
NET-07005,device_session_mismatch
NET-07006,device_session_mismatch
NET-07007,device_session_mismatch
NET-07008,consent_scope_mismatch
NET-07009,consent_scope_mismatch
NET-07010,consent_scope_mismatch
NET-07011,consent_scope_mismatch
NET-07012,device_session_mismatch
NET-07013,consent_scope_mismatch
NET-07014,consent_scope_mismatch
NET-07015,consent_scope_mismatch
NET-07016,consent_scope_mismatch
NET-07017,consent_scope_mismatch
NET-07018,consent_scope_mismatch
NET-07019,consent_scope_mismatch
NET-07020,consent_scope_mismatch
NET-07021,consent_scope_mismatch
NET-07022,consent_scope_mismatch
NET-07023,device_session_mismatch
NET-07024,consent_scope_mismatch
NET-07025,consent_scope_mismatch
NET-07026,device_session_mismatch
NET-07027,consent_scope_mismatch
NET-07028,consent_scope_mismatch
NET-07029,consent_scope_mismatch
NET-07030,consent_scope_mismatch
NET-07031,consent_scope_mismatch
NET-07032,device_session_mismatch
NET-07033,consent_scope_mismatch
NET-07034,consent_scope_mismatch
NET-07035,consent_scope_mismatch
NET-07036,consent_scope_mismatch
NET-07037,device_session_mismatch
NET-07038,consent_scope_mismatch
NET-07039,device_session_mismatch
NET-07040,consent_scope_mismatch
NET-07041,consent_scope_mismatch
NET-07042,consent_scope_mismatch
NET-07043,consent_scope_mismatch
NET-07044,consent_scope_mismatch
NET-07045,consent_scope_mismatch
NET-07046,consent_scope_mismatch
NET-07047,device_session_mismatch
NET-07048,consent_scope_mismatch
NET-07049,consent_scope_mismatch
NET-07050,device_session_mismatch
NET-07051,device_session_mismatch
NET-07052,consent_scope_mismatch
NET-07053,consent_scope_mismatch
NET-07054,consent_scope_mismatch
NET-07055,consent_scope_mismatch
NET-07056,device_session_mismatch
NET-07057,device_session_mismatch
NET-07058,consent_scope_mismatch
NET-07059,consent_scope_mismatch
NET-07060,consent_scope_mismatch
NET-07061,consent_scope_mismatch
NET-07062,consent_scope_mismatch
NET-07063,consent_scope_mismatch
NET-07064,consent_scope_mismatch
NET-07065,consent_scope_mismatch
NET-07066,consent_scope_mismatch
NET-07067,consent_scope_mismatch
NET-07068,consent_scope_mismatch
NET-07069,device_session_mismatch
NET-07070,consent_scope_mismatch
NET-07071,consent_scope_mismatch
NET-07072,device_session_mismatch
NET-07073,consent_scope_mismatch
NET-07074,consent_scope_mismatch
NET-07075,consent_scope_mismatch
NET-07076,consent_scope_mismatch
NET-07077,consent_scope_mismatch
NET-07078,consent_scope_mismatch
NET-07079,consent_scope_mismatch
NET-07080,consent_scope_mismatch
NET-07081,consent_scope_mismatch
NET-07082,consent_scope_mismatch
NET-07083,consent_scope_mismatch
NET-07084,device_session_mismatch
NET-07085,consent_scope_mismatch
NET-07086,consent_scope_mismatch
NET-07087,consent_scope_mismatch
NET-07088,consent_scope_mismatch
NET-07089,device_session_mismatch
NET-07090,consent_scope_mismatch
NET-07091,consent_scope_mismatch
NET-07092,consent_scope_mismatch
NET-07093,consent_scope_mismatch
NET-07094,device_session_mismatch
NET-07095,consent_scope_mismatch
NET-07096,consent_scope_mismatch
NET-07097,device_session_mismatch
NET-07098,device_session_mismatch
NET-07099,consent_scope_mismatch
NET-07100,device_session_mismatch
NET-07101,consent_scope_mismatch
NET-07102,consent_scope_mismatch
NET-07103,consent_scope_mismatch
NET-07104,consent_scope_mismatch
NET-07105,consent_scope_mismatch
NET-07106,consent_scope_mismatch
NET-07107,device_session_mismatch
NET-07108,consent_scope_mismatch
NET-07109,device_session_mismatch
NET-07110,consent_scope_mismatch
NET-07111,device_session_mismatch
NET-07112,consent_scope_mismatch
NET-07113,consent_scope_mismatch
NET-07114,device_session_mismatch
NET-07115,consent_scope_mismatch
NET-07116,consent_scope_mismatch
NET-07117,consent_scope_mismatch
NET-07118,consent_scope_mismatch
NET-07119,consent_scope_mismatch
NET-07120,consent_scope_mismatch
NET-07121,consent_scope_mismatch
NET-07122,device_session_mismatch
NET-07123,consent_scope_mismatch
NET-07124,device_session_mismatch
NET-07125,consent_scope_mismatch
NET-07126,device_session_mismatch
NET-07127,device_session_mismatch
NET-07128,consent_scope_mismatch
NET-07129,consent_scope_mismatch
NET-07130,consent_scope_mismatch
NET-07131,consent_scope_mismatch
NET-07132,consent_scope_mismatch
NET-07133,consent_scope_mismatch
NET-07134,consent_scope_mismatch
NET-07135,consent_scope_mismatch
NET-07136,consent_scope_mismatch
NET-07137,consent_scope_mismatch
NET-07138,consent_scope_mismatch
NET-07139,consent_scope_mismatch
NET-07140,device_session_mismatch
NET-07141,device_session_mismatch
NET-07142,consent_scope_mismatch
NET-07143,consent_scope_mismatch
NET-07144,consent_scope_mismatch
NET-07145,device_session_mismatch
NET-07146,device_session_mismatch
NET-07147,consent_scope_mismatch
NET-07148,consent_scope_mismatch
NET-07149,device_session_mismatch
NET-07150,consent_scope_mismatch
NET-07151,consent_scope_mismatch
NET-07152,device_session_mismatch
NET-07153,consent_scope_mismatch
NET-07154,device_session_mismatch
NET-07155,device_session_mismatch
NET-07156,consent_scope_mismatch
NET-07157,consent_scope_mismatch
NET-07158,consent_scope_mismatch
NET-07159,consent_scope_mismatch
NET-07160,device_session_mismatch
NET-07161,consent_scope_mismatch
NET-07162,consent_scope_mismatch
NET-07163,consent_scope_mismatch
NET-07164,device_session_mismatch
NET-07165,consent_scope_mismatch
NET-07166,device_session_mismatch
NET-07167,consent_scope_mismatch
NET-07168,consent_scope_mismatch
NET-07169,consent_scope_mismatch
NET-07170,device_session_mismatch
NET-07171,consent_scope_mismatch
NET-07172,consent_scope_mismatch
NET-07173,consent_scope_mismatch
NET-07174,consent_scope_mismatch
NET-07175,consent_scope_mismatch
NET-07176,consent_scope_mismatch
NET-07177,consent_scope_mismatch
NET-07178,consent_scope_mismatch
NET-07179,consent_scope_mismatch
NET-07180,device_session_mismatch
NET-07181,consent_scope_mismatch
NET-07182,consent_scope_mismatch
NET-07183,consent_scope_mismatch
NET-07184,consent_scope_mismatch
NET-07185,consent_scope_mismatch
NET-07186,consent_scope_mismatch
NET-07187,consent_scope_mismatch
NET-07188,consent_scope_mismatch
NET-07189,consent_scope_mismatch
NET-07190,consent_scope_mismatch
NET-07191,consent_scope_mismatch
NET-07192,consent_scope_mismatch
NET-07193,consent_scope_mismatch
NET-07194,consent_scope_mismatch
NET-07195,consent_scope_mismatch
NET-07196,consent_scope_mismatch
NET-07197,consent_scope_mismatch
NET-07198,consent_scope_mismatch
NET-07199,consent_scope_mismatch
NET-07200,consent_scope_mismatch
NET-07201,consent_scope_mismatch
NET-07202,consent_scope_mismatch
NET-07203,consent_scope_mismatch
NET-07204,consent_scope_mismatch
NET-07205,consent_scope_mismatch
NET-07206,consent_scope_mismatch
NET-07207,consent_scope_mismatch
NET-07208,device_session_mismatch
NET-07209,consent_scope_mismatch
NET-07210,device_session_mismatch
NET-07211,consent_scope_mismatch
NET-07212,device_session_mismatch
NET-07213,consent_scope_mismatch
NET-07214,consent_scope_mismatch
NET-07215,consent_scope_mismatch
NET-07216,consent_scope_mismatch
NET-07217,consent_scope_mismatch
NET-07218,consent_scope_mismatch
NET-07219,consent_scope_mismatch
NET-07220,consent_scope_mismatch
NET-07221,consent_scope_mismatch
NET-07222,consent_scope_mismatch
NET-07223,consent_scope_mismatch
NET-07224,consent_scope_mismatch
NET-07225,consent_scope_mismatch
NET-07226,consent_scope_mismatch
NET-07227,consent_scope_mismatch
NET-07228,consent_scope_mismatch
NET-07229,consent_scope_mismatch
NET-07230,consent_scope_mismatch
NET-07231,consent_scope_mismatch
NET-07232,consent_scope_mismatch
NET-07233,consent_scope_mismatch
NET-07234,consent_scope_mismatch
NET-07235,consent_scope_mismatch
NET-07236,consent_scope_mismatch
NET-07237,consent_scope_mismatch
NET-07238,consent_scope_mismatch
NET-07239,device_session_mismatch
NET-07240,device_session_mismatch
NET-07241,consent_scope_mismatch
NET-07242,consent_scope_mismatch
NET-07243,consent_scope_mismatch
NET-07244,consent_scope_mismatch
NET-07245,consent_scope_mismatch
NET-07246,consent_scope_mismatch
NET-07247,consent_scope_mismatch
NET-07248,device_session_mismatch
NET-07249,consent_scope_mismatch
NET-07250,consent_scope_mismatch
NET-07251,consent_scope_mismatch
NET-07252,consent_scope_mismatch
NET-07253,consent_scope_mismatch
NET-07254,consent_scope_mismatch
NET-07255,consent_scope_mismatch
NET-07256,consent_scope_mismatch
NET-07257,device_session_mismatch
NET-07258,consent_scope_mismatch
NET-07259,consent_scope_mismatch
NET-07260,consent_scope_mismatch
NET-07261,consent_scope_mismatch
NET-07262,consent_scope_mismatch
NET-07263,consent_scope_mismatch
NET-07264,consent_scope_mismatch
NET-07265,consent_scope_mismatch
NET-07266,consent_scope_mismatch
NET-07267,device_session_mismatch
NET-07268,consent_scope_mismatch
NET-07269,consent_scope_mismatch
NET-07270,device_session_mismatch
NET-07271,device_session_mismatch
NET-07272,consent_scope_mismatch
NET-07273,device_session_mismatch
NET-07274,device_session_mismatch
NET-07275,device_session_mismatch
NET-07276,device_session_mismatch
NET-07277,consent_scope_mismatch
NET-07278,device_session_mismatch
NET-07279,consent_scope_mismatch
NET-07280,consent_scope_mismatch
NET-07281,consent_scope_mismatch
NET-07282,device_session_mismatch
NET-07283,consent_scope_mismatch
NET-07284,consent_scope_mismatch
NET-07285,consent_scope_mismatch
NET-07286,device_session_mismatch
NET-07287,device_session_mismatch
NET-07288,device_session_mismatch
NET-07289,consent_scope_mismatch
NET-07290,device_session_mismatch
NET-07291,consent_scope_mismatch
NET-07292,consent_scope_mismatch
NET-07293,consent_scope_mismatch
NET-07294,consent_scope_mismatch
NET-07295,consent_scope_mismatch
NET-07296,consent_scope_mismatch
NET-07297,consent_scope_mismatch
NET-07298,consent_scope_mismatch
NET-07299,consent_scope_mismatch
NET-07300,consent_scope_mismatch
NET-07301,consent_scope_mismatch
NET-07302,device_session_mismatch
NET-07303,consent_scope_mismatch
NET-07304,consent_scope_mismatch
NET-07305,consent_scope_mismatch
NET-07306,consent_scope_mismatch
NET-07307,consent_scope_mismatch
NET-07308,consent_scope_mismatch
NET-07309,consent_scope_mismatch
NET-07310,consent_scope_mismatch
NET-07311,consent_scope_mismatch
NET-07312,consent_scope_mismatch
NET-07313,consent_scope_mismatch
NET-07314,consent_scope_mismatch
NET-07315,consent_scope_mismatch
NET-07316,consent_scope_mismatch
NET-07317,consent_scope_mismatch
NET-07318,consent_scope_mismatch
NET-07319,consent_scope_mismatch
NET-07320,device_session_mismatch
NET-07321,device_session_mismatch
NET-07322,consent_scope_mismatch
NET-07323,consent_scope_mismatch
NET-07324,consent_scope_mismatch
NET-07325,consent_scope_mismatch
NET-07326,device_session_mismatch
NET-07327,consent_scope_mismatch
NET-07328,consent_scope_mismatch
NET-07329,consent_scope_mismatch
NET-07330,consent_scope_mismatch
NET-07331,consent_scope_mismatch
NET-07332,device_session_mismatch
NET-07333,consent_scope_mismatch
NET-07334,consent_scope_mismatch
NET-07335,consent_scope_mismatch
NET-07336,consent_scope_mismatch
NET-07337,consent_scope_mismatch
NET-07338,consent_scope_mismatch
NET-07339,consent_scope_mismatch
NET-07340,consent_scope_mismatch
NET-07341,consent_scope_mismatch
NET-07342,consent_scope_mismatch
NET-07343,consent_scope_mismatch
NET-07344,consent_scope_mismatch
NET-07345,consent_scope_mismatch
NET-07346,consent_scope_mismatch
NET-07347,consent_scope_mismatch
NET-07348,consent_scope_mismatch
NET-07349,consent_scope_mismatch
NET-07350,consent_scope_mismatch
NET-07351,device_session_mismatch
NET-07352,consent_scope_mismatch
NET-07353,consent_scope_mismatch
NET-07354,consent_scope_mismatch
NET-07355,consent_scope_mismatch
NET-07356,consent_scope_mismatch
NET-07357,consent_scope_mismatch
NET-07358,consent_scope_mismatch
NET-07359,consent_scope_mismatch
NET-07360,device_session_mismatch
NET-07361,consent_scope_mismatch
NET-07362,consent_scope_mismatch
NET-07363,consent_scope_mismatch
NET-07364,consent_scope_mismatch
NET-07365,device_session_mismatch
NET-07366,device_session_mismatch
NET-07367,consent_scope_mismatch
NET-07368,device_session_mismatch
NET-07369,consent_scope_mismatch
NET-07370,device_session_mismatch
NET-07371,device_session_mismatch
NET-07372,device_session_mismatch
NET-07373,consent_scope_mismatch
NET-07374,consent_scope_mismatch
NET-07375,consent_scope_mismatch
NET-07376,consent_scope_mismatch
NET-07377,consent_scope_mismatch
NET-07378,consent_scope_mismatch
NET-07379,consent_scope_mismatch
NET-07380,consent_scope_mismatch
NET-07381,consent_scope_mismatch
NET-07382,consent_scope_mismatch
NET-07383,consent_scope_mismatch
NET-07384,consent_scope_mismatch
NET-07385,consent_scope_mismatch
NET-07386,consent_scope_mismatch
NET-07387,consent_scope_mismatch
NET-07388,consent_scope_mismatch
NET-07389,consent_scope_mismatch
NET-07390,consent_scope_mismatch
NET-07391,consent_scope_mismatch
NET-07392,consent_scope_mismatch
NET-07393,consent_scope_mismatch
NET-07394,consent_scope_mismatch
NET-07395,consent_scope_mismatch
NET-07396,consent_scope_mismatch
NET-07397,consent_scope_mismatch
NET-07398,consent_scope_mismatch
NET-07399,consent_scope_mismatch
NET-07400,device_session_mismatch
NET-07401,device_session_mismatch
NET-07402,consent_scope_mismatch
NET-07403,consent_scope_mismatch
NET-07404,consent_scope_mismatch
NET-07405,consent_scope_mismatch
NET-07406,device_session_mismatch
NET-07407,device_session_mismatch
NET-07408,consent_scope_mismatch
NET-07409,consent_scope_mismatch
NET-07410,device_session_mismatch
NET-07411,device_session_mismatch
NET-07412,consent_scope_mismatch
NET-07413,consent_scope_mismatch
NET-07414,consent_scope_mismatch
NET-07415,device_session_mismatch
NET-07416,consent_scope_mismatch
NET-07417,consent_scope_mismatch
NET-07418,consent_scope_mismatch
NET-07419,consent_scope_mismatch
NET-07420,consent_scope_mismatch
NET-07421,consent_scope_mismatch
NET-07422,consent_scope_mismatch
NET-07423,consent_scope_mismatch
NET-07424,consent_scope_mismatch
NET-07425,consent_scope_mismatch
NET-07426,device_session_mismatch
NET-07427,consent_scope_mismatch
NET-07428,consent_scope_mismatch
NET-07429,device_session_mismatch
NET-07430,consent_scope_mismatch
NET-07431,consent_scope_mismatch
NET-07432,consent_scope_mismatch
NET-07433,device_session_mismatch
NET-07434,device_session_mismatch
NET-07435,device_session_mismatch
NET-07436,consent_scope_mismatch
NET-07437,consent_scope_mismatch
NET-07438,consent_scope_mismatch
NET-07439,device_session_mismatch
NET-07440,device_session_mismatch
NET-07441,consent_scope_mismatch
NET-07442,consent_scope_mismatch
NET-07443,consent_scope_mismatch
NET-07444,consent_scope_mismatch
NET-07445,consent_scope_mismatch
NET-07446,consent_scope_mismatch
NET-07447,device_session_mismatch
NET-07448,device_session_mismatch
NET-07449,consent_scope_mismatch
NET-07450,consent_scope_mismatch
NET-07451,device_session_mismatch
NET-07452,device_session_mismatch
NET-07453,consent_scope_mismatch
NET-07454,consent_scope_mismatch
NET-07455,consent_scope_mismatch
NET-07456,device_session_mismatch
NET-07457,device_session_mismatch
NET-07458,consent_scope_mismatch
NET-07459,consent_scope_mismatch
NET-07460,consent_scope_mismatch
NET-07461,consent_scope_mismatch
NET-07462,consent_scope_mismatch
NET-07463,consent_scope_mismatch
NET-07464,consent_scope_mismatch
NET-07465,consent_scope_mismatch
NET-07466,consent_scope_mismatch
NET-07467,consent_scope_mismatch
NET-07468,consent_scope_mismatch
NET-07469,consent_scope_mismatch
NET-07470,device_session_mismatch
NET-07471,device_session_mismatch
NET-07472,consent_scope_mismatch
NET-07473,consent_scope_mismatch
NET-07474,device_session_mismatch
NET-07475,consent_scope_mismatch
NET-07476,device_session_mismatch
NET-07477,consent_scope_mismatch
NET-07478,device_session_mismatch
NET-07479,device_session_mismatch
NET-07480,device_session_mismatch
NET-07481,consent_scope_mismatch
NET-07482,consent_scope_mismatch
NET-07483,consent_scope_mismatch
NET-07484,consent_scope_mismatch
NET-07485,consent_scope_mismatch
NET-07486,consent_scope_mismatch
NET-07487,consent_scope_mismatch
NET-07488,device_session_mismatch
NET-07489,consent_scope_mismatch
NET-07490,consent_scope_mismatch
NET-07491,consent_scope_mismatch
NET-07492,consent_scope_mismatch
NET-07493,device_session_mismatch
NET-07494,consent_scope_mismatch
NET-07495,consent_scope_mismatch
NET-07496,consent_scope_mismatch
NET-07497,consent_scope_mismatch
NET-07498,consent_scope_mismatch
NET-07499,device_session_mismatch
NET-07500,consent_scope_mismatch
NET-07501,consent_scope_mismatch
NET-07502,device_session_mismatch
NET-07503,consent_scope_mismatch
NET-07504,consent_scope_mismatch
NET-07505,device_session_mismatch
NET-07506,device_session_mismatch
NET-07507,consent_scope_mismatch
NET-07508,consent_scope_mismatch
NET-07509,consent_scope_mismatch
NET-07510,consent_scope_mismatch
NET-07511,consent_scope_mismatch
NET-07512,consent_scope_mismatch
NET-07513,consent_scope_mismatch
NET-07514,consent_scope_mismatch
NET-07515,consent_scope_mismatch
NET-07516,consent_scope_mismatch
NET-07517,consent_scope_mismatch
NET-07518,device_session_mismatch
NET-07519,device_session_mismatch
NET-07520,consent_scope_mismatch
NET-07521,consent_scope_mismatch
NET-07522,device_session_mismatch
NET-07523,consent_scope_mismatch
NET-07524,consent_scope_mismatch
NET-07525,consent_scope_mismatch
NET-07526,consent_scope_mismatch
NET-07527,device_session_mismatch
NET-07528,consent_scope_mismatch
NET-07529,consent_scope_mismatch
NET-07530,consent_scope_mismatch
NET-07531,consent_scope_mismatch
NET-07532,consent_scope_mismatch
NET-07533,device_session_mismatch
NET-07534,consent_scope_mismatch
NET-07535,device_session_mismatch
NET-07536,consent_scope_mismatch
NET-07537,device_session_mismatch
NET-07538,consent_scope_mismatch
NET-07539,device_session_mismatch
NET-07540,consent_scope_mismatch
NET-07541,device_session_mismatch
NET-07542,consent_scope_mismatch
NET-07543,consent_scope_mismatch
NET-07544,consent_scope_mismatch
NET-07545,consent_scope_mismatch
NET-07546,consent_scope_mismatch
NET-07547,consent_scope_mismatch
NET-07548,consent_scope_mismatch
NET-07549,consent_scope_mismatch
NET-07550,consent_scope_mismatch
NET-07551,consent_scope_mismatch
NET-07552,device_session_mismatch
NET-07553,consent_scope_mismatch
NET-07554,consent_scope_mismatch
NET-07555,consent_scope_mismatch
NET-07556,consent_scope_mismatch
NET-07557,consent_scope_mismatch
NET-07558,consent_scope_mismatch
NET-07559,device_session_mismatch
NET-07560,consent_scope_mismatch
NET-07561,consent_scope_mismatch
NET-07562,consent_scope_mismatch
NET-07563,consent_scope_mismatch
NET-07564,consent_scope_mismatch
NET-07565,consent_scope_mismatch
NET-07566,device_session_mismatch
NET-07567,consent_scope_mismatch
NET-07568,consent_scope_mismatch
NET-07569,consent_scope_mismatch
NET-07570,device_session_mismatch
NET-07571,consent_scope_mismatch
NET-07572,consent_scope_mismatch
NET-07573,consent_scope_mismatch
NET-07574,consent_scope_mismatch
NET-07575,consent_scope_mismatch
NET-07576,device_session_mismatch
NET-07577,device_session_mismatch
NET-07578,consent_scope_mismatch
NET-07579,consent_scope_mismatch
NET-07580,device_session_mismatch
NET-07581,consent_scope_mismatch
NET-07582,consent_scope_mismatch
NET-07583,device_session_mismatch
NET-07584,consent_scope_mismatch
NET-07585,device_session_mismatch
NET-07586,consent_scope_mismatch
NET-07587,device_session_mismatch
NET-07588,consent_scope_mismatch
NET-07589,consent_scope_mismatch
NET-07590,consent_scope_mismatch
NET-07591,device_session_mismatch
NET-07592,consent_scope_mismatch
NET-07593,consent_scope_mismatch
NET-07594,consent_scope_mismatch
NET-07595,device_session_mismatch
NET-07596,consent_scope_mismatch
NET-07597,consent_scope_mismatch
NET-07598,consent_scope_mismatch
NET-07599,device_session_mismatch
NET-07600,consent_scope_mismatch
NET-07601,consent_scope_mismatch
NET-07602,consent_scope_mismatch
NET-07603,consent_scope_mismatch
NET-07604,consent_scope_mismatch
NET-07605,consent_scope_mismatch
NET-07606,consent_scope_mismatch
NET-07607,device_session_mismatch
NET-07608,device_session_mismatch
NET-07609,device_session_mismatch
NET-07610,consent_scope_mismatch
NET-07611,consent_scope_mismatch
NET-07612,consent_scope_mismatch
NET-07613,consent_scope_mismatch
NET-07614,consent_scope_mismatch
NET-07615,consent_scope_mismatch
NET-07616,consent_scope_mismatch
NET-07617,consent_scope_mismatch
NET-07618,consent_scope_mismatch
NET-07619,device_session_mismatch
NET-07620,consent_scope_mismatch
NET-07621,device_session_mismatch
NET-07622,consent_scope_mismatch
NET-07623,consent_scope_mismatch
NET-07624,device_session_mismatch
NET-07625,device_session_mismatch
NET-07626,consent_scope_mismatch
NET-07627,consent_scope_mismatch
NET-07628,consent_scope_mismatch
NET-07629,consent_scope_mismatch
NET-07630,consent_scope_mismatch
NET-07631,consent_scope_mismatch
NET-07632,device_session_mismatch
NET-07633,device_session_mismatch
NET-07634,device_session_mismatch
NET-07635,device_session_mismatch
NET-07636,consent_scope_mismatch
NET-07637,device_session_mismatch
NET-07638,device_session_mismatch
NET-07639,device_session_mismatch
NET-07640,consent_scope_mismatch
NET-07641,device_session_mismatch
NET-07642,device_session_mismatch
NET-07643,device_session_mismatch
NET-07644,consent_scope_mismatch
NET-07645,consent_scope_mismatch
NET-07646,consent_scope_mismatch
NET-07647,consent_scope_mismatch
NET-07648,consent_scope_mismatch
NET-07649,consent_scope_mismatch
NET-07650,consent_scope_mismatch
NET-07651,consent_scope_mismatch
NET-07652,consent_scope_mismatch
NET-07653,consent_scope_mismatch
NET-07654,consent_scope_mismatch
NET-07655,consent_scope_mismatch
NET-07656,consent_scope_mismatch
NET-07657,device_session_mismatch
NET-07658,consent_scope_mismatch
NET-07659,device_session_mismatch
NET-07660,consent_scope_mismatch
NET-07661,consent_scope_mismatch
NET-07662,device_session_mismatch
NET-07663,consent_scope_mismatch
NET-07664,consent_scope_mismatch
NET-07665,consent_scope_mismatch
NET-07666,consent_scope_mismatch
NET-07667,consent_scope_mismatch
NET-07668,consent_scope_mismatch
NET-07669,consent_scope_mismatch
NET-07670,device_session_mismatch
NET-07671,consent_scope_mismatch
NET-07672,consent_scope_mismatch
NET-07673,consent_scope_mismatch
NET-07674,consent_scope_mismatch
NET-07675,consent_scope_mismatch
NET-07676,consent_scope_mismatch
NET-07677,consent_scope_mismatch
NET-07678,device_session_mismatch
NET-07679,consent_scope_mismatch
NET-07680,consent_scope_mismatch
NET-07681,consent_scope_mismatch
NET-07682,consent_scope_mismatch
NET-07683,consent_scope_mismatch
NET-07684,consent_scope_mismatch
NET-07685,device_session_mismatch
NET-07686,consent_scope_mismatch
NET-07687,consent_scope_mismatch
NET-07688,device_session_mismatch
NET-07689,consent_scope_mismatch
NET-07690,consent_scope_mismatch
NET-07691,consent_scope_mismatch
NET-07692,consent_scope_mismatch
NET-07693,consent_scope_mismatch
NET-07694,consent_scope_mismatch
NET-07695,device_session_mismatch
NET-07696,device_session_mismatch
NET-07697,device_session_mismatch
NET-07698,consent_scope_mismatch
NET-07699,consent_scope_mismatch
NET-07700,consent_scope_mismatch
NET-07701,device_session_mismatch
NET-07702,consent_scope_mismatch
NET-07703,consent_scope_mismatch
NET-07704,device_session_mismatch
NET-07705,consent_scope_mismatch
NET-07706,consent_scope_mismatch
NET-07707,device_session_mismatch
NET-07708,consent_scope_mismatch
NET-07709,consent_scope_mismatch
NET-07710,consent_scope_mismatch
NET-07711,consent_scope_mismatch
NET-07712,device_session_mismatch
NET-07713,consent_scope_mismatch
NET-07714,device_session_mismatch
NET-07715,consent_scope_mismatch
NET-07716,device_session_mismatch
NET-07717,consent_scope_mismatch
NET-07718,consent_scope_mismatch
NET-07719,consent_scope_mismatch
NET-07720,device_session_mismatch
NET-07721,device_session_mismatch
NET-07722,consent_scope_mismatch
NET-07723,device_session_mismatch
NET-07724,consent_scope_mismatch
NET-07725,consent_scope_mismatch
NET-07726,consent_scope_mismatch
NET-07727,consent_scope_mismatch
NET-07728,device_session_mismatch
NET-07729,consent_scope_mismatch
NET-07730,device_session_mismatch
NET-07731,consent_scope_mismatch
NET-07732,device_session_mismatch
NET-07733,consent_scope_mismatch
NET-07734,consent_scope_mismatch
NET-07735,consent_scope_mismatch
NET-07736,consent_scope_mismatch
NET-07737,consent_scope_mismatch
NET-07738,consent_scope_mismatch
NET-07739,consent_scope_mismatch
NET-07740,consent_scope_mismatch
NET-07741,device_session_mismatch
NET-07742,consent_scope_mismatch
NET-07743,consent_scope_mismatch
NET-07744,consent_scope_mismatch
NET-07745,consent_scope_mismatch
NET-07746,device_session_mismatch
NET-07747,consent_scope_mismatch
NET-07748,consent_scope_mismatch
NET-07749,consent_scope_mismatch
NET-07750,device_session_mismatch
NET-07751,consent_scope_mismatch
NET-07752,consent_scope_mismatch
NET-07753,device_session_mismatch
NET-07754,consent_scope_mismatch
NET-07755,consent_scope_mismatch
NET-07756,consent_scope_mismatch
NET-07757,device_session_mismatch
NET-07758,consent_scope_mismatch
NET-07759,device_session_mismatch
NET-07760,consent_scope_mismatch
NET-07761,consent_scope_mismatch
NET-07762,consent_scope_mismatch
NET-07763,consent_scope_mismatch
NET-07764,consent_scope_mismatch
NET-07765,device_session_mismatch
NET-07766,consent_scope_mismatch
NET-07767,device_session_mismatch
NET-07768,device_session_mismatch
NET-07769,consent_scope_mismatch
NET-07770,consent_scope_mismatch
NET-07771,consent_scope_mismatch
NET-07772,consent_scope_mismatch
NET-07773,consent_scope_mismatch
NET-07774,consent_scope_mismatch
NET-07775,consent_scope_mismatch
NET-07776,consent_scope_mismatch
NET-07777,consent_scope_mismatch
NET-07778,consent_scope_mismatch
NET-07779,consent_scope_mismatch
NET-07780,consent_scope_mismatch
NET-07781,consent_scope_mismatch
NET-07782,consent_scope_mismatch
NET-07783,device_session_mismatch
NET-07784,consent_scope_mismatch
NET-07785,consent_scope_mismatch
NET-07786,consent_scope_mismatch
NET-07787,device_session_mismatch
NET-07788,consent_scope_mismatch
NET-07789,consent_scope_mismatch
NET-07790,consent_scope_mismatch
NET-07791,device_session_mismatch
NET-07792,device_session_mismatch
NET-07793,device_session_mismatch
NET-07794,consent_scope_mismatch
NET-07795,consent_scope_mismatch
NET-07796,consent_scope_mismatch
NET-07797,device_session_mismatch
NET-07798,consent_scope_mismatch
NET-07799,consent_scope_mismatch
NET-07800,consent_scope_mismatch
NET-07801,device_session_mismatch
NET-07802,consent_scope_mismatch
NET-07803,consent_scope_mismatch
NET-07804,consent_scope_mismatch
NET-07805,consent_scope_mismatch
NET-07806,device_session_mismatch
NET-07807,consent_scope_mismatch
NET-07808,consent_scope_mismatch
NET-07809,consent_scope_mismatch
NET-07810,consent_scope_mismatch
NET-07811,consent_scope_mismatch
NET-07812,consent_scope_mismatch
NET-07813,consent_scope_mismatch
NET-07814,consent_scope_mismatch
NET-07815,consent_scope_mismatch
NET-07816,consent_scope_mismatch
NET-07817,consent_scope_mismatch
NET-07818,device_session_mismatch
NET-07819,consent_scope_mismatch
NET-07820,consent_scope_mismatch
NET-07821,device_session_mismatch
NET-07822,device_session_mismatch
NET-07823,consent_scope_mismatch
NET-07824,consent_scope_mismatch
NET-07825,device_session_mismatch
NET-07826,consent_scope_mismatch
NET-07827,consent_scope_mismatch
NET-07828,consent_scope_mismatch
NET-07829,consent_scope_mismatch
NET-07830,consent_scope_mismatch
NET-07831,device_session_mismatch
NET-07832,consent_scope_mismatch
NET-07833,consent_scope_mismatch
NET-07834,consent_scope_mismatch
NET-07835,device_session_mismatch
NET-07836,consent_scope_mismatch
NET-07837,consent_scope_mismatch
NET-07838,consent_scope_mismatch
NET-07839,device_session_mismatch
NET-07840,consent_scope_mismatch
NET-07841,consent_scope_mismatch
NET-07842,consent_scope_mismatch
NET-07843,consent_scope_mismatch
NET-07844,consent_scope_mismatch
NET-07845,consent_scope_mismatch
NET-07846,device_session_mismatch
NET-07847,consent_scope_mismatch
NET-07848,consent_scope_mismatch
NET-07849,consent_scope_mismatch
NET-07850,consent_scope_mismatch
NET-07851,consent_scope_mismatch
NET-07852,device_session_mismatch
NET-07853,consent_scope_mismatch
NET-07854,consent_scope_mismatch
NET-07855,device_session_mismatch
NET-07856,consent_scope_mismatch
NET-07857,device_session_mismatch
NET-07858,consent_scope_mismatch
NET-07859,device_session_mismatch
NET-07860,consent_scope_mismatch
NET-07861,consent_scope_mismatch
NET-07862,consent_scope_mismatch
NET-07863,consent_scope_mismatch
NET-07864,consent_scope_mismatch
NET-07865,consent_scope_mismatch
NET-07866,consent_scope_mismatch
NET-07867,device_session_mismatch
NET-07868,consent_scope_mismatch
NET-07869,consent_scope_mismatch
NET-07870,device_session_mismatch
NET-07871,consent_scope_mismatch
NET-07872,consent_scope_mismatch
NET-07873,device_session_mismatch
NET-07874,consent_scope_mismatch
NET-07875,consent_scope_mismatch
NET-07876,consent_scope_mismatch
NET-07877,consent_scope_mismatch
NET-07878,device_session_mismatch
NET-07879,device_session_mismatch
NET-07880,consent_scope_mismatch
NET-07881,device_session_mismatch
NET-07882,consent_scope_mismatch
NET-07883,consent_scope_mismatch
NET-07884,consent_scope_mismatch
NET-07885,consent_scope_mismatch
NET-07886,consent_scope_mismatch
NET-07887,device_session_mismatch
NET-07888,consent_scope_mismatch
NET-07889,consent_scope_mismatch
NET-07890,consent_scope_mismatch
NET-07891,consent_scope_mismatch
NET-07892,device_session_mismatch
NET-07893,consent_scope_mismatch
NET-07894,consent_scope_mismatch
NET-07895,consent_scope_mismatch
NET-07896,device_session_mismatch
NET-07897,consent_scope_mismatch
NET-07898,consent_scope_mismatch
NET-07899,consent_scope_mismatch
NET-07900,device_session_mismatch
NET-07901,consent_scope_mismatch
NET-07902,consent_scope_mismatch
NET-07903,consent_scope_mismatch
NET-07904,consent_scope_mismatch
NET-07905,device_session_mismatch
NET-07906,consent_scope_mismatch
NET-07907,consent_scope_mismatch
NET-07908,consent_scope_mismatch
NET-07909,consent_scope_mismatch
NET-07910,consent_scope_mismatch
NET-07911,consent_scope_mismatch
NET-07912,consent_scope_mismatch
NET-07913,device_session_mismatch
NET-07914,consent_scope_mismatch
NET-07915,device_session_mismatch
NET-07916,consent_scope_mismatch
NET-07917,device_session_mismatch
NET-07918,consent_scope_mismatch
NET-07919,device_session_mismatch
NET-07920,consent_scope_mismatch
NET-07921,device_session_mismatch
NET-07922,device_session_mismatch
NET-07923,consent_scope_mismatch
NET-07924,device_session_mismatch
NET-07925,consent_scope_mismatch
NET-07926,device_session_mismatch
NET-07927,consent_scope_mismatch
NET-07928,device_session_mismatch
NET-07929,device_session_mismatch
NET-07930,consent_scope_mismatch
NET-07931,consent_scope_mismatch
NET-07932,consent_scope_mismatch
NET-07933,device_session_mismatch
NET-07934,consent_scope_mismatch
NET-07935,consent_scope_mismatch
NET-07936,consent_scope_mismatch
NET-07937,consent_scope_mismatch
NET-07938,consent_scope_mismatch
NET-07939,consent_scope_mismatch
NET-07940,consent_scope_mismatch
NET-07941,consent_scope_mismatch
NET-07942,device_session_mismatch
NET-07943,consent_scope_mismatch
NET-07944,consent_scope_mismatch
NET-07945,consent_scope_mismatch
NET-07946,consent_scope_mismatch
NET-07947,consent_scope_mismatch
NET-07948,consent_scope_mismatch
NET-07949,device_session_mismatch
NET-07950,device_session_mismatch
NET-07951,consent_scope_mismatch
NET-07952,consent_scope_mismatch
NET-07953,consent_scope_mismatch
NET-07954,consent_scope_mismatch
NET-07955,device_session_mismatch
NET-07956,consent_scope_mismatch
NET-07957,consent_scope_mismatch
NET-07958,consent_scope_mismatch
NET-07959,consent_scope_mismatch
NET-07960,consent_scope_mismatch
NET-07961,consent_scope_mismatch
NET-07962,consent_scope_mismatch
NET-07963,consent_scope_mismatch
NET-07964,consent_scope_mismatch
NET-07965,consent_scope_mismatch
NET-07966,consent_scope_mismatch
NET-07967,device_session_mismatch
NET-07968,consent_scope_mismatch
NET-07969,consent_scope_mismatch
NET-07970,consent_scope_mismatch
NET-07971,consent_scope_mismatch
NET-07972,consent_scope_mismatch
NET-07973,consent_scope_mismatch
NET-07974,device_session_mismatch
NET-07975,consent_scope_mismatch
NET-07976,consent_scope_mismatch
NET-07977,consent_scope_mismatch
NET-07978,consent_scope_mismatch
NET-07979,consent_scope_mismatch
NET-07980,consent_scope_mismatch
NET-07981,consent_scope_mismatch
NET-07982,consent_scope_mismatch
NET-07983,consent_scope_mismatch
NET-07984,consent_scope_mismatch
NET-07985,consent_scope_mismatch
NET-07986,consent_scope_mismatch
NET-07987,consent_scope_mismatch
NET-07988,consent_scope_mismatch
NET-07989,consent_scope_mismatch
NET-07990,device_session_mismatch
NET-07991,consent_scope_mismatch
NET-07992,consent_scope_mismatch
NET-07993,device_session_mismatch
NET-07994,consent_scope_mismatch
NET-07995,consent_scope_mismatch
NET-07996,consent_scope_mismatch
NET-07997,consent_scope_mismatch
NET-07998,consent_scope_mismatch
NET-07999,device_session_mismatch
NET-08000,consent_scope_mismatch
NET-08001,consent_scope_mismatch
NET-08002,consent_scope_mismatch
NET-08003,consent_scope_mismatch
NET-08004,device_session_mismatch
NET-08005,consent_scope_mismatch
NET-08006,consent_scope_mismatch
NET-08007,device_session_mismatch
NET-08008,consent_scope_mismatch
NET-08009,consent_scope_mismatch
NET-08010,consent_scope_mismatch
NET-08011,consent_scope_mismatch
NET-08012,consent_scope_mismatch
NET-08013,consent_scope_mismatch
NET-08014,consent_scope_mismatch
NET-08015,consent_scope_mismatch
NET-08016,consent_scope_mismatch
NET-08017,consent_scope_mismatch
NET-08018,consent_scope_mismatch
NET-08019,device_session_mismatch
NET-08020,device_session_mismatch
NET-08021,consent_scope_mismatch
NET-08022,consent_scope_mismatch
NET-08023,consent_scope_mismatch
NET-08024,device_session_mismatch
NET-08025,device_session_mismatch
NET-08026,consent_scope_mismatch
NET-08027,consent_scope_mismatch
NET-08028,device_session_mismatch
NET-08029,consent_scope_mismatch
NET-08030,device_session_mismatch
NET-08031,consent_scope_mismatch
NET-08032,device_session_mismatch
NET-08033,device_session_mismatch
NET-08034,device_session_mismatch
NET-08035,consent_scope_mismatch
NET-08036,consent_scope_mismatch
NET-08037,device_session_mismatch
NET-08038,consent_scope_mismatch
NET-08039,device_session_mismatch
NET-08040,consent_scope_mismatch
NET-08041,consent_scope_mismatch
NET-08042,consent_scope_mismatch
NET-08043,consent_scope_mismatch
NET-08044,consent_scope_mismatch
NET-08045,device_session_mismatch
NET-08046,device_session_mismatch
NET-08047,device_session_mismatch
NET-08048,device_session_mismatch
NET-08049,consent_scope_mismatch
NET-08050,consent_scope_mismatch
NET-08051,consent_scope_mismatch
NET-08052,device_session_mismatch
NET-08053,consent_scope_mismatch
NET-08054,consent_scope_mismatch
NET-08055,consent_scope_mismatch
NET-08056,consent_scope_mismatch
NET-08057,consent_scope_mismatch
NET-08058,consent_scope_mismatch
NET-08059,device_session_mismatch
NET-08060,consent_scope_mismatch
NET-08061,device_session_mismatch
NET-08062,consent_scope_mismatch
NET-08063,consent_scope_mismatch
NET-08064,device_session_mismatch
NET-08065,device_session_mismatch
NET-08066,consent_scope_mismatch
NET-08067,device_session_mismatch
NET-08068,consent_scope_mismatch
NET-08069,consent_scope_mismatch
NET-08070,consent_scope_mismatch
NET-08071,consent_scope_mismatch
NET-08072,device_session_mismatch
NET-08073,consent_scope_mismatch
NET-08074,consent_scope_mismatch
NET-08075,consent_scope_mismatch
NET-08076,consent_scope_mismatch
NET-08077,device_session_mismatch
NET-08078,consent_scope_mismatch
NET-08079,consent_scope_mismatch
NET-08080,consent_scope_mismatch
NET-08081,consent_scope_mismatch
NET-08082,device_session_mismatch
NET-08083,consent_scope_mismatch
NET-08084,consent_scope_mismatch
NET-08085,device_session_mismatch
NET-08086,consent_scope_mismatch
NET-08087,consent_scope_mismatch
NET-08088,consent_scope_mismatch
NET-08089,consent_scope_mismatch
NET-08090,consent_scope_mismatch
NET-08091,consent_scope_mismatch
NET-08092,consent_scope_mismatch
NET-08093,consent_scope_mismatch
NET-08094,consent_scope_mismatch
NET-08095,consent_scope_mismatch
NET-08096,device_session_mismatch
NET-08097,consent_scope_mismatch
NET-08098,consent_scope_mismatch
NET-08099,consent_scope_mismatch
NET-08100,consent_scope_mismatch
NET-08101,consent_scope_mismatch
NET-08102,consent_scope_mismatch
NET-08103,consent_scope_mismatch
NET-08104,device_session_mismatch
NET-08105,consent_scope_mismatch
NET-08106,consent_scope_mismatch
NET-08107,consent_scope_mismatch
NET-08108,consent_scope_mismatch
NET-08109,consent_scope_mismatch
NET-08110,consent_scope_mismatch
NET-08111,consent_scope_mismatch
NET-08112,device_session_mismatch
NET-08113,consent_scope_mismatch
NET-08114,device_session_mismatch
NET-08115,consent_scope_mismatch
NET-08116,device_session_mismatch
NET-08117,consent_scope_mismatch
NET-08118,consent_scope_mismatch
NET-08119,device_session_mismatch
NET-08120,consent_scope_mismatch
NET-08121,consent_scope_mismatch
NET-08122,consent_scope_mismatch
NET-08123,device_session_mismatch
NET-08124,consent_scope_mismatch
NET-08125,consent_scope_mismatch
NET-08126,device_session_mismatch
NET-08127,consent_scope_mismatch
NET-08128,consent_scope_mismatch
NET-08129,consent_scope_mismatch
NET-08130,consent_scope_mismatch
NET-08131,consent_scope_mismatch
NET-08132,consent_scope_mismatch
NET-08133,consent_scope_mismatch
NET-08134,consent_scope_mismatch
NET-08135,consent_scope_mismatch
NET-08136,consent_scope_mismatch
NET-08137,consent_scope_mismatch
NET-08138,consent_scope_mismatch
NET-08139,device_session_mismatch
NET-08140,device_session_mismatch
NET-08141,consent_scope_mismatch
NET-08142,consent_scope_mismatch
NET-08143,consent_scope_mismatch
NET-08144,device_session_mismatch
NET-08145,consent_scope_mismatch
NET-08146,consent_scope_mismatch
NET-08147,consent_scope_mismatch
NET-08148,consent_scope_mismatch
NET-08149,consent_scope_mismatch
NET-08150,consent_scope_mismatch
NET-08151,consent_scope_mismatch
NET-08152,consent_scope_mismatch
NET-08153,consent_scope_mismatch
NET-08154,device_session_mismatch
NET-08155,consent_scope_mismatch
NET-08156,consent_scope_mismatch
NET-08157,consent_scope_mismatch
NET-08158,consent_scope_mismatch
NET-08159,consent_scope_mismatch
NET-08160,consent_scope_mismatch
NET-08161,consent_scope_mismatch
NET-08162,consent_scope_mismatch
NET-08163,consent_scope_mismatch
NET-08164,device_session_mismatch
NET-08165,consent_scope_mismatch
NET-08166,consent_scope_mismatch
NET-08167,consent_scope_mismatch
NET-08168,consent_scope_mismatch
NET-08169,consent_scope_mismatch
NET-08170,device_session_mismatch
NET-08171,consent_scope_mismatch
NET-08172,consent_scope_mismatch
NET-08173,consent_scope_mismatch
NET-08174,consent_scope_mismatch
NET-08175,consent_scope_mismatch
NET-08176,consent_scope_mismatch
NET-08177,consent_scope_mismatch
NET-08178,consent_scope_mismatch
NET-08179,consent_scope_mismatch
NET-08180,consent_scope_mismatch
NET-08181,consent_scope_mismatch
NET-08182,consent_scope_mismatch
NET-08183,consent_scope_mismatch
NET-08184,device_session_mismatch
NET-08185,consent_scope_mismatch
NET-08186,consent_scope_mismatch
NET-08187,consent_scope_mismatch
NET-08188,device_session_mismatch
NET-08189,consent_scope_mismatch
NET-08190,device_session_mismatch
NET-08191,device_session_mismatch
NET-08192,consent_scope_mismatch
NET-08193,consent_scope_mismatch
NET-08194,device_session_mismatch
NET-08195,consent_scope_mismatch
NET-08196,consent_scope_mismatch
NET-08197,consent_scope_mismatch
NET-08198,device_session_mismatch
NET-08199,device_session_mismatch
NET-08200,device_session_mismatch
NET-08201,consent_scope_mismatch
NET-08202,consent_scope_mismatch
NET-08203,consent_scope_mismatch
NET-08204,consent_scope_mismatch
NET-08205,consent_scope_mismatch
NET-08206,consent_scope_mismatch
NET-08207,consent_scope_mismatch
NET-08208,device_session_mismatch
NET-08209,consent_scope_mismatch
NET-08210,consent_scope_mismatch
NET-08211,consent_scope_mismatch
NET-08212,device_session_mismatch
NET-08213,consent_scope_mismatch
NET-08214,consent_scope_mismatch
NET-08215,consent_scope_mismatch
NET-08216,consent_scope_mismatch
NET-08217,consent_scope_mismatch
NET-08218,device_session_mismatch
NET-08219,device_session_mismatch
NET-08220,device_session_mismatch
NET-08221,consent_scope_mismatch
NET-08222,device_session_mismatch
NET-08223,consent_scope_mismatch
NET-08224,consent_scope_mismatch
NET-08225,consent_scope_mismatch
NET-08226,device_session_mismatch
NET-08227,consent_scope_mismatch
NET-08228,consent_scope_mismatch
NET-08229,consent_scope_mismatch
NET-08230,consent_scope_mismatch
NET-08231,consent_scope_mismatch
NET-08232,consent_scope_mismatch
NET-08233,consent_scope_mismatch
NET-08234,consent_scope_mismatch
NET-08235,device_session_mismatch
NET-08236,consent_scope_mismatch
NET-08237,consent_scope_mismatch
NET-08238,consent_scope_mismatch
NET-08239,device_session_mismatch
NET-08240,consent_scope_mismatch
NET-08241,consent_scope_mismatch
NET-08242,consent_scope_mismatch
NET-08243,consent_scope_mismatch
NET-08244,consent_scope_mismatch
NET-08245,consent_scope_mismatch
NET-08246,device_session_mismatch
NET-08247,consent_scope_mismatch
NET-08248,device_session_mismatch
NET-08249,consent_scope_mismatch
NET-08250,consent_scope_mismatch
NET-08251,device_session_mismatch
NET-08252,device_session_mismatch
NET-08253,consent_scope_mismatch
NET-08254,device_session_mismatch
NET-08255,consent_scope_mismatch
NET-08256,device_session_mismatch
NET-08257,consent_scope_mismatch
NET-08258,consent_scope_mismatch
NET-08259,device_session_mismatch
NET-08260,consent_scope_mismatch
NET-08261,consent_scope_mismatch
NET-08262,consent_scope_mismatch
NET-08263,device_session_mismatch
NET-08264,device_session_mismatch
NET-08265,consent_scope_mismatch
NET-08266,consent_scope_mismatch
NET-08267,consent_scope_mismatch
NET-08268,consent_scope_mismatch
NET-08269,device_session_mismatch
NET-08270,device_session_mismatch
NET-08271,device_session_mismatch
NET-08272,consent_scope_mismatch
NET-08273,consent_scope_mismatch
NET-08274,consent_scope_mismatch
NET-08275,consent_scope_mismatch
NET-08276,consent_scope_mismatch
NET-08277,consent_scope_mismatch
NET-08278,device_session_mismatch
NET-08279,device_session_mismatch
NET-08280,consent_scope_mismatch
NET-08281,consent_scope_mismatch
NET-08282,consent_scope_mismatch
NET-08283,consent_scope_mismatch
NET-08284,consent_scope_mismatch
NET-08285,consent_scope_mismatch
NET-08286,consent_scope_mismatch
NET-08287,consent_scope_mismatch
NET-08288,consent_scope_mismatch
NET-08289,device_session_mismatch
NET-08290,consent_scope_mismatch
NET-08291,consent_scope_mismatch
NET-08292,consent_scope_mismatch
NET-08293,consent_scope_mismatch
NET-08294,device_session_mismatch
NET-08295,consent_scope_mismatch
NET-08296,consent_scope_mismatch
NET-08297,consent_scope_mismatch
NET-08298,device_session_mismatch
NET-08299,device_session_mismatch
NET-08300,device_session_mismatch
NET-08301,consent_scope_mismatch
NET-08302,consent_scope_mismatch
NET-08303,device_session_mismatch
NET-08304,consent_scope_mismatch
NET-08305,consent_scope_mismatch
NET-08306,device_session_mismatch
NET-08307,consent_scope_mismatch
NET-08308,consent_scope_mismatch
NET-08309,consent_scope_mismatch
NET-08310,consent_scope_mismatch
NET-08311,device_session_mismatch
NET-08312,consent_scope_mismatch
NET-08313,consent_scope_mismatch
NET-08314,consent_scope_mismatch
NET-08315,consent_scope_mismatch
NET-08316,consent_scope_mismatch
NET-08317,device_session_mismatch
NET-08318,consent_scope_mismatch
NET-08319,consent_scope_mismatch
NET-08320,consent_scope_mismatch
NET-08321,consent_scope_mismatch
NET-08322,consent_scope_mismatch
NET-08323,consent_scope_mismatch
NET-08324,consent_scope_mismatch
NET-08325,consent_scope_mismatch
NET-08326,consent_scope_mismatch
NET-08327,consent_scope_mismatch
NET-08328,device_session_mismatch
NET-08329,consent_scope_mismatch
NET-08330,device_session_mismatch
NET-08331,consent_scope_mismatch
NET-08332,consent_scope_mismatch
NET-08333,consent_scope_mismatch
NET-08334,consent_scope_mismatch
NET-08335,consent_scope_mismatch
NET-08336,consent_scope_mismatch
NET-08337,consent_scope_mismatch
NET-08338,consent_scope_mismatch
NET-08339,device_session_mismatch
NET-08340,consent_scope_mismatch
NET-08341,consent_scope_mismatch
NET-08342,device_session_mismatch
NET-08343,device_session_mismatch
NET-08344,consent_scope_mismatch
NET-08345,consent_scope_mismatch
NET-08346,consent_scope_mismatch
NET-08347,consent_scope_mismatch
NET-08348,consent_scope_mismatch
NET-08349,consent_scope_mismatch
NET-08350,device_session_mismatch
NET-08351,device_session_mismatch
NET-08352,device_session_mismatch
NET-08353,device_session_mismatch
NET-08354,consent_scope_mismatch
NET-08355,consent_scope_mismatch
NET-08356,consent_scope_mismatch
NET-08357,consent_scope_mismatch
NET-08358,consent_scope_mismatch
NET-08359,consent_scope_mismatch
NET-08360,consent_scope_mismatch
NET-08361,consent_scope_mismatch
NET-08362,consent_scope_mismatch
NET-08363,consent_scope_mismatch
NET-08364,consent_scope_mismatch
NET-08365,consent_scope_mismatch
NET-08366,device_session_mismatch
NET-08367,consent_scope_mismatch
NET-08368,consent_scope_mismatch
NET-08369,consent_scope_mismatch
NET-08370,device_session_mismatch
NET-08371,consent_scope_mismatch
NET-08372,consent_scope_mismatch
NET-08373,consent_scope_mismatch
NET-08374,device_session_mismatch
NET-08375,consent_scope_mismatch
NET-08376,consent_scope_mismatch
NET-08377,device_session_mismatch
NET-08378,consent_scope_mismatch
NET-08379,consent_scope_mismatch
NET-08380,consent_scope_mismatch
NET-08381,consent_scope_mismatch
NET-08382,consent_scope_mismatch
NET-08383,consent_scope_mismatch
NET-08384,consent_scope_mismatch
NET-08385,consent_scope_mismatch
NET-08386,device_session_mismatch
NET-08387,device_session_mismatch
NET-08388,consent_scope_mismatch
NET-08389,consent_scope_mismatch
NET-08390,consent_scope_mismatch
NET-08391,consent_scope_mismatch
NET-08392,consent_scope_mismatch
NET-08393,consent_scope_mismatch
NET-08394,device_session_mismatch
NET-08395,consent_scope_mismatch
NET-08396,consent_scope_mismatch
NET-08397,consent_scope_mismatch
NET-08398,consent_scope_mismatch
NET-08399,device_session_mismatch
NET-08400,consent_scope_mismatch
NET-08401,consent_scope_mismatch
NET-08402,consent_scope_mismatch
NET-08403,consent_scope_mismatch
NET-08404,consent_scope_mismatch
NET-08405,device_session_mismatch
NET-08406,consent_scope_mismatch
NET-08407,consent_scope_mismatch
NET-08408,consent_scope_mismatch
NET-08409,consent_scope_mismatch
NET-08410,consent_scope_mismatch
NET-08411,device_session_mismatch
NET-08412,consent_scope_mismatch
NET-08413,device_session_mismatch
NET-08414,consent_scope_mismatch
NET-08415,consent_scope_mismatch
NET-08416,device_session_mismatch
NET-08417,consent_scope_mismatch
NET-08418,consent_scope_mismatch
NET-08419,consent_scope_mismatch
NET-08420,consent_scope_mismatch
NET-08421,consent_scope_mismatch
NET-08422,consent_scope_mismatch
NET-08423,device_session_mismatch
NET-08424,device_session_mismatch
NET-08425,consent_scope_mismatch
NET-08426,consent_scope_mismatch
NET-08427,consent_scope_mismatch
NET-08428,device_session_mismatch
NET-08429,consent_scope_mismatch
NET-08430,consent_scope_mismatch
NET-08431,consent_scope_mismatch
NET-08432,consent_scope_mismatch
NET-08433,consent_scope_mismatch
NET-08434,consent_scope_mismatch
NET-08435,device_session_mismatch
NET-08436,device_session_mismatch
NET-08437,consent_scope_mismatch
NET-08438,consent_scope_mismatch
NET-08439,device_session_mismatch
NET-08440,consent_scope_mismatch
NET-08441,consent_scope_mismatch
NET-08442,consent_scope_mismatch
NET-08443,consent_scope_mismatch
NET-08444,device_session_mismatch
NET-08445,consent_scope_mismatch
NET-08446,consent_scope_mismatch
NET-08447,consent_scope_mismatch
NET-08448,consent_scope_mismatch
NET-08449,consent_scope_mismatch
NET-08450,consent_scope_mismatch
NET-08451,consent_scope_mismatch
NET-08452,device_session_mismatch
NET-08453,consent_scope_mismatch
NET-08454,consent_scope_mismatch
NET-08455,consent_scope_mismatch
NET-08456,consent_scope_mismatch
NET-08457,consent_scope_mismatch
NET-08458,consent_scope_mismatch
NET-08459,consent_scope_mismatch
NET-08460,consent_scope_mismatch
NET-08461,consent_scope_mismatch
NET-08462,consent_scope_mismatch
NET-08463,consent_scope_mismatch
NET-08464,consent_scope_mismatch
NET-08465,consent_scope_mismatch
NET-08466,consent_scope_mismatch
NET-08467,consent_scope_mismatch
NET-08468,consent_scope_mismatch
NET-08469,consent_scope_mismatch
NET-08470,consent_scope_mismatch
NET-08471,consent_scope_mismatch
NET-08472,consent_scope_mismatch
NET-08473,consent_scope_mismatch
NET-08474,consent_scope_mismatch
NET-08475,device_session_mismatch
NET-08476,consent_scope_mismatch
NET-08477,consent_scope_mismatch
NET-08478,device_session_mismatch
NET-08479,consent_scope_mismatch
NET-08480,consent_scope_mismatch
NET-08481,consent_scope_mismatch
NET-08482,consent_scope_mismatch
NET-08483,consent_scope_mismatch
NET-08484,device_session_mismatch
NET-08485,consent_scope_mismatch
NET-08486,consent_scope_mismatch
NET-08487,consent_scope_mismatch
NET-08488,device_session_mismatch
NET-08489,consent_scope_mismatch
NET-08490,device_session_mismatch
NET-08491,device_session_mismatch
NET-08492,consent_scope_mismatch
NET-08493,consent_scope_mismatch
NET-08494,device_session_mismatch
NET-08495,consent_scope_mismatch
NET-08496,consent_scope_mismatch
NET-08497,consent_scope_mismatch
NET-08498,consent_scope_mismatch
NET-08499,consent_scope_mismatch
NET-08500,consent_scope_mismatch
NET-08501,consent_scope_mismatch
NET-08502,consent_scope_mismatch
NET-08503,consent_scope_mismatch
NET-08504,consent_scope_mismatch
NET-08505,consent_scope_mismatch
NET-08506,consent_scope_mismatch
NET-08507,consent_scope_mismatch
NET-08508,consent_scope_mismatch
NET-08509,consent_scope_mismatch
NET-08510,device_session_mismatch
NET-08511,consent_scope_mismatch
NET-08512,consent_scope_mismatch
NET-08513,consent_scope_mismatch
NET-08514,consent_scope_mismatch
NET-08515,consent_scope_mismatch
NET-08516,consent_scope_mismatch
NET-08517,consent_scope_mismatch
NET-08518,consent_scope_mismatch
NET-08519,device_session_mismatch
NET-08520,consent_scope_mismatch
NET-08521,device_session_mismatch
NET-08522,consent_scope_mismatch
NET-08523,consent_scope_mismatch
NET-08524,consent_scope_mismatch
NET-08525,consent_scope_mismatch
NET-08526,consent_scope_mismatch
NET-08527,device_session_mismatch
NET-08528,consent_scope_mismatch
NET-08529,consent_scope_mismatch
NET-08530,consent_scope_mismatch
NET-08531,consent_scope_mismatch
NET-08532,consent_scope_mismatch
NET-08533,consent_scope_mismatch
NET-08534,consent_scope_mismatch
NET-08535,consent_scope_mismatch
NET-08536,consent_scope_mismatch
NET-08537,consent_scope_mismatch
NET-08538,device_session_mismatch
NET-08539,device_session_mismatch
NET-08540,device_session_mismatch
NET-08541,consent_scope_mismatch
NET-08542,consent_scope_mismatch
NET-08543,consent_scope_mismatch
NET-08544,consent_scope_mismatch
NET-08545,consent_scope_mismatch
NET-08546,consent_scope_mismatch
NET-08547,consent_scope_mismatch
NET-08548,device_session_mismatch
NET-08549,consent_scope_mismatch
NET-08550,device_session_mismatch
NET-08551,device_session_mismatch
NET-08552,consent_scope_mismatch
NET-08553,consent_scope_mismatch
NET-08554,consent_scope_mismatch
NET-08555,consent_scope_mismatch
NET-08556,device_session_mismatch
NET-08557,device_session_mismatch
NET-08558,consent_scope_mismatch
NET-08559,consent_scope_mismatch
NET-08560,consent_scope_mismatch
NET-08561,consent_scope_mismatch
NET-08562,device_session_mismatch
NET-08563,consent_scope_mismatch
NET-08564,consent_scope_mismatch
NET-08565,consent_scope_mismatch
NET-08566,device_session_mismatch
NET-08567,device_session_mismatch
NET-08568,consent_scope_mismatch
NET-08569,consent_scope_mismatch
NET-08570,consent_scope_mismatch
NET-08571,consent_scope_mismatch
NET-08572,device_session_mismatch
NET-08573,consent_scope_mismatch
NET-08574,consent_scope_mismatch
NET-08575,consent_scope_mismatch
NET-08576,consent_scope_mismatch
NET-08577,consent_scope_mismatch
NET-08578,device_session_mismatch
NET-08579,consent_scope_mismatch
NET-08580,device_session_mismatch
NET-08581,consent_scope_mismatch
NET-08582,device_session_mismatch
NET-08583,consent_scope_mismatch
NET-08584,consent_scope_mismatch
NET-08585,consent_scope_mismatch
NET-08586,consent_scope_mismatch
NET-08587,consent_scope_mismatch
NET-08588,consent_scope_mismatch
NET-08589,device_session_mismatch
NET-08590,consent_scope_mismatch
NET-08591,consent_scope_mismatch
NET-08592,consent_scope_mismatch
NET-08593,consent_scope_mismatch
NET-08594,consent_scope_mismatch
NET-08595,consent_scope_mismatch
NET-08596,device_session_mismatch
NET-08597,consent_scope_mismatch
NET-08598,consent_scope_mismatch
NET-08599,device_session_mismatch
NET-08600,consent_scope_mismatch
NET-08601,device_session_mismatch
NET-08602,consent_scope_mismatch
NET-08603,device_session_mismatch
NET-08604,device_session_mismatch
NET-08605,consent_scope_mismatch
NET-08606,device_session_mismatch
NET-08607,device_session_mismatch
NET-08608,consent_scope_mismatch
NET-08609,consent_scope_mismatch
NET-08610,consent_scope_mismatch
NET-08611,consent_scope_mismatch
NET-08612,consent_scope_mismatch
NET-08613,device_session_mismatch
NET-08614,consent_scope_mismatch
NET-08615,consent_scope_mismatch
NET-08616,consent_scope_mismatch
NET-08617,consent_scope_mismatch
NET-08618,consent_scope_mismatch
NET-08619,consent_scope_mismatch
NET-08620,consent_scope_mismatch
NET-08621,consent_scope_mismatch
NET-08622,consent_scope_mismatch
NET-08623,consent_scope_mismatch
NET-08624,consent_scope_mismatch
NET-08625,consent_scope_mismatch
NET-08626,consent_scope_mismatch
NET-08627,consent_scope_mismatch
NET-08628,consent_scope_mismatch
NET-08629,device_session_mismatch
NET-08630,consent_scope_mismatch
NET-08631,consent_scope_mismatch
NET-08632,consent_scope_mismatch
NET-08633,consent_scope_mismatch
NET-08634,consent_scope_mismatch
NET-08635,device_session_mismatch
NET-08636,consent_scope_mismatch
NET-08637,consent_scope_mismatch
NET-08638,consent_scope_mismatch
NET-08639,consent_scope_mismatch
NET-08640,consent_scope_mismatch
NET-08641,consent_scope_mismatch
NET-08642,consent_scope_mismatch
NET-08643,device_session_mismatch
NET-08644,consent_scope_mismatch
NET-08645,consent_scope_mismatch
NET-08646,device_session_mismatch
NET-08647,consent_scope_mismatch
NET-08648,device_session_mismatch
NET-08649,consent_scope_mismatch
NET-08650,consent_scope_mismatch
NET-08651,consent_scope_mismatch
NET-08652,consent_scope_mismatch
NET-08653,consent_scope_mismatch
NET-08654,consent_scope_mismatch
NET-08655,consent_scope_mismatch
NET-08656,consent_scope_mismatch
NET-08657,consent_scope_mismatch
NET-08658,consent_scope_mismatch
NET-08659,device_session_mismatch
NET-08660,consent_scope_mismatch
NET-08661,consent_scope_mismatch
NET-08662,consent_scope_mismatch
NET-08663,device_session_mismatch
NET-08664,consent_scope_mismatch
NET-08665,device_session_mismatch
NET-08666,consent_scope_mismatch
NET-08667,consent_scope_mismatch
NET-08668,consent_scope_mismatch
NET-08669,consent_scope_mismatch
NET-08670,device_session_mismatch
NET-08671,consent_scope_mismatch
NET-08672,consent_scope_mismatch
NET-08673,consent_scope_mismatch
NET-08674,consent_scope_mismatch
NET-08675,consent_scope_mismatch
NET-08676,device_session_mismatch
NET-08677,consent_scope_mismatch
NET-08678,consent_scope_mismatch
NET-08679,consent_scope_mismatch
NET-08680,device_session_mismatch
NET-08681,consent_scope_mismatch
NET-08682,device_session_mismatch
NET-08683,consent_scope_mismatch
NET-08684,consent_scope_mismatch
NET-08685,consent_scope_mismatch
NET-08686,device_session_mismatch
NET-08687,consent_scope_mismatch
NET-08688,device_session_mismatch
NET-08689,consent_scope_mismatch
NET-08690,consent_scope_mismatch
NET-08691,consent_scope_mismatch
NET-08692,consent_scope_mismatch
NET-08693,consent_scope_mismatch
NET-08694,device_session_mismatch
NET-08695,consent_scope_mismatch
NET-08696,device_session_mismatch
NET-08697,consent_scope_mismatch
NET-08698,consent_scope_mismatch
NET-08699,consent_scope_mismatch
NET-08700,consent_scope_mismatch
NET-08701,consent_scope_mismatch
NET-08702,consent_scope_mismatch
NET-08703,device_session_mismatch
NET-08704,consent_scope_mismatch
NET-08705,consent_scope_mismatch
NET-08706,consent_scope_mismatch
NET-08707,device_session_mismatch
NET-08708,device_session_mismatch
NET-08709,consent_scope_mismatch
NET-08710,device_session_mismatch
NET-08711,consent_scope_mismatch
NET-08712,consent_scope_mismatch
NET-08713,consent_scope_mismatch
NET-08714,consent_scope_mismatch
NET-08715,consent_scope_mismatch
NET-08716,consent_scope_mismatch
NET-08717,consent_scope_mismatch
NET-08718,consent_scope_mismatch
NET-08719,consent_scope_mismatch
NET-08720,consent_scope_mismatch
NET-08721,consent_scope_mismatch
NET-08722,consent_scope_mismatch
NET-08723,consent_scope_mismatch
NET-08724,consent_scope_mismatch
NET-08725,consent_scope_mismatch
NET-08726,consent_scope_mismatch
NET-08727,consent_scope_mismatch
NET-08728,consent_scope_mismatch
NET-08729,consent_scope_mismatch
NET-08730,consent_scope_mismatch
NET-08731,consent_scope_mismatch
NET-08732,consent_scope_mismatch
NET-08733,consent_scope_mismatch
NET-08734,consent_scope_mismatch
NET-08735,consent_scope_mismatch
NET-08736,consent_scope_mismatch
NET-08737,consent_scope_mismatch
NET-08738,device_session_mismatch
NET-08739,device_session_mismatch
NET-08740,consent_scope_mismatch
NET-08741,consent_scope_mismatch
NET-08742,device_session_mismatch
NET-08743,consent_scope_mismatch
NET-08744,consent_scope_mismatch
NET-08745,consent_scope_mismatch
NET-08746,consent_scope_mismatch
NET-08747,device_session_mismatch
NET-08748,consent_scope_mismatch
NET-08749,consent_scope_mismatch
NET-08750,consent_scope_mismatch
NET-08751,consent_scope_mismatch
NET-08752,consent_scope_mismatch
NET-08753,consent_scope_mismatch
NET-08754,consent_scope_mismatch
NET-08755,consent_scope_mismatch
NET-08756,consent_scope_mismatch
NET-08757,consent_scope_mismatch
NET-08758,consent_scope_mismatch
NET-08759,device_session_mismatch
NET-08760,consent_scope_mismatch
NET-08761,consent_scope_mismatch
NET-08762,consent_scope_mismatch
NET-08763,consent_scope_mismatch
NET-08764,consent_scope_mismatch
NET-08765,device_session_mismatch
NET-08766,consent_scope_mismatch
NET-08767,device_session_mismatch
NET-08768,device_session_mismatch
NET-08769,consent_scope_mismatch
NET-08770,consent_scope_mismatch
NET-08771,consent_scope_mismatch
NET-08772,consent_scope_mismatch
NET-08773,device_session_mismatch
NET-08774,consent_scope_mismatch
NET-08775,consent_scope_mismatch
NET-08776,consent_scope_mismatch
NET-08777,device_session_mismatch
NET-08778,device_session_mismatch
NET-08779,consent_scope_mismatch
NET-08780,consent_scope_mismatch
NET-08781,consent_scope_mismatch
NET-08782,consent_scope_mismatch
NET-08783,consent_scope_mismatch
NET-08784,consent_scope_mismatch
NET-08785,consent_scope_mismatch
NET-08786,consent_scope_mismatch
NET-08787,consent_scope_mismatch
NET-08788,device_session_mismatch
NET-08789,consent_scope_mismatch
NET-08790,consent_scope_mismatch
NET-08791,consent_scope_mismatch
NET-08792,consent_scope_mismatch
NET-08793,device_session_mismatch
NET-08794,consent_scope_mismatch
NET-08795,device_session_mismatch
NET-08796,consent_scope_mismatch
NET-08797,consent_scope_mismatch
NET-08798,consent_scope_mismatch
NET-08799,device_session_mismatch
NET-08800,consent_scope_mismatch
NET-08801,consent_scope_mismatch
NET-08802,device_session_mismatch
NET-08803,consent_scope_mismatch
NET-08804,consent_scope_mismatch
NET-08805,consent_scope_mismatch
NET-08806,device_session_mismatch
NET-08807,consent_scope_mismatch
NET-08808,consent_scope_mismatch
NET-08809,device_session_mismatch
NET-08810,consent_scope_mismatch
NET-08811,consent_scope_mismatch
NET-08812,device_session_mismatch
NET-08813,device_session_mismatch
NET-08814,device_session_mismatch
NET-08815,consent_scope_mismatch
NET-08816,consent_scope_mismatch
NET-08817,consent_scope_mismatch
NET-08818,device_session_mismatch
NET-08819,consent_scope_mismatch
NET-08820,consent_scope_mismatch
NET-08821,device_session_mismatch
NET-08822,consent_scope_mismatch
NET-08823,consent_scope_mismatch
NET-08824,consent_scope_mismatch
NET-08825,consent_scope_mismatch
NET-08826,device_session_mismatch
NET-08827,consent_scope_mismatch
NET-08828,consent_scope_mismatch
NET-08829,device_session_mismatch
NET-08830,consent_scope_mismatch
NET-08831,consent_scope_mismatch
NET-08832,device_session_mismatch
NET-08833,device_session_mismatch
NET-08834,consent_scope_mismatch
NET-08835,consent_scope_mismatch
NET-08836,consent_scope_mismatch
NET-08837,consent_scope_mismatch
NET-08838,consent_scope_mismatch
NET-08839,consent_scope_mismatch
NET-08840,consent_scope_mismatch
NET-08841,consent_scope_mismatch
NET-08842,consent_scope_mismatch
NET-08843,consent_scope_mismatch
NET-08844,consent_scope_mismatch
NET-08845,consent_scope_mismatch
NET-08846,consent_scope_mismatch
NET-08847,consent_scope_mismatch
NET-08848,consent_scope_mismatch
NET-08849,consent_scope_mismatch
NET-08850,consent_scope_mismatch
NET-08851,consent_scope_mismatch
NET-08852,consent_scope_mismatch
NET-08853,consent_scope_mismatch
NET-08854,consent_scope_mismatch
NET-08855,consent_scope_mismatch
NET-08856,consent_scope_mismatch
NET-08857,consent_scope_mismatch
NET-08858,consent_scope_mismatch
NET-08859,consent_scope_mismatch
NET-08860,consent_scope_mismatch
NET-08861,consent_scope_mismatch
NET-08862,device_session_mismatch
NET-08863,consent_scope_mismatch
NET-08864,device_session_mismatch
NET-08865,consent_scope_mismatch
NET-08866,consent_scope_mismatch
NET-08867,consent_scope_mismatch
NET-08868,consent_scope_mismatch
NET-08869,consent_scope_mismatch
NET-08870,device_session_mismatch
NET-08871,consent_scope_mismatch
NET-08872,device_session_mismatch
NET-08873,consent_scope_mismatch
NET-08874,consent_scope_mismatch
NET-08875,consent_scope_mismatch
NET-08876,consent_scope_mismatch
NET-08877,consent_scope_mismatch
NET-08878,consent_scope_mismatch
NET-08879,consent_scope_mismatch
NET-08880,consent_scope_mismatch
NET-08881,device_session_mismatch
NET-08882,consent_scope_mismatch
NET-08883,consent_scope_mismatch
NET-08884,consent_scope_mismatch
NET-08885,consent_scope_mismatch
NET-08886,device_session_mismatch
NET-08887,consent_scope_mismatch
NET-08888,consent_scope_mismatch
NET-08889,consent_scope_mismatch
NET-08890,consent_scope_mismatch
NET-08891,consent_scope_mismatch
NET-08892,consent_scope_mismatch
NET-08893,consent_scope_mismatch
NET-08894,consent_scope_mismatch
NET-08895,consent_scope_mismatch
NET-08896,device_session_mismatch
NET-08897,consent_scope_mismatch
NET-08898,consent_scope_mismatch
NET-08899,consent_scope_mismatch
NET-08900,consent_scope_mismatch
NET-08901,consent_scope_mismatch
NET-08902,consent_scope_mismatch
NET-08903,consent_scope_mismatch
NET-08904,consent_scope_mismatch
NET-08905,consent_scope_mismatch
NET-08906,consent_scope_mismatch
NET-08907,consent_scope_mismatch
NET-08908,consent_scope_mismatch
NET-08909,consent_scope_mismatch
NET-08910,consent_scope_mismatch
NET-08911,consent_scope_mismatch
NET-08912,consent_scope_mismatch
NET-08913,consent_scope_mismatch
NET-08914,consent_scope_mismatch
NET-08915,consent_scope_mismatch
NET-08916,consent_scope_mismatch
NET-08917,consent_scope_mismatch
NET-08918,consent_scope_mismatch
NET-08919,consent_scope_mismatch
NET-08920,consent_scope_mismatch
NET-08921,device_session_mismatch
NET-08922,consent_scope_mismatch
NET-08923,device_session_mismatch
NET-08924,device_session_mismatch
NET-08925,consent_scope_mismatch
NET-08926,consent_scope_mismatch
NET-08927,consent_scope_mismatch
NET-08928,device_session_mismatch
NET-08929,consent_scope_mismatch
NET-08930,device_session_mismatch
NET-08931,consent_scope_mismatch
NET-08932,consent_scope_mismatch
NET-08933,consent_scope_mismatch
NET-08934,consent_scope_mismatch
NET-08935,device_session_mismatch
NET-08936,consent_scope_mismatch
NET-08937,consent_scope_mismatch
NET-08938,device_session_mismatch
NET-08939,device_session_mismatch
NET-08940,consent_scope_mismatch
NET-08941,consent_scope_mismatch
NET-08942,consent_scope_mismatch
NET-08943,device_session_mismatch
NET-08944,device_session_mismatch
NET-08945,consent_scope_mismatch
NET-08946,consent_scope_mismatch
NET-08947,consent_scope_mismatch
NET-08948,consent_scope_mismatch
NET-08949,consent_scope_mismatch
NET-08950,consent_scope_mismatch
NET-08951,consent_scope_mismatch
NET-08952,device_session_mismatch
NET-08953,consent_scope_mismatch
NET-08954,device_session_mismatch
NET-08955,consent_scope_mismatch
NET-08956,consent_scope_mismatch
NET-08957,consent_scope_mismatch
NET-08958,device_session_mismatch
NET-08959,consent_scope_mismatch
NET-08960,consent_scope_mismatch
NET-08961,consent_scope_mismatch
NET-08962,consent_scope_mismatch
NET-08963,consent_scope_mismatch
NET-08964,consent_scope_mismatch
NET-08965,device_session_mismatch
NET-08966,consent_scope_mismatch
NET-08967,device_session_mismatch
NET-08968,consent_scope_mismatch
NET-08969,consent_scope_mismatch
NET-08970,device_session_mismatch
NET-08971,consent_scope_mismatch
NET-08972,consent_scope_mismatch
NET-08973,consent_scope_mismatch
NET-08974,consent_scope_mismatch
NET-08975,consent_scope_mismatch
NET-08976,consent_scope_mismatch
NET-08977,consent_scope_mismatch
NET-08978,consent_scope_mismatch
NET-08979,consent_scope_mismatch
NET-08980,consent_scope_mismatch
NET-08981,consent_scope_mismatch
NET-08982,device_session_mismatch
NET-08983,consent_scope_mismatch
NET-08984,consent_scope_mismatch
NET-08985,consent_scope_mismatch
NET-08986,consent_scope_mismatch
NET-08987,consent_scope_mismatch
NET-08988,device_session_mismatch
NET-08989,consent_scope_mismatch
NET-08990,consent_scope_mismatch
NET-08991,consent_scope_mismatch
NET-08992,consent_scope_mismatch
NET-08993,device_session_mismatch
NET-08994,device_session_mismatch
NET-08995,consent_scope_mismatch
NET-08996,consent_scope_mismatch
NET-08997,consent_scope_mismatch
NET-08998,consent_scope_mismatch
NET-08999,consent_scope_mismatch
NET-09000,consent_scope_mismatch
NET-09001,consent_scope_mismatch
NET-09002,consent_scope_mismatch
NET-09003,consent_scope_mismatch
NET-09004,consent_scope_mismatch
NET-09005,consent_scope_mismatch
NET-09006,consent_scope_mismatch
NET-09007,consent_scope_mismatch
NET-09008,consent_scope_mismatch
NET-09009,consent_scope_mismatch
NET-09010,consent_scope_mismatch
NET-09011,consent_scope_mismatch
NET-09012,device_session_mismatch
NET-09013,consent_scope_mismatch
NET-09014,consent_scope_mismatch
NET-09015,device_session_mismatch
NET-09016,consent_scope_mismatch
NET-09017,consent_scope_mismatch
NET-09018,consent_scope_mismatch
NET-09019,consent_scope_mismatch
NET-09020,consent_scope_mismatch
NET-09021,consent_scope_mismatch
NET-09022,device_session_mismatch
NET-09023,consent_scope_mismatch
NET-09024,device_session_mismatch
NET-09025,device_session_mismatch
NET-09026,consent_scope_mismatch
NET-09027,consent_scope_mismatch
NET-09028,consent_scope_mismatch
NET-09029,consent_scope_mismatch
NET-09030,consent_scope_mismatch
NET-09031,consent_scope_mismatch
NET-09032,consent_scope_mismatch
NET-09033,consent_scope_mismatch
NET-09034,consent_scope_mismatch
NET-09035,consent_scope_mismatch
NET-09036,consent_scope_mismatch
NET-09037,consent_scope_mismatch
NET-09038,consent_scope_mismatch
NET-09039,consent_scope_mismatch
NET-09040,consent_scope_mismatch
NET-09041,consent_scope_mismatch
NET-09042,consent_scope_mismatch
NET-09043,consent_scope_mismatch
NET-09044,consent_scope_mismatch
NET-09045,consent_scope_mismatch
NET-09046,device_session_mismatch
NET-09047,consent_scope_mismatch
NET-09048,consent_scope_mismatch
NET-09049,consent_scope_mismatch
NET-09050,consent_scope_mismatch
NET-09051,consent_scope_mismatch
NET-09052,consent_scope_mismatch
NET-09053,consent_scope_mismatch
NET-09054,consent_scope_mismatch
NET-09055,consent_scope_mismatch
NET-09056,device_session_mismatch
NET-09057,consent_scope_mismatch
NET-09058,consent_scope_mismatch
NET-09059,consent_scope_mismatch
NET-09060,consent_scope_mismatch
NET-09061,device_session_mismatch
NET-09062,device_session_mismatch
NET-09063,device_session_mismatch
NET-09064,consent_scope_mismatch
NET-09065,consent_scope_mismatch
NET-09066,consent_scope_mismatch
NET-09067,consent_scope_mismatch
NET-09068,consent_scope_mismatch
NET-09069,consent_scope_mismatch
NET-09070,consent_scope_mismatch
NET-09071,consent_scope_mismatch
NET-09072,consent_scope_mismatch
NET-09073,device_session_mismatch
NET-09074,consent_scope_mismatch
NET-09075,consent_scope_mismatch
NET-09076,consent_scope_mismatch
NET-09077,consent_scope_mismatch
NET-09078,consent_scope_mismatch
NET-09079,device_session_mismatch
NET-09080,consent_scope_mismatch
NET-09081,consent_scope_mismatch
NET-09082,consent_scope_mismatch
NET-09083,consent_scope_mismatch
NET-09084,consent_scope_mismatch
NET-09085,consent_scope_mismatch
NET-09086,consent_scope_mismatch
NET-09087,consent_scope_mismatch
NET-09088,consent_scope_mismatch
NET-09089,consent_scope_mismatch
NET-09090,consent_scope_mismatch
NET-09091,consent_scope_mismatch
NET-09092,device_session_mismatch
NET-09093,consent_scope_mismatch
NET-09094,consent_scope_mismatch
NET-09095,consent_scope_mismatch
NET-09096,device_session_mismatch
NET-09097,consent_scope_mismatch
NET-09098,consent_scope_mismatch
NET-09099,device_session_mismatch
NET-09100,device_session_mismatch
NET-09101,consent_scope_mismatch
NET-09102,consent_scope_mismatch
NET-09103,consent_scope_mismatch
NET-09104,consent_scope_mismatch
NET-09105,device_session_mismatch
NET-09106,consent_scope_mismatch
NET-09107,device_session_mismatch
NET-09108,device_session_mismatch
NET-09109,consent_scope_mismatch
NET-09110,consent_scope_mismatch
NET-09111,consent_scope_mismatch
NET-09112,device_session_mismatch
NET-09113,consent_scope_mismatch
NET-09114,consent_scope_mismatch
NET-09115,device_session_mismatch
NET-09116,consent_scope_mismatch
NET-09117,consent_scope_mismatch
NET-09118,device_session_mismatch
NET-09119,consent_scope_mismatch
NET-09120,consent_scope_mismatch
NET-09121,device_session_mismatch
NET-09122,consent_scope_mismatch
NET-09123,device_session_mismatch
NET-09124,consent_scope_mismatch
NET-09125,consent_scope_mismatch
NET-09126,device_session_mismatch
NET-09127,consent_scope_mismatch
NET-09128,device_session_mismatch
NET-09129,device_session_mismatch
NET-09130,consent_scope_mismatch
NET-09131,consent_scope_mismatch
NET-09132,consent_scope_mismatch
NET-09133,consent_scope_mismatch
NET-09134,consent_scope_mismatch
NET-09135,consent_scope_mismatch
NET-09136,consent_scope_mismatch
NET-09137,consent_scope_mismatch
NET-09138,consent_scope_mismatch
NET-09139,consent_scope_mismatch
NET-09140,consent_scope_mismatch
NET-09141,device_session_mismatch
NET-09142,consent_scope_mismatch
NET-09143,consent_scope_mismatch
NET-09144,consent_scope_mismatch
NET-09145,consent_scope_mismatch
NET-09146,consent_scope_mismatch
NET-09147,consent_scope_mismatch
NET-09148,consent_scope_mismatch
NET-09149,device_session_mismatch
NET-09150,device_session_mismatch
NET-09151,consent_scope_mismatch
NET-09152,consent_scope_mismatch
NET-09153,consent_scope_mismatch
NET-09154,device_session_mismatch
NET-09155,device_session_mismatch
NET-09156,consent_scope_mismatch
NET-09157,consent_scope_mismatch
NET-09158,device_session_mismatch
NET-09159,consent_scope_mismatch
NET-09160,consent_scope_mismatch
NET-09161,consent_scope_mismatch
NET-09162,consent_scope_mismatch
NET-09163,consent_scope_mismatch
NET-09164,consent_scope_mismatch
NET-09165,device_session_mismatch
NET-09166,device_session_mismatch
NET-09167,consent_scope_mismatch
NET-09168,consent_scope_mismatch
NET-09169,device_session_mismatch
NET-09170,consent_scope_mismatch
NET-09171,consent_scope_mismatch
NET-09172,consent_scope_mismatch
NET-09173,consent_scope_mismatch
NET-09174,consent_scope_mismatch
NET-09175,consent_scope_mismatch
NET-09176,device_session_mismatch
NET-09177,device_session_mismatch
NET-09178,device_session_mismatch
NET-09179,consent_scope_mismatch
NET-09180,consent_scope_mismatch
NET-09181,consent_scope_mismatch
NET-09182,consent_scope_mismatch
NET-09183,consent_scope_mismatch
NET-09184,consent_scope_mismatch
NET-09185,consent_scope_mismatch
NET-09186,consent_scope_mismatch
NET-09187,consent_scope_mismatch
NET-09188,consent_scope_mismatch
NET-09189,consent_scope_mismatch
NET-09190,consent_scope_mismatch
NET-09191,consent_scope_mismatch
NET-09192,device_session_mismatch
NET-09193,consent_scope_mismatch
NET-09194,consent_scope_mismatch
NET-09195,consent_scope_mismatch
NET-09196,consent_scope_mismatch
NET-09197,consent_scope_mismatch
NET-09198,device_session_mismatch
NET-09199,device_session_mismatch
NET-09200,consent_scope_mismatch
NET-09201,consent_scope_mismatch
NET-09202,consent_scope_mismatch
NET-09203,consent_scope_mismatch
NET-09204,consent_scope_mismatch
NET-09205,device_session_mismatch
NET-09206,device_session_mismatch
NET-09207,consent_scope_mismatch
NET-09208,device_session_mismatch
NET-09209,consent_scope_mismatch
NET-09210,consent_scope_mismatch
NET-09211,consent_scope_mismatch
NET-09212,consent_scope_mismatch
NET-09213,consent_scope_mismatch
NET-09214,consent_scope_mismatch
NET-09215,consent_scope_mismatch
NET-09216,consent_scope_mismatch
NET-09217,consent_scope_mismatch
NET-09218,consent_scope_mismatch
NET-09219,consent_scope_mismatch
NET-09220,consent_scope_mismatch
NET-09221,consent_scope_mismatch
NET-09222,consent_scope_mismatch
NET-09223,device_session_mismatch
NET-09224,consent_scope_mismatch
NET-09225,device_session_mismatch
NET-09226,consent_scope_mismatch
NET-09227,consent_scope_mismatch
NET-09228,consent_scope_mismatch
NET-09229,consent_scope_mismatch
NET-09230,consent_scope_mismatch
NET-09231,consent_scope_mismatch
NET-09232,consent_scope_mismatch
NET-09233,consent_scope_mismatch
NET-09234,consent_scope_mismatch
NET-09235,device_session_mismatch
NET-09236,consent_scope_mismatch
NET-09237,consent_scope_mismatch
NET-09238,consent_scope_mismatch
NET-09239,consent_scope_mismatch
NET-09240,consent_scope_mismatch
NET-09241,consent_scope_mismatch
NET-09242,consent_scope_mismatch
NET-09243,consent_scope_mismatch
NET-09244,consent_scope_mismatch
NET-09245,consent_scope_mismatch
NET-09246,consent_scope_mismatch
NET-09247,consent_scope_mismatch
NET-09248,consent_scope_mismatch
NET-09249,consent_scope_mismatch
NET-09250,consent_scope_mismatch
NET-09251,device_session_mismatch
NET-09252,consent_scope_mismatch
NET-09253,consent_scope_mismatch
NET-09254,device_session_mismatch
NET-09255,consent_scope_mismatch
NET-09256,consent_scope_mismatch
NET-09257,consent_scope_mismatch
NET-09258,device_session_mismatch
NET-09259,consent_scope_mismatch
NET-09260,consent_scope_mismatch
NET-09261,consent_scope_mismatch
NET-09262,device_session_mismatch
NET-09263,consent_scope_mismatch
NET-09264,device_session_mismatch
NET-09265,device_session_mismatch
NET-09266,consent_scope_mismatch
NET-09267,device_session_mismatch
NET-09268,device_session_mismatch
NET-09269,device_session_mismatch
NET-09270,device_session_mismatch
NET-09271,consent_scope_mismatch
NET-09272,device_session_mismatch
NET-09273,consent_scope_mismatch
NET-09274,consent_scope_mismatch
NET-09275,device_session_mismatch
NET-09276,consent_scope_mismatch
NET-09277,device_session_mismatch
NET-09278,consent_scope_mismatch
NET-09279,device_session_mismatch
NET-09280,consent_scope_mismatch
NET-09281,consent_scope_mismatch
NET-09282,device_session_mismatch
NET-09283,device_session_mismatch
NET-09284,consent_scope_mismatch
NET-09285,consent_scope_mismatch
NET-09286,consent_scope_mismatch
NET-09287,consent_scope_mismatch
NET-09288,consent_scope_mismatch
NET-09289,consent_scope_mismatch
NET-09290,consent_scope_mismatch
NET-09291,consent_scope_mismatch
NET-09292,device_session_mismatch
NET-09293,device_session_mismatch
NET-09294,device_session_mismatch
NET-09295,device_session_mismatch
NET-09296,consent_scope_mismatch
NET-09297,consent_scope_mismatch
NET-09298,device_session_mismatch
NET-09299,consent_scope_mismatch
NET-09300,device_session_mismatch
NET-09301,consent_scope_mismatch
NET-09302,device_session_mismatch
NET-09303,device_session_mismatch
NET-09304,consent_scope_mismatch
NET-09305,consent_scope_mismatch
NET-09306,consent_scope_mismatch
NET-09307,device_session_mismatch
NET-09308,consent_scope_mismatch
NET-09309,consent_scope_mismatch
NET-09310,consent_scope_mismatch
NET-09311,device_session_mismatch
NET-09312,consent_scope_mismatch
NET-09313,consent_scope_mismatch
NET-09314,device_session_mismatch
NET-09315,consent_scope_mismatch
NET-09316,device_session_mismatch
NET-09317,device_session_mismatch
NET-09318,consent_scope_mismatch
NET-09319,consent_scope_mismatch
NET-09320,consent_scope_mismatch
NET-09321,consent_scope_mismatch
NET-09322,consent_scope_mismatch
NET-09323,device_session_mismatch
NET-09324,consent_scope_mismatch
NET-09325,consent_scope_mismatch
NET-09326,device_session_mismatch
NET-09327,device_session_mismatch
NET-09328,consent_scope_mismatch
NET-09329,device_session_mismatch
NET-09330,consent_scope_mismatch
NET-09331,consent_scope_mismatch
NET-09332,device_session_mismatch
NET-09333,device_session_mismatch
NET-09334,consent_scope_mismatch
NET-09335,device_session_mismatch
NET-09336,consent_scope_mismatch
NET-09337,consent_scope_mismatch
NET-09338,consent_scope_mismatch
NET-09339,consent_scope_mismatch
NET-09340,consent_scope_mismatch
NET-09341,consent_scope_mismatch
NET-09342,consent_scope_mismatch
NET-09343,consent_scope_mismatch
NET-09344,consent_scope_mismatch
NET-09345,consent_scope_mismatch
NET-09346,consent_scope_mismatch
NET-09347,device_session_mismatch
NET-09348,device_session_mismatch
NET-09349,consent_scope_mismatch
NET-09350,consent_scope_mismatch
NET-09351,device_session_mismatch
NET-09352,consent_scope_mismatch
NET-09353,consent_scope_mismatch
NET-09354,consent_scope_mismatch
NET-09355,consent_scope_mismatch
NET-09356,consent_scope_mismatch
NET-09357,consent_scope_mismatch
NET-09358,consent_scope_mismatch
NET-09359,consent_scope_mismatch
NET-09360,consent_scope_mismatch
NET-09361,consent_scope_mismatch
NET-09362,consent_scope_mismatch
NET-09363,consent_scope_mismatch
NET-09364,device_session_mismatch
NET-09365,consent_scope_mismatch
NET-09366,device_session_mismatch
NET-09367,consent_scope_mismatch
NET-09368,consent_scope_mismatch
NET-09369,consent_scope_mismatch
NET-09370,consent_scope_mismatch
NET-09371,consent_scope_mismatch
NET-09372,device_session_mismatch
NET-09373,consent_scope_mismatch
NET-09374,device_session_mismatch
NET-09375,consent_scope_mismatch
NET-09376,consent_scope_mismatch
NET-09377,consent_scope_mismatch
NET-09378,consent_scope_mismatch
NET-09379,device_session_mismatch
NET-09380,consent_scope_mismatch
NET-09381,consent_scope_mismatch
NET-09382,consent_scope_mismatch
NET-09383,device_session_mismatch
NET-09384,device_session_mismatch
NET-09385,consent_scope_mismatch
NET-09386,consent_scope_mismatch
NET-09387,consent_scope_mismatch
NET-09388,consent_scope_mismatch
NET-09389,consent_scope_mismatch
NET-09390,consent_scope_mismatch
NET-09391,consent_scope_mismatch
NET-09392,consent_scope_mismatch
NET-09393,device_session_mismatch
NET-09394,consent_scope_mismatch
NET-09395,consent_scope_mismatch
NET-09396,device_session_mismatch
NET-09397,consent_scope_mismatch
NET-09398,consent_scope_mismatch
NET-09399,consent_scope_mismatch
NET-09400,consent_scope_mismatch
NET-09401,consent_scope_mismatch
NET-09402,consent_scope_mismatch
NET-09403,consent_scope_mismatch
NET-09404,consent_scope_mismatch
NET-09405,device_session_mismatch
NET-09406,device_session_mismatch
NET-09407,consent_scope_mismatch
NET-09408,consent_scope_mismatch
NET-09409,consent_scope_mismatch
NET-09410,consent_scope_mismatch
NET-09411,consent_scope_mismatch
NET-09412,device_session_mismatch
NET-09413,consent_scope_mismatch
NET-09414,consent_scope_mismatch
NET-09415,consent_scope_mismatch
NET-09416,consent_scope_mismatch
NET-09417,consent_scope_mismatch
NET-09418,consent_scope_mismatch
NET-09419,consent_scope_mismatch
NET-09420,consent_scope_mismatch
NET-09421,consent_scope_mismatch
NET-09422,consent_scope_mismatch
NET-09423,device_session_mismatch
NET-09424,consent_scope_mismatch
NET-09425,consent_scope_mismatch
NET-09426,consent_scope_mismatch
NET-09427,consent_scope_mismatch
NET-09428,device_session_mismatch
NET-09429,consent_scope_mismatch
NET-09430,consent_scope_mismatch
NET-09431,consent_scope_mismatch
NET-09432,consent_scope_mismatch
NET-09433,consent_scope_mismatch
NET-09434,device_session_mismatch
NET-09435,device_session_mismatch
NET-09436,consent_scope_mismatch
NET-09437,consent_scope_mismatch
NET-09438,consent_scope_mismatch
NET-09439,consent_scope_mismatch
NET-09440,device_session_mismatch
NET-09441,consent_scope_mismatch
NET-09442,device_session_mismatch
NET-09443,consent_scope_mismatch
NET-09444,consent_scope_mismatch
NET-09445,consent_scope_mismatch
NET-09446,device_session_mismatch
NET-09447,consent_scope_mismatch
NET-09448,device_session_mismatch
NET-09449,consent_scope_mismatch
NET-09450,consent_scope_mismatch
NET-09451,consent_scope_mismatch
NET-09452,device_session_mismatch
NET-09453,device_session_mismatch
NET-09454,consent_scope_mismatch
NET-09455,device_session_mismatch
NET-09456,device_session_mismatch
NET-09457,consent_scope_mismatch
NET-09458,consent_scope_mismatch
NET-09459,consent_scope_mismatch
NET-09460,consent_scope_mismatch
NET-09461,device_session_mismatch
NET-09462,consent_scope_mismatch
NET-09463,device_session_mismatch
NET-09464,consent_scope_mismatch
NET-09465,consent_scope_mismatch
NET-09466,consent_scope_mismatch
NET-09467,device_session_mismatch
NET-09468,consent_scope_mismatch
NET-09469,consent_scope_mismatch
NET-09470,device_session_mismatch
NET-09471,consent_scope_mismatch
NET-09472,consent_scope_mismatch
NET-09473,consent_scope_mismatch
NET-09474,consent_scope_mismatch
NET-09475,consent_scope_mismatch
NET-09476,consent_scope_mismatch
NET-09477,consent_scope_mismatch
NET-09478,device_session_mismatch
NET-09479,consent_scope_mismatch
NET-09480,device_session_mismatch
NET-09481,consent_scope_mismatch
NET-09482,consent_scope_mismatch
NET-09483,device_session_mismatch
NET-09484,consent_scope_mismatch
NET-09485,consent_scope_mismatch
NET-09486,consent_scope_mismatch
NET-09487,consent_scope_mismatch
NET-09488,consent_scope_mismatch
NET-09489,consent_scope_mismatch
NET-09490,consent_scope_mismatch
NET-09491,consent_scope_mismatch
NET-09492,consent_scope_mismatch
NET-09493,consent_scope_mismatch
NET-09494,consent_scope_mismatch
NET-09495,consent_scope_mismatch
NET-09496,consent_scope_mismatch
NET-09497,consent_scope_mismatch
NET-09498,consent_scope_mismatch
NET-09499,device_session_mismatch
NET-09500,device_session_mismatch
NET-09501,consent_scope_mismatch
NET-09502,consent_scope_mismatch
NET-09503,consent_scope_mismatch
NET-09504,consent_scope_mismatch
NET-09505,consent_scope_mismatch
NET-09506,consent_scope_mismatch
NET-09507,consent_scope_mismatch
NET-09508,device_session_mismatch
NET-09509,consent_scope_mismatch
NET-09510,device_session_mismatch
NET-09511,consent_scope_mismatch
NET-09512,consent_scope_mismatch
NET-09513,device_session_mismatch
NET-09514,consent_scope_mismatch
NET-09515,consent_scope_mismatch
NET-09516,consent_scope_mismatch
NET-09517,consent_scope_mismatch
NET-09518,consent_scope_mismatch
NET-09519,device_session_mismatch
NET-09520,consent_scope_mismatch
NET-09521,consent_scope_mismatch
NET-09522,consent_scope_mismatch
NET-09523,consent_scope_mismatch
NET-09524,device_session_mismatch
NET-09525,consent_scope_mismatch
NET-09526,consent_scope_mismatch
NET-09527,consent_scope_mismatch
NET-09528,consent_scope_mismatch
NET-09529,device_session_mismatch
NET-09530,consent_scope_mismatch
NET-09531,consent_scope_mismatch
NET-09532,device_session_mismatch
NET-09533,consent_scope_mismatch
NET-09534,consent_scope_mismatch
NET-09535,consent_scope_mismatch
NET-09536,device_session_mismatch
NET-09537,consent_scope_mismatch
NET-09538,consent_scope_mismatch
NET-09539,device_session_mismatch
NET-09540,device_session_mismatch
NET-09541,consent_scope_mismatch
NET-09542,consent_scope_mismatch
NET-09543,consent_scope_mismatch
NET-09544,consent_scope_mismatch
NET-09545,device_session_mismatch
NET-09546,consent_scope_mismatch
NET-09547,device_session_mismatch
NET-09548,device_session_mismatch
NET-09549,consent_scope_mismatch
NET-09550,device_session_mismatch
NET-09551,consent_scope_mismatch
NET-09552,consent_scope_mismatch
NET-09553,consent_scope_mismatch
NET-09554,consent_scope_mismatch
NET-09555,consent_scope_mismatch
NET-09556,device_session_mismatch
NET-09557,consent_scope_mismatch
NET-09558,consent_scope_mismatch
NET-09559,consent_scope_mismatch
NET-09560,device_session_mismatch
NET-09561,device_session_mismatch
NET-09562,consent_scope_mismatch
NET-09563,consent_scope_mismatch
NET-09564,consent_scope_mismatch
NET-09565,consent_scope_mismatch
NET-09566,consent_scope_mismatch
NET-09567,consent_scope_mismatch
NET-09568,consent_scope_mismatch
NET-09569,consent_scope_mismatch
NET-09570,consent_scope_mismatch
NET-09571,device_session_mismatch
NET-09572,consent_scope_mismatch
NET-09573,device_session_mismatch
NET-09574,device_session_mismatch
NET-09575,consent_scope_mismatch
NET-09576,consent_scope_mismatch
NET-09577,consent_scope_mismatch
NET-09578,consent_scope_mismatch
NET-09579,consent_scope_mismatch
NET-09580,device_session_mismatch
NET-09581,consent_scope_mismatch
NET-09582,device_session_mismatch
NET-09583,device_session_mismatch
NET-09584,device_session_mismatch
NET-09585,consent_scope_mismatch
NET-09586,consent_scope_mismatch
NET-09587,consent_scope_mismatch
NET-09588,consent_scope_mismatch
NET-09589,consent_scope_mismatch
NET-09590,consent_scope_mismatch
NET-09591,consent_scope_mismatch
NET-09592,consent_scope_mismatch
NET-09593,device_session_mismatch
NET-09594,consent_scope_mismatch
NET-09595,consent_scope_mismatch
NET-09596,consent_scope_mismatch
NET-09597,consent_scope_mismatch
NET-09598,consent_scope_mismatch
NET-09599,device_session_mismatch
NET-09600,consent_scope_mismatch
NET-09601,consent_scope_mismatch
NET-09602,consent_scope_mismatch
NET-09603,consent_scope_mismatch
NET-09604,consent_scope_mismatch
NET-09605,device_session_mismatch
NET-09606,device_session_mismatch
NET-09607,consent_scope_mismatch
NET-09608,consent_scope_mismatch
NET-09609,consent_scope_mismatch
NET-09610,consent_scope_mismatch
NET-09611,consent_scope_mismatch
NET-09612,consent_scope_mismatch
NET-09613,consent_scope_mismatch
NET-09614,consent_scope_mismatch
NET-09615,device_session_mismatch
NET-09616,device_session_mismatch
NET-09617,device_session_mismatch
NET-09618,device_session_mismatch
NET-09619,consent_scope_mismatch
NET-09620,device_session_mismatch
NET-09621,device_session_mismatch
NET-09622,consent_scope_mismatch
NET-09623,consent_scope_mismatch
NET-09624,consent_scope_mismatch
NET-09625,device_session_mismatch
NET-09626,consent_scope_mismatch
NET-09627,consent_scope_mismatch
NET-09628,consent_scope_mismatch
NET-09629,consent_scope_mismatch
NET-09630,consent_scope_mismatch
NET-09631,consent_scope_mismatch
NET-09632,consent_scope_mismatch
NET-09633,consent_scope_mismatch
NET-09634,device_session_mismatch
NET-09635,device_session_mismatch
NET-09636,consent_scope_mismatch
NET-09637,consent_scope_mismatch
NET-09638,consent_scope_mismatch
NET-09639,device_session_mismatch
NET-09640,consent_scope_mismatch
NET-09641,consent_scope_mismatch
NET-09642,consent_scope_mismatch
NET-09643,device_session_mismatch
NET-09644,device_session_mismatch
NET-09645,consent_scope_mismatch
NET-09646,device_session_mismatch
NET-09647,consent_scope_mismatch
NET-09648,consent_scope_mismatch
NET-09649,consent_scope_mismatch
NET-09650,consent_scope_mismatch
NET-09651,consent_scope_mismatch
NET-09652,consent_scope_mismatch
NET-09653,consent_scope_mismatch
NET-09654,consent_scope_mismatch
NET-09655,consent_scope_mismatch
NET-09656,consent_scope_mismatch
NET-09657,device_session_mismatch
NET-09658,consent_scope_mismatch
NET-09659,device_session_mismatch
NET-09660,device_session_mismatch
NET-09661,consent_scope_mismatch
NET-09662,consent_scope_mismatch
NET-09663,device_session_mismatch
NET-09664,consent_scope_mismatch
NET-09665,consent_scope_mismatch
NET-09666,device_session_mismatch
NET-09667,consent_scope_mismatch
NET-09668,device_session_mismatch
NET-09669,consent_scope_mismatch
NET-09670,consent_scope_mismatch
NET-09671,consent_scope_mismatch
NET-09672,consent_scope_mismatch
NET-09673,consent_scope_mismatch
NET-09674,consent_scope_mismatch
NET-09675,consent_scope_mismatch
NET-09676,device_session_mismatch
NET-09677,consent_scope_mismatch
NET-09678,device_session_mismatch
NET-09679,consent_scope_mismatch
NET-09680,consent_scope_mismatch
NET-09681,consent_scope_mismatch
NET-09682,consent_scope_mismatch
NET-09683,device_session_mismatch
NET-09684,device_session_mismatch
NET-09685,consent_scope_mismatch
NET-09686,consent_scope_mismatch
NET-09687,device_session_mismatch
NET-09688,consent_scope_mismatch
NET-09689,consent_scope_mismatch
NET-09690,consent_scope_mismatch
NET-09691,device_session_mismatch
NET-09692,consent_scope_mismatch
NET-09693,consent_scope_mismatch
NET-09694,consent_scope_mismatch
NET-09695,consent_scope_mismatch
NET-09696,consent_scope_mismatch
NET-09697,consent_scope_mismatch
NET-09698,consent_scope_mismatch
NET-09699,consent_scope_mismatch
NET-09700,consent_scope_mismatch
NET-09701,consent_scope_mismatch
NET-09702,consent_scope_mismatch
NET-09703,consent_scope_mismatch
NET-09704,consent_scope_mismatch
NET-09705,device_session_mismatch
NET-09706,consent_scope_mismatch
NET-09707,consent_scope_mismatch
NET-09708,device_session_mismatch
NET-09709,consent_scope_mismatch
NET-09710,device_session_mismatch
NET-09711,consent_scope_mismatch
NET-09712,consent_scope_mismatch
NET-09713,device_session_mismatch
NET-09714,consent_scope_mismatch
NET-09715,consent_scope_mismatch
NET-09716,consent_scope_mismatch
NET-09717,consent_scope_mismatch
NET-09718,consent_scope_mismatch
NET-09719,device_session_mismatch
NET-09720,consent_scope_mismatch
NET-09721,device_session_mismatch
NET-09722,consent_scope_mismatch
NET-09723,consent_scope_mismatch
NET-09724,consent_scope_mismatch
NET-09725,consent_scope_mismatch
NET-09726,consent_scope_mismatch
NET-09727,consent_scope_mismatch
NET-09728,consent_scope_mismatch
NET-09729,consent_scope_mismatch
NET-09730,consent_scope_mismatch
NET-09731,consent_scope_mismatch
NET-09732,consent_scope_mismatch
NET-09733,consent_scope_mismatch
NET-09734,consent_scope_mismatch
NET-09735,device_session_mismatch
NET-09736,consent_scope_mismatch
NET-09737,consent_scope_mismatch
NET-09738,device_session_mismatch
NET-09739,consent_scope_mismatch
NET-09740,consent_scope_mismatch
NET-09741,consent_scope_mismatch
NET-09742,consent_scope_mismatch
NET-09743,device_session_mismatch
NET-09744,consent_scope_mismatch
NET-09745,consent_scope_mismatch
NET-09746,consent_scope_mismatch
NET-09747,consent_scope_mismatch
NET-09748,consent_scope_mismatch
NET-09749,device_session_mismatch
NET-09750,consent_scope_mismatch
NET-09751,consent_scope_mismatch
NET-09752,device_session_mismatch
NET-09753,consent_scope_mismatch
NET-09754,consent_scope_mismatch
NET-09755,consent_scope_mismatch
NET-09756,consent_scope_mismatch
NET-09757,consent_scope_mismatch
NET-09758,consent_scope_mismatch
NET-09759,consent_scope_mismatch
NET-09760,device_session_mismatch
NET-09761,device_session_mismatch
NET-09762,consent_scope_mismatch
NET-09763,consent_scope_mismatch
NET-09764,device_session_mismatch
NET-09765,consent_scope_mismatch
NET-09766,consent_scope_mismatch
NET-09767,consent_scope_mismatch
NET-09768,device_session_mismatch
NET-09769,consent_scope_mismatch
NET-09770,device_session_mismatch
NET-09771,device_session_mismatch
NET-09772,consent_scope_mismatch
NET-09773,device_session_mismatch
NET-09774,consent_scope_mismatch
NET-09775,consent_scope_mismatch
NET-09776,consent_scope_mismatch
NET-09777,consent_scope_mismatch
NET-09778,consent_scope_mismatch
NET-09780,device_session_mismatch
NET-09781,consent_scope_mismatch
NET-09782,consent_scope_mismatch
NET-09783,consent_scope_mismatch
NET-09784,consent_scope_mismatch
NET-09785,consent_scope_mismatch
NET-09786,device_session_mismatch
NET-09787,consent_scope_mismatch
NET-09788,consent_scope_mismatch
NET-09789,consent_scope_mismatch
NET-09790,consent_scope_mismatch
NET-09791,device_session_mismatch
NET-09792,device_session_mismatch
NET-09793,consent_scope_mismatch
NET-09794,consent_scope_mismatch
NET-09795,consent_scope_mismatch
NET-09796,device_session_mismatch
NET-09797,consent_scope_mismatch
NET-09798,consent_scope_mismatch
NET-09799,consent_scope_mismatch
NET-09800,consent_scope_mismatch
NET-09801,device_session_mismatch
NET-09802,device_session_mismatch
NET-09803,device_session_mismatch
NET-09804,consent_scope_mismatch
NET-09805,consent_scope_mismatch
NET-09806,consent_scope_mismatch
NET-09807,consent_scope_mismatch
NET-09808,consent_scope_mismatch
NET-09809,device_session_mismatch
NET-09810,device_session_mismatch
NET-09811,consent_scope_mismatch
NET-09812,consent_scope_mismatch
NET-09813,consent_scope_mismatch
NET-09814,device_session_mismatch
NET-09815,device_session_mismatch
NET-09816,device_session_mismatch
NET-09817,device_session_mismatch
NET-09818,consent_scope_mismatch
NET-09819,consent_scope_mismatch
NET-09820,device_session_mismatch
NET-09821,consent_scope_mismatch
NET-09822,consent_scope_mismatch
NET-09823,consent_scope_mismatch
NET-09824,consent_scope_mismatch
NET-09825,consent_scope_mismatch
NET-09826,consent_scope_mismatch
NET-09827,consent_scope_mismatch
NET-09828,device_session_mismatch
NET-09829,device_session_mismatch
NET-09830,consent_scope_mismatch
NET-09831,consent_scope_mismatch
NET-09832,consent_scope_mismatch
NET-09833,consent_scope_mismatch
NET-09834,consent_scope_mismatch
NET-09835,consent_scope_mismatch
NET-09836,consent_scope_mismatch
NET-09837,consent_scope_mismatch
NET-09838,consent_scope_mismatch
NET-09839,consent_scope_mismatch
NET-09840,device_session_mismatch
NET-09841,device_session_mismatch
NET-09842,consent_scope_mismatch
NET-09843,consent_scope_mismatch
NET-09844,consent_scope_mismatch
NET-09845,consent_scope_mismatch
NET-09846,consent_scope_mismatch
NET-09847,consent_scope_mismatch
NET-09848,consent_scope_mismatch
NET-09849,consent_scope_mismatch
NET-09850,consent_scope_mismatch
NET-09851,consent_scope_mismatch
NET-09852,consent_scope_mismatch
NET-09853,consent_scope_mismatch
NET-09854,device_session_mismatch
NET-09855,consent_scope_mismatch
NET-09856,consent_scope_mismatch
NET-09857,consent_scope_mismatch
NET-09858,consent_scope_mismatch
NET-09859,consent_scope_mismatch
NET-09860,consent_scope_mismatch
NET-09861,consent_scope_mismatch
NET-09862,consent_scope_mismatch
NET-09863,consent_scope_mismatch
NET-09864,consent_scope_mismatch
NET-09865,consent_scope_mismatch
NET-09866,consent_scope_mismatch
NET-09867,consent_scope_mismatch
NET-09868,consent_scope_mismatch
NET-09869,consent_scope_mismatch
NET-09870,consent_scope_mismatch
NET-09871,consent_scope_mismatch
NET-09872,consent_scope_mismatch
NET-09873,consent_scope_mismatch
NET-09874,consent_scope_mismatch
NET-09875,consent_scope_mismatch
NET-09876,consent_scope_mismatch
NET-09877,consent_scope_mismatch
NET-09878,consent_scope_mismatch
NET-09879,consent_scope_mismatch
NET-09880,consent_scope_mismatch
NET-09881,consent_scope_mismatch
NET-09882,consent_scope_mismatch
NET-09883,device_session_mismatch
NET-09884,consent_scope_mismatch
NET-09885,consent_scope_mismatch
NET-09886,consent_scope_mismatch
NET-09887,consent_scope_mismatch
NET-09888,consent_scope_mismatch
NET-09889,device_session_mismatch
NET-09890,consent_scope_mismatch
NET-09891,consent_scope_mismatch
NET-09892,consent_scope_mismatch
NET-09893,consent_scope_mismatch
NET-09894,consent_scope_mismatch
NET-09895,consent_scope_mismatch
NET-09896,consent_scope_mismatch
NET-09897,consent_scope_mismatch
NET-09898,consent_scope_mismatch
NET-09899,consent_scope_mismatch
NET-09900,consent_scope_mismatch
NET-09901,consent_scope_mismatch
NET-09902,consent_scope_mismatch
NET-09903,consent_scope_mismatch
NET-09904,consent_scope_mismatch
NET-09905,consent_scope_mismatch
NET-09906,consent_scope_mismatch
NET-09907,consent_scope_mismatch
NET-09908,consent_scope_mismatch
NET-09909,consent_scope_mismatch
NET-09910,consent_scope_mismatch
NET-09911,consent_scope_mismatch
NET-09912,consent_scope_mismatch
NET-09913,consent_scope_mismatch
NET-09914,consent_scope_mismatch
NET-09915,consent_scope_mismatch
NET-09916,consent_scope_mismatch
NET-09917,consent_scope_mismatch
NET-09918,device_session_mismatch
NET-09919,consent_scope_mismatch
NET-09920,consent_scope_mismatch
NET-09921,consent_scope_mismatch
NET-09922,consent_scope_mismatch
NET-09923,consent_scope_mismatch
NET-09924,consent_scope_mismatch
NET-09925,consent_scope_mismatch
NET-09926,device_session_mismatch
NET-09927,consent_scope_mismatch
NET-09928,consent_scope_mismatch
NET-09929,consent_scope_mismatch
NET-09930,consent_scope_mismatch
NET-09931,consent_scope_mismatch
NET-09932,consent_scope_mismatch
NET-09933,device_session_mismatch
NET-09934,consent_scope_mismatch
NET-09935,consent_scope_mismatch
NET-09936,consent_scope_mismatch
NET-09937,consent_scope_mismatch
NET-09938,consent_scope_mismatch
NET-09939,device_session_mismatch
NET-09940,device_session_mismatch
NET-09941,consent_scope_mismatch
NET-09942,consent_scope_mismatch
NET-09943,consent_scope_mismatch
NET-09944,consent_scope_mismatch
NET-09945,consent_scope_mismatch
NET-09946,consent_scope_mismatch
NET-09947,consent_scope_mismatch
NET-09948,consent_scope_mismatch
NET-09949,device_session_mismatch
NET-09950,consent_scope_mismatch
NET-09951,consent_scope_mismatch
NET-09952,consent_scope_mismatch
NET-09953,device_session_mismatch
NET-09954,consent_scope_mismatch
NET-09955,consent_scope_mismatch
NET-09956,device_session_mismatch
NET-09957,consent_scope_mismatch
NET-09958,device_session_mismatch
NET-09959,device_session_mismatch
NET-09960,device_session_mismatch
NET-09961,consent_scope_mismatch
NET-09962,consent_scope_mismatch
NET-09963,consent_scope_mismatch
NET-09964,consent_scope_mismatch
NET-09965,device_session_mismatch
NET-09966,device_session_mismatch
NET-09967,consent_scope_mismatch
NET-09968,consent_scope_mismatch
NET-09969,consent_scope_mismatch
NET-09970,consent_scope_mismatch
NET-09971,device_session_mismatch
NET-09972,consent_scope_mismatch
NET-09973,device_session_mismatch
NET-09974,consent_scope_mismatch
NET-09975,consent_scope_mismatch
NET-09976,consent_scope_mismatch
NET-09977,consent_scope_mismatch
NET-09978,device_session_mismatch
NET-09979,consent_scope_mismatch
NET-09980,consent_scope_mismatch
NET-09981,consent_scope_mismatch
NET-09982,consent_scope_mismatch
NET-09983,consent_scope_mismatch
NET-09984,consent_scope_mismatch
NET-09985,device_session_mismatch
NET-09986,consent_scope_mismatch
NET-09987,device_session_mismatch
NET-09988,device_session_mismatch
NET-09989,consent_scope_mismatch
NET-09990,device_session_mismatch
NET-09991,consent_scope_mismatch
NET-09992,consent_scope_mismatch
NET-09993,device_session_mismatch
NET-09994,consent_scope_mismatch
NET-09995,consent_scope_mismatch
NET-09996,device_session_mismatch
NET-09997,consent_scope_mismatch
NET-09998,device_session_mismatch
NET-09999,consent_scope_mismatch
